url,title,h1,content_bucket,status_code,indexability,word_count,meta_description_len,clicks,impressions,ctr,position,ref_domains,backlinks,in_live_sitemap,heuristic_action,confidence,priority,reason
https://coincu.com/0-5-nigeria-population-is-leveraging-enaira/,Less Than 0.5% Of Nigeria Population Is Leveraging eNaira,Less Than 0.5% Of Nigeria Population Is Leveraging eNaira,news,200,Indexable,2089,158,0,0,,,0,0,yes,delete,high,P1,no_signal
https://coincu.com/0-fee-crypto-payments-powered-by-a-neobank/,0% Fee Crypto Payments – Powered by a Neobank,0% Fee Crypto Payments – Powered by a Neobank,news,200,Indexable,2305,169,0,0,,,0,0,yes,delete,high,P1,no_signal
https://coincu.com/1-02-million-ether-been-withdrawn-shanghai/,1.02 Million Ether Has Been Withdrawn After Ethereum's Shanghai Hard Fork,1.02 Million Ether Has Been Withdrawn After Ethereum’s Shanghai Hard Fork,news,200,Indexable,2101,120,0,0,,,0,0,yes,delete,high,P1,no_signal
https://coincu.com/1-38-billion-lost-first-half-2024-crypto-hacks/,$1.38 Billion Lost in First Half 2024 Crypto Hacks: Report,$1.38 Billion Lost in First Half 2024 Crypto Hacks: Report,news,200,Indexable,2037,199,0,0,,,0,0,yes,delete,high,P1,no_signal
https://coincu.com/1-8-b-strk-tokens-distribution-plan-starknet/,1.8 Billion STRK Tokens Distribution Plan Revealed By Starknet Foundation,1.8 Billion STRK Tokens Distribution Plan Revealed By Starknet Foundation,news,200,Indexable,2077,238,0,0,,,0,0,yes,delete,high,P1,no_signal
https://coincu.com/1-95m-ldo-accumulated-3-whales/,About 1.95 Million LDO Accumulated By 3 Whales In The Last Week,About 1.95 Million LDO Accumulated By 3 Whales In The Last Week,news,200,Indexable,1997,157,0,0,,,0,0,yes,delete,high,P1,no_signal
https://coincu.com/1-billion-ada-vasil-closer-in-cardano/,1 Billion ADA Vasil Is Now Getting Closer In Cardano's Treasury,1 Billion ADA Vasil Is Now Getting Closer In Cardano’s Treasury,news,200,Indexable,2118,152,0,0,,,0,0,yes,delete,high,P1,no_signal
https://coincu.com/1-billion-nft-16-blockchains-unprecedented/,1 Billion NFT Assets Across 16 Blockchains: Unprecedented Growth Signals NFT Revolution,1 Billion NFT Assets Across 16 Blockchains: Unprecedented Growth Signals NFT Revolution,news,200,Indexable,1957,157,0,0,,,0,0,yes,delete,high,P1,no_signal
https://coincu.com/1-billion-people-will-use-cryptocurrencies/,1 Billion People Will Use Cryptocurrencies By 2030,1 Billion People Will Use Cryptocurrencies By 2030,news,200,Indexable,2006,156,0,0,,,0,0,yes,delete,high,P1,no_signal
https://coincu.com/1-euro-1usd-what-it-means-for-crypto/,"1 EURO = 1USD, What It Means for Crypto?","1 EURO = 1USD, What It Means for Crypto?",news,200,Indexable,2206,119,0,0,,,0,0,yes,delete,high,P1,no_signal
https://coincu.com/1-target-in-sight-blockdags-ceo-and-team-revealed-polkadot-and-maker-energize-the-market/,$1 Target in Sight: BlockDAG's CEO and Team Revealed; Polkadot and Maker Energize the Market,$1 Target in Sight: BlockDAG’s CEO and Team Revealed; Polkadot and Maker Energize the Market,news,200,Indexable,2344,222,0,0,,,0,0,yes,delete,high,P1,no_signal
https://coincu.com/10-crypto-incidents-in-last-week/,"10 Crypto Incidents In Last Week, Resulting In Nearly $20 Million Losses","10 Crypto Incidents In Last Week, Resulting In Nearly $20 Million Losses",news,200,Indexable,2151,151,0,0,,,0,0,yes,delete,high,P1,no_signal
https://coincu.com/10-million-matic-shifted-to-binance-through-gsr/,10 Million MATIC Shifted to Binance Through GSR Markets in 1 Hour!,10 Million MATIC Shifted to Binance Through GSR Markets in 1 Hour!,news,200,Indexable,2152,156,0,0,,,0,0,yes,delete,high,P1,no_signal
https://coincu.com/10-pudgy-penguins-sold-in-auction-sothebys/,10 Pudgy Penguins Have Been Sold In An Auction Held By Sotheby's,10 Pudgy Penguins Have Been Sold In An Auction Held By Sotheby’s,news,200,Indexable,1991,217,0,0,,,0,0,yes,delete,high,P1,no_signal
https://coincu.com/10-ways-to-make-money-online-for-beginners/,10 Ways to Make Money Online for Beginners in 2024,10 Ways to Make Money Online for Beginners in 2024,news,200,Indexable,3376,232,0,0,,,0,0,yes,delete,high,P1,no_signal
https://coincu.com/100-month-in-bitcoin-since-2015-would-have-turned-13700-into-632000-coinbird-analysis-shows/,"$100/Month in Bitcoin Since 2015 Would Have Turned $13,700 Into $632,000, Coinbird Analysis Shows","$100/Month in Bitcoin Since 2015 Would Have Turned $13,700 Into $632,000, Coinbird Analysis Shows",news,200,Indexable,2350,44,0,0,,,0,0,yes,delete,high,P1,no_signal
https://coincu.com/100-to-40k-with-qubetics-polkadot-nears-10-tezos-surges/,$100 Could Turn Into $40K with Qubetics – Secure the Best Crypto for Maximum Returns as Polkadot Nears $10 Resistance and Tezos Breaches Milestones,$100 Could Turn Into $40K with Qubetics – Secure the Best Crypto for Maximum Returns as Polkadot Nears $10 Resistance and Tezos Breaches Milestones,news,200,Indexable,2609,152,0,0,,,0,0,yes,delete,high,P1,no_signal
https://coincu.com/1000-crypto-victims-of-human-trafficking/,"Over 1000 ""Crypto Victims"" Of Human Trafficking Rescued",Over 1000 “Crypto Victims” Of Human Trafficking Rescued,news,200,Indexable,2205,146,0,0,,,0,0,yes,delete,high,P1,no_signal
https://coincu.com/1000-users-taiwan-victims-aax-losses-100m/,"The Victims Of AAX Taiwan Alone Are More Than 1000 People, Losses Amounted To $100 Million","The Victims Of AAX Taiwan Alone Are More Than 1000 People, Losses Amounted To $100 Million",news,200,Indexable,2325,203,0,0,,,0,0,yes,delete,high,P1,no_signal
https://coincu.com/100000-bitcoin-were-withdrawn-from-coinbase/,"100,000 Bitcoin Were Withdrawn From Coinbase","100,000 Bitcoin Were Withdrawn From Coinbase",news,200,Indexable,1943,181,0,0,,,0,0,yes,delete,high,P1,no_signal
https://coincu.com/100b-illegal-crypto-surge-stablecoins-exchanges/,"$100B Illegal Crypto Surge Hits Stablecoins, Exchanges!","$100B Illegal Crypto Surge Hits Stablecoins, Exchanges!",news,200,Indexable,2082,138,0,0,,,0,0,yes,delete,high,P1,no_signal
https://coincu.com/100x-potential-unlocked-discover-this-cheap-altcoin-with-massive-bullish-momentum/,💥 100x Potential Unlocked! Discover This Cheap Altcoin With Massive Bullish Momentum!,💥 100x Potential Unlocked! Discover This Cheap Altcoin With Massive Bullish Momentum!,news,200,Indexable,2681,121,0,0,,,0,0,yes,delete,high,P1,no_signal
https://coincu.com/1011-flash-crash-borrow-binance/,Insider Whale Moves $220 Million to Binance from Aave,Insider Whale Moves $220 Million to Binance from Aave,news,200,Indexable,2095,93,0,0,,,0,0,yes,delete,high,P1,no_signal
https://coincu.com/10b-eth-shorts-at-risk-if-price-pumps-10/,$10B ETH Shorts at Risk if Price Pumps 10%,$10B ETH Shorts at Risk if Price Pumps 10%,news,200,Indexable,2016,148,0,0,,,0,0,yes,delete,high,P1,no_signal
https://coincu.com/10x-research-ceo-warns-of-altcoin-bear-market/,10x Research CEO Warns of Altcoin Bear Market as Crypto Prices Plummet in 2024!,10x Research CEO Warns of Altcoin Bear Market as Crypto Prices Plummet in 2024!,news,200,Indexable,2105,186,0,0,,,0,0,yes,delete,high,P1,no_signal
https://coincu.com/10x-research-reveals-downfall-of-etf-investments/,10x Research Reveals Potential Downfall of ETF Investments!,10x Research Reveals Potential Downfall of ETF Investments!,news,200,Indexable,2174,164,0,0,,,0,0,yes,delete,high,P1,no_signal
https://coincu.com/11-anti-phishing-attack-plugins/,Inventory Of 11 Anti-Phishing Attack Plugins On The Crypto Market,Inventory Of 11 Anti-Phishing Attack Plugins On The Crypto Market,news,200,Indexable,3255,213,0,0,,,0,0,yes,delete,high,P1,no_signal
https://coincu.com/11-billion-worth-of-ethereum-was-stolen/,$11 Billion Worth Of Ethereum Was Stolen Transferred Between 153 CEXs: Solidus Report,$11 Billion Worth Of Ethereum Was Stolen Transferred Between 153 CEXs: Solidus Report,news,200,Indexable,2118,211,0,0,,,0,0,yes,delete,high,P1,no_signal
https://coincu.com/110-bayc-and-111-mayc-nfts-near-liquidation/,Urgent Alert: 110 BAYC and 111 MAYC NFTs Near Liquidation - Take Action Now!,Urgent Alert: 110 BAYC and 111 MAYC NFTs Near Liquidation – Take Action Now!,news,200,Indexable,2106,174,0,0,,,0,0,yes,delete,high,P1,no_signal
https://coincu.com/111000-ethereum-withdrawn-24h-shanghai/,"Over 111,000 Ethereum Were Withdrawn Within 24 Hours Since The Shanghai Upgrading","Over 111,000 Ethereum Were Withdrawn Within 24 Hours Since The Shanghai Upgrading",news,200,Indexable,2046,81,0,0,,,0,0,yes,delete,high,P1,no_signal
https://coincu.com/11b-short-squeeze-ahead/,$11B Short Squeeze Ahead?BTC Eyes Explosive Breakout,$11B Short Squeeze Ahead? BTC Eyes Explosive Breakout at $101K,news,200,Indexable,2161,120,0,0,,,0,0,yes,delete,high,P1,no_signal
https://coincu.com/12-leading-bitcoin-etfs-100000-btc/,"12 Leading Bitcoin ETFs Hold Over 100,000 BTC - A Glimpse Into Crypto's Bright Future","12 Leading Bitcoin ETFs Hold Over 100,000 BTC – A Glimpse Into Crypto’s Bright Future",news,200,Indexable,2036,73,0,0,,,0,0,yes,delete,high,P1,no_signal
https://coincu.com/12-year-old-rug-pulls-memecoin-quant/,"12-Year-Old Rug Pulls Memecoin QUANT, Community Retaliates","12-Year-Old Rug Pulls Memecoin QUANT, Community Retaliates",news,200,Indexable,2249,149,0,0,,,0,0,yes,delete,high,P1,no_signal
https://coincu.com/13-of-blockfi-executives-losing-800-million/,13 Of BlockFi's Executives Losing $800 Million Of Equity Due To FTX Crisis,13 Of BlockFi’s Executives Losing $800 Million Of Equity Due To FTX Crisis,news,200,Indexable,2163,277,0,0,,,0,0,yes,delete,high,P1,no_signal
https://coincu.com/130-ftx-related-firms-no-court-filing/,More than 130 FTX Related Firms No Court Filing,More than 130 FTX Related Firms No Court Filing,news,200,Indexable,1971,155,0,0,,,0,0,yes,delete,high,P1,no_signal
https://coincu.com/130-million-tusd-released-binance-a-week/,$130 Million TUSD Were Released By Binance In Less Than A Week,$130 Million TUSD Were Released By Binance In Less Than A Week,news,200,Indexable,2043,152,0,0,,,0,0,yes,delete,high,P1,no_signal
https://coincu.com/131-whales-flooded-into-the-ethereum/,131 Whales Flooded Into The Ethereum Network As The Price Rose.,131 Whales Flooded Into The Ethereum Network As The Price Rose.,news,200,Indexable,2114,101,0,0,,,0,0,yes,delete,high,P1,no_signal
https://coincu.com/140000000-busd-burnt-at-paxos-treasury/,"140,000,000 BUSD Burnt At Paxos Treasury; Is the BUSD Era Over?","140,000,000 BUSD Burnt At Paxos Treasury; Is the BUSD Era Over?",news,200,Indexable,2134,147,0,0,,,0,0,yes,delete,high,P1,no_signal
https://coincu.com/140m-crypto-clash-defiance-capital-and-3ac/,$140M Crypto Clash Between DeFiance Capital And 3AC Headed For Trial,$140M Crypto Clash Between DeFiance Capital And 3AC Headed For Trial,news,200,Indexable,2087,146,0,0,,,0,0,yes,delete,high,P1,no_signal
https://coincu.com/147-million-crypto-fund-exit-ends-inflow/,$147 Million Crypto Fund Exit Ends Three-Week Inflow Streak,$147 Million Crypto Fund Exit Ends Three-Week Inflow Streak,news,200,Indexable,2007,123,0,0,,,0,0,yes,delete,high,P1,no_signal
https://coincu.com/15-1b-bitcoin-and-ethereum-options-set-to-expire/,"$15.1B Bitcoin and Ethereum Options Set to Expire, Impact Uncertain!","$15.1B Bitcoin and Ethereum Options Set to Expire, Impact Uncertain!",news,200,Indexable,2131,70,0,0,,,0,0,yes,delete,high,P1,no_signal
https://coincu.com/150-million-liquidated-ethereum/,Over $150 Million Liquidated As Ethereum Price Soars To Monthly Highs,Over $150 Million Liquidated As Ethereum Price Soars To Monthly Highs,news,200,Indexable,2007,154,0,0,,,0,0,yes,delete,high,P1,no_signal
https://coincu.com/16-cambodian-crypto-exchanges-banned/,16 Cambodian Crypto Exchanges Banned From Website Access,16 Cambodian Crypto Exchanges Banned From Website Access,news,200,Indexable,2147,113,0,0,,,0,0,yes,delete,high,P1,no_signal
https://coincu.com/16-crypto-exchanges-afghanistan-closed/,16 Crypto Exchanges In Afghanistan Closed For 1 Week,16 Crypto Exchanges In Afghanistan Closed For 1 Week,news,200,Indexable,2102,198,0,0,,,0,0,yes,delete,high,P1,no_signal
https://coincu.com/165-million-is-the-number-uniswap-raised/,$165 Million Is The Number Uniswap Raised In Series B Funding Round,$165 Million Is The Number Uniswap Raised In Series B Funding Round,news,200,Indexable,1933,155,0,0,,,0,0,yes,delete,high,P1,no_signal
https://coincu.com/18-8-million-dogecoin-were-purchased-whale/,18.8 Million Dogecoin Were Purchased By Whale With 40 Million XRP,18.8 Million Dogecoin Were Purchased By Whale With 40 Million XRP,news,200,Indexable,2201,153,0,0,,,0,0,yes,delete,high,P1,no_signal
https://coincu.com/19-largest-banks-own-9-4-billion-in-crypto/,19 Largest Banks Worldwide Own €9.4 Billion In Cryptocurrency,19 Largest Banks Worldwide Own €9.4 Billion In Cryptocurrency,news,200,Indexable,2142,146,0,0,,,0,0,yes,delete,high,P1,no_signal
https://coincu.com/19-year-college-student-dropout-to-buy-bitcoin/,"19-year-old College Student Dropout To Buy Bitcoin, A Risky Move Or Smart Investment?","19-year-old College Student Dropout To Buy Bitcoin, A Risky Move Or Smart Investment?",news,200,Indexable,1998,122,0,0,,,0,0,yes,delete,high,P1,no_signal
https://coincu.com/190-million-solana-held-by-falconx/,$190 Million Solana Held By FalconX Raises Concerns Over Token Control,$190 Million Solana Held By FalconX Raises Concerns Over Token Control,news,200,Indexable,2139,157,0,0,,,0,0,yes,delete,high,P1,no_signal
https://coincu.com/190m-coins-released-daily-stage-2-squeezes-the-zkp-crypto-supply-will-you-get-in-before-the-next-cut/,190M Coins Released Daily: Stage 2 Squeezes the ZKP Crypto Supply; Will You Get In Before the Next Cut?,190M Coins Released Daily: Stage 2 Squeezes the ZKP Crypto Supply; Will You Get In Before the Next Cut?,news,200,Indexable,2399,165,0,0,,,0,0,yes,delete,high,P1,no_signal
https://coincu.com/1hr/,1hr,1hr,news,200,Indexable,2129,57,0,0,,,0,0,yes,delete,high,P1,no_signal
https://coincu.com/1inch-card-partners-with-mastercard-and-baanx/,1inch Card Partners with Mastercard and Baanx to Launch Web3 Debit Card!,1inch Card Partners with Mastercard and Baanx to Launch Web3 Debit Card!,news,200,Indexable,2174,188,0,0,,,0,0,yes,delete,high,P1,no_signal
https://coincu.com/1inch-launches-new-beta-version-of-web3-cloud-saas-platform/,1inch Launches New Beta Version Of Web3 Cloud SaaS Platform,1inch Launches New Beta Version Of Web3 Cloud SaaS Platform,news,200,Indexable,2292,153,0,0,,,0,0,yes,delete,high,P1,no_signal
https://coincu.com/1inch-network-token-drops/,1inch Network Token Drops More Than 35% After Recent Hype,1inch Network Token Drops More Than 35% After Recent Hype,news,200,Indexable,2202,132,0,0,,,0,0,yes,delete,high,P1,no_signal
https://coincu.com/1inch-networks-now-launches-its-services-on-base/,1Inch Networks Now Launches Its Services On Base,1Inch Networks Now Launches Its Services On Base,news,200,Indexable,2070,105,0,0,,,0,0,yes,delete,high,P1,no_signal
https://coincu.com/1inch-protest-against-tonado-cash-sanctions/,1inch Network Will Hold A Protest Against Tonado Cash Sanctions on Aug 20,1inch Network Will Hold A Protest Against Tonado Cash Sanctions on Aug 20,news,200,Indexable,2189,144,0,0,,,0,0,yes,delete,high,P1,no_signal
https://coincu.com/1inch-vulnerability-causes-5-million-in-damages/,1inch Vulnerability Causes More Than $5 Million in Damages,1inch Vulnerability Causes More Than $5 Million in Damages,news,200,Indexable,2215,107,0,0,,,0,0,yes,delete,high,P1,no_signal
https://coincu.com/1inch-warns-profanity-addresses/,1inch Warns Of Risks Associated With Profanity-Generated Ethereum Addresses,1inch Warns Of Risks Associated With Profanity-Generated Ethereum Addresses,news,200,Indexable,2080,156,0,0,,,0,0,yes,delete,high,P1,no_signal
https://coincu.com/1win-arranges-private-charter-flights-for-vip-clients-leaving-the-uae-amid-aviation-disruptions/,1win Arranges Private Charter Flights for VIP Clients Leaving the UAE Amid Aviation Disruptions,1win Arranges Private Charter Flights for VIP Clients Leaving the UAE Amid Aviation Disruptions,news,200,Indexable,2073,57,0,0,,,0,0,yes,delete,high,P1,no_signal
https://coincu.com/1win-crypto-tournaments-go-global-with-up-to-200k-usdt-in-rewards/,1win Crypto Tournaments Go Global With Up to 200K USDT in Rewards,1win Crypto Tournaments Go Global With Up to 200K USDT in Rewards,news,200,Indexable,2106,49,0,0,,,0,0,yes,delete,high,P1,no_signal
https://coincu.com/1xbit-stuns-football-enthusiasts-with-euro-tournament/,1xBit Stuns Football Enthusiasts with EURO Tournament,1xBit Stuns Football Enthusiasts with EURO Tournament,news,200,Indexable,2108,161,0,0,,,0,0,yes,delete,high,P1,no_signal
https://coincu.com/2-20-breakout-looms-xrp-holders-brace/,$2.20 Breakout Looms: XRP Holders Brace for a Critical Move,$2.20 Breakout Looms: XRP Holders Brace for a Critical Move,news,200,Indexable,2165,117,0,0,,,0,0,yes,delete,high,P1,no_signal
https://coincu.com/2-7-billion-spent-to-mint-nft/,$2.7 Billion Was Spent To Mint NFT In The First Half Of 2022,$2.7 Billion Was Spent To Mint NFT In The First Half Of 2022,news,200,Indexable,2027,126,0,0,,,0,0,yes,delete,high,P1,no_signal
https://coincu.com/2-8-million-in-bitcoins-were-frozen/,$2.8 Million In Bitcoins Were Frozen By India Related To Binance’s E-nuggets Case,$2.8 Million In Bitcoins Were Frozen By India Related To Binance’s E-nuggets Case,news,200,Indexable,1988,155,0,0,,,0,0,yes,delete,high,P1,no_signal
https://coincu.com/2-9b-cutsolana-eyes-faster-path-to-1-5/,$2.9B Cut? Solana Eyes Faster Path to 1.5% Inflation,$2.9B Cut? Solana Eyes Faster Path to 1.5% Inflation,news,200,Indexable,2077,127,0,0,,,0,0,yes,delete,high,P1,no_signal
https://coincu.com/2-addresses-controlling-ethereum/,There Are 2 Addresses Controlling More Than 45% Of Ethereum Transactions After The Merge,There Are 2 Addresses Controlling More Than 45% Of Ethereum Transactions After The Merge,news,200,Indexable,2057,124,0,0,,,0,0,yes,delete,high,P1,no_signal
https://coincu.com/2-eth-whales-collected-more-than-2-5m-matic/,2 ETH Whales Have Collected More Than $2.5 Million MATIC,2 ETH Whales Have Collected More Than $2.5 Million MATIC,news,200,Indexable,2001,152,0,0,,,0,0,yes,delete,high,P1,no_signal
https://coincu.com/2-more-central-banks-to-join-mbridge/,There Will Be 2 More Central Banks Negotiate To Join mBridge,There Will Be 2 More Central Banks Negotiate To Join mBridge,news,200,Indexable,2202,141,0,0,,,0,0,yes,delete,high,P1,no_signal
https://coincu.com/2-sec-lawyers-resigned-gross-abuse-of-power/,2 SEC Lawyers Resigned For Alleging Gross Abuse Of Power In Crypto Case,2 SEC Lawyers Resigned For Alleging Gross Abuse Of Power In Crypto Case,news,200,Indexable,2164,144,0,0,,,0,0,yes,delete,high,P1,no_signal
https://coincu.com/20-liquidity-drop-kraken-emerges-as-winner/,20% Liquidity Drop: Kraken Emerges as Winner While Coinbase and Binance Lag Behind,20% Liquidity Drop: Kraken Emerges as Winner While Coinbase and Binance Lag Behind,news,200,Indexable,2138,193,0,0,,,0,0,yes,delete,high,P1,no_signal
https://coincu.com/20-of-solana-nodes-are-gone-16-9-ethereum/,"Now That 20% Of Solana Nodes Are Gone, 16.9% Of Ethereum Is In Danger","Now That 20% Of Solana Nodes Are Gone, 16.9% Of Ethereum Is In Danger",news,200,Indexable,2097,155,0,0,,,0,0,yes,delete,high,P1,no_signal
https://coincu.com/200-million-is-liquidated-crypto-market/,Over $200 Million Is Liquidated By The Crypto Market,Over $200 Million Is Liquidated By The Crypto Market,news,200,Indexable,1999,122,0,0,,,0,0,yes,delete,high,P1,no_signal
https://coincu.com/200-million-usdt-transferred-to-binance/,200 Million USDT Transferred to Binance: What the Move Could Signal,200 Million USDT Transferred to Binance: What the Move Could Signal,news,200,Indexable,2524,164,0,0,,,0,0,yes,delete,high,P1,no_signal
https://coincu.com/2000-invested-in-ripple-xrp-once-made-over-200000-4-coins-under-1-that-can-pull-this-off-in-this-bull-run/,"$2,000 Invested in Ripple (XRP) Once Made Over $200,000: 4 Coins Under $1 That Can Pull This Off In This Bull Run","$2,000 Invested in Ripple (XRP) Once Made Over $200,000: 4 Coins Under $1 That Can Pull This Off In This Bull Run",news,200,Indexable,2596,127,0,0,,,0,0,yes,delete,high,P1,no_signal
https://coincu.com/2023-cryptocurrency-market-analysis/,2023 Cryptocurrency Rollercoaster: A Comprehensive Market Analysis on the Rise and Fall - Unveiling Insights for Investors,2023 Cryptocurrency Rollercoaster: A Comprehensive Market Analysis on the Rise and Fall – Unveiling Insights for Investors,news,200,Indexable,2848,161,0,0,,,0,0,yes,delete,high,P1,no_signal
https://coincu.com/2024-cex-report-spot-trading-explodes-139/,"2024 Cex Report Spot Trading Explodes 139%, Binance’s Power Diminishes, Bybit Soars","2024 Cex Report Spot Trading Explodes 139%, Binance’s Power Diminishes, Bybit Soars",news,200,Indexable,2115,150,0,0,,,0,0,yes,delete,high,P1,no_signal
https://coincu.com/2024-cryptocurrency-market-outlook/,2024 Cryptocurrency Market Outlook: Top 5 Emerging Themes To Watch Out,2024 Cryptocurrency Market Outlook: Top 5 Emerging Themes To Watch Out,news,200,Indexable,2593,297,0,0,,,0,0,yes,delete,high,P1,no_signal
https://coincu.com/2024s-millionaire-maker-altcoins-pawfury-sol-shib-op-compared/,2024’s Top Altcoins That Could Turn You into a Millionaire,2024’s Top Altcoins That Could Turn You into a Millionaire,news,200,Indexable,2389,207,0,0,,,0,0,yes,delete,high,P1,no_signal
https://coincu.com/2026-crypto-investor-relations-token-transparency-report/,2026 Crypto Investor Relations and Token Transparency Report,2026 Crypto Investor Relations and Token Transparency Report,news,200,Indexable,3076,166,0,0,,,0,0,yes,delete,high,P1,no_signal
https://coincu.com/21shares-actively-managed-etfs-to-be-liquidated/,21Shares Actively Managed ETFs to Be Liquidated Amid Market Volatility,21Shares Actively Managed ETFs to Be Liquidated Amid Market Volatility,news,200,Indexable,2159,131,0,0,,,0,0,yes,delete,high,P1,no_signal
https://coincu.com/21shares-adds-6-new-crypto-etps-to-nasdaq/,21Shares Adds 6 New Crypto ETPs to Nasdaq Stockholm,21Shares Adds 6 New Crypto ETPs to Nasdaq Stockholm,news,200,Indexable,2041,123,0,0,,,0,0,yes,delete,high,P1,no_signal
https://coincu.com/21shares-ainj-etp-will-offer-staking-rewards-inj/,21Shares AINJ ETP Will Offer Staking Rewards Of INJ,21Shares AINJ ETP Will Offer Staking Rewards Of INJ,news,200,Indexable,2105,167,0,0,,,0,0,yes,delete,high,P1,no_signal
https://coincu.com/21shares-bitcoin-backed-etp-listed-lse/,21Shares Bitcoin-backed ETP Is Now Listed on London Stock Exchange,21Shares Bitcoin-backed ETP Is Now Listed on London Stock Exchange,news,200,Indexable,2102,106,0,0,,,0,0,yes,delete,high,P1,no_signal
https://coincu.com/21shares-core-ethereum-etf-independently/,21Shares Core Ethereum ETF Now Operates Independently as Ark Invest Withdraws,21Shares Core Ethereum ETF Now Operates Independently as Ark Invest Withdraws,news,200,Indexable,2117,161,0,0,,,0,0,yes,delete,high,P1,no_signal
https://coincu.com/21shares-dogecoin-etf-rumor/,Rumored 21Shares Dogecoin ETF Lacks Official Confirmation,Rumored 21Shares Dogecoin ETF Lacks Official Confirmation,news,200,Indexable,2114,100,0,0,,,0,0,yes,delete,high,P1,no_signal
https://coincu.com/21shares-dogecoin-spot-etf-nasdaq/,21Shares Launches Dogecoin Spot ETF on Nasdaq,21Shares Launches Dogecoin Spot ETF on Nasdaq,news,200,Indexable,2128,100,0,0,,,0,0,yes,delete,high,P1,no_signal
https://coincu.com/21shares-eth-sol-etf-staking-proceeds-march-31/,21Shares to Distribute ETH and SOL ETF Staking Proceeds to Investors on March 31,21Shares to Distribute ETH and SOL ETF Staking Proceeds to Investors on March 31,news,200,Indexable,3083,166,0,0,,,0,0,yes,delete,high,P1,no_signal
https://coincu.com/21shares-ethereum-etf-integrates-chainlink/,21Shares Ethereum ETF Integrates Chainlink System to Enhance Transparency,21Shares Ethereum ETF Integrates Chainlink System to Enhance Transparency,news,200,Indexable,2141,150,0,0,,,0,0,yes,delete,high,P1,no_signal
https://coincu.com/21shares-feature-for-ethereum-core-staking-etp/,21Shares Unveils Exciting Staking Feature for Ethereum Core Staking ETP,21Shares Unveils Exciting Staking Feature for Ethereum Core Staking ETP,news,200,Indexable,2097,188,0,0,,,0,0,yes,delete,high,P1,no_signal
https://coincu.com/21shares-files-for-ondo-etf/,"21Shares Files for $ONDO ETF, Is This the Next Big Crypto?","21Shares Files for $ONDO ETF, Is This the Next Big Crypto?",news,200,Indexable,2022,120,0,0,,,0,0,yes,delete,high,P1,no_signal
https://coincu.com/21shares-files-s-1-with-sec-to-launch/,21Shares Files S-1 With SEC to Launch Hyperliquid ($HYPE) ETF,21Shares Files S-1 With SEC to Launch Hyperliquid ($HYPE) ETF,news,200,Indexable,2064,151,0,0,,,0,0,yes,delete,high,P1,no_signal
https://coincu.com/21shares-files-s1-ondo-etf-sec/,21Shares Files S-1 for ONDO ETF with U.S. SEC,21Shares Files S-1 for ONDO ETF with U.S. SEC,news,200,Indexable,2158,94,0,0,,,0,0,yes,delete,high,P1,no_signal
https://coincu.com/21shares-files-spot-solana-etf-spurring-market/,"21Shares Files For Spot Solana ETF, Spurring Market Excitement","21Shares Files For Spot Solana ETF, Spurring Market Excitement",news,200,Indexable,2075,136,0,0,,,0,0,yes,delete,high,P1,no_signal
https://coincu.com/21shares-launches-21btc-to-disrupt-the-wbtc/,21Shares Launches 21BTC to Disrupt the WBTC Market on Ethereum!,21Shares Launches 21BTC to Disrupt the WBTC Market on Ethereum!,news,200,Indexable,2170,77,0,0,,,0,0,yes,delete,high,P1,no_signal
https://coincu.com/21shares-launches-bitcoin-etp-middle-east/,21Shares Launches Bitcoin ETP In Middle East,21Shares Launches Bitcoin ETP In Middle East,news,200,Indexable,2115,156,0,0,,,0,0,yes,delete,high,P1,no_signal
https://coincu.com/21shares-launches-first-us-polkadot-etf/,21Shares Launches First US Polkadot ETF $TDOT on Nasdaq,21Shares Launches First US Polkadot ETF $TDOT on Nasdaq,news,200,Indexable,2093,117,0,0,,,0,0,yes,delete,high,P1,no_signal
https://coincu.com/21shares-launches-jitosol-staking-etp-on/,21Shares Launches JitoSOL Staking ETP on Euronext for European Investors,21Shares Launches JitoSOL Staking ETP on Euronext for European Investors,news,200,Indexable,2068,158,0,0,,,0,0,yes,delete,high,P1,no_signal
https://coincu.com/21shares-launches-tkns-actively-managed-crypto-etf/,"21Shares Launches TKNS, an Actively Managed Crypto ETF","21Shares Launches TKNS, an Actively Managed Crypto ETF",news,200,Indexable,2449,163,0,0,,,0,0,yes,delete,high,P1,no_signal
https://coincu.com/21shares-liquid-staking-on-lidodao/,21Shares Makes It Easy For Users To Access Liquid Staking On LidoDAO With New ETP,21Shares Makes It Easy For Users To Access Liquid Staking On LidoDAO With New ETP,news,200,Indexable,2253,47,0,0,,,0,0,yes,delete,high,P1,no_signal
https://coincu.com/21shares-parent-company-raises-25-million/,21Shares Parent Company Raises $25 Million At Valuation Of $2 Billion,21Shares Parent Company Raises $25 Million At Valuation Of $2 Billion,news,200,Indexable,2100,127,0,0,,,0,0,yes,delete,high,P1,no_signal
https://coincu.com/21shares-polkadot-etf-new-filing/,Nasdaq Seeks SEC Approval for 21Shares Polkadot ETF With New Filing,Nasdaq Seeks SEC Approval for 21Shares Polkadot ETF With New Filing,news,200,Indexable,2396,148,0,0,,,0,0,yes,delete,high,P1,no_signal
https://coincu.com/21shares-polkadot-trust-moving-forward-with-sec/,21Shares Polkadot Trust Moving Forward With SEC,21Shares Polkadot Trust Moving Forward With SEC,news,200,Indexable,2022,151,0,0,,,0,0,yes,delete,high,P1,no_signal
https://coincu.com/21shares-registered-polkadot-trust-fund/,21Shares Registered Polkadot Trust Fund in Delaware,21Shares Registered Polkadot Trust Fund in Delaware,news,200,Indexable,2059,143,0,0,,,0,0,yes,delete,high,P1,no_signal
https://coincu.com/21shares-shut-down-6-crypto-etps/,21Shares To Shut Down 6 Crypto ETPs Due To Low Investor Demand,21Shares To Shut Down 6 Crypto ETPs Due To Low Investor Demand,news,200,Indexable,2141,67,0,0,,,0,0,yes,delete,high,P1,no_signal
https://coincu.com/21shares-spot-ethereum-etf-management-fee-0-21/,21Shares Spot Ethereum ETF Management Fee Slashed to Just 0.21%!,21Shares Spot Ethereum ETF Management Fee Slashed to Just 0.21%!,news,200,Indexable,2191,143,0,0,,,0,0,yes,delete,high,P1,no_signal
https://coincu.com/21shares-spot-solana-etf-launch/,21Shares Launches Spot Solana ETF Amid Market Instability,21Shares Launches Spot Solana ETF Amid Market Instability,news,200,Indexable,2135,109,0,0,,,0,0,yes,delete,high,P1,no_signal
https://coincu.com/21shares-toncoin-staking-etp-launched/,21Shares Toncoin Staking ETP Launched To Enhance Earning Rewards For Investors,21Shares Toncoin Staking ETP Launched To Enhance Earning Rewards For Investors,news,200,Indexable,2103,130,0,0,,,0,0,yes,delete,high,P1,no_signal
https://coincu.com/21shares-unveiled-etp/,21Shares Unveiled World’s First ETP Offering Exposure For Stacks,21Shares Unveiled World’s First ETP Offering Exposure For Stacks,press_release_like,200,Indexable,2168,146,0,0,,,0,0,yes,delete,high,P1,event_pr_signal
https://coincu.com/21x-us-market-blockchain-exchange/,21X Enters US Market with Blockchain Exchange,21X Enters US Market with Blockchain Exchange,news,200,Indexable,2208,133,0,0,,,0,0,yes,delete,high,P1,no_signal
https://coincu.com/23-of-total-assets-of-gdac-leaked/,23% Of The Total Assets Of GDAC Leaked Due To Hacking,23% Of The Total Assets Of GDAC Leaked Due To Hacking,news,200,Indexable,2152,138,0,0,,,0,0,yes,delete,high,P1,no_signal
https://coincu.com/235-million-wazirx-exchange-exploit/,$235 Million WazirX Exchange Exploit Believed to Be Masterminded by North Korean Hackers,$235 Million WazirX Exchange Exploit Believed to Be Masterminded by North Korean Hackers,news,200,Indexable,2150,105,0,0,,,0,0,yes,delete,high,P1,no_signal
https://coincu.com/243000-bsv-investors-file-class-action/,"243,000 BSV Investors File Class Action Against Four Exchanges For £9.9 Billion","243,000 BSV Investors File Class Action Against Four Exchanges For £9.9 Billion",news,200,Indexable,2143,140,0,0,,,0,0,yes,delete,high,P1,no_signal
https://coincu.com/24hr/,24hr,24hr,news,200,Indexable,2013,59,0,0,,,0,0,yes,delete,high,P1,no_signal
https://coincu.com/25-78-of-wormhole-token-supply/,25.78% of Wormhole Token Supply Will Be In Circulation After Latest Unlock,25.78% of Wormhole Token Supply Will Be In Circulation After Latest Unlock,news,200,Indexable,2132,97,0,0,,,0,0,yes,delete,high,P1,no_signal
https://coincu.com/25-million-japan-give-away-shib-tokens/,The Exchange Of 2.5 Million Users In Japan Will Give Away SHIB Tokens To Customers,The Exchange Of 2.5 Million Users In Japan Will Give Away SHIB Tokens To Customers,news,200,Indexable,1887,108,0,0,,,0,0,yes,delete,high,P1,no_signal
https://coincu.com/25-of-terawulf-stakes-in-bitcoin-mine-sold/,25% of Terawulf Stakes in Bitcoin Mine Sold to Boost AI Development,25% of Terawulf Stakes in Bitcoin Mine Sold to Boost AI Development,news,200,Indexable,2157,140,0,0,,,0,0,yes,delete,high,P1,no_signal
https://coincu.com/26000-bitcoins-800-million-from-coinbase/,"A Whale Withdraws 26,000 Bitcoins, Worth $800 Million From Coinbase","A Whale Withdraws 26,000 Bitcoins, Worth $800 Million From Coinbase",news,200,Indexable,2093,144,0,0,,,0,0,yes,delete,high,P1,no_signal
https://coincu.com/26k-bitcoin-options-with-max-pain-at-27k-experts/,"26K Bitcoin Options With Max Pain At $27K, Experts Predict Bullish Future","26K Bitcoin Options With Max Pain At $27K, Experts Predict Bullish Future",news,200,Indexable,2052,146,0,0,,,0,0,yes,delete,high,P1,no_signal
https://coincu.com/28-9-eth-pledge-rate-over-15-3-locked-for-years/,"28.9% ETH Pledge Rate, Over 15.3% Locked for Years","28.9% ETH Pledge Rate, Over 15.3% Locked for Years",news,200,Indexable,2071,94,0,0,,,0,0,yes,delete,high,P1,no_signal
https://coincu.com/292m-crv-faces-liquidation-risk-at-0-4/,292 Million CRV Faces Liquidation Risk At Around $0.4: Report,292 Million CRV Faces Liquidation Risk At Around $0.4: Report,news,200,Indexable,2113,138,0,0,,,0,0,yes,delete,high,P1,no_signal
https://coincu.com/2m-solana-liquidation-couldnt-completed/,$2 Million Solana Liquidation on Mango Couldn't Be Completed Due to Network Outage,$2 Million Solana Liquidation on Mango Couldn’t Be Completed Due to Network Outage,news,200,Indexable,2005,265,0,0,,,0,0,yes,delete,high,P1,no_signal
https://coincu.com/2nd-edition-fintech-revolution-summit-2023/,2nd Edition Fintech Revolution Summit 2023 - Vietnam,2nd Edition Fintech Revolution Summit 2023 – Vietnam,press_release_like,200,Indexable,2244,226,0,0,,,0,0,yes,delete,high,P1,event_pr_signal
https://coincu.com/2tm-mercado-bitcoin-exchange-fired/,2TM The Owner Of Mercado Bitcoin Exchange In Brazil Is Fired For The 2nd Time,2TM The Owner Of Mercado Bitcoin Exchange In Brazil Is Fired For The 2nd Time,news,200,Indexable,2059,157,0,0,,,0,0,yes,delete,high,P1,no_signal
https://coincu.com/3-1-trillion-shiba-inu-voyager-binance/,3.1 Trillion Shiba Inu Will Be Transferred By Voyager Digital To Binance.US,3.1 Trillion Shiba Inu Will Be Transferred By Voyager Digital To Binance.US,news,200,Indexable,2098,93,0,0,,,0,0,yes,delete,high,P1,no_signal
https://coincu.com/3-57b-xrp-on-binance-liquidity-boom-or/,3.57B XRP on Binance: Liquidity Boom or Investor Risk?,3.57B XRP on Binance: Liquidity Boom or Investor Risk?,news,200,Indexable,2088,166,0,0,,,0,0,yes,delete,high,P1,no_signal
https://coincu.com/3-altcoins-to-watch-like-a-hawk-as-2025-starts/,3 Altcoins to Watch Like a Hawk as 2025 Starts,3 Altcoins to Watch Like a Hawk as 2025 Starts,news,200,Indexable,2507,205,0,0,,,0,0,yes,delete,high,P1,no_signal
https://coincu.com/3-billion-worth-of-bitcoin-options-to-expire/,$3 Billion Worth Of Bitcoin Options To Expire On October 27th,$3 Billion Worth Of Bitcoin Options To Expire On October 27th,news,200,Indexable,2089,234,0,0,,,0,0,yes,delete,high,P1,no_signal
https://coincu.com/3-brilliant-ways-to-profit-cryptocurrencies/,3 Brilliant Ways To Profit From Cryptocurrencies,3 Brilliant Ways To Profit From Cryptocurrencies,news,200,Indexable,2782,86,0,0,,,0,0,yes,delete,high,P1,no_signal
https://coincu.com/3-celsius-ceos-pocketed-17m-bankruptcy/,3 Celsius CEOs Pocketed $17 Million Before The Company's Bankruptcy,3 Celsius CEOs Pocketed $17 Million Before The Company’s Bankruptcy,news,200,Indexable,2106,253,0,0,,,0,0,yes,delete,high,P1,no_signal
https://coincu.com/3-cloud-providers-2-3-ethereum-nodes/,3 Cloud Providers Account For More Than 2/3 Of Ethereum Nodes,3 Cloud Providers Account For More Than 2/3 Of Ethereum Nodes,news,200,Indexable,2009,156,0,0,,,0,0,yes,delete,high,P1,no_signal
https://coincu.com/3-cryptos-with-massive-room-for-growth-near-agix-and-the-underdog-floppypepe/,"3 Cryptos With Massive Room For Growth: NEAR, AGIX, And The Underdog FloppyPepe","3 Cryptos With Massive Room For Growth: NEAR, AGIX, And The Underdog FloppyPepe",news,200,Indexable,2414,127,0,0,,,0,0,yes,delete,high,P1,no_signal
https://coincu.com/3-macro-events-affected-crypto/,The Crypto Sector In July Will Be Affected By These 3 Macro Events,The Crypto Sector In July Will Be Affected By These 3 Macro Events,news,200,Indexable,2621,158,0,0,,,0,0,yes,delete,high,P1,no_signal
https://coincu.com/3-notable-crypto-market-news/,3 Notable Crypto Market News In The 2nd Week Of April,3 Notable Crypto Market News In The 2nd Week Of April,news,200,Indexable,2212,111,0,0,,,0,0,yes,delete,high,P1,no_signal
https://coincu.com/3-penny-tokens-for-a-3900-return-in-the-next-6-weeks/,3 Penny Tokens for a 3900% Return in the Next 6 Weeks,3 Penny Tokens for a 3900% Return in the Next 6 Weeks,news,200,Indexable,2551,97,0,0,,,0,0,yes,delete,high,P1,no_signal
https://coincu.com/3-reasons-dogecoin-alternative-rexas-finance/,3 Reasons Dogecoin Alternative Rexas Finance (RXS) is Emerging as a Top Bet Among Smart Investors in 2025,3 Reasons Dogecoin Alternative Rexas Finance (RXS) is Emerging as a Top Bet Among Smart Investors in 2025,news,200,Indexable,2496,504,0,0,,,0,0,yes,delete,high,P1,no_signal
https://coincu.com/3-silvergate-ceos-simultaneously-left/,3 Silvergate CEOs Simultaneously Left After The Company Stopped Working,3 Silvergate CEOs Simultaneously Left After The Company Stopped Working,news,200,Indexable,2026,138,0,0,,,0,0,yes,delete,high,P1,no_signal
https://coincu.com/3-silvergate-investor-lawsuits/,3 Silvergate Investor Lawsuits Combined Against FTX,3 Silvergate Investor Lawsuits Combined Against FTX,news,200,Indexable,2229,141,0,0,,,0,0,yes,delete,high,P1,no_signal
https://coincu.com/30-50x-meme-coin-list/,30-50X Meme Coin List! (That Potentially Work),30-50X Meme Coin List! (That Potentially Work),news,200,Indexable,3746,112,0,0,,,0,0,yes,delete,high,P1,no_signal
https://coincu.com/30-bil-nft-trading-volume-from-wash-trading/,More Than 30 Billion US Dollars Of NFT Trading Volume Comes From Wash Trading,More Than 30 Billion US Dollars Of NFT Trading Volume Comes From Wash Trading,news,200,Indexable,1906,158,0,0,,,0,0,yes,delete,high,P1,no_signal
https://coincu.com/30-million-usdt-transfer-binance-detected-on-chain/,30 Million USDT Transfer to Binance Detected On-Chain: What It May Signal,30 Million USDT Transfer to Binance Detected On-Chain: What It May Signal,news,200,Indexable,2502,172,0,0,,,0,0,yes,delete,high,P1,no_signal
https://coincu.com/3000-nfts-notorious-big-sold-out-10-minutes/,3000 NFTs Inspired by Notorious B.I.G Sold Out In 10 Minutes,3000 NFTs Inspired by Notorious B.I.G Sold Out In 10 Minutes,news,200,Indexable,1856,155,0,0,,,0,0,yes,delete,high,P1,no_signal
https://coincu.com/30d/,30d,30d,news,200,Indexable,1927,54,0,0,,,0,0,yes,delete,high,P1,no_signal
https://coincu.com/320m-xrp-bought-by-whales-massive-move/,320M XRP Bought by Whales—Massive Move Ahead?,320M XRP Bought by Whales—Massive Move Ahead?,news,200,Indexable,2206,90,0,0,,,0,0,yes,delete,high,P1,no_signal
https://coincu.com/332000-users-made-nft-traded-on-polygon/,"More Than 332,000 Users Made NFT Traded On Polygon In The Previous Week","More Than 332,000 Users Made NFT Traded On Polygon In The Previous Week",news,200,Indexable,2039,155,0,0,,,0,0,yes,delete,high,P1,no_signal
https://coincu.com/35-projects-enter-bnb-chain-accelerator-program/,35 Projects Enter BNB Chain Accelerator Program for Web3 Growth,35 Projects Enter BNB Chain Accelerator Program for Web3 Growth,news,200,Indexable,2651,173,0,0,,,0,0,yes,delete,high,P1,no_signal
https://coincu.com/365-days-bitcoin-halving-the-block-reward/,365 Days To Bitcoin Halving: The Block Reward Will Be Reduced To 3.125 BTC,365 Days To Bitcoin Halving: The Block Reward Will Be Reduced To 3.125 BTC,news,200,Indexable,2145,180,0,0,,,0,0,yes,delete,high,P1,no_signal
https://coincu.com/38m-chz-compensated-individual-users-on-ftx/,38 Million CHZ Will Be Compensated For Individual Users On FTX,38 Million CHZ Will Be Compensated For Individual Users On FTX,news,200,Indexable,1868,158,0,0,,,0,0,yes,delete,high,P1,no_signal
https://coincu.com/39000-in-gas-fees-for-ethereum-transaction/,"Has Anyone Recently Paid More Than $39,000 In Gas Fees For Ethereum Transaction?","Has Anyone Recently Paid More Than $39,000 In Gas Fees For Ethereum Transaction?",news,200,Indexable,2248,128,0,0,,,0,0,yes,delete,high,P1,no_signal
https://coincu.com/3ac-co-founder-su-zhu-jailed-on-straw-mats/,"3AC Co-founder Su Zhu Jailed In Singapore, Sleeping On Straw Mats","3AC Co-founder Su Zhu Jailed In Singapore, Sleeping On Straw Mats",news,200,Indexable,2010,138,0,0,,,0,0,yes,delete,high,P1,no_signal
https://coincu.com/3ac-co-founders-assets-frozen/,3AC Co-founders Assets Worth Up To $1.144 Billion Frozen,3AC Co-founders Assets Worth Up To $1.144 Billion Frozen,news,200,Indexable,2077,129,0,0,,,0,0,yes,delete,high,P1,no_signal
https://coincu.com/3ac-founder-su-zhu-suspected-released/,3AC Founder Su Zhu Is Suspected To Have Been Released From Prison,3AC Founder Su Zhu Is Suspected To Have Been Released From Prison,news,200,Indexable,2101,137,0,0,,,0,0,yes,delete,high,P1,no_signal
https://coincu.com/3ac-founders-are-raising-new-project/,"Breaking: 3AC Founders Are Raising $25 Million Funding For New Project ""GTX""",Breaking: 3AC Founders Are Raising $25 Million Funding For New Project “GTX”,news,200,Indexable,2227,260,0,0,,,0,0,yes,delete,high,P1,no_signal
https://coincu.com/3ac-founders-opnx-announces-celsius-claims-trading-now-live/,3AC Founder's OPNX Announces Celsius Claims Trading Now Live,3AC Founder’s OPNX Announces Celsius Claims Trading Now Live,news,200,Indexable,2254,43,0,0,,,0,0,yes,delete,high,P1,no_signal
https://coincu.com/3ac-founders-roll-out-new-exchange-bankrupt/,3AC Founders Roll Out New Exchange For Bankrupt Claims Trading And Derivatives,3AC Founders Roll Out New Exchange For Bankrupt Claims Trading And Derivatives,news,200,Indexable,2178,286,0,0,,,0,0,yes,delete,high,P1,no_signal
https://coincu.com/3ac-kyle-davies-ftx-caused-the-downfall/,"3AC Co-founder Kyle Davies: FTX Caused The Downfall, Not Luna","3AC Co-founder Kyle Davies: FTX Caused The Downfall, Not Luna",news,200,Indexable,2099,152,0,0,,,0,0,yes,delete,high,P1,no_signal
https://coincu.com/3ac-kyle-davies-no-need-to-answer-us-courts/,"3AC Co-Founder Kyle Davies Has Abandoned US Citizenship, No Need To Answer US Courts","3AC Co-Founder Kyle Davies Has Abandoned US Citizenship, No Need To Answer US Courts",news,200,Indexable,2105,150,0,0,,,0,0,yes,delete,high,P1,no_signal
https://coincu.com/3ac-liquidator-holds-75m-wld-valued-at-550m/,"3AC Liquidator Holds 75M WLD, Valued at $550M, Top Asset Amid Inactivity!","3AC Liquidator Holds 75M WLD, Valued at $550M, Top Asset Amid Inactivity!",news,200,Indexable,2161,203,0,0,,,0,0,yes,delete,high,P1,no_signal
https://coincu.com/3ac-liquidators-are-chasing-1-3-billion/,3AC Liquidators Are Chasing $1.3 Billion From Su Zhu And Kyle Davies,3AC Liquidators Are Chasing $1.3 Billion From Su Zhu And Kyle Davies,news,200,Indexable,2258,129,0,0,,,0,0,yes,delete,high,P1,no_signal
https://coincu.com/3ac-liquidators-recover-1-2-billion-dcg-blockfi/,3AC Liquidators Can Recover About $1.2 Billion From DCG And BlockFi,3AC Liquidators Can Recover About $1.2 Billion From DCG And BlockFi,news,200,Indexable,2090,142,0,0,,,0,0,yes,delete,high,P1,no_signal
https://coincu.com/3ac-shadow-bank-crypto-worst-failure/,"3AC Founder: Traditional Ideas Like ""Shadow Banking"" Is The Crypto Market's Worst Failure",3AC Founder: Traditional Ideas Like “Shadow Banking” Is The Crypto Market’s Worst Failure,news,200,Indexable,2129,179,0,0,,,0,0,yes,delete,high,P1,no_signal
https://coincu.com/3ac-su-zhu-rebuttals/,3AC's Su Zhu Rebuttals Amid The Dispute $140M Fund Ownership With DeFiance Capital,3AC’s Su Zhu Rebuttals Amid The Dispute $140M Fund Ownership With DeFiance Capital,news,200,Indexable,2148,79,0,0,,,0,0,yes,delete,high,P1,no_signal
https://coincu.com/3ac-su-zhu-speaks-amid-ftxs-crisis/,3AC's Su Zhu Suddenly Speaks Out Amid FTX's Crisis,3AC’s Su Zhu Suddenly Speaks Out Amid FTX’s Crisis,news,200,Indexable,2106,153,0,0,,,0,0,yes,delete,high,P1,no_signal
https://coincu.com/3ac-wins-legal-battle-expands-ftx-claim-to-1-5b/,"3AC Wins Legal Battle, Expands FTX Claim to $1.5B","3AC Wins Legal Battle, Expands FTX Claim to $1.5B",news,200,Indexable,2334,160,0,0,,,0,0,yes,delete,high,P1,no_signal
https://coincu.com/3ac-withdraws-45m-from-curve-finance-convex/,Bankrupt Crypto Fund 3AC Withdraws $45M From Curve Finance And Convex,Bankrupt Crypto Fund 3AC Withdraws $45M From Curve Finance And Convex,news,200,Indexable,2218,156,0,0,,,0,0,yes,delete,high,P1,no_signal
https://coincu.com/3acfounders-are-run-because-of-life-threats/,Three Arrows Capital Founders Are On The Run Because Of Life Threats,Three Arrows Capital Founders Are On The Run Because Of Life Threats,news,200,Indexable,1888,154,0,0,,,0,0,yes,delete,high,P1,no_signal
https://coincu.com/3acs-kyle-davies-avoids-huge-fine/,3AC's Kyle Davies Avoids Huge Fine For Denying US Citizenship,3AC’s Kyle Davies Avoids Huge Fine For Denying US Citizenship,news,200,Indexable,2048,126,0,0,,,0,0,yes,delete,high,P1,no_signal
https://coincu.com/3acs-rare-nft-collection-revenue-2-4m/,3AC's Rare NFT Collection Successfully Auctions Revenue Is $2.4M,3AC’s Rare NFT Collection Successfully Auctions Revenue Is $2.4M,news,200,Indexable,2064,133,0,0,,,0,0,yes,delete,high,P1,no_signal
https://coincu.com/3commas-disputes-employees-stole-api-keys/,3Commas Disputes Staff Members Stole API Keys,3Commas Disputes Staff Members Stole API Keys,news,200,Indexable,2215,156,0,0,,,0,0,yes,delete,high,P1,no_signal
https://coincu.com/3commas-has-confirmed-the-api-leak/,3Commas Has Confirmed The API Leak,3Commas Has Confirmed The API Leak,news,200,Indexable,2165,156,0,0,,,0,0,yes,delete,high,P1,no_signal
https://coincu.com/3commas-related-ftx-api-keys-have-proven/,3Commas-Related FTX API Keys Have Been Proven To Have Been Exploited,3Commas-Related FTX API Keys Have Been Proven To Have Been Exploited,news,200,Indexable,2206,155,0,0,,,0,0,yes,delete,high,P1,no_signal
https://coincu.com/3iq-solana-etp-expected-in-canada/,3iQ Solana ETP Expected to Make its First Appearance in Canada,3iQ Solana ETP Expected to Make its First Appearance in Canada,news,200,Indexable,2119,103,0,0,,,0,0,yes,delete,high,P1,no_signal
https://coincu.com/4-06m-trb-to-binance-amid-25-price-drop/,Massive $4.06M TRB Transfer To Binance Amid 25% Price Drop: Analysis,Massive $4.06M TRB Transfer To Binance Amid 25% Price Drop: Analysis,news,200,Indexable,2067,184,0,0,,,0,0,yes,delete,high,P1,no_signal
https://coincu.com/4-2b-in-btc-eth-options-expire/,"$4.2B in BTC & ETH Options Expire Tomorrow, Volatility Ahead","$4.2B in BTC & ETH Options Expire Tomorrow, Volatility Ahead",news,200,Indexable,2085,142,0,0,,,0,0,yes,delete,high,P1,no_signal
https://coincu.com/4-altcoins-set-to-outperform-bitcoin-in-2024-including-pawfury/,4 Altcoins Set to Outperform Bitcoin in 2024 Including Pawfury,4 Altcoins Set to Outperform Bitcoin in 2024 Including Pawfury,news,200,Indexable,2457,146,0,0,,,0,0,yes,delete,high,P1,no_signal
https://coincu.com/4-altcoins-to-watch-avalanche-avax-aave-sui-more/,Triple Your Investment with These 4 Altcoins—Prepare for the Biggest Bull Run in Crypto History!,Triple Your Investment with These 4 Altcoins—Prepare for the Biggest Bull Run in Crypto History!,news,200,Indexable,2420,114,0,0,,,0,0,yes,delete,high,P1,no_signal
https://coincu.com/4-coins-that-will-skyrocket-and-create-unbelievable-wealth-in-your-2024-2025-bull-run-portfolio/,4 Coins That Will Skyrocket and Create Unbelievable Wealth in Your 2024-2025 Bull Run Portfolio,4 Coins That Will Skyrocket and Create Unbelievable Wealth in Your 2024-2025 Bull Run Portfolio,news,200,Indexable,2656,197,0,0,,,0,0,yes,delete,high,P1,no_signal
https://coincu.com/4-major-tokens-will-be-unlocked/,"Caution: 4 Major Tokens Will Be Unlocked This Week, Will There Be Selling Pressure?","Caution: 4 Major Tokens Will Be Unlocked This Week, Will There Be Selling Pressure?",news,200,Indexable,2180,42,0,0,,,0,0,yes,delete,high,P1,no_signal
https://coincu.com/4-million-op-shifted-to-4-new-addresses-1-m/,"4 Million OP Shifted to 4 New Addresses, 1 Million Each!","4 Million OP Shifted to 4 New Addresses, 1 Million Each!",news,200,Indexable,2081,115,0,0,,,0,0,yes,delete,high,P1,no_signal
https://coincu.com/4-must-buy-icos-of-september-2024/,Millionaire Makers: The 4 Must-Buy ICOs of September 2024!,Millionaire Makers: The 4 Must-Buy ICOs of September 2024!,news,200,Indexable,2278,166,0,0,,,0,0,yes,delete,high,P1,no_signal
https://coincu.com/4-people-charged-nexos-money-laundering/,4 People Have Been Charged In Nexo’s Money Laundering Case,4 People Have Been Charged In Nexo’s Money Laundering Case,news,200,Indexable,2091,156,0,0,,,0,0,yes,delete,high,P1,no_signal
https://coincu.com/4-undervalued-cryptos-to-watch-2024/,4 Undervalued Cryptos to Watch 2024,4 Undervalued Cryptos to Watch 2024,news,200,Indexable,2056,130,0,0,,,0,0,yes,delete,high,P1,no_signal
https://coincu.com/4-us-senators-doubt-sullivan-cromwells/,4 US Senators Doubt Sullivan & Cromwell's Role In FTX Bankruptcy Case,4 US Senators Doubt Sullivan & Cromwell’s Role In FTX Bankruptcy Case,news,200,Indexable,2244,154,0,0,,,0,0,yes,delete,high,P1,no_signal
https://coincu.com/4-years-in-prison-sexually-abused-metaverse/,4 Years In Prison For A Korean Man Who Sexually Abused In Metaverse,4 Years In Prison For A Korean Man Who Sexually Abused In Metaverse,news,200,Indexable,2049,189,0,0,,,0,0,yes,delete,high,P1,no_signal
https://coincu.com/40-million-three-arrows-capital-assets/,The Liquidator Took Control Of $40 Million In Three Arrows Capital Assets,The Liquidator Took Control Of $40 Million In Three Arrows Capital Assets,news,200,Indexable,2086,153,0,0,,,0,0,yes,delete,high,P1,no_signal
https://coincu.com/400-million-xrp-unlocked-ripples-for-future-use/,"400 Million XRP Unlocked, Ripple's Strategic Power Boost for Future Use","400 Million XRP Unlocked, Ripple’s Strategic Power Boost for Future Use",news,200,Indexable,2026,143,0,0,,,0,0,yes,delete,high,P1,no_signal
https://coincu.com/401k-investing-options-will-include-crypto/,401(k) Investing Options Will Soon Include Crypto Thanks To New Laws,401(k) Investing Options Will Soon Include Crypto Thanks To New Laws,news,200,Indexable,2180,157,0,0,,,0,0,yes,delete,high,P1,no_signal
https://coincu.com/41-crypto-hacks-in-april/,$93.4 Million Was Stolen In 41 Crypto Hacks In April,$93.4 Million Was Stolen In 41 Crypto Hacks In April,news,200,Indexable,2229,115,0,0,,,0,0,yes,delete,high,P1,no_signal
https://coincu.com/41-of-shiba-inu-has-been-burned/,41% Of The Original Circulating Supply Of Shiba Inu Has Been Burned,41% Of The Original Circulating Supply Of Shiba Inu Has Been Burned,news,200,Indexable,1955,155,0,0,,,0,0,yes,delete,high,P1,no_signal
https://coincu.com/410-trillion-shiba-inu-burnt-shibarium/,More Than 410 Trillion Shiba Inu Were Burnt Before The Shibarium Launch Next Week,More Than 410 Trillion Shiba Inu Were Burnt Before The Shibarium Launch Next Week,news,200,Indexable,2051,157,0,0,,,0,0,yes,delete,high,P1,no_signal
https://coincu.com/42-drop-cyber-token-plummented/,42% Drop: CYBER Token Plummented After CyberConnect's Changing Proposal,42% Drop: CYBER Token Plummented After CyberConnect’s Changing Proposal,news,200,Indexable,1852,178,0,0,,,0,0,yes,delete,high,P1,no_signal
https://coincu.com/4400-investors-following-do-kwons-in-dubai/,"4,400 Investors Following Do Kwon's Runaway Says He's In Dubai","4,400 Investors Following Do Kwon’s Runaway Says He’s In Dubai",news,200,Indexable,2096,156,0,0,,,0,0,yes,delete,high,P1,no_signal
https://coincu.com/44444-bitcoin-has-left-cexs/,"44,444 Bitcoin Has Left CEXs In The Last 30 Days","44,444 Bitcoin Has Left CEXs In The Last 30 Days",news,200,Indexable,2140,157,0,0,,,0,0,yes,delete,high,P1,no_signal
https://coincu.com/45-million-coindeal-fraud-case/,$45 Million Coindeal Fraud Case Spurred to Trial by Judge,$45 Million Coindeal Fraud Case Spurred to Trial by Judge,news,200,Indexable,2084,126,0,0,,,0,0,yes,delete,high,P1,no_signal
https://coincu.com/47-swing-ahead-for-ondo-price-web3bay-builds-fraud-proof-e-commerce-aave-crypto-dips/,47% Swing Ahead of ONDO Price? Web3Bay Building Fraud-Proof E-Commerce Platform & AAVE Dips,47% Swing Ahead of ONDO Price? Web3Bay Building Fraud-Proof E-Commerce Platform & AAVE Dips,news,200,Indexable,2580,252,0,0,,,0,0,yes,delete,high,P1,no_signal
https://coincu.com/479m-spot-bitcoin-etf-inflows-eight-day-streak/,$479M Spot Bitcoin ETF Inflows Fuel Eight-Day Streak on Dec 9,$479M Spot Bitcoin ETF Inflows Fuel Eight-Day Streak on Dec 9,news,200,Indexable,2059,134,0,0,,,0,0,yes,delete,high,P1,no_signal
https://coincu.com/48-m-sol-tokens-controlled-by-liquidators/,Over 48 Million SOL Tokens Are Under Controlled By liquidators,Over 48 Million SOL Tokens Are Under Controlled By liquidators,news,200,Indexable,2019,172,0,0,,,0,0,yes,delete,high,P1,no_signal
https://coincu.com/4b-in-tokenized-assets-enter-aave/,$4B in Tokenized Assets Enter Aave via Chainlink NAVLink,$4B in Tokenized Assets Enter Aave via Chainlink NAVLink,news,200,Indexable,2143,128,0,0,,,0,0,yes,delete,high,P1,no_signal
https://coincu.com/4b-sbf-supporting-alameda-is-customer-money/,Part Of The $4 Billion SBF Supporting Alameda Research Is Customer Money (Reuters),Part Of The $4 Billion SBF Supporting Alameda Research Is Customer Money (Reuters),news,200,Indexable,2058,157,0,0,,,0,0,yes,delete,high,P1,no_signal
https://coincu.com/4m-bitcoin-donation-by-winklevoss-dad/,$4M Bitcoin Donation by Winklevoss Dad Boosts School Linked to Satoshi’s Theory!,$4M Bitcoin Donation by Winklevoss Dad Boosts School Linked to Satoshi’s Theory!,news,200,Indexable,2164,148,0,0,,,0,0,yes,delete,high,P1,no_signal
https://coincu.com/5-3-billion-terraform-labs-fraud-fine-opposed/,$5.3 Billion Terraform Labs Fraud Fine Opposed by The Firm For Being Too Heavy,$5.3 Billion Terraform Labs Fraud Fine Opposed by The Firm For Being Too Heavy,news,200,Indexable,2176,120,0,0,,,0,0,yes,delete,high,P1,no_signal
https://coincu.com/5-4-billion-has-left-exchanges/,$5.4 Billion Has Left Exchanges Since November 12,$5.4 Billion Has Left Exchanges Since November 12,news,200,Indexable,2085,218,0,0,,,0,0,yes,delete,high,P1,no_signal
https://coincu.com/5-basic-strategies-for-mmo-crypto/,5 Basic Strategies For MMO Crypto,5 Basic Strategies For MMO Crypto,news,200,Indexable,3683,226,0,0,,,0,0,yes,delete,high,P1,no_signal
https://coincu.com/5-candidates-for-sec-chair-being-considered/,Candidates for SEC Chair Being Considered Carefully for New Policy,Candidates for SEC Chair Being Considered Carefully for New Policy,news,200,Indexable,2084,130,0,0,,,0,0,yes,delete,high,P1,no_signal
https://coincu.com/5-cardano-payment-projects-with-important/,5 Cardano Payment Projects With Important Elements For Payment Infrastructure,5 Cardano Payment Projects With Important Elements For Payment Infrastructure,news,200,Indexable,3024,395,0,0,,,0,0,yes,delete,high,P1,no_signal
https://coincu.com/5-cryptos-that-could-100x-before-bitcoin-hits-200k/,5 Cryptos That Could 100x Before Bitcoin Hits $200K,5 Cryptos That Could 100x Before Bitcoin Hits $200K,news,200,Indexable,2516,150,0,0,,,0,0,yes,delete,high,P1,no_signal
https://coincu.com/5-essential-cryptocurrencies-to-watch-before-the-solana-etf-takes-center-stage/,5 Essential Cryptocurrencies to Consider Before the Solana ETF Takes Center Stage,5 Essential Cryptocurrencies to Consider Before the Solana ETF Takes Center Stage,news,200,Indexable,2377,239,0,0,,,0,0,yes,delete,high,P1,no_signal
https://coincu.com/5-must-know-finance-for-crypto-investors/,Don't Get Left Behind: Learn the 5 Must-Know Finance Principles for Crypto Investors!,Don’t Get Left Behind: Learn the 5 Must-Know Finance Principles for Crypto Investors!,news,200,Indexable,2626,89,0,0,,,0,0,yes,delete,high,P1,no_signal
https://coincu.com/5-notable-depin-crypto-projects-you-should-know/,5 Notable DePIN Crypto Projects You Should Know,5 Notable DePIN Crypto Projects You Should Know,news,200,Indexable,4694,164,0,0,,,0,0,yes,delete,high,P1,no_signal
https://coincu.com/5-paradigm-backed-projects-to-watch/,Potential Airdrop: Here Are 5 Paradigm-Backed Projects to Watch!,Potential Airdrop: Here Are 5 Paradigm-Backed Projects to Watch!,news,200,Indexable,3626,205,0,0,,,0,0,yes,delete,high,P1,no_signal
https://coincu.com/5-profitable-coins-that-could-multiply-your-wealth-before-the-2025-bull-run-peaks/,5 Profitable Coins That Could Multiply Your Wealth Before the 2025 Bull Run Peaks,5 Profitable Coins That Could Multiply Your Wealth Before the 2025 Bull Run Peaks,news,200,Indexable,2467,227,0,0,,,0,0,yes,delete,high,P1,no_signal
https://coincu.com/5-theft-bored-ape-yacht-club-were-charged/,5 Theft of Bored Ape Yacht Club Were Charged,5 Theft of Bored Ape Yacht Club Were Charged By French Authorities,news,200,Indexable,1928,164,0,0,,,0,0,yes,delete,high,P1,no_signal
https://coincu.com/5-tips-to-gain-more-crypto-alpha-on-x/,5 Tips To Gain More Crypto Alpha On X,5 Tips To Gain More Crypto Alpha On X,news,200,Indexable,2820,126,0,0,,,0,0,yes,delete,high,P1,no_signal
https://coincu.com/5-tokens-that-will-reshape-the-market-with-explosive-growth-in-2025/,5 Tokens That Will Reshape the Market With Explosive Growth in 2025,5 Tokens That Will Reshape the Market With Explosive Growth in 2025,news,200,Indexable,2558,101,0,0,,,0,0,yes,delete,high,P1,no_signal
https://coincu.com/5-uk-organizations-alliance/,5 UK Organizations Together Forming Crypto Alliance To Support Digital Asset,5 UK Organizations Together Forming Crypto Alliance To Support Digital Asset,news,200,Indexable,2179,179,0,0,,,0,0,yes,delete,high,P1,no_signal
https://coincu.com/50-million-ftx-japan-customers/,$50 Million Has Been Withdrawn By FTX Japan Customers,$50 Million Has Been Withdrawn By FTX Japan Customers,news,200,Indexable,2049,157,0,0,,,0,0,yes,delete,high,P1,no_signal
https://coincu.com/500-million-new-consumers-buy-crypto-2030/,More Than 500 Million New Consumers May Buy Crypto By 2030,More Than 500 Million New Consumers May Buy Crypto By 2030,news,200,Indexable,2154,152,0,0,,,0,0,yes,delete,high,P1,no_signal
https://coincu.com/500-million-xrp-withdrawn-from-kraken/,500 Million XRP Withdrawn From Kraken In One Transfer,500 Million XRP Withdrawn From Kraken In One Transfer,news,200,Indexable,1845,158,0,0,,,0,0,yes,delete,high,P1,no_signal
https://coincu.com/51-attack/,51% Attack,51% Attack,news,200,Indexable,2427,163,0,0,,,0,0,yes,delete,high,P1,no_signal
https://coincu.com/52-16-million-usdt-transferred-to-binance/,52.16 Million USDT Transferred to Binance: What It May Signal,52.16 Million USDT Transferred to Binance: What It May Signal,news,200,Indexable,2630,150,0,0,,,0,0,yes,delete,high,P1,no_signal
https://coincu.com/52-of-turkish-adults-crypto/,52% Of Turkish Adults Are Now Investing In Crypto: KuCoin Report,52% Of Turkish Adults Are Now Investing In Crypto: KuCoin Report,news,200,Indexable,2133,159,0,0,,,0,0,yes,delete,high,P1,no_signal
https://coincu.com/53000-coinbase-nfts-the-layer-2-launch/,"More Than 53,000 Coinbase NFTs Were Minted To Celebrate The Layer-2 Launch","More Than 53,000 Coinbase NFTs Were Minted To Celebrate The Layer-2 Launch",news,200,Indexable,2115,156,0,0,,,0,0,yes,delete,high,P1,no_signal
https://coincu.com/53000-wrapped-bitcoins-removed-circulation/,"More than 53,000 Wrapped Bitcoins Have Been Removed From Circulation In The Last 3 Months","More than 53,000 Wrapped Bitcoins Have Been Removed From Circulation In The Last 3 Months",news,200,Indexable,2103,209,0,0,,,0,0,yes,delete,high,P1,no_signal
https://coincu.com/560-million-of-bitcoin-options-will-expire/,$560 Million Of Bitcoin Options Will Expire With A Put Call Ratio Of 0.74,$560 Million Of Bitcoin Options Will Expire With A Put Call Ratio Of 0.74,news,200,Indexable,2130,156,0,0,,,0,0,yes,delete,high,P1,no_signal
https://coincu.com/5forex-trading-strategies-for-a-successful-trade/,5 Forex Trading Strategies for a Successful Trade,5 Forex Trading Strategies for a Successful Trade,news,200,Indexable,2217,173,0,0,,,0,0,yes,delete,high,P1,no_signal
https://coincu.com/6-6b-loss-bitmine-nears-one-of-cryptos/,$6.6B Loss? BitMine Nears One of Crypto’s Worst Crashes,$6.6B Loss? BitMine Nears One of Crypto’s Worst Crashes,news,200,Indexable,2017,118,0,0,,,0,0,yes,delete,high,P1,no_signal
https://coincu.com/6-aspects-of-vitalik-buterins-vision/,6 Crucial Aspects of Vitalik Buterin's Ethereum Vision at EthCC,6 Crucial Aspects of Vitalik Buterin’s Ethereum Vision at EthCC,news,200,Indexable,2128,153,0,0,,,0,0,yes,delete,high,P1,no_signal
https://coincu.com/6-days-to-litecoin-halving-but-ltc-only-rose-30/,"6 Days To Litecoin Halving, But LTC Only Rose 30%,","6 Days To Litecoin Halving, But LTC Only Rose 30%",news,200,Indexable,2137,186,0,0,,,0,0,yes,delete,high,P1,no_signal
https://coincu.com/6-investors-bet-on-ethereum-futures-etfs/,6 Institutional Investors Bet On Ethereum Futures ETFs Amid Bitcoin Spot ETF Hype,6 Institutional Investors Bet On Ethereum Futures ETFs Amid Bitcoin Spot ETF Hype,news,200,Indexable,2367,125,0,0,,,0,0,yes,delete,high,P1,no_signal
https://coincu.com/6-principles-of-cz-for-cex/,6 Principles Of CZ For Centralized Exchanges,6 Principles Of CZ For Centralized Exchanges,news,200,Indexable,1926,27,0,0,,,0,0,yes,delete,high,P1,no_signal
https://coincu.com/6-steps-ftx-creditors-to-claim-compensation/,6 Specific Steps FTX Creditors Need To Pay Attention To Claim Compensation,6 Specific Steps FTX Creditors Need To Pay Attention To Claim Compensation,news,200,Indexable,2962,238,0,0,,,0,0,yes,delete,high,P1,no_signal
https://coincu.com/6-ways-to-check-fake-nft-collection/,6 Ways To Check Fake NFT Collection,6 Ways To Check Fake NFT Collection,news,200,Indexable,2935,526,0,0,,,0,0,yes,delete,high,P1,no_signal
https://coincu.com/6000-bitcoins-outflows-from-binance/,"6,000 Bitcoins Outflows From Binance In Single Transaction","6,000 Bitcoins Outflows From Binance In Single Transaction",news,200,Indexable,2078,151,0,0,,,0,0,yes,delete,high,P1,no_signal
https://coincu.com/61500-btc-pushed-to-coinbase-for-dump/,"61,500 BTC Pushed To Coinbase For ""Dump""?","61,500 BTC Pushed To Coinbase For “Dump”?",news,200,Indexable,2018,153,0,0,,,0,0,yes,delete,high,P1,no_signal
https://coincu.com/62000-eth-huobi-takes-the-largest/,"62,000 ETH Were Withdrawn, Huobi Takes The Largest Market Share","62,000 ETH Were Withdrawn, Huobi Takes The Largest Market Share",news,200,Indexable,2067,180,0,0,,,0,0,yes,delete,high,P1,no_signal
https://coincu.com/63m-usdc-related-to-multichain-attack-freezes/,63 Million USDC Related To Multichain Attack Has Been Frozen,63 Million USDC Related To Multichain Attack Has Been Frozen,news,200,Indexable,2131,144,0,0,,,0,0,yes,delete,high,P1,no_signal
https://coincu.com/65-5-million-matic-tokens-to-pol-on-ethereum/,65.5 Million MATIC Tokens Make Epic Journey to POL on Ethereum,65.5 Million MATIC Tokens Make Epic Journey to POL on Ethereum,news,200,Indexable,2187,260,0,0,,,0,0,yes,delete,high,P1,no_signal
https://coincu.com/663m-evaporates-from-cryptocurrency-market/,$663M Evaporates from Cryptocurrency Market Within 24 Hours!,$663M Evaporates from Cryptocurrency Market Within 24 Hours!,news,200,Indexable,2107,99,0,0,,,0,0,yes,delete,high,P1,no_signal
https://coincu.com/69-2-long-term-bitcoin-holders-are-profitable/,69.2% Long-Term Bitcoin Holders Over 155 Days Are Profitable,69.2% Long-Term Bitcoin Holders Over 155 Days Are Profitable,news,200,Indexable,2120,162,0,0,,,0,0,yes,delete,high,P1,no_signal
https://coincu.com/7-baycs-stolen-210-eth-moved-mixer/,"7 BAYCs Was Stolen $621,000 Of Which 210 ETH Was Moved To The Mixer","7 BAYCs Was Stolen $621,000 Of Which 210 ETH Was Moved To The Mixer",news,200,Indexable,1946,190,0,0,,,0,0,yes,delete,high,P1,no_signal
https://coincu.com/7-billion-microstrategy-convertible-notes/,$7 Billion MicroStrategy Convertible Notes Get Arbitrage From Hedge Funds,$7 Billion MicroStrategy Convertible Notes Get Arbitrage From Hedge Funds,news,200,Indexable,2095,145,0,0,,,0,0,yes,delete,high,P1,no_signal
https://coincu.com/7-eleven-launches-nft-promotion-for-slurpee-day/,"7-Eleven Launches New NFT Promotion For ""Slurpee Day"" On Mobile Devices",7-Eleven Launches New NFT Promotion For “Slurpee Day” On Mobile Devices,news,200,Indexable,2143,149,0,0,,,0,0,yes,delete,high,P1,no_signal
https://coincu.com/7-free-on-chain-data-analysis-tools/,Everyone Is An Analyst: Recommend 7 Free On-chain Data Analysis Tools,Everyone Is An Analyst: Recommend 7 Free On-chain Data Analysis Tools,news,200,Indexable,2810,118,0,0,,,0,0,yes,delete,high,P1,no_signal
https://coincu.com/7-interesting-web3-projects/,Interesting Web3 Projects That Recently Raised Funding,Interesting Web3 Projects That Recently Raised Funding,news,200,Indexable,3499,461,0,0,,,0,0,yes,delete,high,P1,no_signal
https://coincu.com/7-laziest-ways-to-earn-money-online-while-sleeping-in-2024-passive-income/,7 Laziest Ways to Earn Money Online While Sleeping in 2024 (Passive Income),7 Laziest Ways to Earn Money Online While Sleeping in 2024 (Passive Income),news,200,Indexable,2213,155,0,0,,,0,0,yes,delete,high,P1,no_signal
https://coincu.com/7-of-spaniards-own-cryptocurrency/,7% Of Spaniards Own Cryptocurrency,7% Of Spaniards Own Cryptocurrency,news,200,Indexable,2204,152,0,0,,,0,0,yes,delete,high,P1,no_signal
https://coincu.com/7-possible-risks-if-ethereum-is-forked/,7 Possible Risks If Ethereum Is Forked,7 Possible Risks If Ethereum Is Forked,news,200,Indexable,2328,151,0,0,,,0,0,yes,delete,high,P1,no_signal
https://coincu.com/7-principles-of-smart-contracts-should-know/,"7 Principles Of Smart Contracts You Should Know, Detail Explanation","7 Principles Of Smart Contracts You Should Know, Detail Explanation",news,200,Indexable,3233,359,0,0,,,0,0,yes,delete,high,P1,no_signal
https://coincu.com/720000-ethereum-whale-wakes-up/,"720,000 Ethereum Whale Wakes Up To Perform These Manipulations","720,000 Ethereum Whale Wakes Up To Perform These Manipulations",news,200,Indexable,2063,154,0,0,,,0,0,yes,delete,high,P1,no_signal
https://coincu.com/73-million-ftx-may-be-withdrawn/,$73 Million in Political Donations Of FTX May Be Withdrawn,$73 Million in Political Donations Of FTX May Be Withdrawn,news,200,Indexable,2128,156,0,0,,,0,0,yes,delete,high,P1,no_signal
https://coincu.com/730m-worth-of-btc-and-eth-options-expire-6th/,$730M Worth Of BTC And ETH Options Expire On October 6th,$730M Worth Of BTC And ETH Options Expire On October 6th,news,200,Indexable,1986,121,0,0,,,0,0,yes,delete,high,P1,no_signal
https://coincu.com/738-million-ethereum-whale-leave-speechless/,The $738 Million Ethereum Whale That Will Leave You Speechless!,The $738 Million Ethereum Whale That Will Leave You Speechless!,news,200,Indexable,2228,108,0,0,,,0,0,yes,delete,high,P1,no_signal
https://coincu.com/75-crypto-accounts-frozen-venezuelan/,Over 75 Crypto Accounts Have Been Frozen By Venezuelan Financial Institutions Banks,Over 75 Crypto Accounts Have Been Frozen By Venezuelan Financial Institutions Banks,news,200,Indexable,2064,148,0,0,,,0,0,yes,delete,high,P1,no_signal
https://coincu.com/75-validators-freezing-1b-ton-tokens/,75% Validators Backing Over 1 Billion TON Tokens Frozen Until 2027,75% Validators Backing Over 1 Billion TON Tokens Frozen Until 2027,news,200,Indexable,2063,159,0,0,,,0,0,yes,delete,high,P1,no_signal
https://coincu.com/750-billion-shiba-inu-snatched-up-suddenly/,"750 Billion Shiba Inu Snatched Up Suddenly By ""Gimli"" Whale On Dip",750 Billion Shiba Inu Snatched Up Suddenly By “Gimli” Whale On Dip,news,200,Indexable,1935,152,0,0,,,0,0,yes,delete,high,P1,no_signal
https://coincu.com/773m-token-unlocks-threaten-market-as/,$773M Token Unlocks Threaten Market as Gold Hits Record High,$773M Token Unlocks Threaten Market as Gold Hits Record High,news,200,Indexable,2076,151,0,0,,,0,0,yes,delete,high,P1,no_signal
https://coincu.com/7d/,7d,7d,news,200,Indexable,1917,47,0,0,,,0,0,yes,delete,high,P1,no_signal
https://coincu.com/8-ftx-stake-in-anthropic-could-be-sold/,8% Of The FTX Stake In Anthropic Could Be Sold Completely,8% Of The FTX Stake In Anthropic Could Be Sold Completely,news,200,Indexable,2125,117,0,0,,,0,0,yes,delete,high,P1,no_signal
https://coincu.com/8-linked-to-pig-butchering-scams-punished-by-sec/,8 Linked To Pig Butchering Scams Punished By SEC,8 Linked To Pig Butchering Scams Punished By SEC,news,200,Indexable,2206,127,0,0,,,0,0,yes,delete,high,P1,no_signal
https://coincu.com/80-52-m-sand-tokens-about-32-44m-moved-to-cex/,80.52 Million SAND Tokens Worth About $32.44M Moved To CEX,80.52 Million SAND Tokens Worth About $32.44M Moved To CEX,news,200,Indexable,1947,133,0,0,,,0,0,yes,delete,high,P1,no_signal
https://coincu.com/800k-eth-withdrawn-exchanges-reserve-lowest/,"Bullish Signal: 800.000 ETH Withdrawn, All Exchanges Reserve Dropped To The Lowest","Bullish Signal: 800.000 ETH Withdrawn, All Exchanges Reserve Dropped To The Lowest",news,200,Indexable,2188,140,0,0,,,0,0,yes,delete,high,P1,no_signal
https://coincu.com/840m-ondo-token-unlock-incoming/,"$840M ONDO Token Unlock Incoming, Will the Price Crash?","$840M ONDO Token Unlock Incoming, Will the Price Crash?",news,200,Indexable,2185,115,0,0,,,0,0,yes,delete,high,P1,no_signal
https://coincu.com/87-coinbase-users-buying-shiba-inu/,87% Of Coinbase Users Are Buying Shiba Inu ($SHIB),87% Of Coinbase Users Are Buying Shiba Inu ($SHIB),news,200,Indexable,2170,152,0,0,,,0,0,yes,delete,high,P1,no_signal
https://coincu.com/8btc-chinas-premier-crypto-news-source/,"8btc, China's Premier Crypto News Source, Shifts Focus To AI and Metaverse","8btc, China’s Premier Crypto News Source, Shifts Focus To AI and Metaverse",news,200,Indexable,2239,120,0,0,,,0,0,yes,delete,high,P1,no_signal
https://coincu.com/9-7-million-ftms-binance-multichain/,Whales Transfer 9.7 Million FTMs To Binance Exchange Amidst Multichain Concerns,Whales Transfer 9.7 Million FTMs To Binance Exchange Amidst Multichain Concerns,news,200,Indexable,2147,148,0,0,,,0,0,yes,delete,high,P1,no_signal
https://coincu.com/94-2-of-no-change-in-fed-interest-rate-decision/,94.2% Chance Of No Change In Fed Interest Rate Decision On November 1,94.2% Chance Of No Change In Fed Interest Rate Decision On November 1,news,200,Indexable,2063,152,0,0,,,0,0,yes,delete,high,P1,no_signal
https://coincu.com/95-of-apecoin-dao-votes-against-apeverse/,Over 95% Of ApeCoin DAO Votes Against Apeverse Project,Over 95% Of ApeCoin DAO Votes Against Apeverse Project,news,200,Indexable,2021,201,0,0,,,0,0,yes,delete,high,P1,no_signal
https://coincu.com/95-of-bitcoin-etf-investors-are-optimistic/,95% Of Bitcoin ETF Investors Are Optimistic On The Crypto Market,95% Of Bitcoin ETF Investors Are Optimistic On The Crypto Market,news,200,Indexable,2087,140,0,0,,,0,0,yes,delete,high,P1,no_signal
https://coincu.com/965m-xrp-pulled-from-exchanges/,965M XRP Pulled from Exchanges: Is a Price Surge Coming?,965M XRP Pulled from Exchanges: Is a Price Surge Coming?,news,200,Indexable,2125,116,0,0,,,0,0,yes,delete,high,P1,no_signal
https://coincu.com/97-voyager-customers-approve-restructuring/,97% of Voyager Customers Approve Restructuring Plan with Binance US,97% of Voyager Customers Approve Restructuring Plan with Binance US,news,200,Indexable,2099,207,0,0,,,0,0,yes,delete,high,P1,no_signal
https://coincu.com/9840-btc-transferred-from-grayscale-trust/,"9,840 BTC Transferred from Grayscale Trust Address to Coinbase Prime!","9,840 BTC Transferred from Grayscale Trust Address to Coinbase Prime!",news,200,Indexable,2144,147,0,0,,,0,0,yes,delete,high,P1,no_signal
https://coincu.com/9861-btc-transferred-coinbase-us-government/,"Suspected 9,861 BTC Transferred To Coinbase By The US Government","Suspected 9,861 BTC Transferred To Coinbase By The US Government",news,200,Indexable,2176,209,0,0,,,0,0,yes,delete,high,P1,no_signal
https://coincu.com/99-4-of-bitcoin-in-profit-as-bulls-eye/,99.4% of Bitcoin in Profit as Bulls Eye $133K Target,99.4% of Bitcoin in Profit as Bulls Eye $133K Target,news,200,Indexable,2082,150,0,0,,,0,0,yes,delete,high,P1,no_signal
https://coincu.com/a-30000-machine-mining-farm-russian/,"A 30,000-Machine Mining Farm Will Be Built By A Russian State-backed Enterprise","A 30,000-Machine Mining Farm Will Be Built By A Russian State-backed Enterprise",news,200,Indexable,2053,156,0,0,,,0,0,yes,delete,high,P1,no_signal
https://coincu.com/a-binance-investor-liquidated-at-55-9-million/,A Binance Investor Liquidated At $55.9 Million In Largest Order Of The Day,A Binance Investor Liquidated At $55.9 Million In Largest Order Of The Day,news,200,Indexable,2062,170,0,0,,,0,0,yes,delete,high,P1,no_signal
https://coincu.com/a-compilation-of-5-defi-option-protocols/,A Compilation Of 5 DeFi Option Protocols Worth Noting,A Compilation Of 5 DeFi Option Protocols Worth Noting,news,200,Indexable,2931,126,0,0,,,0,0,yes,delete,high,P1,no_signal
https://coincu.com/a-dns-attack-on-squarespace-crypto-domains-risk/,"A DNS Attack On Squarespace Puts Crypto Domains At Risk, Says CoinGecko COO","A DNS Attack On Squarespace Puts Crypto Domains At Risk, Says CoinGecko COO",news,200,Indexable,2085,128,0,0,,,0,0,yes,delete,high,P1,no_signal
https://coincu.com/a-lending-protocol-on-optimism-attacked/,A Lending Protocol On Optimism Attacked And Lost About $7 Million,A Lending Protocol On Optimism Attacked And Lost About $7 Million,news,200,Indexable,2114,184,0,0,,,0,0,yes,delete,high,P1,no_signal
https://coincu.com/a-look-back-at-ethereums-working-mechanism/,A Look Back At Ethereum's Working Mechanism Before The Important Shapella Upgrade,A Look Back At Ethereum’s Working Mechanism Before The Important Shapella Upgrade,news,200,Indexable,3278,145,0,0,,,0,0,yes,delete,high,P1,no_signal
https://coincu.com/a-new-decade-of-ethereum-mev/,A New Decade Of Ethereum MEV Growth: From PBS To SUAVE,A New Decade Of Ethereum MEV Growth: From PBS To SUAVE,news,200,Indexable,4700,40,0,0,,,0,0,yes,delete,high,P1,no_signal
https://coincu.com/a-new-exploit-on-the-old-opensea/,A New Exploit On The Old Opensea Contract Is Being Used To Steal NFTs,A New Exploit On The Old Opensea Contract Is Being Used To Steal NFTs,news,200,Indexable,2138,296,0,0,,,0,0,yes,delete,high,P1,no_signal
https://coincu.com/a-novel-staking-model-is-live-on-dogechain/,BREAKING: A Novel Staking Model Is Live On Dogechain,Dogechain Announcement: A Novel Staking Model Is Live Now,news,200,Indexable,2313,158,0,0,,,0,0,yes,delete,high,P1,no_signal
https://coincu.com/a-nuanced-look-at-the-nfts-landscape-in-july/,Beyond the Hype: A Nuanced Look at the NFTs Landscape in July,Beyond the Hype: A Nuanced Look at the NFT Landscape in July,news,200,Indexable,3890,103,0,0,,,0,0,yes,delete,high,P1,no_signal
https://coincu.com/a-pivotal-moment-in-sports-web3-atletas-atla-token-generation-event-and-mexc-listing/,A Pivotal Moment in Sports Web3: Atleta’s $ATLA Token Generation Event and MEXC Listing,A Pivotal Moment in Sports Web3: Atleta’s $ATLA Token Generation Event and MEXC Listing,news,200,Indexable,2377,207,0,0,,,0,0,yes,delete,high,P1,no_signal
https://coincu.com/a-quick-look-at-base-network/,A Quick Look At The New Ethereum L2 Base Network Launched By Coinbase,A Quick Look At The New Ethereum L2 Base Network Launched By Coinbase,news,200,Indexable,3286,151,0,0,,,0,0,yes,delete,high,P1,no_signal
https://coincu.com/a-trading-firm-now-distance-itself-from-3ac/,A Trading Firm Now Distances Itself From 3AC Amid The Fresh Fundraise Of $25 Million,A Trading Firm Now Distances Itself From 3AC Amid The Fresh Fundraise Of $25 Million,news,200,Indexable,2197,276,0,0,,,0,0,yes,delete,high,P1,no_signal
https://coincu.com/a-young-crypto-community-and-a-highly-segmented-market-vietnam-records-230-billion-in-trading-volume-up-55-in-2025/,"A Young Crypto Community and a Highly Segmented Market: Vietnam Records $230 Billion in Trading Volume, Up 55% in 2025","A Young Crypto Community and a Highly Segmented Market: Vietnam Records $230 Billion in Trading Volume, Up 55% in 2025",news,200,Indexable,2287,185,0,0,,,0,0,yes,delete,high,P1,no_signal
https://coincu.com/a100x-50m-fund-ai-blockchain/,A100x Unveils $50 Million Fund for AI and Blockchain Startups,A100x Unveils $50 Million Fund for AI and Blockchain Startups,news,200,Indexable,2137,79,0,0,,,0,0,yes,delete,high,P1,no_signal
https://coincu.com/a16z-backed-arpeggi-labs-raise-11-million/,A16z-backed Arpeggi Labs Is Attempting To Raise $11 Million,A16z-backed Arpeggi Labs Is Attempting To Raise $11 Million,news,200,Indexable,2052,155,0,0,,,0,0,yes,delete,high,P1,no_signal
https://coincu.com/a16z-backs-yupp-33m-bet-on-ai-meets-crypto-rewards/,a16z Backs Yupp: $33M Bet on AI Meets Crypto Rewards,a16z Backs Yupp: $33M Bet on AI Meets Crypto Rewards,news,200,Indexable,2130,113,0,0,,,0,0,yes,delete,high,P1,no_signal
https://coincu.com/a16z-blockchain-association-criticizes-sec/,a16z And Blockchain Association Criticizes SEC Tightening Crypto Custody,a16z And Blockchain Association Criticizes SEC Tightening Crypto Custody,news,200,Indexable,2178,162,0,0,,,0,0,yes,delete,high,P1,no_signal
https://coincu.com/a16z-convex-dev-ai-town-open-source/,a16z And Convex Dev Collaborate To Launch AI Town: Open Source For AI-Driven Virtual Worlds,a16z And Convex Dev Collaborate To Launch AI Town: Open Source For AI-Driven Virtual Worlds,news,200,Indexable,2021,141,0,0,,,0,0,yes,delete,high,P1,no_signal
https://coincu.com/a16z-crypto-announces-21-csx-fall-2024-startups/,a16z Crypto Announces 21 CSX Fall 2024 Startups,a16z Crypto Unveils CSX Fall 2024 Cohort with 21 Innovative Startups,news,200,Indexable,2068,121,0,0,,,0,0,yes,delete,high,P1,no_signal
https://coincu.com/a16z-crypto-departs-product-head/,a16z Crypto Departs With The Coinbase Product Head,a16z Crypto Departs With The Coinbase Product Head,news,200,Indexable,2212,249,0,0,,,0,0,yes,delete,high,P1,no_signal
https://coincu.com/a16z-crypto-expands-into-asia-with-new/,"a16z Crypto Expands into Asia with New Office in Seoul, South Korea","a16z Crypto Expands into Asia with New Office in Seoul, South Korea",news,200,Indexable,2043,144,0,0,,,0,0,yes,delete,high,P1,no_signal
https://coincu.com/a16z-crypto-explains-clarity-act-for-crypto-entrepreneurs/,a16z Crypto Explains the CLARITY Act for Crypto Entrepreneurs,a16z Crypto Explains the CLARITY Act for Crypto Entrepreneurs,news,200,Indexable,2770,143,0,0,,,0,0,yes,delete,high,P1,no_signal
https://coincu.com/a16z-crypto-fund-dropped-40/,A16z’s Crypto Fund Dropped 40% In The First Half Of 2022,A16z’s Crypto Fund Dropped 40% In The First Half Of 2022,news,200,Indexable,1975,238,0,0,,,0,0,yes,delete,high,P1,no_signal
https://coincu.com/a16z-crypto-general-counsel-proposes-principles/,a16z Crypto General Counsel Proposes 5 Principles for Token Issuance!,a16z Crypto General Counsel Proposes 5 Principles for Token Issuance!,news,200,Indexable,2149,185,0,0,,,0,0,yes,delete,high,P1,no_signal
https://coincu.com/a16z-crypto-joins-lawsuit-irs-and-us-treasury/,a16z Crypto Joins Lawsuit Against IRS and US Treasury,a16z Crypto Joins Lawsuit Against IRS and US Treasury,news,200,Indexable,2113,120,0,0,,,0,0,yes,delete,high,P1,no_signal
https://coincu.com/a16z-crypto-launches-light-client-helios/,a16z Crypto Launches Ethereum Light Client Helios,a16z Crypto Launches Ethereum Light Client Helios,news,200,Indexable,2062,292,0,0,,,0,0,yes,delete,high,P1,no_signal
https://coincu.com/a16z-crypto-lead-likely-as-new-cftc-chair/,a16z Crypto Lead Likely to Be Nominated as New CFTC Chair,a16z Crypto Lead Likely to Be Nominated as New CFTC Chair,news,200,Indexable,2189,103,0,0,,,0,0,yes,delete,high,P1,no_signal
https://coincu.com/a16z-crypto-reveals-intractable-issues-stateless/,a16z Crypto Reveals Intractable Issues in Stateless Blockchains Viability,a16z Crypto Reveals Intractable Issues in Stateless Blockchains Viability,news,200,Indexable,2118,90,0,0,,,0,0,yes,delete,high,P1,no_signal
https://coincu.com/a16z-crypto-startup-school-2024-spring-course/,a16z Crypto Applications Are Now Open For Crypto Startup School 2024 Spring Course,a16z Crypto Applications Are Now Open For Crypto Startup School 2024 Spring Course,news,200,Indexable,1970,128,0,0,,,0,0,yes,delete,high,P1,no_signal
https://coincu.com/a16z-crypto-urges-us-legislation/,A16z Crypto Calls for U.S. Legislation Amid Meme Coin Surge,A16z Crypto Calls for U.S. Legislation Amid Meme Coin Surge,news,200,Indexable,2186,108,0,0,,,0,0,yes,delete,high,P1,no_signal
https://coincu.com/a16z-crypto-user-estimate-30-60m-real-users/,A16z Crypto User Estimate: 30–60M Real Monthly Users in 2024,A16z Crypto User Estimate: 30–60M Real Monthly Users in 2024,news,200,Indexable,2195,158,0,0,,,0,0,yes,delete,high,P1,no_signal
https://coincu.com/a16z-disagree-to-break-up-makerdao/,a16z Disagree To Break Up MakerDAO Into Smaller Units,a16z Disagree To Break Up MakerDAO Into Smaller Units,news,200,Indexable,2108,144,0,0,,,0,0,yes,delete,high,P1,no_signal
https://coincu.com/a16z-donates-over-23-million-to-transform-u-s/,a16z Donates Over $23 Million to Transform U.S. Crypto Politics,a16z Donates Over $23 Million to Transform U.S. Crypto Politics,news,200,Indexable,2205,140,0,0,,,0,0,yes,delete,high,P1,no_signal
https://coincu.com/a16z-fuels-30m-surge-in-gaming-startup-ecosystem/,a16z Fuels $30M Surge in Gaming Startup Ecosystem!,a16z Fuels $30M Surge in Gaming Startup Ecosystem!,news,200,Indexable,2145,159,0,0,,,0,0,yes,delete,high,P1,no_signal
https://coincu.com/a16z-head-of-policy-the-sec/,a16z's Head of Policy: The SEC Is Irresponsibly Enforcing Regulations,a16z’s Head of Policy: The SEC Is Irresponsibly Enforcing Regulations,news,200,Indexable,2246,135,0,0,,,0,0,yes,delete,high,P1,no_signal
https://coincu.com/a16z-hires-mchenry-staffer/,a16z Hires McHenry Staffer As The New Head Of Its Crypto Arm,a16z Hires McHenry Staffer As The New Head Of Its Crypto Arm,news,200,Indexable,2064,215,0,0,,,0,0,yes,delete,high,P1,no_signal
https://coincu.com/a16z-lasso-jolt-innovative-snark/,a16z Crypto Launches Lasso And Jolt: Innovative SNARK-Related Technologies,a16z Crypto Launches Lasso And Jolt: Innovative SNARK-Related Technologies,news,200,Indexable,1952,184,0,0,,,0,0,yes,delete,high,P1,no_signal
https://coincu.com/a16z-new-funding-completed/,a16z New Funding Worth $7.2 Billion Completed With Plans For AI And Crypto By 2025,a16z New Funding Worth $7.2 Billion Completed With Plans For AI And Crypto By 2025,news,200,Indexable,2114,116,0,0,,,0,0,yes,delete,high,P1,no_signal
https://coincu.com/a16z-raises-15b-projects-crypto-growth/,"a16z Raises $15B, Projects Crypto Growth Through Markets and Infrastructure","a16z Raises $15B, Projects Crypto Growth Through Markets and Infrastructure",news,200,Indexable,2047,97,0,0,,,0,0,yes,delete,high,P1,no_signal
https://coincu.com/a16z-relaunching-crypto-startup-school/,a16z Relaunching Crypto Startup School (CSS) To Promote Web3,a16z Relaunching Crypto Startup School (CSS) To Promote Web3,news,200,Indexable,1999,121,0,0,,,0,0,yes,delete,high,P1,no_signal
https://coincu.com/a16z-sends-5-9m-mkr-transfer-to-coinbase/,A16z Sends Shockwaves With $5.9M MKR Transfer To Coinbase,A16z Sends Shockwaves With $5.9M MKR Transfer To Coinbase,news,200,Indexable,2186,140,0,0,,,0,0,yes,delete,high,P1,no_signal
https://coincu.com/a16z-the-sec-is-completely-out-of-control/,a16z Head Of Policy Stated That The SEC Is Completely Out Of Control,a16z Head Of Policy Stated That The SEC Is Completely Out Of Control,news,200,Indexable,2062,250,0,0,,,0,0,yes,delete,high,P1,no_signal
https://coincu.com/a16z-transfers-1380-mkr-to-coinbase-holds/,"a16z Transfers 1,380 MKR to Coinbase, Holds Over 16,000 MKR","a16z Transfers 1,380 MKR to Coinbase, Holds Over 16,000 MKR",news,200,Indexable,2174,188,0,0,,,0,0,yes,delete,high,P1,no_signal
https://coincu.com/a16z-votes-against-the-proposal-implement/,A16z Votes Against The Proposal To Implement The Most Recent Uniswap Iteration On The BNB Chain,A16z Votes Against The Proposal To Implement The Most Recent Uniswap Iteration On The BNB Chain,news,200,Indexable,2027,224,0,0,,,0,0,yes,delete,high,P1,no_signal
https://coincu.com/aampt-capital-jun-yu-accused-rape/,A&T Capital Partner Jun YU Accused Of Rape And Sexual Harassment,A&T Capital Partner Jun YU Accused Of Rape And Sexual Harassment,news,200,Indexable,2123,152,0,0,,,0,0,yes,delete,high,P1,no_signal
https://coincu.com/aark-raises-6m-funding-to-accelerate-lrt-liquidity-integration-for-high-leverage-trading/,Aark Raises $6M Funding to Accelerate LRT Liquidity Integration for High Leverage Trading,Aark Raises $6M Funding to Accelerate LRT Liquidity Integration for High Leverage Trading,news,200,Indexable,2096,39,0,0,,,0,0,yes,delete,high,P1,no_signal
https://coincu.com/aave-accepts-bpt-as-collateral/,Aave Community Accepts Balancer BPT As Collateral,Aave Community Accepts Balancer BPT As Collateral,news,200,Indexable,1984,199,0,0,,,0,0,yes,delete,high,P1,no_signal
https://coincu.com/aave-bearish-flag-potential-drop-to-130/,AAVE shows Signs of Bearish Flag Pattern with Potential Drop to $130 Level,AAVE shows Signs of Bearish Flag Pattern with Potential Drop to $130 Level,news,200,Indexable,2192,107,0,0,,,0,0,yes,delete,high,P1,no_signal
https://coincu.com/aave-community-controversial-busd-delisting/,"Aave Community Ignites Controversial ""BUSD Delisting"" Vote, Sparks Heated Debate","Aave Community Ignites Controversial “BUSD Delisting” Vote, Sparks Heated Debate",news,200,Indexable,2117,143,0,0,,,0,0,yes,delete,high,P1,no_signal
https://coincu.com/aave-community-now-ventures-into-high-yield-rwa/,Aave Community Now Ventures Into High-Yield Real-World Assets,Aave Community Now Ventures Into High-Yield Real-World Assets,news,200,Indexable,2100,169,0,0,,,0,0,yes,delete,high,P1,no_signal
https://coincu.com/aave-community-to-vote-on-2m-usdt-crv-purchase/,Aave Community To Vote On $2M USDT CRV Purchase,Aave Community To Vote On $2M USDT CRV Purchase,news,200,Indexable,2139,149,0,0,,,0,0,yes,delete,high,P1,no_signal
https://coincu.com/aave-dao-approves-acquire-aura-olympus-dao/,"Aave DAO Approves Proposal To Acquire 443,674 AURA From Olympus DAO","Aave DAO Approves Proposal To Acquire 443,674 AURA From Olympus DAO",news,200,Indexable,2067,148,0,0,,,0,0,yes,delete,high,P1,no_signal
https://coincu.com/aave-dao-approves-chainlink-proof-reserves/,Aave DAO Approves Chainlink Proof Of Reserves Integration To Strengthen Network Security,Aave DAO Approves Chainlink Proof Of Reserves Integration To Strengthen Network Security,news,200,Indexable,2184,232,0,0,,,0,0,yes,delete,high,P1,no_signal
https://coincu.com/aave-dao-consensus-ethereum-pos/,AAVE DAO Consensus Call For Ethereum POS Fork,AAVE DAO Consensus Call For Ethereum POS Fork,news,200,Indexable,2073,152,0,0,,,0,0,yes,delete,high,P1,no_signal
https://coincu.com/aave-dao-secures-5-million-crv-tokens-with-57/,Aave DAO Secures 5 Million CRV Tokens With 57.81% Community Support,Aave DAO Secures 5 Million CRV Tokens With 57.81% Community Support,news,200,Indexable,2042,246,0,0,,,0,0,yes,delete,high,P1,no_signal
https://coincu.com/aave-dao-support-creation-gho-stablecoin/,Aave DAO Votes To Support The Creation Of The GHO Stablecoin,Aave DAO Votes To Support The Creation Of The GHO Stablecoin,news,200,Indexable,1940,112,0,0,,,0,0,yes,delete,high,P1,no_signal
https://coincu.com/aave-dao-to-launch-gho-on-through-v3/,Aave DAO Aims To Launch GHO On Ethereum Mainnet Through Aave V3,Aave DAO Aims To Launch GHO On Ethereum Mainnet Through Aave V3,news,200,Indexable,2336,114,0,0,,,0,0,yes,delete,high,P1,no_signal
https://coincu.com/aave-direction-for-ethpow/,AAVE's Direction For ETHPoW After The Merge,AAVE’s Direction For ETHPoW After The Merge,news,200,Indexable,2235,153,0,0,,,0,0,yes,delete,high,P1,no_signal
https://coincu.com/aave-eyes-670-resistance-multi-year-holds/,AAVE Eyes $670 Resistance as Multi-Year Bullish Pattern Holds Strong,AAVE Eyes $670 Resistance as Multi-Year Bullish Pattern Holds Strong,news,200,Indexable,2107,111,0,0,,,0,0,yes,delete,high,P1,no_signal
https://coincu.com/aave-faces-key-support-breakdown-at-125/,​​AAVE Faces Key Support Breakdown at $125 Could Lead to 40% Downside Risk,AAVE Faces Key Support Breakdown at $125 Could Lead to 40% Downside Risk,news,200,Indexable,2196,141,0,0,,,0,0,yes,delete,high,P1,no_signal
https://coincu.com/aave-flashlend-market-flaave-goes-live/,Aave-based Flashlend Market Flaave Goes Live,Aave-based Flashlend Market Flaave Goes Live,news,200,Indexable,1962,153,0,0,,,0,0,yes,delete,high,P1,no_signal
https://coincu.com/aave-forms-bullish-setup-surge-230/,AAVE Forms Bullish Setup with Potential Surge Above $230,AAVE Forms Bullish Setup with Potential Surge Above $230 After Demand Zone,news,200,Indexable,2280,114,0,0,,,0,0,yes,delete,high,P1,no_signal
https://coincu.com/aave-founder-sells-ethena-tokens/,Aave Founder Stani Kulechov Sells $2.38M Ethena Tokens,Aave Founder Stani Kulechov Sells $2.38M Ethena Tokens,news,200,Indexable,2178,80,0,0,,,0,0,yes,delete,high,P1,no_signal
https://coincu.com/aave-halts-eth-loans/,Aave Halts ETH Loans As Bellatrix Upgrade Launched,Aave Halts ETH Loans As Bellatrix Upgrade Launched,news,200,Indexable,2088,157,0,0,,,0,0,yes,delete,high,P1,no_signal
https://coincu.com/aave-holds-above-159-support-targets-175/,AAVE Holds Above $159 Support as Price Targets a Move Toward the $175 Level,AAVE Holds Above $159 Support as Price Targets a Move Toward the $175 Level,news,200,Indexable,2133,107,0,0,,,0,0,yes,delete,high,P1,no_signal
https://coincu.com/aave-integrates-cow-protocol/,Aave Integrates CoW Protocol for Enhanced DeFi Services,Aave Integrates CoW Protocol for Enhanced DeFi Services,news,200,Indexable,2142,139,0,0,,,0,0,yes,delete,high,P1,no_signal
https://coincu.com/aave-is-ens-1inch-support-on-v3-ethereum/,Aave Is Proposing ENS And 1INCH Support On Aave V3 Ethereum,Aave Is Proposing ENS And 1INCH Support On Aave V3 Ethereum,news,200,Indexable,2178,124,0,0,,,0,0,yes,delete,high,P1,no_signal
https://coincu.com/aave-labs-defi-app-launch/,Aave Labs Launches DeFi Savings App on Apple Platforms,Aave Labs Launches DeFi Savings App on Apple Platforms,news,200,Indexable,2177,144,0,0,,,0,0,yes,delete,high,P1,no_signal
https://coincu.com/aave-launched-temperature-check/,Aave Launched A Temperature Check Vote To Deploy V3 To StarkNet,Aave Launched A Temperature Check Vote To Deploy V3 To StarkNet,news,200,Indexable,2238,78,0,0,,,0,0,yes,delete,high,P1,no_signal
https://coincu.com/aave-launches-a-recovery-plan/,Aave Launches A Recovery Plan After The Harmony's Hack,Aave Launches A Recovery Plan After The Harmony’s Hack,news,200,Indexable,2207,153,0,0,,,0,0,yes,delete,high,P1,no_signal
https://coincu.com/aave-launches-on-ethereum-mainnet/,"Aave Launches Innovative Customized Markets on Ethereum Mainnet, Sept 8!","Aave Launches Innovative Customized Markets on Ethereum Mainnet, Sept 8!",news,200,Indexable,2125,133,0,0,,,0,0,yes,delete,high,P1,no_signal
https://coincu.com/aave-liquidation-nets-2-87m-from-106-8-wbtc/,AAVE Liquidation Nets $2.87M from 106.8 WBTC Address,AAVE Liquidation Nets $2.87M from 106.8 WBTC Address,news,200,Indexable,2107,167,0,0,,,0,0,yes,delete,high,P1,no_signal
https://coincu.com/aave-native-stablecoin-gho-20-million/,Aave's Native Stablecoin GHO Surpasses 20 Million Circulation Milestone,Aave’s Native Stablecoin GHO Surpasses 20 Million Circulation Milestone,news,200,Indexable,2013,172,0,0,,,0,0,yes,delete,high,P1,no_signal
https://coincu.com/aave-plasma-chain-deposits/,Aave Reaches $6.5B in Plasma Chain Deposits,Aave Reaches $6.5B in Plasma Chain Deposits,news,200,Indexable,2101,108,0,0,,,0,0,yes,delete,high,P1,no_signal
https://coincu.com/aave-price-looks-set-to-surge-toward-125/,AAVE Price to Surge Toward $125 Following Identical Pattern,AAVE Price Looks Set to Surge Toward $125 Following Identical Pattern,news,200,Indexable,2132,112,0,0,,,0,0,yes,delete,high,P1,no_signal
https://coincu.com/aave-proposes-stability-module-for-gho/,Aave Community Proposes Innovative Stability Module For GHO,Aave Community Proposes Innovative Stability Module For GHO,news,200,Indexable,2432,95,0,0,,,0,0,yes,delete,high,P1,no_signal
https://coincu.com/aave-records-106-transactions-worth-100000/,"Aave Records 106 Transactions Worth $100,000 While LRC Network Surge In January","Aave Records 106 Transactions Worth $100,000 While LRC Network Surge In January",news,200,Indexable,2058,227,0,0,,,0,0,yes,delete,high,P1,no_signal
https://coincu.com/aave-removes-usds-collateral/,Aave Passes Proposal to Remove USDS Collateral,Aave Passes Proposal to Remove USDS Collateral,news,200,Indexable,2123,148,0,0,,,0,0,yes,delete,high,P1,no_signal
https://coincu.com/aave-responses-blocking-addresses/,AAVE Responses On Blocking Addresses Linked To Tornado Cash,AAVE Responses On Blocking Addresses Linked To Tornado Cash,news,200,Indexable,1950,157,0,0,,,0,0,yes,delete,high,P1,no_signal
https://coincu.com/aave-rseth-recovery-plan-first-phase-complete-arbitrum/,Aave Completes First Phase of rsETH Recovery Plan on Arbitrum,Aave Completes First Phase of rsETH Recovery Plan on Arbitrum,news,200,Indexable,2524,127,0,0,,,0,0,yes,delete,high,P1,no_signal
https://coincu.com/aave-surges-past-bullish-flag-target-130/,"AAVE Surges Past Bullish Flag Pattern, Setting Sights on the $130 Price Mark","AAVE Surges Past Bullish Flag Pattern, Setting Sights on the $130 Price Mark",news,200,Indexable,2114,102,0,0,,,0,0,yes,delete,high,P1,no_signal
https://coincu.com/aave-surpasses-1b-in-rwas-as-token/,Aave Surpasses $1B in RWAs as Tokenization Expands Across DeFi,Aave Surpasses $1B in RWAs as Tokenization Expands Across DeFi,news,200,Indexable,2162,107,0,0,,,0,0,yes,delete,high,P1,no_signal
https://coincu.com/aave-suspends-minting-new-gho/,Aave Suspends Minting New GHOs To Fix Integration Issues,Aave Suspends Minting New GHOs To Fix Integration Issues,news,200,Indexable,2073,141,0,0,,,0,0,yes,delete,high,P1,no_signal
https://coincu.com/aave-to-completely-remove-busd/,Aave Community Continues To Completely Remove BUSD From Aave V2,Aave Community Continues To Completely Remove BUSD From Aave V2,news,200,Indexable,2161,108,0,0,,,0,0,yes,delete,high,P1,no_signal
https://coincu.com/aave-unanimously-votes-to-halt-crv-mortgage/,Aave Community Unanimously Votes to Halt CRV Mortgage Lending,Aave Community Unanimously Votes to Halt CRV Mortgage Lending,news,200,Indexable,2200,122,0,0,,,0,0,yes,delete,high,P1,no_signal
https://coincu.com/aave-unleashes-gho/,"Aave Unleashes GHO, The Revolutionary Decentralized Stablecoin Redefining DeFi","Aave Unleashes GHO, The Revolutionary Decentralized Stablecoin Redefining DeFi",news,200,Indexable,2458,91,0,0,,,0,0,yes,delete,high,P1,no_signal
https://coincu.com/aave-v1-removal-proposal/,Aave V1 Removal Proposal Receives Support From Aave Community,Aave V1 Removal Proposal Receives Support From Aave Community,news,200,Indexable,2141,80,0,0,,,0,0,yes,delete,high,P1,no_signal
https://coincu.com/aave-v2-disabled-crv-borrowing/,Aave V2 Disabled The CRV Borrowing Function,Aave V2 Disabled The CRV Borrowing Function,news,200,Indexable,2190,118,0,0,,,0,0,yes,delete,high,P1,no_signal
https://coincu.com/aave-v2-freeze-tusd/,Aave V2 Is Considering Freeze TUSD Out Of Fear Of The Stablecoin Crisis,Aave V2 Is Considering Freeze TUSD Out Of Fear Of The Stablecoin Crisis,news,200,Indexable,2165,122,0,0,,,0,0,yes,delete,high,P1,no_signal
https://coincu.com/aave-v2-is-proposed-to-be-removed/,Aave V2 Is Proposed To Be Removed Because Of Low Demand,Aave V2 Is Proposed To Be Removed Because Of Low Demand,news,200,Indexable,2133,84,0,0,,,0,0,yes,delete,high,P1,no_signal
https://coincu.com/aave-v3-0-1-to-launch-polygon-zkevm-mainnet/,Aave V3.0.1 To Launch On Polygon zkEVM Mainnet For Improved Governance On L2,Aave V3.0.1 To Launch On Polygon zkEVM Mainnet For Improved Governance On L2,news,200,Indexable,2126,157,0,0,,,0,0,yes,delete,high,P1,no_signal
https://coincu.com/aave-v3-deployment-on-ethereum/,New Aave v3 Deployment On Ethereum 99.99% Community Supported,New Aave v3 Deployment On Ethereum 99.99% Community Supported,news,200,Indexable,1932,158,0,0,,,0,0,yes,delete,high,P1,no_signal
https://coincu.com/aave-v3-frozen-on-fantom-blockchain/,Aave V3 Is Frozen On The Fantom Blockchain Due To Security Concerns,Aave V3 Is Frozen On The Fantom Blockchain Due To Security Concerns,news,200,Indexable,2084,130,0,0,,,0,0,yes,delete,high,P1,no_signal
https://coincu.com/aave-v3-on-aptos-mainnet-proposed/,Aave V3 on Aptos Mainnet Was Proposed for Launch,Aave V3 on Aptos Mainnet Was Proposed for Launch,news,200,Indexable,2056,93,0,0,,,0,0,yes,delete,high,P1,no_signal
https://coincu.com/aave-v3-supported-for-deployment-base/,Aave V3 Supported For Deployment Sincerely Coinbase Layer 2 Base Mainnet,Aave V3 Supported For Deployment Sincerely Coinbase Layer 2 Base Mainnet,news,200,Indexable,2208,137,0,0,,,0,0,yes,delete,high,P1,no_signal
https://coincu.com/aave-v3-temperature-check-vote/,Aave V3 Temperature Check Vote To The zkSync Era Mainnet Supported,Aave V3 Temperature Check Vote To The zkSync Era Mainnet Supported,news,200,Indexable,2176,117,0,0,,,0,0,yes,delete,high,P1,no_signal
https://coincu.com/aave-v31-upgrade-was-launched/,Aave v3.1 Upgrade Was Launched To Enhance Security And Different Optimisations,Aave v3.1 Upgrade Was Launched To Enhance Security And Different Optimisations,news,200,Indexable,2076,100,0,0,,,0,0,yes,delete,high,P1,no_signal
https://coincu.com/aave-v3s-funding-news/,Aave V3 Retroactive Funding Proposal Has Been Approved,Aave V3 Retroactive Funding Proposal Has Been Approved,news,200,Indexable,2121,166,0,0,,,0,0,yes,delete,high,P1,no_signal
https://coincu.com/aave-v4-upgrade-to-be-launched-in-late-2024/,Aave V4 Upgrade To Be Launched In Late 2024,Aave V4 Upgrade To Be Launched In Late 2024,news,200,Indexable,2100,149,0,0,,,0,0,yes,delete,high,P1,no_signal
https://coincu.com/aave-wants-to-launch-v3-on-linea/,Aave Wants To Launch V3 On Linea For Mainnet Deployment,Aave Wants To Launch V3 On Linea For Mainnet Deployment,news,200,Indexable,2356,78,0,0,,,0,0,yes,delete,high,P1,no_signal
https://coincu.com/aave-whale-usdt-utilization-spike/,Aave Whale Withdrawal Raises USDT Utilization Above Threshold,Aave Whale Withdrawal Raises USDT Utilization Above Threshold,news,200,Indexable,2144,82,0,0,,,0,0,yes,delete,high,P1,no_signal
https://coincu.com/aavegotchi-polygon-blockchain-q3-2023/,Aavegotchi Will Apply Polygon Technologies To Build A Custom Blockchain For Its Q3 2023 Launch,Aavegotchi Will Apply Polygon Technologies To Build A Custom Blockchain For Its Q3 2023 Launch,news,200,Indexable,2056,116,0,0,,,0,0,yes,delete,high,P1,no_signal
https://coincu.com/aaves-approval-for-aave-v3-mvp-on-neon-evm/,Aave's Approval Paves Way for Aave V3 MVP on Neon EVM!,Aave’s Approval Paves Way for Aave V3 MVP on Neon EVM!,news,200,Indexable,2135,155,0,0,,,0,0,yes,delete,high,P1,no_signal
https://coincu.com/aaves-exciting-vote-on-celo-integration/,Aave's Exciting Vote On Celo Integration And Innovative Liquidity Boost,Aave’s Exciting Vote On Celo Integration And Innovative Liquidity Boost,news,200,Indexable,2108,89,0,0,,,0,0,yes,delete,high,P1,no_signal
https://coincu.com/aax-and-ftx-personnel-profile-disappeared/,AAX And FTX Personnel Profile Attending Hong Kong Fintech Week 2022 Strangely “Disappeared”,AAX And FTX Personnel Profile Attending Hong Kong Fintech Week 2022 Strangely “Disappeared”,news,200,Indexable,2233,360,0,0,,,0,0,yes,delete,high,P1,no_signal
https://coincu.com/aax-announces-closes-out-derivatives-time/,AAX Announces Closes Out Derivatives Time,AAX Announces Closes Out Derivatives Time,news,200,Indexable,2028,151,0,0,,,0,0,yes,delete,high,P1,no_signal
https://coincu.com/aax-automatic-liquidate-futures-positions/,AAX Has A Plan To Automatically Liquidate Outstanding Futures Positions,AAX Has A Plan To Automatically Liquidate Outstanding Futures Positions,news,200,Indexable,1987,157,0,0,,,0,0,yes,delete,high,P1,no_signal
https://coincu.com/aax-ben-caselin-resigned-amid-bankruptcy/,AAX Vice President Ben Caselin Resigned Amid Bankruptcy Rumors,AAX Vice President Ben Caselin Resigned Amid Bankruptcy Rumors,news,200,Indexable,2018,157,0,0,,,0,0,yes,delete,high,P1,no_signal
https://coincu.com/aax-bring-real-value-digital-assets/,Interview: AAX Exchange - Always Innovating To Bring Real Value to Digital Assets,Interview: AAX Exchange – Always Innovating To Bring Real Value to Digital Assets,news,200,Indexable,2574,156,0,0,,,0,0,yes,delete,high,P1,no_signal
https://coincu.com/aax-employees-informed-of-the-layoff/,All AAX Employees Have Been Informed Of The Layoff,All AAX Employees Have Been Informed Of The Layoff,news,200,Indexable,1970,150,0,0,,,0,0,yes,delete,high,P1,no_signal
https://coincu.com/aax-rug-pull-plan-relationship-aax/,"Proofs Of AAX Rug Pull Plan: The Complicated Relationship Of AAX, Digifinex And Zedxion (Updating)","Proofs Of AAX Rug Pull Plan: The Complicated Relationship Of AAX, Digifinex And Zedxion (Updating)",news,200,Indexable,2023,191,0,0,,,0,0,yes,delete,high,P1,no_signal
https://coincu.com/aax-suspends-all-operations/,Crypto Exchange AAX Suspends All Operations,Crypto Exchange AAX Suspends All Operations,news,200,Indexable,2080,153,0,0,,,0,0,yes,delete,high,P1,no_signal
https://coincu.com/abds-token-now-live-for-trading-on-3-major-crypto-exchanges/,ABDS Token Now Live for Trading on 3 Major Crypto Exchanges,ABDS Token Now Live for Trading on 3 Major Crypto Exchanges,news,200,Indexable,2635,218,0,0,,,0,0,yes,delete,high,P1,no_signal
https://coincu.com/abo-digital-drives-digital-asset-2-billion/,ABO Digital Drives Digital Asset Growth With $2 Billion Financing Commitments,ABO Digital Drives Digital Asset Growth With $2 Billion Financing Commitments,news,200,Indexable,2120,300,0,0,,,0,0,yes,delete,high,P1,no_signal
https://coincu.com/abra-begins-cut-costs-restructure-business/,Cryptocurrency Company Abra Begins Plan To Cut Costs And Restructure The Business,Cryptocurrency Company Abra Begins Plan To Cut Costs And Restructure The Business,news,200,Indexable,2152,200,0,0,,,0,0,yes,delete,high,P1,no_signal
https://coincu.com/abra-digital-asset-funding-for-users/,Abra Establishes First U.S. Regulated Digital Asset Bank,Abra Establishes First U.S. Regulated Digital Asset Bank,news,200,Indexable,2024,158,0,0,,,0,0,yes,delete,high,P1,no_signal
https://coincu.com/abracadabra-calls-on-sushi-swap/,Abracadabra Calls On Sushi Swap As A Faulty Oracle Threatens $10 Million,Abracadabra Calls On Sushi Swap As A Faulty Oracle Threatens $10 Million,news,200,Indexable,2005,158,0,0,,,0,0,yes,delete,high,P1,no_signal
https://coincu.com/abracadabra-defi-hack-tornado-cash/,Abracadabra's DeFi Protocol Hit by $1.7M Hacker Attack,Abracadabra’s DeFi Protocol Hit by $1.7M Hacker Attack,news,200,Indexable,2076,72,0,0,,,0,0,yes,delete,high,P1,no_signal
https://coincu.com/abraxas-capital-short-profit/,Abraxas Capital's Short Positions Yield $269 Million Profit,Abraxas Capital’s Short Positions Yield $269 Million Profit,news,200,Indexable,2169,83,0,0,,,0,0,yes,delete,high,P1,no_signal
https://coincu.com/abrdn-joins-hedera/,abrdn Joins Hedera Governing Council To Develop The Field Of Digital Assets,abrdn Joins Hedera Governing Council To Develop The Field Of Digital Assets,news,200,Indexable,2109,54,0,0,,,0,0,yes,delete,high,P1,no_signal
https://coincu.com/abs2024-taipei-becomes-asias-hub-for-pioneers-of-web3-and-ai/,ABS2024: Taipei Becomes Asia’s Hub for Pioneers of Web3 and AI,ABS2024: Taipei Becomes Asia’s Hub for Pioneers of Web3 and AI,news,200,Indexable,2699,173,0,0,,,0,0,yes,delete,high,P1,no_signal
https://coincu.com/abstract/,Abstract,Abstract,news,200,Indexable,2003,58,0,0,,,0,0,yes,delete,high,P1,no_signal
https://coincu.com/abu-dhabi-billion-dollar-fund-for-web3/,Abu Dhabi Has A Billion-Dollar Fund For Web3 And Blockchain Development,Abu Dhabi Has A Billion-Dollar Fund For Web3 And Blockchain Development,news,200,Indexable,2026,151,0,0,,,0,0,yes,delete,high,P1,no_signal
https://coincu.com/abu-dhabi-declares-tether-usdt-virtual-asset/,Abu Dhabi Market Declares Tether USDT Virtual Asset Status,Abu Dhabi Market Declares Tether USDT Virtual Asset Status,news,200,Indexable,2121,185,0,0,,,0,0,yes,delete,high,P1,no_signal
https://coincu.com/aca-group-gives-up-acquiring-bitflyer/,ACA Group Gives Up Acquiring Japan's Largest Crypto Exchange BitFlyer,ACA Group Gives Up Acquiring Japan’s Largest Crypto Exchange BitFlyer,news,200,Indexable,1917,283,0,0,,,0,0,yes,delete,high,P1,no_signal
https://coincu.com/acala-community-votes-to-burn-ausd/,Acala Community Votes To Burn 2.97 Billion Mistakenly Minted aUSD Stablecoins,Acala Community Votes To Burn 2.97 Billion Mistakenly Minted aUSD Stablecoins,news,200,Indexable,1940,157,0,0,,,0,0,yes,delete,high,P1,no_signal
https://coincu.com/acala-emissions-burn-upgrade-august-15/,Acala Emissions And Burn Upgrade August 15 If Vote Passes,Acala Emissions And Burn Upgrade August 15 If Vote Passes,news,200,Indexable,2045,99,0,0,,,0,0,yes,delete,high,P1,no_signal
https://coincu.com/acala-makes-proposal-burn-1-28-billion-ausd/,Acala Makes Proposal To Burn 1.28 Billion aUSD After Hacking Investigation,Acala Makes Proposal To Burn 1.28 Billion aUSD After Hacking Investigation,news,200,Indexable,2112,127,0,0,,,0,0,yes,delete,high,P1,no_signal
https://coincu.com/acala-network-recover-1-7-billion-ausd/,Acala Network Continues To Recover Nearly 1.7 Billion aUSD After The Hack,Acala Network Continues To Recover Nearly 1.7 Billion aUSD After The Hack,news,200,Indexable,2206,106,0,0,,,0,0,yes,delete,high,P1,no_signal
https://coincu.com/acala-network-restarts-operations/,Acala Network Restarts Operations After August Crash,Acala Network Restarts Operations After August Crash,news,200,Indexable,2080,139,0,0,,,0,0,yes,delete,high,P1,no_signal
https://coincu.com/acala-network-voting-phase-1-lps-withdraw/,"Acala Network Works Again, Voting Phase 1 Allows LPs Withdraw Liquidity From Pools","Acala Network Works Again, Voting Phase 1 Allows LPs Withdraw Liquidity From Pools",news,200,Indexable,2049,201,0,0,,,0,0,yes,delete,high,P1,no_signal
https://coincu.com/acala-networks-phase-1-vote/,Acala Network's Phase 1 Vote To Resume Operations Gets Passed,Acala Network’s Phase 1 Vote To Resume Operations Gets Passed,news,200,Indexable,2016,149,0,0,,,0,0,yes,delete,high,P1,no_signal
https://coincu.com/acala-operations-full-resuming/,Acala Operations Have Been Full Resuming But aUSD Still Lost Its Peg,Acala Operations Have Been Full Resuming But aUSD Still Lost Its Peg,news,200,Indexable,2085,205,0,0,,,0,0,yes,delete,high,P1,no_signal
https://coincu.com/acala-regain-peg-for-ausd/,Acala Successfully Regain Peg For AUSD After 2 Days Of Problems,Acala Successfully Regain Peg For AUSD After 2 Days Of Problems,news,200,Indexable,2015,151,0,0,,,0,0,yes,delete,high,P1,no_signal
https://coincu.com/acala-usdnbspausd-polkadot-lost-peg/,Acala USD (AUSD) Stablecoin On Polkadot Lost Peg,Acala USD (AUSD) Stablecoin On Polkadot Lost Peg,news,200,Indexable,1962,142,0,0,,,0,0,yes,delete,high,P1,no_signal
https://coincu.com/account/,Account,Account,news,200,Indexable,2157,97,0,0,,,0,0,yes,delete,high,P1,no_signal
https://coincu.com/accounting-firm-bdo-considering-crypto/,Accounting Firm BDO Considering Approach For Crypto Companies,Accounting Firm BDO Considering Approach For Crypto Companies,news,200,Indexable,1983,47,0,0,,,0,0,yes,delete,high,P1,no_signal
https://coincu.com/across-protocol-raises-10-million/,Across Protocol Raises $10 Million At $200 Million Valuation With Hack VC Involved,Across Protocol Raises $10 Million At $200 Million Valuation With Hack VC Involved,news,200,Indexable,1985,194,0,0,,,0,0,yes,delete,high,P1,no_signal
https://coincu.com/across-protocol-token-ethereums-scaling/,Across Protocol - The Token Bridge Between Ethereum's Layer 2 To Layer 1 Scaling Solution,Across Protocol – The Token Bridge Between Ethereum’s Layer 2 To Layer 1 Scaling Solution,news,200,Indexable,3012,181,0,0,,,0,0,yes,delete,high,P1,no_signal
https://coincu.com/across-to-launch-acx-on-november-28/,Across Protocol To Launch ACX On November 28,Across Protocol To Launch ACX On November 28,news,200,Indexable,1956,119,0,0,,,0,0,yes,delete,high,P1,no_signal
https://coincu.com/act-holdings-fully-distributed-destroyed-or-sold/,"ACT Holdings Fully Distributed, Destroyed, or Sold by Developers","ACT Holdings Fully Distributed, Destroyed, or Sold by Developers",news,200,Indexable,2229,130,0,0,,,0,0,yes,delete,high,P1,no_signal
https://coincu.com/act-launches-ai-meme-fund-creative-meme-ideas/,ACT Launches $1M AI Meme Fund For Creative Meme Ideas,ACT Launches $1M AI Meme Fund For Creative Meme Ideas,news,200,Indexable,2106,184,0,0,,,0,0,yes,delete,high,P1,no_signal
https://coincu.com/act-now-tap-into-toncoin-and-solanas-explosive-growth/,Act now: Tap Into Toncoin and Solana’s Explosive Growth,Act now: Tap Into Toncoin and Solana’s Explosive Growth,news,200,Indexable,2453,168,0,0,,,0,0,yes,delete,high,P1,no_signal
https://coincu.com/act-token-second-ai-meme-coin/,ACT Token: Second AI Meme Coin to Get Trading Support from Binance,ACT Token: Second AI Meme Coin to Get Trading Support from Binance,news,200,Indexable,2647,100,0,0,,,0,0,yes,delete,high,P1,no_signal
https://coincu.com/acting-sec-chair-is-mark-uyeda/,Acting SEC Chair Is Now Currently Served by Crypto Supporter Mark Uyeda,Acting SEC Chair Is Now Currently Served by Crypto Supporter Mark Uyeda,news,200,Indexable,2123,111,0,0,,,0,0,yes,delete,high,P1,no_signal
https://coincu.com/active-ethereum-addresses-reached-fresh-low/,"Active Ethereum Addresses Reached A Fresh Two-Year Low, Will Its Price Follow?","Active Ethereum Addresses Reached A Fresh Two-Year Low, Will Its Price Follow?",news,200,Indexable,2093,157,0,0,,,0,0,yes,delete,high,P1,no_signal
https://coincu.com/activision-blizzard-pay-35-million-sec-fine/,Activision Blizzard Pays $35 Million SEC Fine For Allegations Of Workplace Misconduct,Activision Blizzard Pays $35 Million SEC Fine For Allegations Of Workplace Misconduct,news,200,Indexable,2097,220,0,0,,,0,0,yes,delete,high,P1,no_signal
https://coincu.com/actual-owner-of-bithumb-arrested/,Actual Owner Of Bithumb Arrested For Embezzlement Of Company Assets,Actual Owner Of Bithumb Arrested For Embezzlement Of Company Assets,news,200,Indexable,2157,325,0,0,,,0,0,yes,delete,high,P1,no_signal
https://coincu.com/ada-breakdown-looms/,ADA Breakdown Looms: $0.782 Key to $0.731 Target,ADA Breakdown Looms: $0.782 Key to $0.731 Target,news,200,Indexable,2093,96,0,0,,,0,0,yes,delete,high,P1,no_signal
https://coincu.com/ada-breakout-signals-potential-upside-as-bulls-recall-past-explosive-gains/,ADA Breakout Signals Potential Upside as Bulls Recall Past Explosive Gains,ADA Breakout Signals Potential Upside as Bulls Recall Past Explosive Gains,news,200,Indexable,2180,87,0,0,,,0,0,yes,delete,high,P1,no_signal
https://coincu.com/ada-breaks-trendline-as-charts-signal-40/,ADA Breaks Trendline as Charts Signal a 40% Bullish Wave,ADA Breaks Trendline as Charts Signal a 40% Bullish Wave Ahead,news,200,Indexable,2190,128,0,0,,,0,0,yes,delete,high,P1,no_signal
https://coincu.com/ada-eyes-critical-0-90-resistance-for-potential-rally-to-1-10-target/,ADA Eyes Critical $0.90 Resistance for Potential Rally,ADA Eyes Critical $0.90 Resistance for Potential Rally to $1.10 Target,news,200,Indexable,2174,110,0,0,,,0,0,yes,delete,high,P1,no_signal
https://coincu.com/ada-eyes-recovery-in-descending-channel/,ADA Eyes Recovery in Descending Channel: Is a Rally Toward $0.37 Ahead?,ADA Eyes Recovery in Descending Channel: Is a Rally Toward $0.37 Ahead?,news,200,Indexable,2209,114,0,0,,,0,0,yes,delete,high,P1,no_signal
https://coincu.com/ada-fresh-signals-as-outflows-persist/,ADA Bulls Get Fresh Signals as Outflows Persist and Funding Turns Positive,ADA Bulls Get Fresh Signals as Outflows Persist and Funding Turns Positive,news,200,Indexable,2006,119,0,0,,,0,0,yes,delete,high,P1,no_signal
https://coincu.com/ada-must-break-downtrend-to-new-highs/,ADA Must Break Downtrend to Reach New Highs with $0.50 Target After Breakout,ADA Must Break Downtrend to Reach New Highs with $0.50 Target After Breakout,news,200,Indexable,2130,148,0,0,,,0,0,yes,delete,high,P1,no_signal
https://coincu.com/ada-near-breaking-point/,ADA Near Breaking Point: Can It Hold $0.276 Support?,ADA Near Breaking Point: Can It Hold $0.276 Support?,news,200,Indexable,2166,130,0,0,,,0,0,yes,delete,high,P1,no_signal
https://coincu.com/ada-on-the-edge-will-0-33-hold/,ADA on the Edge: Will $0.33 Hold or Break Down?,ADA on the Edge: Will $0.33 Hold or Break Down?,news,200,Indexable,2112,124,0,0,,,0,0,yes,delete,high,P1,no_signal
https://coincu.com/ada-on-the-edge-will-it-crash/,,,news,200,Indexable,0,0,0,0,,,0,0,yes,delete,high,P1,missing_meta_description
https://coincu.com/ada-price-action-bounce-toward-0-53/,ADA Price Action Could See Bounce Toward $0.53 If Demand Zone Holds Strong,ADA Price Action Could See Bounce Toward $0.53 If Demand Zone Holds Strong,news,200,Indexable,2223,113,0,0,,,0,0,yes,delete,high,P1,no_signal
https://coincu.com/ada-price-struggles-below-0-438-potential-abc-correction-in-wave-2-forecast-ada/,Cardano (ADA) Price Outlook: Break Above $0.438 Signals Positivity for ADA,ADA Price Struggles Below $0.438 with Potential for ABC Correction in Wave-(2) Forecast,news,200,Indexable,2150,148,0,0,,,0,0,yes,delete,high,P1,no_signal
https://coincu.com/ada-reach-previous-3000-targeting-5-81/,ADA Reaches Level That Sparked Previous 3000% Run Targeting $5.81,ADA Reaches Level That Sparked Previous 3000% Run Targeting $5.81,news,200,Indexable,2187,93,0,0,,,0,0,yes,delete,high,P1,no_signal
https://coincu.com/ada-rockets-17-in-a-week/,"ADA Rockets 17% in a Week, $1.50 Incoming?","ADA Rockets 17% in a Week, $1.50 Incoming?",news,200,Indexable,2175,107,0,0,,,0,0,yes,delete,high,P1,no_signal
https://coincu.com/ada-shows-early-rebound-signs-with-bullish-divergence-and-double-bottom-targeting-0-50/,ADA Shows Early Rebound Signs with Bullish Divergence and Double-Bottom Targeting $0.50,ADA Shows Early Rebound Signs with Bullish Divergence and Double-Bottom Targeting $0.50,news,200,Indexable,2144,105,0,0,,,0,0,yes,delete,high,P1,no_signal
https://coincu.com/ada-taps-liquidity-will-bulls-push/,"ADA Taps Liquidity, Will Bulls Push Toward $0.79 Next?","ADA Taps Liquidity, Will Bulls Push Toward $0.79 Next?",news,200,Indexable,2174,116,0,0,,,0,0,yes,delete,high,P1,no_signal
https://coincu.com/ada-tests-key-0-52-level-strong-rebound-incoming/,ADA Tests Key $0.52 Level: Strong Rebound Incoming?,ADA Tests Key $0.52 Level: Strong Rebound Incoming?,news,200,Indexable,2215,121,0,0,,,0,0,yes,delete,high,P1,no_signal
https://coincu.com/ada-underperforms-shib-and-cardano-bros/,"ADA Underperforms SHIB, And Nansen CEO Mocks Cardano Bros","ADA Underperforms SHIB, And Nansen CEO Mocks Cardano Bros",news,200,Indexable,2009,157,0,0,,,0,0,yes,delete,high,P1,no_signal
https://coincu.com/adam-back/,Adam Back,Adam Back,news,200,Indexable,1965,145,0,0,,,0,0,yes,delete,high,P1,no_signal
https://coincu.com/adapting-to-the-changing-dynamics-of-crypto-trading-with-blockchain/,Adapting to the Changing Dynamics of Crypto Trading with Blockchain,Adapting to the Changing Dynamics of Crypto Trading with Blockchain,news,200,Indexable,3666,146,0,0,,,0,0,yes,delete,high,P1,no_signal
https://coincu.com/adaptive-state-sharding/,Adaptive State Sharding,Adaptive State Sharding,news,200,Indexable,2307,144,0,0,,,0,0,yes,delete,high,P1,no_signal
https://coincu.com/address-buy-ladys-before-elon-musk/,Mysterious Address Buy $LADYS In Bulk 1H Before Elon Musk Stirs Milady,Mysterious Address Buy $LADYS In Bulk 1H Before Elon Musk Stirs Milady,news,200,Indexable,2020,108,0,0,,,0,0,yes,delete,high,P1,no_signal
https://coincu.com/address-error-results-in-68-million-wbtc-loss/,"Address Error Results in $68 Million WBTC Loss, Victim Falls to Phishing Scam","Address Error Results in $68 Million WBTC Loss, Victim Falls to Phishing Scam",news,200,Indexable,2083,153,0,0,,,0,0,yes,delete,high,P1,no_signal
https://coincu.com/address-opens-3845-eth-position-at-2074-worth-7-97-million/,"Address Opens 3,845 ETH Position at $2,074 for $7.97M","Address Opens 3,845 ETH Position at $2,074 for $7.97M",news,200,Indexable,2482,147,0,0,,,0,0,yes,delete,high,P1,no_signal
https://coincu.com/address/,Address,Address,news,200,Indexable,2087,116,0,0,,,0,0,yes,delete,high,P1,no_signal
https://coincu.com/addresses-0-01-bitcoin-hit-new-high/,Addresses Holding More Than 0.01 Bitcoin Hit A New High,Addresses Holding More Than 0.01 Bitcoin Hit A New High,news,200,Indexable,2171,120,0,0,,,0,0,yes,delete,high,P1,no_signal
https://coincu.com/addresses-over-100-ethereum/,Number Of Addresses Holding Over 100 Ethereum Reached A 20-month High,Number Of Addresses Holding Over 100 Ethereum Reached A 20-month High,news,200,Indexable,2314,117,0,0,,,0,0,yes,delete,high,P1,no_signal
https://coincu.com/adidas-unleashes-groundbreaking-alts-nft/,Adidas Unleashes Groundbreaking ALTS NFT Collection,Adidas Unleashes Groundbreaking ALTS NFT Collection,news,200,Indexable,2118,202,0,0,,,0,0,yes,delete,high,P1,no_signal
https://coincu.com/adidas-web3-launches-residency-for-nft-artists/,Adidas Web3 Launches 'RESIDENCY by Adidas' - Unlock Your Potential,Adidas Web3 Launches ‘RESIDENCY by Adidas’ – Unlock Your Potential,news,200,Indexable,2094,49,0,0,,,0,0,yes,delete,high,P1,no_signal
https://coincu.com/adoption-curve/,Adoption Curve,Adoption Curve,news,200,Indexable,2371,188,0,0,,,0,0,yes,delete,high,P1,no_signal
https://coincu.com/adoptioncon-buenos-aires-2025/,Explore Global Economy Insights at AdoptionCon Buenos Aires 2025 Event,Explore Global Economy Insights at AdoptionCon Buenos Aires 2025 Event,news,200,Indexable,1843,140,0,0,,,0,0,yes,delete,high,P1,no_signal
https://coincu.com/adp-data-fed-hold-rates-hawkish-analysis/,ADP Data May Keep the Fed on Hold or Support a Rate Hike,ADP Data May Keep the Fed on Hold or Support a Rate Hike,news,200,Indexable,2970,145,0,0,,,0,0,yes,delete,high,P1,no_signal
https://coincu.com/advanced-strategies-for-crypto-trading/,Advanced Strategies for Crypto Trading,Advanced Strategies for Crypto Trading,news,200,Indexable,4684,129,0,0,,,0,0,yes,delete,high,P1,no_signal
https://coincu.com/advantages-zero-knowledge-proofs/,What Advantages Do Zero-Knowledge Proofs Have To Create A New Security Technology Revolution?,What Advantages Do Zero-Knowledge Proofs Have To Create A New Security Technology Revolution?,news,200,Indexable,3027,339,0,0,,,0,0,yes,delete,high,P1,no_signal
https://coincu.com/aera-creates-vaults-for-daos-on-polygon/,Aera Creates Treasury Optimizing Vaults For DAOs On Polygon,Aera Creates Treasury Optimizing Vaults For DAOs On Polygon,news,200,Indexable,1866,132,0,0,,,0,0,yes,delete,high,P1,no_signal
https://coincu.com/aerodrome-helps-base-soar/,New DeFi Platform Aerodrome Helps Base Soar More Than 50% TVL Of The Week,New DeFi Platform Aerodrome Helps Base Soar More Than 50% TVL Of The Week,news,200,Indexable,2099,96,0,0,,,0,0,yes,delete,high,P1,no_signal
https://coincu.com/aex-controlled-assets-cant-be-released/,"AEX Exchange: Controlled Assets Can't Be Released Quickly; A ""Soft Redemption"" Method Will Be Used",AEX Exchange: Controlled Assets Can’t Be Released Quickly; A “Soft Redemption” Method Will Be Used,news,200,Indexable,1890,153,0,0,,,0,0,yes,delete,high,P1,no_signal
https://coincu.com/aex-suspends-all-services/,Cryptocurrency Exchange AEX Suspends All Services,Cryptocurrency Exchange AEX Suspends All Services,news,200,Indexable,1972,156,0,0,,,0,0,yes,delete,high,P1,no_signal
https://coincu.com/affirm-confirms-to-crypto-program/,Affirm Confirms To Crypto Program After 19% Staff Cut,Affirm Confirms To Crypto Program After 19% Staff Cut,news,200,Indexable,2369,181,0,0,,,0,0,yes,delete,high,P1,no_signal
https://coincu.com/africa-bitcoin-conference-2024/,Africa Bitcoin Conference 2024 to Be Held in Kenya,Africa Bitcoin Conference 2024 to Be Held in Kenya,press_release_like,200,Indexable,1859,154,0,0,,,0,0,yes,delete,high,P1,event_pr_signal
https://coincu.com/after-ftx-went-bankrupt-part-3/,The Collapse Of FTX Empire - After FTX Went Bankrupt | Part 3,The Collapse Of FTX Empire – After FTX Went Bankrupt | Part 3,news,200,Indexable,2021,149,0,0,,,0,0,yes,delete,high,P1,no_signal
https://coincu.com/after-the-merge-issuance-rate-dropped/,"After The Merge, Ethereum's Issuance Rate Dropped","After The Merge, Ethereum’s Issuance Rate Dropped",news,200,Indexable,2069,266,0,0,,,0,0,yes,delete,high,P1,no_signal
https://coincu.com/after-the-merge-many-reasons-eth-dropping/,After 24h The Merge Seems To Have Too Many Reasons For ETH Dropping,After 24h The Merge Seems To Have Too Many Reasons For ETH Dropping,news,200,Indexable,2043,155,0,0,,,0,0,yes,delete,high,P1,no_signal
https://coincu.com/afx-launches-mainnet-points-program-to-reward-real-traders-liquidity-providers-and-communities/,"AFX Launches Mainnet Points Program to Reward Real Traders, Liquidity Providers, and Communities","AFX Launches Mainnet Points Program to Reward Real Traders, Liquidity Providers, and Communities",news,200,Indexable,2103,48,0,0,,,0,0,yes,delete,high,P1,no_signal
https://coincu.com/afx-launches-sovereign-layer-1-providing-an-optimized-execution-environment-for-on-chain-perp-dexes/,"AFX Launches Sovereign Layer 1, Providing an Optimized Execution Environment for On-chain Perp DEXes","AFX Launches Sovereign Layer 1, Providing an Optimized Execution Environment for On-chain Perp DEXes",news,200,Indexable,2233,48,0,0,,,0,0,yes,delete,high,P1,no_signal
https://coincu.com/agents-day-devconnect-buenos-aires/,Explore Agentic AI and Blockchain at Agents Day @ DevConnect Buenos Aires,Explore Agentic AI and Blockchain at Agents Day @ DevConnect Buenos Aires,news,200,Indexable,1901,156,0,0,,,0,0,yes,delete,high,P1,no_signal
https://coincu.com/agglayer-interoperability-fast-tracked-by-zk/,AggLayer Interoperability Fast-Tracked By Custom ZK Chips Unveiled,AggLayer Interoperability Fast-Tracked By Custom ZK Chips Unveiled,news,200,Indexable,2077,177,0,0,,,0,0,yes,delete,high,P1,no_signal
https://coincu.com/agora-10th-global-blockchain-congress-dubai/,"Agora 10th Global Blockchain Congress On November 23rd And 24th In Dubai, The UAE","Agora 10th Global Blockchain Congress On November 23rd And 24th In Dubai, The UAE",news,200,Indexable,2173,107,0,0,,,0,0,yes,delete,high,P1,no_signal
https://coincu.com/agora-backed-ausd-stablecoin-is-live-on-sui/,Agora-Backed AUSD Stablecoin is Live on Sui,Agora-Backed AUSD Stablecoin is Live on Sui,news,200,Indexable,2145,59,0,0,,,0,0,yes,delete,high,P1,no_signal
https://coincu.com/agoric-unveils-orchestration-for-next-gen-web3-applications/,Agoric Unveils Orchestration for Next-Gen Web3 Applications,Agoric Unveils Orchestration for Next-Gen Web3 Applications,news,200,Indexable,2296,68,0,0,,,0,0,yes,delete,high,P1,no_signal
https://coincu.com/ai-agent-coins-boom-with-10-22-sector-growth/,AI Agent Coins Boom with 10.22% Sector Growth,AI Agent Coins Boom with 10.22% Sector Growth,news,200,Indexable,2163,153,0,0,,,0,0,yes,delete,high,P1,no_signal
https://coincu.com/ai-agent-platform-ai16z-becomes-elizaos/,AI Agent Platform ai16z Officially Becomes ElizaOS,AI Agent Platform ai16z Officially Becomes ElizaOS,news,200,Indexable,2062,147,0,0,,,0,0,yes,delete,high,P1,no_signal
https://coincu.com/ai-agent-tokens-debate-intensifies-amid-volatile/,AI Agent Tokens Debate Intensifies Amid Volatile Price Swings,AI Agent Tokens Debate Intensifies Amid Volatile Price Swings,news,200,Indexable,2110,161,0,0,,,0,0,yes,delete,high,P1,no_signal
https://coincu.com/ai-agents-close-to-overtaking-memecoins-solana-analyst-says-get-in-early-for-a-55409-roi-in-2025/,"AI Agents Close to Overtaking Memecoins, Solana Analyst Says Get in Early for a 55,409% ROI in 2025","AI Agents Close to Overtaking Memecoins, Solana Analyst Says Get in Early for a 55,409% ROI in 2025",news,200,Indexable,2581,139,0,0,,,0,0,yes,delete,high,P1,no_signal
https://coincu.com/ai-agents-sector-loses-14-billion-in-three-weeks/,"AI Agents Sector Loses $14 Billion in Three Weeks, Market Value Hits $6.2B","AI Agents Sector Loses $14 Billion in Three Weeks, Market Value Hits $6.2B",news,200,Indexable,2115,125,0,0,,,0,0,yes,delete,high,P1,no_signal
https://coincu.com/ai-altcoin-follows-almost-the-same-fractal-as-the-dogecoin-price-before-its-8000x-run/,AI Altcoin Follows ‘Almost’ the Same Fractal as the Dogecoin Price Before its 8000x Run,AI Altcoin Follows ‘Almost’ the Same Fractal as the Dogecoin Price Before its 8000x Run,news,200,Indexable,2575,136,0,0,,,0,0,yes,delete,high,P1,no_signal
https://coincu.com/ai-analysis-launches-the-aia-mastercard-the-future-of-crypto-fiat-transactions/,AI Analysis Launches The AIA Mastercard – The Future of Crypto-Fiat Transactions,AI Analysis Launches The AIA Mastercard – The Future of Crypto-Fiat Transactions,news,200,Indexable,2736,59,0,0,,,0,0,yes,delete,high,P1,no_signal
https://coincu.com/ai-and-crypto-czars-role-has-now-narrowed/,AI and Crypto Czar's Role Has Now Narrowed Significantly,AI and Crypto Czar’s Role Has Now Narrowed Significantly,news,200,Indexable,2079,116,0,0,,,0,0,yes,delete,high,P1,no_signal
https://coincu.com/ai-blockchain-new-trend-in-2023/,Will AI Blockchain Become The New Trend Of Cryptocurrency In 2023?,Will AI Blockchain Become The New Trend Of Cryptocurrency In 2023?,news,200,Indexable,3046,158,0,0,,,0,0,yes,delete,high,P1,no_signal
https://coincu.com/ai-boom-fuels-near-protocol-nexchain-all-time-highs-coming-this-summer/,AI Boom Fuels Near Protocol & Nexchain: All-Time Highs Coming This Summer?,AI Boom Fuels Near Protocol & Nexchain: All-Time Highs Coming This Summer?,news,200,Indexable,2389,191,0,0,,,0,0,yes,delete,high,P1,no_signal
https://coincu.com/ai-can-be-democratized-for-everyone-this-is-why-we-need-it/,AI Can Be Democratized for Everyone. This Is Why We Need It,AI Can Be Democratized for Everyone. This Is Why We Need It,news,200,Indexable,3152,200,0,0,,,0,0,yes,delete,high,P1,no_signal
https://coincu.com/ai-crypto-market-is-facing-huge-challenges/,AI Crypto Market Is Facing Huge Challenges After Price Increase,AI Crypto Market Is Facing Huge Challenges After Price Increase,news,200,Indexable,2133,112,0,0,,,0,0,yes,delete,high,P1,no_signal
https://coincu.com/ai-dogecoin-price-july-volatility-looms/,"AI Predicts Dogecoin Price For July, But Market Volatility Looms","AI Predicts Dogecoin Price For July, But Market Volatility Looms",news,200,Indexable,1915,103,0,0,,,0,0,yes,delete,high,P1,no_signal
https://coincu.com/ai-meets-real-estate-analysts-predict-a-new-ethereum-altcoin-will-disrupt-the-market-with-unique-features/,AI Meets Real Estate: Analysts Predict A New Ethereum Altcoin Will Disrupt The Market With Unique Features,AI Meets Real Estate: Analysts Predict A New Ethereum Altcoin Will Disrupt The Market With Unique Features,news,200,Indexable,2637,150,0,0,,,0,0,yes,delete,high,P1,no_signal
https://coincu.com/ai-meme-coins-lead-16-rally-amid-market-slump/,AI Meme Coins Lead 16% Rally Amid Market Slump,AI Meme Coins Lead 16% Rally Amid Market Slump,news,200,Indexable,2207,169,0,0,,,0,0,yes,delete,high,P1,no_signal
https://coincu.com/ai-society-celebrates-remarkable-achievement/,"AI Society Celebrates Remarkable Achievement: Surpasses 500 Nodes Sold, Raising Over $1 Million","AI Society Celebrates Remarkable Achievement: Surpasses 500 Nodes Sold, Raising Over $1 Million",news,200,Indexable,2198,253,0,0,,,0,0,yes,delete,high,P1,no_signal
https://coincu.com/ai-society-hits-2m-milestone-1000-nodes-sold/,AI Society (AIS) Hits $2 Million Milestone with 1000 Nodes Sold,AI Society (AIS) Hits $2 Million Milestone with 1000 Nodes Sold,news,200,Indexable,2199,144,0,0,,,0,0,yes,delete,high,P1,no_signal
https://coincu.com/ai-technology-metars-major-transformation/,"Embracing AI Technology, Metars is Undergoing Major Transformation","Embracing AI Technology, Metars is Undergoing Major Transformation",news,200,Indexable,2088,116,0,0,,,0,0,yes,delete,high,P1,no_signal
https://coincu.com/ai-venture-capital-investment-2025/,Venture Capital Investments in AI Surge to Record $192.7 Billion,Venture Capital Investments in AI Surge to Record $192.7 Billion,news,200,Indexable,2142,144,0,0,,,0,0,yes,delete,high,P1,no_signal
https://coincu.com/ai16z-integrate-hierarchical-task-networks-eliza/,"Ai16z Will Integrate ""Hierarchical Task Networks"" Into Eliza V2",Ai16z Will Integrate “Hierarchical Task Networks” Into Eliza V2,news,200,Indexable,2275,131,0,0,,,0,0,yes,delete,high,P1,no_signal
https://coincu.com/aikon-raises-10-million/,Aikon Raises $10 Million Series A Funding Round Led By Morgan Creek,Aikon Raises $10 Million Series A Funding Round Led By Morgan Creek,news,200,Indexable,2000,144,0,0,,,0,0,yes,delete,high,P1,no_signal
https://coincu.com/ain-expands-to-7-dexs-as-ai-network-activates-omnichain-ai-economy/,$AIN Expands to 7 DEXs as AI Network Activates Omnichain AI Economy,$AIN Expands to 7 DEXs as AI Network Activates Omnichain AI Economy,news,200,Indexable,2029,141,0,0,,,0,0,yes,delete,high,P1,no_signal
https://coincu.com/air-gap/,Air Gap,Air Gap,news,200,Indexable,2202,143,0,0,,,0,0,yes,delete,high,P1,no_signal
https://coincu.com/airbus-nft-collection-launch-on-avalanche/,Airbus NFT Collection Is Ready To Launch On Avalanche,Airbus NFT Collection Is Ready To Launch On Avalanche,news,200,Indexable,2074,155,0,0,,,0,0,yes,delete,high,P1,no_signal
https://coincu.com/airdao-launches-ethereum-bridge/,AirDAO Launches Ethereum Cross-chain Bridge,AirDAO Launches Ethereum Cross-chain Bridge,news,200,Indexable,1766,156,0,0,,,0,0,yes,delete,high,P1,no_signal
https://coincu.com/airdaos-amb-sudden-over-65/,"AirDAO's AMB Sudden Over 65% In The Last 24 Hours, Is There Potential?","AirDAO’s AMB Sudden Over 65% In The Last 24 Hours, Is There Potential?",news,200,Indexable,2105,200,0,0,,,0,0,yes,delete,high,P1,no_signal
https://coincu.com/airnode/,Airnode,Airnode,news,200,Indexable,1767,189,0,0,,,0,0,yes,delete,high,P1,no_signal
https://coincu.com/aisociety-paal-ai-announce-strategic-partnership/,AI.Society and Paal AI Announce Strategic Partnership to Enhance User Engagement with Custom AI Solutions,AI.Society and Paal AI Announce Strategic Partnership to Enhance User Engagement with Custom AI Solutions,news,200,Indexable,2035,114,0,0,,,0,0,yes,delete,high,P1,no_signal
https://coincu.com/aktionariat-and-taurus-partner-to-tokenize-swiss/,Aktionariat And Taurus Partner To Tokenize Swiss Company Equity,Aktionariat And Taurus Partner To Tokenize Swiss Company Equity,news,200,Indexable,2081,162,0,0,,,0,0,yes,delete,high,P1,no_signal
https://coincu.com/alameda-balance-sheets-rejected-by-auditors/,Alameda Balance Sheets Rejected By Auditors In 2021-2022,Alameda Balance Sheets Rejected By Auditors In 2021-2022,news,200,Indexable,2136,124,0,0,,,0,0,yes,delete,high,P1,no_signal
https://coincu.com/alameda-ceo-sbf-speaks-up-drama/,"Alameda CEO, SBF Speaks Up Drama Confirmation With Binance","Alameda CEO, SBF Speaks Up Drama Confirmation With Binance",news,200,Indexable,2150,151,0,0,,,0,0,yes,delete,high,P1,no_signal
https://coincu.com/alameda-defi-projects-troubled-ftx/,Alameda-Backed DeFi Projects Maps.me And Oxygen Troubled With FTX,Alameda-Backed DeFi Projects Maps.me And Oxygen Troubled With FTX,news,200,Indexable,1952,157,0,0,,,0,0,yes,delete,high,P1,no_signal
https://coincu.com/alameda-insolvent-lender-voyager-200-m/,Alameda Will Pay The Insolvent Lender Voyager $200 Million,Alameda Will Pay The Insolvent Lender Voyager $200 Million,news,200,Indexable,2085,133,0,0,,,0,0,yes,delete,high,P1,no_signal
https://coincu.com/alameda-lost-over-1-million/,Alameda Research Lost Over $1 Million Due To Liquidations,Alameda Research Lost Over $1 Million Due To Liquidations,news,200,Indexable,2140,170,0,0,,,0,0,yes,delete,high,P1,no_signal
https://coincu.com/alameda-once-borrowed-3ac-200m/,"Alameda Once Borrowed 3AC $200 Million With The Promise Of ""High Return No Risk""?",Alameda Once Borrowed 3AC $200 Million With The Promise Of “High Return No Risk”?,news,200,Indexable,2089,155,0,0,,,0,0,yes,delete,high,P1,no_signal
https://coincu.com/alameda-promised-high-returns-with-no-risk/,Alameda Promised 'High Returns With No Risk' In 2018 Pitch,Alameda Promised ‘High Returns With No Risk’ In 2018 Pitch,news,200,Indexable,2263,125,0,0,,,0,0,yes,delete,high,P1,no_signal
https://coincu.com/alameda-provided-1-billion-loans-to-sbf/,Alameda Provided $1 Billion In Personal Loans To SBF,Alameda Provided $1 Billion In Personal Loans To SBF,news,200,Indexable,1970,191,0,0,,,0,0,yes,delete,high,P1,no_signal
https://coincu.com/alameda-receive-genesis-block-customer-fund/,Alameda Receives Genesis Block Customer Funds Before FTX Fall Out,Alameda Receives Genesis Block Customer Funds Before FTX Fall Out,news,200,Indexable,2055,179,0,0,,,0,0,yes,delete,high,P1,no_signal
https://coincu.com/alameda-research-ceases-lawsuit-battle-grayscale/,Alameda Research Ceases Lawsuit Battle with Grayscale!,Alameda Research Ceases Lawsuit Battle with Grayscale!,news,200,Indexable,2099,136,0,0,,,0,0,yes,delete,high,P1,no_signal
https://coincu.com/alameda-research-ceo-sentenced-to-2y-in-prison/,Former Alameda Research CEO Sentenced to 2 Years in Prison,Former Alameda Research CEO Sentenced to 2 Years in Prison,news,200,Indexable,2131,141,0,0,,,0,0,yes,delete,high,P1,no_signal
https://coincu.com/alameda-research-co-ceo-resigns/,Alameda Research Co-CEO Resigns Because His Role Doesn't Matter,Alameda Research Co-CEO Resigns Because His Role Doesn’t Matter,news,200,Indexable,1887,153,0,0,,,0,0,yes,delete,high,P1,no_signal
https://coincu.com/alameda-research-collapse-in-q2/,Alameda Research Is On The Brink Of Collapse In Q2 Due To A Lot Of FTT As Collateral,Alameda Research Is On The Brink Of Collapse In Q2 Due To A Lot Of FTT As Collateral,news,200,Indexable,2043,212,0,0,,,0,0,yes,delete,high,P1,no_signal
https://coincu.com/alameda-research-invested-in-company-bank/,Alameda Research Invested $11.5 Million In The Parent Company Of Farmington State Bank,Alameda Research Invested $11.5 Million In The Parent Company Of Farmington State Bank,news,200,Indexable,1978,209,0,0,,,0,0,yes,delete,high,P1,no_signal
https://coincu.com/alameda-research-loses-millions-dollars/,RUMOR: Alameda Research “Loses” Hundreds Of Millions Dollars To FTX Client,RUMOR: Alameda Research “Loses” Hundreds Of Millions Dollars To FTX Client,news,200,Indexable,2192,154,0,0,,,0,0,yes,delete,high,P1,no_signal
https://coincu.com/alameda-research-to-receive-53m-loan-deltec/,Alameda Research To Receive $53M Loan Repayment From Deltec,Alameda Research To Receive $53M Loan Repayment From Deltec,news,200,Indexable,2113,139,0,0,,,0,0,yes,delete,high,P1,no_signal
https://coincu.com/alameda-research-took-204-mil-from-ftx-us/,Alameda Research Took $204 Million From FTX US Before Filing For Bankruptcy,Alameda Research Took $204 Million From FTX US Before Filing For Bankruptcy,news,200,Indexable,2035,151,0,0,,,0,0,yes,delete,high,P1,no_signal
https://coincu.com/alameda-to-challenge-grayscale/,Alameda Together With Great Organizations To Challenge Grayscale,Alameda Together With Great Organizations To Challenge Grayscale,news,200,Indexable,2123,124,0,0,,,0,0,yes,delete,high,P1,no_signal
https://coincu.com/alameda-urges-gbtc-shareholders/,Alameda Urges GBTC Shareholders Holding At Least 10% To Join Lawsuit Against Grayscale,Alameda Urges GBTC Shareholders Holding At Least 10% To Join Lawsuit Against Grayscale,news,200,Indexable,2257,93,0,0,,,0,0,yes,delete,high,P1,no_signal
https://coincu.com/alchemix-retires-legacy-optimism-arbitrum-bridges-v3-architecture/,"Alchemix Retires Legacy Optimism and Arbitrum Bridges, Rolls Out V3","Alchemix Retires Legacy Optimism and Arbitrum Bridges, Rolls Out V3",news,200,Indexable,2730,171,0,0,,,0,0,yes,delete,high,P1,no_signal
https://coincu.com/alchemy-and-astar-network-collaborate-web3/,Alchemy And Astar Network Collaborate To Quicken Web3 Development On Polkadot,Alchemy And Astar Network Collaborate To Quicken Web3 Development On Polkadot,news,200,Indexable,2130,79,0,0,,,0,0,yes,delete,high,P1,no_signal
https://coincu.com/alchemy-gains-competitive-edge-with-guillaume/,Alchemy Gains Competitive Edge with Guillaume Poncin Leading Engineering,Alchemy Gains Competitive Edge with Guillaume Poncin Leading Engineering,news,200,Indexable,2077,144,0,0,,,0,0,yes,delete,high,P1,no_signal
https://coincu.com/alchemy-layer-1-blockchain-unveiled/,Alchemy Layer 1 Blockchain Unveiled to Boost Crypto Payment Solutions,Alchemy Layer 1 Blockchain Unveiled to Boost Crypto Payment Solutions,news,200,Indexable,2123,126,0,0,,,0,0,yes,delete,high,P1,no_signal
https://coincu.com/alchemy-pay-added-new-partner/,Alchemy Pay Added New Partner To Seamless Payments With Crypto Integration,Alchemy Pay Added New Partner To Seamless Payments With Crypto Integration,news,200,Indexable,2206,83,0,0,,,0,0,yes,delete,high,P1,no_signal
https://coincu.com/alchemy-pay-fast-easy-and-secure-payments/,"Alchemy Pay: Fast, Easy And Secure Payments Globally In 2023","Alchemy Pay: Fast, Easy And Secure Payments Globally In 2023",news,200,Indexable,3423,323,0,0,,,0,0,yes,delete,high,P1,no_signal
https://coincu.com/alchemy-pay-help-buy-and-sell-yuan/,Alchemy Pay Help Buy And Sell Yuan Stablecoins With Fiat CNHC Partnership,Alchemy Pay Help Buy And Sell Yuan Stablecoins With Fiat CNHC Partnership,news,200,Indexable,2264,163,0,0,,,0,0,yes,delete,high,P1,no_signal
https://coincu.com/alchemy-pay-integrates-google-pay/,"Alchemy Pay Integrates Google Pay, ACH Token Surges 200% Over Past Week","Alchemy Pay Integrates Google Pay, ACH Token Surges 200% Over Past Week",news,200,Indexable,2213,117,0,0,,,0,0,yes,delete,high,P1,no_signal
https://coincu.com/alchemy-pay-polygon-zkevm-paving-crypto-payments/,"Alchemy Pay Expands To Polygon zkEVM, Paving The Way For Seamless Crypto Payments","Alchemy Pay Expands To Polygon zkEVM, Paving The Way For Seamless Crypto Payments",news,200,Indexable,2009,71,0,0,,,0,0,yes,delete,high,P1,no_signal
https://coincu.com/alchemy-pay-teams-up-silicon-valley-bank/,Breaking News: Alchemy Pay Teams Up with Silicon Valley Bank and Silvergate for Seamless Payments,Breaking News: Alchemy Pay Teams Up with Silicon Valley Bank and Silvergate for Seamless Payments,news,200,Indexable,2292,122,0,0,,,0,0,yes,delete,high,P1,no_signal
https://coincu.com/alchemy-pays-10m-funding-signals-major/,Alchemy Pay's $10M Funding Signals Major Breakthrough In South Korea,Alchemy Pay’s $10M Funding Signals Major Breakthrough In South Korea,news,200,Indexable,2154,199,0,0,,,0,0,yes,delete,high,P1,no_signal
https://coincu.com/alex-jones-embezzlement-bitcoin/,Alex Jones Accused Of Embezzlement Of Bitcoin Raised,Alex Jones Accused Of Embezzlement Of Bitcoin Raised,news,200,Indexable,2096,136,0,0,,,0,0,yes,delete,high,P1,no_signal
https://coincu.com/alex-lab-governance-proposal-deflationary-token-model/,ALEX Lab Governance Proposal Signals Deflationary Token Shift,ALEX Lab Governance Proposal Signals Deflationary Token Shift,news,200,Indexable,2911,193,0,0,,,0,0,yes,delete,high,P1,no_signal
https://coincu.com/alex-mashinsky-keeps-moving-20000-cel/,"Ex-CEO Celsius Alex Mashinsky Keeps Moving 20,000 CEL","Ex-CEO Celsius Alex Mashinsky Keeps Moving 20,000 CEL",news,200,Indexable,1993,165,0,0,,,0,0,yes,delete,high,P1,no_signal
https://coincu.com/alex-mashinsky-pleaded-not-to-fraud-freed-40m/,"Alex Mashinsky Pleaded Not To Fraud, Freed For $40 Million","Alex Mashinsky Pleaded Not To Fraud, Freed For $40 Million",news,200,Indexable,2079,148,0,0,,,0,0,yes,delete,high,P1,no_signal
https://coincu.com/alex-mashinsky-transferred-82-200-cel/,Alex Mashinsky Transferred 82.200 CEL Before Leaving Celsius's CEO Position,Alex Mashinsky Transferred 82.200 CEL Before Leaving Celsius’s CEO Position,news,200,Indexable,2017,158,0,0,,,0,0,yes,delete,high,P1,no_signal
https://coincu.com/alexis-ohanians-invest-177-6-million-crypto/,Alexis Ohanian’s Seven Seven Is Looking To Invest $177.6 Million In Crypto Tokens,Alexis Ohanian’s Seven Seven Is Looking To Invest $177.6 Million In Crypto Tokens,news,200,Indexable,2139,153,0,0,,,0,0,yes,delete,high,P1,no_signal
https://coincu.com/algo-eyes-0-32-after-smashing-resistance/,ALGO Eyes $0.32 After Smashing Resistance,ALGO Eyes $0.32 After Smashing Resistance,news,200,Indexable,2215,98,0,0,,,0,0,yes,delete,high,P1,no_signal
https://coincu.com/algo-oversold/,ALGO Oversold? RSI and Stoch Reset Point to Bounce,ALGO Oversold? RSI and Stoch Reset Point to Bounce,news,200,Indexable,2121,106,0,0,,,0,0,yes,delete,high,P1,no_signal
https://coincu.com/algo-trading-algorithmic-trading/,Algo-Trading (Algorithmic Trading),Algo-Trading (Algorithmic Trading),news,200,Indexable,2320,202,0,0,,,0,0,yes,delete,high,P1,no_signal
https://coincu.com/algorand-algo-one-billion-transactions/,Algorand (ALGO) Crosses One Billion Transactions Milestone In 2023,Algorand (ALGO) Crosses One Billion Transactions Milestone In 2023,news,200,Indexable,2216,156,0,0,,,0,0,yes,delete,high,P1,no_signal
https://coincu.com/algorand-appoints-former-head-visa-as-cmo/,"Algorand Appoints Former Head At Visa, Fidelity As CMO","Algorand Appoints Former Head At Visa, Fidelity As CMO",news,200,Indexable,2133,217,0,0,,,0,0,yes,delete,high,P1,no_signal
https://coincu.com/algorand-boosts-performance/,"Algorand Boosts Performance After New Upgrade, ALGO Up 40% In Last 2 Weeks","Algorand Boosts Performance After New Upgrade, ALGO Up 40% In Last 2 Weeks",news,200,Indexable,2059,87,0,0,,,0,0,yes,delete,high,P1,no_signal
https://coincu.com/algorand-foundation-integration-metamask-snaps/,Algorand Foundation Elevates Integration with Metamask Snaps,Algorand Foundation Elevates Integration with Metamask Snaps,news,200,Indexable,2053,91,0,0,,,0,0,yes,delete,high,P1,no_signal
https://coincu.com/algorand-launches-algokit/,Algorand Launches AlgoKit To Support Web3 Developer,Algorand Launches AlgoKit To Support Web3 Developer,news,200,Indexable,2099,78,0,0,,,0,0,yes,delete,high,P1,no_signal
https://coincu.com/algorand-upgrade-performance-5x-security/,"Algorand Protocol Upgrade Increases Performance 5x, Enhances Security","Algorand Protocol Upgrade Increases Performance 5x, Enhances Security",news,200,Indexable,1960,156,0,0,,,0,0,yes,delete,high,P1,no_signal
https://coincu.com/algorand-was-chosen-in-italy/,Algorand Was Chosen To Support Digital Guarantees Platform In Italy,Algorand Was Chosen To Support Digital Guarantees Platform In Italy,news,200,Indexable,1851,318,0,0,,,0,0,yes,delete,high,P1,no_signal
https://coincu.com/algorithm/,Algorithm,Algorithm,news,200,Indexable,2087,163,0,0,,,0,0,yes,delete,high,P1,no_signal
https://coincu.com/algorithmic-market-operations-amos/,Algorithmic Market Operations (AMOs),Algorithmic Market Operations (AMOs),news,200,Indexable,2389,184,0,0,,,0,0,yes,delete,high,P1,no_signal
https://coincu.com/algorithmic-stablecoin/,Algorithmic Stablecoin,Algorithmic Stablecoin,news,200,Indexable,2453,193,0,0,,,0,0,yes,delete,high,P1,no_signal
https://coincu.com/algotech-presale-raised-1-1-million-in-2-days-and-is-transforming-the-defi-landscape/,Algotech Presale Raised $1.1 Million In 2 Days And is Transforming the DeFi Landscape,Algotech Presale Raised $1.1 Million In 2 Days And is Transforming the DeFi Landscape,news,200,Indexable,2281,53,0,0,,,0,0,yes,delete,high,P1,no_signal
https://coincu.com/alibaba-cloud-ai-advancements-llama-2/,Alibaba Cloud Empowers AI Advancements With Llama 2 Innovation,Alibaba Cloud Empowers AI Advancements With Llama 2 Innovation,news,200,Indexable,2085,228,0,0,,,0,0,yes,delete,high,P1,no_signal
https://coincu.com/alibaba-cloud-blockchain-lab-in-japan/,Alibaba Cloud Opens Blockchain Lab For Game Developers In Japan In April,Alibaba Cloud Opens Blockchain Lab For Game Developers In Japan In April,news,200,Indexable,2028,170,0,0,,,0,0,yes,delete,high,P1,no_signal
https://coincu.com/alibaba-cloud-metaverse-launchpad-avalanche/,Alibaba Cloud To Deploy Metaverse Launchpad On Layer-1 Avalanche,Alibaba Cloud To Deploy Metaverse Launchpad On Layer-1 Avalanche,news,200,Indexable,2028,101,0,0,,,0,0,yes,delete,high,P1,no_signal
https://coincu.com/alibaba-rises-as-token-hub-taps-jpm-blockchain/,Alibaba rises as Token Hub taps JPM blockchain,Alibaba rises as Token Hub taps JPM blockchain,news,200,Indexable,2198,156,0,0,,,0,0,yes,delete,high,P1,no_signal
https://coincu.com/aliexpress-secretly-cuts-nft-partnership/,Alibaba's AliExpress Secretly Cuts New NFT Partnership,Alibaba’s AliExpress Secretly Cuts New NFT Partnership,news,200,Indexable,2011,141,0,0,,,0,0,yes,delete,high,P1,no_signal
https://coincu.com/aligning-decentralands-mana-market-forecasts/,Weekly Deep Dive: Aligning Decentraland's (MANA) Market Forecasts with the Prospects of an Emerging Cryptocurrency,Weekly Deep Dive: Aligning Decentraland’s (MANA) Market Forecasts with the Prospects of an Emerging Cryptocurrency,news,200,Indexable,2196,152,0,0,,,0,0,yes,delete,high,P1,no_signal
https://coincu.com/all-spot-ethereum-etfs-officially-approved/,All Spot Ethereum ETFs Officially Approved,All Spot Ethereum ETFs Officially Approved,news,200,Indexable,2208,180,0,0,,,0,0,yes,delete,high,P1,no_signal
https://coincu.com/all-time-high/,All-Time-High (ATH),All-Time-High (ATH),news,200,Indexable,2070,256,0,0,,,0,0,yes,delete,high,P1,no_signal
https://coincu.com/all-time-low-atl/,All-Time-Low (ATL),All-Time-Low (ATL),news,200,Indexable,2181,234,0,0,,,0,0,yes,delete,high,P1,no_signal
https://coincu.com/all-wbtc-burn-requests-fulfilled/,BitGo COO: All WBTC Burn Requests Fulfilled,BitGo COO: All WBTC Burn Requests Fulfilled,news,200,Indexable,1947,154,0,0,,,0,0,yes,delete,high,P1,no_signal
https://coincu.com/allbridge-exploiter-returns/,"Allbridge Exploiter Returns Over $450,000 Of Stolen Funds","Allbridge Exploiter Returns Over $450,000 Of Stolen Funds",news,200,Indexable,2251,173,0,0,,,0,0,yes,delete,high,P1,no_signal
https://coincu.com/allbridge-to-finally-repay-stuck-bridge/,"Allbridge To Finally Repay Stuck Bridge Users, Bringing Relief To Thousands","Allbridge To Finally Repay Stuck Bridge Users, Bringing Relief To Thousands",news,200,Indexable,2065,105,0,0,,,0,0,yes,delete,high,P1,no_signal
https://coincu.com/alldomains-launches-solana-tld-offering-50/,"AllDomains Launches .solana TLD, Offering 50% Revenue Sharing with the Solana Community","AllDomains Launches .solana TLD, Offering 50% Revenue Sharing with the Solana Community",news,200,Indexable,2192,361,0,0,,,0,0,yes,delete,high,P1,no_signal
https://coincu.com/allegations-of-debanking-in-crypto-firms/,Allegations of Debanking in Crypto Firms Are Now Under Thorough Investigation,Allegations of Debanking in Crypto Firms Are Now Under Thorough Investigation,news,200,Indexable,2234,102,0,0,,,0,0,yes,delete,high,P1,no_signal
https://coincu.com/alleged-50000-usdt-seizure-malaysian-police-slow-progress/,"Alleged 50,000 USDT Seizure by Malaysian Police Faces Slow Progress","Alleged 50,000 USDT Seizure by Malaysian Police Faces Slow Progress",news,200,Indexable,2435,145,0,0,,,0,0,yes,delete,high,P1,no_signal
https://coincu.com/allianceblock-and-abo-digital-tokenized/,AllianceBlock And ABO Digital Introduce Tokenized Structured Products To Crypto Market,AllianceBlock And ABO Digital Introduce Tokenized Structured Products To Crypto Market,news,200,Indexable,2002,159,0,0,,,0,0,yes,delete,high,P1,no_signal
https://coincu.com/allocation/,Allocation,Allocation,news,200,Indexable,2364,173,0,0,,,0,0,yes,delete,high,P1,no_signal
https://coincu.com/alpha-homora-solution-to-iron-banks-debt/,"Alpha Homora Steps Up, Proposes Solution To Iron Bank's Debt Crisis","Alpha Homora Steps Up, Proposes Solution To Iron Bank’s Debt Crisis",news,200,Indexable,2098,113,0,0,,,0,0,yes,delete,high,P1,no_signal
https://coincu.com/alpha-version/,Alpha Version,Alpha Version,news,200,Indexable,2487,119,0,0,,,0,0,yes,delete,high,P1,no_signal
https://coincu.com/alphanumeric/,Alphanumeric,Alphanumeric,news,200,Indexable,2044,77,0,0,,,0,0,yes,delete,high,P1,no_signal
https://coincu.com/alphapo-loses-23-million-multi-platform-attack/,Alphapo Loses $23 Million In Multi-Platform Attack!,Alphapo Loses $23 Million In Multi-Platform Attack!,news,200,Indexable,2156,168,0,0,,,0,0,yes,delete,high,P1,no_signal
https://coincu.com/altcoin-inflows-fall-to-1-6b-market-eyes/,"Altcoin Inflows Fall to $1.6B, Market Eyes Potential Major Rally","Altcoin Inflows Fall to $1.6B, Market Eyes Potential Major Rally",news,200,Indexable,2160,139,0,0,,,0,0,yes,delete,high,P1,no_signal
https://coincu.com/altcoin-news-ripple-xrp-set-to-break-1-on-us/,Altcoin News: Ripple (XRP) Set to Break $1 on US Election Results?,Altcoin News: Ripple (XRP) Set to Break $1 on US Election Results?,news,200,Indexable,2391,147,0,0,,,0,0,yes,delete,high,P1,no_signal
https://coincu.com/altcoin-profits-collapse-as-bitcoin-hits/,Altcoin Profits Collapse as Bitcoin Hits Critical Market Stress,Altcoin Profits Collapse as Bitcoin Hits Critical Market Stress,news,200,Indexable,2086,139,0,0,,,0,0,yes,delete,high,P1,no_signal
https://coincu.com/altcoin-rotation-is-gradually-coming-to/,Altcoin Rotation is Gradually Coming to an End,Altcoin Rotation is Gradually Coming to an End,news,200,Indexable,2080,161,0,0,,,0,0,yes,delete,high,P1,no_signal
https://coincu.com/altcoin-season-delayed-market-sentiment-worsens/,Market Overview (August 12 – August 18): Altcoin Season Delayed As Market Sentiment Worsens,Market Overview (August 12 – August 18): Altcoin Season Delayed As Market Sentiment Worsens,news,200,Indexable,2196,169,0,0,,,0,0,yes,delete,high,P1,no_signal
https://coincu.com/altcoin-season-ends-early-as-sees-dips-into-red/,Altcoin Season Ends Early As Market Sees Remarkable Dips Into Red Sea,Altcoin Season Ends Early As Market Sees Remarkable Dips Into Red Sea,news,200,Indexable,2206,151,0,0,,,0,0,yes,delete,high,P1,no_signal
https://coincu.com/altcoin-season-index-drops-34/,Altcoin Season Index Drops to 34 Amid Market Shift,Altcoin Season Index Drops to 34 Amid Market Shift,news,200,Indexable,2088,85,0,0,,,0,0,yes,delete,high,P1,no_signal
https://coincu.com/altcoin-season-index-hits-41-as-btc-dominance/,Altcoin Season Index Hits 41 as BTC Dominance Drops to 25 in Market Shift,Altcoin Season Index Hits 41 as BTC Dominance Drops to 25 in Market Shift,news,200,Indexable,2085,128,0,0,,,0,0,yes,delete,high,P1,no_signal
https://coincu.com/altcoin-season-outperforming-bitcoin/,Altcoin Surge: 79 Cryptos Outperform Bitcoin,Altcoin Surge: 79 Cryptos Outperform Bitcoin,news,200,Indexable,2064,100,0,0,,,0,0,yes,delete,high,P1,no_signal
https://coincu.com/altcoin-season-slows-as-tether-hints-at-turmoil/,Market Overview (Dec 2 – Dec 8): Altcoin Season Slows as Tether's $2B Mint Hints at Turmoil,Market Overview (Dec 2 – Dec 8): Altcoin Season Slows as Tether’s $2B Mint Hints at Turmoil,news,200,Indexable,2332,140,0,0,,,0,0,yes,delete,high,P1,no_signal
https://coincu.com/altcoin-transfers-surge-as-4-year-wedge/,Altcoin Transfers Surge as 4-Year Wedge Signals New Altseason,Altcoin Transfers Surge as 4-Year Wedge Signals New Altseason,news,200,Indexable,2001,172,0,0,,,0,0,yes,delete,high,P1,no_signal
https://coincu.com/altcoins-are-set-for-a-legendary-comeback-buy-these-3-cryptos-before-prices-explode/,Altcoins Are Set for a Legendary Comeback—Buy These 3 Top Altcoins Before the Explosion,Altcoins Are Set for a Legendary Comeback—Buy These 3 Top Altcoins Before the Explosion,news,200,Indexable,2569,139,0,0,,,0,0,yes,delete,high,P1,no_signal
https://coincu.com/altcoins-lead-crypto-buzz-as-etf-launches/,Altcoins Lead Crypto Buzz as ETF Launches Drive Social Sentiment Surge,Altcoins Lead Crypto Buzz as ETF Launches Drive Social Sentiment Surge,news,200,Indexable,2068,153,0,0,,,0,0,yes,delete,high,P1,no_signal
https://coincu.com/altcoins-on-the-verge-of-a-breakout-as/,Altcoins on the Verge of a Breakout as Open Interest Hits All-Time High,Altcoins on the Verge of a Breakout as Open Interest Hits All-Time High,news,200,Indexable,2079,117,0,0,,,0,0,yes,delete,high,P1,no_signal
https://coincu.com/altcoins-rebound-as-november-ends-with-btc-gains/,Market Overview (Nov 25 – Dec 1): Altcoins Rebound as November Ends with Record BTC Gains,Market Overview (Nov 25 – Dec 1): Altcoins Rebound as November Ends with Record BTC Gains,news,200,Indexable,2239,181,0,0,,,0,0,yes,delete,high,P1,no_signal
https://coincu.com/altcoins-seems-complete-five-wave-rallies/,"Altcoins Seems To Complete Their Five-wave Rallies, Issues Alert To Traders","Altcoins Seems To Complete Their Five-wave Rallies, Issues Alert To Traders",news,200,Indexable,2175,153,0,0,,,0,0,yes,delete,high,P1,no_signal
https://coincu.com/altcoins-stall-btc-faces-strong-pullback/,"Market Overview (Dec 16 – Dec 22): Altcoins Stall, BTC Faces Strong Pullback","Market Overview (Dec 16 – Dec 22): Altcoins Stall, BTC Faces Strong Pullback",news,200,Indexable,2200,150,0,0,,,0,0,yes,delete,high,P1,no_signal
https://coincu.com/altcoins-surge-as-bitcoin-mark-a-historic-week/,Market Overview (Nov 11 – Nov 17): Altcoins Surge as Bitcoin Milestones Mark a Historic Week,Market Overview (Nov 11 – Nov 17): Altcoins Surge as Bitcoin Milestones Mark a Historic Week,news,200,Indexable,2664,165,0,0,,,0,0,yes,delete,high,P1,no_signal
https://coincu.com/altcoins-with-the-most-potential-wld-biginf-eth/,Altcoins with the Most Potential | WLD | BIGINF | ETH,Altcoins with the Most Potential | WLD | BIGINF | ETH,news,200,Indexable,2385,217,0,0,,,0,0,yes,delete,high,P1,no_signal
https://coincu.com/altlayer-turbo-rollup-autonomous-worlds/,"AltLayer Unveils ""Turbo"" Rollup Framework For Autonomous Worlds",AltLayer Unveils “Turbo” Rollup Framework For Autonomous Worlds,news,200,Indexable,2018,185,0,0,,,0,0,yes,delete,high,P1,no_signal
https://coincu.com/altlayer-whale-market-impact/,Altlayer Whale Controls 23.7% Tokens Amid Market Fluctuations,Altlayer Whale Controls 23.7% Tokens Amid Market Fluctuations,news,200,Indexable,2095,88,0,0,,,0,0,yes,delete,high,P1,no_signal
https://coincu.com/altmans-ouster-from-openai-followed-bid/,Altman's Ouster from OpenAI Followed Bid for Billions,Altman’s Ouster from OpenAI Followed Bid for Billions to Rival Nvidia in AI Chip Race,news,200,Indexable,2096,152,0,0,,,0,0,yes,delete,high,P1,no_signal
https://coincu.com/altvest-plans-210m-bitcoin-treasury/,"Altvest Plans $210M Bitcoin Treasury, Rebrands as Africa Bitcoin Corp","Altvest Plans $210M Bitcoin Treasury, Rebrands as Africa Bitcoin Corp",news,200,Indexable,2213,147,0,0,,,0,0,yes,delete,high,P1,no_signal
https://coincu.com/amazing-race-has-arrived-land-of-farm-me/,Amazing Race Has Arrived In The Land Of Farm Me,Amazing Race Has Arrived In The Land Of Farm Me,news,200,Indexable,2034,156,0,0,,,0,0,yes,delete,high,P1,no_signal
https://coincu.com/amazon-admits-existence-nft-marketplace/,Amazon Officially Admits Existence Of New NFT Marketplace Plan,Amazon Officially Admits Existence Of New NFT Marketplace Plan,news,200,Indexable,1926,157,0,0,,,0,0,yes,delete,high,P1,no_signal
https://coincu.com/amazon-alexa-fund-20-million-superplastic/,Amazon Ventures Alexa Fund Successfully Leads A $20 Million Investment In Superplastic,Amazon Ventures Alexa Fund Successfully Leads A $20 Million Investment In Superplastic,news,200,Indexable,2052,153,0,0,,,0,0,yes,delete,high,P1,no_signal
https://coincu.com/amazon-bitcoin-investment-plan/,Amazon Bitcoin Investment Plan Under Consideration For 5% Asset Allocation,Amazon Bitcoin Investment Plan Under Consideration For 5% Asset Allocation,news,200,Indexable,2106,105,0,0,,,0,0,yes,delete,high,P1,no_signal
https://coincu.com/amazon-expands-its-ambition/,Amazon Expands Its Ambition Into Encryption And The Launch Of NFT. Spring Is Coming?,Amazon Expands Its Ambition Into Encryption And The Launch Of NFT. Spring Is Coming?,news,200,Indexable,2920,158,0,0,,,0,0,yes,delete,high,P1,no_signal
https://coincu.com/amazon-is-fiercely-criticized/,Amazon Is Fiercely Criticized For Its Role In Helping The ECB Develop CBDC,Amazon Is Fiercely Criticized For Its Role In Helping The ECB Develop CBDC,news,200,Indexable,2189,116,0,0,,,0,0,yes,delete,high,P1,no_signal
https://coincu.com/amazon-seeks-to-raise-about-12-billion/,Amazon seeks to raise about $12 billion through a U.S. bond offering,Amazon seeks to raise about $12 billion through a U.S. bond offering,news,200,Indexable,2080,156,0,0,,,0,0,yes,delete,high,P1,no_signal
https://coincu.com/amazon-to-launch-bedrock-chatgpt-rival/,"Amazon To Launch Bedrock, ChatGPT Rival, For Generative AI Tools","Amazon To Launch Bedrock, ChatGPT Rival, For Generative AI Tools",news,200,Indexable,2116,222,0,0,,,0,0,yes,delete,high,P1,no_signal
https://coincu.com/amazon-working-hard/,Amazon Working Hard To Launch New NFT Initiative,Amazon Working Hard To Launch New NFT Initiative,news,200,Indexable,2051,163,0,0,,,0,0,yes,delete,high,P1,no_signal
https://coincu.com/amazoneth-domain-ignores-1-million-usdc/,Amazon.eth Domain Owner Ignores 1 Million USDC Purchase Offer On Opensea,Amazon.eth Domain Owner Ignores 1 Million USDC Purchase Offer On Opensea,news,200,Indexable,2084,296,0,0,,,0,0,yes,delete,high,P1,no_signal
https://coincu.com/amazons-managed-blockchain-makes-blockchain/,Amazon's Managed Blockchain Makes Blockchain Data Accessible To All: Report,Amazon’s Managed Blockchain Makes Blockchain Data Accessible To All: Report,news,200,Indexable,2083,249,0,0,,,0,0,yes,delete,high,P1,no_signal
https://coincu.com/amazons-nft-beeple-pudgy-penguinss-creators/,Amazon's NFT Marketplace Launches Digital Collectibles From Beeple & Pudgy Penguins’s Creators,Amazon’s NFT Marketplace Launches Digital Collectibles From Beeple & Pudgy Penguins’s Creators,news,200,Indexable,2080,67,0,0,,,0,0,yes,delete,high,P1,no_signal
https://coincu.com/amber-group-acquires-sparrow/,Amber Group Acquires Singapore Crypto Exchange Sparrow,Amber Group Acquires Singapore Crypto Exchange Sparrow,news,200,Indexable,1935,132,0,0,,,0,0,yes,delete,high,P1,no_signal
https://coincu.com/amber-group-associated-address-sends-1200-eth/,Amber Group Associated Address Sends 1200 ETH to ether.fi Gnosis Safe!,Amber Group Associated Address Sends 1200 ETH to ether.fi Gnosis Safe!,news,200,Indexable,2147,151,0,0,,,0,0,yes,delete,high,P1,no_signal
https://coincu.com/amber-group-cuts-staff-by-10/,Amber Group Cuts Staff By 10%,Amber Group Cuts Staff By 10%,news,200,Indexable,1992,155,0,0,,,0,0,yes,delete,high,P1,no_signal
https://coincu.com/amber-group-in-new-funding/,Amber Group Is Hoping For $100 Million In New Funding At A 'Flat' Valuation,Amber Group Is Hoping For $100 Million In New Funding At A ‘Flat’ Valuation,news,200,Indexable,2117,157,0,0,,,0,0,yes,delete,high,P1,no_signal
https://coincu.com/amber-group-launches-amber-labs/,Amber Group Launches Amber Labs And Amber Eco Fund,Amber Group Launches Amber Labs And Amber Eco Fund,news,200,Indexable,2132,156,0,0,,,0,0,yes,delete,high,P1,no_signal
https://coincu.com/amber-group-raises-300-million/,Amber Group Raises $300 Million After Suffering From FTX Crisis,Amber Group Raises $300 Million After Suffering From FTX Crisis,news,200,Indexable,2044,158,0,0,,,0,0,yes,delete,high,P1,no_signal
https://coincu.com/amber-group-raises-50-halts-expansion-plans/,Amber Group Raises $50 Million And Halts The Expansion Plans,Amber Group Raises $50 Million And Halts The Expansion Plans,news,200,Indexable,2025,266,0,0,,,0,0,yes,delete,high,P1,no_signal
https://coincu.com/amber-group-reproduces-wintermute-hack/,Amber Group Reproduces Wintermute Hack With MacBook M1 In 48 Hours,Amber Group Reproduces Wintermute Hack With MacBook M1 In 48 Hours,news,200,Indexable,2166,153,0,0,,,0,0,yes,delete,high,P1,no_signal
https://coincu.com/amber-group-trading-funds-in-ftx/,Amber Group Has Less Than 10% Of Its Trading Funds In FTX,Amber Group Has Less Than 10% Of Its Trading Funds In FTX,news,200,Indexable,1964,157,0,0,,,0,0,yes,delete,high,P1,no_signal
https://coincu.com/amber-group-vulnerability-mai-finances/,Amber Group: Vulnerability In Mai Finance’s Vault Has Been Fixed,Amber Group: Vulnerability In Mai Finance’s Vault Has Been Fixed,news,200,Indexable,2264,149,0,0,,,0,0,yes,delete,high,P1,no_signal
https://coincu.com/amber-groups-co-founder-passed-away/,Amber Group's Co-Founder Passed Away,Amber Group’s Co-Founder Passed Away,news,200,Indexable,2171,128,0,0,,,0,0,yes,delete,high,P1,no_signal
https://coincu.com/amberdata-acquires-genesis-volatility/,Crypto Data Provider Amberdata Acquires Crypto Analytics Platform Genesis Volatility,Crypto Data Provider Amberdata Acquires Crypto Analytics Platform Genesis Volatility,news,200,Indexable,1974,154,0,0,,,0,0,yes,delete,high,P1,no_signal
https://coincu.com/ambermining-redefines-passive-income-opportunities-with-innovative-cloud-mining/,Ambermining Redefines Passive Income Opportunities with Innovative Cloud Mining,Ambermining Redefines Passive Income Opportunities with Innovative Cloud Mining,news,200,Indexable,2119,214,0,0,,,0,0,yes,delete,high,P1,no_signal
https://coincu.com/ambers-300-mil-sparked-as-debt-to-equity/,"Amber's ""$300 million"" Series C Funding Sparked Speculation As A Debt-To-Equity Exchange",Amber’s “$300 million” Series C Funding Sparked Speculation As A Debt-To-Equity Exchange,news,200,Indexable,2024,154,0,0,,,0,0,yes,delete,high,P1,no_signal
https://coincu.com/ambient-finance-hack/,Ambient Finance Hack Exposes Users to Malicious Links,Ambient Finance Hack Exposes Users to Malicious Links,press_release_like,200,Indexable,2128,130,0,0,,,0,0,yes,delete,high,P1,event_pr_signal
https://coincu.com/amd-and-nvidia-may-reduce-gpu-prices/,AMD And Nvidia May Reduce GPU Prices In September,AMD And Nvidia May Reduce GPU Prices In September,news,200,Indexable,2198,156,0,0,,,0,0,yes,delete,high,P1,no_signal
https://coincu.com/amendment-to-uk-financial-services/,Amendment To UK Financial Services Bill Addressed Crypto Regulation,Amendment To UK Financial Services Bill Addressed Crypto Regulation,news,200,Indexable,2011,211,0,0,,,0,0,yes,delete,high,P1,no_signal
https://coincu.com/american-cancer-society-donations-dogecoin/,American Cancer Society Claims Donations Using Dogecoin Are Popular,American Cancer Society Claims Donations Using Dogecoin Are Popular,news,200,Indexable,1919,150,0,0,,,0,0,yes,delete,high,P1,no_signal
https://coincu.com/amf-issues-warning-against-bybit-website-block/,"AMF Issues Warning Against Bybit, Website block Possible","AMF Issues Warning Against Bybit, Website block Possible",news,200,Indexable,2047,136,0,0,,,0,0,yes,delete,high,P1,no_signal
https://coincu.com/amina-hong-kong-crypto-license/,AMINA Gains Hong Kong License for Crypto Services,AMINA Gains Hong Kong License for Crypto Services,news,200,Indexable,2197,99,0,0,,,0,0,yes,delete,high,P1,no_signal
https://coincu.com/amplify-2024-ohios-premier-blockchain-summit/,Amplify 2024: Ohio's Premier Blockchain Summit,Amplify 2024: Ohio’s Premier Blockchain Summit,press_release_like,200,Indexable,1902,153,0,0,,,0,0,yes,delete,high,P1,event_pr_signal
https://coincu.com/amun-products-hacked/,"Amun’s Products Hacked Resulted In A Loss Of $300,000","Amun’s Products Hacked Resulted In A Loss Of $300,000",news,200,Indexable,2196,172,0,0,,,0,0,yes,delete,high,P1,no_signal
https://coincu.com/an-eth-whale-now-acquires-228-million-shiba/,An ETH Whale Now Acquires $228 Million Shiba Inu (SHIB) As It Gains 50%,An ETH Whale Now Acquires $228 Million Shiba Inu (SHIB) As It Gains 50%,news,200,Indexable,2109,120,0,0,,,0,0,yes,delete,high,P1,no_signal
https://coincu.com/analysis-of-lido-v2/,A Comprehensive Analysis Of Lido V2: A Further Shift To Decentralization,A Comprehensive Analysis Of Lido V2: A Further Shift To Decentralization,news,200,Indexable,3846,169,0,0,,,0,0,yes,delete,high,P1,no_signal
https://coincu.com/analyst-bitcoin-ethereum-key-price-levels-trend-reversal/,Analyst Says Bitcoin and Ethereum Near Key Levels for Trend Reversal,Analyst Says Bitcoin and Ethereum Near Key Levels for Trend Reversal,news,200,Indexable,2839,166,0,0,,,0,0,yes,delete,high,P1,no_signal
https://coincu.com/analyst-bitcoin-may-fall-back-to-65000-without-us-iran-agreement/,"Analyst: Bitcoin May Fall Back to $65,000 Without US-Iran Agreement","Analyst: Bitcoin May Fall Back to $65,000 Without US-Iran Agreement",news,200,Indexable,2719,154,0,0,,,0,0,yes,delete,high,P1,no_signal
https://coincu.com/analyst-btc-recovery-is-fragile-middle-east-may-dominate-market-trend-2026/,Analyst: BTC Recovery Is Fragile as Middle East Risk Threatens 2026 Trend,Analyst: BTC Recovery Is Fragile as Middle East Risk Threatens 2026 Trend,news,200,Indexable,2920,147,0,0,,,0,0,yes,delete,high,P1,no_signal
https://coincu.com/analyst-flags-bitcoin-support-at-107k-eyes-rebound-on-buy-signal/,"Analyst Flags Bitcoin Support at $107K, Eyes Rebound on Buy Signal","Analyst Flags Bitcoin Support at $107K, Eyes Rebound on Buy Signal",news,200,Indexable,2150,150,0,0,,,0,0,yes,delete,high,P1,no_signal
https://coincu.com/analyst-links-dwf-labs-esports-market-making-after-13-9-million-token-deposit-to-kraken/,Analyst Links DWF Labs to ESPORTS Market Making After $13.9M Kraken Deposit,Analyst Links DWF Labs to ESPORTS Market Making After $13.9M Kraken Deposit,news,200,Indexable,2509,149,0,0,,,0,0,yes,delete,high,P1,no_signal
https://coincu.com/analyst-middle-east-risks-us-bond-yields-4-2/,Analyst Says Middle East Risks Could Push U.S. Bond Yields to 4.2%,Analyst Says Middle East Risks Could Push U.S. Bond Yields to 4.2%,news,200,Indexable,2399,151,0,0,,,0,0,yes,delete,high,P1,no_signal
https://coincu.com/analyst-reveals-why-ada-price-may-never-reach-50-but-wallitiq-wltq-could-rally-33x-in-16-days/,"Analyst Reveals Why ADA Price May Never Reach $50, But WallitIQ (WLTQ) Could Rally 33x In 16 Days","Analyst Reveals Why ADA Price May Never Reach $50, But WallitIQ (WLTQ) Could Rally 33x In 16 Days",news,200,Indexable,2458,116,0,0,,,0,0,yes,delete,high,P1,no_signal
https://coincu.com/analyst-warn-link-could-slide-toward-7-15/,Analyst Warns LINK Could Slide Toward $7.15 if Key Weekly Support Breaks This Year,Analyst Warns LINK Could Slide Toward $7.15 if Key Weekly Support Breaks This Year,news,200,Indexable,2072,107,0,0,,,0,0,yes,delete,high,P1,no_signal
https://coincu.com/analysts-are-buzzing-about-this-defi-coin-dtx-exchange-as-it-wins-over-xrp-and-sui-investors/,Analysts Are Buzzing About This DeFi Coin DTX Exchange As It Wins Over XRP And SUI Investors,Analysts Are Buzzing About This DeFi Coin DTX Exchange As It Wins Over XRP And SUI Investors,news,200,Indexable,2683,151,0,0,,,0,0,yes,delete,high,P1,no_signal
https://coincu.com/analysts-bullish-bitcoins-potential-climb/,"Analysts Bullish On Bitcoin's Potential Climb To $100,000: Bloomberg","Analysts Bullish On Bitcoin’s Potential Climb To $100,000: Bloomberg",news,200,Indexable,2094,143,0,0,,,0,0,yes,delete,high,P1,no_signal
https://coincu.com/analysts-call-for-clearer-regulations-as-kucoin-implements-7-5-vat/,Analysts Call for Clearer Regulations as KuCoin Implements 7.5% VAT: What It Means for Best Crypto Presale Projects 2024,Analysts Call for Clearer Regulations as KuCoin Implements 7.5% VAT: What It Means for Best Crypto Presale Projects 2024,news,200,Indexable,2622,141,0,0,,,0,0,yes,delete,high,P1,no_signal
https://coincu.com/analysts-conflicting-advice-on-the-bitcoin/,Analysts Give Conflicting Advice On The Bitcoin Bull Trap Scenario,Analysts Give Conflicting Advice On The Bitcoin Bull Trap Scenario,news,200,Indexable,2294,152,0,0,,,0,0,yes,delete,high,P1,no_signal
https://coincu.com/analysts-predict-fed-rate-cut-september/,Analysts Anticipate Federal Reserve Rate Cut in September,Analysts Anticipate Federal Reserve Rate Cut in September,news,200,Indexable,2120,130,0,0,,,0,0,yes,delete,high,P1,no_signal
https://coincu.com/analysts-predict-timeline-ripple-to-hit-1-dogecoin-0-50-and-intelmarkets-1/,"Top Experts Give Timeline for Ripple and IntelMarkets To Reach $1, Dogecoin To Reach $0.5","Top Experts Give Timeline for Ripple and IntelMarkets To Reach $1, Dogecoin To Reach $0.5",news,200,Indexable,2419,115,0,0,,,0,0,yes,delete,high,P1,no_signal
https://coincu.com/analysts-reveal-why-qubetics-could-be-the-next-crypto-to-hit-1-while-cardano-targets-1-20-and-eos-faces-uncertainty/,Analysts Reveal Why Qubetics Could Be the Next Crypto to Hit $1 While Cardano Targets $1.20 and EOS Faces Uncertainty,Analysts Reveal Why Qubetics Could Be the Next Crypto to Hit $1 While Cardano Targets $1.20 and EOS Faces Uncertainty,news,200,Indexable,2690,163,0,0,,,0,0,yes,delete,high,P1,no_signal
https://coincu.com/analysts-xrp-move-is-inevitable-no/,"Analysts: XRP move is inevitable, no Plan B","Analysts: XRP move is inevitable, no Plan B",news,200,Indexable,2146,166,0,0,,,0,0,yes,delete,high,P1,no_signal
https://coincu.com/analyzing-potential-impact-of-lawsuit-on-gbtc/,Analyzing The Potential Impact Of Lawsuit On GBTC: Bloomberg ETF Analyst,Analyzing The Potential Impact Of Lawsuit On GBTC: Bloomberg ETF Analyst,news,200,Indexable,2165,183,0,0,,,0,0,yes,delete,high,P1,no_signal
https://coincu.com/anatoly-yakovenko-crypto-winter/,Anatoly Yakovenko: Crypto Winter Could Last More Than 1 Year,Anatoly Yakovenko – Solana Co-founder: Crypto Winter Could Last More Than 1 Year,news,200,Indexable,2104,167,0,0,,,0,0,yes,delete,high,P1,no_signal
https://coincu.com/anchorage-boosts-asia-operations/,Anchorage Boosts Asia Operations With Five Institutional Crypto Partners,Anchorage Boosts Asia Operations With Five Institutional Crypto Partners,news,200,Indexable,2042,156,0,0,,,0,0,yes,delete,high,P1,no_signal
https://coincu.com/anchorage-digital-ceo-crypto-banking-crackdown/,Crypto Bank Anchorage Digital CEO Warns of Crackdown,Anchorage Digital CEO Warns of Crypto Banking Crackdown at U.S. Senate Hearing,news,200,Indexable,2089,152,0,0,,,0,0,yes,delete,high,P1,no_signal
https://coincu.com/anchorage-digital-cut-20-of-staff/,Anchorage Digital Cut 20% Of Staff In A Market Crisis,Anchorage Digital Cut 20% Of Staff In A Market Crisis,news,200,Indexable,2118,116,0,0,,,0,0,yes,delete,high,P1,no_signal
https://coincu.com/anchorage-digital-genius-act-comment-letter-udspt-stablecoin-western-union/,"Anchorage Digital Files GENIUS Act Letter, Maps UDSPT Plan","Anchorage Digital Files GENIUS Act Letter, Maps UDSPT Plan",news,200,Indexable,2705,160,0,0,,,0,0,yes,delete,high,P1,no_signal
https://coincu.com/anchorage-digital-receives-important-license/,Anchorage Digital Receives Important License Approval In New York,Anchorage Digital Receives Important License Approval In New York,news,200,Indexable,2066,142,0,0,,,0,0,yes,delete,high,P1,no_signal
https://coincu.com/anchorage-digital-recruits-coinbase-veteran-coo/,Anchorage Digital Recruits Coinbase Veteran Aaron Schnarch as COO,Anchorage Digital Recruits Coinbase Veteran Aaron Schnarch as COO,news,200,Indexable,2154,138,0,0,,,0,0,yes,delete,high,P1,no_signal
https://coincu.com/anchorage-digital-steps-back-usdg-leadership-multi-party-governance/,Anchorage Digital Steps Back From USDG Leadership Amid Governance Shift,Anchorage Digital Steps Back From USDG Leadership Amid Governance Shift,news,200,Indexable,2613,158,0,0,,,0,0,yes,delete,high,P1,no_signal
https://coincu.com/anchorage-digital-takes-defi-voting/,Anchorage Digital Takes DeFi Voting To The Next Level,Anchorage Digital Takes DeFi Voting To The Next Level,news,200,Indexable,2195,194,0,0,,,0,0,yes,delete,high,P1,no_signal
https://coincu.com/anchorage-launched-full-stack-api/,Anchorage Has Launched A New Full-stack API Infrastructure Service,Anchorage Has Launched A New Full-stack API Infrastructure Service,news,200,Indexable,1984,157,0,0,,,0,0,yes,delete,high,P1,no_signal
https://coincu.com/anchorage-linked-address-buys-397000-hype-worth-18-million/,"Anchorage-Linked Address Buys 397,000 HYPE Worth About $18M","Anchorage-Linked Address Buys 397,000 HYPE Worth About $18M",news,200,Indexable,2551,147,0,0,,,0,0,yes,delete,high,P1,no_signal
https://coincu.com/anchorwatch-bitcoin-insurance-raises/,AnchorWatch Bitcoin Insurance Raises $3 Million To Expand Products For Users,AnchorWatch Bitcoin Insurance Raises $3 Million To Expand Products For Users,news,200,Indexable,2071,90,0,0,,,0,0,yes,delete,high,P1,no_signal
https://coincu.com/ancient-bitcoin-whale-transfers-3-6m/,Ancient Bitcoin Whale Transfers $3.6M Ahead of Satoshi Identity Release,Ancient Bitcoin Whale Transfers $3.6M Ahead of Satoshi Identity Release,news,200,Indexable,2145,163,0,0,,,0,0,yes,delete,high,P1,no_signal
https://coincu.com/ancient-bitcoin-whales-exhaust-sellers/,Ancient Bitcoin Whales Could Exhaust Sellers,Ancient Bitcoin Whales Could Exhaust Sellers,news,200,Indexable,2157,148,0,0,,,0,0,yes,delete,high,P1,no_signal
https://coincu.com/ancient-ethereum-whale-wakes-up/,"Ancient Ethereum Whale From 2014 Wakes Up, Transferring 145,000 ETH","Ancient Ethereum Whale From 2014 Wakes Up, Transferring 145,000 ETH",news,200,Indexable,2128,158,0,0,,,0,0,yes,delete,high,P1,no_signal
https://coincu.com/andre-cronje-surprise-returns/,"Andre Cronje Surprise Returns, FTM Price Soars 20%","Andre Cronje Surprise Returns, FTM Price Soars 20%",news,200,Indexable,1799,156,0,0,,,0,0,yes,delete,high,P1,no_signal
https://coincu.com/andreessen-horowitz-exits-uk/,Andreessen Horowitz Exits UK As New US Potential Environment Opens Up,Andreessen Horowitz Exits UK As New US Potential Environment Opens Up,news,200,Indexable,2147,137,0,0,,,0,0,yes,delete,high,P1,no_signal
https://coincu.com/andreessen-horowitz-venture-funds-crypto/,Andreessen Horowitz Secures $15 Billion for Multiple Venture Funds,Andreessen Horowitz Secures $15 Billion for Multiple Venture Funds,news,200,Indexable,2100,93,0,0,,,0,0,yes,delete,high,P1,no_signal
https://coincu.com/andrew-griffith-pass-the-financial-services/,Andrew Griffith MP To Pass The Financial Services And Markets Bill In 2023,Andrew Griffith MP To Pass The Financial Services And Markets Bill In 2023,news,200,Indexable,2097,143,0,0,,,0,0,yes,delete,high,P1,no_signal
https://coincu.com/andrew-kang-lose-377k-leveraged-trading/,Andrew Kang Suspected To Lose $377k In Highly Leveraged BTC And ETH Trading,Andrew Kang Suspected To Lose $377k In Highly Leveraged BTC And ETH Trading,news,200,Indexable,2162,134,0,0,,,0,0,yes,delete,high,P1,no_signal
https://coincu.com/andrew-tate-accused-by-romanian/,"Andrew Tate Accused By Romanian Prosecutors, Over $560,000 In BTC Seized","Andrew Tate Accused By Romanian Prosecutors, Over $560,000 In BTC Seized",news,200,Indexable,2271,81,0,0,,,0,0,yes,delete,high,P1,no_signal
https://coincu.com/angeldrainer-scam-group-paid-to-balancer/,AngelDrainer Scam Group Paid Saboteurs to Target Balancer,AngelDrainer Scam Group Paid Saboteurs to Target Balancer,news,200,Indexable,2152,139,0,0,,,0,0,yes,delete,high,P1,no_signal
https://coincu.com/angle-protocols-euro-stablecoin/,Angle Protocol's Euro Stablecoin agEUR Live On Avalanche And BNB Chain,Angle Protocol’s Euro Stablecoin agEUR Live On Avalanche And BNB Chain,news,200,Indexable,2080,156,0,0,,,0,0,yes,delete,high,P1,no_signal
https://coincu.com/anime-token-officially-launches-50-5-community/,ANIME Token Officially Launches With 50.5% for Community Growth,ANIME Token Officially Launches With 50.5% for Community Growth,news,200,Indexable,2126,136,0,0,,,0,0,yes,delete,high,P1,no_signal
https://coincu.com/animoca-anpa-edu-token-purchase/,Animoca Brands and ANPA Enter $50 Million EDU Token Deal,Animoca Brands and ANPA Enter $50 Million EDU Token Deal,news,200,Indexable,1985,110,0,0,,,0,0,yes,delete,high,P1,no_signal
https://coincu.com/animoca-brands-and-hi-partnership/,Animoca Brands And hi Forge $30 Million Partnership To Revolutionize Web3 Ecosystem,Animoca Brands And hi Forge $30 Million Partnership To Revolutionize Web3 Ecosystem,news,200,Indexable,2291,145,0,0,,,0,0,yes,delete,high,P1,no_signal
https://coincu.com/animoca-brands-aws-activate-web3-development/,Animoca Brands Joins Forces With AWS Activate To Boost Web3 Development,Animoca Brands Joins Forces With AWS Activate To Boost Web3 Development,news,200,Indexable,2023,166,0,0,,,0,0,yes,delete,high,P1,no_signal
https://coincu.com/animoca-brands-backed-soulbound-raises-4-million-for-web3-social-gaming/,Animoca Brands-Backed Soulbound Raises $4 Million for Web3 Social Gaming,Animoca Brands-Backed Soulbound Raises $4 Million for Web3 Social Gaming,news,200,Indexable,2304,121,0,0,,,0,0,yes,delete,high,P1,no_signal
https://coincu.com/animoca-brands-completes-75-million-raise/,Animoca Brands Completes $75 Million Raise To Invest In Blockchain Games,Animoca Brands Completes $75 Million Raise To Invest In Blockchain Games,news,200,Indexable,1928,156,0,0,,,0,0,yes,delete,high,P1,no_signal
https://coincu.com/animoca-brands-cuts-fundraising-target-20/,Animoca Brands Cuts Metaverse Fundraising Target By 20%,Animoca Brands Cuts Metaverse Fundraising Target By 20%,news,200,Indexable,2169,183,0,0,,,0,0,yes,delete,high,P1,no_signal
https://coincu.com/animoca-brands-denies-reports-of-200m-meta/,"Animoca Brands Denies Reports Of $200M Metaverse Fund Cut, Valuation Unaffected","Animoca Brands Denies Reports Of $200M Metaverse Fund Cut, Valuation Unaffected",news,200,Indexable,2091,96,0,0,,,0,0,yes,delete,high,P1,no_signal
https://coincu.com/animoca-brands-digital-asset-2-billion/,Animoca Brands Announces 2022 Financial Report: Digital Asset Holdings Surpass $2 Billion,Animoca Brands Announces 2022 Financial Report: Digital Asset Holdings Surpass $2 Billion,news,200,Indexable,2000,152,0,0,,,0,0,yes,delete,high,P1,no_signal
https://coincu.com/animoca-brands-expands-into-ton-to-fuel-web3-gaming/,Animoca Brands Expands Into TON To Fuel Web3 Gaming,Animoca Brands Expands Into TON To Fuel Web3 Gaming,news,200,Indexable,2058,146,0,0,,,0,0,yes,delete,high,P1,no_signal
https://coincu.com/animoca-brands-farewell-2022/,Animoca Brands Farewell 2022 With Impressive Successes,Animoca Brands Farewell 2022 With Impressive Successes,news,200,Indexable,2046,156,0,0,,,0,0,yes,delete,high,P1,no_signal
https://coincu.com/animoca-brands-japan-invests-in-cool-cats-nft/,Animoca Brands Japan Invests in Cool Cats Group's NFT,Animoca Brands Japan Invests in Cool Cats Group’s NFT,news,200,Indexable,2186,212,0,0,,,0,0,yes,delete,high,P1,no_signal
https://coincu.com/animoca-brands-japans-supported-by-mufg/,Animoca Brands Japan's $45 Million Fundraising Effort Is Supported By Banking Giant MUFG,Animoca Brands Japan’s $45 Million Fundraising Effort Is Supported By Banking Giant MUFG,news,200,Indexable,2013,154,0,0,,,0,0,yes,delete,high,P1,no_signal
https://coincu.com/animoca-brands-limited-exposure-ftx/,Animoca Brands Says Limited Exposure For FTX,Animoca Brands Says Limited Exposure For FTX,press_release_like,200,Indexable,2044,140,0,0,,,0,0,yes,delete,high,P1,event_pr_signal
https://coincu.com/animoca-brands-listing-in-hong-kong-promoted/,Animoca Brands Listing in Hong Kong Before 2025 Is Being Promoted,Animoca Brands Listing in Hong Kong Before 2025 Is Being Promoted,news,200,Indexable,2122,118,0,0,,,0,0,yes,delete,high,P1,no_signal
https://coincu.com/animoca-brands-partners-chess-grandmasters/,Animoca Brands Partners With Chess Grandmasters To Build A Chess-Inspired Game,Animoca Brands Partners With Chess Grandmasters To Build A Chess-Inspired Game,news,200,Indexable,2011,156,0,0,,,0,0,yes,delete,high,P1,no_signal
https://coincu.com/animoca-brands-raised-110-million/,Animoca Brands Successfully Raised $110 Million,Animoca Brands Successfully Raised $110 Million,news,200,Indexable,1909,157,0,0,,,0,0,yes,delete,high,P1,no_signal
https://coincu.com/animoca-brands-raises-1-billion-web3-fund/,Animoca Brands Raises $1 Billion For A New Web3 And Metaverse Investment Fund,Animoca Brands Raises $1 Billion For A New Web3 And Metaverse Investment Fund,news,200,Indexable,2068,155,0,0,,,0,0,yes,delete,high,P1,no_signal
https://coincu.com/animoca-brands-raises-100-million/,Animoca Brands Raises $100 Million From Temasek,Animoca Brands Raises $100 Million From Temasek,news,200,Indexable,1861,156,0,0,,,0,0,yes,delete,high,P1,no_signal
https://coincu.com/animoca-brands-secures-20m/,"Animoca Brands Secures $20 Million Boost For Web3 Marvel, Mocaverse","Animoca Brands Secures $20 Million Boost For Web3 Marvel, Mocaverse",news,200,Indexable,1980,131,0,0,,,0,0,yes,delete,high,P1,no_signal
https://coincu.com/animoca-brands-to-expand-web3/,Animoca Brands Wants To Expand Web3 Investment To The Middle East,Animoca Brands Wants To Expand Web3 Investment To The Middle East,news,200,Indexable,2121,225,0,0,,,0,0,yes,delete,high,P1,no_signal
https://coincu.com/animoca-brands-to-keep-expansion/,Animoca Brands To Keep Expansion Into Non-U.S. Markets After The SEC Attack,Animoca Brands To Keep Expansion Into Non-U.S. Markets After The SEC Attack,news,200,Indexable,2279,132,0,0,,,0,0,yes,delete,high,P1,no_signal
https://coincu.com/animoca-brands-to-launch-hkd-stablecoin/,Animoca Brands to Launch HKD Stablecoin with Standard Chartered and HKT,Animoca Brands to Launch HKD Stablecoin with Standard Chartered and HKT,news,200,Indexable,2095,145,0,0,,,0,0,yes,delete,high,P1,no_signal
https://coincu.com/animoca-brands-valuation/,Animoca Brands Valuation Is Now Just $1.5 billion on Secondary Market,Animoca Brands Valuation Is Now Just $1.5 billion on Secondary Market,news,200,Indexable,2150,137,0,0,,,0,0,yes,delete,high,P1,no_signal
https://coincu.com/animoca-ceo-crypto-is-the-new-safety-net/,"Animoca CEO: Crypto Is The New ""Safety Net"" Amid Banking Instability",Animoca CEO: Crypto Is The New “Safety Net” Amid Banking Instability,news,200,Indexable,2191,146,0,0,,,0,0,yes,delete,high,P1,no_signal
https://coincu.com/animoca-co-founder-yat-siu-joins-web3-task-force/,Animoca Brands' Co-Founder Yat Siu Joins Hong Kong Government's Task Force,Animoca Brands’ Co-Founder Yat Siu Joins Hong Kong Government’s Task Force,news,200,Indexable,2080,151,0,0,,,0,0,yes,delete,high,P1,no_signal
https://coincu.com/animoca-japan-and-rootstocklabs-team-up/,Animoca Japan and RootstockLabs Team Up to Build Bitcoin Treasury Infrastructure,Animoca Japan and RootstockLabs Team Up to Build Bitcoin Treasury Infrastructure,news,200,Indexable,2040,173,0,0,,,0,0,yes,delete,high,P1,no_signal
https://coincu.com/animoca-unveils-the-new-fund/,Animoca Unveils The New $2 Billion Metaverse Investment Fund,Animoca Unveils The New $2 Billion Metaverse Investment Fund,news,200,Indexable,1752,149,0,0,,,0,0,yes,delete,high,P1,no_signal
https://coincu.com/animoca-ventures-leads-charge-to-save-web3/,Animoca Ventures Leads Charge To Save Web3 Gaming,Animoca Ventures Leads Charge To Save Web3 Gaming,news,200,Indexable,2079,113,0,0,,,0,0,yes,delete,high,P1,no_signal
https://coincu.com/anita-sentient-chaincatcher-hong-kong-crypto-2026-forum/,Sentient APAC Head Anita to Attend ChainCatcher Hong Kong Crypto 2026 Forum,Sentient APAC Head Anita to Attend ChainCatcher Hong Kong Crypto 2026 Forum,news,200,Indexable,2210,146,0,0,,,0,0,yes,delete,high,P1,no_signal
https://coincu.com/ankr-can-take-bad-debt-due-to-hacker-attack/,Ankr Can Take Bad Debt Due To Hacker Attack,Ankr Can Take Bad Debt Due To Hacker Attack,news,200,Indexable,2034,158,0,0,,,0,0,yes,delete,high,P1,no_signal
https://coincu.com/ankr-compensates-for-exploited-providers/,AnKr Will Compensates For Exploited Liquidity Providers,AnKr Will Compensates For Exploited Liquidity Providers,news,200,Indexable,1994,251,0,0,,,0,0,yes,delete,high,P1,no_signal
https://coincu.com/ankr-dns-attack-to-polygon-fantom-networks/,Ankr Suffers From DNS Attack Related To Polygon And Fantom Networks,Ankr Suffers From DNS Attack Related To Polygon And Fantom Networks,news,200,Indexable,2162,158,0,0,,,0,0,yes,delete,high,P1,no_signal
https://coincu.com/ankr-hacker-exchanged-about-7m/,"Ankr Hacker Exchanged Stolen Money For 5,500 BNB And 5.34M USDC, Equivalent To About $7M","Ankr Hacker Exchanged Stolen Money For 5,500 BNB And 5.34M USDC, Equivalent To About $7M",news,200,Indexable,2006,147,0,0,,,0,0,yes,delete,high,P1,no_signal
https://coincu.com/ankr-partners-chiliz/,Ankr Partners Chiliz To Support Web3 Sports And Entertainment Use Cases,Ankr Partners Chiliz To Support Web3 Sports And Entertainment Use Cases,news,200,Indexable,2059,104,0,0,,,0,0,yes,delete,high,P1,no_signal
https://coincu.com/ankr-releases-a-flexible-staking-kit/,Ankr Releases A Flexible Staking Support Development Kit,Ankr Releases A Flexible Staking Support Development Kit,news,200,Indexable,2181,85,0,0,,,0,0,yes,delete,high,P1,no_signal
https://coincu.com/ankr-staking-assets-remain-safe/,"Ankr Staking Assets Remain Safe, aBNBc Token 10 Trillion Attack Was Stopped In Time","Ankr Staking Assets Remain Safe, aBNBc Token 10 Trillion Attack Was Stopped In Time",news,200,Indexable,2046,153,0,0,,,0,0,yes,delete,high,P1,no_signal
https://coincu.com/ankr-will-provide-rpc-services-sei-blockchain/,Ankr Will Provide RPC Services For Sei Blockchain,Ankr Will Provide RPC Services For Sei Blockchain,news,200,Indexable,2110,104,0,0,,,0,0,yes,delete,high,P1,no_signal
https://coincu.com/announcement-vietnam-blockchain-summit-2023/,ANNOUNCEMENT OF VIETNAM BLOCKCHAIN SUMMIT 2023,ANNOUNCEMENT OF VIETNAM BLOCKCHAIN SUMMIT 2023,press_release_like,200,Indexable,3137,235,0,0,,,0,0,yes,delete,high,P1,event_pr_signal
https://coincu.com/annual-percentage-yield-apy/,Annual Percentage Yield (APY),Annual Percentage Yield (APY),news,200,Indexable,2180,250,0,0,,,0,0,yes,delete,high,P1,no_signal
https://coincu.com/anode-labs-closed-4-2-million-funding/,Web3 Startup Anode Labs Closed $4.2 Million Funding Round,Web3 Startup Anode Labs Closed $4.2 Million Funding Round,news,200,Indexable,1964,177,0,0,,,0,0,yes,delete,high,P1,no_signal
https://coincu.com/anoma-crypto-venture-funding-seeks-40m/,Anoma Crypto Venture Funding Seeks $40 Million at $1 Billion Valuation,Anoma Crypto Venture Funding Seeks $40 Million at $1 Billion Valuation,news,200,Indexable,2081,133,0,0,,,0,0,yes,delete,high,P1,no_signal
https://coincu.com/ant-group-shakes-up-crypto-landscape/,Ant Group Shakes Up Crypto Landscape With $100 Million Withdrawal From Crypto Industry,Ant Group Shakes Up Crypto Landscape With $100 Million Withdrawal From Crypto Industry,news,200,Indexable,2092,152,0,0,,,0,0,yes,delete,high,P1,no_signal
https://coincu.com/ant-group-with-bank-kenanga-the-superapp/,"China’s Ant Group Collaborates With Malaysian Investment Bank Kenanga To Launch The ""SuperApp""",China’s Ant Group Collaborates With Malaysian Investment Bank Kenanga To Launch The “SuperApp”,news,200,Indexable,2093,158,0,0,,,0,0,yes,delete,high,P1,no_signal
https://coincu.com/anthony-hopkins-launches-nft-collection/,Anthony Hopkins Launches The Eternal NFT Collection,Anthony Hopkins Launches The Eternal NFT Collection,news,200,Indexable,1927,156,0,0,,,0,0,yes,delete,high,P1,no_signal
https://coincu.com/anthony-hopkins-nft-sold-out/,Anthony Hopkins’ NFT Debut Collection Sold Out In Just Seven Minutes,Anthony Hopkins’ NFT Debut Collection Sold Out In Just Seven Minutes,news,200,Indexable,1897,157,0,0,,,0,0,yes,delete,high,P1,no_signal
https://coincu.com/anthony-pompliano-unveils-1b-procap-merger/,"Anthony Pompliano Unveils $1B ProCap Merger, $750M Bitcoin Treasury","Anthony Pompliano Unveils $1B ProCap Merger, $750M Bitcoin Treasury",news,200,Indexable,2137,117,0,0,,,0,0,yes,delete,high,P1,no_signal
https://coincu.com/anthropic-ai-funding-750m-menlo-ventures/,Insider: Anthropic AI Funding Surpasses $750M With Menlo Ventures' Investment,Insider: Anthropic AI Funding Surpasses $750M With Menlo Ventures’ Investment,news,200,Indexable,2136,143,0,0,,,0,0,yes,delete,high,P1,no_signal
https://coincu.com/anti-cbdc-law-is-now-being-pushed/,Anti-CBDC Law Is Now Being Pushed By Senators During The 2024 Presidential Campaign,Anti-CBDC Law Is Now Being Pushed By Senators During The 2024 Presidential Campaign,news,200,Indexable,2139,149,0,0,,,0,0,yes,delete,high,P1,no_signal
https://coincu.com/anti-crypto-democrat-caroline-crenshaw/,Anti Crypto Democrat Caroline Crenshaw Likely to Retain Seat,Anti Crypto Democrat Caroline Crenshaw Likely to Retain Seat,news,200,Indexable,2065,114,0,0,,,0,0,yes,delete,high,P1,no_signal
https://coincu.com/anti-crypto-jamaal-bowman-loss/,Anti Crypto Jamaal Bowman Loss Was Excited By Community,Anti Crypto Jamaal Bowman Loss Was Excited By Community,news,200,Indexable,2129,151,0,0,,,0,0,yes,delete,high,P1,no_signal
https://coincu.com/anti-money-laundering/,Anti-Money Laundering (AML),Anti-Money Laundering (AML),news,200,Indexable,2177,269,0,0,,,0,0,yes,delete,high,P1,no_signal
https://coincu.com/antpool-wont-maintain-client-assets/,AntPool Won't Maintain Client Assets On Ethereum After The Merge,AntPool Won’t Maintain Client Assets On Ethereum After The Merge,news,200,Indexable,2158,157,0,0,,,0,0,yes,delete,high,P1,no_signal
https://coincu.com/anubisdao-rug-pull-backs-3-years/,AnubisDAO Rug Pull Backs After Nearly 3 Years With Suspicious Transactions,AnubisDAO Rug Pull Backs After Nearly 3 Years With Suspicious Transactions,news,200,Indexable,2133,118,0,0,,,0,0,yes,delete,high,P1,no_signal
https://coincu.com/anz-explores-cbdc-use-case/,ANZ Successfully Explores The First CBDC Use Case For Carbon Credit Trading,ANZ Successfully Explores The First CBDC Use Case For Carbon Credit Trading,news,200,Indexable,2148,77,0,0,,,0,0,yes,delete,high,P1,no_signal
https://coincu.com/ape-btc-trading-pair-surges-by-2000/,APE/BTC Trading Pair Surges By 2000% Amid Upbit Suspend ERC Tokens,APE/BTC Trading Pair Surges By 2000% Amid Upbit Suspend ERC Tokens,news,200,Indexable,2106,134,0,0,,,0,0,yes,delete,high,P1,no_signal
https://coincu.com/ape-rally-ends-as-apecoin-staking-goes-live/,APE Rally Ends As ApeCoin Staking Goes Live?,APE Rally Ends As ApeCoin Staking Goes Live?,news,200,Indexable,1981,182,0,0,,,0,0,yes,delete,high,P1,no_signal
https://coincu.com/apecoin-aip-88-nft-launchpad-decision/,Apecoin Introduces New Proposal AIP-88 On NFT Launchpad Decision,Apecoin Introduces New Proposal AIP-88 On NFT Launchpad Decision,news,200,Indexable,1843,109,0,0,,,0,0,yes,delete,high,P1,no_signal
https://coincu.com/apecoin-ape-price-dropped-all-time-lows/,Apecoin (APE) Price Dropped To All-Time Lows Since Launch Of Otherside,Apecoin (APE) Price Dropped To All-Time Lows Since Launch Of Otherside,news,200,Indexable,1945,142,0,0,,,0,0,yes,delete,high,P1,no_signal
https://coincu.com/apecoin-community-votes-on-3-proposals/,ApeCoin Community Votes On 3 Proposals To Have Its Separate BAYC NFT Marketplace,ApeCoin Community Votes On 3 Proposals To Have Its Separate BAYC NFT Marketplace,news,200,Indexable,2213,154,0,0,,,0,0,yes,delete,high,P1,no_signal
https://coincu.com/apecoin-dao-bug-bounty-phase-1-concludes/,ApeCoin DAO Bug Bounty Program Phase 1 Concludes With Only One Medium-severity Bug Discovered,ApeCoin DAO Bug Bounty Program Phase 1 Concludes With Only One Medium-severity Bug Discovered,news,200,Indexable,1942,154,0,0,,,0,0,yes,delete,high,P1,no_signal
https://coincu.com/apecoin-dao-considers-delaying-ape-staking/,ApeCoin DAO Considers Delaying APE Staking And Introducing Bug Bounty Scheme,ApeCoin DAO Considers Delaying APE Staking And Introducing Bug Bounty Scheme,news,200,Indexable,2053,140,0,0,,,0,0,yes,delete,high,P1,no_signal
https://coincu.com/apecoin-dao-launches-nft-marketplace/,ApeCoin DAO Launches New NFT Marketplace,ApeCoin DAO Launches New NFT Marketplace,news,200,Indexable,1907,61,0,0,,,0,0,yes,delete,high,P1,no_signal
https://coincu.com/apecoin-dao-now-uniforms-minimum-1-ape/,ApeCoin DAO Now Uniforms Minimum 1 APE For Holders To Vote,ApeCoin DAO Now Uniforms Minimum 1 APE For Holders To Vote,news,200,Indexable,2117,83,0,0,,,0,0,yes,delete,high,P1,no_signal
https://coincu.com/apecoin-is-the-worst-performing-altcoin/,ApeCoin Is The Worst-Performing Altcoin In 2023 With Price Declining More Than 83%,ApeCoin Is The Worst-Performing Altcoin In 2023 With Price Declining More Than 83%,news,200,Indexable,2079,144,0,0,,,0,0,yes,delete,high,P1,no_signal
https://coincu.com/apecoin-loses-almost-30-value/,"ApeCoin Loses Almost 30% Of Its Value In A Week, Is Now A Good Time To Buy?","ApeCoin Loses Almost 30% Of Its Value In A Week, Is Now A Good Time To Buy?",news,200,Indexable,2141,78,0,0,,,0,0,yes,delete,high,P1,no_signal
https://coincu.com/apecoin-new-proposal-to-create-dex/,ApeCoin Proposal Intends To Create New DEX But Faces Strong Opposition,ApeCoin Proposal Intends To Create New DEX But Faces Strong Opposition,news,200,Indexable,2129,167,0,0,,,0,0,yes,delete,high,P1,no_signal
https://coincu.com/apecoin-now-accepted-by-gucci/,ApeCoin Now Accepted By Gucci,ApeCoin Now Accepted By Gucci,news,200,Indexable,2125,158,0,0,,,0,0,yes,delete,high,P1,no_signal
https://coincu.com/apecoin-plans-boost-for-pre-apechain-launch/,ApeCoin Plans Boost for Bored Ape Growth Pre-ApeChain Launch,ApeCoin Plans Boost for Bored Ape Growth Pre-ApeChain Launch,news,200,Indexable,2057,195,0,0,,,0,0,yes,delete,high,P1,no_signal
https://coincu.com/apecoin-revolts-proposed-nft-collections/,ApeCoin Community Revolts Against Proposed NFT Collections,ApeCoin Community Revolts Against Proposed NFT Collections,news,200,Indexable,1945,130,0,0,,,0,0,yes,delete,high,P1,no_signal
https://coincu.com/apecoin-soars-by-22-after-the-bayc/,Apecoin Soars By 22% After The BAYC Showcases The Otherside Metaverse,Apecoin Soars By 22% After The BAYC Showcases The Otherside Metaverse,news,200,Indexable,1904,157,0,0,,,0,0,yes,delete,high,P1,no_signal
https://coincu.com/apecoin-staking-withdrawals-by-ape-whale/,ApeCoin Staking Withdrawals By APE Whale Hit Millions,ApeCoin Staking Withdrawals By APE Whale Hit Millions,news,200,Indexable,2076,138,0,0,,,0,0,yes,delete,high,P1,no_signal
https://coincu.com/apecoin-voted-to-reject/,ApeCoin Community Voted To Reject The AIP-222 Proposal,ApeCoin Community Voted To Reject The AIP-222 Proposal,news,200,Indexable,2195,73,0,0,,,0,0,yes,delete,high,P1,no_signal
https://coincu.com/apecoins-sister-dao-nft-treasury-70-support/,ApeCoin's Sister DAO & NFT Treasury Proposal Surpasses 70% Support,ApeCoin’s Sister DAO & NFT Treasury Proposal Surpasses 70% Support,news,200,Indexable,2110,123,0,0,,,0,0,yes,delete,high,P1,no_signal
https://coincu.com/apollo-and-twitter-deal/,Apollo And Sixth Street No Longer In Talks About Twitter Deal,Apollo And Sixth Street No Longer In Talks About Twitter Deal,news,200,Indexable,1906,113,0,0,,,0,0,yes,delete,high,P1,no_signal
https://coincu.com/apollo-is-attracted-by-celsiuss-bid/,Private Equity Giant Apollo Global Management Is Attracted By Celsius's Bid,Private Equity Giant Apollo Global Management Is Attracted By Celsius’s Bid,news,200,Indexable,2228,81,0,0,,,0,0,yes,delete,high,P1,no_signal
https://coincu.com/apollo-partners-with-anchorage-digital/,Apollo Partners With Anchorage Digital To Expanded Its Crypto Offering For Clients,Apollo Partners With Anchorage Digital To Expanded Its Crypto Offering For Clients,news,200,Indexable,1972,149,0,0,,,0,0,yes,delete,high,P1,no_signal
https://coincu.com/app-store-removes-fake-trezor-app/,Caution: Apple's App Store Removes Fake Malicious Trezor App,Caution: Apple’s App Store Removes Fake Malicious Trezor App,news,200,Indexable,2334,107,0,0,,,0,0,yes,delete,high,P1,no_signal
https://coincu.com/appeals-court-rules-nft-trading-case/,"Appeals Court Rules NFT Trading Case Misjudged, Tosses Landmark OpenSea Conviction","Appeals Court Rules NFT Trading Case Misjudged, Tosses Landmark OpenSea Conviction",news,200,Indexable,2097,145,0,0,,,0,0,yes,delete,high,P1,no_signal
https://coincu.com/apple-again-has-vulnerability/,Apple Again Has A Serious Security Vulnerability That Can Lose Crypto Assets,Apple Again Has A Serious Security Vulnerability That Can Lose Crypto Assets,news,200,Indexable,2205,137,0,0,,,0,0,yes,delete,high,P1,no_signal
https://coincu.com/apple-allowing-3rd-party-crypto-apps/,Apple Allowing 3rd Party Crypto And NFT Apps To Be Available In App Stores,Apple Allowing 3rd Party Crypto And NFT Apps To Be Available In App Stores,news,200,Indexable,2063,213,0,0,,,0,0,yes,delete,high,P1,no_signal
https://coincu.com/apple-and-circles-partnership-could-unlock-a-15-7-trillion-opportunity-for-ethereum/,Apple and Circle’s Partnership Could Unlock a $15.7 Trillion Opportunity for Ethereum,Apple and Circle’s Partnership Could Unlock a $15.7 Trillion Opportunity for Ethereum,news,200,Indexable,2265,165,0,0,,,0,0,yes,delete,high,P1,no_signal
https://coincu.com/apple-crypto-scam/,Apple Crypto Scam Taking Advantage Of The iPhone 14 Launch Event To Trick Users,Apple Crypto Scam Taking Advantage Of The iPhone 14 Launch Event To Trick Users,news,200,Indexable,2128,222,0,0,,,0,0,yes,delete,high,P1,no_signal
https://coincu.com/apple-develops-groundbreaking-gpt-language-model/,Apple Develops Groundbreaking GPT Language Model And Chat Robot,Apple Develops Groundbreaking GPT Language Model And Chat Robot,news,200,Indexable,2095,156,0,0,,,0,0,yes,delete,high,P1,no_signal
https://coincu.com/apple-netflix-binance-among-ftx-creditors/,"Apple, Netflix, Binance And Coinbase Are Now Among The Collapsed FTX Creditors","Apple, Netflix, Binance And Coinbase Are Now Among The Collapsed FTX Creditors",news,200,Indexable,2125,135,0,0,,,0,0,yes,delete,high,P1,no_signal
https://coincu.com/apple-pay-accepts-usdc/,Apple Pay Accepts USDC On Crypto Payments,Apple Pay Accepts USDC On Crypto Payments,news,200,Indexable,1939,158,0,0,,,0,0,yes,delete,high,P1,no_signal
https://coincu.com/apple-pay-google-pay-available-on-binance/,Apple Pay And Google Pay Are Now Available On Binance,Apple Pay And Google Pay Are Now Available On Binance,news,200,Indexable,2134,253,0,0,,,0,0,yes,delete,high,P1,no_signal
https://coincu.com/apple-removes-bitcoin-whitepaper-from-macos/,Apple Removes Bitcoin Whitepaper From macOS Ventura 13.4 Beta 3,Apple Removes Bitcoin Whitepaper From macOS Ventura 13.4 Beta 3,news,200,Indexable,2104,165,0,0,,,0,0,yes,delete,high,P1,no_signal
https://coincu.com/apple-restricts-apps-from-using-nfts/,Apple Restricts Apps From Using NFTs In New Update,Apple Restricts Apps From Using NFTs In New Update,news,200,Indexable,1883,149,0,0,,,0,0,yes,delete,high,P1,no_signal
https://coincu.com/apple-store-appears-scam-program-users-beware/,"Apple Store Appears A Malicious Scam Program, Users Beware","Apple Store Appears A Malicious Scam Program, Users Beware",news,200,Indexable,2087,127,0,0,,,0,0,yes,delete,high,P1,no_signal
https://coincu.com/apple-vision-pro-headset-unveiled/,Say Goodbye To The Metaverse: Apple's Vision Pro Headset Unveiled,Say Goodbye To The Metaverse: Apple’s Vision Pro Headset Unveiled,news,200,Indexable,2104,112,0,0,,,0,0,yes,delete,high,P1,no_signal
https://coincu.com/apples-unlawful-payments-ban-sparks-nft/,Apple's Unlawful Payments Ban Sparks NFT And Crypto Revolution,Apple’s Unlawful Payments Ban Sparks NFT And Crypto Revolution,news,200,Indexable,2270,233,0,0,,,0,0,yes,delete,high,P1,no_signal
https://coincu.com/apples-vision-pro-launch-marks-significant-shift/,Apple's Vision Pro Launch Marks Significant Shift in Company Strategy,Apple’s Vision Pro Launch Marks Significant Shift in Company Strategy,news,200,Indexable,2118,197,0,0,,,0,0,yes,delete,high,P1,no_signal
https://coincu.com/application-chain-the-technology/,Application Chain: The Technology And Significance - Coincu - Latest Cryptocurrency News and Analysis 1,Application Chain: The Technology And Significance,news,200,Indexable,3967,125,0,0,,,0,0,yes,delete,high,P1,no_signal
https://coincu.com/applied-digital-15-million-loan-grow-texas/,Applied Digital Supplier Of Bitcoin Hosting Obtains $15 Million Loan To Grow In Texas,Applied Digital Supplier Of Bitcoin Hosting Obtains $15 Million Loan To Grow In Texas,news,200,Indexable,1944,174,0,0,,,0,0,yes,delete,high,P1,no_signal
https://coincu.com/applied-digital-launched-new-fund/,Applied Digital Launched New Fund With The Goal Of Raising $100 Million,Applied Digital Launched New Fund With The Goal Of Raising $100 Million,news,200,Indexable,2003,97,0,0,,,0,0,yes,delete,high,P1,no_signal
https://coincu.com/applied-dna-sciences-bnb-investment/,Applied DNA Sciences Initiates $58M BNB-Based Investment Strategy,Applied DNA Sciences Initiates $58M BNB-Based Investment Strategy,news,200,Indexable,2137,98,0,0,,,0,0,yes,delete,high,P1,no_signal
https://coincu.com/april-is-the-worst-month-for-bitcoin-etf-outflow/,April Is The Worst Month For Bitcoin Amid ETF Outflows: Report,April Is The Worst Month For Bitcoin Amid ETF Outflows: Report,news,200,Indexable,2117,171,0,0,,,0,0,yes,delete,high,P1,no_signal
https://coincu.com/april-us-core-pce-index-reveals-0-2-monthly-gain/,"April's US Core PCE Index Reveals 0.2% Monthly Gain, Goods Prices Stir","April’s US Core PCE Index Reveals 0.2% Monthly Gain, Goods Prices Stir",news,200,Indexable,2165,172,0,0,,,0,0,yes,delete,high,P1,no_signal
https://coincu.com/aprobomberos-makes-crypto-history-receives-bitcoin-donation-from-proof-of-workforce/,AproBomberos Makes Crypto History: Receives Bitcoin Donation from Proof of Workforce!,AproBomberos Makes Crypto History: Receives Bitcoin Donation from Proof of Workforce!,news,200,Indexable,2154,163,0,0,,,0,0,yes,delete,high,P1,no_signal
https://coincu.com/apt-price-bounces-back-after-fakeout/,APT Price Bounces Back after Fakeout: Is a Massive Pump Coming Next?,APT Price Bounces Back after Fakeout: Is a Massive Pump Coming Next?,news,200,Indexable,2202,112,0,0,,,0,0,yes,delete,high,P1,no_signal
https://coincu.com/apt-price-in-demand-zone-eyes-12-target/,APT Price in Demand Zone Eyeing $12 Target Before Resistance,APT Price in Demand Zone Eyeing $12 Target Before Major Resistance,news,200,Indexable,2157,87,0,0,,,0,0,yes,delete,high,P1,no_signal
https://coincu.com/aptos-active-accounts-surge-to-182000/,"Aptos Active Accounts Surge to 182,000 Following Integration with Chingari Social Media App","Aptos Active Accounts Surge to 182,000 Following Integration with Chingari Social Media App",news,200,Indexable,2146,143,0,0,,,0,0,yes,delete,high,P1,no_signal
https://coincu.com/aptos-and-sui/,Aptos and Sui: Where is the next generation of Blockchain in the future 2022 - 20??,Aptos and Sui: Where is the next generation of Blockchain in the future 2022 – 20??,news,200,Indexable,3514,83,0,0,,,0,0,yes,delete,high,P1,no_signal
https://coincu.com/aptos-and-wormhole-bridge-nft-cross-chain/,Aptos And Wormhole Bridge The NFT Gap With Cross-Chain Collaboration,Aptos And Wormhole Bridge The NFT Gap With Cross-Chain Collaboration,news,200,Indexable,2135,141,0,0,,,0,0,yes,delete,high,P1,no_signal
https://coincu.com/aptos-blockchain-funding-secured-for-growth-push/,Aptos Blockchain Funding Secured for Multimillion-Dollar Growth Push,Aptos Blockchain Funding Secured for Multimillion-Dollar Growth Push,news,200,Indexable,2001,176,0,0,,,0,0,yes,delete,high,P1,no_signal
https://coincu.com/aptos-blockchain-is-not-hacked/,Aptos Blockchain Is Not Hacked,Aptos Blockchain Is Not Hacked,news,200,Indexable,1978,244,0,0,,,0,0,yes,delete,high,P1,no_signal
https://coincu.com/aptos-bounces-from-key-support-surge-14/,Aptos Bounces from Key Support: Is a Surge Towards $14 Level Incoming,Aptos Bounces from Key Support: Is a Surge Towards $14 Level Incoming,news,200,Indexable,2209,125,0,0,,,0,0,yes,delete,high,P1,no_signal
https://coincu.com/aptos-collaborates-with-sk-telecom/,Aptos collaborates with SK Telecom from Korean telecom group,Aptos collaborates with SK Telecom from the Korean telecommunications group,news,200,Indexable,2074,139,0,0,,,0,0,yes,delete,high,P1,no_signal
https://coincu.com/aptos-considering-new-upgrade/,Aptos Considering New Upgrade With Staking Rewards Will Fall 1.5% Annually,Aptos Considering New Upgrade With Staking Rewards Will Fall 1.5% Annually,news,200,Indexable,2021,89,0,0,,,0,0,yes,delete,high,P1,no_signal
https://coincu.com/aptos-experience-2025-new-york/,Aptos Experience 2025 Unveils Blockchain Innovations in New York,Aptos Experience 2025 Unveils Blockchain Innovations in New York,news,200,Indexable,2046,87,0,0,,,0,0,yes,delete,high,P1,no_signal
https://coincu.com/aptos-foundation-and-alibaba-cloud-partner/,Aptos Foundation and Alibaba Cloud Partner to Boost Japan's Web3 Ecosystem,Aptos Foundation and Alibaba Cloud Partner to Boost Japan’s Web3 Ecosystem,news,200,Indexable,2098,96,0,0,,,0,0,yes,delete,high,P1,no_signal
https://coincu.com/aptos-foundation-expands-global-footprint-with-new-abu-dhabi-office/,Aptos Foundation Expands Global Footprint with New Abu Dhabi Office,Aptos Foundation Expands Global Footprint with New Abu Dhabi Office,news,200,Indexable,2155,55,0,0,,,0,0,yes,delete,high,P1,no_signal
https://coincu.com/aptos-google-cloud-collaboration/,Aptos - Google Cloud Collaboration And Preparations For An Accelerator Program,Aptos – Google Cloud Collaboration And Preparations For An Accelerator Program,news,200,Indexable,2031,154,0,0,,,0,0,yes,delete,high,P1,no_signal
https://coincu.com/aptos-labs-and-microsoft-unite/,"Aptos Labs and Microsoft Unite AI And Blockchain for Innovative Solutions, APT Surges Over 17%","Aptos Labs and Microsoft Unite AI And Blockchain for Innovative Solutions, APT Surges Over 17%",news,200,Indexable,1989,74,0,0,,,0,0,yes,delete,high,P1,no_signal
https://coincu.com/aptos-labs-collaborates-with-moonpay/,Aptos Labs Collaborates With MoonPay To Integrate The Petra,Aptos Labs Collaborates With MoonPay To Integrate The Petra,news,200,Indexable,1877,112,0,0,,,0,0,yes,delete,high,P1,no_signal
https://coincu.com/aptos-labs-integrates-coinbase-pay/,Aptos Labs Integrates Coinbase Pay For Seamless Web3 Experiences,Aptos Labs Integrates Coinbase Pay For Seamless Web3 Experiences,news,200,Indexable,1998,309,0,0,,,0,0,yes,delete,high,P1,no_signal
https://coincu.com/aptos-labs-integrates-with-layerzero/,Aptos Labs Integrates With Interoperability Protocol LayerZero,Aptos Labs Integrates With Interoperability Protocol LayerZero,news,200,Indexable,1943,155,0,0,,,0,0,yes,delete,high,P1,no_signal
https://coincu.com/aptos-labs-relaunch-aptos-name-service/,Aptos Labs Announced The Relaunch Of Aptos Name Service,Aptos Labs Announced The Relaunch Of Aptos Name Service,news,200,Indexable,1978,114,0,0,,,0,0,yes,delete,high,P1,no_signal
https://coincu.com/aptos-launches-digital-asset-standard/,"Aptos Launches New ""Aptos Digital Asset Standard"" To Promote NFT Ecosystem",Aptos Launches New “Aptos Digital Asset Standard” To Promote NFT Ecosystem,news,200,Indexable,2014,163,0,0,,,0,0,yes,delete,high,P1,no_signal
https://coincu.com/aptos-mainnet-aptos-autumn-launched/,"Aptos Mainnet ""Aptos Autumn"" Officially Launched After More Than 4 Years Of Deployment",Aptos Mainnet “Aptos Autumn” Officially Launched After More Than 4 Years Of Deployment,news,200,Indexable,1874,289,0,0,,,0,0,yes,delete,high,P1,no_signal
https://coincu.com/aptos-mainnet-incident-report/,Aptos Mainnet Incident Report Shows Code Issue Resolutions,Aptos Mainnet Incident Report Shows Code Issue Resolutions,news,200,Indexable,1965,120,0,0,,,0,0,yes,delete,high,P1,no_signal
https://coincu.com/aptos-named-gold-sponsor-at-japan-summit/,Aptos Named Gold Sponsor at Japan Summit,Aptos Named Gold Sponsor at Japan Summit as APT Eyes 2x Breakout from Wedge,press_release_like,200,Indexable,2127,106,0,0,,,0,0,yes,delete,high,P1,event_pr_signal
https://coincu.com/aptos-now-explodes-95-weekly-bitcoin-23000/,"Aptos Now Explodes 95% Weekly As Bitcoin Calms Amid $23,000","Aptos Now Explodes 95% Weekly As Bitcoin Calms Amid $23,000",news,200,Indexable,2129,225,0,0,,,0,0,yes,delete,high,P1,no_signal
https://coincu.com/aptos-passkey-authentication-is-implemented/,Aptos Passkey Authentication Is Implemented To Help Users Easily Access Their Assets,Aptos Passkey Authentication Is Implemented To Help Users Easily Access Their Assets,news,200,Indexable,2083,135,0,0,,,0,0,yes,delete,high,P1,no_signal
https://coincu.com/aptos-plans-to-release-innovative/,Aptos Plans To Release A Series Of Innovative DeFi Applications In 2023,Aptos Plans To Release A Series Of Innovative DeFi Applications In 2023,news,200,Indexable,2063,153,0,0,,,0,0,yes,delete,high,P1,no_signal
https://coincu.com/aptos-price-set-to-surge-towards-6-40/,Aptos Price Set to Surge Towards $6.40+ If D1 Candle Closes Above $5.60,Aptos Price Set to Surge Towards $6.40+ If D1 Candle Closes Above $5.60,news,200,Indexable,2126,130,0,0,,,0,0,yes,delete,high,P1,no_signal
https://coincu.com/aptos-raised-150m-for-series-a/,Aptos Built By Meta's DEV Team (FB) Raised $150M For Series A,Aptos Built By Meta’s DEV Team (FB) Raised $150M For Series A,news,200,Indexable,1926,150,0,0,,,0,0,yes,delete,high,P1,no_signal
https://coincu.com/aptos-rewards-1-million/,Aptos Rewards $1 Million To Find Blockchain Vulnerabilities,Aptos Rewards $1 Million To Find Blockchain Vulnerabilities,news,200,Indexable,2003,155,0,0,,,0,0,yes,delete,high,P1,no_signal
https://coincu.com/aptos-soars-more-than-30/,Aptos Soars More Than 30% With The Number Of Shorts Skyrocketing,Aptos Soars More Than 30% With The Number Of Shorts Skyrocketing,news,200,Indexable,1811,166,0,0,,,0,0,yes,delete,high,P1,no_signal
https://coincu.com/aptos-token-economics-update-staking-reward-2-6-gas-fees/,Aptos Lowers Staking Reward Rate to 2.6% and Raises Gas Fees,Aptos Lowers Staking Reward Rate to 2.6% and Raises Gas Fees,news,200,Indexable,2818,182,0,0,,,0,0,yes,delete,high,P1,no_signal
https://coincu.com/aptos-token-explodes-following-elon-musks/,Aptos Token Explodes In Value Following Elon Musk's Tweet,Aptos Token Explodes In Value Following Elon Musk’s Tweet,news,200,Indexable,2205,109,0,0,,,0,0,yes,delete,high,P1,no_signal
https://coincu.com/aptos-token-prices-strong-nft-interest/,Aptos Token Prices Have Doubled Due To Strong NFT Interest,Aptos Token Prices Have Doubled Due To Strong NFT Interest,news,200,Indexable,2122,179,0,0,,,0,0,yes,delete,high,P1,no_signal
https://coincu.com/aptos-token-release-triggers-bullish/,Aptos Token Release Triggers Bullish Buying Spree,Aptos Token Release Triggers Bullish Buying Spree,news,200,Indexable,2174,97,0,0,,,0,0,yes,delete,high,P1,no_signal
https://coincu.com/aptos-unleashes-move-framework/,Aptos Unleashes Move Framework V1.5 With The Token Innovation,Aptos Unleashes Move Framework V1.5 With The Token Innovation,news,200,Indexable,2288,145,0,0,,,0,0,yes,delete,high,P1,no_signal
https://coincu.com/aptos-user-transactions-sets-new-record/,Aptos User Transactions Sets New Industry Record With 97.5 Million,Aptos User Transactions Sets New Industry Record With 97.5 Million,news,200,Indexable,2102,115,0,0,,,0,0,yes,delete,high,P1,no_signal
https://coincu.com/aptos-will-reduce-the-gas-fee/,Aptos Will Reduce The Gas Fee Of Dynamic NFT By 10 Times,Aptos Will Reduce The Gas Fee Of Dynamic NFT By 10 Times,news,200,Indexable,2018,155,0,0,,,0,0,yes,delete,high,P1,no_signal
https://coincu.com/apu-apustaja-a-new-partnership-in-the-world-of-football-and-crypto/,Apu Apustaja: A New Partnership in the World of Football and Crypto,Apu Apustaja: A New Partnership in the World of Football and Crypto,news,200,Indexable,2429,109,0,0,,,0,0,yes,delete,high,P1,no_signal
https://coincu.com/aqua-protocol-defi-liquidity/,1inch Unveils Aqua Protocol for Shared Liquidity in DeFi,1inch Unveils Aqua Protocol for Shared Liquidity in DeFi,news,200,Indexable,2074,115,0,0,,,0,0,yes,delete,high,P1,no_signal
https://coincu.com/arab-countries-could-adopt-bitcoin/,"Arab Countries Could Adopt Bitcoin ""Sooner Than We Think.""",Arab Countries Could Adopt Bitcoin “Sooner Than We Think.”,news,200,Indexable,2079,157,0,0,,,0,0,yes,delete,high,P1,no_signal
https://coincu.com/aragon-deceived-investors/,Aragon Allegedly Deceived By Investors Over The Last 6 Years,Aragon Allegedly Deceived By Investors Over The Last 6 Years,news,200,Indexable,2204,104,0,0,,,0,0,yes,delete,high,P1,no_signal
https://coincu.com/aragon-projects-strengthens-eth-reserves/,Aragon Project's Treasury Strengthens ETH Reserves After The FTX Crisis,Aragon Project’s Treasury Strengthens ETH Reserves After The FTX Crisis,news,200,Indexable,1963,150,0,0,,,0,0,yes,delete,high,P1,no_signal
https://coincu.com/aragon-teams-up-with-polygon/,Aragon Teams Up With Polygon To Create New Tool Kit That Helps Promote DAO,Aragon Teams Up With Polygon To Create New Tool Kit That Helps Promote DAO,news,200,Indexable,2187,82,0,0,,,0,0,yes,delete,high,P1,no_signal
https://coincu.com/arb-at-accumulation-zone/,ARB at Accumulation Zone: Next Move Could Be Big,ARB at Accumulation Zone: Next Move Could Be Big,news,200,Indexable,2178,130,0,0,,,0,0,yes,delete,high,P1,no_signal
https://coincu.com/arb-drops-from-resistance/,ARB Drops from Resistance: Can It Rebound from $0.25?ARB Drops from Resistance: Can It Rebound from $0.25?,ARB Drops from Resistance: Can It Rebound from $0.25?,news,200,Indexable,2167,104,0,0,,,0,0,yes,delete,high,P1,no_signal
https://coincu.com/arb-forms-bullish-falling-wedge-pattern/,ARB Forms Bullish Falling Wedge Pattern Indicating Potential Breakout Toward $2.00+,ARB Forms Bullish Falling Wedge Pattern Indicating Potential Breakout Toward $2.00+,news,200,Indexable,2184,133,0,0,,,0,0,yes,delete,high,P1,no_signal
https://coincu.com/arb-nears-key-support-rebound-prices-0-46/,ARB Key Support: Can a Rebound Push Prices toward $0.4633 Level?,ARB Key Support: Can a Rebound Push Prices toward $0.4633 Level?,news,200,Indexable,2106,95,0,0,,,0,0,yes,delete,high,P1,no_signal
https://coincu.com/arb-on-arbitrum-uniswap-reaches-18-million/,The Bid-side Liquidity Of ARB On Arbitrum Uniswap Reaches $18 Million,The Bid-side Liquidity Of ARB On Arbitrum Uniswap Reaches $18 Million,news,200,Indexable,2233,197,0,0,,,0,0,yes,delete,high,P1,no_signal
https://coincu.com/arb-whale-banks-73k-as-wintermute-pours-870k/,ARB Whale Banks $73K as Wintermute Pours $870K into Binance,ARB Whale Banks $73K as Wintermute Pours $870K into Binance,news,200,Indexable,2129,109,0,0,,,0,0,yes,delete,high,P1,no_signal
https://coincu.com/arbiswap-rug-pull-arbitrum-dex-scam/,ArbiSwap Rug Pull? Shocking Details Revealed About Suspected Arbitrum DEX Scam,ArbiSwap Rug Pull? Shocking Details Revealed About Suspected Arbitrum DEX Scam,news,200,Indexable,2228,109,0,0,,,0,0,yes,delete,high,P1,no_signal
https://coincu.com/arbitrage-opportunities-in-crypto-futures/,Arbitrage Opportunities in Crypto Futures,Arbitrage Opportunities in Crypto Futures,news,200,Indexable,2128,182,0,0,,,0,0,yes,delete,high,P1,no_signal
https://coincu.com/arbitrove-to-launch-trove-staking/,Arbitrove To Launch TROVE Staking Function With No Locks Or Deposit Fees,Arbitrove To Launch TROVE Staking Function With No Locks Or Deposit Fees,news,200,Indexable,2189,158,0,0,,,0,0,yes,delete,high,P1,no_signal
https://coincu.com/arbitrum-analysis-will-arb-price-reach-2-at-exchange-listing/,Arbitrum Analysis: Will ARB Price Reach $2 At Exchange Listing?,Arbitrum Analysis: Will ARB Price Reach $2 At Exchange Listing?,news,200,Indexable,3156,98,0,0,,,0,0,yes,delete,high,P1,no_signal
https://coincu.com/arbitrum-and-azuki-unleash-explosive-anime-web3/,Arbitrum and Azuki Unleash Explosive Anime Web3 Network Fusion!,Arbitrum and Azuki Unleash Explosive Anime Web3 Network Fusion!,news,200,Indexable,2148,123,0,0,,,0,0,yes,delete,high,P1,no_signal
https://coincu.com/arbitrum-arb-sees-surge-in-whale/,"Arbitrum (ARB) Sees Surge In Whale Investment, Boosting Market Confidence","Arbitrum (ARB) Sees Surge In Whale Investment, Boosting Market Confidence",news,200,Indexable,2125,184,0,0,,,0,0,yes,delete,high,P1,no_signal
https://coincu.com/arbitrum-becomes-layer-2-swap-platform-hit-150b/,Arbitrum Becomes First Layer 2 Swap Platform to Hit $150B!,Arbitrum Becomes First Layer 2 Swap Platform to Hit $150B!,news,200,Indexable,2167,162,0,0,,,0,0,yes,delete,high,P1,no_signal
https://coincu.com/arbitrum-community-snapshot/,Arbitrum Community Launches Snapshot Voting For Short-term Incentive Program,Arbitrum Community Launches Snapshot Voting For Short-term Incentive Program,news,200,Indexable,2009,195,0,0,,,0,0,yes,delete,high,P1,no_signal
https://coincu.com/arbitrum-community-to-an-agreement/,The Arbitrum Community Is Coming To An Agreement On 2 New Proposals,The Arbitrum Community Is Coming To An Agreement On 2 New Proposals,news,200,Indexable,2124,118,0,0,,,0,0,yes,delete,high,P1,no_signal
https://coincu.com/arbitrum-dao-lets-find-out-new-governance-model-of-layer-2-arbitrum/,Arbitrum DAO: Let's Find Out New Governance Model Of Layer 2 Arbitrum,Arbitrum DAO: Let’s Find Out New Governance Model Of Layer 2 Arbitrum,news,200,Indexable,3114,145,0,0,,,0,0,yes,delete,high,P1,no_signal
https://coincu.com/arbitrum-dao-proposal-removed-for-legal-reasons/,Arbitrum DAO Proposal Aimed To Support Tornado Cash Developers Removed For Legal Reasons,Arbitrum DAO Proposal Aimed To Support Tornado Cash Developers Removed For Legal Reasons,news,200,Indexable,2068,103,0,0,,,0,0,yes,delete,high,P1,no_signal
https://coincu.com/arbitrum-daos-growth-proposal-sparks-debate/,Arbitrum DAO's Growth Proposal Sparks Debate Ahead of Vote,Arbitrum DAO’s Growth Proposal Sparks Debate Ahead of Vote,news,200,Indexable,2325,141,0,0,,,0,0,yes,delete,high,P1,no_signal
https://coincu.com/arbitrum-defies-defi-turbulence/,Arbitrum Defies DeFi Turbulence: Whales Remain Optimistic Amidst Market Swings,Arbitrum Defies DeFi Turbulence: Whales Remain Optimistic Amidst Market Swings,news,200,Indexable,1977,140,0,0,,,0,0,yes,delete,high,P1,no_signal
https://coincu.com/arbitrum-developer-under-fire-for-allegedly/,Arbitrum Developer Under Fire For Allegedly Posting Phishing Link in Discord Community,Arbitrum Developer Under Fire For Allegedly Posting Phishing Link in Discord Community,news,200,Indexable,2142,153,0,0,,,0,0,yes,delete,high,P1,no_signal
https://coincu.com/arbitrum-dominates-dex-space-trading-volume/,Arbitrum Dominates DEX Space with Record-Breaking Trading Volumes!,Arbitrum Dominates DEX Space with Record-Breaking Trading Volumes!,news,200,Indexable,2251,160,0,0,,,0,0,yes,delete,high,P1,no_signal
https://coincu.com/arbitrum-drops-25-weekly-bitcoin-hits-low/,"Arbitrum Drops 25% Weekly, Bitcoin Hits Monthly Low","Arbitrum Drops 25% Weekly, Bitcoin Hits Monthly Low",news,200,Indexable,2209,173,0,0,,,0,0,yes,delete,high,P1,no_signal
https://coincu.com/arbitrum-ecosystem-overview-p1/,Arbitrum Ecosystem Overview (P1),Arbitrum Ecosystem Overview (P1),news,200,Indexable,2147,148,0,0,,,0,0,yes,delete,high,P1,no_signal
https://coincu.com/arbitrum-ecosystem-overview-p2/,Arbitrum Ecosystem Overview (P2),Arbitrum Ecosystem Overview (P2),news,200,Indexable,2224,155,0,0,,,0,0,yes,delete,high,P1,no_signal
https://coincu.com/arbitrum-error-no-users-money-at-risk/,Arbitrum Error Analysis Report: No User's Money At Risk,Arbitrum Error Analysis Report: No User’s Money At Risk,news,200,Indexable,2009,136,0,0,,,0,0,yes,delete,high,P1,no_signal
https://coincu.com/arbitrum-eyes-0-20-target-as-support-hold/,Arbitrum Eyes $0.20 Target as Support Holds After TD Sequential Buy Signal,Arbitrum Eyes $0.20 Target as Support Holds After TD Sequential Buy Signal,news,200,Indexable,2134,124,0,0,,,0,0,yes,delete,high,P1,no_signal
https://coincu.com/arbitrum-falling-wedge-indicate-surge/,"Arbitrum Forms Falling Wedge Pattern, Indicating Potential Price SurgeArbitrum Forms Falling Wedge Pattern, Indicating Potential Price Surge","Arbitrum Forms Falling Wedge Pattern, Indicating Potential Price Surge",news,200,Indexable,2275,118,0,0,,,0,0,yes,delete,high,P1,no_signal
https://coincu.com/arbitrum-farcaster-support-arbitrum-transactions/,Arbitrum: Farcaster Now Supports Arbitrum Transactions,Arbitrum: Farcaster Now Supports Arbitrum Transactions,news,200,Indexable,2149,136,0,0,,,0,0,yes,delete,high,P1,no_signal
https://coincu.com/arbitrum-foundation-clarifies-50-million/,"Arbitrum Foundation Clarifies 50 Million Token Transfer, Allocates 40 Million As Loan","Arbitrum Foundation Clarifies 50 Million Token Transfer, Allocates 40 Million As Loan",news,200,Indexable,2233,150,0,0,,,0,0,yes,delete,high,P1,no_signal
https://coincu.com/arbitrum-foundation-grants-phase-1-targets-apps/,Arbitrum Foundation Grants Phase 1 Targets Apps and Infrastructure,Arbitrum Foundation Grants Phase 1 Targets Apps and Infrastructure,news,200,Indexable,2208,97,0,0,,,0,0,yes,delete,high,P1,no_signal
https://coincu.com/arbitrum-foundation-responds-to-arb-holder/,Arbitrum Foundation Responds To ARB Holder Criticism With Sweeping Crypto Governance Changes,Arbitrum Foundation Responds To ARB Holder Criticism With Sweeping Crypto Governance Changes,news,200,Indexable,2200,122,0,0,,,0,0,yes,delete,high,P1,no_signal
https://coincu.com/arbitrum-foundations-grant-program-phase-3/,Arbitrum Foundations Grant Program Launches Phase 3,Arbitrum Foundations Grant Program Launches Phase 3,news,200,Indexable,2080,141,0,0,,,0,0,yes,delete,high,P1,no_signal
https://coincu.com/arbitrum-higher-costs-ethereum/,Arbitrum Has Higher Transaction Costs Than Ethereum Fees,Arbitrum Has Higher Transaction Costs Than Ethereum Fees,news,200,Indexable,1963,156,0,0,,,0,0,yes,delete,high,P1,no_signal
https://coincu.com/arbitrum-hits-accumulation-zone/,"Arbitrum Hits Accumulation Zone, Sparking Bullish Toward $1+","Arbitrum Hits Accumulation Zone, Sparking Bullish Sentiment Toward $1+",news,200,Indexable,2109,108,0,0,,,0,0,yes,delete,high,P1,no_signal
https://coincu.com/arbitrum-holds-key-support-at-0-328/,Arbitrum Holds Support at 0.328 Targeting $0.3928,Arbitrum Holds Key Support at 0.328 Price Targeting Move Toward $0.3928,news,200,Indexable,2096,98,0,0,,,0,0,yes,delete,high,P1,no_signal
https://coincu.com/arbitrum-holds-support-break-above-0-12/,Arbitrum Holds Key Support as Break Above $0.12 Signals Upside Momentum,Arbitrum Holds Key Support as Break Above $0.12 Signals Upside Momentum,news,200,Indexable,2087,123,0,0,,,0,0,yes,delete,high,P1,no_signal
https://coincu.com/arbitrum-is-at-a-critical-support-level/,"Arbitrum Is At A Critical Support Level, $1,185 Price Zone Can Be Approached","Arbitrum Is At A Critical Support Level, $1,185 Price Zone Can Be Approached",news,200,Indexable,2095,116,0,0,,,0,0,yes,delete,high,P1,no_signal
https://coincu.com/arbitrum-layer-2-scaling-need-to-know/,Arbitrum And Layer 2 Scaling: What You Need To Know,Arbitrum And Layer 2 Scaling: What You Need To Know,news,200,Indexable,2919,288,0,0,,,0,0,yes,delete,high,P1,no_signal
https://coincu.com/arbitrum-nova-is-launched/,Arbitrum Nova Layer-2 Is Launched To Focus On Games And Social Apps,Arbitrum Nova Layer-2 Is Launched To Focus On Games And Social Apps,news,200,Indexable,1985,158,0,0,,,0,0,yes,delete,high,P1,no_signal
https://coincu.com/arbitrum-nova-mainnet-launched/,Arbitrum Nova Mainnet Has Been Launched,Arbitrum Nova Mainnet Has Been Launched,news,200,Indexable,2086,175,0,0,,,0,0,yes,delete,high,P1,no_signal
https://coincu.com/arbitrum-nvidia-ai-partnership/,Arbitrum Withdraws from Nvidia's AI Accelerator Program,Arbitrum Withdraws from Nvidia’s AI Accelerator Program,news,200,Indexable,2192,99,0,0,,,0,0,yes,delete,high,P1,no_signal
https://coincu.com/arbitrum-odyssey-relaunched/,Arbitrum Odyssey Relaunched With The First Week's Tasks Are Now Available In GMX,Arbitrum Odyssey Relaunched With The First Week’s Tasks Are Now Available In GMX,news,200,Indexable,1961,166,0,0,,,0,0,yes,delete,high,P1,no_signal
https://coincu.com/arbitrum-one-sequencer-is-back/,Arbitrum One Sequencer Is Back In Operation After Experiencing Problems,Arbitrum One Sequencer Is Back In Operation After Experiencing Problems,news,200,Indexable,1939,152,0,0,,,0,0,yes,delete,high,P1,no_signal
https://coincu.com/arbitrum-one-surpasses-1-billion-transactions/,Arbitrum One Surpasses 1 Billion Transactions Since Launch,Arbitrum One Surpasses 1 Billion Transactions Since Launch,news,200,Indexable,1998,165,0,0,,,0,0,yes,delete,high,P1,no_signal
https://coincu.com/arbitrum-price-holds-strong-at-1-3/,Arbitrum Price Holds Strong At $1.3: Can The Uptrend Sustain?,Arbitrum Price Holds Strong At $1.3: Can The Uptrend Sustain?,news,200,Indexable,2348,118,0,0,,,0,0,yes,delete,high,P1,no_signal
https://coincu.com/arbitrum-proposal-slated-to-fail/,Arbitrum Proposal To Return 750 Million Tokens Slated To Fail,Arbitrum Proposal To Return 750 Million Tokens Slated To Fail,news,200,Indexable,2159,55,0,0,,,0,0,yes,delete,high,P1,no_signal
https://coincu.com/arbitrum-proposes-returning-700m-arb-to-dao/,Arbitrum Proposes Returning 700M ARB Left To DAO After Rage,Arbitrum Proposes Returning 700M ARB Left To DAO After Rage,news,200,Indexable,2098,184,0,0,,,0,0,yes,delete,high,P1,no_signal
https://coincu.com/arbitrum-reconsider-aip-1-after-against/,Arbitrum Promises To Reconsider Proposal AIP-1 After 82.62% Votes Against,Arbitrum Promises To Reconsider Proposal AIP-1 After 82.62% Votes Against,news,200,Indexable,2223,189,0,0,,,0,0,yes,delete,high,P1,no_signal
https://coincu.com/arbitrum-rises-thanks-to-whale/,"Arbitrum Rises Thanks To Whale, $1.26 Price Zone Is Approaching","Arbitrum Rises Thanks To Whale, $1.26 Price Zone Is Approaching",news,200,Indexable,2122,135,0,0,,,0,0,yes,delete,high,P1,no_signal
https://coincu.com/arbitrum-rockets-20/,Arbitrum Rockets 20%—Bullish Pattern Signals More Gains,Arbitrum Rockets 20%—Bullish Pattern Signals More Gains,news,200,Indexable,2192,103,0,0,,,0,0,yes,delete,high,P1,no_signal
https://coincu.com/arbitrum-says-no-zero-knowledge/,Arbitrum Says No To Zero-Knowledge Technology,Arbitrum Says No To Zero-Knowledge Technology,news,200,Indexable,2024,119,0,0,,,0,0,yes,delete,high,P1,no_signal
https://coincu.com/arbitrum-shows-bullish-momentum-with-9-6b-tvl-as-price-eyes-2-43-target/,Arbitrum Shows Bullish Momentum With $9.6B TVL as Price Eyes $2.43 Target,Arbitrum Shows Bullish Momentum With $9.6B TVL as Price Eyes $2.43 Target,news,200,Indexable,2215,100,0,0,,,0,0,yes,delete,high,P1,no_signal
https://coincu.com/arbitrum-surpass-solana-tvl/,What Makes Arbitrum Surpass Solana TVL?,What Makes Arbitrum Surpass Solana TVL?,news,200,Indexable,3162,130,0,0,,,0,0,yes,delete,high,P1,no_signal
https://coincu.com/arbitrum-technology-ecosystem/,"February Story: Arbitrum's Technology, Ecosystem, Popular Projects, And Future","February Story: Arbitrum’s Technology, Ecosystem, Popular Projects, And Future",news,200,Indexable,3612,151,0,0,,,0,0,yes,delete,high,P1,no_signal
https://coincu.com/arbitrum-to-return-700m-arb-tokens-fails/,Arbitrum AIP 1.05 To Return 700M ARB Tokens Fails With 84% Votes Against,Arbitrum AIP 1.05 To Return 700M ARB Tokens Fails With 84% Votes Against,news,200,Indexable,2115,213,0,0,,,0,0,yes,delete,high,P1,no_signal
https://coincu.com/arbitrum-upgrade-speed-saving-gas-fees/,Arbitrum: Ethereum Solution To Upgrade Transaction Speed With Saving Gas Fees,Arbitrum: Ethereum Solution To Upgrade Transaction Speed With Saving Gas Fees,news,200,Indexable,2968,180,0,0,,,0,0,yes,delete,high,P1,no_signal
https://coincu.com/arbitrum-vault-usdc-loss-2026/,Arbitrum Vault Exploit Results in $336K USDC Loss,Arbitrum Vault Exploit Results in $336K USDC Loss,news,200,Indexable,2197,97,0,0,,,0,0,yes,delete,high,P1,no_signal
https://coincu.com/arbitrum-whale-sells-3-8m-tokens/,Arbitrum Whale Sells $3.8M Tokens Amid Market Chaos,Arbitrum Whale Sells $3.8M Tokens Amid Market Chaos,news,200,Indexable,2097,151,0,0,,,0,0,yes,delete,high,P1,no_signal
https://coincu.com/arbitrum-whales-are-losing-money/,Arbitrum Whales Are Losing Money In Latest Sell-Off,Arbitrum Whales Are Losing Money In Latest Sell-Off,news,200,Indexable,2109,134,0,0,,,0,0,yes,delete,high,P1,no_signal
https://coincu.com/arbitrum-will-support-account-abstraction/,Arbitrum Will Support Account Abstraction Endpoints With The AIP-2 Being Approved,Arbitrum Will Support Account Abstraction Endpoints With The AIP-2 Being Approved,news,200,Indexable,2222,119,0,0,,,0,0,yes,delete,high,P1,no_signal
https://coincu.com/arbitrumdao-proposes-on-chain-election-process/,ArbitrumDAO Proposes On-Chain Election Process For Increased Security,ArbitrumDAO Proposes On-Chain Election Process For Increased Security,news,200,Indexable,2131,169,0,0,,,0,0,yes,delete,high,P1,no_signal
https://coincu.com/arbitrums-ambitious-incentive-plan/,Arbitrum's Ambitious Incentive Plan: Fueling Growth And Innovation,Arbitrum’s Ambitious Incentive Plan: Fueling Growth And Innovation,news,200,Indexable,2067,104,0,0,,,0,0,yes,delete,high,P1,no_signal
https://coincu.com/arbitrums-emerging-defi-projects/,Arbitrum's Emerging DeFi Projects Worthy Of Attention,Arbitrum’s Emerging DeFi Projects Worthy Of Attention,news,200,Indexable,3038,154,0,0,,,0,0,yes,delete,high,P1,no_signal
https://coincu.com/arca-closed-terrausd-exposed-fund/,Arca Closed The TerraUSD-exposed Digital Yield Fund,Arca Closed The TerraUSD-exposed Digital Yield Fund,press_release_like,200,Indexable,1973,59,0,0,,,0,0,yes,delete,high,P1,event_pr_signal
https://coincu.com/arca-doubled-sales-of-its-flagship-fund/,Arca Doubled Sales Of Its Flagship Fund In One Year Although Related To Terra,Arca Doubled Sales Of Its Flagship Fund In One Year Although Related To Terra,news,200,Indexable,2052,158,0,0,,,0,0,yes,delete,high,P1,no_signal
https://coincu.com/arca-doubles-sales-despite-exposure-luna/,"Arca, The Only Crypto Hedge Fund Doubles Sales Despite Exposure To LUNA","Arca, The Only Crypto Hedge Fund Doubles Sales Despite Exposure To LUNA",press_release_like,200,Indexable,2074,153,0,0,,,0,0,yes,delete,high,P1,event_pr_signal
https://coincu.com/arca-finances-spaceports-3-6-million/,Arca Finances Spaceport's $3.6 Million Fundraising Drive,Arca Finances Spaceport’s $3.6 Million Fundraising Drive,news,200,Indexable,1896,141,0,0,,,0,0,yes,delete,high,P1,no_signal
https://coincu.com/arcade2earn-raises-3-2-million/,"Solana-based Gaming Platform Arcade2Earn Raises $3.2 Million From Crypto.com, Solana, Kucoin","Solana-based Gaming Platform Arcade2Earn Raises $3.2 Million From Crypto.com, Solana, Kucoin",news,200,Indexable,2047,148,0,0,,,0,0,yes,delete,high,P1,no_signal
https://coincu.com/arcadia-finance-loses-455k-in-eth-optimism-hack/,Arcadia Finance Loses $455K In Ethereum And Optimism Hack,Arcadia Finance Loses $455K In Ethereum And Optimism Hack,news,200,Indexable,2223,77,0,0,,,0,0,yes,delete,high,P1,no_signal
https://coincu.com/archax-to-launch-custody-service/,Crypto Exchange Archax To Launch FCA-regulated Digital Asset Custody Service,Crypto Exchange Archax To Launch FCA-regulated Digital Asset Custody Service,news,200,Indexable,2159,104,0,0,,,0,0,yes,delete,high,P1,no_signal
https://coincu.com/archblock-founder-claims-justin-sun-secret-tusd/,Archblock Founder Claims Justin Sun Was Secret TUSD Acquirer In Lawsuit,Archblock Founder Claims Justin Sun Was Secret TUSD Acquirer In Lawsuit,news,200,Indexable,2230,200,0,0,,,0,0,yes,delete,high,P1,no_signal
https://coincu.com/archway-is-now-live-on-cosmos/,Layer 1 Blockchain Archway Is Now Live On Cosmos Ecosystem,Layer 1 Blockchain Archway Is Now Live On Cosmos Ecosystem,news,200,Indexable,2111,87,0,0,,,0,0,yes,delete,high,P1,no_signal
https://coincu.com/arcium-joins-nvidias-inception-program-to-advance-private-ai-adoption/,Arcium Joins NVIDIA’s Inception Program To Advance Private AI Adoption,Arcium Joins NVIDIA’s Inception Program To Advance Private AI Adoption,news,200,Indexable,2190,224,0,0,,,0,0,yes,delete,high,P1,no_signal
https://coincu.com/arcium-partners-with-coinlist-to-launch-fully-unlocked-community-round-empowering-users-from-day-one/,"Arcium Partners with CoinList to Launch Fully Unlocked Community Round, Empowering Users from Day One","Arcium Partners with CoinList to Launch Fully Unlocked Community Round, Empowering Users from Day One",news,200,Indexable,2299,140,0,0,,,0,0,yes,delete,high,P1,no_signal
https://coincu.com/arciums-encrypted-ecosystem-established-to-accelerate-private-computation/,Arcium’s ‘Encrypted Ecosystem’ Established To Accelerate Private Computation,Arcium’s ‘Encrypted Ecosystem’ Established To Accelerate Private Computation,news,200,Indexable,2187,150,0,0,,,0,0,yes,delete,high,P1,no_signal
https://coincu.com/arco-protocol-asked-its-community/,Half Of The Arco Protocol Community Wants Project To Refund Users,Half Of The Arco Protocol Community Wants Project To Refund Users,news,200,Indexable,1921,157,0,0,,,0,0,yes,delete,high,P1,no_signal
https://coincu.com/arco-protocol-didnt-distribute-tokens-ido/,The Fact That Aptos Arco Protocol Didn't Distribute Tokens After IDO Makes Investors Suspect Rug Pull,The Fact That Aptos Arco Protocol Didn’t Distribute Tokens After IDO Makes Investors Suspect Rug Pull,news,200,Indexable,1948,158,0,0,,,0,0,yes,delete,high,P1,no_signal
https://coincu.com/arctic-pablo-cheems-trump-cheap-cryptos-that-will-explode/,Countdown to Breakthrough: Arctic Pablo Rises as the Best Cheap Crypto to Explode Amid Cheems’ Market Dynamo and $TRUMP’s Wild Ride,Countdown to Breakthrough: Arctic Pablo Rises as the Best Cheap Crypto to Explode Amid Cheems’ Market Dynamo and $TRUMP’s Wild Ride,news,200,Indexable,2730,162,0,0,,,0,0,yes,delete,high,P1,no_signal
https://coincu.com/arctic-pablo-coin-is-listed-with-top-new-meme-coins-for-exponential-returns-as-act-i-the-ai-prophecy-and-moo-deng-updates/,"13,451.72% ROI on Arctic Pablo Coin – The Hottest Meme Coin of 2025, While ACT I: The AI Prophecy & Moo Deng Make Waves in the Crypto World!","13,451.72% ROI on Arctic Pablo Coin – The Hottest Meme Coin of 2025, While ACT I: The AI Prophecy & Moo Deng Make Waves in the Crypto World!",press_release_like,200,Indexable,2958,155,0,0,,,0,0,yes,delete,high,P1,event_pr_signal
https://coincu.com/arctic-pablo-rises-spx6900-and-act-i-the-ai-prophecy-updates/,"Arctic Pablo Rises Among Top New Meme Coins to Buy for 2025: $740K Raised, while PX6900 and Act I: The AI Prophecy Attract Investors","Arctic Pablo Rises Among Top New Meme Coins to Buy for 2025: $740K Raised, while PX6900 and Act I: The AI Prophecy Attract Investors",news,200,Indexable,2548,161,0,0,,,0,0,yes,delete,high,P1,no_signal
https://coincu.com/arda-senoz-chaincatcher-hong-kong-crypto-2026-forum/,Arda Senoz to Attend ChainCatcher Hong Kong Crypto 2026 Forum,Arda Senoz to Attend ChainCatcher Hong Kong Crypto 2026 Forum,news,200,Indexable,2341,146,0,0,,,0,0,yes,delete,high,P1,no_signal
https://coincu.com/ardana-come-to-a-halt/,Cardano DeFi Project Ardana Come To A Halt,Cardano DeFi Project Ardana Come To A Halt,news,200,Indexable,1978,157,0,0,,,0,0,yes,delete,high,P1,no_signal
https://coincu.com/are-chainlink-holders-positioning-early/,Are Chainlink Holders Positioning Early for a Bullish Reversal?,Are Chainlink Holders Positioning Early for a Bullish Reversal?,news,200,Indexable,1898,163,0,0,,,0,0,yes,delete,high,P1,no_signal
https://coincu.com/are-fed-rate-cuts-really-confirmed-for/,Are Fed Rate Cuts Really Confirmed for Tomorrow?,Are Fed Rate Cuts Really Confirmed for Tomorrow?,news,200,Indexable,2103,138,0,0,,,0,0,yes,delete,high,P1,no_signal
https://coincu.com/are-there-still-crypto-projects-with-real/,Are There Still Crypto Projects With Real Sense Of Responsibility And Transparency?,Are There Still Crypto Projects With Real Sense Of Responsibility And Transparency?,news,200,Indexable,2429,411,0,0,,,0,0,yes,delete,high,P1,no_signal
https://coincu.com/are-you-sad-about-missing-ripples-boom-dont-worry-qubetics-cross-border-solutions-are-the-next-big-thing/,Are You Sad About Missing Ripple’s Boom? Don’t Worry—Qubetics’ Cross-Border Solutions Are the Next Big Thing!,Are You Sad About Missing Ripple’s Boom? Don’t Worry—Qubetics’ Cross-Border Solutions Are the Next Big Thing!,news,200,Indexable,2521,174,0,0,,,0,0,yes,delete,high,P1,no_signal
https://coincu.com/argentina-approves-bitcoin-futures-index/,"Argentina Approves Groundbreaking Bitcoin Futures Index, Disrupting Traditional Finance","Argentina Approves Groundbreaking Bitcoin Futures Index, Disrupting Traditional Finance",news,200,Indexable,2301,192,0,0,,,0,0,yes,delete,high,P1,no_signal
https://coincu.com/argentina-approves-crypto-etfs-for-local-stock/,Argentina Approves Crypto ETFs For Local Stock Market Use,Argentina Approves Crypto ETFs For Local Stock Market Use,news,200,Indexable,1993,166,0,0,,,0,0,yes,delete,high,P1,no_signal
https://coincu.com/argentina-calls-interpol-libra-memecoin-scandal/,Argentina Calls for Interpol Action in Libra Memecoin Scandal,Argentina Calls for Interpol Action in Libra Memecoin Scandal,news,200,Indexable,2483,165,0,0,,,0,0,yes,delete,high,P1,no_signal
https://coincu.com/argentina-central-bank-raises-interest-rate/,Argentina Central Bank Raises Interest Rates To 97% To Curb Inflation Crisis: Report,Argentina Central Bank Raises Interest Rates To 97% To Curb Inflation Crisis: Report,news,200,Indexable,2112,151,0,0,,,0,0,yes,delete,high,P1,no_signal
https://coincu.com/argentina-establishes-blockchain-committee/,Argentina Establishes National Blockchain Committee,Argentina Establishes National Blockchain Committee,news,200,Indexable,1916,106,0,0,,,0,0,yes,delete,high,P1,no_signal
https://coincu.com/argentina-leads-worldcoins-world-id/,Argentina Leads As Worldcoin's World ID Shatters Records,Argentina Leads As Worldcoin’s World ID Shatters Records,news,200,Indexable,2121,115,0,0,,,0,0,yes,delete,high,P1,no_signal
https://coincu.com/argentina-president-javier-milei-6-year-prison/,Argentina President Javier Milei May Face 6-Year Prison Term Over $LIBRA,Argentina President Javier Milei May Face 6-Year Prison Term Over $LIBRA,news,200,Indexable,2388,211,0,0,,,0,0,yes,delete,high,P1,no_signal
https://coincu.com/argentina-president-javier-milei-retweet-libra/,Argentina President Javier Milei Continues to Retweet About LIBRA While Controversy Remains Tensions,Argentina President Javier Milei Continues to Retweet About LIBRA While Controversy Remains Tensions,news,200,Indexable,2392,129,0,0,,,0,0,yes,delete,high,P1,no_signal
https://coincu.com/argentina-uses-cryptocurrency-sign-players/,Argentina Football Club Uses Cryptocurrency To Sign Players For The First Time,Argentina Football Club Uses Cryptocurrency To Sign Players For The First Time,news,200,Indexable,1963,151,0,0,,,0,0,yes,delete,high,P1,no_signal
https://coincu.com/argentinas-illegal-crypto-mining-farm/,Argentina's Agency Dismantles An Illegal Crypto-mining Farm,Argentina’s Agency Dismantles An Illegal Crypto-mining Farm,news,200,Indexable,2048,218,0,0,,,0,0,yes,delete,high,P1,no_signal
https://coincu.com/argentine-airlines-has-announced-to-released-the-very-first-nft-flight-ticket-ticket-3-0/,"Argentine Airlines Has Announced To Released The Very First NFT Flight Ticket ""Ticket 3.0""",Argentine Airlines Has Announced To Released The Very First NFT Flight Ticket “Ticket 3.0”,news,200,Indexable,1940,238,0,0,,,0,0,yes,delete,high,P1,no_signal
https://coincu.com/argentine-football-partners-upland/,Argentine Football Association Partners With Metaverse Startup Upland,Argentine Football Association Partners With Metaverse Startup Upland,news,200,Indexable,2077,140,0,0,,,0,0,yes,delete,high,P1,no_signal
https://coincu.com/argentine-president-seeks-imf-deal/,Argentine President Seeks IMF Deal Amid Economic Reforms and Crypto Scandal,Argentine President Seeks IMF Deal Amid Economic Reforms and Crypto Scandal,news,200,Indexable,2340,137,0,0,,,0,0,yes,delete,high,P1,no_signal
https://coincu.com/argentinian-bill-promotes-crypto-disclosure/,A New Argentinian Bill Promotes Electronic Crypto Asset Disclosure With A Tax Rate Of 2.5%,A New Argentinian Bill Promotes Electronic Crypto Asset Disclosure With A Tax Rate Of 2.5%,news,200,Indexable,2127,151,0,0,,,0,0,yes,delete,high,P1,no_signal
https://coincu.com/argo-blockchain-accused-of-defraud/,Argo Blockchain Accused Of Defrauding Investors During IPO In 2021,Argo Blockchain Accused Of Defrauding Investors During IPO In 2021,news,200,Indexable,2175,157,0,0,,,0,0,yes,delete,high,P1,no_signal
https://coincu.com/argo-blockchain-asks-for-resume-trading/,Argo Blockchain Asks For The LSE To Resume Trading And Aims To Raise Money,Argo Blockchain Asks For The LSE To Resume Trading And Aims To Raise Money,news,200,Indexable,1908,158,0,0,,,0,0,yes,delete,high,P1,no_signal
https://coincu.com/argo-blockchain-avoids-bankruptcy/,Argo Blockchain Avoids Bankruptcy With $100 Million Agreement With Galaxy Digital,Argo Blockchain Avoids Bankruptcy With $100 Million Agreement With Galaxy Digital,news,200,Indexable,2305,152,0,0,,,0,0,yes,delete,high,P1,no_signal
https://coincu.com/argo-blockchain-continues-to-sell-btc/,Argo Blockchain Continues To Sell BTC To Pay Debt To Galaxy Digital,Argo Blockchain Continues To Sell BTC To Pay Debt To Galaxy Digital,news,200,Indexable,2151,157,0,0,,,0,0,yes,delete,high,P1,no_signal
https://coincu.com/argo-blockchain-loses-serious/,Argo Blockchain Suffers Severe Losses In 2022 Due To Bitcoin Price Plunge,Argo Blockchain Suffers Severe Losses In 2022 Due To Bitcoin Price Plunge,news,200,Indexable,2158,114,0,0,,,0,0,yes,delete,high,P1,no_signal
https://coincu.com/argo-blockchain-nets-9-9m-in-common-shares/,Argo Blockchain Nets $9.9M in Common Shares Placement!,Argo Blockchain Nets $9.9M in Common Shares Placement!,news,200,Indexable,2135,158,0,0,,,0,0,yes,delete,high,P1,no_signal
https://coincu.com/argo-blockchain-raises-5-7-million/,"Argo Blockchain Raises £5.7 Million In Share Sale to Reduce Debt, Share Price Declines","Argo Blockchain Raises £5.7 Million In Share Sale to Reduce Debt, Share Price Declines",news,200,Indexable,2143,72,0,0,,,0,0,yes,delete,high,P1,no_signal
https://coincu.com/argo-blockchain-reports-increase-of-14-btc/,Argo Blockchain Reports Increase Of 14% BTC Mining In January Compared To December,Argo Blockchain Reports Increase Of 14% BTC Mining In January Compared To December,news,200,Indexable,2134,20,0,0,,,0,0,yes,delete,high,P1,no_signal
https://coincu.com/argo-blockchain-reveals-bankruptcy-strategy/,Argo Blockchain Accidentally Reveals Their Bankruptcy Strategy,Argo Blockchain Accidentally Reveals Their Bankruptcy Strategy,news,200,Indexable,1874,95,0,0,,,0,0,yes,delete,high,P1,no_signal
https://coincu.com/argo-blockchain-selling-637-btc/,Argo Blockchain Reportedly Selling 637 BTC To Pay Off Debt,Argo Blockchain Reportedly Selling 637 BTC To Pay Off Debt,news,200,Indexable,2173,156,0,0,,,0,0,yes,delete,high,P1,no_signal
https://coincu.com/argo-blockchain-shares-suspended/,Argo Blockchain Shares Suspended In UK And US,Argo Blockchain Shares Suspended In UK And US,news,200,Indexable,2060,61,0,0,,,0,0,yes,delete,high,P1,no_signal
https://coincu.com/argo-blockchain-suspends-trading/,Argo Blockchain Suspends Trading In US Stocks For 24 Hours,Argo Blockchain Suspends Trading In US Stocks For 24 Hours,news,200,Indexable,2085,153,0,0,,,0,0,yes,delete,high,P1,no_signal
https://coincu.com/argo-blockchain-wins-first-half-of-2023/,Argo Blockchain Wins First Half Of 2023 With Debt Halving,Argo Blockchain Wins First Half Of 2023 With Debt Halving,news,200,Indexable,2126,158,0,0,,,0,0,yes,delete,high,P1,no_signal
https://coincu.com/argo-blockchains-deal-fallen-through/,Argo Blockchain's Deal To Raise $27 Million Has Fallen Through,Argo Blockchain’s Deal To Raise $27 Million Has Fallen Through,news,200,Indexable,2071,152,0,0,,,0,0,yes,delete,high,P1,no_signal
https://coincu.com/argo-blockchains-share-skyrockets-over-100/,Argo Blockchain’s Share Skyrockets Over 100% After The Texas Mining Facility Deal,Argo Blockchain’s Share Skyrockets Over 100% After The Texas Mining Facility Deal,news,200,Indexable,2051,156,0,0,,,0,0,yes,delete,high,P1,no_signal
https://coincu.com/argus-labs-raises-10-million/,Argus Labs Raises $10 Million In Seed Round Led By Haun Ventures,Argus Labs Raises $10 Million In Seed Round Led By Haun Ventures,news,200,Indexable,2190,113,0,0,,,0,0,yes,delete,high,P1,no_signal
https://coincu.com/arizona-bitcoin-etf-proposal/,Arizona Bitcoin ETF Proposal Is Now Considered For Retirement Following SEC Approval,Arizona Bitcoin ETF Proposal Is Now Considered For Retirement Following SEC Approval,news,200,Indexable,2109,110,0,0,,,0,0,yes,delete,high,P1,no_signal
https://coincu.com/arizona-crypto-reserve-hb_2749/,Arizona Establishes Crypto Reserve with Bitcoin and Digital Assets Law,Arizona Establishes Crypto Reserve with Bitcoin and Digital Assets Law,news,200,Indexable,2299,91,0,0,,,0,0,yes,delete,high,P1,no_signal
https://coincu.com/arizona-governor-opposes-mining-support/,Arizona Governor Opposes State Bitcoin Mining Support Bill 1236,Arizona Governor Opposes State Bitcoin Mining Support Bill 1236,news,200,Indexable,2213,172,0,0,,,0,0,yes,delete,high,P1,no_signal
https://coincu.com/arizona-is-pushing-bill-make-bitcoin-legal/,Arizona Is Pushing Bill To Make Bitcoin Legal Tender In The State,Arizona Is Pushing Bill To Make Bitcoin Legal Tender In The State,news,200,Indexable,2229,174,0,0,,,0,0,yes,delete,high,P1,no_signal
https://coincu.com/arizona-senate-passes-revived-bitcoin-reserve/,Arizona Senate Passes Revived Bitcoin Reserve Bill for Seized Crypto Assets,Arizona Senate Passes Revived Bitcoin Reserve Bill for Seized Crypto Assets,news,200,Indexable,2232,127,0,0,,,0,0,yes,delete,high,P1,no_signal
https://coincu.com/ark-21shares-7th-amendment-bitcoin-etf-approval/,ARK 21Shares Unleashes Explosive 7th Amendment for Bitcoin ETF Approval!,ARK 21Shares Unleashes Explosive 7th Amendment for Bitcoin ETF Approval!,news,200,Indexable,2141,188,0,0,,,0,0,yes,delete,high,P1,no_signal
https://coincu.com/ark-21shares-bitcoin-etf-113m-inflows/,ARK 21Shares Bitcoin ETF Attracts Over $113M Inflows,ARK 21Shares Bitcoin ETF Attracts Over $113M Inflows,news,200,Indexable,2122,137,0,0,,,0,0,yes,delete,high,P1,no_signal
https://coincu.com/ark-21shares-bitcoin-etf-acquired-by-cathie-wood/,Ark 21Shares Bitcoin ETF Continues To Be Extremely Acquired By Cathie Wood,Ark 21Shares Bitcoin ETF Continues To Be Extremely Acquired By Cathie Wood,news,200,Indexable,2151,154,0,0,,,0,0,yes,delete,high,P1,no_signal
https://coincu.com/ark-21shares-bitcoin-etf-anchorage/,ARK 21Shares Bitcoin ETF Chooses Anchorage as New Custodian,ARK 21Shares Bitcoin ETF Chooses Anchorage as New Custodian,news,200,Indexable,2123,121,0,0,,,0,0,yes,delete,high,P1,no_signal
https://coincu.com/ark-21shares-bitcoin-etf-approval/,ARK 21Shares Bitcoin ETF Approval Delayed By SEC To Early Next Year,ARK 21Shares Bitcoin ETF Approval Delayed By SEC To Early Next Year,news,200,Indexable,2124,139,0,0,,,0,0,yes,delete,high,P1,no_signal
https://coincu.com/ark-21shares-bitcoin-etf-in-kind-redemptions/,ARK 21Shares Bitcoin ETF Seeks Approval to Allow In-Kind Redemptions,ARK 21Shares Bitcoin ETF Seeks Approval to Allow In-Kind Redemptions,news,200,Indexable,2129,132,0,0,,,0,0,yes,delete,high,P1,no_signal
https://coincu.com/ark-21shares-bitcoin-etf-was-proposed/,Ark 21Shares Bitcoin ETF Was Proposed Fifth Amendment As Deadline Approaches,Ark 21Shares Bitcoin ETF Was Proposed Fifth Amendment As Deadline Approaches,news,200,Indexable,2085,135,0,0,,,0,0,yes,delete,high,P1,no_signal
https://coincu.com/ark-21shares-bitcoin-etf/,ARK 21Shares Bitcoin ETF Will Have The Ticker ARKB At Launch,ARK 21Shares Bitcoin ETF Will Have The Ticker ARKB At Launch,news,200,Indexable,2088,103,0,0,,,0,0,yes,delete,high,P1,no_signal
https://coincu.com/ark-21shares-ethereum-etf-now-drop-staking-eth/,Ark 21Shares Ethereum ETF Now Drop Staking ETH Proposal,Ark 21Shares Ethereum ETF Now Drop Staking ETH Proposal,news,200,Indexable,2122,128,0,0,,,0,0,yes,delete,high,P1,no_signal
https://coincu.com/ark-21shares-spot-bitcoin-etf-is-gradually/,ARK 21Shares Spot Bitcoin ETF Is Gradually More Active As Discussions With SEC Continue,ARK 21Shares Spot Bitcoin ETF Is Gradually More Active As Discussions With SEC Continue,news,200,Indexable,2111,137,0,0,,,0,0,yes,delete,high,P1,no_signal
https://coincu.com/ark-21shares-spot-ethereum-etf-amendment/,Ark 21Shares Spot Ethereum ETF Now Filed For Amendment,Ark 21Shares Spot Ethereum ETF Now Filed For Amendment,news,200,Indexable,2103,81,0,0,,,0,0,yes,delete,high,P1,no_signal
https://coincu.com/ark-bought-160000-coinbase-shares/,"ARK Bought 160,000 Coinbase Shares As The Price Record Lows This Week","ARK Bought 160,000 Coinbase Shares As The Price Record Lows This Week",news,200,Indexable,2049,150,0,0,,,0,0,yes,delete,high,P1,no_signal
https://coincu.com/ark-invest-21m-dive-ark-21shares-bitcoin-etf/,ARK Invest Ignites Excitement with $21M Dive into ARK 21Shares Bitcoin ETF!,ARK Invest Ignites Excitement with $21M Dive into ARK 21Shares Bitcoin ETF!,news,200,Indexable,2201,153,0,0,,,0,0,yes,delete,high,P1,no_signal
https://coincu.com/ark-invest-86-million-coinbase-shares-sec/,Ark Invest Purchases $8.6 Million In Coinbase Shares As The Exchange Sues The SEC,Ark Invest Purchases $8.6 Million In Coinbase Shares As The Exchange Sues The SEC,news,200,Indexable,2102,109,0,0,,,0,0,yes,delete,high,P1,no_signal
https://coincu.com/ark-invest-acquired-315259-shares-gbtc/,"Ark Invest Acquired 315,259 Shares Of GBTC","Ark Invest Acquired 315,259 Shares Of GBTC",news,200,Indexable,1900,135,0,0,,,0,0,yes,delete,high,P1,no_signal
https://coincu.com/ark-invest-and-21shares-blaze-trail-with-eth-etf/,ARK Invest And 21Shares Blaze Trail With Ethereum ETF Application Amid Crypto Frenzy,ARK Invest And 21Shares Blaze Trail With Ethereum ETF Application Amid Crypto Frenzy,news,200,Indexable,2245,110,0,0,,,0,0,yes,delete,high,P1,no_signal
https://coincu.com/ark-invest-and-21shares-forge-path/,ARK Invest And 21Shares Forge Path For Ethereum ETFs Amid Growing Competition,ARK Invest And 21Shares Forge Path For Ethereum ETFs Amid Growing Competition,news,200,Indexable,2219,150,0,0,,,0,0,yes,delete,high,P1,no_signal
https://coincu.com/ark-invest-bitcoin-futures-contract-21shares/,Ark Invest To Launch New Bitcoin Futures Contract With 21Shares Collaboration,Ark Invest To Launch New Bitcoin Futures Contract With 21Shares Collaboration,news,200,Indexable,2072,183,0,0,,,0,0,yes,delete,high,P1,no_signal
https://coincu.com/ark-invest-bitcoin-price-target-2030/,ARK Invest Predicts $1.5M Bitcoin by 2030,ARK Invest Predicts $1.5M Bitcoin by 2030,news,200,Indexable,2134,79,0,0,,,0,0,yes,delete,high,P1,no_signal
https://coincu.com/ark-invest-blackrock-locked-in-showdown/,Battle For Bitcoin ETF Dominance: Ark Invest and BlackRock Locked In Showdown,Battle For Bitcoin ETF Dominance: Ark Invest and BlackRock Locked In Showdown,news,200,Indexable,2229,134,0,0,,,0,0,yes,delete,high,P1,no_signal
https://coincu.com/ark-invest-buys-80k-coinbase-shares/,"Ark Invest Buys More Nearly 80,000 Coinbase Shares As Price Drops 60%","Ark Invest Buys More Nearly 80,000 Coinbase Shares As Price Drops 60%",news,200,Indexable,1944,152,0,0,,,0,0,yes,delete,high,P1,no_signal
https://coincu.com/ark-invest-ceo-cathie-wood-bitcoin-replace-gold/,Ark Invest CEO Cathie Wood Said Bitcoin Will Replace Gold As A Valuable Storage Asset,Ark Invest CEO Cathie Wood Said Bitcoin Will Replace Gold As A Valuable Storage Asset,news,200,Indexable,2135,103,0,0,,,0,0,yes,delete,high,P1,no_signal
https://coincu.com/ark-invest-coinbase-shares-continue-reduced/,Ark Invest Coinbase Shares Continue To Be Reduced Targeting 10% Of Company's Holding,Ark Invest Coinbase Shares Continue To Be Reduced Targeting 10% Of Company’s Holding,news,200,Indexable,2112,114,0,0,,,0,0,yes,delete,high,P1,no_signal
https://coincu.com/ark-invest-crypto-stock-holdings/,Ark Invest Boosts Crypto Stock Holdings Amid Market Downturn,Ark Invest Boosts Crypto Stock Holdings Amid Market Downturn,news,200,Indexable,2107,80,0,0,,,0,0,yes,delete,high,P1,no_signal
https://coincu.com/ark-invest-crypto-stocks-coinbase-circle/,"Ark Invest Increases Holdings in Coinbase, Circle, Bullish Stocks","Ark Invest Increases Holdings in Coinbase, Circle, Bullish Stocks",news,200,Indexable,2069,130,0,0,,,0,0,yes,delete,high,P1,no_signal
https://coincu.com/ark-invest-doubles-down-on-block-with-4-3-m/,Ark Invest Doubles Down On Block With $4.3 Million Investment,Ark Invest Doubles Down On Block With $4.3 Million Investment,news,200,Indexable,2284,106,0,0,,,0,0,yes,delete,high,P1,no_signal
https://coincu.com/ark-invest-gbtc-holdings-now-sold-out/,"Ark Invest GBTC Holdings Now Sold Out, Awaiting 2024","Ark Invest GBTC Holdings Now Sold Out, Awaiting 2024",news,200,Indexable,2136,124,0,0,,,0,0,yes,delete,high,P1,no_signal
https://coincu.com/ark-invest-gbtc-share-sold-to-maintain-position/,Ark Invest GBTC Share Sold To Maintain Strategic Investment Position,Ark Invest GBTC Share Sold To Maintain Strategic Investment Position,news,200,Indexable,2095,132,0,0,,,0,0,yes,delete,high,P1,no_signal
https://coincu.com/ark-invest-invests-10-6m-in-bitcoin-spot-etf/,"ARK Invest Expands Portfolio, Invests $10.6M in Bitcoin Spot ETF!","ARK Invest Expands Portfolio, Invests $10.6M in Bitcoin Spot ETF!",news,200,Indexable,2112,99,0,0,,,0,0,yes,delete,high,P1,no_signal
https://coincu.com/ark-invest-lose-weight-on-coinbase/,Ark Invest Continues To Lose Weight On Coinbase Stock Worth $53 Million,Ark Invest Continues To Lose Weight On Coinbase Stock Worth $53 Million,news,200,Indexable,2408,154,0,0,,,0,0,yes,delete,high,P1,no_signal
https://coincu.com/ark-invest-owns-300000-shares-of-coinbase/,"Ark Invest Owns Roughly 300,000 Shares Of Coinbase","Ark Invest Owns Roughly 300,000 Shares Of Coinbase",news,200,Indexable,1870,153,0,0,,,0,0,yes,delete,high,P1,no_signal
https://coincu.com/ark-invest-partners-eaglebrook-advisors/,Ark Invest Partners With Eaglebrook Advisors To Make Investing In Crypto Strategies Available,Ark Invest Partners With Eaglebrook Advisors To Make Investing In Crypto Strategies Available,news,200,Indexable,2032,150,0,0,,,0,0,yes,delete,high,P1,no_signal
https://coincu.com/ark-invest-predicts-bitcoin-price/,ARK Invest Predicts Bitcoin Price To Hit $1 Million By 2030,ARK Invest Predicts Bitcoin Price To Hit $1 Million By 2030,news,200,Indexable,2142,181,0,0,,,0,0,yes,delete,high,P1,no_signal
https://coincu.com/ark-invest-seizes-opportunity-with-17-7-m/,ARK Invest Seizes Opportunity With $17.7 Million Wells Dip Buy,ARK Invest Seizes Opportunity With $17.7 Million Wells Dip Buy,news,200,Indexable,2317,68,0,0,,,0,0,yes,delete,high,P1,no_signal
https://coincu.com/ark-invest-sells-bitcoin-etf-tech-stocks/,Cathie Wood's ARK Invest Sells Bitcoin ETFs and Tech Stocks — What It Signals,Cathie Wood’s ARK Invest Sells Bitcoin ETFs and Tech Stocks — What It Signals,news,200,Indexable,2860,180,0,0,,,0,0,yes,delete,high,P1,no_signal
https://coincu.com/ark-invests-19-4-allocation-revelation-for-2023/,Ark Invest's 19.4% Allocation Revelation for 2023 Shocks Investors!,Ark Invest’s 19.4% Allocation Revelation for 2023 Shocks Investors!,news,200,Indexable,2152,147,0,0,,,0,0,yes,delete,high,P1,no_signal
https://coincu.com/ark-resubmits-bitcoin-etf-prospectus-market/,"ARK Resubmits Bitcoin ETF Prospectus, Igniting Market Speculation!","ARK Resubmits Bitcoin ETF Prospectus, Igniting Market Speculation!",news,200,Indexable,2206,161,0,0,,,0,0,yes,delete,high,P1,no_signal
https://coincu.com/arkansas-approves-right-to-mine-bill/,Arkansas Approves ‘Right To Mine' Bill To Protect Bitcoin Miners,Arkansas Approves ‘Right To Mine’ Bill To Protect Bitcoin Miners,news,200,Indexable,2275,122,0,0,,,0,0,yes,delete,high,P1,no_signal
https://coincu.com/arkansas-crypto-mining-is-facing-challenges/,Arkansas Crypto Mining Is Facing Challenges From 2 New Bills,Arkansas Crypto Mining Is Facing Challenges From 2 New Bills,news,200,Indexable,2069,112,0,0,,,0,0,yes,delete,high,P1,no_signal
https://coincu.com/arkham-confirms-all-spot-ethereum-etf-addresses/,Arkham Confirms All Spot Ethereum ETF Addresses!,Arkham Confirms All Spot Ethereum ETF Addresses!,news,200,Indexable,2023,113,0,0,,,0,0,yes,delete,high,P1,no_signal
https://coincu.com/arkham-confirms-bitcoin-us-government/,"Arkham Confirms 10,000 Bitcoin Of US Government Moves Are Fake News","Arkham Confirms 10,000 Bitcoin Of US Government Moves Are Fake News",news,200,Indexable,2180,123,0,0,,,0,0,yes,delete,high,P1,no_signal
https://coincu.com/arkham-exchange-to-launch-spot-trading/,Arkham Exchange to Launch Spot Trading Restricted to US Users,Arkham Exchange to Launch Spot Trading Restricted to US Users,news,200,Indexable,2057,114,0,0,,,0,0,yes,delete,high,P1,no_signal
https://coincu.com/arkham-intel-exchange-now-allows-to-trade-arkm/,Arkham Intel Exchange Now Allows To Trade ARKM For Tracking Entity Labels And Hacks,Arkham Intel Exchange Now Allows To Trade ARKM For Tracking Entity Labels And Hacks,news,200,Indexable,2109,156,0,0,,,0,0,yes,delete,high,P1,no_signal
https://coincu.com/arkham-intelligence-platform-flare/,Arkham Intelligence Platform Now Supports Flare Network,Arkham Intelligence Platform Now Supports Flare Network,news,200,Indexable,2055,106,0,0,,,0,0,yes,delete,high,P1,no_signal
https://coincu.com/arkham-registering-unique-usernames/,Arkham Supports Users Registering Unique Usernames,Arkham Supports Users Registering Unique Usernames,news,200,Indexable,2095,76,0,0,,,0,0,yes,delete,high,P1,no_signal
https://coincu.com/arkham-responds-to-accusations/,"Arkham Responds To Accusations Of Government Affiliation, User Privacy Concerns","Arkham Responds To Accusations Of Government Affiliation, User Privacy Concerns",news,200,Indexable,2336,167,0,0,,,0,0,yes,delete,high,P1,no_signal
https://coincu.com/arkham-uncovers-14-5b-bitcoin-theft-from/,Arkham Uncovers $14.5B Bitcoin Theft From LuBian Mining Pool in 2020,Arkham Uncovers $14.5B Bitcoin Theft From LuBian Mining Pool in 2020,news,200,Indexable,2089,109,0,0,,,0,0,yes,delete,high,P1,no_signal
https://coincu.com/armanino-closing-crypto-audit-dump-clients/,"Armanino, An FTX.US Accounting Firm, Is Closing Its Crypto Audit Practice And Dumping Clients","Armanino, An FTX.US Accounting Firm, Is Closing Its Crypto Audit Practice And Dumping Clients",news,200,Indexable,1934,137,0,0,,,0,0,yes,delete,high,P1,no_signal
https://coincu.com/armstrong-urges-crypto-founders-to-resist/,Armstrong Urges Crypto Founders to Resist Effective Altruism's Decelerating Influence!,Armstrong Urges Crypto Founders to Resist Effective Altruism’s Decelerating Influence!,news,200,Indexable,2131,237,0,0,,,0,0,yes,delete,high,P1,no_signal
https://coincu.com/arrakis-finance-successfully-raises-4-mill/,Arrakis Finance Successfully Raises $4 Million In Seed Round,Arrakis Finance Successfully Raises $4 Million In Seed Round,news,200,Indexable,2055,162,0,0,,,0,0,yes,delete,high,P1,no_signal
https://coincu.com/art-blocks-nft-curated-series-completed/,Art Blocks NFT Announces Curated Series Completed,Art Blocks NFT Announces Curated Series Completed,news,200,Indexable,1854,156,0,0,,,0,0,yes,delete,high,P1,no_signal
https://coincu.com/art-blocks-offers-revolutionary-marketplace/,Art Blocks Offers Revolutionary NFT Marketplace For Collectors,Art Blocks Offers Revolutionary NFT Marketplace For Collectors,news,200,Indexable,2093,158,0,0,,,0,0,yes,delete,high,P1,no_signal
https://coincu.com/art-gobblers-see-trading-volume-20-million/,NTF Collection Art Gobblers See Trading Volume Over $20 Million In 1 Day,NTF Collection Art Gobblers See Trading Volume Over $20 Million In 1 Day,news,200,Indexable,1857,123,0,0,,,0,0,yes,delete,high,P1,no_signal
https://coincu.com/arthur-hayes-bitcoin-liquidity-warning/,Arthur Hayes Warns of Bitcoin Decline Amidst Liquidity Contraction,Arthur Hayes Warns of Bitcoin Decline Amidst Liquidity Contraction,news,200,Indexable,2143,115,0,0,,,0,0,yes,delete,high,P1,no_signal
https://coincu.com/arthur-hayes-bitcoin-zcash-us-fiscal/,Arthur Hayes Predicts BTC and ZEC Surge Amid US Fiscal Changes,Arthur Hayes Predicts BTC and ZEC Surge Amid US Fiscal Changes,news,200,Indexable,2096,78,0,0,,,0,0,yes,delete,high,P1,no_signal
https://coincu.com/arthur-hayes-blog-bitcoin-hits-local-low/,"Arthur Hayes' Blog: Bitcoin Hits Local Low, Predicts Rally Above $60,000!","Arthur Hayes’ Blog: Bitcoin Hits Local Low, Predicts Rally Above $60,000!",news,200,Indexable,2114,176,0,0,,,0,0,yes,delete,high,P1,no_signal
https://coincu.com/arthur-hayes-criticizes-monad-mon/,"Arthur Hayes Criticizes Monad (MON), Warns of 99% Crash Risk","Arthur Hayes Criticizes Monad (MON), Warns of 99% Crash Risk",news,200,Indexable,2007,125,0,0,,,0,0,yes,delete,high,P1,no_signal
https://coincu.com/arthur-hayes-deposit-eth-to-lrt-protocol-etherfi/,Arthur Hayes Deposits $10.67M in ETH to LRT Protocol EtherFi!,Arthur Hayes Deposits $10.67M in ETH to LRT Protocol EtherFi!,news,200,Indexable,2103,136,0,0,,,0,0,yes,delete,high,P1,no_signal
https://coincu.com/arthur-hayes-develop-ethereum-wayback-machine/,Arthur Hayes Joins Covalent to Develop Ethereum Wayback Machine for Data Preservation!,Arthur Hayes Joins Covalent to Develop Ethereum Wayback Machine for Data Preservation!,news,200,Indexable,2216,146,0,0,,,0,0,yes,delete,high,P1,no_signal
https://coincu.com/arthur-hayes-ftx-liquidates-alameda/,"Arthur Hayes Thinks If FTX Liquidates Alameda, It Can Still Work","Arthur Hayes Thinks If FTX Liquidates Alameda, It Can Still Work",news,200,Indexable,2213,164,0,0,,,0,0,yes,delete,high,P1,no_signal
https://coincu.com/arthur-hayes-investors-to-join-the-btc/,Arthur Hayes Encourages Investors to Join the $BTC Rally as Bitcoin Conquers the 'Wall of Worry',Arthur Hayes Encourages Investors to Join the $BTC Rally as Bitcoin Conquers the ‘Wall of Worry’,news,200,Indexable,2171,145,0,0,,,0,0,yes,delete,high,P1,no_signal
https://coincu.com/arthur-hayes-points-to-altcoin-that-will-get-your-portfolio-fat-43099-bull-run-in-the-cards/,"Arthur Hayes Points to Altcoin that Will Get Your Portfolio ‘Fat,’ 43,099% Bull Run in the Cards","Arthur Hayes Points to Altcoin that Will Get Your Portfolio ‘Fat,’ 43,099% Bull Run in the Cards",news,200,Indexable,2463,140,0,0,,,0,0,yes,delete,high,P1,no_signal
https://coincu.com/arthur-hayes-predicts-ai-powered-by-dao/,Arthur Hayes Predicts AI Powered by DAO for Self-Organization,Arthur Hayes Predicts AI Powered by DAO for Self-Organization,news,200,Indexable,2165,115,0,0,,,0,0,yes,delete,high,P1,no_signal
https://coincu.com/arthur-hayes-predicts-bitcoin-price-40-spot-etf/,Arthur Hayes Predicts Bitcoin Price 40% Plunge Amidst US Spot ETF Surge!,Arthur Hayes Predicts Bitcoin Price 40% Plunge Amidst US Spot ETF Surge!,news,200,Indexable,2103,120,0,0,,,0,0,yes,delete,high,P1,no_signal
https://coincu.com/arthur-hayes-scores-3-profit-btc-short-position/,Arthur Hayes Scores 3% Profit Closing BTC Short Position,Arthur Hayes Scores 3% Profit Closing BTC Short Position,news,200,Indexable,2077,83,0,0,,,0,0,yes,delete,high,P1,no_signal
https://coincu.com/arthur-hayes-sells-crypto-assets/,Arthur Hayes Liquidates Over $2 Million in Crypto Assets,Arthur Hayes Liquidates Over $2 Million in Crypto Assets,news,200,Indexable,2132,113,0,0,,,0,0,yes,delete,high,P1,no_signal
https://coincu.com/arthur-hayes-shows-concern-for-bitcoin/,Arthur Hayes Shows Concern For Bitcoin In The Near Future,Arthur Hayes Shows Concern For Bitcoin In The Near Future,news,200,Indexable,2043,151,0,0,,,0,0,yes,delete,high,P1,no_signal
https://coincu.com/arthur-hayes-view-of-bitcoin-price/,Arthur Hayes Has A Positive View Of Bitcoin Price When TGA Is At $77 Billion,Arthur Hayes Has A Positive View Of Bitcoin Price When TGA Is At $77 Billion,news,200,Indexable,2233,154,0,0,,,0,0,yes,delete,high,P1,no_signal
https://coincu.com/arthur-hayes-warns-of-crypto-market-jitters/,Arthur Hayes Warns of Crypto Market Jitters Amid Trump Tariffs,Arthur Hayes Warns of Crypto Market Jitters Amid Trump Tariffs,news,200,Indexable,2212,128,0,0,,,0,0,yes,delete,high,P1,no_signal
https://coincu.com/arthur-hayes-whale-fundraising-impact/,Arthur Hayes Comments on Whale's Zero-Cost Fundraising Strategy,Arthur Hayes Comments on Whale’s Zero-Cost Fundraising Strategy,news,200,Indexable,2114,117,0,0,,,0,0,yes,delete,high,P1,no_signal
https://coincu.com/artificial-intelligence-will-dominate-us/,"Artificial Intelligence Will Dominate The US Economy, Outpacing Electricity And PCs: Goldman Sachs","Artificial Intelligence Will Dominate The US Economy, Outpacing Electricity And PCs: Goldman Sachs",news,200,Indexable,2321,128,0,0,,,0,0,yes,delete,high,P1,no_signal
https://coincu.com/artificial-superintelligence-alliance-approved/,Artificial Superintelligence Alliance Proposal Approved By AGIX Holders,Artificial Superintelligence Alliance Proposal Approved By AGIX Holders,news,200,Indexable,2146,143,0,0,,,0,0,yes,delete,high,P1,no_signal
https://coincu.com/artificial-superintelligence-alliance/,Artificial Superintelligence Alliance Will Launch on July 15,Artificial Superintelligence Alliance Will Launch on July 15,news,200,Indexable,2069,153,0,0,,,0,0,yes,delete,high,P1,no_signal
https://coincu.com/arweave-ao-announces-token-launch-with-100-fair/,Arweave AO Announces Token Launch with 100% Fair Issuance on June 13!,Arweave AO Announces Token Launch with 100% Fair Issuance on June 13!,news,200,Indexable,2167,86,0,0,,,0,0,yes,delete,high,P1,no_signal
https://coincu.com/arweave-computing-platform-officially-launched/,Arweave Computing Platform Officially Launched After Long Testing Period,Arweave Computing Platform Officially Launched After Long Testing Period,news,200,Indexable,2150,162,0,0,,,0,0,yes,delete,high,P1,no_signal
https://coincu.com/arweaves-token-soars/,Arweave's Token Soars After Meta's Integration Announcement,Arweave’s Token Soars After Meta’s Integration Announcement,news,200,Indexable,1949,215,0,0,,,0,0,yes,delete,high,P1,no_signal
https://coincu.com/arweaves-upgrade-v2-6-storage-acquisition/,Arweave’s Upgrade (v2.6) Boosts Storage Acquisition & Reduces Energy Waste,Arweave’s Upgrade (v2.6) Boosts Storage Acquisition & Reduces Energy Waste,news,200,Indexable,2184,370,0,0,,,0,0,yes,delete,high,P1,no_signal
https://coincu.com/aryze-bvi-ltd-launched-its-first-stablecoin/,Copenhagen-based Fintech Company ARYZE Launched Its First Stablecoin,Copenhagen-based Fintech Company ARYZE Launched Its First Stablecoin,news,200,Indexable,1951,156,0,0,,,0,0,yes,delete,high,P1,no_signal
https://coincu.com/as-meme-coins-struggle-this-defi-crypto-prepares-for-a-10x-launch/,"As Meme Coins Struggle, This DeFi Crypto Prepares for a 10x Launch","As Meme Coins Struggle, This DeFi Crypto Prepares for a 10x Launch",news,200,Indexable,2532,170,0,0,,,0,0,yes,delete,high,P1,no_signal
https://coincu.com/asi-token-merger-will-take-place/,ASI Token Merger Will Take Place with First Migration for FET Token on July 1,ASI Token Merger Will Take Place with First Migration for FET Token on July 1,news,200,Indexable,2096,112,0,0,,,0,0,yes,delete,high,P1,no_signal
https://coincu.com/asia-drives-crypto-growth-as-market-power/,Asia Drives Crypto Growth as Market Power Shifts East,Asia Drives Crypto Growth as Market Power Shifts East,news,200,Indexable,2141,145,0,0,,,0,0,yes,delete,high,P1,no_signal
https://coincu.com/asia-the-engine-for-blockchain-gaming/,Asia: The Engine for Blockchain Gaming,Asia: The Engine for Blockchain Gaming,news,200,Indexable,6713,556,0,0,,,0,0,yes,delete,high,P1,no_signal
https://coincu.com/asia-web3-go-reveal-future-of-asias-blockchain/,"Asia Web3, GO! - Reveal the Future of Asia's Blockchain Sphere","Asia Web3, GO! – Reveal the Future of Asia’s Blockchain Sphere",news,200,Indexable,2675,131,0,0,,,0,0,yes,delete,high,P1,no_signal
https://coincu.com/asias-crypto-shift-stablecoins/,Asia’s Crypto Shift: Stablecoins and New Rules,Asia’s Crypto Shift: Stablecoins and New Rules,news,200,Indexable,2153,125,0,0,,,0,0,yes,delete,high,P1,no_signal
https://coincu.com/asias-crypto-week-iran-outflows-hk-web3/,"Asia’s Crypto Week: Iran Outflows, HK Web3, Binance Moves","Asia’s Crypto Week: Iran Outflows, HK Web3, Binance Moves",news,200,Indexable,2185,146,0,0,,,0,0,yes,delete,high,P1,no_signal
https://coincu.com/asic-prices-gateway-to-crypto-mining-success/,ASIC Prices: Your Gateway to Crypto Mining Success,ASIC Prices: Your Gateway to Crypto Mining Success,news,200,Indexable,2490,92,0,0,,,0,0,yes,delete,high,P1,no_signal
https://coincu.com/asic-sued-block-earner/,ASIC Sued Block Earner For Unlicensed Crypto Services,ASIC Sued Block Earner For Unlicensed Crypto Services,news,200,Indexable,2032,158,0,0,,,0,0,yes,delete,high,P1,no_signal
https://coincu.com/asic-suspended-ftx-australias-afs-licence/,ASIC Suspended FTX Australia’s AFS Licence,ASIC Suspended FTX Australia’s AFS Licence,news,200,Indexable,2047,128,0,0,,,0,0,yes,delete,high,P1,no_signal
https://coincu.com/asic-warning-crypto-asset-providers/,ASIC Issued A Stark Warning To Australian Crypto Asset Providers,ASIC Issued A Stark Warning To Australian Crypto Asset Providers,news,200,Indexable,2188,154,0,0,,,0,0,yes,delete,high,P1,no_signal
https://coincu.com/asic/,ASIC,ASIC,news,200,Indexable,2249,151,0,0,,,0,0,yes,delete,high,P1,no_signal
https://coincu.com/asset-realitys-seed-round/,Framework Ventures Leads Asset Reality’s $4.91 Million Seed Round,Framework Ventures Leads Asset Reality’s $4.91 Million Seed Round,news,200,Indexable,2151,151,0,0,,,0,0,yes,delete,high,P1,no_signal
https://coincu.com/astar-network-cooperated-with-polygon/,Astar Network Cooperated With Polygon To Launch The Ethereum Layer 2 Network Astar zkEVM,Astar Network Cooperated With Polygon To Launch The Ethereum Layer 2 Network Astar zkEVM,news,200,Indexable,1967,250,0,0,,,0,0,yes,delete,high,P1,no_signal
https://coincu.com/astar-network-destroy-5-of-astr-tokens/,Astar Network Announces Proposal to Destroy 5% of ASTR Tokens!,Astar Network Announces Proposal to Destroy 5% of ASTR Tokens!,news,200,Indexable,2129,165,0,0,,,0,0,yes,delete,high,P1,no_signal
https://coincu.com/astar-network-founder-forbes-30/,Astar Network Founder Shortlisted The Forbes 30 Under 30 For Asia And Japan,Astar Network Founder Shortlisted The Forbes 30 Under 30 For Asia And Japan,news,200,Indexable,2047,158,0,0,,,0,0,yes,delete,high,P1,no_signal
https://coincu.com/astar-network-to-launch-astar-2-0-in-three-weeks/,Astar Network To Launch Astar 2.0 In Three Weeks With New Token Strategies,Astar Network To Launch Astar 2.0 In Three Weeks With New Token Strategies,news,200,Indexable,2068,152,0,0,,,0,0,yes,delete,high,P1,no_signal
https://coincu.com/aster-airs-4-percent-token-distribution/,Aster Announces 4% Token Airdrop Amidst Community Speculation,Aster Announces 4% Token Airdrop Amidst Community Speculation,news,200,Indexable,2018,135,0,0,,,0,0,yes,delete,high,P1,no_signal
https://coincu.com/aster-approaches-1-55-critical-zone-as-bulls-eye-1-8-resistance-and-beyond/,ASTER Approaches $1.55 Critical Zone as Bulls Eye $1.8 Resistance and Beyond,ASTER Approaches $1.55 Critical Zone as Bulls Eye $1.8 Resistance and Beyond,news,200,Indexable,2101,104,0,0,,,0,0,yes,delete,high,P1,no_signal
https://coincu.com/aster-bounces-from-bottom/,ASTER Bounces from Bottom:Will Bulls Push to $1.40?,ASTER Bounces from Bottom:Will Bulls Push to $1.40?,news,200,Indexable,2184,128,0,0,,,0,0,yes,delete,high,P1,no_signal
https://coincu.com/aster-breakdown-nears/,"ASTER Breakdown Nears, Can Bulls Hold the $0.70 Line?","ASTER Breakdown Nears, Can Bulls Hold the $0.70 Line?",news,200,Indexable,2171,136,0,0,,,0,0,yes,delete,high,P1,no_signal
https://coincu.com/aster-breakout-1-30-key-to-new-all-time/,ASTER Breakout? $1.30 Key to New All-Time High Run!,ASTER Breakout? $1.30 Key to New All-Time High Run,news,200,Indexable,2171,123,0,0,,,0,0,yes,delete,high,P1,no_signal
https://coincu.com/aster-breaks-5-month-slump-targets-0-6846-after-retest/,"ASTER Breaks 5-Month Slump, Targets $0.6846 After Retest","ASTER Breaks 5-Month Slump, Targets $0.6846 After Retest",news,200,Indexable,2131,125,0,0,,,0,0,yes,delete,high,P1,no_signal
https://coincu.com/aster-breaks-out-bullish-pattern/,ASTER Breaks Out: Bullish Pattern Hints at $0.89 Target,ASTER Breaks Out: Bullish Pattern Hints at $0.89 Target,news,200,Indexable,2255,107,0,0,,,0,0,yes,delete,high,P1,no_signal
https://coincu.com/aster-breaks-out-can-it-smash-2-40/,ASTER Breaks Out: Can It Smash Through $2.40 Resistance?,ASTER Breaks Out: Can It Smash Through $2.40 Resistance?,news,200,Indexable,2184,106,0,0,,,0,0,yes,delete,high,P1,no_signal
https://coincu.com/aster-builds-bullish-structure-as-inverse-pattern-targets-0-824-and-higher-breakout/,ASTER Builds Bullish Structure as Inverse Pattern Targets $0.824 and Higher Breakout,ASTER Builds Bullish Structure as Inverse Pattern Targets $0.824 and Higher Breakout,news,200,Indexable,2082,138,0,0,,,0,0,yes,delete,high,P1,no_signal
https://coincu.com/aster-bullish-breakout-target-3-28/,ASTER Bullish Breakout: Is $3.28 the Next Target?,ASTER Bullish Breakout: Is $3.28 the Next Target for Strong Gains?,news,200,Indexable,2180,105,0,0,,,0,0,yes,delete,high,P1,no_signal
https://coincu.com/aster-ceo-interview-l1-institutional-adoption-2026/,"Aster CEO Interview: L1 Push, Institutional Plans for 2026","Aster CEO Interview: L1 Push, Institutional Plans for 2026",news,200,Indexable,2411,154,0,0,,,0,0,yes,delete,high,P1,no_signal
https://coincu.com/aster-forms-base-support-aiming-recovery/,"ASTER Forms Base at $0.66–$0.71 Support, Aiming for Gradual Recovery to $1.45 Level","ASTER Forms Base at $0.66–$0.71 Support, Aiming for Gradual Recovery to $1.45 Level",news,200,Indexable,2143,110,0,0,,,0,0,yes,delete,high,P1,no_signal
https://coincu.com/aster-jumps-20-after-cz-buy-but-whale/,ASTER Jumps 20% After CZ Buy But Whale Bets $49M on a Drop,ASTER Jumps 20% After CZ Buy But Whale Bets $49M on a Drop,news,200,Indexable,2024,155,0,0,,,0,0,yes,delete,high,P1,no_signal
https://coincu.com/aster-launches-zest-perpetual-contract-and-50000-trading-prize-pool-event/,"Aster Launches ZEST Perpetual Contract With $50,000 Trading Event","Aster Launches ZEST Perpetual Contract With $50,000 Trading Event",news,200,Indexable,2649,146,0,0,,,0,0,yes,delete,high,P1,no_signal
https://coincu.com/aster-on-the-edge-will-the-0-95-support/,ASTER on the Edge: Will the $0.95 Support Hold Strong?,ASTER on the Edge: Will the $0.95 Support Hold Strong?,news,200,Indexable,2159,156,0,0,,,0,0,yes,delete,high,P1,no_signal
https://coincu.com/aster-overtakes-hyperliquid-trading-volume/,Aster Surpasses Hyperliquid in Perp DEX Trading Volumes,Aster Surpasses Hyperliquid in Perp DEX Trading Volumes,news,200,Indexable,2168,71,0,0,,,0,0,yes,delete,high,P1,no_signal
https://coincu.com/aster-poised-for-surge-will-it-break-0-66/,ASTER Poised for a Surge: Will It Break $0.66 and Start a Major Growth?,ASTER Poised for a Surge: Will It Break $0.66 and Start a Major Growth?,news,200,Indexable,2195,130,0,0,,,0,0,yes,delete,high,P1,no_signal
https://coincu.com/aster-reclaims-trendline-support-eye-0-91/,Aster Reclaims Trendline Support as Bulls Target Breakout Above $0.91 Level,Aster Reclaims Trendline Support as Bulls Target Breakout Above $0.91 Level,news,200,Indexable,2131,136,0,0,,,0,0,yes,delete,high,P1,no_signal
https://coincu.com/aster-to-surge-to-1-50/,ASTER to Surge to $1.50 as Market Sentiment Remains Positive: Analyst,ASTER to Surge to $1.50 as Market Sentiment Remains Positive: Analyst,news,200,Indexable,2120,103,0,0,,,0,0,yes,delete,high,P1,no_signal
https://coincu.com/aster-token-distribution-clarification/,Aster CEO Clarifies Token Distribution Details Amid Concerns,Aster CEO Clarifies Token Distribution Details Amid Concerns,news,200,Indexable,2182,121,0,0,,,0,0,yes,delete,high,P1,no_signal
https://coincu.com/aster-token-profits-investors/,"Aster Token Hits $1.2, Yields 84x Profit for Early Investors","Aster Token Hits $1.2, Yields 84x Profit for Early Investors",news,200,Indexable,2072,92,0,0,,,0,0,yes,delete,high,P1,no_signal
https://coincu.com/aster-unlocks-delayed-to-2026-and-2035/,ASTER Unlocks Delayed to 2026 and 2035 in Tokenomics Shift,ASTER Unlocks Delayed to 2026 and 2035 in Tokenomics Shift,news,200,Indexable,2109,130,0,0,,,0,0,yes,delete,high,P1,no_signal
https://coincu.com/astra-nova-raises-funds/,AI Firm Astra Nova Secures $48.3 Million Investment,AI Firm Astra Nova Secures $48.3 Million Investment,news,200,Indexable,2007,78,0,0,,,0,0,yes,delete,high,P1,no_signal
https://coincu.com/asxs-blockchain-project-goes-down/,ASX's Blockchain-powered Project Goes Down,ASX’s Blockchain-powered Project Goes Down,news,200,Indexable,1894,134,0,0,,,0,0,yes,delete,high,P1,no_signal
https://coincu.com/asxs-first-spot-bitcoin-etf-application-marks/,ASX's First Spot Bitcoin ETF Application Marks Significant Milestone,ASX’s First Spot Bitcoin ETF Application Marks Significant Milestone,news,200,Indexable,2205,197,0,0,,,0,0,yes,delete,high,P1,no_signal
https://coincu.com/atlanta-fed-gdpnow-q1-revision/,Atlanta Fed's GDPNow Lowers Q1 GDP Growth Estimate to -2.5%,Atlanta Fed’s GDPNow Lowers Q1 GDP Growth Estimate to -2.5%,news,200,Indexable,2117,95,0,0,,,0,0,yes,delete,high,P1,no_signal
https://coincu.com/atlendis-v2-launches-on-polygon/,Atlendis V2 Launches On Polygon Mainnet And Opens First Pool,Atlendis V2 Launches On Polygon Mainnet And Opens First Pool,news,200,Indexable,2210,86,0,0,,,0,0,yes,delete,high,P1,no_signal
https://coincu.com/attorney-john-deaton-confident-summary-judgment/,Attorney John Deaton Confident With Summary Judgment In Ripple Case,Attorney John Deaton Confident With Summary Judgment In Ripple Case,news,200,Indexable,2123,115,0,0,,,0,0,yes,delete,high,P1,no_signal
https://coincu.com/attorney-released-new-dates-ripple/,Attorney Released New Dates In Ripple Lawsuit With SEC,Attorney Released New Dates In Ripple Lawsuit With SEC,news,200,Indexable,1993,246,0,0,,,0,0,yes,delete,high,P1,no_signal
https://coincu.com/audius-acquired-soundstage/,Audius Has Acquired Virtual Music Experience SoundStage,Audius Has Acquired Virtual Music Experience SoundStage,news,200,Indexable,1844,155,0,0,,,0,0,yes,delete,high,P1,no_signal
https://coincu.com/audius-integrated-tiktok-second-time/,"Audius, A Web3 Music Platform, Has Integrated With TikTok For The 2nd Time","Audius, A Web3 Music Platform, Has Integrated With TikTok For The 2nd Time",news,200,Indexable,2050,157,0,0,,,0,0,yes,delete,high,P1,no_signal
https://coincu.com/audius-was-hacked-by-a-6-million-exploit/,Audius Was Hacked By A $6 Million Exploit,Audius Was Hacked By A $6 Million Exploit,news,200,Indexable,2243,151,0,0,,,0,0,yes,delete,high,P1,no_signal
https://coincu.com/aug-11-gate-alpha-users-claim-esports-alpha-points/,Gate Alpha Airdrop: 700 ESPORTS Token Claim Requires 125 Points Aug 11,Gate Alpha Airdrop: 700 ESPORTS Token Claim Requires 125 Points Aug 11,news,200,Indexable,1866,76,0,0,,,0,0,yes,delete,high,P1,no_signal
https://coincu.com/aura-finance-expands-to-optimism/,Aura Finance Empowers Liquidity and Adoption on Optimism Network,Aura Finance Empowers Liquidity and Adoption on Optimism Network,news,200,Indexable,2155,170,0,0,,,0,0,yes,delete,high,P1,no_signal
https://coincu.com/aurk-launches-a-groundbreaking-decentralized-ai-agent/,Aurk Launches a Groundbreaking Decentralized AI Agent,Aurk Launches a Groundbreaking Decentralized AI Agent,news,200,Indexable,2106,131,0,0,,,0,0,yes,delete,high,P1,no_signal
https://coincu.com/aurora-pays-2-million-to-hackers/,Aurora Pays $2 Million To Hackers Who Discovered The Bug,Aurora Pays $2 Million To Hackers Who Discovered The Bug,news,200,Indexable,1970,77,0,0,,,0,0,yes,delete,high,P1,no_signal
https://coincu.com/aurory-sets-the-stage-for-seamless-web3-gaming/,Aurory Sets The Stage For Seamless Web3 Gaming With New Integration On Arbitrum,Aurory Sets The Stage For Seamless Web3 Gaming With New Integration On Arbitrum,news,200,Indexable,2296,146,0,0,,,0,0,yes,delete,high,P1,no_signal
https://coincu.com/auros-global-guaranteed-new-17m-investment/,"FTX Victim, Auros Global, Guaranteed New $17 Million Investment","FTX Victim, Auros Global, Guaranteed New $17 Million Investment",news,200,Indexable,2092,167,0,0,,,0,0,yes,delete,high,P1,no_signal
https://coincu.com/auros-global-launches-restructuring-plan/,Auros Global Launches Restructuring Plan To Restore Company,Auros Global Launches Restructuring Plan To Restore Company,news,200,Indexable,2161,155,0,0,,,0,0,yes,delete,high,P1,no_signal
https://coincu.com/auros-global-takes-2400-weth-debt-for-ftx-crisis/,Auros Global Takes 2400 wETH Debt For FTX Crisis,Auros Global Takes 2400 wETH Debt For FTX Crisis,news,200,Indexable,2072,158,0,0,,,0,0,yes,delete,high,P1,no_signal
https://coincu.com/ausd-stablecoin-goes-live-on-solana/,AUSD Stablecoin Launches on Solana with $20M Success!,AUSD Stablecoin Launches on Solana with $20M Success,news,200,Indexable,2056,139,0,0,,,0,0,yes,delete,high,P1,no_signal
https://coincu.com/australia-crypto-exchange-regulation-bill/,Australia Tightens Crypto Exchange Regulations with New Bill,Australia Tightens Crypto Exchange Regulations with New Bill,news,200,Indexable,2081,106,0,0,,,0,0,yes,delete,high,P1,no_signal
https://coincu.com/australia-discovers-use-cases-eaud/,Australia To Discover 14 Use Cases For eAUD,Australia To Discover 14 Use Cases For eAUD,news,200,Indexable,2230,154,0,0,,,0,0,yes,delete,high,P1,no_signal
https://coincu.com/australia-improve-regulation-for-crypto/,Australia Will Improve Regulation For Crypto Service Providers In Early 2023,Australia Will Improve Regulation For Crypto Service Providers In Early 2023,news,200,Indexable,2195,158,0,0,,,0,0,yes,delete,high,P1,no_signal
https://coincu.com/australia-initiates-crypto-research/,Australia Initiates Crypto Research Program,Australia Initiates Crypto Research Program,news,200,Indexable,2103,308,0,0,,,0,0,yes,delete,high,P1,no_signal
https://coincu.com/australia-may-delay-crypto-laws/,Australia May Delay Crypto Laws Until 2024,Australia May Delay Crypto Laws Until 2024,news,200,Indexable,2153,175,0,0,,,0,0,yes,delete,high,P1,no_signal
https://coincu.com/australia-new-crypto-regulations/,Australia Proposes New Crypto Regulations to Strengthen Industry,Australia Proposes New Crypto Regulations to Strengthen Industry,news,200,Indexable,2099,147,0,0,,,0,0,yes,delete,high,P1,no_signal
https://coincu.com/australia-rejects-crypto-regulation-bill-2023/,Australia Rejects Crypto Regulation Bill 2023 Due To Lack Of Detail,Australia Rejects Crypto Regulation Bill 2023 Due To Lack Of Detail,news,200,Indexable,2029,174,0,0,,,0,0,yes,delete,high,P1,no_signal
https://coincu.com/australia-researches-cbdc/,Australia Researches The Application Of CBDC,Australia Researches The Application Of CBDC,news,200,Indexable,2110,80,0,0,,,0,0,yes,delete,high,P1,no_signal
https://coincu.com/australia-to-put-crypto-on-target/,Australia Announced To Put Crypto On Target In The Next 4 Years,Australia Announced To Put Crypto On Target In The Next 4 Years,news,200,Indexable,2091,186,0,0,,,0,0,yes,delete,high,P1,no_signal
https://coincu.com/australian-bitcoin-atms-seeing-impressive-growth/,Australian Bitcoin ATMs Are Now Seeing Impressive Growth,Australian Bitcoin ATMs Are Now Seeing Impressive Growth,news,200,Indexable,2129,108,0,0,,,0,0,yes,delete,high,P1,no_signal
https://coincu.com/australian-bitcoin-etf-could-launch/,Australian Bitcoin ETF Could Launch By Late 2024,Australian Bitcoin ETF Could Launch By Late 2024,news,200,Indexable,2137,111,0,0,,,0,0,yes,delete,high,P1,no_signal
https://coincu.com/australian-cbdc-cant-launch-next-few-years/,"Australian CBDC Can't Launch In The Next Few Years, Some Problems In Piloting","Australian CBDC Can’t Launch In The Next Few Years, Some Problems In Piloting",news,200,Indexable,2085,153,0,0,,,0,0,yes,delete,high,P1,no_signal
https://coincu.com/australian-company-raises-28m-bitcoin/,Australian Company Raises $28M To Increase Its Capacity For Bitcoin Mining,Australian Company Raises $28M To Increase Its Capacity For Bitcoin Mining,news,200,Indexable,2244,158,0,0,,,0,0,yes,delete,high,P1,no_signal
https://coincu.com/australian-crypto-etfs-delist/,Three Australian Crypto ETFs Intend To Delist Their Offerings,Three Australian Crypto ETFs Intend To Delist Their Offerings,news,200,Indexable,2070,155,0,0,,,0,0,yes,delete,high,P1,no_signal
https://coincu.com/australian-crypto-exchange-license-requirements/,Australian Crypto Exchange License Requirements Reduce Risk,Australian Crypto Exchange License Requirements to be Introduced to Reduce Investor Risk,news,200,Indexable,2132,156,0,0,,,0,0,yes,delete,high,P1,no_signal
https://coincu.com/australian-crypto-industry-fights-back/,Australian Crypto Industry Fights Back Against Bank Restrictions,Australian Crypto Industry Fights Back Against Bank Restrictions,news,200,Indexable,2317,85,0,0,,,0,0,yes,delete,high,P1,no_signal
https://coincu.com/australian-crypto-scams-skyrocket-150m-lost/,Australian Crypto Scams Skyrocket By 162% With $150M Lost!,Australian Crypto Scams Skyrocket By 162% With $150M Lost!,news,200,Indexable,2367,192,0,0,,,0,0,yes,delete,high,P1,no_signal
https://coincu.com/australian-federal-establishes-crypto-squad/,Australian Federal Police Establishes Crypto Squad,Australian Federal Police Establishes Crypto Squad,news,200,Indexable,2165,140,0,0,,,0,0,yes,delete,high,P1,no_signal
https://coincu.com/australian-financial-regulator-cracks-down-scams/,"Australian Financial Regulator Cracks Down on Crypto Scams, Slashing $1.3 Billion in Losses","Australian Financial Regulator Cracks Down on Crypto Scams, Slashing $1.3 Billion in Losses",news,200,Indexable,2148,130,0,0,,,0,0,yes,delete,high,P1,no_signal
https://coincu.com/australian-pension-bitcoin-futures-investment/,Australian Pension Fund Makes Rare Bitcoin Futures Investment,Australian Pension Fund Makes Rare Bitcoin Futures Investment,news,200,Indexable,2029,175,0,0,,,0,0,yes,delete,high,P1,no_signal
https://coincu.com/australian-position-on-cryptocurrency/,Australian Government Has Expressed Its Position On Cryptocurrencies In New Regulations,Australian Government Has Expressed Its Position On Cryptocurrencies In New Regulations,news,200,Indexable,2194,142,0,0,,,0,0,yes,delete,high,P1,no_signal
https://coincu.com/australian-regulator-cancels-ftx-license/,"Australian Regulator Cancels FTX License, Shaking Up Crypto Landscape","Australian Regulator Cancels FTX License, Shaking Up Crypto Landscape",news,200,Indexable,2170,187,0,0,,,0,0,yes,delete,high,P1,no_signal
https://coincu.com/australian-regulator-concerns-ftx/,Australian Regulator Had Raised Concerns About FTX Internally,Australian Regulator Had Raised Concerns About FTX Internally,news,200,Indexable,2116,172,0,0,,,0,0,yes,delete,high,P1,no_signal
https://coincu.com/australian-regulator-sues-kraken-affiliate/,Australian Regulator Sues Kraken Affiliate For Causing Damages To Users A$12.95 Million,Australian Regulator Sues Kraken Affiliate For Causing Damages To Users A$12.95 Million,news,200,Indexable,2149,123,0,0,,,0,0,yes,delete,high,P1,no_signal
https://coincu.com/australian-regulators-attack-binance-offices/,BREAKING: Australian Regulators Attack Binance Offices In Ongoing Investigation,BREAKING: Australian Regulators Attack Binance Offices In Ongoing Investigation,news,200,Indexable,2144,149,0,0,,,0,0,yes,delete,high,P1,no_signal
https://coincu.com/australian-senator-bill-regulate-stablecoin/,Australian Senator Has Created Bill To Regulate Stablecoin And Digital Yuan,Australian Senator Has Created Bill To Regulate Stablecoin And Digital Yuan,news,200,Indexable,2346,150,0,0,,,0,0,yes,delete,high,P1,no_signal
https://coincu.com/australian-taxation-office-crypto-exchanges/,Australian Taxation Office Demands Crypto Exchanges Surrender Data of 1.2M Users!,Australian Taxation Office Demands Crypto Exchanges Surrender Data of 1.2M Users!,news,200,Indexable,2145,124,0,0,,,0,0,yes,delete,high,P1,no_signal
https://coincu.com/australian-treasury-action-crypto-de-banking/,Australian Treasury Takes Action On Crypto De-Banking Crisis,Australian Treasury Takes Action On Crypto De-Banking Crisis,news,200,Indexable,2151,83,0,0,,,0,0,yes,delete,high,P1,no_signal
https://coincu.com/australian-treasury-bitcoin-exchange-taxes/,Australian Treasury Solicits Feedback On The Exclusion Of Bitcoin From Foreign Exchange Taxes,Australian Treasury Solicits Feedback On The Exclusion Of Bitcoin From Foreign Exchange Taxes,news,200,Indexable,2164,154,0,0,,,0,0,yes,delete,high,P1,no_signal
https://coincu.com/australian-wholesale-cbdc-gets-boost/,Australian Wholesale CBDC Gets Boost With 3-Year Plan,Australian Wholesale CBDC Gets Boost With 3-Year Plan,news,200,Indexable,2154,102,0,0,,,0,0,yes,delete,high,P1,no_signal
https://coincu.com/australians-lost-242-million/,Australians Lost $242 Million In 2022 Due To Investment Scams,Australians Lost $242 Million In 2022 Due To Investment Scams,news,200,Indexable,2084,157,0,0,,,0,0,yes,delete,high,P1,no_signal
https://coincu.com/australias-asx-approves-vaneck-bitcoin-etf/,Australia's ASX Approves VanEck Bitcoin ETF Amid Market Enthusiasm!,Australia’s ASX Approves VanEck Bitcoin ETF Amid Market Enthusiasm!,news,200,Indexable,2088,115,0,0,,,0,0,yes,delete,high,P1,no_signal
https://coincu.com/authorities-in-europe-dismantle-fraud/,Authorities In Europe Dismantle A Fraud Crypto Network In 4 Countries,Authorities In Europe Dismantle A Fraud Crypto Network In 4 Countries,news,200,Indexable,2147,248,0,0,,,0,0,yes,delete,high,P1,no_signal
https://coincu.com/automated-market-maker-amm/,Automated Market Maker (AMM),Automated Market Maker (AMM),news,200,Indexable,1708,138,0,0,,,0,0,yes,delete,high,P1,no_signal
https://coincu.com/ava-labs-ceo-affirmst-project-clean/,Ava Labs CEO Affirms That The Project Is Completely Clean,Ava Labs CEO Affirms That The Project Is Completely Clean,news,200,Indexable,2278,162,0,0,,,0,0,yes,delete,high,P1,no_signal
https://coincu.com/ava-labs-ceo-crypto-leaks/,Ava Labs CEO Denies Crypto Leaks 'Conspiracy Theory',Ava Labs CEO Denies Crypto Leaks ‘Conspiracy Theory’,news,200,Indexable,2167,228,0,0,,,0,0,yes,delete,high,P1,no_signal
https://coincu.com/ava-labs-founder-warned-trash-layer-2s/,Ava Labs Founder Warned Trash Layer 2s Filling The Void Left By SBF,Ava Labs Founder Warned Trash Layer 2s Filling The Void Left By SBF,news,200,Indexable,2090,96,0,0,,,0,0,yes,delete,high,P1,no_signal
https://coincu.com/avail-total-funding-reaches-75-million-series-a/,Avail Total Funding Reaches $75 Million After Successful Series A,Avail Total Funding Reaches $75 Million After Successful Series A,news,200,Indexable,2118,181,0,0,,,0,0,yes,delete,high,P1,no_signal
https://coincu.com/avalanche-activated-cortina-upgrade/,Avalanche Activated The Important Cortina Upgrade On The Mainnet,Avalanche Activated The Important Cortina Upgrade On The Mainnet,news,200,Indexable,2014,57,0,0,,,0,0,yes,delete,high,P1,no_signal
https://coincu.com/avalanche-avax-and-cronos-cro-lose-70/,Avalanche (AVAX) And Cronos (CRO) Could Lose Over 70% Of Their Value,Avalanche (AVAX) And Cronos (CRO) Could Lose Over 70% Of Their Value,news,200,Indexable,2141,158,0,0,,,0,0,yes,delete,high,P1,no_signal
https://coincu.com/avalanche-avax-lowers-fees-yet-geefi-gee-keeps-market-attention-as-phase-3-sold-more-than-10-fast/,"Avalanche (AVAX) Lowers Fees, yet GeeFi (GEE) Keeps Market Attention as Phase 3 Sold More Than 10% Fast","Avalanche (AVAX) Lowers Fees, yet GeeFi (GEE) Keeps Market Attention as Phase 3 Sold More Than 10% Fast",news,200,Indexable,2377,110,0,0,,,0,0,yes,delete,high,P1,no_signal
https://coincu.com/avalanche-avax-rises-15/,Avalanche (AVAX) Rises 15% Following The Release Of New Network Upgrade,Avalanche (AVAX) Rises 15% Following The Release Of New Network Upgrade,news,200,Indexable,2213,125,0,0,,,0,0,yes,delete,high,P1,no_signal
https://coincu.com/avalanche-blockchains-x-and-c-networks/,Avalanche Blockchain's X And C Networks Back Online After Brief Disruption,Avalanche Blockchain’s X And C Networks Back Online After Brief Disruption,news,200,Indexable,2144,157,0,0,,,0,0,yes,delete,high,P1,no_signal
https://coincu.com/avalanche-breakout-from-falling-wedge-signals-potential-move-toward-9-80/,Avalanche Breakout From Falling Wedge Signals Potential Move Toward $9.80,Avalanche Breakout From Falling Wedge Signals Potential Move Toward $9.80,news,200,Indexable,2080,135,0,0,,,0,0,yes,delete,high,P1,no_signal
https://coincu.com/avalanche-consolidates-after-breaking-out-of-ascending-broadening-wedge/,Avalanche Consolidates After Breaking Out of Ascending Broadening Wedge,Avalanche Consolidates After Breaking Out of Ascending Broadening Wedge,news,200,Indexable,2161,132,0,0,,,0,0,yes,delete,high,P1,no_signal
https://coincu.com/avalanche-contracts-triple-in-a-year/,Avalanche Contracts Triple in a Year: Bullish for AVAX?,Avalanche Contracts Triple in a Year: Bullish for AVAX?,news,200,Indexable,2044,156,0,0,,,0,0,yes,delete,high,P1,no_signal
https://coincu.com/avalanche-cortina-upgrade-avax-up-nearly-2/,"Avalanche Activated Cortina Upgrade On Fuji Testnet, AVAX Up Nearly 2%","Avalanche Activated Cortina Upgrade On Fuji Testnet, AVAX Up Nearly 2%",news,200,Indexable,2019,185,0,0,,,0,0,yes,delete,high,P1,no_signal
https://coincu.com/avalanche-cortina-upgrade/,Avalanche Will Activate The Cortina Upgrade On The Mainnet On April 25,Avalanche Will Activate The Cortina Upgrade On The Mainnet On April 25,news,200,Indexable,2099,82,0,0,,,0,0,yes,delete,high,P1,no_signal
https://coincu.com/avalanche-deployed-subnet-token-staking/,Avalanche Successfully Deployed Subnet Token Staking,Avalanche Successfully Deployed Subnet Token Staking,news,200,Indexable,1814,156,0,0,,,0,0,yes,delete,high,P1,no_signal
https://coincu.com/avalanche-expands-in-india-polygon-and-okx/,"Avalanche Expands In India, Hires Talents From Polygon And OKX To Drive Growth","Avalanche Expands In India, Hires Talents From Polygon And OKX To Drive Growth",news,200,Indexable,2097,217,0,0,,,0,0,yes,delete,high,P1,no_signal
https://coincu.com/avalanche-flash-loan-attack-nets-370000/,"Avalanche Flash Loan Attack Nets $370,000","Avalanche Flash Loan Attack Nets $370,000",news,200,Indexable,2191,156,0,0,,,0,0,yes,delete,high,P1,no_signal
https://coincu.com/avalanche-foundation-3m-avax-tokens-to-dexalot/,Avalanche Foundation Awards $3M AVAX Tokens To Dexalot In Multiverse Push,Avalanche Foundation Awards $3M AVAX Tokens To Dexalot In Multiverse Push,news,200,Indexable,2045,124,0,0,,,0,0,yes,delete,high,P1,no_signal
https://coincu.com/avalanche-foundation-50-million-allocation/,Avalanche Foundation Announces $50 Million Allocation For Tokenized Asset Purchase,Avalanche Foundation Announces $50 Million Allocation For Tokenized Asset Purchase,news,200,Indexable,2042,124,0,0,,,0,0,yes,delete,high,P1,no_signal
https://coincu.com/avalanche-foundation-completed-private-funding/,Avalanche Foundation Completed $250 Million Private Funding,Avalanche Foundation Completed $250 Million Private Funding,news,200,Indexable,2104,128,0,0,,,0,0,yes,delete,high,P1,no_signal
https://coincu.com/avalanche-foundation-completes-acquisition-lfg/,Avalanche Foundation Completes Acquisition of 1.97M AVAX From LFG,Avalanche Foundation Completes Acquisition of 1.97M AVAX From LFG,news,200,Indexable,2137,113,0,0,,,0,0,yes,delete,high,P1,no_signal
https://coincu.com/avalanche-foundation-offers-4-million/,Avalanche Foundation Offers $4 Million For Trading Platform GMX,Avalanche Foundation Offers $4 Million For Trading Platform GMX,news,200,Indexable,2031,118,0,0,,,0,0,yes,delete,high,P1,no_signal
https://coincu.com/avalanche-grant-program-launched/,Avalanche Grant Program Launched to Boost Developers With $40M,Avalanche Grant Program Launched to Boost Developers With $40M,news,200,Indexable,2080,131,0,0,,,0,0,yes,delete,high,P1,no_signal
https://coincu.com/avalanche-launches-new-subnet/,Layer 1 Avalanche Launches New Subnet To Strengthen Connects With Institutions,Layer 1 Avalanche Launches New Subnet To Strengthen Connects With Institutions,news,200,Indexable,2045,113,0,0,,,0,0,yes,delete,high,P1,no_signal
https://coincu.com/avalanche-meme-project-sender-plunges-70/,Avalanche MEME Project Sender Plunges 70% Amid Fundraising Account Deletion Suspicion!,Avalanche MEME Project Sender Plunges 70% Amid Fundraising Account Deletion Suspicion!,news,200,Indexable,2164,126,0,0,,,0,0,yes,delete,high,P1,no_signal
https://coincu.com/avalanche-memecoin-rush-1-million-program/,Avalanche Memecoin Rush Program Launched To Encourage Liquidity Mining With $1 Million Fund,Avalanche Memecoin Rush Program Launched To Encourage Liquidity Mining With $1 Million Fund,news,200,Indexable,2128,171,0,0,,,0,0,yes,delete,high,P1,no_signal
https://coincu.com/avalanche-network-gas-charges-exceed-4/,Avalanche Network Gas Charges Exceed $4.4 As AVAX Increases 400% In 2 Months,Avalanche Network Gas Charges Exceed $4.4 As AVAX Increases 400% In 2 Months,news,200,Indexable,1944,131,0,0,,,0,0,yes,delete,high,P1,no_signal
https://coincu.com/avalanche-new-blockchain-browser/,Avalanche New Blockchain Browser Will Be Avascan,Avalanche New Blockchain Browser Will Be Avascan,news,200,Indexable,1934,152,0,0,,,0,0,yes,delete,high,P1,no_signal
https://coincu.com/avalanche-partnership-with-alibaba-cloud/,Avalanche Blockchain Partnership With Alibaba Cloud,Avalanche Blockchain Partnership With Alibaba Cloud,news,200,Indexable,1986,168,0,0,,,0,0,yes,delete,high,P1,no_signal
https://coincu.com/avalanche-plays-bad/,Avalanche Plays Bad On Industry Competitors,Avalanche Plays Bad On Industry Competitors,news,200,Indexable,2467,158,0,0,,,0,0,yes,delete,high,P1,no_signal
https://coincu.com/avalanche-powering-smart-contracts/,Avalanche Powering Smart Contracts With Web2 APIs Using Chainlink Functions,Avalanche Powering Smart Contracts With Web2 APIs Using Chainlink Functions,news,200,Indexable,2134,62,0,0,,,0,0,yes,delete,high,P1,no_signal
https://coincu.com/avalanche-project-sener-suspected-of-vanishing/,Avalanche Project Sener Suspected of Vanishing Funds!,Avalanche Project Sener Suspected of Vanishing Funds!,news,200,Indexable,2116,148,0,0,,,0,0,yes,delete,high,P1,no_signal
https://coincu.com/avalanche-subnet-communicate-and-share-data/,Avalanche Subnets Now Can Communicate And Share Data,Avalanche Subnets Now Can Communicate And Share Data,news,200,Indexable,2150,201,0,0,,,0,0,yes,delete,high,P1,no_signal
https://coincu.com/avalanche-tests-11-42-potential-rebound/,Avalanche Price Tests $11.42 Support with Potential Rebound Towards $13.10+,Avalanche Price Tests $11.42 Support with Potential Rebound Towards $13.10+,news,200,Indexable,2172,125,0,0,,,0,0,yes,delete,high,P1,no_signal
https://coincu.com/avalanche-to-unlock-9-54-million-avax-worth-103/,"Avalanche To Unlock 9.54 Million AVAX, Worth $103M On August 26","Avalanche To Unlock 9.54 Million AVAX, Worth $103M On August 26",news,200,Indexable,2016,156,0,0,,,0,0,yes,delete,high,P1,no_signal
https://coincu.com/avalanche-unleashes-cortina-11-upgrade/,Avalanche Unleashes Cortina 11 Upgrade To Increase Performance,Avalanche Unleashes Cortina 11 Upgrade To Increase Performance,news,200,Indexable,1982,105,0,0,,,0,0,yes,delete,high,P1,no_signal
https://coincu.com/avalanche-web3-products/,Avalanche Web3 Products Are Implemented On FIDE,Avalanche Web3 Products Are Implemented On FIDE,news,200,Indexable,2084,157,0,0,,,0,0,yes,delete,high,P1,no_signal
https://coincu.com/avalanches-total-revenue-dropped-by-94/,Avalanche's Total Revenue Dropped By 94%,Avalanche’s Total Revenue Dropped By 94%,news,200,Indexable,1944,155,0,0,,,0,0,yes,delete,high,P1,no_signal
https://coincu.com/avatar-the-worlds-5th-largest-matic-whale/,"Avatar ""Multi-level"" Project Becomes The World's 5th Largest MATIC ""Whale""",Avatar “Multi-level” Project Becomes The World’s 5th Largest MATIC “Whale”,news,200,Indexable,1926,149,0,0,,,0,0,yes,delete,high,P1,no_signal
https://coincu.com/avax-and-matic-to-increase-as-chainlink/,AVAX And MATIC Predicted To Increase As Chainlink Offers Opportunity Of A Lifetime,AVAX And MATIC Predicted To Increase As Chainlink Offers Opportunity Of A Lifetime,news,200,Indexable,1977,175,0,0,,,0,0,yes,delete,high,P1,no_signal
https://coincu.com/avax-and-xlm-spike-robinhood-listing/,AVAX And XLM Spike After Robinhood Listing Announcement,AVAX And XLM Spike After Robinhood Listing Announcement,news,200,Indexable,1979,151,0,0,,,0,0,yes,delete,high,P1,no_signal
https://coincu.com/avax-at-27-84-bollinger-bands-hint-big/,AVAX at $27.84: Bollinger Bands Hint Big Move Ahead,AVAX at $27.84: Bollinger Bands Hint Big Move Ahead,news,200,Indexable,2138,128,0,0,,,0,0,yes,delete,high,P1,no_signal
https://coincu.com/avax-bounce-corrective-drop-8-35-support/,AVAX Bounce Appears Corrective With Potential Drop Toward the $8.35 Support Zone,AVAX Bounce Appears Corrective With Potential Drop Toward the $8.35 Support Zone,news,200,Indexable,2111,115,0,0,,,0,0,yes,delete,high,P1,no_signal
https://coincu.com/avax-breaks-resistance-targeting-15-5/,AVAX Breaks Resistance Level Clearing Pathway for Potential $15.5 Price Target,AVAX Breaks Resistance Level Clearing Pathway for Potential $15.5 Price Target,news,200,Indexable,2150,99,0,0,,,0,0,yes,delete,high,P1,no_signal
https://coincu.com/avax-eyes-28-support-level/,AVAX Eyes $28 Support Level as DeFi TVL Surpasses,AVAX Eyes $28 Support Level as DeFi TVL Surpasses to $2B Mark,news,200,Indexable,2155,121,0,0,,,0,0,yes,delete,high,P1,no_signal
https://coincu.com/avax-holds-above-12-support-target-26/,AVAX Holds Strong Above $12 Support as Bulls Target Potential Surge to $26 Range,AVAX Holds Strong Above $12 Support as Bulls Target Potential Surge to $26 Range,news,200,Indexable,2162,111,0,0,,,0,0,yes,delete,high,P1,no_signal
https://coincu.com/avax-holds-firm-above-support/,AVAX Holds Firm Above Support with Breakout Expected if Price Clears $15.7 Resistance,AVAX Holds Firm Above Support with Breakout Expected if Price Clears $15.7 Resistance,news,200,Indexable,2133,127,0,0,,,0,0,yes,delete,high,P1,no_signal
https://coincu.com/avax-holds-strong/,"AVAX Holds Strong, $50 Target in Sight Amid Altcoin Dip","AVAX Holds Strong, $50 Target in Sight Amid Altcoin Dip",news,200,Indexable,2180,120,0,0,,,0,0,yes,delete,high,P1,no_signal
https://coincu.com/avax-key-support-and-breakout-targets-302/,AVAX Faces Key Support with Breakout Targets Ranging to $302,AVAX Faces Key Support with Breakout Targets Ranging to $302,news,200,Indexable,2209,115,0,0,,,0,0,yes,delete,high,P1,no_signal
https://coincu.com/avax-long-positions-surge-to-920k-profit/,AVAX Long Positions Surge to $920K Profit as Price Targets $42 to $61 Surge,AVAX Long Positions Surge to $920K Profit as Price Targets $42 to $61 Surge,news,200,Indexable,2265,117,0,0,,,0,0,yes,delete,high,P1,no_signal
https://coincu.com/avax-price-breakout-double-bottom-fuels/,AVAX Price Breakout: Double-Bottom Fuels Bullish Targets Ahead,AVAX Price Breakout: Double-Bottom Fuels Bullish Targets Ahead,news,200,Indexable,2117,159,0,0,,,0,0,yes,delete,high,P1,no_signal
https://coincu.com/avax-price-nears-support-fvg-bounce-to-13-18/,AVAX Price Nears Support FVG and May Experience a Short-Term Bounce to $13.18,AVAX Price Nears Support FVG and May Experience a Short-Term Bounce to $13.18,news,200,Indexable,2121,92,0,0,,,0,0,yes,delete,high,P1,no_signal
https://coincu.com/avax-rebounds-to-golden-fib-next-breakout/,AVAX Rebounds to Golden Fib Zone: Could the Next Breakout Be Imminent?,AVAX Rebounds to Golden Fib Zone: Could the Next Breakout Be Imminent?,news,200,Indexable,2237,138,0,0,,,0,0,yes,delete,high,P1,no_signal
https://coincu.com/avax-soared-28-joins-amazon-web-services/,AVAX Soared 28% After Avalanche Joins With Amazon Web Services,AVAX Soared 28% After Avalanche Joins With Amazon Web Services,news,200,Indexable,2032,196,0,0,,,0,0,yes,delete,high,P1,no_signal
https://coincu.com/avax-surges-45-is-a-280-to-126-next/,"AVAX Surges 45%, Is a 280% Rally to $126 Next?","AVAX Surges 45%, Is a 280% Rally to $126 Next?",news,200,Indexable,2159,113,0,0,,,0,0,yes,delete,high,P1,no_signal
https://coincu.com/avoiding-common-pitfalls-in-crypto-trading/,Avoiding common pitfalls in crypto trading,Avoiding common pitfalls in crypto trading,news,200,Indexable,4021,122,0,0,,,0,0,yes,delete,high,P1,no_signal
https://coincu.com/axelar-integrates-with-arbitrum/,Cross-chain Interoperability Network Axelar Integrates With Arbitrum,Cross-chain Interoperability Network Axelar Integrates With Arbitrum,news,200,Indexable,1888,137,0,0,,,0,0,yes,delete,high,P1,no_signal
https://coincu.com/axelar-introduces-60-million/,Axelar Introduces $60 Million Startup Funding Program,Axelar Introduces $60 Million Startup Funding Program,news,200,Indexable,2124,150,0,0,,,0,0,yes,delete,high,P1,no_signal
https://coincu.com/axelar-to-provide-web3-solutions/,Axelar To Provide Web3 Solutions With Microsoft Azure,Axelar To Provide Web3 Solutions With Microsoft Azure,news,200,Indexable,2087,144,0,0,,,0,0,yes,delete,high,P1,no_signal
https://coincu.com/axie-infinity-allow-forge-avatar/,Axie Infinity Now Allow Users To Forge Unique And Customizable PFP Avatar,Axie Infinity Now Allow Users To Forge Unique And Customizable PFP Avatar,news,200,Indexable,2061,147,0,0,,,0,0,yes,delete,high,P1,no_signal
https://coincu.com/axie-infinity-developer-stake-axs/,Axie Infinity Developer Sky Mavis To Stake Over 11 Million AXS,Axie Infinity Developer Sky Mavis To Stake Over 11 Million AXS,news,200,Indexable,1982,194,0,0,,,0,0,yes,delete,high,P1,no_signal
https://coincu.com/axie-infinity-homeland-season-1-on-feb-22/,Axie Infinity Kicks Off Homeland Season 1 On Feb 22 With New ASX Rewards,Axie Infinity Kicks Off Homeland Season 1 On Feb 22 With New ASX Rewards,news,200,Indexable,1994,218,0,0,,,0,0,yes,delete,high,P1,no_signal
https://coincu.com/axie-infinity-hosts-world-championship/,Axie Infinity Hosts World Championship With $1 Million AXS Prize,Axie Infinity Hosts World Championship With $1 Million AXS Prize,news,200,Indexable,2137,152,0,0,,,0,0,yes,delete,high,P1,no_signal
https://coincu.com/axie-infinity-launched-on-app-store/,Big Boom: Axie Infinity Game Is Now Launched On the App Store,Big Boom: Axie Infinity Game Is Now Launched On the App Store,news,200,Indexable,2212,139,0,0,,,0,0,yes,delete,high,P1,no_signal
https://coincu.com/axie-infinity-launches-new-player-profile-module/,Axie Infinity Launches New Player Profile Module With Axie Hangouts Feature,Axie Infinity Launches New Player Profile Module With Axie Hangouts Feature,news,200,Indexable,2158,173,0,0,,,0,0,yes,delete,high,P1,no_signal
https://coincu.com/axie-infinity-launches-origins-2/,Axie Infinity Launches Origins Season 2 With Many Important Updates,Axie Infinity Launches Origins Season 2 With Many Important Updates,news,200,Indexable,2153,155,0,0,,,0,0,yes,delete,high,P1,no_signal
https://coincu.com/axie-infinity-new-updates-ronin-blockchain/,"Axie Infinity Developer New Updates: Ronin Blockchain Shift, Partners With 4 Studios","Axie Infinity Developer New Updates: Ronin Blockchain Shift, Partners With 4 Studios",news,200,Indexable,2169,211,0,0,,,0,0,yes,delete,high,P1,no_signal
https://coincu.com/axie-infinity-players-can-now-stake/,Axie Infinity Players Can Now Stake Their In-game Assets To Earn Rewards,Axie Infinity Players Can Now Stake Their In-game Assets To Earn Rewards,news,200,Indexable,2165,200,0,0,,,0,0,yes,delete,high,P1,no_signal
https://coincu.com/axie-infinity-removes-slp-on-classic-mode/,Axie Infinity Removes Token Rewards (SLP) On Classic Mode,Axie Infinity Removes Token Rewards (SLP) On Classic Mode,news,200,Indexable,1944,158,0,0,,,0,0,yes,delete,high,P1,no_signal
https://coincu.com/axie-infinitys-legacy-and-taitikos-future-the-evolution-of-blockchain-gaming-2/,Axie Infinity's Legacy and Taitiko's Future: The Evolution of Blockchain Gaming,Axie Infinity’s Legacy and Taitiko’s Future: The Evolution of Blockchain Gaming,news,200,Indexable,2180,220,0,0,,,0,0,yes,delete,high,P1,no_signal
https://coincu.com/axs-rises-40-before-64-million-token-unlock/,AXS Rises 40% Before $64 Million Token Unlock,AXS Rises 40% Before $64 Million Token Unlock,news,200,Indexable,2277,152,0,0,,,0,0,yes,delete,high,P1,no_signal
https://coincu.com/aztec-connect-live-on-mainnet/,Aztec Connect Is Officially Live On Mainnet,Aztec Connect Is Officially Live On Mainnet,news,200,Indexable,1934,156,0,0,,,0,0,yes,delete,high,P1,no_signal
https://coincu.com/aztec-hybrid-next-generation-of-zkrollup/,"Aztec Launches New Approach ""Hybrid"", The Next Generation Of zkRollup","Aztec Launches New Approach “Hybrid”, The Next Generation Of zkRollup",news,200,Indexable,2076,125,0,0,,,0,0,yes,delete,high,P1,no_signal
https://coincu.com/aztec-hybrid-zkrollup/,What's Remarkable About Aztec's Hybrid zkRollup?,What’s Remarkable About Aztec’s Hybrid zkRollup?,news,200,Indexable,3065,145,0,0,,,0,0,yes,delete,high,P1,no_signal
https://coincu.com/aztec-network-100m-series-b-funding/,Aztec Network Completed $100 Million Series B Funding,Aztec Network Completed $100 Million Series B Funding,news,200,Indexable,1975,157,0,0,,,0,0,yes,delete,high,P1,no_signal
https://coincu.com/aztec-sandbox-ignites-crypto-developer-scene/,Aztec Sandbox Ignites Crypto Developer Scene with Cutting-Edge Testnet,Aztec Sandbox Ignites Crypto Developer Scene with Cutting-Edge Testnet,news,200,Indexable,1950,59,0,0,,,0,0,yes,delete,high,P1,no_signal
https://coincu.com/azteco-completes-6-million-seed-round/,Bitcoin Voucher Provider Azteco Completes $6 Million Seed Round Led By Jack Dorsey,Bitcoin Voucher Provider Azteco Completes $6 Million Seed Round Led By Jack Dorsey,news,200,Indexable,2345,116,0,0,,,0,0,yes,delete,high,P1,no_signal
https://coincu.com/azuki-admits-failure-with-elementals-backlash/,"Azuki Admits Failure with ""Elementals"" Mint Amid Backlash",Azuki Admits Failure with “Elementals” Mint Amid Backlash,news,200,Indexable,2088,99,0,0,,,0,0,yes,delete,high,P1,no_signal
https://coincu.com/azuki-asks-fbi-to-investigate/,"Azuki Asks FBI To Investigate Social Account Theft, Users Should Be Wary Of Scams","Azuki Asks FBI To Investigate Social Account Theft, Users Should Be Wary Of Scams",news,200,Indexable,2208,108,0,0,,,0,0,yes,delete,high,P1,no_signal
https://coincu.com/azuki-elementals-crisis/,Where Does Azuki Elementals Crisis Come From? Is There A New Path?,Where Does Azuki Elementals Crisis Come From? Is There A New Path?,news,200,Indexable,3003,68,0,0,,,0,0,yes,delete,high,P1,no_signal
https://coincu.com/azuki-floor-price-crashes-below-5-eth-down-21/,"Azuki Floor Price Crashes Below 5 ETH, Down 21% in 7 Days","Azuki Floor Price Crashes Below 5 ETH, Down 21% in 7 Days",news,200,Indexable,2153,231,0,0,,,0,0,yes,delete,high,P1,no_signal
https://coincu.com/azuki-investor-to-own-nft-skateboard/,Azuki Investor Determined To Own NFT Skateboard,Azuki Investor Determined To Own NFT Skateboard,news,200,Indexable,1915,151,0,0,,,0,0,yes,delete,high,P1,no_signal
https://coincu.com/azuki-nft-closes-the-seris-a-in-on-30-mil/,Azuki NFT Creators Closes The Seris A In On $30 Million,Azuki NFT Creators Plans To Close The Seris A In On $30 Million,news,200,Indexable,2002,113,0,0,,,0,0,yes,delete,high,P1,no_signal
https://coincu.com/azuki-nft-floor-price-dropped-54-last-7-days/,"Azuki NFT Floor Price Deeply Dropped To 6.85 ETH, Down 54% Last 7 Days","Azuki NFT Floor Price Deeply Dropped To 6.85 ETH, Down 54% Last 7 Days",news,200,Indexable,1963,155,0,0,,,0,0,yes,delete,high,P1,no_signal
https://coincu.com/azuki-project-sells-eight-skateboards-ever/,Azuki NFT Project Sells The Eight Most Expensive Skateboards Ever,Azuki NFT Project Sells The Eight Most Expensive Skateboards Ever,news,200,Indexable,1936,158,0,0,,,0,0,yes,delete,high,P1,no_signal
https://coincu.com/azukidaos-lawsuit-zagabond-founder/,"AzukiDAO's Lawsuit With Founder Zagabond To Recover 20,000 ETH Get Support","AzukiDAO’s Lawsuit With Founder Zagabond To Recover 20,000 ETH Get Support",news,200,Indexable,2157,140,0,0,,,0,0,yes,delete,high,P1,no_signal
https://coincu.com/azukis-social-account-hackers/,Azuki's Social Account Hackers Transferred 618 ETH To Tornado Cash,Azuki’s Social Account Hackers Transferred 618 ETH To Tornado Cash,news,200,Indexable,2162,158,0,0,,,0,0,yes,delete,high,P1,no_signal
https://coincu.com/b-hodl-plc-launch-bitcoin/,B HODL Plc Launches on Aquis for Bitcoin Accumulation,B HODL Plc Launches on Aquis for Bitcoin Accumulation,news,200,Indexable,2217,116,0,0,,,0,0,yes,delete,high,P1,no_signal
https://coincu.com/babel-finance-3-month-creditor-protection/,Crypto Lender Babel Finance Gets 3-Month Creditor Protection Extension,Crypto Lender Babel Finance Gets 3-Month Creditor Protection Extension,news,200,Indexable,2133,232,0,0,,,0,0,yes,delete,high,P1,no_signal
https://coincu.com/babel-finance-creditor-protection-paused/,Babel Finance Financial Creditor Protection Extension Request Paused - Coincu - Latest Cryptocurrency News and Analysis 1,Babel Finance Financial Creditor Protection Extension Request Paused,news,200,Indexable,2118,225,0,0,,,0,0,yes,delete,high,P1,no_signal
https://coincu.com/babel-finance-lost-280m-proprietary-trading/,Babel Finance Lost Over $280M In Proprietary Trading,Babel Finance Lost Over $280M In Proprietary Trading,news,200,Indexable,2176,153,0,0,,,0,0,yes,delete,high,P1,no_signal
https://coincu.com/babel-finance-stablecoins-766-million-debt/,Babel Finance Plans To Launch Stablecoins To Offset A $766 Million Debt,Babel Finance Plans To Launch Stablecoins To Offset A $766 Million Debt,news,200,Indexable,2168,157,0,0,,,0,0,yes,delete,high,P1,no_signal
https://coincu.com/babel-finance-to-issue-iou-tokens/,Babel Finance To Issue IOU Tokens As Collateral For Debt $280 Million,Babel Finance To Issue IOU Tokens As Collateral For Debt $280 Million,news,200,Indexable,2180,156,0,0,,,0,0,yes,delete,high,P1,no_signal
https://coincu.com/baby-doge-coin-increases-102-in-one-week/,Baby Doge Coin (BabyDoge) Increases 102% In One Week,Baby Doge Coin (BabyDoge) Increases 102% In One Week,news,200,Indexable,2027,222,0,0,,,0,0,yes,delete,high,P1,no_signal
https://coincu.com/baby-doge-introduces-new-feature/,Baby Doge Introduces New Feature To Estimate The Number Of Tokens To Be Burned,Baby Doge Introduces New Feature To Estimate The Number Of Tokens To Be Burned,news,200,Indexable,1779,157,0,0,,,0,0,yes,delete,high,P1,no_signal
https://coincu.com/baby-shark-have-released-their-second-nft/,Creators Of Baby Shark Have Released Their Second NFT,Creators Of Baby Shark Have Released Their Second NFT,news,200,Indexable,1979,154,0,0,,,0,0,yes,delete,high,P1,no_signal
https://coincu.com/babydoge-burn-innovation-will-launch/,BabyDoge Burn Innovation Will Launch Within The Next 24 Hours,BabyDoge Burn Innovation Will Launch Within The Next 24 Hours,news,200,Indexable,2019,237,0,0,,,0,0,yes,delete,high,P1,no_signal
https://coincu.com/babydoge-burns-one-quadrillion-tokens/,"BABYDOGE Burns One Quadrillion Tokens, Setting New Supply Milestone","BABYDOGE Burns One Quadrillion Tokens, Setting New Supply Milestone",news,200,Indexable,1972,337,0,0,,,0,0,yes,delete,high,P1,no_signal
https://coincu.com/babydoge-burns-reduce-shib-burns-record-46x/,BabyDoge Burns Reduce SHIB Burns By Record 46x As BabyDoge Follows the Plan,BabyDoge Burns Reduce SHIB Burns By Record 46x As BabyDoge Follows the Plan,news,200,Indexable,1841,158,0,0,,,0,0,yes,delete,high,P1,no_signal
https://coincu.com/babydoge-testnet-launch-less-than-24-hours/,BabyDoge Testnet Launch Is In Less Than 24 Hours,BabyDoge Testnet Launch Is In Less Than 24 Hours,news,200,Indexable,1946,157,0,0,,,0,0,yes,delete,high,P1,no_signal
https://coincu.com/babydoge-use-fees-burn-tokens/,BabyDoge Will Use Transaction Fees To Burn Tokens,BabyDoge Will Use Transaction Fees To Burn Tokens,news,200,Indexable,1880,157,0,0,,,0,0,yes,delete,high,P1,no_signal
https://coincu.com/babylon-chose-to-launch-binances-14th-project/,Why Babylon Chose to Launch as Binance’s 14th Project,How Babylon Chose to Launch as Binance’s 14th Project,news,200,Indexable,2560,166,0,0,,,0,0,yes,delete,high,P1,no_signal
https://coincu.com/babylon-largest-bitcoin-investment-70m-funding/,Babylon Seals Largest Bitcoin Investment In Recent History With $70M Funding,Babylon Seals Largest Bitcoin Investment In Recent History With $70M Funding,news,200,Indexable,2165,161,0,0,,,0,0,yes,delete,high,P1,no_signal
https://coincu.com/babylon-mainnet-launches-bitcoin-staking/,Babylon Mainnet Set to Transform BTC Staking with Self-Custody Features,Babylon Mainnet Set to Transform BTC Staking with Self-Custody Features,news,200,Indexable,2001,164,0,0,,,0,0,yes,delete,high,P1,no_signal
https://coincu.com/babylon-phase-2-testnet-launch-set-for-january-8/,"Babylon Phase 2 Testnet Launch Set for January 8, 2025","Babylon Phase 2 Testnet Launch Set for January 8, 2025",news,200,Indexable,2140,103,0,0,,,0,0,yes,delete,high,P1,no_signal
https://coincu.com/babylon-x-account-was-hacked/,Babylon X Account Was Hacked and Posted Scam Links,Babylon X Account Was Hacked and Posted Scam Links,news,200,Indexable,2034,91,0,0,,,0,0,yes,delete,high,P1,no_signal
https://coincu.com/babylons-nft-connects-users-to-web3/,Babylon's NFT Platform Connects Millions Of Web2 Users To Web3,Babylon’s NFT Platform Connects Millions Of Web2 Users To Web3,news,200,Indexable,2059,135,0,0,,,0,0,yes,delete,high,P1,no_signal
https://coincu.com/backpack-crypto-exchange-resumes-operations/,Backpack Crypto Exchange Resumes Normal Operations After Brief Trading Suspension!,Backpack Crypto Exchange Resumes Normal Operations After Brief Trading Suspension!,news,200,Indexable,2154,85,0,0,,,0,0,yes,delete,high,P1,no_signal
https://coincu.com/backpack-exchange-ftx-europe-acquisition-in-2025/,Backpack Exchange Restores Trust With FTX Europe Acquisition in 2025,Backpack Exchange Restores Trust With FTX Europe Acquisition in 2025,news,200,Indexable,2128,138,0,0,,,0,0,yes,delete,high,P1,no_signal
https://coincu.com/backpack-launches-fee-free-ftx-claims-channel/,Backpack Launches Fee-Free FTX Claims Channel and Expands Recovery Access for Creditors,Backpack Launches Fee-Free FTX Claims Channel and Expands Recovery Access for Creditors,news,200,Indexable,2041,138,0,0,,,0,0,yes,delete,high,P1,no_signal
https://coincu.com/backwoods-beta-version-new-quests-and-challenges-await/,Backwoods Beta Version: New Quests and Challenges Await!,Backwoods Beta Version: New Quests and Challenges Await!,news,200,Indexable,2518,110,0,0,,,0,0,yes,delete,high,P1,no_signal
https://coincu.com/bafin-warns-400-crypto-and-banking-apps/,BaFin Warns 400 Crypto And banking Apps Targeted By Godfather Malware,BaFin Warns 400 Crypto And Banking Apps Targeted By Godfather Malware,news,200,Indexable,2210,168,0,0,,,0,0,yes,delete,high,P1,no_signal
https://coincu.com/bafin-warns-rtcoin-unrecognized-in-germany/,BaFin Warns Rtcoin Is Unrecognized Crypto Exchange In Germany,BaFin Warns Rtcoin Is Unrecognized Crypto Exchange In Germany,news,200,Indexable,1989,164,0,0,,,0,0,yes,delete,high,P1,no_signal
https://coincu.com/bahamas-after-the-collapse-of-ftx/,Bahamas After The Collapse Of FTX,Bahamas After The Collapse Of FTX,news,200,Indexable,1916,156,0,0,,,0,0,yes,delete,high,P1,no_signal
https://coincu.com/bahamas-approved-liquidators-for-ftx/,Bahamas Approved Two Provisional Liquidators For FTX,Bahamas Approved Two Provisional Liquidators For FTX,news,200,Indexable,1925,166,0,0,,,0,0,yes,delete,high,P1,no_signal
https://coincu.com/bahamas-attorney-general-ftx-remains-the-subject-of-an-active-investigation/,Bahamas Attorney General: FTX Remains The Subject Of “An Active Investigation”,Bahamas Attorney General: FTX Remains The Subject Of “An Active Investigation”,news,200,Indexable,2119,123,0,0,,,0,0,yes,delete,high,P1,no_signal
https://coincu.com/bahamas-denies-cooperation-with-sbf/,Bahamas Denies Allegations Of Cooperation With SBF During FTX Bankruptcy,Bahamas Denies Allegations Of Cooperation With SBF During FTX Bankruptcy,news,200,Indexable,2014,154,0,0,,,0,0,yes,delete,high,P1,no_signal
https://coincu.com/bahamas-freezes-ftx-assets/,"Bahamas Freezes FTX Assets, Looking For Liquidators","Bahamas Freezes FTX Assets, Looking For Liquidators",news,200,Indexable,1966,95,0,0,,,0,0,yes,delete,high,P1,no_signal
https://coincu.com/bahamas-government-asked-sbf-mint-tokens/,Bahamas Government Asked SBF To Mint $100 Millions As New Tokens When FTX Collapsed,Bahamas Government Asked SBF To Mint $100 Millions As New Tokens When FTX Collapsed,news,200,Indexable,2042,147,0,0,,,0,0,yes,delete,high,P1,no_signal
https://coincu.com/bahamas-liquidators-ftx-debtors-together/,Bahamas Liquidators And FTX Debtors Now Agree To Work Together,Bahamas Liquidators And FTX Debtors Now Agree To Work Together,news,200,Indexable,2104,265,0,0,,,0,0,yes,delete,high,P1,no_signal
https://coincu.com/bahamas-new-bill-to-tighten-crypto/,Bahamas Introduces New Bill To Tighten Crypto Regulation After FTX Crash,Bahamas Introduces New Bill To Tighten Crypto Regulation After FTX Crash,news,200,Indexable,2266,119,0,0,,,0,0,yes,delete,high,P1,no_signal
https://coincu.com/bahamas-penthouse-of-ftx-founder-set-sale-at-30m/,Luxury Bahamas Penthouse Of FTX Founder Set For Sale At $30M,Luxury Bahamas Penthouse Of FTX Founder Set For Sale At $30M,news,200,Indexable,2093,195,0,0,,,0,0,yes,delete,high,P1,no_signal
https://coincu.com/bahamas-police-ftx-investigation/,Bahamas Police Officially Participated In FTX Investigation,Bahamas Police Officially Participated In FTX Investigation,news,200,Indexable,1969,269,0,0,,,0,0,yes,delete,high,P1,no_signal
https://coincu.com/bahamas-regulators-look-client-withdrawals/,Bahamas Regulators Look Into FTX Client Withdrawals,Bahamas Regulators Look Into FTX Client Withdrawals,news,200,Indexable,1963,203,0,0,,,0,0,yes,delete,high,P1,no_signal
https://coincu.com/bahamas-rejects-ftxs-allegations/,Bahamas Securities Commission Rejects FTX's Allegations Of Unauthorized Access,Bahamas Securities Commission Rejects FTX’s Allegations Of Unauthorized Access,news,200,Indexable,1961,229,0,0,,,0,0,yes,delete,high,P1,no_signal
https://coincu.com/bahamas-scb-said-new-ftx-ceo/,Bahamas SCB Said New FTX CEO's Latest Statements On Its Actions Were “Unfounded”,Bahamas SCB Said New FTX CEO’s Latest Statements On Its Actions Were “Unfounded”,news,200,Indexable,2219,274,0,0,,,0,0,yes,delete,high,P1,no_signal
https://coincu.com/bahrain-central-bank-bitcoin-payment-system/,Bahrain Central Bank Plans To Launch Bitcoin Payment System,Bahrain Central Bank Plans To Launch Bitcoin Payment System,news,200,Indexable,2136,163,0,0,,,0,0,yes,delete,high,P1,no_signal
https://coincu.com/bahrain-telecom-operator-accepts-crypto/,Bahrain Telecom Operator Accepts Crypto Payments For the First Time,Bahrain Telecom Operator Accepts Crypto Payments For the First Time,news,200,Indexable,1982,156,0,0,,,0,0,yes,delete,high,P1,no_signal
https://coincu.com/bailout-silicon-valley-bank-us-treasury/,"No Bailout For Silicon Valley Bank, US Treasury Secretary Now Promises Assistance","No Bailout For Silicon Valley Bank, US Treasury Secretary Now Promises Assistance",news,200,Indexable,2109,273,0,0,,,0,0,yes,delete,high,P1,no_signal
https://coincu.com/bakkt-acquires-apex-crypto/,Digital Asset Platform Bakkt Acquires Apex Crypto,Digital Asset Platform Bakkt Acquires Apex Crypto,news,200,Indexable,2053,153,0,0,,,0,0,yes,delete,high,P1,no_signal
https://coincu.com/bakkt-and-sullivan-bank-team-crypto-trading/,Bakkt And Sullivan Bank Team Up To Offer Clients Crypto Trading,Bakkt And Sullivan Bank Team Up To Offer Clients Crypto Trading,news,200,Indexable,2090,155,0,0,,,0,0,yes,delete,high,P1,no_signal
https://coincu.com/bakkt-delists-25-tokens-including-aave-link/,"Bakkt Delists 25 Tokens, Including AAVE, LINK, And UNI Amid Regulatory Changes","Bakkt Delists 25 Tokens, Including AAVE, LINK, And UNI Amid Regulatory Changes",news,200,Indexable,2143,232,0,0,,,0,0,yes,delete,high,P1,no_signal
https://coincu.com/bakkt-operations-still-confidently-confirmed/,Bakkt Operations Still Confidently Confirmed To Continue Against Previous Concerns,Bakkt Operations Still Confidently Confirmed To Continue Against Previous Concerns,news,200,Indexable,2101,150,0,0,,,0,0,yes,delete,high,P1,no_signal
https://coincu.com/bakkt-reports-q3-net-revenue/,Bakkt Reports Q3 Net Revenue Of $12.9 Million,Bakkt Reports Q3 Net Revenue Of $12.9 Million,news,200,Indexable,1935,132,0,0,,,0,0,yes,delete,high,P1,no_signal
https://coincu.com/bakkt-retires-its-crypto-app-for-consumers/,Bakkt Retires Its Crypto App For Consumers In Order To Concentrate On B2B Solutions,Bakkt Retires Its Crypto App For Consumers In Order To Concentrate On B2B Solutions,news,200,Indexable,2222,112,0,0,,,0,0,yes,delete,high,P1,no_signal
https://coincu.com/bakkt-saw-operating-expenses-increase/,Bakkt Saw Operating Expenses Increase 300% In Q4 Results,Bakkt Saw Operating Expenses Increase 300% In Q4 Results,news,200,Indexable,2127,163,0,0,,,0,0,yes,delete,high,P1,no_signal
https://coincu.com/bakkt-significant-loss-in-q3/,Digital Asset Custody Company Bakkt Announces Significant Loss In Q3,Digital Asset Custody Company Bakkt Announces Significant Loss In Q3,news,200,Indexable,1958,158,0,0,,,0,0,yes,delete,high,P1,no_signal
https://coincu.com/bakkts-global-growth-3-promising-crypto-markets/,Bakkt's Ambitious Plans For Global Growth In 3 Promising Crypto Markets,Bakkt’s Ambitious Plans For Global Growth In 3 Promising Crypto Markets,news,200,Indexable,2102,106,0,0,,,0,0,yes,delete,high,P1,no_signal
https://coincu.com/balaji-bets-1-million-bitcoin-worth-1-mil/,Balaji Bets $1 Million That Bitcoin Will Be Worth $1 Million In 90 Days,Balaji Bets $1 Million That Bitcoin Will Be Worth $1 Million In 90 Days,news,200,Indexable,2187,307,0,0,,,0,0,yes,delete,high,P1,no_signal
https://coincu.com/balaji-srinivasan-net-worth/,Balaji Srinivasan Net Worth: Analyzing the Crypto Pioneer's Wealth,Balaji Srinivasan Net Worth: Analyzing the Crypto Pioneer’s Wealth,news,200,Indexable,3716,169,0,0,,,0,0,yes,delete,high,P1,no_signal
https://coincu.com/balaji-srinivasan-the-genius-investor/,Balaji Srinivasan: The Genius Investor With The Most Shots In The Encryption Field,Balaji Srinivasan: The Genius Investor With The Most Shots In The Encryption Field,news,200,Indexable,4194,158,0,0,,,0,0,yes,delete,high,P1,no_signal
https://coincu.com/balaji-srinivasans-warning-on-memecoin-crash/,Balaji Srinivasan's Warning On Memecoin Crash Risks,Balaji Srinivasan’s Warning On Memecoin Crash Risks,news,200,Indexable,2094,157,0,0,,,0,0,yes,delete,high,P1,no_signal
https://coincu.com/balancer-alerts-6-3-million-funds-at-risk/,"Balancer Alerts $6.3 Million Funds At Risk, LPs Of 5 Pools To Remove Liquidity","Balancer Alerts $6.3 Million Funds At Risk, LPs Of 5 Pools To Remove Liquidity",news,200,Indexable,2122,152,0,0,,,0,0,yes,delete,high,P1,no_signal
https://coincu.com/balancer-attackers-now-accrues-2-1-million/,Balancer Attackers Now Accrues $2.1 Million In Profits,Balancer Attackers Now Accrues $2.1 Million In Profits,news,200,Indexable,1981,157,0,0,,,0,0,yes,delete,high,P1,no_signal
https://coincu.com/balancer-frontend-attack-security-fund-losses/,"Balancer Frontend Attack: Security Alert And Fund Losses, Stay Informed","Balancer Frontend Attack: Security Alert And Fund Losses, Stay Informed",news,200,Indexable,1996,139,0,0,,,0,0,yes,delete,high,P1,no_signal
https://coincu.com/balancer-hopes-to-self-trade-arbitrage/,"Balancer Hopes To Self-trade Arbitrage To Rescue $300,000 In Frozen Crypto","Balancer Hopes To Self-trade Arbitrage To Rescue $300,000 In Frozen Crypto",news,200,Indexable,2236,83,0,0,,,0,0,yes,delete,high,P1,no_signal
https://coincu.com/balancer-now-officially-deployed-on-avalanche/,Balancer Now Officially Deployed On Avalanche To Expand LST Liquidity,Balancer Now Officially Deployed On Avalanche To Expand LST Liquidity,news,200,Indexable,2217,144,0,0,,,0,0,yes,delete,high,P1,no_signal
https://coincu.com/balancer-safeguards-funds/,Balancer Safeguards Funds Amid Critical Vulnerability,Balancer Safeguards Funds Amid Critical Vulnerability,news,200,Indexable,2119,169,0,0,,,0,0,yes,delete,high,P1,no_signal
https://coincu.com/balancer-v3-to-be-launched-in-early-q2-2024/,Balancer V3 To Be Launched In Early Q2 2024,Balancer V3 To Be Launched In Early Q2 2024,news,200,Indexable,2056,143,0,0,,,0,0,yes,delete,high,P1,no_signal
https://coincu.com/balancer-v3-upgrade-launched/,Balancer V3 Upgrade Launched With Many New Features,Balancer V3 Upgrade Launched With Many New Features,news,200,Indexable,2069,100,0,0,,,0,0,yes,delete,high,P1,no_signal
https://coincu.com/balancers-0-42-tvl-remains-vulnerable/,"Balancer's 0.42% TVL Remains Vulnerable, Act Promptly!","Balancer’s 0.42% TVL Remains Vulnerable, Act Promptly!",news,200,Indexable,2105,85,0,0,,,0,0,yes,delete,high,P1,no_signal
https://coincu.com/balancers-8020-initiative-defi-liquidity/,Balancer's Game-Changing 8020 Initiative Tackles DeFi Liquidity Challenges,Balancer’s Game-Changing 8020 Initiative Tackles DeFi Liquidity Challenges,news,200,Indexable,2052,120,0,0,,,0,0,yes,delete,high,P1,no_signal
https://coincu.com/balancers-losses-exceeded-2-1-million/,"Balancer’s Losses Exceeded $2.1 Million, Multiple On-chain Fund Pools Were Affected","Balancer’s Losses Exceeded $2.1 Million, Multiple On-chain Fund Pools Were Affected",news,200,Indexable,2123,141,0,0,,,0,0,yes,delete,high,P1,no_signal
https://coincu.com/bald-deployer-closely-linked-alameda/,Analyst Nansen: Address Of BALD Deployer Closely Linked To Alameda Collapse,Analyst Nansen: Address Of BALD Deployer Closely Linked To Alameda Collapse,news,200,Indexable,2248,124,0,0,,,0,0,yes,delete,high,P1,no_signal
https://coincu.com/bald-leading-memecoin-on-base-160-gain-in-24h/,BALD Leading Trend Memecoin On Layer 2 Base With 160% Gain In 24H,BALD Leading Trend Memecoin On Layer 2 Base With 160% Gain In 24H,news,200,Indexable,1994,127,0,0,,,0,0,yes,delete,high,P1,no_signal
https://coincu.com/bali-governor-ban-crypto-fines-up-to-1-4/,Bali Governor Ban Crypto Payment: Fines Up To $1.4M And Imprisonment Violators,Bali Governor Ban Crypto Payment: Fines Up To $1.4M And Imprisonment Violators,news,200,Indexable,2083,146,0,0,,,0,0,yes,delete,high,P1,no_signal
https://coincu.com/banana-gun-hack-costs-users-nearly-2m/,Banana Gun Hack Costs Users Nearly $2M,Banana Gun Hack Costs Users Nearly $2M,news,200,Indexable,2119,118,0,0,,,0,0,yes,delete,high,P1,no_signal
https://coincu.com/banca-sella-bitcoin-service-available-to-users/,Banca Sella Bitcoin Service Is Now Available To Users,Banca Sella Bitcoin Service Is Now Available To Users,news,200,Indexable,2089,124,0,0,,,0,0,yes,delete,high,P1,no_signal
https://coincu.com/bancor-with-liquidity-difficulties/,Bancor With Liquidity Difficulties,Bancor With Liquidity Difficulties,news,200,Indexable,2059,158,0,0,,,0,0,yes,delete,high,P1,no_signal
https://coincu.com/band-protocol-arbitrum-forces-to-decentralized/,Band Protocol And Arbitrum Now Join Forces To Empower Decentralized Applications,Band Protocol And Arbitrum Now Join Forces To Empower Decentralized Applications,news,200,Indexable,2050,170,0,0,,,0,0,yes,delete,high,P1,no_signal
https://coincu.com/band-protocol-to-deploy-on-sei/,Decentralized Oracle Band Protocol To Deploy On Sei,Decentralized Oracle Band Protocol To Deploy On Sei,news,200,Indexable,2022,149,0,0,,,0,0,yes,delete,high,P1,no_signal
https://coincu.com/bank-england-stablecoin-limits-exemption/,Bank of England Revises Stablecoin Limits Amid Industry Pressure,Bank of England Revises Stablecoin Limits Amid Industry Pressure,news,200,Indexable,2120,147,0,0,,,0,0,yes,delete,high,P1,no_signal
https://coincu.com/bank-for-international-settlements-cop28-uae/,Bank For International Settlements Advocates Blockchain-Driven Sustainability At COP28 UAE TechSprint,Bank For International Settlements Advocates Blockchain-Driven Sustainability At COP28 UAE TechSprint,news,200,Indexable,2055,218,0,0,,,0,0,yes,delete,high,P1,no_signal
https://coincu.com/bank-for-international-settlements-crypto/,Bank For International Settlements (BIS) Advocates Smart Crypto Regulation Over Total Ban,Bank For International Settlements (BIS) Advocates Smart Crypto Regulation Over Total Ban,news,200,Indexable,2061,169,0,0,,,0,0,yes,delete,high,P1,no_signal
https://coincu.com/bank-japan-interest-rate-increase/,Bank of Japan Set for Interest Rate Increase,Bank of Japan Set for Interest Rate Increase,news,200,Indexable,2105,78,0,0,,,0,0,yes,delete,high,P1,no_signal
https://coincu.com/bank-of-america-ceo-predicts-mild-recession/,Bank Of America CEO Predicts Mild Recession In The US Economy,Bank Of America CEO Predicts Mild Recession In The US Economy,news,200,Indexable,2111,170,0,0,,,0,0,yes,delete,high,P1,no_signal
https://coincu.com/bank-of-america-crypto-market/,Bank Of America Highlights Regulatory Uncertainty Impacting Crypto Market,Bank Of America Highlights Regulatory Uncertainty Impacting Crypto Market,news,200,Indexable,2108,183,0,0,,,0,0,yes,delete,high,P1,no_signal
https://coincu.com/bank-of-america-downgrades-coinbase/,Bank Of America Downgrades Coinbase To Neutral,Bank Of America Downgrades Coinbase To Neutral,news,200,Indexable,1976,154,0,0,,,0,0,yes,delete,high,P1,no_signal
https://coincu.com/bank-of-america-downgrades-meta/,Bank of America Downgrades Meta To Neutral From Buy With Metaverse Concerns,Bank of America Downgrades Meta To Neutral From Buy With Metaverse Concerns,news,200,Indexable,1872,154,0,0,,,0,0,yes,delete,high,P1,no_signal
https://coincu.com/bank-of-america-faces-trademark-battle/,Bank of America Looks Like Facing A Trademark Battle,Bank of America Looks Like Facing A Trademark Battle,news,200,Indexable,2194,163,0,0,,,0,0,yes,delete,high,P1,no_signal
https://coincu.com/bank-of-america-is-hiring-crypto-analysts/,Bank Of America Is Hiring Crypto Public Policy Analysts,Bank Of America Is Hiring Crypto Public Policy Analysts,news,200,Indexable,1998,259,0,0,,,0,0,yes,delete,high,P1,no_signal
https://coincu.com/bank-of-america-loses-half-crypto-users/,Bank of America Loses Half Of Its Active Cryptocurrency Users,Bank of America Loses Half Of Its Active Cryptocurrency Users,news,200,Indexable,2086,150,0,0,,,0,0,yes,delete,high,P1,no_signal
https://coincu.com/bank-of-america-signals-interest-in-stablecoin/,Bank of America Signals Interest in Stablecoin Launch Pending Regulatory Approval,Bank of America Signals Interest in Stablecoin Launch Pending Regulatory Approval,news,200,Indexable,2301,122,0,0,,,0,0,yes,delete,high,P1,no_signal
https://coincu.com/bank-of-america-survey/,Bank of America Survey: Young Wealthy Americans Prefer Crypto To Stocks,Bank of America Survey: Young Wealthy Americans Prefer Crypto To Stocks,news,200,Indexable,2068,157,0,0,,,0,0,yes,delete,high,P1,no_signal
https://coincu.com/bank-of-americacrypto-investors/,Why Bank of America is the Go-To For Institutional Crypto Investors?,Why Bank of America is the Go-To For Institutional Crypto Investors?,news,200,Indexable,2146,152,0,0,,,0,0,yes,delete,high,P1,no_signal
https://coincu.com/bank-of-canada-analysis-retail-cbdc/,Bank of Canada Reveals Analysis Of Retail CBDC,Bank of Canada Reveals Analysis Of Retail CBDC,news,200,Indexable,2058,284,0,0,,,0,0,yes,delete,high,P1,no_signal
https://coincu.com/bank-of-canada-cbdc-adoption/,Bank of Canada's Report Sparks Fresh Insights into CBDC Adoption,Bank of Canada’s Report Sparks Fresh Insights into CBDC Adoption,news,200,Indexable,2123,100,0,0,,,0,0,yes,delete,high,P1,no_signal
https://coincu.com/bank-of-canada-indicates-regulatory/,Bank Of Canada Indicates Regulatory Necessity For Stablecoins,Bank Of Canada Indicates Regulatory Necessity For Stablecoins,news,200,Indexable,2177,152,0,0,,,0,0,yes,delete,high,P1,no_signal
https://coincu.com/bank-of-canada-pause-in-the-rate-hike-cycle/,Bank Of Canada Indicates Pause In The Rate-Hike Cycle,Bank Of Canada Indicates Pause In The Rate-Hike Cycle,news,200,Indexable,2130,155,0,0,,,0,0,yes,delete,high,P1,no_signal
https://coincu.com/bank-of-canadas-research/,Bank of Canada's Research Shows Bitcoin Is Still Considered A Long-Term Investment,Bank of Canada’s Research Shows Bitcoin Is Still Considered A Long-Term Investment,news,200,Indexable,2130,177,0,0,,,0,0,yes,delete,high,P1,no_signal
https://coincu.com/bank-of-china-trials-offline-payment-system/,Bank of China Launches Offline Payment System for Digital Yuan via SIM Cards,Bank of China Launches Offline Payment System for Digital Yuan via SIM Cards,news,200,Indexable,2201,223,0,0,,,0,0,yes,delete,high,P1,no_signal
https://coincu.com/bank-of-england-advisor-says-defi/,Bank Of England Advisor Says DeFi Needs To Be Under Control,Bank Of England Advisor Says DeFi Needs To Be Under Control,news,200,Indexable,2264,198,0,0,,,0,0,yes,delete,high,P1,no_signal
https://coincu.com/bank-of-england-dismisses-digital-pound/,Why Bank of England Dismisses Using Digital Pound Like Cash?,Why Bank of England Dismisses Using Digital Pound Like Cash?,news,200,Indexable,2153,156,0,0,,,0,0,yes,delete,high,P1,no_signal
https://coincu.com/bank-of-england-enhanced-framework/,"The Bank of England Has Called For ""Enhanced"" Crypto Regulatory Framework.",The Bank of England Has Called For “Enhanced” Crypto Regulatory Framework.,news,200,Indexable,2072,89,0,0,,,0,0,yes,delete,high,P1,no_signal
https://coincu.com/bank-of-england-lags-behind-on-cbdc-tech/,Bank of England Lags Behind on CBDC Tech: Threatening Future Financial System,Bank of England Lags Behind on CBDC Tech: Threatening Future Financial System,news,200,Indexable,2114,258,0,0,,,0,0,yes,delete,high,P1,no_signal
https://coincu.com/bank-of-england-overhaul-deposit-guarantee/,Bank Of England Overhaul Deposit Guarantee Program After SVB's Collapse,Bank Of England Overhaul Deposit Guarantee Program After SVB’s Collapse,news,200,Indexable,2071,125,0,0,,,0,0,yes,delete,high,P1,no_signal
https://coincu.com/bank-of-england-proposes-digital-pound-as/,Bank Of England Proposes Digital Pound As A New Form Of Money And Payments In 2025,Bank Of England Proposes Digital Pound As A New Form Of Money And Payments In 2025,news,200,Indexable,2198,177,0,0,,,0,0,yes,delete,high,P1,no_signal
https://coincu.com/bank-of-england-proposes-new-rules/,Bank of England Proposes New Rules for Systemic Stablecoins,Bank of England Proposes New Rules for Systemic Stablecoins,news,200,Indexable,2055,168,0,0,,,0,0,yes,delete,high,P1,no_signal
https://coincu.com/bank-of-england-says-blockchain/,The Bank of England Says That It Is Undesirable To Deploy Blockchain In All Markets,The Bank of England Says That It Is Undesirable To Deploy Blockchain In All Markets,news,200,Indexable,2140,290,0,0,,,0,0,yes,delete,high,P1,no_signal
https://coincu.com/bank-of-england-stablecoin-concerns/,Bank of England's Bailey Issues Stablecoin Warning Amid Regulatory Concerns,Bank of England’s Bailey Issues Stablecoin Warning Amid Regulatory Concerns,news,200,Indexable,2204,146,0,0,,,0,0,yes,delete,high,P1,no_signal
https://coincu.com/bank-of-england-successfully-tests-dlt/,Bank of England Successfully Tests DLT To Settle Transactions In Central Bank Money,Bank of England Successfully Tests DLT To Settle Transactions In Central Bank Money,news,200,Indexable,2184,173,0,0,,,0,0,yes,delete,high,P1,no_signal
https://coincu.com/bank-of-england-to-build-a-cbdc/,Bank of England Determined To Build A CBDC With A Team Of 30 People,Bank of England Determined To Build A CBDC With A Team Of 30 People,news,200,Indexable,2183,118,0,0,,,0,0,yes,delete,high,P1,no_signal
https://coincu.com/bank-of-finland-says-cbdc/,Bank Of Finland Says CBDC Creates Better Payment Facilitation For Users,Bank Of Finland Says CBDC Creates Better Payment Facilitation For Users,news,200,Indexable,2096,155,0,0,,,0,0,yes,delete,high,P1,no_signal
https://coincu.com/bank-of-france-cbdc-cross-border-payments/,Bank Of France Finds Wholesale CBDC Improves Cross-Border Payments,Bank Of France Finds Wholesale CBDC Improves Cross-Border Payments,news,200,Indexable,2065,154,0,0,,,0,0,yes,delete,high,P1,no_signal
https://coincu.com/bank-of-indonesia-cbdc/,Bank of Indonesia Announces CBDC Development Plan,Bank of Indonesia Announces CBDC Development Plan,news,200,Indexable,2001,147,0,0,,,0,0,yes,delete,high,P1,no_signal
https://coincu.com/bank-of-israel-cbdc-launch-plan/,Bank of Israel Is Considering The Benefits Of CBDC Launch Plan,Bank of Israel Is Considering The Benefits Of CBDC Launch Plan,news,200,Indexable,2269,61,0,0,,,0,0,yes,delete,high,P1,no_signal
https://coincu.com/bank-of-israel-tightens-regulations/,Bank Of Israel Tightens Regulations With New Stablecoin Regulation Proposal - Coincu - Latest Cryptocurrency News and Analysis 1,Bank Of Israel Tightens Regulations With New Stablecoin Regulation Proposal,news,200,Indexable,2218,173,0,0,,,0,0,yes,delete,high,P1,no_signal
https://coincu.com/bank-of-japan-60-firms-in-digital-yen-pilot/,Bank Of Japan Engages With 60 Firms In Digital Yen Pilot Program,Bank Of Japan Engages With 60 Firms In Digital Yen Pilot Program,news,200,Indexable,2120,187,0,0,,,0,0,yes,delete,high,P1,no_signal
https://coincu.com/bank-of-japan-explores-cbdc-prospect/,Bank Of Japan Explores CBDC Prospects By Launching A Pilot Program For Issuing Digital Yen,Bank Of Japan Explores CBDC Prospects By Launching A Pilot Program For Issuing Digital Yen,news,200,Indexable,2194,155,0,0,,,0,0,yes,delete,high,P1,no_signal
https://coincu.com/bank-of-japan-governor-explores-digital-currency/,Bank of Japan Governor Explores Digital Currency Amid Rising Tech Trends in Crypto,Bank of Japan Governor Explores Digital Currency Amid Rising Tech Trends in Crypto,news,200,Indexable,2139,151,0,0,,,0,0,yes,delete,high,P1,no_signal
https://coincu.com/bank-of-japan-rate-held-at-0-25-amid-us/,Bank Of Japan Rate Held At 0.25% Amid U.S. Policy Uncertainty,Bank Of Japan Rate Held At 0.25% Amid U.S. Policy Uncertainty,news,200,Indexable,2042,166,0,0,,,0,0,yes,delete,high,P1,no_signal
https://coincu.com/bank-of-japan-stablecoins-global-role/,Bank of Japan Promotes Stablecoins as Future Payment Solution,Bank of Japan Promotes Stablecoins as Future Payment Solution,news,200,Indexable,2071,115,0,0,,,0,0,yes,delete,high,P1,no_signal
https://coincu.com/bank-of-korea-allows-ico-in-the-country/,Bank Of Korea Allows Cryptocurrency ICOs To Be Traded In The Country,Bank Of Korea Allows Cryptocurrency ICOs To Be Traded In The Country,news,200,Indexable,2181,165,0,0,,,0,0,yes,delete,high,P1,no_signal
https://coincu.com/bank-of-korea-right-control/,Bank of Korea To Fight For The Right To Control Virtual Asset Companies,Bank of Korea To Fight For The Right To Control Virtual Asset Companies,news,200,Indexable,2290,79,0,0,,,0,0,yes,delete,high,P1,no_signal
https://coincu.com/bank-of-montreal-bitcoin-etf-holdings/,CAD $1.3 Trillion Bank of Montreal Bitcoin ETF Holdings Are Now Disclosed,CAD $1.3 Trillion Bank of Montreal Bitcoin ETF Holdings Are Now Disclosed,news,200,Indexable,2111,162,0,0,,,0,0,yes,delete,high,P1,no_signal
https://coincu.com/bank-of-russia-issues-draft-digital-assets/,Bank Of Russia Issues Draft Of Banking Chart Of Accounts Including Digital Assets,Bank Of Russia Issues Draft Of Banking Chart Of Accounts Including Digital Assets,news,200,Indexable,2197,157,0,0,,,0,0,yes,delete,high,P1,no_signal
https://coincu.com/bank-of-russia-may-legalize-crypto/,Bank of Russia May Legalize Cryptocurrencies For Cross-border Payments,Bank of Russia May Legalize Cryptocurrencies For Cross-border Payments,news,200,Indexable,2174,154,0,0,,,0,0,yes,delete,high,P1,no_signal
https://coincu.com/bank-of-russia-proposes-limited-crypto-trading/,Bank of Russia Proposes Limited Crypto Trading for Select Investors,Bank of Russia Proposes Limited Crypto Trading for Select Investors,news,200,Indexable,2214,153,0,0,,,0,0,yes,delete,high,P1,no_signal
https://coincu.com/bank-of-russia-will-begin-testing-cbdc/,Bank Of Russia Will Begin Testing CBDC In April,Bank Of Russia Will Begin Testing CBDC In April,news,200,Indexable,2235,129,0,0,,,0,0,yes,delete,high,P1,no_signal
https://coincu.com/bank-of-thailand-will-launch-retail-cbdc/,Bank Of Thailand Will Launch A Trial For Retail CBDC,Bank Of Thailand Will Launch A Trial For Retail CBDC,news,200,Indexable,2107,152,0,0,,,0,0,yes,delete,high,P1,no_signal
https://coincu.com/banking-africa-cantor8-moves-deeper-into-africas-mobile-money-sector-via-yiksi-limited/,Banking Africa: Cantor8 Moves Deeper Into Africa’s Mobile Money Sector via Yiksi Limited,Banking Africa: Cantor8 Moves Deeper Into Africa’s Mobile Money Sector via Yiksi Limited,news,200,Indexable,2891,42,0,0,,,0,0,yes,delete,high,P1,no_signal
https://coincu.com/banking-crisis-us-banks-borrow-475b/,Banking Crisis: US Banks Borrow $475B While Small Banks Lose Over $500B,Banking Crisis: US Banks Borrow $475B While Small Banks Lose Over $500B,news,200,Indexable,2154,139,0,0,,,0,0,yes,delete,high,P1,no_signal
https://coincu.com/banking-in-russia-sber-launches-gold-backed/,Banking In Russia Sber Launches Gold-Backed Digital Financial Asset,Banking In Russia Sber Launches Gold-Backed Digital Financial Asset,news,200,Indexable,2084,149,0,0,,,0,0,yes,delete,high,P1,no_signal
https://coincu.com/bankless-co-founder-david-hoffman-joins-solana/,Bankless Co-founder David Hoffman Joins Solana Foundation as Vice President of Decentralization!,Bankless Co-founder David Hoffman Joins Solana Foundation as Vice President of Decentralization!,news,200,Indexable,2217,215,0,0,,,0,0,yes,delete,high,P1,no_signal
https://coincu.com/bankless-rebrands-to-bonkless-amid-legal/,Bankless Rebrands to Bonkless Amid Legal Suspicions!,Bankless Rebrands to Bonkless Amid Legal Suspicions!,news,200,Indexable,2188,69,0,0,,,0,0,yes,delete,high,P1,no_signal
https://coincu.com/bankless-report-ethereum-q2-revenue-plunges-33-3/,"Bankless Report: Ethereum Q2 Revenue Plunges 33.3%, Addresses Drop 6%","Bankless Report: Ethereum Q2 Revenue Plunges 33.3%, Addresses Drop 6%",news,200,Indexable,2133,165,0,0,,,0,0,yes,delete,high,P1,no_signal
https://coincu.com/bankman-fried-100-support-knowledge-testing/,Bankman-Fried 100% Supports Knowledge Testing For Retail Derivatives Traders,Bankman-Fried 100% Supports Knowledge Testing For Retail Derivatives Traders,news,200,Indexable,2288,153,0,0,,,0,0,yes,delete,high,P1,no_signal
https://coincu.com/bankman-fried-accused-8-counts-fraud/,Sam Bankman-Fried Accused 8 Counts Of Financial And Elections Fraud,Sam Bankman-Fried Accused 8 Counts Of Financial And Elections Fraud,news,200,Indexable,2302,158,0,0,,,0,0,yes,delete,high,P1,no_signal
https://coincu.com/bankman-fried-accused-of-13-counts-reuters/,Sam Bankman-Fried Now Accused Of 13 Counts: Reuters,Sam Bankman-Fried Now Accused Of 13 Counts: Reuters,news,200,Indexable,2147,119,0,0,,,0,0,yes,delete,high,P1,no_signal
https://coincu.com/bankman-fried-agrees-to-gag-order/,Bankman-Fried Agrees To Gag Order Amid Explosive Witness Tampering Accusations,Bankman-Fried Agrees To Gag Order Amid Explosive Witness Tampering Accusations,news,200,Indexable,2279,71,0,0,,,0,0,yes,delete,high,P1,no_signal
https://coincu.com/bankman-fried-and-wang-reportedly-detained/,Bankman-Fried And Wang Reportedly Detained,Bankman-Fried And Wang Reportedly Detained,news,200,Indexable,2257,42,0,0,,,0,0,yes,delete,high,P1,no_signal
https://coincu.com/bankman-fried-appeal-promoted/,Bankman-Fried Appeal Promoted To Protest 25-Year Prison Sentence,Bankman-Fried Appeal Promoted To Protest 25-Year Prison Sentence,news,200,Indexable,2120,112,0,0,,,0,0,yes,delete,high,P1,no_signal
https://coincu.com/bankman-fried-appeals-his-conviction/,Bankman-Fried Appeals His Conviction of 25 Years in Prison,Bankman-Fried Appeals His Conviction of 25 Years in Prison,news,200,Indexable,2148,119,0,0,,,0,0,yes,delete,high,P1,no_signal
https://coincu.com/bankman-fried-asks-dismiss-criminal-charges/,Bankman-Fried Asks Court To Dismiss Criminal Charges On Technicalities,Bankman-Fried Asks Court To Dismiss Criminal Charges On Technicalities,news,200,Indexable,2146,172,0,0,,,0,0,yes,delete,high,P1,no_signal
https://coincu.com/bankman-fried-attempting-to-discredit-witness/,US Prosecutors Accuse Bankman-Fried Of Attempting To Discredit Witness In Trial,US Prosecutors Accuse Bankman-Fried Of Attempting To Discredit Witness In Trial,news,200,Indexable,2312,159,0,0,,,0,0,yes,delete,high,P1,no_signal
https://coincu.com/bankman-fried-banned-from-using-vpn/,Bankman-Fried Banned From Using VPN That He Was Using For Watching Football,Bankman-Fried Banned From Using VPN That He Was Using For Watching Football,news,200,Indexable,2243,158,0,0,,,0,0,yes,delete,high,P1,no_signal
https://coincu.com/bankman-fried-confirmed-as-witness/,Bankman-Fried Confirmed As A Witness At Congressional Hearing,Bankman-Fried Confirmed As A Witness At Congressional Hearing,news,200,Indexable,2064,186,0,0,,,0,0,yes,delete,high,P1,no_signal
https://coincu.com/bankman-fried-continued-bail-restriction/,Sam Bankman-Fried Continued Bail Restriction Until February 21,Sam Bankman-Fried Continued Bail Restriction Until February 21,news,200,Indexable,2145,262,0,0,,,0,0,yes,delete,high,P1,no_signal
https://coincu.com/bankman-fried-defense-complains-about-internet/,Bankman-Fried's Defense Complains About Internet Access Speeds Too Slow To Explore Lawsuit,Bankman-Fried’s Defense Complains About Internet Access Speeds Too Slow To Explore Lawsuit,news,200,Indexable,2142,151,0,0,,,0,0,yes,delete,high,P1,no_signal
https://coincu.com/bankman-fried-desperate-bid/,Bankman-Fried's Desperate Bid For Legal Help Thwarted By US Judge,Bankman-Fried’s Desperate Bid For Legal Help Thwarted By US Judge,news,200,Indexable,2242,107,0,0,,,0,0,yes,delete,high,P1,no_signal
https://coincu.com/bankman-fried-didnt-know-terms/,Sam Bankman-Fried Didn't Know He Was Violating Client Assets Terms,Sam Bankman-Fried Didn’t Know He Was Violating Client Assets Terms,news,200,Indexable,2205,158,0,0,,,0,0,yes,delete,high,P1,no_signal
https://coincu.com/bankman-fried-few-billion-dollars/,Sam Bankman-Fried Still Has A Few Billion Dollars To Trade If Necessary,Sam Bankman-Fried Still Has A Few Billion Dollars To Trade If Necessary,news,200,Indexable,2119,154,0,0,,,0,0,yes,delete,high,P1,no_signal
https://coincu.com/bankman-fried-fights-against-jail-threat/,Bankman-Fried Fights Against Jail Threat And Bond Revocation,Bankman-Fried Fights Against Jail Threat And Bond Revocation,news,200,Indexable,2313,84,0,0,,,0,0,yes,delete,high,P1,no_signal
https://coincu.com/bankman-fried-fraud-trial-2/,Bankman-Fried Fraud Trial: SBF Still Pleads Not Guilty After 12 Days of Trial,Bankman-Fried Fraud Trial: SBF Still Pleads Not Guilty After 12 Days of Trial,news,200,Indexable,2147,140,0,0,,,0,0,yes,delete,high,P1,no_signal
https://coincu.com/bankman-fried-fraud-trial-faces-scrutiny/,Bankman-Fried Fraud Trial Faces Intense Scrutiny From Prosecutor,Bankman-Fried Fraud Trial Faces Intense Scrutiny From Prosecutor,news,200,Indexable,2079,124,0,0,,,0,0,yes,delete,high,P1,no_signal
https://coincu.com/bankman-fried-fraud-trial/,Bankman-Fried Fraud Trial Will See The Rise Of 31-year-old Crypto Mogul,Bankman-Fried Fraud Trial Will See The Rise Of 31-year-old Crypto Mogul,news,200,Indexable,2144,128,0,0,,,0,0,yes,delete,high,P1,no_signal
https://coincu.com/bankman-fried-hide-bail-guarantors/,Sam Bankman-Fried Try To Hide Bail Guarantors Secret For Him,Sam Bankman-Fried Try To Hide Bail Guarantors Secret For Him,news,200,Indexable,2422,60,0,0,,,0,0,yes,delete,high,P1,no_signal
https://coincu.com/bankman-fried-hot-argument/,Bankman-Fried Has A Hot Argument With Rival Directors,Bankman-Fried Has A Hot Argument With Rival Directors,news,200,Indexable,2094,156,0,0,,,0,0,yes,delete,high,P1,no_signal
https://coincu.com/bankman-fried-in-prison-could-last-for-decades/,Bankman-Fried In Prison Could Last For Decades,Bankman-Fried In Prison Could Last For Decades,news,200,Indexable,2123,121,0,0,,,0,0,yes,delete,high,P1,no_signal
https://coincu.com/bankman-fried-influencing-witnesses/,Bankman-Fried Accused Of Influencing Witnesses Via The Secure Messaging Service,Bankman-Fried Accused Of Influencing Witnesses Via The Secure Messaging Service,news,200,Indexable,2210,158,0,0,,,0,0,yes,delete,high,P1,no_signal
https://coincu.com/bankman-fried-innocence-unlawful-campaign/,Bankman-Fried Claims Innocence In Unlawful Campaign Contribution Case: Report,Bankman-Fried Claims Innocence In Unlawful Campaign Contribution Case: Report,news,200,Indexable,2144,181,0,0,,,0,0,yes,delete,high,P1,no_signal
https://coincu.com/bankman-fried-insisted-didnt-steal-funds/,Sam Bankman-Fried Insisted He Didn't Steal Funds From FTX And Alameda,Sam Bankman-Fried Insisted He Didn’t Steal Funds From FTX And Alameda,news,200,Indexable,2276,144,0,0,,,0,0,yes,delete,high,P1,no_signal
https://coincu.com/bankman-fried-lawsuit/,Bankman-Fried's Lawsuit: It's Hard To Charge More New Crimes,Bankman-Fried’s Lawsuit: It’s Hard To Charge More New Crimes,news,200,Indexable,2290,145,0,0,,,0,0,yes,delete,high,P1,no_signal
https://coincu.com/bankman-fried-lawyers-blame-ellison/,Bankman-Fried Lawyers Try To Blame Ellison For Alameda's Crisis,Bankman-Fried Lawyers Try To Blame Ellison For Alameda’s Crisis,news,200,Indexable,2136,85,0,0,,,0,0,yes,delete,high,P1,no_signal
https://coincu.com/bankman-fried-lawyers-new-blame-target/,Bankman-Fried Lawyers Are The New Blame Target Of Former FTX CEO In Fraud Trial,Bankman-Fried Lawyers Are The New Blame Target Of Former FTX CEO In Fraud Trial,news,200,Indexable,2113,149,0,0,,,0,0,yes,delete,high,P1,no_signal
https://coincu.com/bankman-fried-lawyers-sixth-amendment-rights/,Bankman-Fried's Lawyers Said That His Sixth Amendment Rights Are Being Violated,Bankman-Fried’s Lawyers Said That His Sixth Amendment Rights Are Being Violated,news,200,Indexable,2163,145,0,0,,,0,0,yes,delete,high,P1,no_signal
https://coincu.com/bankman-fried-legal-battle/,Bankman-Fried Legal Battle: Finding A Way To Fight Jail,Bankman-Fried Legal Battle: Finding A Way To Fight Jail,news,200,Indexable,2110,167,0,0,,,0,0,yes,delete,high,P1,no_signal
https://coincu.com/bankman-fried-may-be-investigated/,Bankman-Fried May Be Investigated For Political Donations,Bankman-Fried May Be Investigated For Political Donations,news,200,Indexable,2131,157,0,0,,,0,0,yes,delete,high,P1,no_signal
https://coincu.com/bankman-fried-memo-reveals-his-cunning/,Bankman-Fried Memo Reveals His Cunning During FTX Crisis,Bankman-Fried Memo Reveals His Cunning During FTX Crisis,news,200,Indexable,2124,135,0,0,,,0,0,yes,delete,high,P1,no_signal
https://coincu.com/bankman-fried-mit-friend-reveal/,Bankman-Fried MIT Friend Reveals Shocking Secrets Before FTX Collapsed,Bankman-Fried MIT Friend Reveals Shocking Secrets Before FTX Collapsed,news,200,Indexable,2168,120,0,0,,,0,0,yes,delete,high,P1,no_signal
https://coincu.com/bankman-fried-now-faces-jail/,Bankman-Fried Now Faces Jail With DOJ's Allegations Over CEO's Diary Leak,Bankman-Fried Now Faces Jail With DOJ’s Allegations Over CEO’s Diary Leak,news,200,Indexable,2145,60,0,0,,,0,0,yes,delete,high,P1,no_signal
https://coincu.com/bankman-fried-objected-by-doj/,Bankman-Fried Objected By DOJ To Effective Altruism Unnecessarily Intruded On Litigation,Bankman-Fried Objected By DOJ To Effective Altruism Unnecessarily Intruded On Litigation,news,200,Indexable,2153,124,0,0,,,0,0,yes,delete,high,P1,no_signal
https://coincu.com/bankman-fried-parents-phone/,Bankman-Fried Parents' Phone Will Be Strictly Controlled Under New Court Order,Bankman-Fried Parents’ Phone Will Be Strictly Controlled Under New Court Order,news,200,Indexable,2151,63,0,0,,,0,0,yes,delete,high,P1,no_signal
https://coincu.com/bankman-fried-pretrial-motions-denied/,"Bankman-Fried's Pretrial Motions Denied, Judge Rules Criminal Charges Stand","Bankman-Fried’s Pretrial Motions Denied, Judge Rules Criminal Charges Stand",news,200,Indexable,2229,105,0,0,,,0,0,yes,delete,high,P1,no_signal
https://coincu.com/bankman-fried-prison-raided-over-violence/,Bankman-Fried Prison Raided Over Violence Allegations,Bankman-Fried Prison Raided Over Violence Allegations,news,200,Indexable,2139,133,0,0,,,0,0,yes,delete,high,P1,no_signal
https://coincu.com/bankman-fried-prosecutors-critical-evidence/,Bankman-Fried Prosecutors Have Critical Evidence Alleging His Bribes,Bankman-Fried Prosecutors Have Critical Evidence Alleging His Bribes,news,200,Indexable,2115,85,0,0,,,0,0,yes,delete,high,P1,no_signal
https://coincu.com/bankman-fried-prosecutors-found-him-guilty/,Bankman-Fried Prosecutors Found Him Seriously Guilty,Bankman-Fried Prosecutors Found Him Seriously Guilty,news,200,Indexable,2119,138,0,0,,,0,0,yes,delete,high,P1,no_signal
https://coincu.com/bankman-fried-prosecutors-reaching-conclusion/,Bankman-Fried Prosecutors Are Now Reaching Conclusion In Criminal Trial,Bankman-Fried Prosecutors Are Now Reaching Conclusion In Criminal Trial,news,200,Indexable,2108,124,0,0,,,0,0,yes,delete,high,P1,no_signal
https://coincu.com/bankman-fried-reply-to-zhu-su/,Bankman-Fried Reply To 3AC's Zhu Su Allegations,Bankman-Fried Reply To 3AC’s Zhu Su Allegations,news,200,Indexable,2053,128,0,0,,,0,0,yes,delete,high,P1,no_signal
https://coincu.com/bankman-fried-said-badly-about-cz/,Bankman-Fried Said Badly About CZ Before The FTX Crisis,Bankman-Fried Said Badly About CZ Before The FTX Crisis,news,200,Indexable,2286,88,0,0,,,0,0,yes,delete,high,P1,no_signal
https://coincu.com/bankman-fried-says-he-is-willing-to-testify/,Bankman-Fried Says He Is Willing To Testify On December 13,Bankman-Fried Says He Is Willing To Testify On December 13,news,200,Indexable,2097,195,0,0,,,0,0,yes,delete,high,P1,no_signal
https://coincu.com/bankman-fried-second-trial-will-not-take-place/,Bankman-Fried Second Trial Will Not Take Place After 100 Years In Prison Is Finalized,Bankman-Fried Second Trial Will Not Take Place After 100 Years In Prison Is Finalized,news,200,Indexable,2118,132,0,0,,,0,0,yes,delete,high,P1,no_signal
https://coincu.com/bankman-fried-secret-allow-backdoor/,Sam Bankman-Fried Secret Allows Gary Wang To Create Backdoor To Borrow $65 Billion,Sam Bankman-Fried Secret Allows Gary Wang To Create Backdoor To Borrow $65 Billion,news,200,Indexable,2356,148,0,0,,,0,0,yes,delete,high,P1,no_signal
https://coincu.com/bankman-fried-sentence-may-be-mitigated/,Bankman-Fried Sentence May Be Mitigated With New Market Recovery,Bankman-Fried Sentence May Be Mitigated With New Market Recovery,news,200,Indexable,2121,98,0,0,,,0,0,yes,delete,high,P1,no_signal
https://coincu.com/bankman-fried-still-facing-charges/,Bankman-Fried Still Facing Charges For Illegal Campaign Finance,Bankman-Fried Still Facing Charges For Illegal Campaign Finance,news,200,Indexable,2107,109,0,0,,,0,0,yes,delete,high,P1,no_signal
https://coincu.com/bankman-fried-testimony-ftxs-crisis/,Bankman-Fried Testimony Unveils FTX's Early Crisis,Bankman-Fried Testimony Unveils FTX’s Early Crisis,news,200,Indexable,2226,143,0,0,,,0,0,yes,delete,high,P1,no_signal
https://coincu.com/bankman-fried-testimony/,Bankman-Fried Testimony Unveils Intriguing Legal,Bankman-Fried Testimony Unveils Intriguing Legal,news,200,Indexable,2155,136,0,0,,,0,0,yes,delete,high,P1,no_signal
https://coincu.com/bankman-fried-to-remain-in-jail/,Bankman-Fried To Remain In Jail Amid Ongoing Legal Feud,Bankman-Fried To Remain In Jail Amid Ongoing Legal Feud,news,200,Indexable,2139,90,0,0,,,0,0,yes,delete,high,P1,no_signal
https://coincu.com/bankman-fried-trial-selects-jury/,Bankman-Fried Trial Now Selects Jury To Bring Criminal Charges,Bankman-Fried Trial Now Selects Jury To Bring Criminal Charges,news,200,Indexable,2076,154,0,0,,,0,0,yes,delete,high,P1,no_signal
https://coincu.com/bankman-fried-verdict-25-years-in-prison/,Bankman-Fried Verdict Was Being Sentenced to 25 Years in Prison,Bankman-Fried Verdict Was Being Sentenced to 25 Years in Prison,news,200,Indexable,2087,97,0,0,,,0,0,yes,delete,high,P1,no_signal
https://coincu.com/bankman-fried-verdict-up-to-50-years/,Bankman-Fried Verdict Is Proposed Up To 50 Years In Prison,Bankman-Fried Verdict Is Proposed Up To 50 Years In Prison,news,200,Indexable,2120,109,0,0,,,0,0,yes,delete,high,P1,no_signal
https://coincu.com/bankman-fried-wanted-by-media-organizations/,Bankman-Fried Wanted By Media Organizations To Expose Sponsors $250 Million Bonds,Bankman-Fried Wanted By Media Organizations To Expose Sponsors $250 Million Bonds,press_release_like,200,Indexable,2169,155,0,0,,,0,0,yes,delete,high,P1,event_pr_signal
https://coincu.com/bankman-frieds-attorneys-monitoring/,Bankman-Fried's Attorneys Having Trouble Monitoring His Parents' Phone - Coincu - Latest Cryptocurrency News and Analysis,Bankman-Fried’s Attorneys Having Trouble Monitoring His Parents’ Phone,news,200,Indexable,2270,162,0,0,,,0,0,yes,delete,high,P1,no_signal
https://coincu.com/bankman-frieds-release-was-denied/,Bankman-Fried's Release Was Denied: Legal Showdown Looms In High-Profile Trial,Bankman-Fried’s Release Was Denied: Legal Showdown Looms In High-Profile Trial,news,200,Indexable,2136,147,0,0,,,0,0,yes,delete,high,P1,no_signal
https://coincu.com/bankman-frieds-to-return-to-us/,Bankman-Fried’s Day To Return To The US Is Coming Very Close,Bankman-Fried’s Day To Return To The US Is Coming Very Close,news,200,Indexable,2176,152,0,0,,,0,0,yes,delete,high,P1,no_signal
https://coincu.com/banks-now-clamp-down-on-crypto-purchases/,Banks Now Clamp Down On Crypto Purchases With Daily Limits And Credit Card Ban,Banks Now Clamp Down On Crypto Purchases With Daily Limits And Credit Card Ban,news,200,Indexable,2169,143,0,0,,,0,0,yes,delete,high,P1,no_signal
https://coincu.com/banks-provide-client-crypto-exposure/,"Crypto Exposure Is Now Being Provided By Banks Representing $2 Trillion In Assets, Bitwise CEO Says","Crypto Exposure Is Now Being Provided By Banks Representing $2 Trillion In Assets, Bitwise CEO Says",press_release_like,200,Indexable,2106,138,0,0,,,0,0,yes,delete,high,P1,event_pr_signal
https://coincu.com/banks-test-digital-dollars-on-distributed-ledger/,"Banks Test Digital Dollars on Distributed Ledger, Proving Legal Feasibility: Report","Banks Test Digital Dollars on Distributed Ledger, Proving Legal Feasibility: Report",news,200,Indexable,2118,180,0,0,,,0,0,yes,delete,high,P1,no_signal
https://coincu.com/barclays-invests-in-crypto-company-copper/,Barclays Invests In Crypto Company Copper In Latest Funding Round,Barclays Invests In Crypto Company Copper In Latest Funding Round,news,200,Indexable,2083,150,0,0,,,0,0,yes,delete,high,P1,no_signal
https://coincu.com/barnbridge-dao-receives-regulatory-attack/,"Barnbridge DAO Receives Regulatory Storm Attack From SEC, BOND Drops More Than 8%","Barnbridge DAO Receives Regulatory Storm Attack From SEC, BOND Drops More Than 8%",news,200,Indexable,2203,73,0,0,,,0,0,yes,delete,high,P1,no_signal
https://coincu.com/barnbridge-dao-settlement-hit-by-sec/,BarnBridge DAO Settlement Hit By SEC With $1.7M Fine,BarnBridge DAO Settlement Hit By SEC With $1.7M Fine,news,200,Indexable,2102,134,0,0,,,0,0,yes,delete,high,P1,no_signal
https://coincu.com/barreldao-is-tied-to-nft-solana-summer-beer/,BarrelDAO Is Tied To NFT Solana Summer Shandy Beer,BarrelDAO Is Tied To NFT Solana Summer Shandy Beer,news,200,Indexable,1983,157,0,0,,,0,0,yes,delete,high,P1,no_signal
https://coincu.com/barron-trump-meme-coin-raises-scam-concerns/,Barron Trump Meme Coin Raises Scam Concerns Due to Sudden Drop in Market Cap,Barron Trump Meme Coin Raises Scam Concerns Due to Sudden Drop in Market Cap,news,200,Indexable,2153,149,0,0,,,0,0,yes,delete,high,P1,no_signal
https://coincu.com/barry-silbert-wrote-after-resign/,Barry Silbert Wrote A Heart Letter After Being Asked To Resign,Barry Silbert Wrote A Heart Letter After Being Asked To Resign,news,200,Indexable,2218,232,0,0,,,0,0,yes,delete,high,P1,no_signal
https://coincu.com/barstool-sports-owner-regrets-bitcoin/,"Barstool Sports Owner Regrets Missing Out on Bitcoin, Ponders $10M Investment!","Barstool Sports Owner Regrets Missing Out on Bitcoin, Ponders $10M Investment!",news,200,Indexable,2176,110,0,0,,,0,0,yes,delete,high,P1,no_signal
https://coincu.com/base-appears-first-major-outage/,Layer 2 Base Appears First Major Outage Since Launch,Layer 2 Base Appears First Major Outage Since Launch,news,200,Indexable,1968,127,0,0,,,0,0,yes,delete,high,P1,no_signal
https://coincu.com/base-batch-003-finalists-12-ai-defi-projects-shortlisted/,"Base Batch 003 Finalists: 12 AI, DeFi Projects Shortlisted","Base Batch 003 Finalists: 12 AI, DeFi Projects Shortlisted",news,200,Indexable,2260,162,0,0,,,0,0,yes,delete,high,P1,no_signal
https://coincu.com/base-coinbase-considers-token-issuance/,"Coinbase's Base Explores Token Issuance, Aiming for Decentralization","Coinbase’s Base Explores Token Issuance, Aiming for Decentralization",news,200,Indexable,2124,90,0,0,,,0,0,yes,delete,high,P1,no_signal
https://coincu.com/base-dex-trading-users-hit-new-highs/,Base DEX Trading Users Hit New Highs With Meme Coins Growth,Base DEX Trading Users Hit New Highs With Meme Coins Growth,news,200,Indexable,2101,126,0,0,,,0,0,yes,delete,high,P1,no_signal
https://coincu.com/base-ens-subnames-set-for-fair-dutch-auction/,Base ENS Subnames Set the Stage for Fair Dutch Auction Launch,Base ENS Subnames Set the Stage for Fair Dutch Auction Launch,news,200,Indexable,2047,160,0,0,,,0,0,yes,delete,high,P1,no_signal
https://coincu.com/base-is-for-everyone-tokens/,"Base is for everyone Tokens Spark Surge, Collapse, Uproar","Base is for everyone Tokens Spark Surge, Collapse, Uproar",news,200,Indexable,2473,148,0,0,,,0,0,yes,delete,high,P1,no_signal
https://coincu.com/base-is-ready-for-mainnet-launch/,Coinbase Layer-2 Network Base Is Ready For Mainnet Launch,Coinbase Layer-2 Network Base Is Ready For Mainnet Launch,news,200,Indexable,2157,70,0,0,,,0,0,yes,delete,high,P1,no_signal
https://coincu.com/base-network-188-million-daily-transactions/,"Base Network Achieves Record-Breaking 1.88 Million Daily Transactions, Still Trails Behind Leading Blockchains","Base Network Achieves Record-Breaking 1.88 Million Daily Transactions, Still Trails Behind Leading Blockchains",news,200,Indexable,1990,164,0,0,,,0,0,yes,delete,high,P1,no_signal
https://coincu.com/base-network-surpasses-100000-daily-users/,"Coinbase's Base Network Surpasses 100,000 Daily Users Milestone Shortly After Launch","Coinbase’s Base Network Surpasses 100,000 Daily Users Milestone Shortly After Launch",news,200,Indexable,2065,98,0,0,,,0,0,yes,delete,high,P1,no_signal
https://coincu.com/base-protocol-hits-1b-gdp-targets-1t-next/,"Base Protocol Hits $1B GDP Milestone, Aiming for $1T Jackpot","Base Protocol Hits $1B GDP, Targets $1T Next",news,200,Indexable,2098,120,0,0,,,0,0,yes,delete,high,P1,no_signal
https://coincu.com/base-testnet-regolith/,Base Testnet Will Plan For Its First Regolith Hardfork Upgrade On April 27,Base Testnet Will Plan For Its First Regolith Hardfork Upgrade On April 27,news,200,Indexable,2016,55,0,0,,,0,0,yes,delete,high,P1,no_signal
https://coincu.com/base-transactions-record-hits-11-447m-in-a-day/,Base Transactions Record Hits 11.447M in Single Day,Base Transactions Record Hits 11.447M in Single Day,news,200,Indexable,2041,161,0,0,,,0,0,yes,delete,high,P1,no_signal
https://coincu.com/base-tvl-trumps-starknet-locks-146m-in-success/,"Ethereum-Powered Base TVL Trumps StarkNet, Locks $146M in Success","Ethereum-Powered Base TVL Trumps StarkNet, Locks $146M in Success",news,200,Indexable,2085,160,0,0,,,0,0,yes,delete,high,P1,no_signal
https://coincu.com/basel-committee-approves-cryptoasset-standards/,"Basel Committee Approves Cryptoasset Standards Update, Effective 1st Jan 2026","Basel Committee Approves Cryptoasset Standards Update, Effective 1st Jan 2026",news,200,Indexable,2054,127,0,0,,,0,0,yes,delete,high,P1,no_signal
https://coincu.com/basel-committee-crypto-standards-enhance-bank/,Basel Committee Crypto Standards Enhance Bank Transparency and Security!,Basel Committee Crypto Standards Enhance Bank Transparency and Security!,news,200,Indexable,2151,136,0,0,,,0,0,yes,delete,high,P1,no_signal
https://coincu.com/bases-transaction-hits-impressive-milestone/,Base's Transaction Hits Impressive Milestone By End of 2024,Base’s Transaction Hits Impressive Milestone By End of 2024,news,200,Indexable,1997,107,0,0,,,0,0,yes,delete,high,P1,no_signal
https://coincu.com/basis-pro-is-live-base58labs-officially-launches-crypto-arbitrage-platform/,BASIS.pro Is Live: Base58Labs Officially Launches Crypto Arbitrage Platform,BASIS.pro Is Live: Base58Labs Officially Launches Crypto Arbitrage Platform,news,200,Indexable,2651,48,0,0,,,0,0,yes,delete,high,P1,no_signal
https://coincu.com/battle-of-the-next-100x-meme-coin-pepe-unchained-wall-street-pepe-or-pepeto/,"Battle of the Next 100x Meme Coin: Pepe Unchained, Wall Street Pepe, or Pepeto?","Battle of the Next 100x Meme Coin: Pepe Unchained, Wall Street Pepe, or Pepeto?",news,200,Indexable,2318,205,0,0,,,0,0,yes,delete,high,P1,no_signal
https://coincu.com/bayc-announces-apefest-in-hong-kong-nov-3-5/,"BAYC Announces ApeFest in Hong Kong, Nov 3-5","BAYC Announces ApeFest in Hong Kong, Nov 3-5",news,200,Indexable,2007,143,0,0,,,0,0,yes,delete,high,P1,no_signal
https://coincu.com/bayc-apecoin-accused-being-securities/,NFT BAYC And Apecoin Are Accused Of Being Securities,NFT BAYC And Apecoin Are Accused Of Being Securities,news,200,Indexable,2170,154,0,0,,,0,0,yes,delete,high,P1,no_signal
https://coincu.com/bayc-delays-hv-mtl-rift/,Excitement Builds As BAYC Delays HV-MTL Rift Opening For A Glitch-Free Experience,Excitement Builds As BAYC Delays HV-MTL Rift Opening For A Glitch-Free Experience,news,200,Indexable,1918,92,0,0,,,0,0,yes,delete,high,P1,no_signal
https://coincu.com/bayc-floor-price-goerli-reached-45-eth/,The BAYC Floor Price Of The Ethereum Goerli Testnet Reached 45 ETH,The BAYC Floor Price Of The Ethereum Goerli Testnet Reached 45 ETH,news,200,Indexable,2018,206,0,0,,,0,0,yes,delete,high,P1,no_signal
https://coincu.com/bayc-floor-price-has-dropped/,"BAYC Floor Price Has Dropped Over 76% Since All-Time High, What's Next?","BAYC Floor Price Has Dropped Over 76% Since All-Time High, What’s Next?",news,200,Indexable,2263,156,0,0,,,0,0,yes,delete,high,P1,no_signal
https://coincu.com/bayc-nft-lowest-price-last-2-years/,BAYC NFT Returns To The Lowest Price In The Last 2 Years,BAYC NFT Returns To The Lowest Price In The Last 2 Years,news,200,Indexable,1979,112,0,0,,,0,0,yes,delete,high,P1,no_signal
https://coincu.com/bayc-removes-scores-leaderboard-cheating/,BAYC Removes Scores From Its Dookey Dash Game Leaderboard As Results Of Cheating,BAYC Removes Scores From Its Dookey Dash Game Leaderboard As Results Of Cheating,news,200,Indexable,2209,177,0,0,,,0,0,yes,delete,high,P1,no_signal
https://coincu.com/bayc-sales-skyrocketed-100/,BAYC Sales Skyrocketed 100% When Ape #5383 Sold For $1.45 million,BAYC Sales Skyrocketed 100% When Ape #5383 Sold For $1.45 million,news,200,Indexable,1866,156,0,0,,,0,0,yes,delete,high,P1,no_signal
https://coincu.com/bayc-scammers-spend-4-months/,BAYC Scammers Spend Almost 4 Months On Their Plan,BAYC Scammers Spend Almost 4 Months On Their Plan,news,200,Indexable,2094,171,0,0,,,0,0,yes,delete,high,P1,no_signal
https://coincu.com/bayc-x-bape-collectibles-at-apefest-hong-kong/,BAYC x BAPE: Unveiling Exclusive Collectibles at ApeFest Hong Kong,BAYC x BAPE: Unveiling Exclusive Collectibles at ApeFest Hong Kong,news,200,Indexable,2216,147,0,0,,,0,0,yes,delete,high,P1,no_signal
https://coincu.com/baycs-made-by-apes-leaked-information/,"BAYC's Made By Apes Platform Leaked Information, Error Has Been Fixed - Coincu - Latest Cryptocurrency News and Analysis 1","BAYC’s Made By Apes Platform Leaked Information, Error Has Been Fixed",news,200,Indexable,2024,130,0,0,,,0,0,yes,delete,high,P1,no_signal
https://coincu.com/baycs-made-by-apes-ushers-in-a-new-era/,BAYC's 'Made by Apes' Ushers In A New Era Of On-Chain Licensing Marvels,BAYC’s ‘Made by Apes’ Ushers In A New Era Of On-Chain Licensing Marvels,news,200,Indexable,2211,153,0,0,,,0,0,yes,delete,high,P1,no_signal
https://coincu.com/bbva-bitcoin-ethereum-spain-trading/,BBVA Launches Bitcoin and Ethereum Trading in Spain,BBVA Launches Bitcoin and Ethereum Trading in Spain,news,200,Indexable,2172,101,0,0,,,0,0,yes,delete,high,P1,no_signal
https://coincu.com/bcb-group-silvergate-ramps-usd-capabilities/,"BCB Group To Replace Silvergate, Now Ramps Up USD Capabilities","BCB Group To Replace Silvergate, Now Ramps Up USD Capabilities",news,200,Indexable,2132,214,0,0,,,0,0,yes,delete,high,P1,no_signal
https://coincu.com/bci-open-accounts-for-crypto-companies/,Bci Becomes The First Bank In Chile To Open Accounts For Crypto Companies,Bci Becomes The First Bank In Chile To Open Accounts For Crypto Companies,news,200,Indexable,2105,326,0,0,,,0,0,yes,delete,high,P1,no_signal
https://coincu.com/bdag-ceos-ama-algo-stability-pixfi-nfts-surge/,Early Investors Taste 1600% Gains Post BlockDAG CEO Interview; Are Algorand and Pixelverse Investors Joining?,Early Investors Taste 1600% Gains Post BlockDAG CEO Interview; Are Algorand and Pixelverse Investors Joining?,news,200,Indexable,2435,162,0,0,,,0,0,yes,delete,high,P1,no_signal
https://coincu.com/bdag-challenges-ethereum-as-final-testnet-to-launch-will-solana-tvl-hit-600b/,BDAG Challenges Ethereum as Final Testnet to Launch – Will Solana TVL Hit $600B?,BDAG Challenges Ethereum as Final Testnet to Launch – Will Solana TVL Hit $600B?,news,200,Indexable,2553,198,0,0,,,0,0,yes,delete,high,P1,no_signal
https://coincu.com/bdag-miner-make-5m-as-eth-etf-options-hang-icp-surges/,BlockDAG Shatters Expectations with $5M in Miner Sales—Ethereum ETF Options on Hold & ICP Charges Ahead,BlockDAG Shatters Expectations with $5M in Miner Sales—Ethereum ETF Options on Hold & ICP Charges Ahead,news,200,Indexable,2456,163,0,0,,,0,0,no,delete,high,P1,not_in_live_sitemap
https://coincu.com/bdag-rolls-out-100-bonus-tao-icp-market-news/,ICP and Bittensor Struggle with Market Fluctuations; BlockDAG 100% Bonus Offer Takes Presale to $107.5M,ICP and Bittensor Struggle with Market Fluctuations; BlockDAG 100% Bonus Offer Takes Presale to $107.5M,news,200,Indexable,2532,171,0,0,,,0,0,no,delete,high,P1,not_in_live_sitemap
https://coincu.com/bdag-set-for-10-major-listings-ton-bch-see-growth/,BDAG Set for 10 Major Listings! TON & BCH See Growth,BDAG Set for 10 Major Listings! TON & BCH See Growth,news,200,Indexable,2436,161,0,0,,,0,0,yes,delete,high,P1,no_signal
https://coincu.com/bdags-3rd-soccer-donald-trump-nfts-coinbase-ceo/,BDAG’s 3rd Soccer Deal; Donald Trump NFTs & Coinbase CEO,BDAG’s 3rd Soccer Deal; Donald Trump NFTs & Coinbase CEO,news,200,Indexable,2609,164,0,0,,,0,0,yes,delete,high,P1,no_signal
https://coincu.com/bdags-3x-bonus-trx-whale-activity-up-avax-trade-setup-in-focus/,"BDAG's 3x Bonus, TRX Whale Activity Up & AVAX Trade Setup In Focus","BDAG’s 3x Bonus, TRX Whale Activity Up & AVAX Trade Setup In Focus",news,200,Indexable,2508,138,0,0,,,0,0,yes,delete,high,P1,no_signal
https://coincu.com/bdags-brand-video-stuns-insights-on-bittensor-forecast-icp-price/,ICP & Bittensor Fight Volatility While BlockDAG's Stunning New Brand Video Propels Presale Beyond $102M,ICP & Bittensor Fight Volatility While BlockDAG’s Stunning New Brand Video Propels Presale Beyond $102M,news,200,Indexable,2367,149,0,0,,,0,0,no,delete,high,P1,not_in_live_sitemap
https://coincu.com/bdo-ftxs-376-million-acquisition/,BDO Validates FTX's $376 Million Acquisition Of DAAG As Fair Value Amidst Controversy,BDO Validates FTX’s $376 Million Acquisition Of DAAG As Fair Value Amidst Controversy,news,200,Indexable,2091,101,0,0,,,0,0,yes,delete,high,P1,no_signal
https://coincu.com/beacon-chain-the-start-of-ethereum-2-0/,Closer Look At Beacon Chain - The Start Of Ethereum 2.0,Closer Look At Beacon Chain – The Start Of Ethereum 2.0,news,200,Indexable,2737,133,0,0,,,0,0,yes,delete,high,P1,no_signal
https://coincu.com/beanstalk-restarted-after-hacked-182m/,Beanstalk Restarted After 4 Months Hacked $182 Million,Beanstalk Restarted After 4 Months Hacked $182 Million,news,200,Indexable,1974,157,0,0,,,0,0,yes,delete,high,P1,no_signal
https://coincu.com/bear-market-mistakes-to-avoid-part-1/,4 Common Bear Market Mistakes To Avoid (PART 1),4 Common Bear Market Mistakes To Avoid (PART 1),news,200,Indexable,2358,154,0,0,,,0,0,yes,delete,high,P1,no_signal
https://coincu.com/bear-market-mistakes-to-avoid-part-2/,4 Common Bear Market Mistakes to Avoid (PART 2),4 Common Bear Market Mistakes to Avoid (PART 2),news,200,Indexable,2209,154,0,0,,,0,0,yes,delete,high,P1,no_signal
https://coincu.com/bear-markets-ceo-messari/,Bear Markets Are Good Time For Restructuring - Messari CEO Ryan Selkis,Bear Markets Are Good Time For Restructuring – Messari CEO Ryan Selkis,news,200,Indexable,2010,105,0,0,,,0,0,yes,delete,high,P1,no_signal
https://coincu.com/bear-wiped-out-25-crypto-exchanges/,The Bear Market Has Wiped Out 25 Cryptocurrency Exchanges In Just 1 Month.,The Bear Market Has Wiped Out 25 Cryptocurrency Exchanges In Just 1 Month.,news,200,Indexable,2161,143,0,0,,,0,0,yes,delete,high,P1,no_signal
https://coincu.com/bearish-bias-strengthens-key-support-pengu/,PENGU Bearish Bias Strengthens as Key Support Approaches: Could Price Fall to $0.00528 Level?,PENGU Bearish Bias Strengthens as Key Support Approaches: Could Price Fall to $0.00528 Level?,news,200,Indexable,1936,147,0,0,,,0,0,yes,delete,high,P1,no_signal
https://coincu.com/bearish-trend-coinshares-sees-17m-outflows/,Bearish Trend Persists: Coinshares Sees $17M Outflows From Digital Asset Products,Bearish Trend Persists: Coinshares Sees $17M Outflows From Digital Asset Products,news,200,Indexable,2146,390,0,0,,,0,0,yes,delete,high,P1,no_signal
https://coincu.com/beba-sec-lawsuit-backed-by-the-entire-industry/,Beba SEC Lawsuit Backed By The Entire Industry,Beba SEC Lawsuit Backed By The Entire Industry,news,200,Indexable,2181,142,0,0,,,0,0,yes,delete,high,P1,no_signal
https://coincu.com/bedrock-upgrade-gas-fee-optimism-dropped/,Bedrock Upgrade Success As A Gas Fee Optimism Dropped Exceeds Expectations - Coincu - Latest Cryptocurrency News and Analysis 1,Bedrock Upgrade Success As A Gas Fee Optimism Dropped Exceeds Expectations,news,200,Indexable,2006,122,0,0,,,0,0,yes,delete,high,P1,no_signal
https://coincu.com/bedrock-upgrade-optimism-paused-bugs/,Bedrock Upgrade On Optimism Paused Due To Detecting Bugs - Coincu - Latest Cryptocurrency News and Analysis 1,Bedrock Upgrade On Optimism Paused Due To Detecting Bugs,news,200,Indexable,1954,175,0,0,,,0,0,yes,delete,high,P1,no_signal
https://coincu.com/beeple-physical-studio-space/,Beeple Announced A Physical Studio Space Being Built To Bring NFTs Into The Real World,Beeple Announced A Physical Studio Space Being Built To Bring NFTs Into The Real World,news,200,Indexable,1910,70,0,0,,,0,0,yes,delete,high,P1,no_signal
https://coincu.com/beijing-fines-bitmain-for-3-55-million/,Beijing Fines Bitmain For $3.55 Million Due To Personal Income Tax Violations,Beijing Fines Bitmain For $3.55 Million Due To Personal Income Tax Violations,news,200,Indexable,2092,180,0,0,,,0,0,yes,delete,high,P1,no_signal
https://coincu.com/beijing-now-releases-web3-white-paper-but/,"Beijing Now Releases Web3 White Paper, But Not For Cryptocurrencies","Beijing Now Releases Web3 White Paper, But Not For Cryptocurrencies",news,200,Indexable,2226,195,0,0,,,0,0,yes,delete,high,P1,no_signal
https://coincu.com/beijing-two-year-development-metaverse/,Beijing Releases Two-Year Strategy For The Development And Innovation Of The Metaverse,Beijing Releases Two-Year Strategy For The Development And Innovation Of The Metaverse,news,200,Indexable,2247,154,0,0,,,0,0,yes,delete,high,P1,no_signal
https://coincu.com/belarus-crypto-bank-26-digital-assets-11-business-operations/,Belarus Plans Crypto Bank for 26 Assets and 11 Operations,Belarus Plans Crypto Bank for 26 Assets and 11 Operations,news,200,Indexable,2537,156,0,0,,,0,0,yes,delete,high,P1,no_signal
https://coincu.com/bellatrix-upgrade-still-26-5nodes-not-ready/,Before Bellatrix Upgrade Still 26.5% Ethereum Nodes Not Ready The Merge,Before Bellatrix Upgrade Still 26.5% Ethereum Nodes Not Ready The Merge,news,200,Indexable,2068,154,0,0,,,0,0,yes,delete,high,P1,no_signal
https://coincu.com/ben-caselin-defend-aax-scam-exchange/,Ben Caselin Speaks Up To Defend AAX Scam Exchange,Ben Caselin Speaks Up To Defend AAX Scam Exchange,news,200,Indexable,2090,149,0,0,,,0,0,yes,delete,high,P1,no_signal
https://coincu.com/ben-zhou-paris-blockchain-week-2026-ai-trust-financial-infrastructure/,"Ben Zhou at Paris Blockchain Week 2026: AI, Trust and Financial Infrastructure","Ben Zhou at Paris Blockchain Week 2026: AI, Trust and Financial Infrastructure",news,200,Indexable,2967,152,0,0,,,0,0,yes,delete,high,P1,no_signal
https://coincu.com/benddao-proposes-to-change/,BendDAO Proposes To Change The Liquidation Index Because Of The Crisis,BendDAO Proposes To Change The Liquidation Index Because Of The Crisis,news,200,Indexable,2062,156,0,0,,,0,0,yes,delete,high,P1,no_signal
https://coincu.com/bendigo-bank-takes-stand-against-crypto-scam/,Bendigo Bank Takes Stand Against Crypto Scam With High-Risk Payment Blocks,Bendigo Bank Takes Stand Against Crypto Scam With High-Risk Payment Blocks,news,200,Indexable,2313,147,0,0,,,0,0,yes,delete,high,P1,no_signal
https://coincu.com/benji-bananas-introduces-new-token/,Benji Bananas Introduces New Token In Response To The Latest Security Breach,Benji Bananas Introduces New Token In Response To The Latest Security Breach,news,200,Indexable,2500,90,0,0,,,0,0,yes,delete,high,P1,no_signal
https://coincu.com/berachain-mainnet-launch-confirmed-for-february/,"Berachain Mainnet Launch Confirmed For February 6, 2025","Berachain Mainnet Launch Confirmed For February 6, 2025",news,200,Indexable,2093,129,0,0,,,0,0,yes,delete,high,P1,no_signal
https://coincu.com/beribit-in-russia-causes-outrage/,Beribit In Russia Causes Outrage When Detaining More Than $4 Million Of Customers,Beribit In Russia Causes Outrage When Detaining More Than $4 Million Of Customers,news,200,Indexable,2174,130,0,0,,,0,0,yes,delete,high,P1,no_signal
https://coincu.com/berkah-digital-alchemy-pay-license-crypto/,Indonesia's Berkah Digital And Alchemy Pay Secure License For Crypto Transactions,Indonesia’s Berkah Digital And Alchemy Pay Secure License For Crypto Transactions,news,200,Indexable,2144,269,0,0,,,0,0,yes,delete,high,P1,no_signal
https://coincu.com/berlin-set-to-host-blockchain-week-2024/,Berlin Set to Host Blockchain Week 2024: Embracing Decentralized Finance,Berlin Set to Host Blockchain Week 2024: Embracing Decentralized Finance,news,200,Indexable,1929,156,0,0,,,0,0,yes,delete,high,P1,no_signal
https://coincu.com/bermuda-partners-with-coinbase-and-circle/,Bermuda Partners with Coinbase and Circle to Launch Onchain Economy,Bermuda Partners with Coinbase and Circle to Launch Onchain Economy,news,200,Indexable,2161,148,0,0,,,0,0,yes,delete,high,P1,no_signal
https://coincu.com/bernstein-analysts-raised-bitcoin-price-target/,"Bernstein Analysts Raised Bitcoin Price Target At The End Of 2024 To $90,000","Bernstein Analysts Raised Bitcoin Price Target At The End Of 2024 To $90,000",news,200,Indexable,2120,97,0,0,,,0,0,yes,delete,high,P1,no_signal
https://coincu.com/bernstein-maintains-190-price-target-for-circle-sees-44-upside/,"Bernstein Maintains $190 Price Target for Circle, Sees 44% Upside","Bernstein Maintains $190 Price Target for Circle, Sees 44% Upside",news,200,Indexable,2504,152,0,0,,,0,0,yes,delete,high,P1,no_signal
https://coincu.com/bernstein-spot-ethereum-etf-approval-price-surge/,"Bernstein: Spot Ethereum ETF Approval Anticipated Could Drive Price Surge To $6,600","Bernstein: Spot Ethereum ETF Approval Anticipated Could Drive Price Surge To $6,600",news,200,Indexable,2185,175,0,0,,,0,0,yes,delete,high,P1,no_signal
https://coincu.com/bernsteins-bitcoin-miners-rating/,"Bernstein’s Bitcoin Miners Rating: Riot, CleanSpark, IREN ‘Outperform’","Bernstein’s Bitcoin Miners Rating: Riot, CleanSpark, IREN ‘Outperform’",news,200,Indexable,2003,200,0,0,,,0,0,yes,delete,high,P1,no_signal
https://coincu.com/bessent-backs-blockchain-eyes-2t-stablecoin/,"Scott Bessent Backs Blockchain, Eyes $2T Stablecoin Growth by 2028","Scott Bessent Backs Blockchain, Eyes $2T Stablecoin Growth by 2028",news,200,Indexable,2255,123,0,0,,,0,0,yes,delete,high,P1,no_signal
https://coincu.com/best-altcoins-for-exponential-returns-in-2024-qubetics-innovation-cosmos-scalability-and-eos-speed-unlocking-massive-growth-potential/,"Best Altcoins for Exponential Returns in 2024: Qubetics Innovation, Cosmos Scalability, and EOS Speed – Unlocking Massive Growth Potential!","Best Altcoins for Exponential Returns in 2024: Qubetics Innovation, Cosmos Scalability, and EOS Speed – Unlocking Massive Growth Potential!",press_release_like,200,Indexable,2381,143,0,0,,,0,0,yes,delete,high,P1,outdated_evergreen; event_pr_signal
https://coincu.com/best-cryptos-for-exponential-returns-qubetics-next-gen-web3-aggregator-cosmos-interoperability-and-bitcoin-cash-faster-transactions/,"Best Cryptos for Exponential Returns: Qubetics' Next-Gen Web3 Aggregator, Cosmos' Interoperability, and Bitcoin Cash' Faster Transactions","Best Cryptos for Exponential Returns: Qubetics’ Next-Gen Web3 Aggregator, Cosmos’ Interoperability, and Bitcoin Cash’ Faster Transactions",press_release_like,200,Indexable,2578,149,0,0,,,0,0,yes,delete,high,P1,event_pr_signal
https://coincu.com/best-cryptos-to-buy-this-week-for-exponential-returns-qubetics-decentralized-vpn-polkadots-scalability-and-astras-defi-expansion/,"Best Cryptos to Buy This Week for Exponential Returns: Qubetics Enhances Security, Polkadot Unites Blockchains, Astra Disrupts DeFi","Best Cryptos to Buy This Week for Exponential Returns: Qubetics Enhances Security, Polkadot Unites Blockchains, Astra Disrupts DeFi",press_release_like,200,Indexable,2712,153,0,0,,,0,0,yes,delete,high,P1,event_pr_signal
https://coincu.com/best-cryptos-to-buy-this-week-for-exponential-returns-qubetics-hits-479m-tokens-vechain-optimizes-trade-and-monero-secures-privacy/,"Best Cryptos to Buy This Week for Exponential Returns: Qubetics Sells 479M Tokens, VeChain Enhances Global Trade, and Monero Leads in Privacy","Best Cryptos to Buy This Week for Exponential Returns: Qubetics Sells 479M Tokens, VeChain Enhances Global Trade, and Monero Leads in Privacy",press_release_like,200,Indexable,2785,167,0,0,,,0,0,yes,delete,high,P1,event_pr_signal
https://coincu.com/best-cryptos-to-invest-in-today-for-exponential-return-potential-qubetics-monero-and-kaspa-compared/,"Qubetics, Monero, and Kaspa: A Deep Dive into the Best Cryptos to Invest in Today for Exponential Return Potential","Qubetics, Monero, and Kaspa: A Deep Dive into the Best Cryptos to Invest in Today for Exponential Return Potential",press_release_like,200,Indexable,3149,165,0,0,,,0,0,yes,delete,high,P1,event_pr_signal
https://coincu.com/best-meme-coins-for-exponential-returns-arctic-pablo-coin-boneshibaswap-shiba-inu/,Best Meme Coins for Exponential Returns: Arctic Pablo’s Price Is Set to Explode – BoneShibaSwap and Shiba Inu Holders Are Loading Up,Best Meme Coins for Exponential Returns: Arctic Pablo’s Price Is Set to Explode – BoneShibaSwap and Shiba Inu Holders Are Loading Up,press_release_like,200,Indexable,2695,168,0,0,,,0,0,yes,delete,high,P1,event_pr_signal
https://coincu.com/best-meme-coins-for-exponential-returns-arctic-pablo-more/,$1.2M Raised! Arctic Pablo’s Presale Surges as SPX6900’s Breakout & Snek’s Rally Shake Up the Market,$1.2M Raised! Arctic Pablo’s Presale Surges as SPX6900’s Breakout & Snek’s Rally Shake Up the Market,press_release_like,200,Indexable,2590,153,0,0,,,0,0,yes,delete,high,P1,event_pr_signal
https://coincu.com/best-meme-coins-for-exponential-returns-btfd-coin-soars-while-mew-and-apu-make-waves/,BTFD Coin Shatters Records in the Best Meme Coins for Exponential Returns as Cat in a Dog's World Gains Momentum and Apu Apustaja Expands,BTFD Coin Shatters Records in the Best Meme Coins for Exponential Returns as Cat in a Dog’s World Gains Momentum and Apu Apustaja Expands,press_release_like,200,Indexable,2734,159,0,0,,,0,0,yes,delete,high,P1,event_pr_signal
https://coincu.com/best-new-meme-coins-for-exponential-returns-featuring-btfd-coin-dogwifhat-and-moo-deng/,"Best New Meme Coins for Exponential Returns You Can’t Miss – BTFD Coin, Dogwifhat, Moo Deng","Best New Meme Coins for Exponential Returns You Can’t Miss – BTFD Coin, Dogwifhat, Moo Deng",press_release_like,200,Indexable,2952,154,0,0,,,0,0,yes,delete,high,P1,event_pr_signal
https://coincu.com/bestinslot-uncovers-issue-upgrade-brc-20-balance/,BestinSlot Uncovers Issue—Upgrade Your BRC-20 Balances for Success!,BestinSlot Uncovers Issue—Upgrade Your BRC-20 Balances for Success!,news,200,Indexable,2180,153,0,0,,,0,0,yes,delete,high,P1,no_signal
https://coincu.com/betterment-innovative-crypto-offering/,Betterment Launches Innovative Cryptocurrency Offering For Customers With Custody By Gemini,Betterment Launches Innovative Cryptocurrency Offering For Customers With Custody By Gemini,news,200,Indexable,2136,148,0,0,,,0,0,yes,delete,high,P1,no_signal
https://coincu.com/bevm-unveils-groundbreaking-taproot-consensus-for-decentralized-bitcoin-layer-2-solution/,BEVM Unveils Groundbreaking Taproot Consensus for Decentralized Bitcoin Layer 2 Solution,BEVM Unveils Groundbreaking Taproot Consensus for Decentralized Bitcoin Layer 2 Solution,news,200,Indexable,2748,37,0,0,,,0,0,yes,delete,high,P1,no_signal
https://coincu.com/beware-malicious-ledger-connect-kit-exposed/,Beware! Malicious Ledger Connect Kit Exposed - Protect Your Assets Now!,Beware! Malicious Ledger Connect Kit Exposed – Protect Your Assets Now!,press_release_like,200,Indexable,2149,158,0,0,,,0,0,yes,delete,high,P1,event_pr_signal
https://coincu.com/beware-of-scam-campaigns-before-the-merge/,Beware Of Scam Campaigns Before The Merge,Beware Of Scam Campaigns Before The Merge,news,200,Indexable,2165,156,0,0,,,0,0,yes,delete,high,P1,no_signal
https://coincu.com/beware-sorta-finance-scam-25m-heist-and-counting/,Beware Sorta Finance Scam: $25M Heist And Counting,Beware Sorta Finance Scam: $25M Heist And Counting,news,200,Indexable,2142,131,0,0,,,0,0,yes,delete,high,P1,no_signal
https://coincu.com/beyond-xrp-analyst-recommend-this-cryptocurrency/,Beyond XRP: Financial Analysts Recommend This Surging Cryptocurrency,Beyond XRP: Financial Analysts Recommend This Surging Cryptocurrency,news,200,Indexable,2141,158,0,0,,,0,0,yes,delete,high,P1,no_signal
https://coincu.com/bhad-bhabie-net-worth-success-from-iconic-saying/,Bhad Bhabie Net Worth: Success From Iconic Saying,Bhad Bhabie Net Worth: Success From Iconic Saying,news,200,Indexable,3922,140,0,0,,,0,0,yes,delete,high,P1,no_signal
https://coincu.com/bhutan-bitcoin-reserves-drop-70-percent-mining-status/,Bhutan Bitcoin Reserves Drop 70% as Mining Questions Grow,Bhutan Bitcoin Reserves Drop 70% as Mining Questions Grow,news,200,Indexable,3018,155,0,0,,,0,0,yes,delete,high,P1,no_signal
https://coincu.com/bhutan-ethereum-digital-id-system/,Bhutan Adopts Ethereum for National ID System,Bhutan Adopts Ethereum for National ID System,news,200,Indexable,2024,93,0,0,,,0,0,yes,delete,high,P1,no_signal
https://coincu.com/bhutan-launches-gold-backed-ter-token/,Bhutan Launches Gold-Backed TER Token on Solana for Global Investors,Bhutan Launches Gold-Backed TER Token on Solana for Global Investors,news,200,Indexable,2046,150,0,0,,,0,0,yes,delete,high,P1,no_signal
https://coincu.com/bhutans-bitcoin-holdings-exceed-el-salvador/,Bhutan's Bitcoin Holdings Exceed El Salvador,Bhutan’s Bitcoin Holdings Exceed El Salvador,news,200,Indexable,2044,111,0,0,,,0,0,yes,delete,high,P1,no_signal
https://coincu.com/bhutans-sovereign-fund-via-blockfi-celsius/,Bhutan's Sovereign Wealth Fund Makes Secret Crypto Play Via BlockFi And Celsius,Bhutan’s Sovereign Wealth Fund Makes Secret Crypto Play Via BlockFi And Celsius,news,200,Indexable,2140,216,0,0,,,0,0,yes,delete,high,P1,no_signal
https://coincu.com/bicasso-launched-by-binance/,Bicasso Launched By Binance Initiated A Competitive Race On AI,Bicasso Launched By Binance Initiated A Competitive Race On AI,news,200,Indexable,2942,355,0,0,,,0,0,yes,delete,high,P1,no_signal
https://coincu.com/biden-administration-bitcoin-roundtable/,Biden Administration Bitcoin Roundtable To Be Held To Promote U.S. Leadership In Crypto,Biden Administration Bitcoin Roundtable To Be Held To Promote U.S. Leadership In Crypto,news,200,Indexable,2109,157,0,0,,,0,0,yes,delete,high,P1,no_signal
https://coincu.com/biden-administration-to-tackle-crypto-risks/,Biden Administration Announcing Roadmap To Tackle Crypto Risks,Biden Administration Announcing Roadmap To Tackle Crypto Risks,news,200,Indexable,2102,141,0,0,,,0,0,yes,delete,high,P1,no_signal
https://coincu.com/biden-blocked-chinese-crypto-mining-firm/,"President Biden Blocked Chinese Crypto Mining Firm, Citing National Security Risks","President Biden Blocked Chinese Crypto Mining Firm, Citing National Security Risks",news,200,Indexable,2157,137,0,0,,,0,0,yes,delete,high,P1,no_signal
https://coincu.com/biden-budget-plan-to-crypto-tax-loophole/,Biden Budget Plan To Close Crypto Tax Loophole For Loss Harvesting,Biden Budget Plan To Close Crypto Tax Loophole For Loss Harvesting,news,200,Indexable,2120,261,0,0,,,0,0,yes,delete,high,P1,no_signal
https://coincu.com/biden-crypto-donations-against-crypto-president/,"Biden Crypto Donations Aim To Fight Against ""Crypto President""",Biden Crypto Donations Aim To Fight Against “Crypto President”,news,200,Indexable,2168,139,0,0,,,0,0,yes,delete,high,P1,no_signal
https://coincu.com/biden-presidential-campaign-coinbase-member/,Biden Presidential Campaign Is Seeking Help From A Coinbase Member In The 2024 Race,Biden Presidential Campaign Is Seeking Help From A Coinbase Member In The 2024 Race,news,200,Indexable,2152,115,0,0,,,0,0,yes,delete,high,P1,no_signal
https://coincu.com/biden-replacement-memecoins-surge-200/,Biden Replacement Memecoins Surge 200% Amidst Election Doubts Rise,Biden Replacement Memecoins Surge 200% Amidst Election Doubts Rise,news,200,Indexable,2133,170,0,0,,,0,0,yes,delete,high,P1,no_signal
https://coincu.com/biden-sab-121-for-crypto-custodial-standard/,Biden SAB 121 For Crypto Custodial Standard Will Be Excluded On Next Days,Biden SAB 121 For Crypto Custodial Standard Will Be Excluded On Next Days,news,200,Indexable,2088,125,0,0,,,0,0,yes,delete,high,P1,no_signal
https://coincu.com/biden-thanks-nigerias-tinubu-for-binance-exec/,Biden Thanks Nigeria’s Tinubu For Binance Exec Release In Call,Biden Thanks Nigeria’s Tinubu For Binance Exec Release In Call,news,200,Indexable,2120,138,0,0,,,0,0,yes,delete,high,P1,no_signal
https://coincu.com/bidens-warning-to-tech-giants-on-ai-risks/,Biden's Urgent Warning to Tech Giants on AI Risks,Biden’s Urgent Warning to Tech Giants on AI Risks,news,200,Indexable,2105,188,0,0,,,0,0,yes,delete,high,P1,no_signal
https://coincu.com/big-data-protocol-bdp-surged-by-1400/,"Big Data Protocol (BDP) Surged By 1,400% Amid Giant Firms Announce AI Chatbots","Big Data Protocol (BDP) Surged By 1,400% Amid Giant Firms Announce AI Chatbots",news,200,Indexable,2111,249,0,0,,,0,0,yes,delete,high,P1,no_signal
https://coincu.com/big-day-for-crypto-bitcoin-halving-completed/,Big Day For Crypto: 4th Bitcoin Halving Is Now Completed,Big Day For Crypto: 4th Bitcoin Halving Is Now Completed,news,200,Indexable,2084,122,0,0,,,0,0,yes,delete,high,P1,no_signal
https://coincu.com/big-funds-are-moving-from-xrp-cardano-into-unknown-launch-is-1fuel-the-next-crypto-secret-boom/,Big Funds Are Moving from XRP & Cardano Into Unknown Launch- Is 1Fuel The Next Crypto Secret Boom,Big Funds Are Moving from XRP & Cardano Into Unknown Launch- Is 1Fuel The Next Crypto Secret Boom,news,200,Indexable,2397,109,0,0,,,0,0,yes,delete,high,P1,no_signal
https://coincu.com/big-move-cnbc-to-feature-kalshis/,Big Move: CNBC to Feature Kalshi’s Real-Time Forecasts,Big Move: CNBC to Feature Kalshi’s Real-Time Forecasts Next Year,news,200,Indexable,2203,145,0,0,,,0,0,yes,delete,high,P1,no_signal
https://coincu.com/big-player-bought-1-million-arb-after-tweet/,Big Player Bought $1 Million ARB After Tweeting About Altcoin,Big Player Bought $1 Million ARB After Tweeting About Altcoins,news,200,Indexable,2191,126,0,0,,,0,0,yes,delete,high,P1,no_signal
https://coincu.com/big-players-accumulate-240k-eth-as-ethereum/,Big Players Accumulate 240K ETH as Ethereum Treasuries Grow,Big Players Accumulate 240K ETH as Ethereum Treasuries Grow,news,200,Indexable,2116,134,0,0,,,0,0,yes,delete,high,P1,no_signal
https://coincu.com/big-token-unlocks-and-42b-plans-octobers-end/,Market Overview (Oct 28 – Nov 3): Big Token Unlocks and $42B Plans after October’s End,Market Overview (Oct 28 – Nov 3): Big Token Unlocks and $42B Plans After October’s End,news,200,Indexable,2227,184,0,0,,,0,0,yes,delete,high,P1,no_signal
https://coincu.com/biggest-crypto-crash-ever/,Biggest Crypto Crash Ever: $19B Liquidated in One Day,Biggest Crypto Crash Ever: $19B Liquidated in One Day,news,200,Indexable,2204,111,0,0,,,0,0,yes,delete,high,P1,no_signal
https://coincu.com/bill-ackman-still-believes-crypto/,Bill Ackman Still Believes In The Future Of Crypto After The FTX Crisis,Bill Ackman Still Believes In The Future Of Crypto After The FTX Crisis,news,200,Indexable,2216,156,0,0,,,0,0,yes,delete,high,P1,no_signal
https://coincu.com/bill-ackmans-crypto-needs-to-self-police/,Billionaire Bill Ackman Says Crypto Industry Needs To Self-police Or It Will Be Shut Down,Billionaire Bill Ackman Says Crypto Industry Needs To Self-police Or It Will Be Shut Down,news,200,Indexable,2103,288,0,0,,,0,0,yes,delete,high,P1,no_signal
https://coincu.com/bill-addressing-stablecoins-risks-postponed/,Bill Addressing Stablecoins Risks In The US Is Most Likely Postponed Until September,Bill Addressing Stablecoins Risks In The US Is Most Likely Postponed Until September,news,200,Indexable,2246,146,0,0,,,0,0,yes,delete,high,P1,no_signal
https://coincu.com/billions-invested-alameda-risk-exposure-sbf/,"Billions Invested Despite Alameda Risk Exposure, SBF Reveals","Billions Invested Despite Alameda Risk Exposure, SBF Reveals",press_release_like,200,Indexable,2100,182,0,0,,,0,0,yes,delete,high,P1,event_pr_signal
https://coincu.com/billy-markus-current-market-comment/,Billy Markus Current Market Comment,Billy Markus Current Market Comment,news,200,Indexable,1956,140,0,0,,,0,0,yes,delete,high,P1,no_signal
https://coincu.com/binance-10-bridge-token-multichain-team/,Binance Suspends Deposits For 10 Bridge Token Networks Pending Clarification From Multichain Team,Binance Suspends Deposits For 10 Bridge Token Networks Pending Clarification From Multichain Team,news,200,Indexable,2226,159,0,0,,,0,0,yes,delete,high,P1,no_signal
https://coincu.com/binance-127351-btc-transferred-to-the-exchange/,"Binance Saw 127,351 BTC Transferred To The Exchange","Binance Saw 127,351 BTC Transferred To The Exchange",news,200,Indexable,1912,120,0,0,,,0,0,yes,delete,high,P1,no_signal
https://coincu.com/binance-187-million-net-usdt-inflow-24-hours/,Binance Sees $187M Net USDT Inflow in 24 Hours,Binance Sees $187M Net USDT Inflow in 24 Hours,news,200,Indexable,2474,159,0,0,,,0,0,yes,delete,high,P1,no_signal
https://coincu.com/binance-4-major-auditing-firms-refuse-audit/,Binance: Big Four Refuse To Audit Reserves For Private Crypto Companies,Binance: Big Four Refuse To Audit Reserves For Private Crypto Companies,news,200,Indexable,2126,291,0,0,,,0,0,yes,delete,high,P1,no_signal
https://coincu.com/binance-40-0644-million-usdt-net-inflow-past-hour/,Binance Sees 40.0644M USDT Net Inflow in One Hour: What It Could Mean,Binance Sees 40.0644M USDT Net Inflow in One Hour: What It Could Mean,news,200,Indexable,2549,169,0,0,,,0,0,yes,delete,high,P1,no_signal
https://coincu.com/binance-40-7-million-net-usdt-outflows-past-hour/,Binance Records $40.7M Net USDT Outflows in One Hour,Binance Records $40.7M Net USDT Outflows in One Hour,news,200,Indexable,2454,157,0,0,,,0,0,yes,delete,high,P1,no_signal
https://coincu.com/binance-46-15m-net-usdt-outflows-past-hour/,Binance Sees $46.15M Net USDT Outflows in One Hour,Binance Sees $46.15M Net USDT Outflows in One Hour,news,200,Indexable,2501,156,0,0,,,0,0,yes,delete,high,P1,no_signal
https://coincu.com/binance-500-australian-users-affected/,"Shocking! Binance Shuts Down Contract Positions, Leaving 500 Australian Users Affected","Shocking! Binance Shuts Down Contract Positions, Leaving 500 Australian Users Affected",news,200,Indexable,2139,157,0,0,,,0,0,yes,delete,high,P1,no_signal
https://coincu.com/binance-924-million-net-usdt-outflows-24-hours/,Binance Records $924 Million in Net USDT Outflows Over 24 Hours,Binance Records $924 Million in Net USDT Outflows Over 24 Hours,news,200,Indexable,2573,166,0,0,,,0,0,yes,delete,high,P1,no_signal
https://coincu.com/binance-abandons-dutch-market/,"Binance Abandons Dutch Market, Coinmerce Becomes Largest Exchange In Netherlands","Binance Abandons Dutch Market, Coinmerce Becomes Largest Exchange In Netherlands",news,200,Indexable,2287,93,0,0,,,0,0,yes,delete,high,P1,no_signal
https://coincu.com/binance-abused-free-bitcoin-trading/,"Binance Being ""Abused"" For Free Bitcoin Trading",Binance Being “Abused” For Free Bitcoin Trading,news,200,Indexable,2179,156,0,0,,,0,0,yes,delete,high,P1,no_signal
https://coincu.com/binance-academy-leveraging-coursera/,Binance Academy Leveraging Coursera To Help Everyone Access To Web3,Binance Academy Leveraging Coursera To Help Everyone Access To Web3,news,200,Indexable,2239,97,0,0,,,0,0,yes,delete,high,P1,no_signal
https://coincu.com/binance-account-hacked-linked-to-chrome-plug-in/,Binance Account Hacked: $1 Million Loss Linked To Chrome Plug-in,Binance Account Hacked: $1 Million Loss Linked To Chrome Plug-in,news,200,Indexable,2203,183,0,0,,,0,0,yes,delete,high,P1,no_signal
https://coincu.com/binance-account-incident-caused-user-to-lose/,Binance Account Incident Caused User to Lose $1 Million Unrelated to Exchange,Binance Account Incident Caused User to Lose $1 Million Unrelated to Exchange,news,200,Indexable,2081,119,0,0,,,0,0,yes,delete,high,P1,no_signal
https://coincu.com/binance-account-misuse-is-monitored/,Binance Account Misuse Is Now Being Closely Monitored By The Exchange,Binance Account Misuse Is Now Being Closely Monitored By The Exchange,news,200,Indexable,2099,105,0,0,,,0,0,yes,delete,high,P1,no_signal
https://coincu.com/binance-accuses-sec-of-unfair-tactics-legal/,Binance Accuses SEC of Unfair Tactics Admist The Ongoing Legal Battle,Binance Accuses SEC of Unfair Tactics Admist The Ongoing Legal Battle,news,200,Indexable,2031,136,0,0,,,0,0,yes,delete,high,P1,no_signal
https://coincu.com/binance-acquire-gopax-korean/,"Binance Negotiates To Acquire Gopax, A top 5 Korean Exchange","Binance Negotiates To Acquire Gopax, A top 5 Korean Exchange",news,200,Indexable,2070,158,0,0,,,0,0,yes,delete,high,P1,no_signal
https://coincu.com/binance-acquired-100-of-sakura-exchange/,Binance Acquired 100% Of Sakura Exchange BitCoin (SEBC),Binance Acquired 100% Of Sakura Exchange BitCoin (SEBC),news,200,Indexable,2018,260,0,0,,,0,0,yes,delete,high,P1,no_signal
https://coincu.com/binance-active-users/,Binance Active Users Reached 200 Million Mark,Binance Active Users Reached 200 Million Mark,news,200,Indexable,2165,100,0,0,,,0,0,yes,delete,high,P1,no_signal
https://coincu.com/binance-address-generates-70000-wbeth-worth-117m/,"Binance Address Generates 70,000 WBETH Worth $117 Million","Binance Address Generates 70,000 WBETH Worth $117 Million",news,200,Indexable,2027,81,0,0,,,0,0,yes,delete,high,P1,no_signal
https://coincu.com/binance-addresses-7-incidents-of-recent-fud/,Binance Addresses 7 Incidents Of Recent FUD,Binance Addresses 7 Incidents Of Recent FUD,news,200,Indexable,2332,191,0,0,,,0,0,yes,delete,high,P1,no_signal
https://coincu.com/binance-adds-1-billion-safu-insurance-fund/,"Binance Strengthens Position, Adds $1 Billion SAFU Insurance Fund","Binance Strengthens Position, Adds $1 Billion SAFU Insurance Fund",news,200,Indexable,1984,158,0,0,,,0,0,yes,delete,high,P1,no_signal
https://coincu.com/binance-adds-opinion-token-lock-bnb/,"Binance Adds Opinion Token: Lock BNB, USDC, U, USD1 to Earn","Binance Adds Opinion Token: Lock BNB, USDC, U, USD1 to Earn",news,200,Indexable,2023,111,0,0,,,0,0,yes,delete,high,P1,no_signal
https://coincu.com/binance-adjustments-cyber-u/,Binance Announces Strategic Adjustments To CYBER U-Margined Perpetual Contracts,Binance Announces Strategic Adjustments To CYBER U-Margined Perpetual Contracts,news,200,Indexable,2009,95,0,0,,,0,0,yes,delete,high,P1,no_signal
https://coincu.com/binance-adjusts-leverage-margin-u-margined-perpetual-contracts/,"Binance Adjusts Leverage, Margin Levels for 26 U-Margined Contracts","Binance Adjusts Leverage, Margin Levels for 26 U-Margined Contracts",news,200,Indexable,3114,153,0,0,,,0,0,yes,delete,high,P1,no_signal
https://coincu.com/binance-advertising-campaign/,Binance Launches Advertising Campaign With Ronaldo NFTs Collection,Binance Launches Advertising Campaign With Ronaldo NFTs Collection,news,200,Indexable,1803,115,0,0,,,0,0,yes,delete,high,P1,no_signal
https://coincu.com/binance-affected-by-3commas-api-key-leak/,Large Number Of Altcoins On Binance Affected By 3Commas API Key Leak,Large Number Of Altcoins On Binance Affected By 3Commas API Key Leak,news,200,Indexable,2018,238,0,0,,,0,0,yes,delete,high,P1,no_signal
https://coincu.com/binance-ai-powered-nft-generator/,Binance AI-powered NFT Generator Reaches Minting Cap In 2.5 Hours,Binance AI-powered NFT Generator Reaches Minting Cap In 2.5 Hours,news,200,Indexable,2081,163,0,0,,,0,0,yes,delete,high,P1,no_signal
https://coincu.com/binance-aims-to-add-8000-employees/,"Binance Aims To Add 8,000 Employees By Year-End","Binance Aims To Add 8,000 Employees By Year-End",news,200,Indexable,1970,145,0,0,,,0,0,yes,delete,high,P1,no_signal
https://coincu.com/binance-allows-tusd-zero-fee/,Binance Now Allows TUSD Spot Trading With Zero Maker Fee From June 30,Binance Now Allows TUSD Spot Trading With Zero Maker Fee From June 30,news,200,Indexable,2190,121,0,0,,,0,0,yes,delete,high,P1,no_signal
https://coincu.com/binance-alpha-2-enhanced-integration/,Binance Alpha 2.0 Enhances CEX-DEX Trading Integration,Binance Alpha 2.0 Enhances CEX-DEX Trading Integration,news,200,Indexable,2195,99,0,0,,,0,0,yes,delete,high,P1,no_signal
https://coincu.com/binance-alpha-2-expansion-accessibility/,"Binance Alpha 2.0 Expands into Exchange, Improves User Accessibility","Binance Alpha 2.0 Expands into Exchange, Improves User Accessibility",news,200,Indexable,2079,108,0,0,,,0,0,yes,delete,high,P1,no_signal
https://coincu.com/binance-alpha-adds-new-tokens/,"Binance Alpha Adds Four New Tokens, Showcasing Crypto Innovation","Binance Alpha Adds Four New Tokens, Showcasing Crypto Innovation",news,200,Indexable,2149,109,0,0,,,0,0,yes,delete,high,P1,no_signal
https://coincu.com/binance-alpha-announced-10-hot-projects/,Binance Alpha Announced 10 Hot Projects That Could Be Listed,Binance Alpha Announced 10 Hot Projects That Could Be Listed,news,200,Indexable,2023,154,0,0,,,0,0,yes,delete,high,P1,no_signal
https://coincu.com/binance-alpha-early-stage-investment-opportunity/,Binance Alpha: Early-Stage Crypto Investment Opportunities,Binance Alpha: Early-Stage Crypto Investment Opportunities,news,200,Indexable,2388,159,0,0,,,0,0,yes,delete,high,P1,no_signal
https://coincu.com/binance-alpha-launches-matchain/,Binance Alpha Launches Matchain Airdrop Amid Multi-Exchange Debut,Binance Alpha Launches Matchain Airdrop Amid Multi-Exchange Debut,news,200,Indexable,2186,93,0,0,,,0,0,yes,delete,high,P1,no_signal
https://coincu.com/binance-alpha-list-zest-protocol-zest-may-19/,Binance Alpha to List Zest Protocol (ZEST) on May 19,Binance Alpha to List Zest Protocol (ZEST) on May 19,news,200,Indexable,2373,148,0,0,,,0,0,yes,delete,high,P1,no_signal
https://coincu.com/binance-alpha-page-points-returns/,"Binance Alpha Page Shows Points, Historical Returns","Binance Alpha Page Shows Points, Historical Returns",news,200,Indexable,2755,157,0,0,,,0,0,yes,delete,high,P1,no_signal
https://coincu.com/binance-alpha-record-trading-volume/,Binance Alpha 2.0 Achieves Record $1.13 Billion Trading Volume,Binance Alpha 2.0 Achieves Record $1.13 Billion Trading Volume,news,200,Indexable,2155,99,0,0,,,0,0,yes,delete,high,P1,no_signal
https://coincu.com/binance-altcoin-volume-share-hits-record/,Binance Altcoin Volume Share Hits Record 82.3%. Altseason Incoming?,Binance Altcoin Volume Share Hits Record 82.3%. Altseason Incoming?,news,200,Indexable,2046,163,0,0,,,0,0,yes,delete,high,P1,no_signal
https://coincu.com/binance-and-brazilian-football-free-nft/,Binance And Brazilian Football Federation Team Up for Free NFT Bonanza,Binance And Brazilian Football Federation Team Up for Free NFT Bonanza,news,200,Indexable,2131,161,0,0,,,0,0,yes,delete,high,P1,no_signal
https://coincu.com/binance-and-bybit-defy-sui-teams-request/,"Binance And Bybit Defy SUI Team's Request, Launch 50x Leveraged Perpetual Contracts","Binance And Bybit Defy SUI Team’s Request, Launch 50x Leveraged Perpetual Contracts",news,200,Indexable,2142,157,0,0,,,0,0,yes,delete,high,P1,no_signal
https://coincu.com/binance-and-ceo-changpeng-zhao-dismiss-sec/,Binance And CEO Changpeng Zhao Officially File To Dismiss SEC Lawsuit,Binance And CEO Changpeng Zhao Officially File To Dismiss SEC Lawsuit,news,200,Indexable,2126,80,0,0,,,0,0,yes,delete,high,P1,no_signal
https://coincu.com/binance-and-eazypay-support-crypto-payments/,Binance And EazyPay Collaborate To Support Crypto Payments In Bahrain,Binance And EazyPay Collaborate To Support Crypto Payments In Bahrain,news,200,Indexable,2179,155,0,0,,,0,0,yes,delete,high,P1,no_signal
https://coincu.com/binance-and-huobi-announced-freeze-crypto/,Binance And Huobi Announced Freeze $1.4 Million Crypto-Related To Harmony Hack,Binance And Huobi Announced Freeze $1.4 Million Crypto-Related To Harmony Hack,news,200,Indexable,2222,203,0,0,,,0,0,yes,delete,high,P1,no_signal
https://coincu.com/binance-and-mastercard-launch-bitcoin-card/,Binance And Mastercard Launch Bitcoin Card In Argentina,Binance And Mastercard Launch Bitcoin Card In Argentina,news,200,Indexable,2311,158,0,0,,,0,0,yes,delete,high,P1,no_signal
https://coincu.com/binance-and-sec-agree-to-60-day-legal-pause/,Binance and SEC Agree to 60-Day Legal Pause for Negotiations,Binance and SEC Agree to 60-Day Legal Pause for Negotiations,news,200,Indexable,2164,122,0,0,,,0,0,yes,delete,high,P1,no_signal
https://coincu.com/binance-and-thai-authorities-smash-277-m-scam/,"Binance and Thai Authorities Smash $277 Million Scam, Deliver Justice to 3,200","Binance and Thai Authorities Smash $277 Million Scam, Deliver Justice to 3,200",news,200,Indexable,2179,137,0,0,,,0,0,yes,delete,high,P1,no_signal
https://coincu.com/binance-and-virtuzone-partner-in-the-uae/,Binance And Virtuzone Partner To Promote Crypto Adoption In The UAE,Binance And Virtuzone Partner To Promote Crypto Adoption In The UAE,news,200,Indexable,2239,155,0,0,,,0,0,yes,delete,high,P1,no_signal
https://coincu.com/binance-announces-delisting-project-alleges/,Binance Announces Delistings Project Alleges An Unreturned Listing Deposit,Binance Announces Delistings Project Alleges An Unreturned Listing Deposit,news,200,Indexable,2037,153,0,0,,,0,0,yes,delete,high,P1,no_signal
https://coincu.com/binance-announces-integration-of-mirrorx/,Binance Announces Integration Of Ceffu's OTC Settlement Solution MirrorX,Binance Announces Integration Of Ceffu’s OTC Settlement Solution MirrorX,news,200,Indexable,2057,117,0,0,,,0,0,yes,delete,high,P1,no_signal
https://coincu.com/binance-announcing-a-deploy-with-zk-snarks/,Binance Announcing A Deploy With zk-SNARKs On Proof-of-reserves System,Binance Announcing A Deploy With zk-SNARKs On Proof-of-reserves System,news,200,Indexable,2146,294,0,0,,,0,0,yes,delete,high,P1,no_signal
https://coincu.com/binance-annual-report/,Binance Annual Report Says Exchange Users Increase By $30 In 2023,Binance Annual Report Says Exchange Users Increase By $30 In 2023,news,200,Indexable,2141,119,0,0,,,0,0,yes,delete,high,P1,no_signal
https://coincu.com/binance-another-bitcoin-withdrawal-problem/,Binance Has Another Bitcoin Withdrawal Problem Due to High Transaction Volume,Binance Has Another Bitcoin Withdrawal Problem Due to High Transaction Volume,news,200,Indexable,2282,84,0,0,,,0,0,yes,delete,high,P1,no_signal
https://coincu.com/binance-apply-transaction-tax-lunc-trades/,Binance Will Apply 1.2% Transaction Tax To All LUNC Trades If 50% Traders Join,Binance Will Apply 1.2% Transaction Tax To All LUNC Trades If 50% Traders Join,news,200,Indexable,2144,151,0,0,,,0,0,yes,delete,high,P1,no_signal
https://coincu.com/binance-appoints-new-chief-marketing-officer/,Binance Appoints New Chief Marketing Officer Amidst Recent Human Resources Difficulties,Binance Appoints New Chief Marketing Officer Amidst Recent Human Resources Difficulties,news,200,Indexable,2086,159,0,0,,,0,0,yes,delete,high,P1,no_signal
https://coincu.com/binance-appoints-new-general-counsel/,Binance Appoints New General Counsel Amid Increased Legal Pressure,Binance Appoints New General Counsel Amid Increased Legal Pressure,news,200,Indexable,2277,67,0,0,,,0,0,yes,delete,high,P1,no_signal
https://coincu.com/binance-appoints-new-vp-global-marketing/,Binance Appoints New VP Of Global Marketing To Reinforce Trusted Crypto Leadership,Binance Appoints New VP Of Global Marketing To Reinforce Trusted Crypto Leadership,news,200,Indexable,2067,216,0,0,,,0,0,yes,delete,high,P1,no_signal
https://coincu.com/binance-asks-canada-recall-investigation/,Binance Asks Canadian Regulators To Recall Securities Violation Investigation - Coincu - Latest Cryptocurrency News and Analysis 1,Binance Asks Canadian Regulators To Recall Securities Violation Investigation,news,200,Indexable,2056,175,0,0,,,0,0,yes,delete,high,P1,no_signal
https://coincu.com/binance-asset-retrieval-enhanced/,"Binance Asset Retrieval Enhanced, Users Only Cost 5 USDT To Recover","Binance Asset Retrieval Enhanced, Users Only Cost 5 USDT To Recover",news,200,Indexable,2061,115,0,0,,,0,0,yes,delete,high,P1,no_signal
https://coincu.com/binance-aster-bnb-market-dynamics/,Binance Chief Zhao Highlights Aster's Role in BNB Ecosystem Growth,Binance Chief Zhao Highlights Aster’s Role in BNB Ecosystem Growth,news,200,Indexable,2113,93,0,0,,,0,0,yes,delete,high,P1,no_signal
https://coincu.com/binance-audit-is-meaningless-says-big-short/,"Binance Exchange Audit Is Meaningless, Says ‘Big Short’ Investor Michael Burry","Binance Exchange Audit Is Meaningless, Says ‘Big Short’ Investor Michael Burry",news,200,Indexable,1955,249,0,0,,,0,0,yes,delete,high,P1,no_signal
https://coincu.com/binance-australia-banned-payment-services/,Binance Australia Banned From Payment Services With Allegations Of Fraud,Binance Australia Banned From Payment Services With Allegations Of Fraud,news,200,Indexable,2185,171,0,0,,,0,0,yes,delete,high,P1,no_signal
https://coincu.com/binance-australia-officially-stopped-aud/,Binance Australia Now Officially Stopped Supporting AUD Through Bank Transfers,Binance Australia Now Officially Stopped Supporting AUD Through Bank Transfers,news,200,Indexable,2193,141,0,0,,,0,0,yes,delete,high,P1,no_signal
https://coincu.com/binance-australia-rise-in-crypto-scams/,Binance Australia Partner Reveals Shocking Rise In Crypto Scams,Binance Australia Partner Reveals Shocking Rise In Crypto Scams,news,200,Indexable,2183,264,0,0,,,0,0,yes,delete,high,P1,no_signal
https://coincu.com/binance-australia-sued-over-8-29m/,Binance Australia Sued Over $8.29M Compensation Claim,Binance Australia Sued Over $8.29M Compensation Claim,news,200,Indexable,2034,146,0,0,,,0,0,yes,delete,high,P1,no_signal
https://coincu.com/binance-australia-users-selling-bitcoin/,Binance Australia Users Are Selling Bitcoin To Rival Exchanges: Report,Binance Australia Users Are Selling Bitcoin To Rival Exchanges: Report,news,200,Indexable,2099,132,0,0,,,0,0,yes,delete,high,P1,no_signal
https://coincu.com/binance-australias-license-cancelled/,Binance Australia's Derivatives License Cancelled After April 21,Binance Australia’s Derivatives License Cancelled After April 21,news,200,Indexable,2114,169,0,0,,,0,0,yes,delete,high,P1,no_signal
https://coincu.com/binance-awarded-new-iso-certificates-data/,Binance Awarded New ISO Certificates For Data Protection And Security,Binance Awarded New ISO Certificates For Data Protection And Security,news,200,Indexable,2129,193,0,0,,,0,0,yes,delete,high,P1,no_signal
https://coincu.com/binance-backs-chiliz-2-0-mainnet-integration/,Binance Backs Chiliz 2.0 Mainnet Integration and Swap,Binance Backs Chiliz 2.0 Mainnet Integration and Swap,news,200,Indexable,2036,109,0,0,,,0,0,yes,delete,high,P1,no_signal
https://coincu.com/binance-being-disconnected-by-gopax/,Binance Is Being Disconnected By Gopax After SEC Lawsuit,Binance Is Being Disconnected By Gopax After SEC Lawsuit,news,200,Indexable,2351,139,0,0,,,0,0,yes,delete,high,P1,no_signal
https://coincu.com/binance-belgium-registration-now-active/,Binance Belgium Registration Now Active Again After Suspension,Binance Belgium Registration Now Active Again After Suspension,news,200,Indexable,2080,215,0,0,,,0,0,yes,delete,high,P1,no_signal
https://coincu.com/binance-benefiting-from-inflation/,"Binance Benefiting From Inflation, Says The Company’s Latin America Head","Binance Benefiting From Inflation, Says The Company’s Latin America Head",news,200,Indexable,2122,157,0,0,,,0,0,yes,delete,high,P1,no_signal
https://coincu.com/binance-bicasso-is-now-live/,"Binance Bicasso Is Now Live With 100,000 NFTs Available","Binance Bicasso Is Now Live With 100,000 NFTs Available",news,200,Indexable,1985,176,0,0,,,0,0,yes,delete,high,P1,no_signal
https://coincu.com/binance-blockchain-research-on-twitter/,Binance Creates New Group For Blockchain Research On Twitter,Binance Creates New Group For Blockchain Research On Twitter,news,200,Indexable,1909,154,0,0,,,0,0,yes,delete,high,P1,no_signal
https://coincu.com/binance-bring-back-fan-tokens/,Is Binance Seizing the Opportunity To Bring Back Trend Fan Tokens?,Is Binance Seizing the Opportunity To Bring Back Trend Fan Tokens?,news,200,Indexable,2067,157,0,0,,,0,0,yes,delete,high,P1,no_signal
https://coincu.com/binance-burn-636-m-bnb-in-26th-quarterly-burning/,Binance Burn $636 Million Worth of BNB in 26th Quarterly Burning!,Binance Burn $636 Million Worth of BNB in 26th Quarterly Burning!,news,200,Indexable,2116,121,0,0,,,0,0,yes,delete,high,P1,no_signal
https://coincu.com/binance-burned-11-billion-lunc/,Binance Burned 11 Billion LUNC To Fulfill Its Promise To Revive Terra Classic,Binance Burned 11 Billion LUNC To Fulfill Its Promise To Revive Terra Classic,news,200,Indexable,2009,158,0,0,,,0,0,yes,delete,high,P1,no_signal
https://coincu.com/binance-buys-4225-btc-300m-safu/,"Binance Buys 4,225 BTC, $300M SAFU Move Shakes Market","Binance Buys 4,225 BTC, $300M SAFU Move Shakes Market",news,200,Indexable,2019,113,0,0,,,0,0,yes,delete,high,P1,no_signal
https://coincu.com/binance-canceled-the-ftx-acquisition/,Binance Canceled The FTX Acquisition Agreement,Binance Canceled The FTX Acquisition Agreement,news,200,Indexable,2051,158,0,0,,,0,0,yes,delete,high,P1,no_signal
https://coincu.com/binance-card-pilot-starting-in-argentina/,Mastercard CEO: Binance Card Pilot Starting In Argentina,Mastercard CEO: Binance Card Pilot Starting In Argentina,news,200,Indexable,2180,147,0,0,,,0,0,yes,delete,high,P1,no_signal
https://coincu.com/binance-ceases-busd-support-by-february-2024/,Binance Ceases BUSD Support By February 2024: Report,Binance Ceases BUSD Support By February 2024: Report,news,200,Indexable,2204,141,0,0,,,0,0,yes,delete,high,P1,no_signal
https://coincu.com/binance-ceo-bitcoin-deleveraging/,Binance CEO Attributes Bitcoin Decline to Deleveraging,Binance CEO Attributes Bitcoin Decline to Deleveraging,news,200,Indexable,2172,110,0,0,,,0,0,yes,delete,high,P1,no_signal
https://coincu.com/binance-ceo-buying-genesis-loans/,Binance CEO Considering Buying Genesis Loans,Binance CEO Considering Buying Genesis Loans,news,200,Indexable,1969,151,0,0,,,0,0,yes,delete,high,P1,no_signal
https://coincu.com/binance-ceo-calls/,"Binance CEO Calls, Crypto Exchanges Respond","Binance CEO Calls, Crypto Exchanges Respond",news,200,Indexable,2296,157,0,0,,,0,0,yes,delete,high,P1,no_signal
https://coincu.com/binance-ceo-changpeng-zhao-plans/,Binance CEO Changpeng Zhao Unveils New Plans For Compliant Stablecoins In EU,Binance CEO Changpeng Zhao Unveils New Plans For Compliant Stablecoins In EU,news,200,Indexable,2158,109,0,0,,,0,0,yes,delete,high,P1,no_signal
https://coincu.com/binance-ceo-continues-to-hold-these-crypto/,Binance CEO Changpeng Zhao Says Continues to Hold These Crypto,Binance CEO Changpeng Zhao Says Continues to Hold These Crypto,news,200,Indexable,2162,158,0,0,,,0,0,yes,delete,high,P1,no_signal
https://coincu.com/binance-ceo-cz-claims-eu-bitcoin-urgently/,Binance CEO CZ Claims EU Bitcoin Urgently Needed for Economic Growth,Binance CEO CZ Claims EU Bitcoin Urgently Needed for Economic Growth,news,200,Indexable,2129,130,0,0,,,0,0,yes,delete,high,P1,no_signal
https://coincu.com/binance-ceo-cz-declines-return-but-open-to/,Binance CEO CZ Declines Return But Open To Presidential Pardon,Binance CEO CZ Declines Return But Open To Presidential Pardon,news,200,Indexable,2015,165,0,0,,,0,0,yes,delete,high,P1,no_signal
https://coincu.com/binance-ceo-cz-prohibits-futures-trading-himself/,Binance CEO CZ Prohibits Futures Trading Amongst Himself And His Employees,Binance CEO CZ Prohibits Futures Trading Amongst Himself And His Employees,news,200,Indexable,2017,178,0,0,,,0,0,yes,delete,high,P1,no_signal
https://coincu.com/binance-ceo-cz-returns-tech-cryptos-for-surge/,"Market Overview (September 16 – September 22): Binance CEO CZ Returns, Tech Cryptos Poised for Surge","Market Overview (September 16 – September 22): Binance CEO CZ Returns, Tech Cryptos Poised for Surge",news,200,Indexable,2596,171,0,0,,,0,0,yes,delete,high,P1,no_signal
https://coincu.com/binance-ceo-cz-reveals-rescue/,Binance CEO CZ Reveals Rescue Amidst Cyber Abduction Aims To Steal $12.5M,Binance CEO CZ Reveals Rescue Amidst Cyber Abduction Aims To Steal $12.5M,news,200,Indexable,2112,156,0,0,,,0,0,yes,delete,high,P1,no_signal
https://coincu.com/binance-ceo-denies-buying-wazirx/,Binance CEO Denies Buying WazirX After It Was Investigated for Money Laundering,Binance CEO Denies Buying WazirX After It Was Investigated for Money Laundering,news,200,Indexable,2083,159,0,0,,,0,0,yes,delete,high,P1,no_signal
https://coincu.com/binance-ceo-denies-ceffu-court-contradict-claims/,"Binance CEO Denies Ceffu Allegations, But Court Documents Contradict His Claims","Binance CEO Denies Ceffu Allegations, But Court Documents Contradict His Claims",news,200,Indexable,1836,130,0,0,,,0,0,yes,delete,high,P1,no_signal
https://coincu.com/binance-ceo-denounces-ftx-unfair-play/,"Binance CEO Implicitly Denounces FTX As ""Unfair-Play"" After Dumping 23 Million FTT",Binance CEO Implicitly Denounces FTX As “Unfair-Play” After Dumping 23 Million FTT,news,200,Indexable,2167,153,0,0,,,0,0,yes,delete,high,P1,no_signal
https://coincu.com/binance-ceo-dispels-rumors-el-salvador/,Binance CEO Dispels Rumors That El Salvador Holds Bitcoin On FTX,Binance CEO Dispels Rumors That El Salvador Holds Bitcoin On FTX,news,200,Indexable,2151,64,0,0,,,0,0,yes,delete,high,P1,no_signal
https://coincu.com/binance-ceo-ensures-users-safety/,Binance CEO Ensures Users' Safety Amidst DeFi Protocol Attacks,Binance CEO Ensures Users’ Safety Amidst DeFi Protocol Attacks,news,200,Indexable,2296,78,0,0,,,0,0,yes,delete,high,P1,no_signal
https://coincu.com/binance-ceo-expects-countries-to-reserves/,Binance CEO Expects Countries With No Currency To Add Bitcoin To Reserves,Binance CEO Expects Countries With No Currency To Add Bitcoin To Reserves,news,200,Indexable,1964,134,0,0,,,0,0,yes,delete,high,P1,no_signal
https://coincu.com/binance-ceo-faces-uae-travel-ban-guilty-plea/,Binance CEO Faces UAE Travel Ban After Guilty Plea: Report,Binance CEO Faces UAE Travel Ban After Guilty Plea: Report,news,200,Indexable,2087,221,0,0,,,0,0,yes,delete,high,P1,no_signal
https://coincu.com/binance-ceo-it-had-first-choice-over-ftx/,"Binance CEO Claims That In Recent Crypto Deals, It Had First Choice Over FTX","Binance CEO Claims That In Recent Crypto Deals, It Had First Choice Over FTX",news,200,Indexable,2246,156,0,0,,,0,0,yes,delete,high,P1,no_signal
https://coincu.com/binance-ceo-provide-7-reason-why-people-fud/,Binance CEO Provides 7 Reasons Why People FUD About The Exchange,Binance CEO Provides 7 Reasons Why People FUD About The Exchange,news,200,Indexable,2143,257,0,0,,,0,0,yes,delete,high,P1,no_signal
https://coincu.com/binance-ceo-resignation-will-take-place/,Binance CEO Resignation Will Cause Shock After $4B Settlement With DOJ,Binance CEO Resignation Will Cause Shock After $4B Settlement With DOJ,news,200,Indexable,2125,112,0,0,,,0,0,yes,delete,high,P1,no_signal
https://coincu.com/binance-ceo-responds-reuters/,Binance CEO Responds To Allegations From Reuters,Binance CEO Responds To Allegations From Reuters,news,200,Indexable,2167,155,0,0,,,0,0,yes,delete,high,P1,no_signal
https://coincu.com/binance-ceo-richard-teng-sees-potential-in-2024/,Binance CEO Richard Teng Sees Potential Growth of the Crypto Industry in 2024,Binance CEO Richard Teng Sees Potential Growth of the Crypto Industry in 2024,news,200,Indexable,2102,104,0,0,,,0,0,yes,delete,high,P1,no_signal
https://coincu.com/binance-ceo-richard-teng-the-west/,Binance CEO Richard Teng: The West Will Still Dominate Finance,Binance CEO Richard Teng: The West Will Still Dominate Finance,news,200,Indexable,2131,101,0,0,,,0,0,yes,delete,high,P1,no_signal
https://coincu.com/binance-ceo-says-good-idea/,Binance CEO Says It Is A Good Idea To “Stress Test Withdrawals” For The CEX,Binance CEO Says It Is A Good Idea To “Stress Test Withdrawals” For The CEX,news,200,Indexable,1965,95,0,0,,,0,0,yes,delete,high,P1,no_signal
https://coincu.com/binance-ceo-warns-scam-sites-on-google/,Binance CEO Warns About Scam Sites Showing Up On Google,Binance CEO Warns About Scam Sites Showing Up On Google,news,200,Indexable,2024,154,0,0,,,0,0,yes,delete,high,P1,no_signal
https://coincu.com/binance-ceo-wealth-dips/,Binance CEO Wealth Dips Amidst Regulatory Challenges,Binance CEO Wealth Dips Amidst Regulatory Challenges,news,200,Indexable,2169,120,0,0,,,0,0,yes,delete,high,P1,no_signal
https://coincu.com/binance-ceo-why-you-should-avoid-exchanges/,Binance CEO Says Why You Should Avoid Exchanges That Do This,Binance CEO Says Why You Should Avoid Exchanges That Do This,news,200,Indexable,2124,154,0,0,,,0,0,yes,delete,high,P1,no_signal
https://coincu.com/binance-changpeng-zhao-commex-transition/,Binance Changpeng Zhao Reveals Seamless CommEx Transition Amid Emerging Questions,Binance Changpeng Zhao Reveals Seamless CommEx Transition Amid Emerging Questions,news,200,Indexable,2102,115,0,0,,,0,0,yes,delete,high,P1,no_signal
https://coincu.com/binance-changpeng-zhao-released-from-prison/,Binance Changpeng Zhao Will Be Released From Prison On September 29,Binance Changpeng Zhao Will Be Released From Prison On September 29,news,200,Indexable,2163,84,0,0,,,0,0,yes,delete,high,P1,no_signal
https://coincu.com/binance-charity-30000-web3-scholarships/,"Binance Charity Will Offer More Than 30,000 Web3 Scholarships In 2023","Binance Charity Will Offer More Than 30,000 Web3 Scholarships In 2023",news,200,Indexable,2358,129,0,0,,,0,0,yes,delete,high,P1,no_signal
https://coincu.com/binance-co-founder-he-yi-denies-rumor/,Binance Co-founder He Yi Denies Rumor About Exchange Being Sold,Binance Co-founder He Yi Denies Rumor About Exchange Being Sold,news,200,Indexable,2353,104,0,0,,,0,0,yes,delete,high,P1,no_signal
https://coincu.com/binance-coin-and-near-protocol-investors-look-for-bigger-returns-in-alternatives-like-remittix/,Binance Coin And Near Protocol Investors Look For Bigger Returns In Alternatives Like Remittix,Binance Coin And Near Protocol Investors Look For Bigger Returns In Alternatives Like Remittix,news,200,Indexable,2329,95,0,0,,,0,0,yes,delete,high,P1,no_signal
https://coincu.com/binance-coin-bnb-plummets-losses-imminent/,Binance Coin (BNB) Plummets: $200 Million Losses Imminent,Binance Coin (BNB) Plummets: $200 Million Losses Imminent,news,200,Indexable,2436,159,0,0,,,0,0,yes,delete,high,P1,no_signal
https://coincu.com/binance-coin-traders-rejoice-as-dex/,Binance Coin Traders Rejoice As DEX Development Unveils Unprecedented Opportunities,Binance Coin Traders Rejoice As DEX Development Unveils Unprecedented Opportunities,news,200,Indexable,2090,162,0,0,,,0,0,yes,delete,high,P1,no_signal
https://coincu.com/binance-coinmarketcap-to-buy-back-coindesk/,Rumor: Binance Borrowed CoinMarketCap To Buy Back CoinDesk - Coincu - Latest Cryptocurrency News and Analysis 1,Rumor: Binance Borrowed CoinMarketCap To Buy Back CoinDesk,news,200,Indexable,2271,135,0,0,,,0,0,yes,delete,high,P1,no_signal
https://coincu.com/binance-completes-ava-bep20-network/,"Binance Completes AVA Integration, Expanding BEP20 Network Services","Binance Completes AVA Integration, Expanding BEP20 Network Services",news,200,Indexable,2159,105,0,0,,,0,0,yes,delete,high,P1,no_signal
https://coincu.com/binance-completes-burning-2m-bnb/,Binance Completes Burning Nearly 2 Million BNB Amid The Downfall,Binance Completes Burning Nearly 2 Million BNB Amid The Downfall,news,200,Indexable,2020,119,0,0,,,0,0,yes,delete,high,P1,no_signal
https://coincu.com/binance-completes-dai-token-swap-to-usds/,Binance Completes DAI to USDS Token Swap: What Changed and Why It Matters,Binance Completes DAI to USDS Token Swap: What Changed and Why It Matters,news,200,Indexable,2851,153,0,0,,,0,0,yes,delete,high,P1,no_signal
https://coincu.com/binance-compliance-chief-should-not-be-arrested/,"Binance Compliance Chief Should Not Be Arrested By Nigerian Authorities, The Exchange Says","Binance Compliance Chief Should Not Be Arrested By Nigerian Authorities, The Exchange Says",news,200,Indexable,2074,140,0,0,,,0,0,yes,delete,high,P1,no_signal
https://coincu.com/binance-compliance-recovers-30m-fires-60/,"Binance Compliance Recovers $30M, Fires 60 for Violations","Binance Compliance Recovers $30M, Fires 60 for Violations",news,200,Indexable,2003,158,0,0,,,0,0,yes,delete,high,P1,no_signal
https://coincu.com/binance-compliance-workforce-700-2024-cost-surge/,Binance Compliance Workforce Expands to 700 by 2024 as Costs Surge,Binance Compliance Workforce Expands to 700 by 2024 as Costs Surge,news,200,Indexable,2052,166,0,0,,,0,0,yes,delete,high,P1,no_signal
https://coincu.com/binance-comply-regulators-following-us/,Binance Will Comply With Regulators Following US Anti-Money Laundering Investigation Report,Binance Will Comply With Regulators Following US Anti-Money Laundering Investigation Report,news,200,Indexable,2036,150,0,0,,,0,0,yes,delete,high,P1,no_signal
https://coincu.com/binance-conducts-quarterly-bnb-burn/,"Binance Conducts Quarterly BNB Burn, Burning $444 Million","Binance Conducts Quarterly BNB Burn, Burning $444 Million",news,200,Indexable,1956,156,0,0,,,0,0,yes,delete,high,P1,no_signal
https://coincu.com/binance-connect-bids-adieu-on-august-16/,Binance Connect Bids Adieu On August 16 As Focus Sharpens Amid Regulatory Wave,Binance Connect Bids Adieu On August 16 As Focus Sharpens Amid Regulatory Wave,news,200,Indexable,2115,124,0,0,,,0,0,yes,delete,high,P1,no_signal
https://coincu.com/binance-considers-exiting-russia/,Binance Now Considers Exiting Russia Because Of The Obstacle Of Sanctions,Binance Now Considers Exiting Russia Because Of The Obstacle Of Sanctions,news,200,Indexable,2101,190,0,0,,,0,0,yes,delete,high,P1,no_signal
https://coincu.com/binance-consulted-european/,Binance Consulted European Banking Authority On Stablecoin Regulations,Binance Consulted European Banking Authority On Stablecoin Regulations,news,200,Indexable,2095,121,0,0,,,0,0,yes,delete,high,P1,no_signal
https://coincu.com/binance-converts-delisted-nbs-tokens-to-usdt/,Binance Converts Delisted NBS Tokens To USDT For Profitable Transition,Binance Converts Delisted NBS Tokens To USDT For Profitable Transition,news,200,Indexable,2103,107,0,0,,,0,0,yes,delete,high,P1,no_signal
https://coincu.com/binance-copy-trading-now-launched/,Binance Copy Trading Now Launched For Future Markets,Binance Copy Trading Now Launched For Future Markets,news,200,Indexable,2116,117,0,0,,,0,0,yes,delete,high,P1,no_signal
https://coincu.com/binance-cr7-foreverzone-launched/,Binance CR7 ForeverZone Launched To Celebrate Close Collaboration,Binance CR7 ForeverZone Launched To Celebrate Close Collaboration,news,200,Indexable,1972,113,0,0,,,0,0,yes,delete,high,P1,no_signal
https://coincu.com/binance-cracks-down-on-token-listings-regulatory/,Binance Cracks Down on Token Listings Amid Regulatory Oversight!,Binance Cracks Down on Token Listings Amid Regulatory Oversight!,news,200,Indexable,2182,73,0,0,,,0,0,yes,delete,high,P1,no_signal
https://coincu.com/binance-cracks-zkasino-scam-33-million-scheme/,"Binance Cracks ZKasino Scam, $33 Million Scheme Uncovered","Binance Cracks ZKasino Scam, $33 Million Scheme Uncovered",news,200,Indexable,2042,210,0,0,,,0,0,yes,delete,high,P1,no_signal
https://coincu.com/binance-creates-industry-recovery-fund/,Binance Creates Industry Recovery Fund To Help Potential Projects During Liquidity Crisis,Binance Creates Industry Recovery Fund To Help Potential Projects During Liquidity Crisis,news,200,Indexable,1933,150,0,0,,,0,0,yes,delete,high,P1,no_signal
https://coincu.com/binance-criminal-case-could-be-settled/,Binance Criminal Case Could Be Settled For $4 Billion,Binance Criminal Case Could Be Settled For $4 Billion,news,200,Indexable,2140,143,0,0,,,0,0,yes,delete,high,P1,no_signal
https://coincu.com/binance-criticized-for-limited-service-in-euro/,Binance Criticized For Limited Service In Euro,Binance Criticized For Limited Service In Euro,news,200,Indexable,2110,137,0,0,,,0,0,yes,delete,high,P1,no_signal
https://coincu.com/binance-crypto-recovery-fund-1-billion/,Binance Plans To Give The Crypto Recovery Fund $1 Billion,Binance Plans To Give The Crypto Recovery Fund $1 Billion,news,200,Indexable,2160,183,0,0,,,0,0,yes,delete,high,P1,no_signal
https://coincu.com/binance-crypto-regulations-unaffected-election/,Binance Crypto Regulations Unaffected by Upcoming US Election,Binance Crypto Regulations Unaffected by Upcoming US Election,news,200,Indexable,2018,163,0,0,,,0,0,yes,delete,high,P1,no_signal
https://coincu.com/binance-custody-license-in-germany/,Binance Was Denied Custody License In Germany: Report,Binance Was Denied Custody License In Germany: Report,news,200,Indexable,2153,164,0,0,,,0,0,yes,delete,high,P1,no_signal
https://coincu.com/binance-customer-funds-gets-court-approval/,Binance Customer Funds Gets Court Approval for Investment in US Treasury Bills,Binance Customer Funds Gets Court Approval for Investment in US Treasury Bills,news,200,Indexable,2158,154,0,0,,,0,0,yes,delete,high,P1,no_signal
https://coincu.com/binance-cuts-benefits-and-employees/,Binance Cuts Benefits Of Employees Amid Regulatory Challenge,Binance Cuts Benefits Of Employees Amid Regulatory Challenge,news,200,Indexable,2240,102,0,0,,,0,0,yes,delete,high,P1,no_signal
https://coincu.com/binance-cz-file-a-petition-dismiss-cftcs-lawsuit/,Binance And CZ File A Petition To Dismiss CFTC's Lawsuit,Binance And CZ File A Petition To Dismiss CFTC’s Lawsuit,news,200,Indexable,2054,116,0,0,,,0,0,yes,delete,high,P1,no_signal
https://coincu.com/binance-cz-market-correction-comments/,Binance's CZ Comments on Market Corrections Amid Sentiment Shifts,Binance’s CZ Comments on Market Corrections Amid Sentiment Shifts,news,200,Indexable,2058,90,0,0,,,0,0,yes,delete,high,P1,no_signal
https://coincu.com/binance-cz-stablecoin-partners-fdusd/,Binance Founder CZ Hints At New Stablecoin Partners Amid FDUSD Trading Halt,Binance Founder CZ Hints At New Stablecoin Partners Amid FDUSD Trading Halt,news,200,Indexable,2052,161,0,0,,,0,0,yes,delete,high,P1,no_signal
https://coincu.com/binance-data-leak-rumors-affirming-user-account/,"Binance Data Leak Rumors, Affirming User Account Integrity","Binance Data Leak Rumors, Affirming User Account Integrity",news,200,Indexable,2139,116,0,0,,,0,0,yes,delete,high,P1,no_signal
https://coincu.com/binance-defies-chinas-ban/,"Binance Defies China's Ban, Facilitating $90 Billion in Trades: Report","Binance Defies China’s Ban, Facilitating $90 Billion in Trades: Report",news,200,Indexable,2387,61,0,0,,,0,0,yes,delete,high,P1,no_signal
https://coincu.com/binance-delist-six-perpetual-contracts-b3-degen-bob/,"Binance to Delist Six Perpetual Contracts: B3, DEGEN, BOB","Binance to Delist Six Perpetual Contracts: B3, DEGEN, BOB",news,200,Indexable,2585,143,0,0,,,0,0,yes,delete,high,P1,no_signal
https://coincu.com/binance-delisting-16-trading-pairs/,Binance Announces Delisting 16 Trading Pairs,Binance Announces Delisting 16 Trading Pairs,news,200,Indexable,1877,102,0,0,,,0,0,yes,delete,high,P1,no_signal
https://coincu.com/binance-delists-nxpc-huma-pairs/,"Binance Delists NXPC/BNB, HUMA/BNB Amid Ongoing Changes","Binance Delists NXPC/BNB, HUMA/BNB Amid Ongoing Changes",news,200,Indexable,2062,98,0,0,,,0,0,yes,delete,high,P1,no_signal
https://coincu.com/binance-delists-these-altcoin-pairs-from-spot/,Binance Delists These Altcoin Pairs From Spot Transactions!,Binance Delists These Altcoin Pairs From Spot Transactions!,news,200,Indexable,2161,200,0,0,,,0,0,yes,delete,high,P1,no_signal
https://coincu.com/binance-denies-monitored-german-regulators/,Binance Denies Being Monitored by German Regulators: Report,Binance Denies Being Monitored by German Regulators: Report,news,200,Indexable,2031,124,0,0,,,0,0,yes,delete,high,P1,no_signal
https://coincu.com/binance-deposits-withdrawals-terra/,Binance Suspends Deposits And Withdrawals Of Tokens From The Defunct Terra Ecosystem,Binance Suspends Deposits And Withdrawals Of Tokens From The Defunct Terra Ecosystem,news,200,Indexable,2340,150,0,0,,,0,0,yes,delete,high,P1,no_signal
https://coincu.com/binance-deputy-chief-compliance-officer-returns/,Binance Deputy Chief Compliance Officer Now Returns After Leaving In 2023,Binance Deputy Chief Compliance Officer Now Returns After Leaving In 2023,news,200,Indexable,2108,113,0,0,,,0,0,yes,delete,high,P1,no_signal
https://coincu.com/binance-derivative-blocked-in-australia/,"Binance Derivative Products Blocked In Australia, Users Left Frustrated","Binance Derivative Products Blocked In Australia, Users Left Frustrated",news,200,Indexable,2144,215,0,0,,,0,0,yes,delete,high,P1,no_signal
https://coincu.com/binance-determined-to-expand-singapore/,Binance Determined To Expand Market To Singapore After Withdrawing In 2021,Binance Determined To Expand Market To Singapore After Withdrawing In 2021,news,200,Indexable,2125,152,0,0,,,0,0,yes,delete,high,P1,no_signal
https://coincu.com/binance-disables-several-accounts-bitzlato/,Binance Disables Several Accounts Due To The Bitzlato Case: ‘Funds are safe’,Binance Disables Several Accounts Due To The Bitzlato Case: ‘Funds are safe’,news,200,Indexable,2281,163,0,0,,,0,0,yes,delete,high,P1,no_signal
https://coincu.com/binance-dismisses-ftx-clawback-lawsuit/,Binance Seeks Dismissal of FTX's $1.76B Clawback Lawsuit,Binance Seeks Dismissal of FTX’s $1.76B Clawback Lawsuit,news,200,Indexable,2204,133,0,0,,,0,0,yes,delete,high,P1,no_signal
https://coincu.com/binance-ditching-usdt-for-trueusd/,Binance Ditching USDT For TrueUSD: Smarter Stablecoin Solution?,Binance Ditching USDT For TrueUSD: Smarter Stablecoin Solution?,news,200,Indexable,2304,282,0,0,,,0,0,yes,delete,high,P1,no_signal
https://coincu.com/binance-doj-compliance-supervision-end/,Binance Nears DOJ Agreement to End Compliance Supervision,Binance Nears DOJ Agreement to End Compliance Supervision,news,200,Indexable,2085,121,0,0,,,0,0,yes,delete,high,P1,no_signal
https://coincu.com/binance-dominates-with-30-7-market-depth-volume/,Binance Dominates With 30.7% Market Depth And 64.3% Trading Volume,Binance Dominates With 30.7% Market Depth And 64.3% Trading Volume,news,200,Indexable,2047,157,0,0,,,0,0,yes,delete,high,P1,no_signal
https://coincu.com/binance-drops-16-in-market-share/,Binance Drops 16% In Market Share Due To CFTC Lawsuit,Binance Drops 16% In Market Share Due To CFTC Lawsuit,news,200,Indexable,2200,82,0,0,,,0,0,yes,delete,high,P1,no_signal
https://coincu.com/binance-drops-bombshell-genslers-hypocrisy/,Binance Drops Bombshell - Gensler's Hypocrisy Laid Bare!,Binance Drops Bombshell – Gensler’s Hypocrisy Laid Bare!,news,200,Indexable,2190,219,0,0,,,0,0,yes,delete,high,P1,no_signal
https://coincu.com/binance-drops-spot-volume/,Binance Drops Over 10% Spot Volume Market Share In Q2: Report,Binance Drops Over 10% Spot Volume Market Share In Q2: Report,news,200,Indexable,2188,142,0,0,,,0,0,yes,delete,high,P1,no_signal
https://coincu.com/binance-earn-does-not-rely-any-3rd-party/,CZ Confirmed Binance Earn Does Not Rely Any Other 3rd-Party,CZ Confirmed Binance Earn Does Not Rely Any Other 3rd-Party,news,200,Indexable,1899,151,0,0,,,0,0,yes,delete,high,P1,no_signal
https://coincu.com/binance-empowers-xirtam-victims/,Binance Now Empowers XIRTAM Victims To Reclaim Stolen Crypto,Binance Now Empowers XIRTAM Victims To Reclaim Stolen Crypto,news,200,Indexable,2058,74,0,0,,,0,0,yes,delete,high,P1,no_signal
https://coincu.com/binance-established-subsidiary-ireland/,Binance Has Established Yet Another Subsidiary In Ireland,Binance Has Established Yet Another Subsidiary In Ireland,news,200,Indexable,1973,299,0,0,,,0,0,yes,delete,high,P1,no_signal
https://coincu.com/binance-ethena-usde-september-launch/,Binance Launches Ethena USDe Trading Pairs September 2025,Binance Launches Ethena USDe Trading Pairs September 2025,news,200,Indexable,2114,80,0,0,,,0,0,yes,delete,high,P1,no_signal
https://coincu.com/binance-european-banking-partner/,Binance Still In Crisis In Europe As Another Banking Partner Leaves,Binance Still In Crisis In Europe As Another Banking Partner Leaves,news,200,Indexable,2192,92,0,0,,,0,0,yes,delete,high,P1,no_signal
https://coincu.com/binance-european-new-partners/,Binance European New Partners Set To Enhance EUR Services,Binance European New Partners Set To Enhance EUR Services,news,200,Indexable,2067,110,0,0,,,0,0,yes,delete,high,P1,no_signal
https://coincu.com/binance-exchange-new-usdc-trading-pairs/,Binance Exchange Boosts Liquidity With New USDC Trading Pairs,Binance Exchange Boosts Liquidity With New USDC Trading Pairs,news,200,Indexable,2136,261,0,0,,,0,0,yes,delete,high,P1,no_signal
https://coincu.com/binance-exchange-receives-huge-investment/,Binance Exchange Receives Huge Investment From Abu Dhabi’s MGX,Binance Exchange Receives Huge Investment From Abu Dhabi’s MGX,news,200,Indexable,2215,159,0,0,,,0,0,yes,delete,high,P1,no_signal
https://coincu.com/binance-exec-tigran-gambaryan-is-still-for-hope/,Binance Exec Tigran Gambaryan Is Still Waiting for Hope to Be Released in Nigeria,Binance Exec Tigran Gambaryan Is Still Waiting for Hope to Be Released in Nigeria,news,200,Indexable,2145,162,0,0,,,0,0,yes,delete,high,P1,no_signal
https://coincu.com/binance-exec-tigran-gambaryan-praised/,Binance Exec Tigran Gambaryan Was Praised After Being Released from Prison,Binance Exec Tigran Gambaryan Was Praised After Being Released from Prison,news,200,Indexable,2118,98,0,0,,,0,0,yes,delete,high,P1,no_signal
https://coincu.com/binance-exec-tigran-gambaryan-released/,Binance Exec Tigran Gambaryan Released After 6 Months in Prison,Binance Exec Tigran Gambaryan Released After 6 Months in Prison,news,200,Indexable,2160,93,0,0,,,0,0,yes,delete,high,P1,no_signal
https://coincu.com/binance-exec-tigran-gambaryan-support-trump/,Binance Exec Tigran Gambaryan Wants to Support the New Trump Administration,Binance Exec Tigran Gambaryan Wants to Support the New Trump Administration,news,200,Indexable,2147,136,0,0,,,0,0,yes,delete,high,P1,no_signal
https://coincu.com/binance-exec-tigran-gambaryan/,Binance Exec Tigran Gambaryan Called for Rescue by US,Binance Exec Tigran Gambaryan Called for Rescue by US,news,200,Indexable,2136,120,0,0,,,0,0,yes,delete,high,P1,no_signal
https://coincu.com/binance-executive-accused-of-tax-evasion/,Binance Executive Accused of Tax Evasion and Money Laundering in Nigerian Court,Binance Executive Accused of Tax Evasion and Money Laundering in Nigerian Court,news,200,Indexable,2137,80,0,0,,,0,0,yes,delete,high,P1,no_signal
https://coincu.com/binance-executive-arrested-in-kenya/,"Binance Executive Arrested in Kenya, Facing Extradition Drama!","Binance Executive Arrested in Kenya, Facing Extradition Drama!",news,200,Indexable,2134,164,0,0,,,0,0,yes,delete,high,P1,no_signal
https://coincu.com/binance-executive-escapes-from-prison-in-nigeria/,Binance Executive Escapes From Prison In Nigeria,Binance Executive Escapes From Prison In Nigeria,news,200,Indexable,2064,91,0,0,,,0,0,yes,delete,high,P1,no_signal
https://coincu.com/binance-executive-hospitalized/,Binance Executive Hospitalized After Collapse During Nigerian Court,Binance Executive Hospitalized After Collapse During Nigerian Court,news,200,Indexable,2137,125,0,0,,,0,0,yes,delete,high,P1,no_signal
https://coincu.com/binance-executive-lawsuit-against-nigeria/,Detained Binance Executive Files Lawsuit Against Nigerian Authorities,Detained Binance Executive Files Lawsuit Against Nigerian Authorities,news,200,Indexable,2084,96,0,0,,,0,0,yes,delete,high,P1,no_signal
https://coincu.com/binance-executive-leaves-the-exchange/,Binance Executive Responsible For The Fiat Business Leaves The Exchange Amid The Crisis,Binance Executive Responsible For The Fiat Business Leaves The Exchange Amid The Crisis,news,200,Indexable,2189,275,0,0,,,0,0,yes,delete,high,P1,no_signal
https://coincu.com/binance-executive-now-stuck-in-nigeria/,Binance Executive Now Stuck In Nigeria Because Court Denied Bail,Binance Executive Now Stuck In Nigeria Because Court Denied Bail,news,200,Indexable,2140,125,0,0,,,0,0,yes,delete,high,P1,no_signal
https://coincu.com/binance-executive-objects-to-court-charges/,"Binance Executive Gambaryan Objects to Court Charges, Returns To Jail Waiting for Next Trial","Binance Executive Gambaryan Objects to Court Charges, Returns To Jail Waiting for Next Trial",news,200,Indexable,2070,116,0,0,,,0,0,yes,delete,high,P1,no_signal
https://coincu.com/binance-executive-tigran-cant-walk-detention/,"Binance Executive Tigran ""Can't Walk"" After 6 Months of Nigerian Detention",Binance Executive Tigran “Can’t Walk” After 6 Months of Nigerian Detention,news,200,Indexable,2131,174,0,0,,,0,0,yes,delete,high,P1,no_signal
https://coincu.com/binance-executives-detained-in-nigeria/,Binance Executives Are Now Detained In Nigeria Following Crypto Exchanges Ban,Binance Executives Are Now Detained In Nigeria Following Crypto Exchanges Ban,news,200,Indexable,2164,167,0,0,,,0,0,yes,delete,high,P1,no_signal
https://coincu.com/binance-executives-tax-charges/,Binance Executives' Tax Charges in Nigeria Are Now Dropped,Binance Executives’ Tax Charges in Nigeria Are Now Dropped,news,200,Indexable,2143,132,0,0,,,0,0,yes,delete,high,P1,no_signal
https://coincu.com/binance-exits-russia-amid-growing-challenge/,Binance Exits Russia Amid Growing Legal Challenge,Binance Exits Russia Amid Growing Legal Challenge,news,200,Indexable,2078,144,0,0,,,0,0,yes,delete,high,P1,no_signal
https://coincu.com/binance-expand-blockchain-in-cambodia/,Binance To Expand Blockchain Ecosystem In Cambodia,Binance To Expand Blockchain Ecosystem In Cambodia,news,200,Indexable,2008,154,0,0,,,0,0,yes,delete,high,P1,no_signal
https://coincu.com/binance-expands-futures-with-24-7-tradfi/,Binance Expands Futures with 24/7 TradFi Perpetual Contracts Launch,Binance Expands Futures with 24/7 TradFi Perpetual Contracts Launch,news,200,Indexable,1894,163,0,0,,,0,0,yes,delete,high,P1,no_signal
https://coincu.com/binance-expands-monitoring-tag-to-blz-clv/,"Binance Expands Monitoring Tag To BLZ, CLV, KEY, PROS, And VITE","Binance Expands Monitoring Tag To BLZ, CLV, KEY, PROS, And VITE",news,200,Indexable,1986,179,0,0,,,0,0,yes,delete,high,P1,no_signal
https://coincu.com/binance-expands-with-fdusd-trading-pairs/,"Binance Expands with FDUSD & Enhanced Trading Pairs, Aug 09","Binance Expands with FDUSD & Enhanced Trading Pairs, Aug 09",news,200,Indexable,2021,89,0,0,,,0,0,yes,delete,high,P1,no_signal
https://coincu.com/binance-extends-redemption-offer-for-xirtam/,Binance Extends Redemption Offer For XIRTAM Victims,Binance Extends Redemption Offer For XIRTAM Victims,news,200,Indexable,2212,108,0,0,,,0,0,yes,delete,high,P1,no_signal
https://coincu.com/binance-faces-aggressive-cftc-action/,"Binance faces aggressive CFTC action, Just Getting Started.","Binance faces aggressive CFTC action: “Access to US customers is a privilege, not a right.”",news,200,Indexable,2123,103,0,0,,,0,0,yes,delete,high,P1,no_signal
https://coincu.com/binance-failed-to-register-netherlands/,Binance Failed To Register In The Netherlands But The Details Be Confidential,Binance Failed To Register In The Netherlands But The Details Be Confidential,news,200,Indexable,2364,140,0,0,,,0,0,yes,delete,high,P1,no_signal
https://coincu.com/binance-fiat-currency-restrictions-for-russian/,Binance Tightens Grip: Strong Fiat Currency Restrictions For Russian Users Raise Speculation,Binance Tightens Grip: Strong Fiat Currency Restrictions For Russian Users Raise Speculation,news,200,Indexable,1979,149,0,0,,,0,0,yes,delete,high,P1,no_signal
https://coincu.com/binance-fights-reuters/,Binance Fights Allegations Of Abuse Of Client Funds,Binance Fights Allegations Of Abuse Of Client Funds,news,200,Indexable,2250,131,0,0,,,0,0,yes,delete,high,P1,no_signal
https://coincu.com/binance-files-defamation-lawsuit-against/,Binance Files Defamation Lawsuit Against Wall Street Journal,Binance Files Defamation Lawsuit Against Wall Street Journal,news,200,Indexable,2148,122,0,0,,,0,0,yes,delete,high,P1,no_signal
https://coincu.com/binance-financial-penalty-in-canad/,Binance Financial Penalty In Canada Is $4.3 Million For Unregistered Operations,Binance Financial Penalty In Canada Is $4.3 Million For Unregistered Operations,news,200,Indexable,2122,126,0,0,,,0,0,yes,delete,high,P1,no_signal
https://coincu.com/binance-financial-services-by-abu-dhabi/,Binance Financial Services Is Given Authorization By Abu Dhabi,Binance Financial Services Is Given Authorization By Abu Dhabi,news,200,Indexable,2276,154,0,0,,,0,0,yes,delete,high,P1,no_signal
https://coincu.com/binance-fine-for-us-goverment/,Binance Fine For US Goverment Is $4.3 Billion,Binance Fine For US Goverment Is $4.3 Billion,news,200,Indexable,2112,96,0,0,,,0,0,yes,delete,high,P1,no_signal
https://coincu.com/binance-fired-1000-people-report/,"Binance Has Fired Over 1,000 People In Recent Weeks: Report","Binance Has Fired Over 1,000 People In Recent Weeks: Report",news,200,Indexable,2057,77,0,0,,,0,0,yes,delete,high,P1,no_signal
https://coincu.com/binance-first-crypto-law-program/,Binance Launches The First Crypto Law Program After 1 Year of Implementation,Binance Launches The First Crypto Law Program After 1 Year of Implementation,news,200,Indexable,2115,154,0,0,,,0,0,yes,delete,high,P1,no_signal
https://coincu.com/binance-first-fully-licensed-in-el-salvador/,Binance Becomes First Fully Licensed Crypto Exchange In El Salvador,Binance Becomes First Fully Licensed Crypto Exchange In El Salvador,news,200,Indexable,2071,129,0,0,,,0,0,yes,delete,high,P1,no_signal
https://coincu.com/binance-fixes-the-problem/,"Binance Fixes the Problem Successfully, The BTC Outflow Is Less Than Reported","Binance Fixes the Problem Successfully, The BTC Outflow Is Less Than Reported",news,200,Indexable,2421,84,0,0,,,0,0,yes,delete,high,P1,no_signal
https://coincu.com/binance-founder-changpeng-zhao-dubai/,Binance Founder Changpeng Zhao Will Attend New Event in Dubai on Oct 30,Binance Founder Changpeng Zhao Will Attend New Event in Dubai on Oct 30,news,200,Indexable,2114,129,0,0,,,0,0,yes,delete,high,P1,no_signal
https://coincu.com/binance-founder-changpeng-zhao-is-now-stuck-us/,Binance Founder Changpeng Zhao Is Now Stuck In The US,Binance Founder Changpeng Zhao Is Now Stuck In The US,news,200,Indexable,2114,149,0,0,,,0,0,yes,delete,high,P1,no_signal
https://coincu.com/binance-founder-changpeng-zhao-thanks-everyone/,Binance Founder Changpeng Zhao Thanks Everyone for Their Support Before Going to Jail,Binance Founder Changpeng Zhao Thanks Everyone for Their Support Before Going to Jail,news,200,Indexable,2098,102,0,0,,,0,0,yes,delete,high,P1,no_signal
https://coincu.com/binance-founder-changpeng-zhao-warns-videos/,Binance Founder Changpeng Zhao Warns About Videos Promoting Scam Coins,Binance Founder Changpeng Zhao Warns About Videos Promoting Scam Coins,news,200,Indexable,2071,136,0,0,,,0,0,yes,delete,high,P1,no_signal
https://coincu.com/binance-founder-cz-asks-for-leniency/,Binance Founder CZ Asks For Leniency For His 3-Year Prison Sentence,Binance Founder CZ Asks For Leniency For His 3-Year Prison Sentence,news,200,Indexable,2084,88,0,0,,,0,0,yes,delete,high,P1,no_signal
https://coincu.com/binance-founder-cz-faces-possible-prison-time/,Binance Founder CZ Faces Possible Prison Time Amidst Legal Battle,Binance Founder CZ Faces Possible Prison Time Amidst Legal Battle,news,200,Indexable,2135,84,0,0,,,0,0,yes,delete,high,P1,no_signal
https://coincu.com/binance-founder-cz-focusing-venture-capital-firm/,Binance Founder CZ Now Focusing on His Venture Capital Firm,Binance Founder CZ Now Focusing on His Venture Capital Firm,news,200,Indexable,2122,114,0,0,,,0,0,yes,delete,high,P1,no_signal
https://coincu.com/binance-founder-cz-increases-net-worth/,Binance Founder CZ Increases Net Worth to $53 Billion After Trump Win,Binance Founder CZ Increases Net Worth to $53 Billion After Trump Win,news,200,Indexable,2156,128,0,0,,,0,0,yes,delete,high,P1,no_signal
https://coincu.com/binance-founder-cz-is-still-not-in-jail/,"Binance Founder CZ Is Still Not In Jail, Waiting For Specific Notice About Sentence Time","Binance Founder CZ Is Still Not In Jail, Waiting For Specific Notice About Sentence Time",news,200,Indexable,2162,179,0,0,,,0,0,yes,delete,high,P1,no_signal
https://coincu.com/binance-founder-cz-opens-up-time-in-prison/,Binance Founder CZ Opens Up About His Time In Prison,Binance Founder CZ Opens Up About His Time In Prison,news,200,Indexable,2202,109,0,0,,,0,0,yes,delete,high,P1,no_signal
https://coincu.com/binance-founder-cz-posted-first-tweet/,Binance Founder CZ Posted First Tweet Since Released From Prison,Binance Founder CZ Posted First Tweet Since Released From Prison,news,200,Indexable,2144,156,0,0,,,0,0,yes,delete,high,P1,no_signal
https://coincu.com/binance-founder-cz-released-on-september-29/,Binance Founder CZ Will Be Released From Prison on September 29,Binance Founder CZ Will Be Released From Prison on September 29,news,200,Indexable,2150,127,0,0,,,0,0,yes,delete,high,P1,no_signal
https://coincu.com/binance-founder-cz-sentenced-to-4-months-prison/,Binance Founder CZ Sentenced To 4 Months In Prison: Report,Binance Founder CZ Sentenced To 4 Months In Prison: Report,news,200,Indexable,2106,204,0,0,,,0,0,yes,delete,high,P1,no_signal
https://coincu.com/binance-founder-cz-will-be-released-2-days-early/,Binance Founder CZ Will Be Released From Prison 2 Days Early,Binance Founder CZ Will Be Released From Prison 2 Days Early,news,200,Indexable,2154,147,0,0,,,0,0,yes,delete,high,P1,no_signal
https://coincu.com/binance-founder-cz-will-continue-project/,Binance Founder CZ Will Continue With His Own New Project After Prison,Binance Founder CZ Will Continue With His Own New Project After Prison,news,200,Indexable,2108,144,0,0,,,0,0,yes,delete,high,P1,no_signal
https://coincu.com/binance-france-replaces-changpeng-zhao/,Binance France Replaces Changpeng Zhao With New Shareholders Holding 50% Shares,Binance France Replaces Changpeng Zhao With New Shareholders Holding 50% Shares,news,200,Indexable,2153,117,0,0,,,0,0,yes,delete,high,P1,no_signal
https://coincu.com/binance-frances-audited-financial-statements/,Binance France's Audited Financial Statements Reveals €1bn In Crypto Assets,Binance France’s Audited Financial Statements Reveals €1bn In Crypto Assets,news,200,Indexable,2179,186,0,0,,,0,0,yes,delete,high,P1,no_signal
https://coincu.com/binance-franklin-launch-tokenized-fund/,Binance & Franklin Launch Tokenized Fund Collateral,Binance & Franklin Launch Tokenized Fund Collateral,news,200,Indexable,1908,125,0,0,,,0,0,yes,delete,high,P1,no_signal
https://coincu.com/binance-franklin-templeton-partnership/,Binance Partners with Franklin Templeton for Digital Asset Products,Binance Partners with Franklin Templeton for Digital Asset Products,news,200,Indexable,2122,128,0,0,,,0,0,yes,delete,high,P1,no_signal
https://coincu.com/binance-fraud-investigation-helps-trace-47m/,Binance Fraud Investigation Helps Trace $47.6M in Gaming Scam,Binance Fraud Investigation Helps Trace $47.6M in Gaming Scam,news,200,Indexable,2050,161,0,0,,,0,0,yes,delete,high,P1,no_signal
https://coincu.com/binance-free-trading-eth-busd/,Binance Free Trading ETH/BUSD For 1 Month,Binance Free Trading ETH/BUSD For 1 Month,news,200,Indexable,2063,158,0,0,,,0,0,yes,delete,high,P1,no_signal
https://coincu.com/binance-ftx-compete-voyager-bid-50m/,Binance And FTX Compete For Voyager With A Bid Of Around $50 Million,Binance And FTX Compete For Voyager With A Bid Of Around $50 Million,news,200,Indexable,1928,139,0,0,,,0,0,yes,delete,high,P1,no_signal
https://coincu.com/binance-ftx-many-companies-acquire-voyagers/,"Binance, FTX And Many Big Companies Trying To Acquire Voyager's Assets","Binance, FTX And Many Big Companies Trying To Acquire Voyager’s Assets",news,200,Indexable,2098,175,0,0,,,0,0,yes,delete,high,P1,no_signal
https://coincu.com/binance-futures-blur-perpetual-contract/,Binance Futures Launching BLUR Perpetual Contract On April 28th,Binance Futures Launching BLUR Perpetual Contract On April 28th,news,200,Indexable,2097,213,0,0,,,0,0,yes,delete,high,P1,no_signal
https://coincu.com/binance-futures-delisting-stepn-near/,"Binance Futures Delisting  STEPN, Near, And Avalanche BUSD Perps From Trading","Binance Futures Delisting STEPN, Near, And Avalanche BUSD Perps From Trading",news,200,Indexable,2274,213,0,0,,,0,0,yes,delete,high,P1,no_signal
https://coincu.com/binance-futures-display-issue-normal/,Binance Futures Display Issue Now Returns To Normal,Binance Futures Display Issue Now Returns To Normal,news,200,Indexable,2079,98,0,0,,,0,0,yes,delete,high,P1,no_signal
https://coincu.com/binance-futures-having-technical-problems/,"Binance Futures Having Technical Problems, CEO Reports","Binance Futures Having Technical Problems, CEO Reports",news,200,Indexable,2172,95,0,0,,,0,0,yes,delete,high,P1,no_signal
https://coincu.com/binance-futures-returns-to-normal/,Binance Futures Returns To Normal Operation After Technical Problem,Binance Futures Returns To Normal Operation After Technical Problem,news,200,Indexable,2104,125,0,0,,,0,0,yes,delete,high,P1,no_signal
https://coincu.com/binance-futures-will-launch-copy-trading/,"Binance Futures Will Gradually Launch Copy Trading On August 22, 2023","Binance Futures Will Gradually Launch Copy Trading On August 22, 2023",news,200,Indexable,2099,124,0,0,,,0,0,yes,delete,high,P1,no_signal
https://coincu.com/binance-futures-wlfiusdc-contract/,Binance Futures Launches High-Leverage WLFIUSDC Perpetual Contract,Binance Futures Launches High-Leverage WLFIUSDC Perpetual Contract,news,200,Indexable,2171,97,0,0,,,0,0,yes,delete,high,P1,no_signal
https://coincu.com/binance-gets-license-in-kazakhstan/,Binance Gets Preliminary License To Operate In Kazakhstan,Binance Gets Preliminary License To Operate In Kazakhstan,news,200,Indexable,2138,156,0,0,,,0,0,yes,delete,high,P1,no_signal
https://coincu.com/binance-gets-mvp-license/,Binance Gets MVP License To Operate In Dubai,Binance Gets MVP License To Operate In Dubai,news,200,Indexable,2121,154,0,0,,,0,0,yes,delete,high,P1,no_signal
https://coincu.com/binance-give-up-canada-coinbase-holds-on/,Binance May Be Ready To Give Up Canada While Coinbase Still Holds On,Binance May Be Ready To Give Up Canada While Coinbase Still Holds On,news,200,Indexable,2065,183,0,0,,,0,0,yes,delete,high,P1,no_signal
https://coincu.com/binance-gives-proof-of-transparency/,"Binance Reveals Holding Over 475,000 Bitcoins","Binance Reveals Holding Over 475,000 Bitcoins",news,200,Indexable,1974,82,0,0,,,0,0,yes,delete,high,P1,no_signal
https://coincu.com/binance-gives-up-hope-german-market/,Binance Gives Up Hope With The German Market,Binance Gives Up Hope With The German Market,news,200,Indexable,2218,84,0,0,,,0,0,yes,delete,high,P1,no_signal
https://coincu.com/binance-gives-users-choice-tax-burning-lunc/,Binance Gives Users More Choices About 1.2% Tax Burning Of LUNC Transactions,Binance Gives Users More Choices About 1.2% Tax Burning Of LUNC Transactions,news,200,Indexable,2061,214,0,0,,,0,0,yes,delete,high,P1,no_signal
https://coincu.com/binance-global-user-survey-highlights-trends/,Binance Global User Survey Highlights Crypto Trends,Binance Global User Survey Highlights Crypto Trends,news,200,Indexable,2024,162,0,0,,,0,0,yes,delete,high,P1,no_signal
https://coincu.com/binance-grapples-with-wash-trading-accusations/,Binance Grapples With Wash Trading Accusations: WSJ Report,Binance Grapples With Wash Trading Accusations: WSJ Report,news,200,Indexable,2359,121,0,0,,,0,0,yes,delete,high,P1,no_signal
https://coincu.com/binance-gunz-launchpool-participation/,Binance Launchpool Attracts Massive Participation for GUNZ Project,Binance Launchpool Attracts Massive Participation for GUNZ Project,news,200,Indexable,2020,102,0,0,,,0,0,yes,delete,high,P1,no_signal
https://coincu.com/binance-hacked-damage-estimated-586-million/,"Binance Smart Chain Hacked, Damage Estimated $600 Million","Binance Smart Chain Hacked, Damage Estimated $600 Million",news,200,Indexable,2288,153,0,0,,,0,0,yes,delete,high,P1,no_signal
https://coincu.com/binance-hacker-alert-protect-your-coins/,Binance Hacker Alert Protect Your Coins from Red Envelope Scams,Binance Hacker Alert Protect Your Coins from Red Envelope Scams,news,200,Indexable,2261,128,0,0,,,0,0,yes,delete,high,P1,no_signal
https://coincu.com/binance-halts-delisting-privacy-tokens/,Binance Halts Delisting Privacy Tokens On June 26 After Listening To The Community,Binance Halts Delisting Privacy Tokens On June 26 After Listening To The Community,news,200,Indexable,2195,153,0,0,,,0,0,yes,delete,high,P1,no_signal
https://coincu.com/binance-has-been-granted-permission/,Binance Has Been Granted Permission To Launch A Virtual Asset Services Provider In Spain.,Binance Has Been Granted Permission To Launch A Virtual Asset Services Provider In Spain.,news,200,Indexable,2125,155,0,0,,,0,0,yes,delete,high,P1,no_signal
https://coincu.com/binance-has-stopped-ftt-deposit/,Binance Has Stopped FTT Deposit,Binance Has Stopped FTT Deposit,news,200,Indexable,1995,144,0,0,,,0,0,yes,delete,high,P1,no_signal
https://coincu.com/binance-has-stopped-usd-deposits-withdraw/,Binance Has Stopped Allowing USD Deposits And Withdrawals Due To The Lack Of Banking Partners,Binance Has Stopped Allowing USD Deposits And Withdrawals Due To The Lack Of Banking Partners,news,200,Indexable,2083,155,0,0,,,0,0,yes,delete,high,P1,no_signal
https://coincu.com/binance-helping-russian-transfer-money/,Binance Under Investigation For Allegedly Helping Russian Citizens Transfer Money,Binance Under Investigation For Allegedly Helping Russian Citizens Transfer Money,news,200,Indexable,2122,120,0,0,,,0,0,yes,delete,high,P1,no_signal
https://coincu.com/binance-hires-economy-minister-adviser/,Binance Hires Former Brazilian Economy Minister As An Adviser,Binance Hires Former Brazilian Economy Minister As An Adviser,news,200,Indexable,1921,112,0,0,,,0,0,yes,delete,high,P1,no_signal
https://coincu.com/binance-hires-krakens-compliance-monitor/,Binance Hires Kraken's Compliance Monitor For Legal Reinforcement,Binance Hires Kraken’s Compliance Monitor For Legal Reinforcement,news,200,Indexable,2145,203,0,0,,,0,0,yes,delete,high,P1,no_signal
https://coincu.com/binance-hnt-no-longer-listing-criteria/,Binance Removed HNT Trading Pair Because It No Longer Meets Listing Criteria,Binance Removed HNT Trading Pair Because It No Longer Meets Listing Criteria,news,200,Indexable,2091,152,0,0,,,0,0,yes,delete,high,P1,no_signal
https://coincu.com/binance-holds-the-most-bitcoins/,Binance Holds The Most Bitcoins On Exchanges,Binance Holds The Most Bitcoins On Exchanges,news,200,Indexable,2162,133,0,0,,,0,0,yes,delete,high,P1,no_signal
https://coincu.com/binance-horizen-zen-network-upgrade-hard-fork/,Binance Announcing Support Horizen (ZEN) Network Upgrade & Hard Fork,Binance Announcing Support Horizen (ZEN) Network Upgrade & Hard Fork,news,200,Indexable,2006,144,0,0,,,0,0,yes,delete,high,P1,no_signal
https://coincu.com/binance-immediately-responds-to-sec/,Binance Immediately Responds Strongly To SEC Allegations,Binance Immediately Responds Strongly To SEC Allegations,news,200,Indexable,2222,64,0,0,,,0,0,yes,delete,high,P1,no_signal
https://coincu.com/binance-in-argentina-services-for-local-users/,Binance in Argentina Now Supports Services for Local Users,Binance in Argentina Now Supports Services for Local Users,news,200,Indexable,2133,112,0,0,,,0,0,yes,delete,high,P1,no_signal
https://coincu.com/binance-in-crisis-executives-flee-storms/,Binance In Crisis When Executives Flee Regulatory Storms,Binance In Crisis When Executives Flee Regulatory Storms,news,200,Indexable,2221,66,0,0,,,0,0,yes,delete,high,P1,no_signal
https://coincu.com/binance-in-india-may-reopen-with-2-million-fine/,Binance In India May Reopen With $2 Million Fine,Binance In India May Reopen With $2 Million Fine,news,200,Indexable,2125,101,0,0,,,0,0,yes,delete,high,P1,no_signal
https://coincu.com/binance-in-india-now-resume-operations/,Binance in India Now Approved to Resume Operations,Binance in India Now Approved to Resume Operations,news,200,Indexable,2090,81,0,0,,,0,0,yes,delete,high,P1,no_signal
https://coincu.com/binance-in-venezuela-faces-internet-restrictions/,Binance in Venezuela Faces New Internet Restrictions Amid Political Unrest,Binance in Venezuela Faces New Internet Restrictions Amid Political Unrest,news,200,Indexable,2076,124,0,0,,,0,0,yes,delete,high,P1,no_signal
https://coincu.com/binance-indonesian-subsidiary-secured-license/,Binance Indonesian Subsidiary Secured Full License To Operate,Binance Indonesian Subsidiary Secured Full License To Operate,news,200,Indexable,2148,130,0,0,,,0,0,yes,delete,high,P1,no_signal
https://coincu.com/binance-initia-launch-products/,Binance Launches Initia Trading Products Amid Market Attention,Binance Launches Initia Trading Products Amid Market Attention,news,200,Indexable,2158,115,0,0,,,0,0,yes,delete,high,P1,no_signal
https://coincu.com/binance-innovative-tag-systems/,Binance Revolutionizes Token Trading With Innovative Tag Systems,Binance Revolutionizes Token Trading With Innovative Tag Systems,news,200,Indexable,2222,66,0,0,,,0,0,yes,delete,high,P1,no_signal
https://coincu.com/binance-inscriptions-marketplace-now-launched/,Binance Inscriptions Marketplace Now Launched To Support Bitcoin Ordinals,Binance Inscriptions Marketplace Now Launched To Support Bitcoin Ordinals,news,200,Indexable,2095,159,0,0,,,0,0,yes,delete,high,P1,no_signal
https://coincu.com/binance-integrate-btc-on-lightning-network/,Binance Successfully Integrate BTC On Lightning Network To Improve Quality,Binance Successfully Integrate BTC On Lightning Network To Improve Quality,news,200,Indexable,2052,96,0,0,,,0,0,yes,delete,high,P1,no_signal
https://coincu.com/binance-integrates-lightning-network/,Binance Integrates Bitcoin Lightning Network To Allow Deposit And Withdraw - Coincu - Latest Cryptocurrency News and Analysis 1,Binance Integrates Bitcoin Lightning Network To Allow Deposit And Withdraw,news,200,Indexable,2113,127,0,0,,,0,0,yes,delete,high,P1,no_signal
https://coincu.com/binance-introduces-4-trading-pairs-cyber-tusd/,"Binance Introduces 4 Trading Pairs, Including CYBER/TUSD and SEI/TUSD","Binance Introduces 4 Trading Pairs, Including CYBER/TUSD and SEI/TUSD",news,200,Indexable,2083,202,0,0,,,0,0,yes,delete,high,P1,no_signal
https://coincu.com/binance-introduces-binance-alpha-2-0/,Binance Introduces Binance Alpha 2.0 to Enhance Trading Experience,Binance Introduces Binance Alpha 2.0 to Enhance Trading Experience,news,200,Indexable,2349,162,0,0,,,0,0,yes,delete,high,P1,no_signal
https://coincu.com/binance-introduces-new-feature/,Binance Introduces New Feature For Enhanced Fund Management,Binance Introduces New Feature For Enhanced Fund Management,news,200,Indexable,2255,76,0,0,,,0,0,yes,delete,high,P1,no_signal
https://coincu.com/binance-investigation-federal-police-brazil/,Binance Is Now Under Investigation By Federal Police In Brazil,Binance Is Now Under Investigation By Federal Police In Brazil,news,200,Indexable,2133,248,0,0,,,0,0,yes,delete,high,P1,no_signal
https://coincu.com/binance-investment-in-indian-web3-startups/,Binance CTO Announces Investment Plans In Several Indian Web3 Startups,Binance CTO Announces Investment Plans In Several Indian Web3 Startups,news,200,Indexable,2093,168,0,0,,,0,0,yes,delete,high,P1,no_signal
https://coincu.com/binance-invests-2-billion-crypto-industry/,Binance Invests $2 Billion To Save Crypto Industry After FTX's Fall From Grace,Binance Invests $2 Billion To Save Crypto Industry After FTX’s Fall From Grace,news,200,Indexable,2182,119,0,0,,,0,0,yes,delete,high,P1,no_signal
https://coincu.com/binance-is-accused-of-having-no-involvement/,Binance Is Accused Of Having No Involvement With The $1 Billion Voyager Fund,Binance Is Accused Of Having No Involvement With The $1 Billion Voyager Fund,news,200,Indexable,2109,155,0,0,,,0,0,yes,delete,high,P1,no_signal
https://coincu.com/binance-is-hearing-this-week-in-italy/,Binance Is Hearing This Week Because Of Being Sued In Italy,Binance Is Hearing This Week Because Of Being Sued In Italy,news,200,Indexable,2103,157,0,0,,,0,0,yes,delete,high,P1,no_signal
https://coincu.com/binance-is-leaving-australia/,Binance Is Leaving Australia Now Because of Tough Policies,Binance Is Leaving Australia Now Because of Tough Policies,news,200,Indexable,2233,125,0,0,,,0,0,yes,delete,high,P1,no_signal
https://coincu.com/binance-is-leaving-the-netherlands/,Binance Is Leaving The Netherlands From July 17 After Legal Difficulties,Binance Is Leaving The Netherlands From July 17 After Legal Difficulties,news,200,Indexable,2251,103,0,0,,,0,0,yes,delete,high,P1,no_signal
https://coincu.com/binance-is-now-leaving-canada/,BREAKING: Binance Is Now Leaving Canada Due To Legal Difficulties,BREAKING: Binance Is Now Leaving Canada Due To Legal Difficulties,news,200,Indexable,2182,89,0,0,,,0,0,yes,delete,high,P1,no_signal
https://coincu.com/binance-is-seeking-license-in-japan/,Binance Is Seeking A License To Operate In Japan,Binance Is Seeking A License To Operate In Japan,news,200,Indexable,2243,157,0,0,,,0,0,yes,delete,high,P1,no_signal
https://coincu.com/binance-is-struggling-in-india/,Binance Is Struggling In India With Harsh Crypto Tax,Binance Is Struggling In India With Harsh Crypto Tax,news,200,Indexable,2186,158,0,0,,,0,0,yes,delete,high,P1,no_signal
https://coincu.com/binance-is-the-hegemonic-in-spot/,"Binance Is Currently The 'Hegemonic' Player In Spot Trading, With 92% Of The Market Share","Binance Is Currently The ‘Hegemonic’ Player In Spot Trading, With 92% Of The Market Share",news,200,Indexable,2096,148,0,0,,,0,0,yes,delete,high,P1,no_signal
https://coincu.com/binance-is-under-siege-in-europe/,Binance Is Under Siege In Europe After The SEC Attack,Binance Is Under Siege In Europe After The SEC Attack,news,200,Indexable,2360,87,0,0,,,0,0,yes,delete,high,P1,no_signal
https://coincu.com/binance-issues-warning-on-token-model-risks/,Binance Issues Critical Warning on Token Model Risks In The Past 18 Months!,Binance Issues Critical Warning on Token Model Risks In The Past 18 Months!,news,200,Indexable,2093,113,0,0,,,0,0,yes,delete,high,P1,no_signal
https://coincu.com/binance-italys-385-million-cryptocurrency/,Binance Italy's €385 Million Cryptocurrency Surge Sparks Enthusiasm,Binance Italy’s €385 Million Cryptocurrency Surge Sparks Enthusiasm,news,200,Indexable,1992,146,0,0,,,0,0,yes,delete,high,P1,no_signal
https://coincu.com/binance-japan-exchange-to-launch-in-june/,Binance Japan Exchange To Officially Launch In June With Legal Effort,Binance Japan Exchange To Officially Launch In June With Legal Effort,news,200,Indexable,2154,103,0,0,,,0,0,yes,delete,high,P1,no_signal
https://coincu.com/binance-japan-new-stablecoin/,Binance Japan New Stablecoin May Be Launched Through Strategic Partnership With Mitsubishi UFJ,Binance Japan New Stablecoin May Be Launched Through Strategic Partnership With Mitsubishi UFJ,news,200,Indexable,2161,94,0,0,,,0,0,yes,delete,high,P1,no_signal
https://coincu.com/binance-japan-paypay-crypto-partnership/,Binance Japan and PayPay Formalize Strategic Crypto Partnership,Binance Japan and PayPay Formalize Strategic Crypto Partnership,news,200,Indexable,2196,156,0,0,,,0,0,yes,delete,high,P1,no_signal
https://coincu.com/binance-japan-set-to-august-launch/,Binance Japan Set To Redefine Crypto Trading Landscape With Exciting August Launch,Binance Japan Set To Redefine Crypto Trading Landscape With Exciting August Launch,news,200,Indexable,2285,93,0,0,,,0,0,yes,delete,high,P1,no_signal
https://coincu.com/binance-japan-targets-massive-web3-adoption/,Binance Japan Targets Massive Web3 Adoption and Stability,Binance Japan Targets Massive Web3 Adoption and Stability,news,200,Indexable,2167,130,0,0,,,0,0,yes,delete,high,P1,no_signal
https://coincu.com/binance-joined-committee-us-lobbying/,Binance Has Joined The Executive Committee Of Chamber of Digital Commerce,Binance Has Joined The Executive Committee Of Chamber of Digital Commerce,news,200,Indexable,2044,157,0,0,,,0,0,yes,delete,high,P1,no_signal
https://coincu.com/binance-kazakhstan-achieved-2-certifications/,Binance Kazakhstan Achieved 2 Certifications For Information Security And Privacy,Binance Kazakhstan Achieved 2 Certifications For Information Security And Privacy,news,200,Indexable,2081,155,0,0,,,0,0,yes,delete,high,P1,no_signal
https://coincu.com/binance-kazakhstan-license-was-approved/,Binance Kazakhstan License Was Approved for Operation,Binance Kazakhstan License Was Approved for Operation,news,200,Indexable,2105,100,0,0,,,0,0,yes,delete,high,P1,no_signal
https://coincu.com/binance-kucoin-and-okx-wind-up/,"CEOs Of Binance, KuCoin, And OKX 'Wind Up' Safely Amid The FUD Storm Solana","CEOs Of Binance, KuCoin, And OKX ‘Wind Up’ Safely Amid The FUD Storm Solana",news,200,Indexable,2223,250,0,0,,,0,0,yes,delete,high,P1,no_signal
https://coincu.com/binance-kyc-requirements/,Binance KYC Requirements Now Ask Sub-Account Holders To Be Completed by May 20,Binance KYC Requirements Now Ask Sub-Account Holders To Be Completed by May 20,news,200,Indexable,2090,108,0,0,,,0,0,yes,delete,high,P1,no_signal
https://coincu.com/binance-kyrgyzstan-crypto-payments/,Binance Partners with Kyrgyzstan to Boost Crypto Payments,Binance Partners with Kyrgyzstan to Boost Crypto Payments,news,200,Indexable,2203,97,0,0,,,0,0,yes,delete,high,P1,no_signal
https://coincu.com/binance-labs-additional-investments-aptos/,Binance Labs Makes Additional Investments In Blockchain Layer-1 Aptos,Binance Labs Makes Additional Investments In Blockchain Layer-1 Aptos,news,200,Indexable,2189,359,0,0,,,0,0,yes,delete,high,P1,no_signal
https://coincu.com/binance-labs-and-coinfund-fuel-cosmos/,Binance Labs and CoinFund Fuel Cosmos Blockchain with $10 Million Investment,Binance Labs and CoinFund Fuel Cosmos Blockchain with $10 Million Investment,news,200,Indexable,2212,186,0,0,,,0,0,yes,delete,high,P1,no_signal
https://coincu.com/binance-labs-announces-12-finalists/,Binance Labs Announces 12 Finalists For MVB Program Accelerating Growth,Binance Labs Announces 12 Finalists For MVB Program Accelerating Growth,news,200,Indexable,2109,231,0,0,,,0,0,yes,delete,high,P1,no_signal
https://coincu.com/binance-labs-delphinus-labs-zkwasm-venture/,Binance Labs Backs Delphinus Lab's Groundbreaking zkWASM Venture for Web3 DApp Ecosystem,Binance Labs Backs Delphinus Lab’s Groundbreaking zkWASM Venture for Web3 DApp Ecosystem,news,200,Indexable,1969,170,0,0,,,0,0,yes,delete,high,P1,no_signal
https://coincu.com/binance-labs-fund-reveals-season-7-project/,Binance Labs Fund Reveals Exciting Season 7 Project Lineup!,Binance Labs Fund Reveals Exciting Season 7 Project Lineup!,news,200,Indexable,2180,145,0,0,,,0,0,yes,delete,high,P1,no_signal
https://coincu.com/binance-labs-incubation-season-6-starts/,Binance Labs Incubation Season 6 Starts Signing Up From Now Until 31 Jul,Binance Labs Incubation Season 6 Starts Signing Up From Now Until 31 Jul,news,200,Indexable,2136,160,0,0,,,0,0,yes,delete,high,P1,no_signal
https://coincu.com/binance-labs-invest-desci-bio-protocol/,"BIO Protocol, DeSci sector, invested by Binance Labs","BIO Protocol, DeSci sector, invested by Binance Labs",news,200,Indexable,2213,158,0,0,,,0,0,yes,delete,high,P1,no_signal
https://coincu.com/binance-labs-invested-salus-security/,Binance Labs Invested In Blockchain Salus Security,Binance Labs Invested In Blockchain Salus Security,news,200,Indexable,1981,157,0,0,,,0,0,yes,delete,high,P1,no_signal
https://coincu.com/binance-labs-investment-and-ftxs-surprising-leap/,Market Overview (Jan 29–Feb 5): Binance Labs Investment And FTX's Surprising Leap,Market Overview (Jan 29–Feb 5): Binance Labs Investment And FTX’s Surprising Leap,news,200,Indexable,2697,173,0,0,,,0,0,yes,delete,high,P1,no_signal
https://coincu.com/binance-labs-investments-allocated-25-projects/,Binance Labs Investment Allocated To 25 Promising Projects In 2023,Binance Labs Investment Allocated To 25 Promising Projects In 2023,news,200,Indexable,2119,135,0,0,,,0,0,yes,delete,high,P1,no_signal
https://coincu.com/binance-labs-invests-10m-helio-liquid-staking/,Binance Labs Invests $10 Million To Drive Helio Liquid Staking Protocol,Binance Labs Invests $10 Million To Drive Helio Liquid Staking Protocol,news,200,Indexable,2023,143,0,0,,,0,0,yes,delete,high,P1,no_signal
https://coincu.com/binance-labs-invests-4-5-m-in-ambit-finance/,Binance Labs Invests Up To $4.5 Million In Ambit Finance,Binance Labs Invests Up To $4.5 Million In Ambit Finance,news,200,Indexable,1979,150,0,0,,,0,0,yes,delete,high,P1,no_signal
https://coincu.com/binance-labs-invests-5-million-in-crv-token/,Binance Labs Invests $5 Million In CRV Token As Curve deploys To BNB Chain: Report,Binance Labs Invests $5 Million In CRV Token As Curve deploys To BNB Chain: Report,news,200,Indexable,2083,157,0,0,,,0,0,yes,delete,high,P1,no_signal
https://coincu.com/binance-labs-invests-5-promising-projects/,Binance Labs Invests In 5 Promising Projects In Incubation Program,Binance Labs Invests In 5 Promising Projects In Incubation Program,news,200,Indexable,2141,118,0,0,,,0,0,yes,delete,high,P1,no_signal
https://coincu.com/binance-labs-invests-in-ankr/,Binance Labs Invests In Ankr To Enhance Platform Scalability,Binance Labs Invests In Ankr To Enhance Platform Scalability,news,200,Indexable,2024,156,0,0,,,0,0,yes,delete,high,P1,no_signal
https://coincu.com/binance-labs-invests-in-pendle-finance-to-expand/,Binance Labs Invests In Pendle Finance To Expand DeFi Yield Opportunities,Binance Labs Invests In Pendle Finance To Expand DeFi Yield Opportunities,news,200,Indexable,2011,178,0,0,,,0,0,yes,delete,high,P1,no_signal
https://coincu.com/binance-labs-invests-in-sophon-elastic-chain/,Binance Labs Invests In Sophon ‘Elastic Chain’ In Token Round,Binance Labs Invests In Sophon ‘Elastic Chain’ In Token Round,news,200,Indexable,2018,166,0,0,,,0,0,yes,delete,high,P1,no_signal
https://coincu.com/binance-labs-invests-ultimate-champions/,Binance Labs Invests $4 Million In Web3 Platform Ultimate Champions,Binance Labs Invests $4 Million In Web3 Platform Ultimate Champions,news,200,Indexable,1887,62,0,0,,,0,0,yes,delete,high,P1,no_signal
https://coincu.com/binance-labs-refunds-capital-in-bold-summer/,Binance Labs Refunds Capital in Bold Summer Decision!,Binance Labs Refunds Capital in Bold Summer Decision!,news,200,Indexable,2161,150,0,0,,,0,0,yes,delete,high,P1,no_signal
https://coincu.com/binance-labs-still-holds-ftt/,"Binance Labs Still Holds FTT, CZ Confirms","Binance Labs Still Holds FTT, CZ Confirms",news,200,Indexable,2037,147,0,0,,,0,0,yes,delete,high,P1,no_signal
https://coincu.com/binance-labs-will-have-a-new-brand-in-2025/,Binance Labs Will Have a New Brand in 2025,Binance Labs Will Have a New Brand in 2025,news,200,Indexable,2088,104,0,0,,,0,0,yes,delete,high,P1,no_signal
https://coincu.com/binance-launch-crypto-chatgpt-powered-bot/,"Binance To Launch Crypto ChatGPT-Powered Bot That Trained On Over 1,000 Courses","Binance To Launch Crypto ChatGPT-Powered Bot That Trained On Over 1,000 Courses",news,200,Indexable,2110,163,0,0,,,0,0,yes,delete,high,P1,no_signal
https://coincu.com/binance-launch-local-platform-in-kazakhstan/,Binance Is Now Launching A Local Platform In Kazakhstan Ahead Of Europe's Difficulties,Binance Is Now Launching A Local Platform In Kazakhstan Ahead Of Europe’s Difficulties,news,200,Indexable,2257,110,0,0,,,0,0,yes,delete,high,P1,no_signal
https://coincu.com/binance-launch-the-32nd-launchpad-arkham-arkm/,Binance Announced The Launch Of The 32nd Launchpad Project Arkham (ARKM),Binance Announced The Launch Of The 32nd Launchpad Project Arkham (ARKM),news,200,Indexable,2200,264,0,0,,,0,0,yes,delete,high,P1,no_signal
https://coincu.com/binance-launch-usdt-integration-toncoin-network/,Binance Launches USDT Integration with Toncoin Network for Fast Transactions!,Binance Launches USDT Integration with Toncoin Network for Fast Transactions!,news,200,Indexable,2072,101,0,0,,,0,0,yes,delete,high,P1,no_signal
https://coincu.com/binance-launched-batch-of-dual-investment/,Binance Launched A Exciting New Batch Of Dual Investment Products,Binance Launched A Exciting New Batch Of Dual Investment Products,news,200,Indexable,2204,122,0,0,,,0,0,yes,delete,high,P1,no_signal
https://coincu.com/binance-launches-500-million-btc-initiative/,Binance Launches $500 Million BTC Mining Initiative As Difficulty Metric Rises,Binance Launches $500 Million BTC Mining Initiative As Difficulty Metric Rises,news,200,Indexable,2183,157,0,0,,,0,0,yes,delete,high,P1,no_signal
https://coincu.com/binance-launches-dyor-research-tool-alpha-token-on-chain-data-queries/,Binance Launches DYOR Tool for Alpha Token On-Chain Data Queries,Binance Launches DYOR Tool for Alpha Token On-Chain Data Queries,news,200,Indexable,2580,157,0,0,,,0,0,yes,delete,high,P1,no_signal
https://coincu.com/binance-launches-ethw-mining-pool/,Binance Officially Launches Ethereum Proof-of-Work (ETHW) Mining Pool,Binance Officially Launches Ethereum Proof-of-Work (ETHW) Mining Pool,news,200,Indexable,2023,210,0,0,,,0,0,yes,delete,high,P1,no_signal
https://coincu.com/binance-launches-flncusdt-dramusdt-and-rklbusdt-perpetual-contracts/,"Binance Launches FLNCUSDT, DRAMUSDT, and RKLBUSDT Perpetual Contracts","Binance Launches FLNCUSDT, DRAMUSDT, and RKLBUSDT Perpetual Contracts",news,200,Indexable,2741,152,0,0,,,0,0,yes,delete,high,P1,no_signal
https://coincu.com/binance-launches-gensyn-aigensyn-earn-buy-margin-lending-services/,"Binance Launches Gensyn (AIGENSYN) Earn, Buy, Margin and Lending Services","Binance Launches Gensyn (AIGENSYN) Earn, Buy, Margin and Lending Services",news,200,Indexable,2511,160,0,0,,,0,0,yes,delete,high,P1,no_signal
https://coincu.com/binance-launches-holoworld-ai-products/,Binance to Launch Holoworld AI Products with 75x Leverage,Binance to Launch Holoworld AI Products with 75x Leverage,news,200,Indexable,2160,110,0,0,,,0,0,yes,delete,high,P1,no_signal
https://coincu.com/binance-launches-index-linked-plan/,Binance Launches The Auto-Invest Index-Linked Plan,Binance Launches The Auto-Invest Index-Linked Plan,news,200,Indexable,2115,239,0,0,,,0,0,yes,delete,high,P1,no_signal
https://coincu.com/binance-launches-layerzero-zro-and-add-seed-tags/,Binance Launches LayerZero (ZRO) and Add Seed Tags!,Binance Launches LayerZero (ZRO) and Add Seed Tags!,news,200,Indexable,2043,140,0,0,,,0,0,yes,delete,high,P1,no_signal
https://coincu.com/binance-launches-oracle-network/,Binance Launches Oracle Network A Decentralized Web3 Oracle,Binance Launches Oracle Network A Decentralized Web3 Oracle,news,200,Indexable,1909,157,0,0,,,0,0,yes,delete,high,P1,no_signal
https://coincu.com/binance-launches-send-cash-in-9-countries/,Binance Launches Send Cash In 9 Countries In Latin America,Binance Launches Send Cash In 9 Countries In Latin America,news,200,Indexable,2122,97,0,0,,,0,0,yes,delete,high,P1,no_signal
https://coincu.com/binance-launches-tripartite-banking-deal/,Binance Launches Tripartite Banking Deal for Risk Mitigation,Binance Launches Tripartite Banking Deal for Risk Mitigation,news,200,Indexable,2108,92,0,0,,,0,0,yes,delete,high,P1,no_signal
https://coincu.com/binance-launching-oracle-service/,Binance Announces Launching Its Native Oracle Service,Binance Announces Launching Its Native Oracle Service,news,200,Indexable,2066,155,0,0,,,0,0,yes,delete,high,P1,no_signal
https://coincu.com/binance-launchpad-more-attractive/,Why Are IEO Projects On Binance Launchpad More Attractive To Investors?,Why Are IEO Projects On Binance Launchpad More Attractive To Investors?,news,200,Indexable,2452,374,0,0,,,0,0,yes,delete,high,P1,no_signal
https://coincu.com/binance-launchpad-opened-space-id/,Right Now Binance Launchpad Has Opened Registration For Space ID,Right Now Binance Launchpad Has Opened Registration For Space ID,news,200,Indexable,1985,169,0,0,,,0,0,yes,delete,high,P1,no_signal
https://coincu.com/binance-launchpad-sparked-5-great-projects-2/,Binance Launchpad Sparked These 5 Great Projects (Part 2),Binance Launchpad Sparked These 5 Great Projects (Part 2),news,200,Indexable,2444,219,0,0,,,0,0,yes,delete,high,P1,no_signal
https://coincu.com/binance-launchpad-sparked-5-great-projects/,Binance Launchpad Sparked These 5 Great Projects (Part 1),Binance Launchpad Sparked These 5 Great Projects (Part 1),news,200,Indexable,2118,152,0,0,,,0,0,yes,delete,high,P1,no_signal
https://coincu.com/binance-launchpool-huma-finance-staking/,"Binance Unveils Huma Finance on Launchpool, Stakes Open May 23","Binance Unveils Huma Finance on Launchpool, Stakes Open May 23",news,200,Indexable,2149,123,0,0,,,0,0,yes,delete,high,P1,no_signal
https://coincu.com/binance-launchpool-launches-scroll-scr/,Binance Launchpool Launches Scroll (SCR),Binance Launchpool Launches Scroll (SCR),news,200,Indexable,2091,122,0,0,,,0,0,yes,delete,high,P1,no_signal
https://coincu.com/binance-launchpool-project-sleepless-ai/,Binance Launchpool Project Sleepless AI Introduces Attractive Token Features,Binance Launchpool Project Sleepless AI Introduces Attractive Token Features,news,200,Indexable,2108,157,0,0,,,0,0,yes,delete,high,P1,no_signal
https://coincu.com/binance-lawsuit-crypto-sentiment-fear-level/,Binance Lawsuit Causes Crypto Sentiment To Tumble To March 'Fear' Levels,Binance Lawsuit Causes Crypto Sentiment To Tumble To March ‘Fear’ Levels,news,200,Indexable,2253,155,0,0,,,0,0,yes,delete,high,P1,no_signal
https://coincu.com/binance-led-industry-recovery-initiative/,Binance-led $1 Billion Industry Recovery Initiative Backed By Web3 Companies,Binance-led $1 Billion Industry Recovery Initiative Backed By Web3 Companies,news,200,Indexable,1970,153,0,0,,,0,0,yes,delete,high,P1,no_signal
https://coincu.com/binance-legally-provide-services-in-cyprus/,Binance Can Now Legally Provide Services In Cyprus,Binance Can Now Legally Provide Services In Cyprus,news,200,Indexable,1941,111,0,0,,,0,0,yes,delete,high,P1,no_signal
https://coincu.com/binance-leverage-lending-tokens-delist-bar-pivx-xvg/,"Binance Leverage and Lending Tokens to Delist BAR, PIVX, and XVG","Binance Leverage and Lending Tokens to Delist BAR, PIVX, and XVG",news,200,Indexable,2641,165,0,0,,,0,0,yes,delete,high,P1,no_signal
https://coincu.com/binance-life-breaks-through-0-54-price-record-high/,Binance Life Breaks Above $0.54 as Price Hits Record High,Binance Life Breaks Above $0.54 as Price Hits Record High,news,200,Indexable,2714,163,0,0,,,0,0,yes,delete,high,P1,no_signal
https://coincu.com/binance-lifted-limit-for-russians/,"Binance Lifted €10,000 Limit For Russians","Binance Lifted €10,000 Limit For Russians",news,200,Indexable,2115,65,0,0,,,0,0,yes,delete,high,P1,no_signal
https://coincu.com/binance-linked-hkvaex-officially-shuts-down/,Binance-linked HKVAEX Officially Stops Supporting Hong Kong Users From April 30,Binance-linked HKVAEX Officially Stops Supporting Hong Kong Users From April 30,news,200,Indexable,2114,117,0,0,,,0,0,yes,delete,high,P1,no_signal
https://coincu.com/binance-liquid-swap-remove-mining-pools/,Binance Liquid Swap Will Remove 8 Mining Pools To Enhance Liquidity,Binance Liquid Swap Will Remove 8 Mining Pools To Enhance Liquidity,news,200,Indexable,2100,129,0,0,,,0,0,yes,delete,high,P1,no_signal
https://coincu.com/binance-liquidity-mining-removes-apt-busd-pool/,Binance Liquidity Mining Removes APT/BUSD Pool On Aug 4,Binance Liquidity Mining Removes APT/BUSD Pool On Aug 4,news,200,Indexable,2122,79,0,0,,,0,0,yes,delete,high,P1,no_signal
https://coincu.com/binance-list-genius-opg-seed-tags-may-22/,"Binance to List GENIUS and OPG, Add Seed Tags on May 22","Binance to List GENIUS and OPG, Add Seed Tags on May 22",news,200,Indexable,2456,159,0,0,,,0,0,yes,delete,high,P1,no_signal
https://coincu.com/binance-list-gensyn-aigensyn-may-14-seed-tag/,"Binance to List Gensyn (AIGENSYN) on May 14, Add Seed Tag","Binance to List Gensyn (AIGENSYN) on May 14, Add Seed Tag",news,200,Indexable,2405,141,0,0,,,0,0,yes,delete,high,P1,no_signal
https://coincu.com/binance-list-stargate-stg/,Binance Will List Stargate (STG) In The Innovation Zone,Binance Will List Stargate (STG) In The Innovation Zone,news,200,Indexable,1857,156,0,0,,,0,0,yes,delete,high,P1,no_signal
https://coincu.com/binance-listing-fees-causing-fierce-controversy/,Binance Listing Fees Are Causing Fierce Controversy In The Community,Binance Listing Fees Are Causing Fierce Controversy In The Community,news,200,Indexable,2232,98,0,0,,,0,0,yes,delete,high,P1,no_signal
https://coincu.com/binance-listing-fuels-concerns-trading/,Token Dump After Binance Listing Fuels Concerns About Insider Trading,Token Dump After Binance Listing Fuels Concerns About Insider Trading,news,200,Indexable,2341,164,0,0,,,0,0,yes,delete,high,P1,no_signal
https://coincu.com/binance-lists-ethena-usde-spot-trading/,Binance Lists Ethena USDe for Spot Trading Pairs,Binance Lists Ethena USDe for Spot Trading Pairs,news,200,Indexable,2115,105,0,0,,,0,0,yes,delete,high,P1,no_signal
https://coincu.com/binance-lists-ondo-tokenized-securities/,Binance Lists Ondo Tokenized Securities With 0% Fees,Binance Lists Ondo Tokenized Securities With 0% Fees,news,200,Indexable,1908,113,0,0,,,0,0,yes,delete,high,P1,no_signal
https://coincu.com/binance-lists-starknet-strk-strk-distribution/,"Binance Lists Starknet (STRK) On Feb 20, Massive STRK Distribution Begins!","Binance Lists Starknet (STRK) On Feb 20, Massive STRK Distribution Begins!",news,200,Indexable,2057,130,0,0,,,0,0,yes,delete,high,P1,no_signal
https://coincu.com/binance-looks-to-new-lobbyist/,Binance Looks To New Lobbyist In Brussels,Binance Looks To New Lobbyist In Brussels,news,200,Indexable,2119,143,0,0,,,0,0,yes,delete,high,P1,no_signal
https://coincu.com/binance-loses-users-after-implementing-kyc/,Binance Loses 90% Of Users After Implementing KYC,Binance Loses 90% Of Users After Implementing KYC,news,200,Indexable,2240,151,0,0,,,0,0,yes,delete,high,P1,no_signal
https://coincu.com/binance-low-cap-projects-liquidity-manipulation/,Binance Urges Low-Cap Projects To Enhance Liquidity Amid Concerns Of Market Manipulation,Binance Urges Low-Cap Projects To Enhance Liquidity Amid Concerns Of Market Manipulation,news,200,Indexable,2014,168,0,0,,,0,0,yes,delete,high,P1,no_signal
https://coincu.com/binance-lunc-burn-5-6b-lunc-destroyed/,"Binance Completed First LUNC Burn, 5.6 Billion LUNC Destroyed","Binance Completed First LUNC Burn, 5.6 Billion LUNC Destroyed",news,200,Indexable,2081,152,0,0,,,0,0,yes,delete,high,P1,no_signal
https://coincu.com/binance-lunc-transaction-fee-loss/,Binance Accepts LUNC Transaction Fee Loss To Satisfy The Community,Binance Accepts LUNC Transaction Fee Loss To Satisfy The Community,news,200,Indexable,2214,158,0,0,,,0,0,yes,delete,high,P1,no_signal
https://coincu.com/binance-magicusdt-settlement-change/,Binance Adjusts MAGICUSDT Contract Settlement Frequency,Binance Adjusts MAGICUSDT Contract Settlement Frequency,news,200,Indexable,2051,94,0,0,,,0,0,yes,delete,high,P1,no_signal
https://coincu.com/binance-margin-add-mega-u-ton-u-ton-usd1-trading-pairs/,"Binance Margin Adds MEGA/U, TON/U and TON/USD1 Trading Pairs","Binance Margin Adds MEGA/U, TON/U and TON/USD1 Trading Pairs",news,200,Indexable,2455,151,0,0,,,0,0,yes,delete,high,P1,no_signal
https://coincu.com/binance-mastercard-payment-services-resumed/,Binance Mastercard Payment Services For Crypto Now Resumed Support,Binance Mastercard Payment Services For Crypto Now Resumed Support,news,200,Indexable,2093,140,0,0,,,0,0,yes,delete,high,P1,no_signal
https://coincu.com/binance-may-be-accused-of-fraud/,"Binance May Be Accused Of Fraud, But DOJ Worried About Market Crisis","Binance May Be Accused Of Fraud, But DOJ Worried About Market Crisis",news,200,Indexable,2316,65,0,0,,,0,0,yes,delete,high,P1,no_signal
https://coincu.com/binance-may-now-leave-cyprus/,Binance May Now Leave Cyprus Amid Troubles With SEC Case,Binance May Now Leave Cyprus Amid Troubles With SEC Case,news,200,Indexable,2157,85,0,0,,,0,0,yes,delete,high,P1,no_signal
https://coincu.com/binance-may-proof-of-reserves-10022-btc-reserve-ratio/,Binance May Proof-of-Reserves Shows 100.22% BTC Ratio,Binance May Proof-of-Reserves Shows 100.22% BTC Ratio,news,200,Indexable,2572,147,0,0,,,0,0,yes,delete,high,P1,no_signal
https://coincu.com/binance-mints-50-million-tusd/,Binance Mints 50 Million TUSD Stablecoin Causes TRU Price To Spike 200%,Binance Mints 50 Million TUSD Stablecoin Causes TRU Price To Spike 200%,news,200,Indexable,2215,158,0,0,,,0,0,yes,delete,high,P1,no_signal
https://coincu.com/binance-mirror-otc-settlement-solution/,Binance Mirror: OTC settlement solution For Over 60% Of Binance Custody Assets,Binance Mirror: OTC settlement solution For Over 60% Of Binance Custody Assets,news,200,Indexable,2085,150,0,0,,,0,0,yes,delete,high,P1,no_signal
https://coincu.com/binance-moves-127000-bitcoins/,"Binance Moves 127,000 Bitcoins As Part Of Its Reserves Audit","Binance Moves 127,000 Bitcoins As Part Of Its Reserves Audit",news,200,Indexable,2043,155,0,0,,,0,0,yes,delete,high,P1,no_signal
https://coincu.com/binance-mvp-license-in-dubai/,Binance Becomes First Exchange Granted Operational MVP License In Dubai,Binance Becomes First Exchange Granted Operational MVP License In Dubai,news,200,Indexable,2287,161,0,0,,,0,0,yes,delete,high,P1,no_signal
https://coincu.com/binance-narrowing-down-identity-hacker/,Binance Is Narrowing Down The Identity Of BSC Token Hub Hacker,Binance Is Narrowing Down The Identity Of BSC Token Hub Hacker,news,200,Indexable,1959,83,0,0,,,0,0,yes,delete,high,P1,no_signal
https://coincu.com/binance-negotiates-to-buy-indonesia/,"Binance Negotiates To Buy Indonesia's Tokocrypto Exchange, TKO Price X2","Binance Negotiates To Buy Indonesia’s Tokocrypto Exchange, TKO Price X2",news,200,Indexable,2011,152,0,0,,,0,0,yes,delete,high,P1,no_signal
https://coincu.com/binance-net-inflow-171-million-usdt-24-hours/,Binance Logs $171M USDT Net Inflow in 24 Hours,Binance Logs $171M USDT Net Inflow in 24 Hours,news,200,Indexable,2219,145,0,0,,,0,0,yes,delete,high,P1,no_signal
https://coincu.com/binance-never-used-bnb-as-collateral/,Changpeng Zhao: Binance Never Used BNB As Collateral and Never Was Indebted,Changpeng Zhao: Binance Never Used BNB As Collateral and Never Was Indebted,news,200,Indexable,1890,213,0,0,,,0,0,yes,delete,high,P1,no_signal
https://coincu.com/binance-nft-attracts-the-sandbox/,Binance NFT Attracts The Sandbox Community With New Staking Program,Binance NFT Attracts The Sandbox Community With New Staking Program,news,200,Indexable,2061,65,0,0,,,0,0,yes,delete,high,P1,no_signal
https://coincu.com/binance-nft-ends-the-sandbox-nft-staking-program/,Binance NFT Now Ends The Sandbox NFT Staking Program And Polygon Network Support,Binance NFT Now Ends The Sandbox NFT Staking Program And Polygon Network Support,news,200,Indexable,2029,116,0,0,,,0,0,yes,delete,high,P1,no_signal
https://coincu.com/binance-nft-marketplace-2/,Binance NFT Marketplace Launches Ape NFT Staking Program,Binance NFT Marketplace Launches Ape NFT Staking Program,news,200,Indexable,1896,84,0,0,,,0,0,yes,delete,high,P1,no_signal
https://coincu.com/binance-nft-marketplace-sweep-feature/,Binance NFT Marketplace To Launch Sweep Feature: Enjoy 100% Gas Fee Rebates,Binance NFT Marketplace To Launch Sweep Feature: Enjoy 100% Gas Fee Rebates,news,200,Indexable,2103,124,0,0,,,0,0,yes,delete,high,P1,no_signal
https://coincu.com/binance-nft-marketplace-takes-the-next-step/,Binance NFT Marketplace Takes The Next Step with Polygon Support & Voting,Binance NFT Marketplace Takes The Next Step with Polygon Support & Voting,news,200,Indexable,2068,104,0,0,,,0,0,yes,delete,high,P1,no_signal
https://coincu.com/binance-nft-soccer-tickets-lazio-club/,Binance Issues Soccer Tickets For Lazio Club As NFT,Binance Issues Soccer Tickets For Lazio Club As NFT,news,200,Indexable,1924,154,0,0,,,0,0,yes,delete,high,P1,no_signal
https://coincu.com/binance-nft-supports-bitcoin-nfts/,Binance NFT Marketplace Now Supports Bitcoin NFTs,Binance NFT Marketplace Now Supports Bitcoin NFTs,news,200,Indexable,2044,143,0,0,,,0,0,yes,delete,high,P1,no_signal
https://coincu.com/binance-no-debt-reassure-users/,Binance Claims No Debt To Reassure Users After Withdrawal Problems,Binance Claims No Debt To Reassure Users After Withdrawal Problems,news,200,Indexable,2024,157,0,0,,,0,0,yes,delete,high,P1,no_signal
https://coincu.com/binance-node-operator-of-polymesh/,Binance Becomes New Node Operator Of Layer-1 Blockchain Polymesh,Binance Becomes New Node Operator Of Layer-1 Blockchain Polymesh,news,200,Indexable,2084,119,0,0,,,0,0,yes,delete,high,P1,no_signal
https://coincu.com/binance-not-use-customer-money-for-trading/,Binance Affirms Will Not Use Customer Money For Trading,Binance Affirms Will Not Use Customer Money For Trading,news,200,Indexable,1994,154,0,0,,,0,0,yes,delete,high,P1,no_signal
https://coincu.com/binance-now-addresses-cyber-liquidity-crunch/,"Binance Now Addresses CYBER Liquidity Crunch, Distributes 800K USDT Tokens","Binance Now Addresses CYBER Liquidity Crunch, Distributes 800K USDT Tokens",news,200,Indexable,2101,196,0,0,,,0,0,yes,delete,high,P1,no_signal
https://coincu.com/binance-now-counters-sec/,Binance Now Counters SEC's Sweep With Protective Legal Maneuver,Binance Now Counters SEC’s Sweep With Protective Legal Maneuver,news,200,Indexable,2070,163,0,0,,,0,0,yes,delete,high,P1,no_signal
https://coincu.com/binance-now-delisting-many-busd-trading-pairs/,Binance Now Delisting Many BUSD Trading Pairs From Aug 18,Binance Now Delisting Many BUSD Trading Pairs From Aug 18,news,200,Indexable,2076,169,0,0,,,0,0,yes,delete,high,P1,no_signal
https://coincu.com/binance-now-facilitates-belgian-traders/,Binance Now Facilitates Belgian Traders Secure Continued Access To Crypto Services,Binance Now Facilitates Belgian Traders Secure Continued Access To Crypto Services,news,200,Indexable,2085,289,0,0,,,0,0,yes,delete,high,P1,no_signal
https://coincu.com/binance-now-integrates-pancakeswap-kyber-network/,Binance Now Integrates PancakeSwap And Kyber Network For Increased Liquidity,Binance Now Integrates PancakeSwap And Kyber Network For Increased Liquidity,news,200,Indexable,1978,134,0,0,,,0,0,yes,delete,high,P1,no_signal
https://coincu.com/binance-now-terminating-australia/,Binance Now Terminating Australia Due To Banking Partner Issues: CZ,Binance Now Terminating Australia Due To Banking Partner Issues: CZ,news,200,Indexable,2217,168,0,0,,,0,0,yes,delete,high,P1,no_signal
https://coincu.com/binance-offers-13-59-apr-with-no-reward/,Binance Offers 13.59% APR With No Reward Cap,Binance Offers 13.59% APR With No Reward Cap,news,200,Indexable,1956,115,0,0,,,0,0,yes,delete,high,P1,no_signal
https://coincu.com/binance-offers-large-traders-secure-banking/,Binance Offers Large Traders Secure Banking for Asset Storage!,Binance Offers Large Traders Secure Banking for Asset Storage!,news,200,Indexable,2124,132,0,0,,,0,0,yes,delete,high,P1,no_signal
https://coincu.com/binance-once-again-splits-doj/,Binance Once Again Splits DOJ On Allegations Of AML Violation: Reuters,Binance Once Again Splits DOJ On Allegations Of AML Violation: Reuters,news,200,Indexable,2075,151,0,0,,,0,0,yes,delete,high,P1,no_signal
https://coincu.com/binance-opens-new-offices-in-brazil/,Binance Opens New Offices In Brazil,Binance Opens New Offices In Brazil,news,200,Indexable,2056,157,0,0,,,0,0,yes,delete,high,P1,no_signal
https://coincu.com/binance-operations-in-france-controversial/,Binance Operations in France Leaves Regulators Controversial,Binance Operations in France Leaves Regulators Controversial,news,200,Indexable,2113,122,0,0,,,0,0,yes,delete,high,P1,no_signal
https://coincu.com/binance-overtakes-coinbase-most-btc/,Binance Overtakes Coinbase To Become The Exchange Holding The Most BTC,Binance Overtakes Coinbase To Become The Exchange Holding The Most BTC,news,200,Indexable,2020,146,0,0,,,0,0,yes,delete,high,P1,no_signal
https://coincu.com/binance-participates-senate-hearing/,Binance Participates In Philippine Senate Banking Committee Hearing,Binance Participates In Philippine Senate Banking Committee Hearing,news,200,Indexable,2184,137,0,0,,,0,0,yes,delete,high,P1,no_signal
https://coincu.com/binance-partner-law-enforcement-agencies/,Binance Partners With Law Enforcement Agencies To Prevent Money Laundering - Coincu - Latest Cryptocurrency News and Analysis 1,Binance Partners With Law Enforcement Agencies To Prevent Money Laundering,news,200,Indexable,2087,161,0,0,,,0,0,yes,delete,high,P1,no_signal
https://coincu.com/binance-partners-with-busan/,Binance Partners With Busan To Develop Blockchain Infrastructure,Binance Partners With Busan To Develop Blockchain Infrastructure,news,200,Indexable,2102,152,0,0,,,0,0,yes,delete,high,P1,no_signal
https://coincu.com/binance-pauses-usdc-withdrawal/,"Binance Pauses USDC Withdrawal, Over $2.3 Billion Has Been Withdrawn","Binance Pauses USDC Withdrawal, Over $2.3 Billion Has Been Withdrawn",news,200,Indexable,1936,159,0,0,,,0,0,yes,delete,high,P1,no_signal
https://coincu.com/binance-pay-brazil-expanding-crypto-payment/,"Binance Unveils Binance Pay In Brazil, Expanding Crypto Payment Landscape","Binance Unveils Binance Pay In Brazil, Expanding Crypto Payment Landscape",news,200,Indexable,2015,149,0,0,,,0,0,yes,delete,high,P1,no_signal
https://coincu.com/binance-pay-ukraines-varus-supermarket/,Binance Pay First Applies In Europe With Ukraine's VARUS Supermarket Chain,Binance Pay First Applies In Europe With Ukraine’s VARUS Supermarket Chain,news,200,Indexable,1972,162,0,0,,,0,0,yes,delete,high,P1,no_signal
https://coincu.com/binance-payment-service-for-us-customers/,Binance Launches Crypto Payment Service For US Customers,Binance Launches Crypto Payment Service For US Customers,news,200,Indexable,1926,157,0,0,,,0,0,yes,delete,high,P1,no_signal
https://coincu.com/binance-peg-busd-is-now-on-tron/,Deposits And Withdrawals For Binance-Peg BUSD Is Now Available On TRON Network,Deposits And Withdrawals For Binance-Peg BUSD Is Now Available On TRON Network,news,200,Indexable,2179,154,0,0,,,0,0,yes,delete,high,P1,no_signal
https://coincu.com/binance-plans-to-partner-with-tether-circle/,Binance Now Plans To Partner With Tether And Circle To Support Native Stablecoins,Binance Now Plans To Partner With Tether And Circle To Support Native Stablecoins,news,200,Indexable,2150,155,0,0,,,0,0,yes,delete,high,P1,no_signal
https://coincu.com/binance-plea-deal-approved-by-judge/,$4.3 Billion Payment In Binance Plea Deal Approved By Judge,$4.3 Billion Payment In Binance Plea Deal Approved By Judge,news,200,Indexable,2137,136,0,0,,,0,0,yes,delete,high,P1,no_signal
https://coincu.com/binance-pool-adds-ravencoin-support/,Binance Pool Adds Ravencoin Support,Binance Pool Adds Ravencoin Support,news,200,Indexable,1909,206,0,0,,,0,0,yes,delete,high,P1,no_signal
https://coincu.com/binance-pool-launches-bitcoin-cash-mining/,Binance Pool Launches Bitcoin Cash Mining Service,Binance Pool Launches Bitcoin Cash Mining Service,news,200,Indexable,2155,94,0,0,,,0,0,yes,delete,high,P1,no_signal
https://coincu.com/binance-pool-service-ordinals-inscription/,Binance Pool Launches New Service To Support Ordinals Inscription,Binance Pool Launches New Service To Support Ordinals Inscription,news,200,Indexable,2069,170,0,0,,,0,0,yes,delete,high,P1,no_signal
https://coincu.com/binance-postpones-fdusd-stablecoin-listing/,Binance Postpones FDUSD Stablecoin Listing Amid Concerns,Binance Postpones FDUSD Stablecoin Listing Amid Concerns,news,200,Indexable,2065,171,0,0,,,0,0,yes,delete,high,P1,no_signal
https://coincu.com/binance-pre-market-now-launched/,Binance Pre-Market Now Launched for Real Token Spot Trading,Binance Pre-Market Now Launched for Real Token Spot Trading,news,200,Indexable,2163,167,0,0,,,0,0,yes,delete,high,P1,no_signal
https://coincu.com/binance-preparing-to-support-network-upgrade/,Binance Preparing To Support BEP20 Network Upgrade & Hard Fork,Binance Preparing To Support BEP20 Network Upgrade & Hard Fork,news,200,Indexable,1995,92,0,0,,,0,0,yes,delete,high,P1,no_signal
https://coincu.com/binance-presents-in-bitzlato/,Binance Presents In Top 3 Counterparties Of Bitzlato,Binance Presents In Top 3 Counterparties Of Bitzlato,news,200,Indexable,2166,154,0,0,,,0,0,yes,delete,high,P1,no_signal
https://coincu.com/binance-price-potential-breakout-to-990/,Binance Coin Price Action Shows Strong Potential for Breakout: Is BNB Heading to 990?,Binance Coin Price Action Shows Strong Potential for Breakout: Is BNB Heading to 990?,news,200,Indexable,2262,115,0,0,,,0,0,yes,delete,high,P1,no_signal
https://coincu.com/binance-proof-of-reserve-btc-rises-eth-falls/,"Binance Proof of Reserve: BTC Rises, ETH Falls, and USDT Dips","Binance Proof of Reserve: BTC Rises, ETH Falls, and USDT Dips",news,200,Indexable,2134,141,0,0,,,0,0,yes,delete,high,P1,no_signal
https://coincu.com/binance-proof-of-reserves-october-2024/,Binance Proof of Reserves October 2024 Highlights Key Asset Changes,Binance Proof of Reserves October 2024 Highlights Key Asset Changes,news,200,Indexable,2017,146,0,0,,,0,0,yes,delete,high,P1,no_signal
https://coincu.com/binance-proof-of-reserves-plummets-by-8-billion/,Binance Proof of Reserves Plummets by $8 Billion,Binance Proof of Reserves Plummets by $8 Billion,news,200,Indexable,2279,155,0,0,,,0,0,yes,delete,high,P1,no_signal
https://coincu.com/binance-proof-of-reserves-shows-120b-in-assets/,Binance Proof of Reserves Shows $120B in Assets Across 34 Tokens,Binance Proof of Reserves Shows $120B in Assets Across 34 Tokens,news,200,Indexable,2024,159,0,0,,,0,0,yes,delete,high,P1,no_signal
https://coincu.com/binance-purposefully-disregarded-sanctions/,Binance Purposefully Disregarded US Sanctions In Order To Support Iranian Users,Binance Purposefully Disregarded US Sanctions In Order To Support Iranian Users,news,200,Indexable,2480,121,0,0,,,0,0,yes,delete,high,P1,no_signal
https://coincu.com/binance-reaches-150-million-users/,"Binance Reaches 150 Million Registered Users Despite Challenges, CEO Says","Binance Reaches 150 Million Registered Users Despite Challenges, CEO Says",news,200,Indexable,2350,59,0,0,,,0,0,yes,delete,high,P1,no_signal
https://coincu.com/binance-receives-failure/,Binance Receives Failure To Maintain “Flawless” Its Stablecoin’s Reserves In The Past,Binance Receives Failure To Maintain “Flawless” Its Stablecoin’s Reserves In The Past,news,200,Indexable,2205,158,0,0,,,0,0,yes,delete,high,P1,no_signal
https://coincu.com/binance-receives-license-in-kazakhstan/,Binance Receives Regulatory License To Operate In Kazakhstan,Binance Receives Regulatory License To Operate In Kazakhstan,news,200,Indexable,2121,154,0,0,,,0,0,yes,delete,high,P1,no_signal
https://coincu.com/binance-receives-strong-support-amid-sec/,Binance Receives Strong Support Amid SEC Allegations,Binance Receives Strong Support Amid SEC Allegations,news,200,Indexable,2108,230,0,0,,,0,0,yes,delete,high,P1,no_signal
https://coincu.com/binance-recent-settlement-doesnt-sec-give-up/,Binance Recent Settlement Doesn't Make SEC Give Up Proceeding With Lawsuit,Binance Recent Settlement Doesn’t Make SEC Give Up Proceeding With Lawsuit,news,200,Indexable,2071,153,0,0,,,0,0,yes,delete,high,P1,no_signal
https://coincu.com/binance-records-2b-stablecoin-inflows/,Binance Records $2B Stablecoin Inflows Ahead of Fed Decision,Binance Records $2B Stablecoin Inflows Ahead of Fed Decision,news,200,Indexable,2053,159,0,0,,,0,0,yes,delete,high,P1,no_signal
https://coincu.com/binance-records-net-inflow-of-217-million-usdt-over-24-hours/,Binance Records Net Inflow of 217M USDT in 24 Hours,Binance Records Net Inflow of 217M USDT in 24 Hours,news,200,Indexable,2500,146,0,0,,,0,0,yes,delete,high,P1,no_signal
https://coincu.com/binance-recovered-83-curve-finance/,Binance Has Recovered 83% Of Curve Finance Hacked Funds,Binance Has Recovered 83% Of Curve Finance Hacked Funds,news,200,Indexable,2014,157,0,0,,,0,0,yes,delete,high,P1,no_signal
https://coincu.com/binance-recovery-assets-over-the-past-two-years/,Binance Recovery Assets Reached $4.4 Billion Over The Past Two Years,Binance Recovery Assets Reached $4.4 Billion Over The Past Two Years,news,200,Indexable,2096,122,0,0,,,0,0,yes,delete,high,P1,no_signal
https://coincu.com/binance-referral-code-refer-friend-get-free-usdt/,Binance Referral Code 2024: 239529503 (Get $100 USDT Trading Fee Credit for Each Friend You Refer),Binance Referral Code 2024: 239529503 (Get $100 USDT Trading Fee Credit for Each Friend You Refer),news,200,Indexable,3814,160,0,0,,,0,0,yes,delete,high,P1,no_signal
https://coincu.com/binance-refugee-card-helped-15000-ukrainian/,"Binance Refugee Card Helped 15,000 Ukrainian Refugees","Binance Refugee Card Helped 15,000 Ukrainian Refugees",news,200,Indexable,2051,258,0,0,,,0,0,yes,delete,high,P1,no_signal
https://coincu.com/binance-refuses-invest-in-genesis/,Binance Refuses To Invest In Genesis Due To Fear Of Conflict Of Interest,Binance Refuses To Invest In Genesis Due To Fear Of Conflict Of Interest,news,200,Indexable,1976,156,0,0,,,0,0,yes,delete,high,P1,no_signal
https://coincu.com/binance-registration-in-india/,Binance Registration In India Now Shows Positivity After Ban Last Year,Binance Registration In India Now Shows Positivity After Ban Last Year,news,200,Indexable,2212,165,0,0,,,0,0,yes,delete,high,P1,no_signal
https://coincu.com/binance-remains-quiet/,Binance Remains Quiet On Gopax Acquisition Rumors,Binance Remains Quiet On Gopax Acquisition Rumors,news,200,Indexable,2277,156,0,0,,,0,0,yes,delete,high,P1,no_signal
https://coincu.com/binance-remove-19-tokens-may-14-2026/,"Binance to Remove 19 Tokens on May 14, 2026: Full Delisting List & Market Impact","Binance to Remove 19 Tokens on May 14, 2026: Full Delisting List & Market Impact",news,200,Indexable,2468,141,0,0,,,0,0,yes,delete,high,P1,no_signal
https://coincu.com/binance-remove-39-liquidity-pools/,Binance Will Stop 39 Liquidity Pools on September 1st,Binance Will Stop 39 Liquidity Pools on September 1st,news,200,Indexable,1970,158,0,0,,,0,0,yes,delete,high,P1,no_signal
https://coincu.com/binance-remove-4-ftt-spot-trading-pairs/,Binance Will Remove 4 FTT Related Spot Trading Pairs And Stop Trading,Binance Will Remove 4 FTT Related Spot Trading Pairs And Stop Trading,news,200,Indexable,1937,148,0,0,,,0,0,yes,delete,high,P1,no_signal
https://coincu.com/binance-remove-select-leveraged-trading-pairs/,Binance to Remove Select Leveraged Trading Pairs: What Traders Should Know,Binance to Remove Select Leveraged Trading Pairs: What Traders Should Know,news,200,Indexable,2418,189,0,0,,,0,0,yes,delete,high,P1,no_signal
https://coincu.com/binance-removes-banco-de-venezuela/,Binance Removes Banco de Venezuela From P2P Trading With Legal Trouble In Eupore,Binance Removes Banco de Venezuela From P2P Trading With Legal Trouble In Eupore,news,200,Indexable,2087,105,0,0,,,0,0,yes,delete,high,P1,no_signal
https://coincu.com/binance-reopened-usdc-withdrawal/,"Binance Reopened USDC Withdrawal, Dispelling Crisis Rumors","Binance Reopened USDC Withdrawal, Dispelling Crisis Rumors",news,200,Indexable,2128,183,0,0,,,0,0,yes,delete,high,P1,no_signal
https://coincu.com/binance-reopens-usdc-deposit-on-solana/,Binance Reopens USDC Deposit Service On Solana Chain,Binance Reopens USDC Deposit Service On Solana Chain,news,200,Indexable,1939,141,0,0,,,0,0,yes,delete,high,P1,no_signal
https://coincu.com/binance-reported-its-gopax-acquisition/,Binance Reported Its Gopax Acquisition Success To Korean Regulators,Binance Reported Its Gopax Acquisition Success To Korean Regulators,news,200,Indexable,2149,207,0,0,,,0,0,yes,delete,high,P1,no_signal
https://coincu.com/binance-requires-wazirx-withdraw-user-funds/,Binance Requires WazirX To Withdraw All User Funds From The Exchange,Binance Requires WazirX To Withdraw All User Funds From The Exchange,news,200,Indexable,2162,157,0,0,,,0,0,yes,delete,high,P1,no_signal
https://coincu.com/binance-rescue-fund-only-30-million-of-1-billion/,Binance Rescue Fund Deploys Only $30 Million Out Of $1 Billion,Binance Rescue Fund Deploys Only $30 Million Out Of $1 Billion,news,200,Indexable,2045,213,0,0,,,0,0,yes,delete,high,P1,no_signal
https://coincu.com/binance-research-illicit-crypto-trading-less-than-1-percent-volume/,Binance Research: Illicit Crypto Trading Under 1% of Volume,Binance Research: Illicit Crypto Trading Under 1% of Volume,news,200,Indexable,2449,151,0,0,,,0,0,yes,delete,high,P1,no_signal
https://coincu.com/binance-responds-forbes-false-claims/,Binance Responds To Forbes' False Claims For Misappropriating Users' Money,Binance Responds To Forbes’ False Claims For Misappropriating Users’ Money,news,200,Indexable,2237,217,0,0,,,0,0,yes,delete,high,P1,no_signal
https://coincu.com/binance-responds-to-blumenthal/,"Binance Responds to Blumenthal, Defends Trust of 300M+ Users","Binance Responds to Blumenthal, Defends Trust of 300M+ Users",news,200,Indexable,2082,136,0,0,,,0,0,yes,delete,high,P1,no_signal
https://coincu.com/binance-response-help-iran-trade-8b/,Binance Response To Allegations Of Helping Iranian Companies Trade $8 Billion Despite Sanctions,Binance Response To Allegations Of Helping Iranian Companies Trade $8 Billion Despite Sanctions,news,200,Indexable,2158,157,0,0,,,0,0,yes,delete,high,P1,no_signal
https://coincu.com/binance-restricts-us-trading-prime-broker-checks/,Binance Restricts US Trading With Prime Broker Checks: Report,Binance Restricts US Trading With Prime Broker Checks: Report,news,200,Indexable,2048,164,0,0,,,0,0,yes,delete,high,P1,no_signal
https://coincu.com/binance-resumed-accepting-brazilian-real/,Binance Has Resumed Accepting Brazilian Real Deposits And Withdrawals,Binance Has Resumed Accepting Brazilian Real Deposits And Withdrawals,news,200,Indexable,2185,156,0,0,,,0,0,yes,delete,high,P1,no_signal
https://coincu.com/binance-resumes-crypto-withdrawals/,Binance Resumes Crypto Withdrawals After Technical Issue,Binance Resumes Crypto Withdrawals After Technical Issue,news,200,Indexable,2004,144,0,0,,,0,0,yes,delete,high,P1,no_signal
https://coincu.com/binance-revamps-blzu-contract/,Binance Revamps BLZU Contract Due To BLZ Token Frenzy,Binance Revamps BLZU Contract Due To BLZ Token Frenzy,news,200,Indexable,2095,131,0,0,,,0,0,yes,delete,high,P1,no_signal
https://coincu.com/binance-revolutionizes-nft-lending/,Binance Revolutionizes NFT Lending with ETH Loans,Binance Revolutionizes NFT Lending with ETH Loans,news,200,Indexable,2012,133,0,0,,,0,0,yes,delete,high,P1,no_signal
https://coincu.com/binance-ruble-payment-partnership-terminates/,Binance Ruble Payment Partnership Completely Terminates Amid Regulatory Challenge,Binance Ruble Payment Partnership Completely Terminates Amid Regulatory Challenge,news,200,Indexable,2047,86,0,0,,,0,0,yes,delete,high,P1,no_signal
https://coincu.com/binance-russian-customers-bank-cards/,Binance Lets Russian Customers Buy Crypto With Bank Cards With 1.2% Fee,Binance Lets Russian Customers Buy Crypto With Bank Cards With 1.2% Fee,news,200,Indexable,2266,89,0,0,,,0,0,yes,delete,high,P1,no_signal
https://coincu.com/binance-safu-fund-bitcoin-conversion/,Binance Converts $1 Billion SAFU Fund to Bitcoin,Binance Converts $1 Billion SAFU Fund to Bitcoin,news,200,Indexable,2142,117,0,0,,,0,0,yes,delete,high,P1,no_signal
https://coincu.com/binance-says-signature/,"Binance Announces Signature Sets To Disrupt SWIFT Transfers Below $100,000","Binance Announces Signature Sets To Disrupt SWIFT Transfers Below $100,000",news,200,Indexable,2164,135,0,0,,,0,0,yes,delete,high,P1,no_signal
https://coincu.com/binance-scam-alert-shields-users-from-fraud/,Binance Scam Alert Shields Users From Fraud With New Algorithm,Binance Scam Alert Shields Users From Fraud With New Algorithm,news,200,Indexable,2084,144,0,0,,,0,0,yes,delete,high,P1,no_signal
https://coincu.com/binance-sec-request-rejected-by-judge/,Binance SEC Request Rejected By Judge In Intense Legal Battle,Binance SEC Request Rejected By Judge In Intense Legal Battle,news,200,Indexable,2102,128,0,0,,,0,0,yes,delete,high,P1,no_signal
https://coincu.com/binance-second-largest-entity-uniswap/,Binance Becomes Second-largest Entity Of Uniswap,Binance Becomes Second-largest Entity Of Uniswap,news,200,Indexable,2031,154,0,0,,,0,0,yes,delete,high,P1,no_signal
https://coincu.com/binance-security-in-kyberswap-hack/,Binance Security Team Investigates Suspect In KyberSwap Hack,Binance Security Team Investigates Suspect In KyberSwap Hack,news,200,Indexable,2029,99,0,0,,,0,0,yes,delete,high,P1,no_signal
https://coincu.com/binance-security-proof-of-reserves-system/,"Binance Boosts Security With Proof-of-Reserves System Update, Now Covers 24 Tokens","Binance Boosts Security With Proof-of-Reserves System Update, Now Covers 24 Tokens",news,200,Indexable,2120,364,0,0,,,0,0,yes,delete,high,P1,no_signal
https://coincu.com/binance-seeks-mica-license-in-greece-amid/,Binance Seeks MiCA License in Greece Amid Tightening EU Crypto Regulations,Binance Seeks MiCA License in Greece Amid Tightening EU Crypto Regulations,news,200,Indexable,1938,102,0,0,,,0,0,yes,delete,high,P1,no_signal
https://coincu.com/binance-seeks-regulatory-ground-in-taiwan/,Binance Seeks Regulatory Ground In Taiwan Amidst Industry Challenge,Binance Seeks Regulatory Ground In Taiwan Amidst Industry Challenge,news,200,Indexable,2057,81,0,0,,,0,0,yes,delete,high,P1,no_signal
https://coincu.com/binance-sees-216-million-net-usdt-inflow-over-24-hours/,Binance Logs $216M Net USDT Inflow in 24 Hours,Binance Logs $216M Net USDT Inflow in 24 Hours,news,200,Indexable,2590,144,0,0,,,0,0,yes,delete,high,P1,no_signal
https://coincu.com/binance-sees-huge-mkr-withdrawals-whale-millions/,Binance Sees Huge MKR Withdrawals As Whale Moves Millions In Crypto,Binance Sees Huge MKR Withdrawals As Whale Moves Millions In Crypto,news,200,Indexable,2032,116,0,0,,,0,0,yes,delete,high,P1,no_signal
https://coincu.com/binance-sells-gopaxs-genesis-asset-rights/,Binance Sells Gopax's Genesis Asset Rights Leads to Controversial Losses,Binance Sells Gopax’s Genesis Asset Rights Leads to Controversial Losses,news,200,Indexable,2264,124,0,0,,,0,0,yes,delete,high,P1,no_signal
https://coincu.com/binance-sequoia-capital-committed-elon-musk/,Binance And Sequoia Capital Still Committed To Funding $1.3 Billion Elon Musk In Twitter Acquisition,Binance And Sequoia Capital Still Committed To Funding $1.3 Billion Elon Musk In Twitter Acquisition,news,200,Indexable,1975,153,0,0,,,0,0,yes,delete,high,P1,no_signal
https://coincu.com/binance-settlement-charges-coming-soon/,"Binance Settlement Charges Are Coming Soon, Making Investors Excited","Binance Settlement Charges Are Coming Soon, Making Investors Excited",news,200,Indexable,2100,139,0,0,,,0,0,yes,delete,high,P1,no_signal
https://coincu.com/binance-signed-agreement-kazakhstan/,Binance Signed An Agreement With Kazakhstan To Develop The Country's Digital Asset Market,Binance Signed An Agreement With Kazakhstan To Develop The Country’s Digital Asset Market,news,200,Indexable,2025,68,0,0,,,0,0,yes,delete,high,P1,no_signal
https://coincu.com/binance-simple-earn-sixth-anniversary-incentives/,Maximize Your Profits: Join Binance Simple Earn's Sixth Anniversary Promotion,Maximize Your Profits: Join Binance Simple Earn’s Sixth Anniversary Promotion,news,200,Indexable,2115,200,0,0,,,0,0,yes,delete,high,P1,no_signal
https://coincu.com/binance-simplifies-verification-for-moroccan/,Binance Now Simplifies Verification For Moroccan Users Affected By Earthquake,Binance Now Simplifies Verification For Moroccan Users Affected By Earthquake,news,200,Indexable,2132,123,0,0,,,0,0,yes,delete,high,P1,no_signal
https://coincu.com/binance-smart-chain-working-again/,Binance Smart Chain (BSC) Working Again With New Update,Binance Smart Chain (BSC) Working Again With New Update,news,200,Indexable,1909,175,0,0,,,0,0,yes,delete,high,P1,no_signal
https://coincu.com/binance-sophon-listing-futures-trading/,"Binance Lists Sophon on Alpha, Launches Futures Trading","Binance Lists Sophon on Alpha, Launches Futures Trading",news,200,Indexable,2274,99,0,0,,,0,0,yes,delete,high,P1,no_signal
https://coincu.com/binance-spot-bitcoin-fees-minus-tusd-btc/,"Binance Charges Spot Bitcoin Trading Fees Again, Minus Only TUSD-BTC - Coincu - Latest Cryptocurrency News and Analysis 1","Binance Charges Spot Bitcoin Trading Fees Again, Minus Only TUSD-BTC",news,200,Indexable,2200,142,0,0,,,0,0,yes,delete,high,P1,no_signal
https://coincu.com/binance-spot-copy-trading-is-now-launched/,Binance Spot Copy Trading Is Now Launched With 10% Commissions For Lead Traders,Binance Spot Copy Trading Is Now Launched With 10% Commissions For Lead Traders,news,200,Indexable,2110,174,0,0,,,0,0,yes,delete,high,P1,no_signal
https://coincu.com/binance-spot-market-share-decline/,Binance Spot Market Share Continues To Decline Seriously,Binance Spot Market Share Continues To Decline Seriously,news,200,Indexable,2159,113,0,0,,,0,0,yes,delete,high,P1,no_signal
https://coincu.com/binance-spot-trading-bots-bitcoin-september-22/,Binance Spot Trading Bots Bitcoin Will Be Launching On September 22,Binance Spot Trading Bots Bitcoin Will Be Launching On September 22,news,200,Indexable,2068,200,0,0,,,0,0,yes,delete,high,P1,no_signal
https://coincu.com/binance-spot-trading-temporarily-suspended/,Binance Spot Trading Temporarily Suspended Due To A bug On Trailing Stop Order,Binance Spot Trading Temporarily Suspended Due To A bug In Trailing Stop Order,news,200,Indexable,2316,179,0,0,,,0,0,yes,delete,high,P1,no_signal
https://coincu.com/binance-stg-token-swap-with-original/,Binance Completes New STG Token Swap With Original STG Token - Coincu - Latest Cryptocurrency News and Analysis 1,Binance Completes New STG Token Swap With Original STG Token,news,200,Indexable,1993,270,0,0,,,0,0,yes,delete,high,P1,no_signal
https://coincu.com/binance-stops-deposit-withdraw-eth-weth/,Binance Stops Depositing And Withdrawing ETH And WETH From September 6 To The Merge,Binance Stops Depositing And Withdrawing ETH And WETH From September 6 To The Merge,news,200,Indexable,2024,158,0,0,,,0,0,yes,delete,high,P1,no_signal
https://coincu.com/binance-stops-multichain-tokens/,Binance Stops Depositing And Withdrawing Of Multichain Tokens From July 7th,Binance Stops Depositing And Withdrawing Of Multichain Tokens From July 7th,news,200,Indexable,2137,142,0,0,,,0,0,yes,delete,high,P1,no_signal
https://coincu.com/binance-strengthens-internal-amidst-external/,Binance Strengthens Internal Team Amidst External Pressure and FUD,Binance Strengthens Internal Team Amidst External Pressure and FUD,news,200,Indexable,2241,130,0,0,,,0,0,yes,delete,high,P1,no_signal
https://coincu.com/binance-sued-french-2-4-mil-euros-losses/,Binance Was Sued By French Investors For Over 2.4 Million Euros In Losses,Binance Sued By French Investors For Over 2.4 Million Euros In Losses,news,200,Indexable,2129,201,0,0,,,0,0,yes,delete,high,P1,no_signal
https://coincu.com/binance-suffers-rapid-loss/,Binance Suffers Rapid Loss After New SEC Allegations,Binance Suffers Rapid Loss After New SEC Allegations,news,200,Indexable,2148,71,0,0,,,0,0,yes,delete,high,P1,no_signal
https://coincu.com/binance-supercharges-options-trading/,Binance Supercharges Options Trading With Exciting Upgrades,Binance Supercharges Options Trading With Exciting Upgrades,news,200,Indexable,2094,77,0,0,,,0,0,yes,delete,high,P1,no_signal
https://coincu.com/binance-support-bnb-beacon-chain/,Binance And Crypto.com Support The BNB Beacon Chain Upgrade,Binance And Crypto.com Support The BNB Beacon Chain Upgrade,news,200,Indexable,2023,154,0,0,,,0,0,yes,delete,high,P1,no_signal
https://coincu.com/binance-support-for-terra-classic/,Binance Extends Support For Terra Classic,Binance Extends Support For Terra Classic,news,200,Indexable,2036,112,0,0,,,0,0,yes,delete,high,P1,no_signal
https://coincu.com/binance-support-terra-classic-kava/,Binance Will Support For Terra Classic And Kava 13 Upgrade,Binance Will Support For Terra Classic And Kava 13 Upgrade,news,200,Indexable,2162,104,0,0,,,0,0,yes,delete,high,P1,no_signal
