source_url,source_type,source_id,source_post_status,candidate_link_rows,matched_link_rows,replaced_occurrences,updated_live,result_status,note
https://coincu.com/coinbase-board-members-boosted/,posts,269380,publish,3,0,0,no,no_match_in_raw,No candidate old URLs found in current raw content
https://coincu.com/ripple-ceos-deepfake-xrp-airdrop-scam/,posts,240536,publish,3,0,0,no,no_match_in_raw,No candidate old URLs found in current raw content
https://coincu.com/will-mpeppe-mpepe-thrive-admist-the-largest-pepe-short-liquidation-in-history-experts-say-yes/,posts,267604,publish,3,0,0,no,no_match_in_raw,No candidate old URLs found in current raw content
https://coincu.com/ripple-ceo-garlinghouse-ignites-crypto/,,,,3,0,0,no,missing_post_id,Could not resolve source URL to posts/pages via REST
https://coincu.com/ripple-sec-lawsuit-continue-sec-appeals-ruling/,,,,3,0,0,no,missing_post_id,Could not resolve source URL to posts/pages via REST
https://coincu.com/ripple-and-tether-ceos-debate-stablecoins-future/,,,,3,0,0,no,missing_post_id,Could not resolve source URL to posts/pages via REST
https://coincu.com/sec-chair-gary-gensler-will-make-biden-lose/,posts,265318,publish,3,0,0,no,no_match_in_raw,No candidate old URLs found in current raw content
https://coincu.com/ripple-ceo-clarifies-tether-comments-critical/,,,,3,0,0,no,missing_post_id,Could not resolve source URL to posts/pages via REST
https://coincu.com/kamala-harris-campaign/,posts,269492,publish,3,0,0,no,no_match_in_raw,No candidate old URLs found in current raw content
https://coincu.com/ripple-ceo-spot-xrp-etf-is-inevitable/,,,,3,0,0,no,missing_post_id,Could not resolve source URL to posts/pages via REST
https://coincu.com/ripple-sec-lawsuit-may-be-resolved/,,,,3,0,0,no,missing_post_id,Could not resolve source URL to posts/pages via REST
https://coincu.com/us-sec-chairman-gensler-early-2025-resignation/,,,,3,0,0,no,missing_post_id,Could not resolve source URL to posts/pages via REST
https://coincu.com/ripple-sec-lawsuit-continues-victory-for-xrp/,,,,3,0,0,no,missing_post_id,Could not resolve source URL to posts/pages via REST
https://coincu.com/crypto-executives-meeting-with-harris-postponed/,,,,3,0,0,no,missing_post_id,Could not resolve source URL to posts/pages via REST
https://coincu.com/us-company-bitcoin-holdings-will-soar/,,,,3,0,0,no,missing_post_id,Could not resolve source URL to posts/pages via REST
https://coincu.com/ripple-lawsuit-with-the-sec-officially-dropped/,,,,3,0,0,no,missing_post_id,Could not resolve source URL to posts/pages via REST
https://coincu.com/binance-customer-funds-gets-court-approval/,,,,3,0,0,no,missing_post_id,Could not resolve source URL to posts/pages via REST
https://coincu.com/nubank-crypto-support-now-continues/,posts,256365,publish,3,0,0,no,no_match_in_raw,No candidate old URLs found in current raw content
https://coincu.com/nubank-bitcoin-lightning-network/,posts,265202,publish,3,0,0,no,no_match_in_raw,No candidate old URLs found in current raw content
https://coincu.com/warren-buffett-backed-nubank-has-1-million/,posts,114027,publish,3,0,0,no,no_match_in_raw,No candidate old URLs found in current raw content
https://coincu.com/hsbc-joins-hands-with-fireblocks/,posts,217134,publish,3,0,0,no,no_match_in_raw,No candidate old URLs found in current raw content
https://coincu.com/brazils-nubank-to-launch-loyalty-token/,,,,3,0,0,no,missing_post_id,Could not resolve source URL to posts/pages via REST
https://coincu.com/brazils-central-bank-cbdc-institutions/,,,,3,0,0,no,missing_post_id,Could not resolve source URL to posts/pages via REST
https://coincu.com/federal-reserve-barr-caution-in-stablecoin/,,,,3,0,0,no,missing_post_id,Could not resolve source URL to posts/pages via REST
https://coincu.com/mufg-will-promote-digital-currency/,,,,3,0,0,no,missing_post_id,Could not resolve source URL to posts/pages via REST
https://coincu.com/bank-of-canada-cbdc-adoption/,posts,209869,publish,3,0,0,no,no_match_in_raw,No candidate old URLs found in current raw content
https://coincu.com/governor-ron-desantis-cbdcs/,,,,3,0,0,no,missing_post_id,Could not resolve source URL to posts/pages via REST
https://coincu.com/zimbabwe-needs-100-million-gold/,,,,3,0,0,no,missing_post_id,Could not resolve source URL to posts/pages via REST
https://coincu.com/bank-of-japan-governor-explores-digital-currency/,,,,3,0,0,no,missing_post_id,Could not resolve source URL to posts/pages via REST
https://coincu.com/pheu-thai-pledges-15-billion-digital-wallet/,posts,179313,publish,3,0,0,no,no_match_in_raw,No candidate old URLs found in current raw content
https://coincu.com/polygon-zkevm-mainnet-beta-is-now-resumed/,posts,251851,publish,3,0,0,no,no_match_in_raw,No candidate old URLs found in current raw content
https://coincu.com/shiba-inu-eyes-potential-354-gain-as-pawfury-announces-early-presale/,,,,3,0,0,no,missing_post_id,Could not resolve source URL to posts/pages via REST
https://coincu.com/5-essential-cryptocurrencies-to-watch-before-the-solana-etf-takes-center-stage/,,,,3,0,0,no,missing_post_id,Could not resolve source URL to posts/pages via REST
https://coincu.com/brazilian-bank-permits-taxpayers-crypto/,,,,3,0,0,no,missing_post_id,Could not resolve source URL to posts/pages via REST
https://coincu.com/pawfury-leads-the-way-top-crypto-investment-opportunities-including-aptos-sei-kaspa-and-near-protocol/,posts,278818,publish,3,0,0,no,no_match_in_raw,No candidate old URLs found in current raw content
https://coincu.com/crypto-rallies-bitcoin-ethereum-solana-aptos-and-pawfury-lead-the-charge/,,,,3,0,0,no,missing_post_id,Could not resolve source URL to posts/pages via REST
https://coincu.com/2024s-millionaire-maker-altcoins-pawfury-sol-shib-op-compared/,,,,3,0,0,no,missing_post_id,Could not resolve source URL to posts/pages via REST
https://coincu.com/pawfury-paw-and-major-cryptos-surge-amid-market-rally-crypto-insights-trends-2024/,posts,278811,publish,3,0,0,no,no_match_in_raw,No candidate old URLs found in current raw content
https://coincu.com/elon-musk-close-twitter-deal-on-october-28/,,,,3,0,0,no,missing_post_id,Could not resolve source URL to posts/pages via REST
https://coincu.com/sequoia-capital-apologizes-150m-ftx/,,,,3,0,0,no,missing_post_id,Could not resolve source URL to posts/pages via REST
https://coincu.com/hong-kong-officials-crypto-bill-in-q1-2023/,posts,136573,publish,3,0,0,no,no_match_in_raw,No candidate old URLs found in current raw content
https://coincu.com/floppypepes-fppe-burn-mechanism-and-redistribution-model-are-driving-investors-demand-could-it-be-the-key-to-105x-in-2025/,,,,3,0,0,no,missing_post_id,Could not resolve source URL to posts/pages via REST
https://coincu.com/deutsche-bank-layer-2-introduced-risk-mitigation/,posts,297699,publish,3,0,0,no,no_match_in_raw,No candidate old URLs found in current raw content
https://coincu.com/crypto-etfs-launch-wall-street/,,,,3,0,0,no,missing_post_id,Could not resolve source URL to posts/pages via REST
https://coincu.com/ripple-stablecoin-rlusd-launch-on-december-17/,,,,3,0,0,no,missing_post_id,Could not resolve source URL to posts/pages via REST
https://coincu.com/vitalik-buterin-polygon-praise-shib-donation/,,,,3,0,0,no,missing_post_id,Could not resolve source URL to posts/pages via REST
https://coincu.com/bitwise-solana-etf-update/,,,,3,0,0,no,missing_post_id,Could not resolve source URL to posts/pages via REST
https://coincu.com/spot-altcoin-etfs-could-attract-14-billion/,,,,3,0,0,no,missing_post_id,Could not resolve source URL to posts/pages via REST
https://coincu.com/usdt-daily-net-inflow-surges-past-1-3-billion/,,,,3,0,0,no,missing_post_id,Could not resolve source URL to posts/pages via REST
https://coincu.com/bitfinex-data-breach-is-now-causing-controversy/,posts,257796,publish,3,0,0,no,no_match_in_raw,No candidate old URLs found in current raw content
https://coincu.com/horizen-zero-knowledge-blockchains-network/,posts,179510,publish,3,0,0,no,no_match_in_raw,No candidate old URLs found in current raw content
https://coincu.com/biden-crypto-donations-against-crypto-president/,posts,263580,publish,3,0,0,no,no_match_in_raw,No candidate old URLs found in current raw content
https://coincu.com/el-salvador-cold-wallet-surges-with-5850-btc/,posts,279473,publish,3,0,0,no,no_match_in_raw,No candidate old URLs found in current raw content
https://coincu.com/solana-staking-phantom-just-4-simple-steps/,posts,155062,publish,3,0,0,no,no_match_in_raw,No candidate old URLs found in current raw content
https://coincu.com/phantom-wallet-adds-base-network-expanding/,posts,293826,publish,3,0,0,no,no_match_in_raw,No candidate old URLs found in current raw content
https://coincu.com/phantom-wallet-adds-authentication-standard/,posts,166311,publish,3,0,0,no,no_match_in_raw,No candidate old URLs found in current raw content
https://coincu.com/phantom-wallet-adds-support-for-layer-1-sui/,posts,304396,publish,3,0,0,no,no_match_in_raw,No candidate old URLs found in current raw content
https://coincu.com/phantom-ios-users-lost-recovery-phrase/,posts,292070,publish,3,0,0,no,no_match_in_raw,No candidate old URLs found in current raw content
https://coincu.com/how-to-trade-sol-tokens-on-phantom-wallet/,posts,153164,publish,3,0,0,no,no_match_in_raw,No candidate old URLs found in current raw content
https://coincu.com/phantom-wallet-reviews-crypto-wallets/,posts,175609,publish,3,0,0,no,no_match_in_raw,No candidate old URLs found in current raw content
https://coincu.com/kraken-and-sec-file-joint-stipulation/,posts,298699,publish,3,0,0,no,no_match_in_raw,No candidate old URLs found in current raw content
https://coincu.com/phantom-wallet-an-audit-of-ip-addresses/,posts,149713,publish,3,0,0,no,no_match_in_raw,No candidate old URLs found in current raw content
https://coincu.com/grayscale-horizen-trust-is-now-opened/,,,,3,0,0,no,missing_post_id,Could not resolve source URL to posts/pages via REST
https://coincu.com/czech-republic-crypto-tax-exemption/,posts,295792,publish,3,0,0,no,no_match_in_raw,No candidate old URLs found in current raw content
https://coincu.com/postfinance-paves-way-for-crypto-adoption/,,,,3,0,0,no,missing_post_id,Could not resolve source URL to posts/pages via REST
https://coincu.com/chainlink-data-streams-and-vrf-launch-on-base/,posts,278446,publish,3,0,0,no,no_match_in_raw,No candidate old URLs found in current raw content
https://coincu.com/bitwise-physical-xrp-etp-now-backed-by-ripple/,,,,3,0,0,no,missing_post_id,Could not resolve source URL to posts/pages via REST
https://coincu.com/volatility-shares-leveraged-ethereum-etf/,posts,262492,publish,3,0,0,no,no_match_in_raw,No candidate old URLs found in current raw content
https://coincu.com/6-investors-bet-on-ethereum-futures-etfs/,,,,3,0,0,no,missing_post_id,Could not resolve source URL to posts/pages via REST
https://coincu.com/polkadot-eyes-bitcoin-reserve-with-500k-dot-plan/,posts,343070,publish,3,0,0,no,no_match_in_raw,No candidate old URLs found in current raw content
https://coincu.com/polkadots-dot-eyes-4-68-after-liquidity-sweep-and-key-upgrade/,posts,352997,publish,3,0,0,no,no_match_in_raw,No candidate old URLs found in current raw content
https://coincu.com/21shares-adds-6-new-crypto-etps-to-nasdaq/,,,,3,0,0,no,missing_post_id,Could not resolve source URL to posts/pages via REST
https://coincu.com/cardano-bulls-need-0-661-break/,,,,3,0,0,no,missing_post_id,Could not resolve source URL to posts/pages via REST
https://coincu.com/ethereum-etf-approval-timeline-remains-uncertain/,,,,3,0,0,no,missing_post_id,Could not resolve source URL to posts/pages via REST
https://coincu.com/top-5-crypto-wallets-on-zksync-era/,posts,226450,publish,3,0,0,no,no_match_in_raw,No candidate old URLs found in current raw content
https://coincu.com/big-day-for-crypto-bitcoin-halving-completed/,posts,255933,publish,3,0,0,no,no_match_in_raw,No candidate old URLs found in current raw content
https://coincu.com/us-bitcoin-etf-inflows-have-19th-consecutive-day/,,,,3,0,0,no,missing_post_id,Could not resolve source URL to posts/pages via REST
https://coincu.com/binance-labs-fund-reveals-season-7-project/,,,,3,0,0,no,missing_post_id,Could not resolve source URL to posts/pages via REST
https://coincu.com/binance-to-list-magic/,,,,3,0,0,no,missing_post_id,Could not resolve source URL to posts/pages via REST
https://coincu.com/treasuredaos-ambitious-8m-magic-re-mint/,,,,3,0,0,no,missing_post_id,Could not resolve source URL to posts/pages via REST
https://coincu.com/arbitrum-becomes-layer-2-swap-platform-hit-150b/,posts,257987,publish,3,0,0,no,no_match_in_raw,No candidate old URLs found in current raw content
https://coincu.com/zksync-v24-mainnet-upgrade-now-completed/,,,,3,0,0,no,missing_post_id,Could not resolve source URL to posts/pages via REST
https://coincu.com/layer-2-zksync-token-airdrop-may-be-launched/,posts,263145,publish,3,0,0,no,no_match_in_raw,No candidate old URLs found in current raw content
https://coincu.com/zksync-token-airdrop-will-be-launched/,posts,263738,publish,3,0,0,no,no_match_in_raw,No candidate old URLs found in current raw content
https://coincu.com/consensys-set-the-date-for-zkevm/,posts,171188,publish,3,0,0,no,no_match_in_raw,No candidate old URLs found in current raw content
https://coincu.com/zksync-review/,posts,177412,publish,3,0,0,no,no_match_in_raw,No candidate old URLs found in current raw content
https://coincu.com/syncswap-to-distribute-100-of-zksync-airdrop/,posts,263631,publish,3,0,0,no,no_match_in_raw,No candidate old URLs found in current raw content
https://coincu.com/zksync-airdrop-eligibility-criteria-with-89-user/,posts,263804,publish,3,0,0,no,no_match_in_raw,No candidate old URLs found in current raw content
https://coincu.com/opensea-lays-off-20-of-employees/,posts,108932,publish,3,0,0,no,no_match_in_raw,No candidate old URLs found in current raw content
https://coincu.com/sepolia-testnet-new-upgrade-shapella/,,,,3,0,0,no,missing_post_id,Could not resolve source URL to posts/pages via REST
https://coincu.com/zk-airdrop-holder-statistics-surprising-trends/,posts,264105,publish,3,0,0,no,no_match_in_raw,No candidate old URLs found in current raw content
https://coincu.com/vitalik-goals-to-ethereum-splurge-phase/,posts,289516,publish,3,0,0,no,no_match_in_raw,No candidate old URLs found in current raw content
https://coincu.com/vitalik-buterins-view-on-privacy-amid-concerns/,posts,256073,publish,3,0,0,no,no_match_in_raw,No candidate old URLs found in current raw content
https://coincu.com/sepolia-testnet-hard-fork-february/,,,,3,0,0,no,missing_post_id,Could not resolve source URL to posts/pages via REST
https://coincu.com/consensys-explanation-new-privacy-policy/,posts,146014,publish,3,0,0,no,no_match_in_raw,No candidate old URLs found in current raw content
https://coincu.com/the-role-of-crypto-mixers/,posts,223745,publish,3,0,0,no,no_match_in_raw,No candidate old URLs found in current raw content
https://coincu.com/metamask-enhances-privacy/,posts,173620,publish,3,0,0,no,no_match_in_raw,No candidate old URLs found in current raw content
https://coincu.com/uniswap-not-track-ip-prevent-being-tracked/,,,,3,0,0,no,missing_post_id,Could not resolve source URL to posts/pages via REST
https://coincu.com/5-igaming-trends-of-2024-and-how-to-tap-into-them-thanks-to-icoda/,posts,262587,publish,3,0,0,no,no_match_in_raw,No candidate old URLs found in current raw content
https://coincu.com/bnb-chain-bep-336-coming-soon/,,,,3,0,0,no,missing_post_id,Could not resolve source URL to posts/pages via REST
https://coincu.com/the-2nd-wave-of-zk-token-claims-is-now-live/,,,,3,0,0,no,missing_post_id,Could not resolve source URL to posts/pages via REST
https://coincu.com/ethereum-dencun-important-update/,,,,3,0,0,no,missing_post_id,Could not resolve source URL to posts/pages via REST
https://coincu.com/offchain-labs-prysm-has-new-update/,posts,166213,publish,3,0,0,no,no_match_in_raw,No candidate old URLs found in current raw content
https://coincu.com/strategy-pauses-bitcoin-acquisitions-profit/,posts,367117,publish,3,0,0,no,no_match_in_raw,No candidate old URLs found in current raw content
https://coincu.com/us-senate-clarity-act-inaccuracy/,posts,387521,publish,3,0,0,no,no_match_in_raw,No candidate old URLs found in current raw content
https://coincu.com/trump-media-bets-300m-on-bitcoin-option/,,,,3,0,0,no,missing_post_id,Could not resolve source URL to posts/pages via REST
https://coincu.com/trump-family-wlfi-hut8-token-sale/,,,,3,0,0,no,missing_post_id,Could not resolve source URL to posts/pages via REST
https://coincu.com/jpmorgan-fed-rate-cut-decision/,posts,379491,publish,3,0,0,no,no_match_in_raw,No candidate old URLs found in current raw content
https://coincu.com/ledger-live-integrated-arbitrum-optimism/,,,,3,0,0,no,missing_post_id,Could not resolve source URL to posts/pages via REST
https://coincu.com/yearn-finance-initiated-v3-proposal/,posts,211001,publish,3,0,0,no,no_match_in_raw,No candidate old URLs found in current raw content
https://coincu.com/binance-web3-wallet-airdrop-1-million-polyhedra/,posts,246556,publish,3,0,0,no,no_match_in_raw,No candidate old URLs found in current raw content
https://coincu.com/binance-web3-wallet-now-supports-brc-20-assets/,posts,246028,publish,3,0,0,no,no_match_in_raw,No candidate old URLs found in current raw content
https://coincu.com/binance-web3-wallet-complete-blast-network/,posts,249170,publish,3,0,0,no,no_match_in_raw,No candidate old URLs found in current raw content
https://coincu.com/strongkucoin-labs-incubation-program/,posts,157652,publish,3,0,0,no,no_match_in_raw,No candidate old URLs found in current raw content
https://coincu.com/domain-name-projects-on-notable-ecosystems/,,,,3,0,0,no,missing_post_id,Could not resolve source URL to posts/pages via REST
https://coincu.com/ethereum-name-service-control-eth-link/,,,,3,0,0,no,missing_post_id,Could not resolve source URL to posts/pages via REST
https://coincu.com/dmail-completed-the-pre-a-round-of-financing/,,,,3,0,0,no,missing_post_id,Could not resolve source URL to posts/pages via REST
https://coincu.com/the-internet-computer-brings-smart-contract-functionality-to-bitcoin/,posts,149467,publish,3,0,0,no,no_match_in_raw,No candidate old URLs found in current raw content
https://coincu.com/unstoppable-domains-supports-for-ens/,,,,3,0,0,no,missing_post_id,Could not resolve source URL to posts/pages via REST
https://coincu.com/sygnum-launches-cardano-staking/,,,,3,0,0,no,missing_post_id,Could not resolve source URL to posts/pages via REST
https://coincu.com/alldomains-launches-solana-tld-offering-50/,,,,3,0,0,no,missing_post_id,Could not resolve source URL to posts/pages via REST
https://coincu.com/best-cryptos-to-invest-in-today-explore-qubetics-cronos-and-internet-computer-protocol/,posts,299684,publish,3,0,0,no,no_match_in_raw,No candidate old URLs found in current raw content
https://coincu.com/nftscom-domain-names-15m/,,,,3,0,0,no,missing_post_id,Could not resolve source URL to posts/pages via REST
https://coincu.com/solana-is-now-out-of-bear-price-zone/,posts,202186,publish,3,0,0,no,no_match_in_raw,No candidate old URLs found in current raw content
https://coincu.com/neon-labs-plans-to-release-evm/,,,,3,0,0,no,missing_post_id,Could not resolve source URL to posts/pages via REST
https://coincu.com/aaves-approval-for-aave-v3-mvp-on-neon-evm/,posts,243962,publish,3,0,0,no,no_match_in_raw,No candidate old URLs found in current raw content
https://coincu.com/neon-labs-begins-the-transition-to-mainnet/,,,,3,0,0,no,missing_post_id,Could not resolve source URL to posts/pages via REST
https://coincu.com/bitmex-self-verify-liabilities/,,,,3,0,0,no,missing_post_id,Could not resolve source URL to posts/pages via REST
https://coincu.com/weekly-top-crypto-news-july-10-july-16/,posts,203141,publish,3,0,0,no,no_match_in_raw,No candidate old URLs found in current raw content
https://coincu.com/layer-2-blast-mainnet-launch-date/,,,,3,0,0,no,missing_post_id,Could not resolve source URL to posts/pages via REST
https://coincu.com/eigenlayer-restaking-deployed-ethereum/,,,,3,0,0,no,missing_post_id,Could not resolve source URL to posts/pages via REST
https://coincu.com/shibarium-mainnet-suspended-1-7m-locked/,,,,3,0,0,no,missing_post_id,Could not resolve source URL to posts/pages via REST
https://coincu.com/blast-mainnet-is-launched/,,,,3,0,0,no,missing_post_id,Could not resolve source URL to posts/pages via REST
https://coincu.com/unisat-wallet-brc20-swap-mainnet/,posts,222737,publish,3,0,0,no,no_match_in_raw,No candidate old URLs found in current raw content
https://coincu.com/injective-inevm-layer-2-is-now-launched/,posts,249795,publish,3,0,0,no,no_match_in_raw,No candidate old URLs found in current raw content
https://coincu.com/theta-network-web3-coins-worth-investing/,,,,3,0,0,no,missing_post_id,Could not resolve source URL to posts/pages via REST
https://coincu.com/ethereum-layer-2-taiko-mainnet-launched/,,,,3,0,0,no,missing_post_id,Could not resolve source URL to posts/pages via REST
https://coincu.com/regret-missing-thetas-breakthrough-dont-let-this-explosive-crypto-dominate-january-2025-without-you/,,,,3,0,0,no,missing_post_id,Could not resolve source URL to posts/pages via REST
https://coincu.com/best-coins-to-buy-this-week-qubetics-revolutionizes-cross-border-payments-theta-leads-streaming-bitcoins-timeless-value/,posts,302964,publish,3,0,0,no,no_match_in_raw,No candidate old URLs found in current raw content
https://coincu.com/solana-deposits-kalshi/,posts,339512,publish,3,0,0,no,no_match_in_raw,No candidate old URLs found in current raw content
https://coincu.com/google-finance-adds-prediction-data/,posts,376564,publish,3,0,0,no,no_match_in_raw,No candidate old URLs found in current raw content
https://coincu.com/hypernative-raises-40m-to-guard-100b-in-web3-assets/,posts,342525,publish,3,0,0,no,no_match_in_raw,No candidate old URLs found in current raw content
https://coincu.com/why-skilled-developers-are-charting-the-course-of-web3/,posts,339815,publish,3,0,0,no,no_match_in_raw,No candidate old URLs found in current raw content
https://coincu.com/no-longer-just-science-fiction-digital-humans-are-among-us/,,,,3,0,0,no,missing_post_id,Could not resolve source URL to posts/pages via REST
https://coincu.com/diamond-launch-voting-for-rebrand-shaping-next-chapter-of-market-expansion/,,,,3,0,0,no,missing_post_id,Could not resolve source URL to posts/pages via REST
https://coincu.com/paul-atkins-sec-and-cftc-crypto-regulation/,posts,390894,publish,3,0,0,no,no_match_in_raw,No candidate old URLs found in current raw content
https://coincu.com/south-dakota-lawmaker-revives-bitcoin/,posts,391914,publish,3,0,0,no,no_match_in_raw,No candidate old URLs found in current raw content
https://coincu.com/australia-fines-bps-financial-9-67m-over/,posts,391612,publish,3,0,0,no,no_match_in_raw,No candidate old URLs found in current raw content
https://coincu.com/clartiy-act-hearing-postponed/,posts,388973,publish,3,0,0,no,no_match_in_raw,No candidate old URLs found in current raw content
https://coincu.com/yearn-attack-identified-phishing/,posts,380847,publish,3,0,0,no,no_match_in_raw,No candidate old URLs found in current raw content
https://coincu.com/ethereum-poised-to-reach-10k/,,,,3,0,0,no,missing_post_id,Could not resolve source URL to posts/pages via REST
https://coincu.com/federal-reserve-rate-cut-effects/,,,,3,0,0,no,missing_post_id,Could not resolve source URL to posts/pages via REST
https://coincu.com/aster-bounces-from-bottom/,,,,3,0,0,no,missing_post_id,Could not resolve source URL to posts/pages via REST
https://coincu.com/aster-approaches-1-55-critical-zone-as-bulls-eye-1-8-resistance-and-beyond/,,,,3,0,0,no,missing_post_id,Could not resolve source URL to posts/pages via REST
https://coincu.com/qmmm-holdings-crypto-strategy/,posts,361225,publish,3,0,0,no,no_match_in_raw,No candidate old URLs found in current raw content
https://coincu.com/binance-cz-meme-coin-surge/,posts,366631,publish,3,0,0,no,no_match_in_raw,No candidate old URLs found in current raw content
https://coincu.com/yzi-labs-investors-binance-focus/,,,,3,0,0,no,missing_post_id,Could not resolve source URL to posts/pages via REST
https://coincu.com/federal-reserve-crypto-impact-rate-cut/,posts,381668,publish,3,0,0,no,no_match_in_raw,No candidate old URLs found in current raw content
https://coincu.com/regulated-us-spot-crypto-trading/,posts,381445,publish,3,0,0,no,no_match_in_raw,No candidate old URLs found in current raw content
https://coincu.com/stablecoin-regulation-federal-reserve-occ/,posts,365451,publish,3,0,0,no,no_match_in_raw,No candidate old URLs found in current raw content
https://coincu.com/federal-reserve-announces-rate-cut/,,,,3,0,0,no,missing_post_id,Could not resolve source URL to posts/pages via REST
https://coincu.com/xrp-slows-with-possible-retest-of-2-25/,posts,376026,publish,3,0,0,no,no_match_in_raw,No candidate old URLs found in current raw content
https://coincu.com/crypto-stability-fed-rate-cut/,,,,3,0,0,no,missing_post_id,Could not resolve source URL to posts/pages via REST
https://coincu.com/analysts-predict-fed-rate-cut-september/,,,,3,0,0,no,missing_post_id,Could not resolve source URL to posts/pages via REST
https://coincu.com/stablecoin-supply-bitcoin-price-trends/,posts,380393,publish,3,0,0,no,no_match_in_raw,No candidate old URLs found in current raw content
https://coincu.com/tether-defends-finance-amid-downgrade/,,,,3,0,0,no,missing_post_id,Could not resolve source URL to posts/pages via REST
https://coincu.com/3-best-altcoins-to-watch-this-week-bera-ip-dexe/,posts,325752,publish,3,0,0,no,no_match_in_raw,No candidate old URLs found in current raw content
https://coincu.com/binance-kyrgyzstan-crypto-payments/,,,,3,0,0,no,missing_post_id,Could not resolve source URL to posts/pages via REST
https://coincu.com/bnb-chain-dex-trading-volume/,,,,3,0,0,no,missing_post_id,Could not resolve source URL to posts/pages via REST
https://coincu.com/ripple-hack-occurs-213m-xrp-stolen/,,,,3,0,0,no,missing_post_id,Could not resolve source URL to posts/pages via REST
https://coincu.com/uphold-usd-interest-accounts-launched/,,,,3,0,0,no,missing_post_id,Could not resolve source URL to posts/pages via REST
https://coincu.com/top-5-custodial-wallets-simplicity-versus-full-control/,posts,380221,publish,3,0,0,no,no_match_in_raw,No candidate old URLs found in current raw content
https://coincu.com/cloud-mining-in-2025-the-7-best-platforms-for-daily-crypto-profits/,posts,330892,publish,3,0,0,no,no_match_in_raw,No candidate old URLs found in current raw content
https://coincu.com/ethereum-classification-supported-by-ripple-ceo/,,,,3,0,0,no,missing_post_id,Could not resolve source URL to posts/pages via REST
https://coincu.com/bitcoin-lightning-payments-accepted-candy-jets/,posts,258550,publish,3,0,0,no,no_match_in_raw,No candidate old URLs found in current raw content
https://coincu.com/nicehash-to-showcase-maribor-as-crypto-hub-with-first-bitcoin-focused-conference/,,,,3,0,0,no,missing_post_id,Could not resolve source URL to posts/pages via REST
https://coincu.com/bstr-miner-launches-ai-dynamic-risk-control-system-to-solve-the-problem-of-btc-income-fluctuation/,,,,3,0,0,no,missing_post_id,Could not resolve source URL to posts/pages via REST
https://coincu.com/how-to-make-98k-a-day-using-xrp-on-winnermining/,posts,338606,publish,3,0,0,no,no_match_in_raw,No candidate old URLs found in current raw content
https://coincu.com/2025s-best-cloud-mining-sites-for-bitcoin-and-dogecoin-full-comparison/,posts,335792,publish,3,0,0,no,no_match_in_raw,No candidate old URLs found in current raw content
https://coincu.com/bitcoins-surge-has-helped-cryptocurrency-enthusiasts-earn-7556-a-day-get-it-at-ethransaction/,,,,3,0,0,no,missing_post_id,Could not resolve source URL to posts/pages via REST
https://coincu.com/btc-becomes-the-new-favorite-of-capital-sunnymining-seizes-the-entrance-to-stable-income-for-institutions/,posts,343687,publish,3,0,0,no,no_match_in_raw,No candidate old URLs found in current raw content
https://coincu.com/ju-miner-the-best-cryptocurrency-cloud-mining-platform-with-a-maximum-profit-of-6624-usdt/,posts,342411,publish,3,0,0,no,no_match_in_raw,No candidate old URLs found in current raw content
https://coincu.com/top-5-cloud-mining-platforms-to-earn-crypto-2025/,posts,329624,publish,3,0,0,no,no_match_in_raw,No candidate old URLs found in current raw content
https://coincu.com/bitcoin-etf-inflow-sees-fourth-consecutive/,,,,3,0,0,no,missing_post_id,Could not resolve source URL to posts/pages via REST
https://coincu.com/bitcoin-mining-difficulty-rise/,posts,338197,publish,3,0,0,no,no_match_in_raw,No candidate old URLs found in current raw content
https://coincu.com/celo-wants-to-transition-to-ethereum-layer-2/,posts,203124,publish,3,0,0,no,no_match_in_raw,No candidate old URLs found in current raw content
https://coincu.com/google-cloud-joins-forces-with-celo/,,,,3,0,0,no,missing_post_id,Could not resolve source URL to posts/pages via REST
https://coincu.com/jack-dorsey-now-bolsters-bitcoin-talent/,,,,3,0,0,no,missing_post_id,Could not resolve source URL to posts/pages via REST
https://coincu.com/chainlink-data-feeds-go-live-on-celo/,posts,198659,publish,3,0,0,no,no_match_in_raw,No candidate old URLs found in current raw content
https://coincu.com/aaves-exciting-vote-on-celo-integration/,posts,210450,publish,3,0,0,no,no_match_in_raw,No candidate old URLs found in current raw content
https://coincu.com/exclusive-grab-adds-web3-crypto-wallet-guidance/,posts,216248,publish,3,0,0,no,no_match_in_raw,No candidate old URLs found in current raw content
https://coincu.com/huobi-rebrand-htx-cryptocurrency/,posts,217407,publish,3,0,0,no,no_match_in_raw,No candidate old URLs found in current raw content
https://coincu.com/binanceus-legal-risk-executives/,posts,217758,publish,3,0,0,no,no_match_in_raw,No candidate old URLs found in current raw content
https://coincu.com/sec-cracks-down-on-stoner-cats-2/,,,,3,0,0,no,missing_post_id,Could not resolve source URL to posts/pages via REST
https://coincu.com/gary-gensler-explores-bitcoin-etf/,posts,217159,publish,3,0,0,no,no_match_in_raw,No candidate old URLs found in current raw content
https://coincu.com/stoner-cats-nft-investors-will-receive-1m/,posts,293529,publish,3,0,0,no,no_match_in_raw,No candidate old URLs found in current raw content
https://coincu.com/ftx-allowed-to-sell-3-4b-assets/,,,,3,0,0,no,missing_post_id,Could not resolve source URL to posts/pages via REST
https://coincu.com/bitmex-launches-prediction-market-contracts/,posts,217242,publish,3,0,0,no,no_match_in_raw,No candidate old URLs found in current raw content
https://coincu.com/bitmex-introduces-guilds-social-trading-platform/,,,,3,0,0,no,missing_post_id,Could not resolve source URL to posts/pages via REST
https://coincu.com/bitmex-shockwaves-arthur-hayes-5m-losses/,,,,3,0,0,no,missing_post_id,Could not resolve source URL to posts/pages via REST
https://coincu.com/ac-milan-and-bitmex-extend-partnership/,posts,204131,publish,3,0,0,no,no_match_in_raw,No candidate old URLs found in current raw content
https://coincu.com/arthur-hayes-predicts-ai-powered-by-dao/,,,,3,0,0,no,missing_post_id,Could not resolve source URL to posts/pages via REST
https://coincu.com/bitmex-founder-forecasts-bullish-bitcoin-surge/,,,,3,0,0,no,missing_post_id,Could not resolve source URL to posts/pages via REST
https://coincu.com/weekly-top-crypto-news-september-4-september-10/,posts,216527,publish,3,0,0,no,no_match_in_raw,No candidate old URLs found in current raw content
https://coincu.com/judge-sets-a-hearing-date-for-binance-vs-sec/,posts,217615,publish,3,0,0,no,no_match_in_raw,No candidate old URLs found in current raw content
https://coincu.com/genesis-halts-digital-asset-derivatives-trading/,,,,3,0,0,no,missing_post_id,Could not resolve source URL to posts/pages via REST
https://coincu.com/fantom-foundation-loses-google-chrome-exploit/,posts,223898,publish,3,0,0,no,no_match_in_raw,No candidate old URLs found in current raw content
https://coincu.com/sec-gains-access-to-sealed-documents/,,,,3,0,0,no,missing_post_id,Could not resolve source URL to posts/pages via REST
https://coincu.com/ftm-investors-ton-recovers-on-bdag-soccer-deal/,,,,3,0,0,no,missing_post_id,Could not resolve source URL to posts/pages via REST
https://coincu.com/fantom-price-increases-major-update-to-fusd/,posts,163049,publish,3,0,0,no,no_match_in_raw,No candidate old URLs found in current raw content
https://coincu.com/bitcoin-and-ethereum-massive-cycle-ftm-130/,posts,162688,publish,3,0,0,no,no_match_in_raw,No candidate old URLs found in current raw content
https://coincu.com/fantom-cant-promise-with-stablecoins-multichain/,posts,203187,publish,3,0,0,no,no_match_in_raw,No candidate old URLs found in current raw content
https://coincu.com/fantom-mainnet-go-opera-1-1-2-rc-5-release/,posts,172032,publish,3,0,0,no,no_match_in_raw,No candidate old URLs found in current raw content
https://coincu.com/fantom-foundation-using-axelar-layerzero/,posts,202211,publish,3,0,0,no,no_match_in_raw,No candidate old URLs found in current raw content
https://coincu.com/fantom-freezes-60m-usdc-2m-usdt-multichain/,posts,203008,publish,3,0,0,no,no_match_in_raw,No candidate old URLs found in current raw content
https://coincu.com/fantom-foundation-ftm-unaffected-multichains/,posts,200938,publish,3,0,0,no,no_match_in_raw,No candidate old URLs found in current raw content
https://coincu.com/multichain-appears-abnormal/,posts,189568,publish,3,0,0,no,no_match_in_raw,No candidate old URLs found in current raw content
https://coincu.com/cryptoqueen-associates-of-onecoin/,posts,135127,publish,3,0,0,no,no_match_in_raw,No candidate old URLs found in current raw content
https://coincu.com/leader-of-miami-crew-pleads-guilty/,,,,3,0,0,no,missing_post_id,Could not resolve source URL to posts/pages via REST
https://coincu.com/michael-stollery-pleads-guilty-defrauding/,posts,112126,publish,3,0,0,no,no_match_in_raw,No candidate old URLs found in current raw content
https://coincu.com/market-overview-google-crypto-ads-approval/,,,,3,0,0,no,missing_post_id,Could not resolve source URL to posts/pages via REST
https://coincu.com/silk-road-bitcoin-worth-suspected-of-being-sold/,,,,3,0,0,no,missing_post_id,Could not resolve source URL to posts/pages via REST
https://coincu.com/doj-calls-independent-investigation-ftx/,posts,148235,publish,3,0,0,no,no_match_in_raw,No candidate old URLs found in current raw content
https://coincu.com/silk-road/,,,,3,0,0,no,missing_post_id,Could not resolve source URL to posts/pages via REST
https://coincu.com/silk-road-bitcoin-worth-600-million-moved/,posts,278326,publish,3,0,0,no,no_match_in_raw,No candidate old URLs found in current raw content
https://coincu.com/bitcoins-seized-from-silk-road/,,,,3,0,0,no,missing_post_id,Could not resolve source URL to posts/pages via REST
https://coincu.com/sec-x-account-hack-is-not-system-problem/,,,,3,0,0,no,missing_post_id,Could not resolve source URL to posts/pages via REST
https://coincu.com/we-are-now-in-a-crime-season-wf-co-founder/,,,,3,0,0,no,missing_post_id,Could not resolve source URL to posts/pages via REST
https://coincu.com/dwf-labs-denies-manipulation-driven-by-people/,,,,3,0,0,no,missing_post_id,Could not resolve source URL to posts/pages via REST
https://coincu.com/dwf-labs-andrei-grachev-elevates-friends-tech/,,,,3,0,0,no,missing_post_id,Could not resolve source URL to posts/pages via REST
https://coincu.com/dwf-labs-receives-5-million-ids-data/,,,,3,0,0,no,missing_post_id,Could not resolve source URL to posts/pages via REST
https://coincu.com/okx-turkiye-now-officially-in-operation/,posts,248468,publish,3,0,0,no,no_match_in_raw,No candidate old URLs found in current raw content
https://coincu.com/52-of-turkish-adults-crypto/,,,,3,0,0,no,missing_post_id,Could not resolve source URL to posts/pages via REST
https://coincu.com/turkcorp-to-launch-crypto-exchange/,,,,3,0,0,no,missing_post_id,Could not resolve source URL to posts/pages via REST
https://coincu.com/cz-makes-a-surprise-visit-to-the-prime-minister-of-albania/,posts,146753,publish,3,0,0,no,no_match_in_raw,No candidate old URLs found in current raw content
https://coincu.com/bitcoin-accepted-at-the-grand-bazaar/,,,,3,0,0,no,missing_post_id,Could not resolve source URL to posts/pages via REST
https://coincu.com/promoter-of-cryptocurrency-ponzi-scheme/,,,,3,0,0,no,missing_post_id,Could not resolve source URL to posts/pages via REST
https://coincu.com/icomtech-ponzi-scheme-exposed-with-scam-tokens/,posts,285700,publish,3,0,0,no,no_match_in_raw,No candidate old URLs found in current raw content
https://coincu.com/eminifx-ceo-sentenced-9-years-jail-for-249m-scam/,posts,203752,publish,3,0,0,no,no_match_in_raw,No candidate old URLs found in current raw content
https://coincu.com/mark-cuban-scheduled-be-deposed/,,,,3,0,0,no,missing_post_id,Could not resolve source URL to posts/pages via REST
https://coincu.com/india-ed-freezes-1-2-million/,posts,129285,publish,3,0,0,no,no_match_in_raw,No candidate old URLs found in current raw content
https://coincu.com/hong-kongs-jpex-sees-increase-in-victims/,posts,219576,publish,3,0,0,no,no_match_in_raw,No candidate old URLs found in current raw content
https://coincu.com/korean-investigated-800k-wemix-fraud/,posts,185781,publish,3,0,0,no,no_match_in_raw,No candidate old URLs found in current raw content
https://coincu.com/wemade-under-investigation/,,,,3,0,0,no,missing_post_id,Could not resolve source URL to posts/pages via REST
https://coincu.com/prosecutors-ask-sec-cftc-fraud-case/,,,,3,0,0,no,missing_post_id,Could not resolve source URL to posts/pages via REST
https://coincu.com/us-congressman-george-santos-faces-20-years/,,,,3,0,0,no,missing_post_id,Could not resolve source URL to posts/pages via REST
https://coincu.com/former-deutsche-banker-faces-30-year-sentence/,,,,3,0,0,no,missing_post_id,Could not resolve source URL to posts/pages via REST
https://coincu.com/daniel-shin-have-first-trial-on-may-26/,posts,186705,publish,3,0,0,no,no_match_in_raw,No candidate old URLs found in current raw content
https://coincu.com/silicon-valley-bank-ceo-cfo-sued-for-fraud/,,,,3,0,0,no,missing_post_id,Could not resolve source URL to posts/pages via REST
https://coincu.com/doja-cats-x-hacked-pushing-scam-token-doja/,posts,267455,publish,3,0,0,no,no_match_in_raw,No candidate old URLs found in current raw content
https://coincu.com/memecoin-bald-rug-pull-price-dropped-pver-80/,posts,207432,publish,3,0,0,no,no_match_in_raw,No candidate old URLs found in current raw content
https://coincu.com/bald-leading-memecoin-on-base-160-gain-in-24h/,posts,207240,publish,3,0,0,no,no_match_in_raw,No candidate old URLs found in current raw content
https://coincu.com/bnb-chain-meme-coin-backed-liquidity-pool/,,,,3,0,0,no,missing_post_id,Could not resolve source URL to posts/pages via REST
https://coincu.com/turkey-takes-big-steps-with-blockchain/,,,,3,0,0,no,missing_post_id,Could not resolve source URL to posts/pages via REST
https://coincu.com/cmb-intl-launches-24-7-crypto-trading-in/,,,,3,0,0,no,missing_post_id,Could not resolve source URL to posts/pages via REST
https://coincu.com/bond-protocol-raises-2-5-million/,,,,3,0,0,no,missing_post_id,Could not resolve source URL to posts/pages via REST
https://coincu.com/okx-addresses-security-incidents-user-protection/,posts,263483,publish,3,0,0,no,no_match_in_raw,No candidate old URLs found in current raw content
https://coincu.com/wormhole-hacker-moves-46-million/,posts,166988,publish,3,0,0,no,no_match_in_raw,No candidate old URLs found in current raw content
https://coincu.com/uniswap-blacklisted-253-crypto-addresses/,,,,3,0,0,no,missing_post_id,Could not resolve source URL to posts/pages via REST
https://coincu.com/olympus-dao-stolen-300000-then-returned/,posts,135807,publish,3,0,0,no,no_match_in_raw,No candidate old URLs found in current raw content
https://coincu.com/security-alliance-encrypted-threat-seal-isac/,posts,255642,publish,3,0,0,no,no_match_in_raw,No candidate old URLs found in current raw content
https://coincu.com/klimadao-supports-us-legislator/,posts,122327,publish,3,0,0,no,no_match_in_raw,No candidate old URLs found in current raw content
https://coincu.com/opensea-offers-200000/,posts,128766,publish,3,0,0,no,no_match_in_raw,No candidate old URLs found in current raw content
https://coincu.com/opensea-phishing-emails-users-fake-nft-offers/,posts,228084,publish,3,0,0,no,no_match_in_raw,No candidate old URLs found in current raw content
https://coincu.com/polygon-zkevm-mainnet-beta/,posts,218555,publish,3,0,0,no,no_match_in_raw,No candidate old URLs found in current raw content
https://coincu.com/fifa-launches-nft-platform-on-algorand/,,,,3,0,0,no,missing_post_id,Could not resolve source URL to posts/pages via REST
https://coincu.com/fifa-kicks-off-web-3-0-new-games/,posts,142006,publish,3,0,0,no,no_match_in_raw,No candidate old URLs found in current raw content
https://coincu.com/bitcoin-dumps-to-80k-altcoins-decline-10-20/,posts,325743,publish,3,0,0,no,no_match_in_raw,No candidate old URLs found in current raw content
https://coincu.com/microstrategy-x-account-hacked-phishing-scam/,,,,3,0,0,no,missing_post_id,Could not resolve source URL to posts/pages via REST
https://coincu.com/deso-backed-socialfi-app-focus-raises-20-million-in-under-24-hours/,posts,242624,publish,3,0,0,no,no_match_in_raw,No candidate old URLs found in current raw content
https://coincu.com/the-crypto-market-liquidation-500-million/,,,,3,0,0,no,missing_post_id,Could not resolve source URL to posts/pages via REST
https://coincu.com/is-pamonex-exchange-a-scam-or-legit/,posts,249494,publish,3,0,0,no,no_match_in_raw,No candidate old URLs found in current raw content
https://coincu.com/ftx-hacker-update-99m-eth-moved-207m-still/,,,,3,0,0,no,missing_post_id,Could not resolve source URL to posts/pages via REST
https://coincu.com/bankman-fried-objected-by-doj/,,,,3,0,0,no,missing_post_id,Could not resolve source URL to posts/pages via REST
https://coincu.com/bankman-fried-trial-selects-jury/,,,,3,0,0,no,missing_post_id,Could not resolve source URL to posts/pages via REST
https://coincu.com/ftx-fallout-causes-cftc-to-make-bold-move/,,,,3,0,0,no,missing_post_id,Could not resolve source URL to posts/pages via REST
https://coincu.com/bankman-fried-fraud-trial-faces-scrutiny/,,,,3,0,0,no,missing_post_id,Could not resolve source URL to posts/pages via REST
https://coincu.com/bankman-fried-fraud-trial/,,,,3,0,0,no,missing_post_id,Could not resolve source URL to posts/pages via REST
https://coincu.com/bankman-fried-in-prison-could-last-for-decades/,,,,3,0,0,no,missing_post_id,Could not resolve source URL to posts/pages via REST
https://coincu.com/do-kwon-100-years-40-years-in-south-korea/,,,,3,0,0,no,missing_post_id,Could not resolve source URL to posts/pages via REST
https://coincu.com/do-kwon-jailed-8-square-meters-without-beds/,,,,3,0,0,no,missing_post_id,Could not resolve source URL to posts/pages via REST
https://coincu.com/bankman-fried-innocence-unlawful-campaign/,,,,3,0,0,no,missing_post_id,Could not resolve source URL to posts/pages via REST
https://coincu.com/inside-do-kwons-new-home-the-violent-prison/,posts,197427,publish,3,0,0,no,no_match_in_raw,No candidate old URLs found in current raw content
https://coincu.com/do-kwon-4-months-jail-for-passport-crime/,,,,3,0,0,no,missing_post_id,Could not resolve source URL to posts/pages via REST
https://coincu.com/do-kwon-charged-with-document-forgery/,,,,3,0,0,no,missing_post_id,Could not resolve source URL to posts/pages via REST
https://coincu.com/do-kwon-faces-record-40-year-sentence/,posts,185509,publish,3,0,0,no,no_match_in_raw,No candidate old URLs found in current raw content
https://coincu.com/do-kwon-fake-passport-5-year-imprisonment/,,,,3,0,0,no,missing_post_id,Could not resolve source URL to posts/pages via REST
https://coincu.com/visa-bvnk-stablecoin-partnership/,posts,388742,publish,3,0,0,no,no_match_in_raw,No candidate old URLs found in current raw content
https://coincu.com/ethereum-etf-record-outflow/,,,,3,0,0,no,missing_post_id,Could not resolve source URL to posts/pages via REST
https://coincu.com/ethereum-whales-trap-price/,posts,393497,publish,3,0,0,no,no_match_in_raw,No candidate old URLs found in current raw content
https://coincu.com/federal-reserve-outdated-payroll/,,,,3,0,0,no,missing_post_id,Could not resolve source URL to posts/pages via REST
https://coincu.com/doj-crypto-regulation-halt/,posts,330943,publish,3,0,0,no,no_match_in_raw,No candidate old URLs found in current raw content
https://coincu.com/doj-seize-225m-crypto-fraud/,posts,344171,publish,3,0,0,no,no_match_in_raw,No candidate old URLs found in current raw content
https://coincu.com/uk-new-anti-crypto-fraud-strategy/,posts,185119,publish,3,0,0,no,no_match_in_raw,No candidate old URLs found in current raw content
https://coincu.com/us-government-seizure-bitcoin-questions/,posts,368738,publish,3,0,0,no,no_match_in_raw,No candidate old URLs found in current raw content
https://coincu.com/doj-crypto-seizure-fraud-case/,posts,344128,publish,3,0,0,no,no_match_in_raw,No candidate old URLs found in current raw content
https://coincu.com/enis-arion-ho-on-defi-decentralization-rules-over-rhetoric-and-the-right-to-exit/,posts,394266,publish,3,0,0,no,no_match_in_raw,No candidate old URLs found in current raw content
https://coincu.com/us-doj-hamas-cryptocurrency-seizure/,,,,3,0,0,no,missing_post_id,Could not resolve source URL to posts/pages via REST
https://coincu.com/bingx-officially-partners-with-scuderia-ferrari-hp-as-its-first-crypto-partner/,posts,389740,publish,3,0,0,no,no_match_in_raw,No candidate old URLs found in current raw content
https://coincu.com/crypto-lucky-money-for-the-new-year-bingx-2026-fortune-draw-create-a-tiktok-video-to-win-gifts/,posts,390229,publish,3,0,0,no,no_match_in_raw,No candidate old URLs found in current raw content
https://coincu.com/digital-trust-without-intermediaries-what-blockchain-delivers-and-what-it-does-not/,posts,400257,publish,3,0,0,no,no_match_in_raw,No candidate old URLs found in current raw content
https://coincu.com/legal-experts-crypto-kols-can-remain-confident-in-the-current-regulatory-phase/,posts,389736,publish,3,0,0,no,no_match_in_raw,No candidate old URLs found in current raw content
https://coincu.com/bny-mellon-tokenized-deposits-launch/,posts,387981,publish,3,0,0,no,no_match_in_raw,No candidate old URLs found in current raw content
https://coincu.com/bitcoin-rsi-upward-trend-market-analysis/,posts,373908,publish,3,0,0,no,no_match_in_raw,No candidate old URLs found in current raw content
https://coincu.com/uae-central-bank-expands-cbdc-strategy/,posts,175948,publish,3,0,0,no,no_match_in_raw,No candidate old URLs found in current raw content
https://coincu.com/btc-bounces-back-strong/,posts,387875,publish,3,0,0,no,no_match_in_raw,No candidate old URLs found in current raw content
https://coincu.com/solana-sol-could-reach-295-then-rally-toward-380-in-wave-five-pattern/,posts,374121,publish,3,0,0,no,no_match_in_raw,No candidate old URLs found in current raw content
https://coincu.com/solana-blasts-past-240/,posts,361943,publish,3,0,0,no,no_match_in_raw,No candidate old URLs found in current raw content
https://coincu.com/ethereum-tests-2880-resistance/,,,,3,0,0,no,missing_post_id,Could not resolve source URL to posts/pages via REST
https://coincu.com/bittensortao-breaks-resistance-with/,,,,3,0,0,no,missing_post_id,Could not resolve source URL to posts/pages via REST
https://coincu.com/solana-breaks-downtrend-consolidating-to-127-is-this-the-start-of-a-major-breakout/,posts,386843,publish,3,0,0,no,no_match_in_raw,No candidate old URLs found in current raw content
https://coincu.com/solana-ranger-finance-metadao-token/,posts,382958,publish,3,0,0,no,no_match_in_raw,No candidate old URLs found in current raw content
https://coincu.com/harvard-endowment-bitcoin-etf/,,,,3,0,0,no,missing_post_id,Could not resolve source URL to posts/pages via REST
https://coincu.com/galaxy-digital-ceo-novogratz-bitcoin-etf/,posts,224167,publish,3,0,0,no,no_match_in_raw,No candidate old URLs found in current raw content
https://coincu.com/galaxy-digital-ceo-said-didnt-wonder/,posts,167703,publish,3,0,0,no,no_match_in_raw,No candidate old URLs found in current raw content
https://coincu.com/helix-money-laundering-case-operator/,posts,292396,publish,3,0,0,no,no_match_in_raw,No candidate old URLs found in current raw content
https://coincu.com/ethereum-future-seems-uncertain-as-networks/,,,,3,0,0,no,missing_post_id,Could not resolve source URL to posts/pages via REST
https://coincu.com/singapore-banks-rank-high-in-money-laundering/,,,,3,0,0,no,missing_post_id,Could not resolve source URL to posts/pages via REST
https://coincu.com/taiwans-record-320m-usdt-crypto-laundering/,,,,3,0,0,no,missing_post_id,Could not resolve source URL to posts/pages via REST
https://coincu.com/senate-launches-crypto-money-laundering-menace/,,,,3,0,0,no,missing_post_id,Could not resolve source URL to posts/pages via REST
https://coincu.com/curve-finance-to-tornado-cash-fixedfloat/,posts,116072,publish,3,0,0,no,no_match_in_raw,No candidate old URLs found in current raw content
https://coincu.com/hong-kong-money-laundering-virtual-currency/,posts,203106,publish,3,0,0,no,no_match_in_raw,No candidate old URLs found in current raw content
https://coincu.com/charles-hoskinson-perhaps-ethereum/,,,,3,0,0,no,missing_post_id,Could not resolve source URL to posts/pages via REST
https://coincu.com/proven-raises-15-8-million/,posts,172563,publish,3,0,0,no,no_match_in_raw,No candidate old URLs found in current raw content
https://coincu.com/advantages-zero-knowledge-proofs/,,,,3,0,0,no,missing_post_id,Could not resolve source URL to posts/pages via REST
https://coincu.com/aleo-top-blockchain-zkp-technology/,posts,186447,publish,3,0,0,no,no_match_in_raw,No candidate old URLs found in current raw content
https://coincu.com/rollux-syscoin-weapon-zk-rollup-solution/,,,,3,0,0,no,missing_post_id,Could not resolve source URL to posts/pages via REST
https://coincu.com/auradine-raises-81-million/,posts,187880,publish,3,0,0,no,no_match_in_raw,No candidate old URLs found in current raw content
https://coincu.com/types-of-zero-knowledge-proofs/,posts,174901,publish,3,0,0,no,no_match_in_raw,No candidate old URLs found in current raw content
https://coincu.com/federal-reserve-rate-cut-bitcoin/,,,,3,0,0,no,missing_post_id,Could not resolve source URL to posts/pages via REST
https://coincu.com/how-does-zerosync-help-bring-zkps-technology-to-bitcoin-network/,posts,178293,publish,3,0,0,no,no_match_in_raw,No candidate old URLs found in current raw content
https://coincu.com/bitcoin-spot-etf-outflow-hits-54-1m/,posts,285568,publish,3,0,0,no,no_match_in_raw,No candidate old URLs found in current raw content
https://coincu.com/bitcoin-whale-wallets-with-over-1000-btc/,posts,263736,publish,3,0,0,no,no_match_in_raw,No candidate old URLs found in current raw content
https://coincu.com/brazil-crypto-tax-exemption-ends/,,,,3,0,0,no,missing_post_id,Could not resolve source URL to posts/pages via REST
https://coincu.com/warner-bros-game-of-thrones-nfts/,posts,139103,publish,3,0,0,no,no_match_in_raw,No candidate old URLs found in current raw content
https://coincu.com/microstrategy-10-for-1-stock-split-accessible/,,,,3,0,0,no,missing_post_id,Could not resolve source URL to posts/pages via REST
https://coincu.com/microstrategy-bitcoin-profit-soar-to-614-million/,,,,3,0,0,no,missing_post_id,Could not resolve source URL to posts/pages via REST
https://coincu.com/microstrategy-secures-16130-bitcoins/,,,,3,0,0,no,missing_post_id,Could not resolve source URL to posts/pages via REST
https://coincu.com/bitcoin-miner-cipher-sale-data-center-demand/,posts,268444,publish,3,0,0,no,no_match_in_raw,No candidate old URLs found in current raw content
https://coincu.com/bitcoin-miner-riot-buys-667-bitcoin/,posts,297274,publish,3,0,0,no,no_match_in_raw,No candidate old URLs found in current raw content
https://coincu.com/coreweave-proposes-buyout-core-scientific-soars/,posts,262483,publish,3,0,0,no,no_match_in_raw,No candidate old URLs found in current raw content
https://coincu.com/bitcoin-miner-reserves-april-halving-event/,posts,271497,publish,3,0,0,no,no_match_in_raw,No candidate old URLs found in current raw content
https://coincu.com/crypto-supporter-donald-trump-help-bitcoin-miner/,,,,3,0,0,no,missing_post_id,Could not resolve source URL to posts/pages via REST
https://coincu.com/bitcoin-miner-rhodium-loan-funding-approval/,posts,280699,publish,3,0,0,no,no_match_in_raw,No candidate old URLs found in current raw content
https://coincu.com/new-btc-whale-bought-3-billion-bitcoin/,,,,3,0,0,no,missing_post_id,Could not resolve source URL to posts/pages via REST
https://coincu.com/michael-saylor-accused-of-sending-btc/,posts,122881,publish,3,0,0,no,no_match_in_raw,No candidate old URLs found in current raw content
https://coincu.com/crypto-whales-eye-bitcoin-aptos-and-optimism-pawfury-presale-gains-attention/,,,,3,0,0,no,missing_post_id,Could not resolve source URL to posts/pages via REST
https://coincu.com/btc-and-eth-volatility-plummets-10-vols-post-cpi/,posts,278421,publish,3,0,0,no,no_match_in_raw,No candidate old URLs found in current raw content
https://coincu.com/massive-bitcoin-longs-appear-crypto-market/,,,,3,0,0,no,missing_post_id,Could not resolve source URL to posts/pages via REST
https://coincu.com/bitcoin-whales-acquire-3-5-billion-btc/,,,,3,0,0,no,missing_post_id,Could not resolve source URL to posts/pages via REST
https://coincu.com/whale-buys-goat-using-2m-usdc-from-binance/,,,,3,0,0,no,missing_post_id,Could not resolve source URL to posts/pages via REST
https://coincu.com/bitcoin-whales-has-dropped/,,,,3,0,0,no,missing_post_id,Could not resolve source URL to posts/pages via REST
https://coincu.com/what-is-bitcoin-whale-watching-how-you-find/,posts,109532,publish,3,0,0,no,no_match_in_raw,No candidate old URLs found in current raw content
https://coincu.com/microstrategy-now-holds-4-6-billion-btc/,,,,3,0,0,no,missing_post_id,Could not resolve source URL to posts/pages via REST
https://coincu.com/bitcoin-sharks-purchased-52000-btc-month/,,,,3,0,0,no,missing_post_id,Could not resolve source URL to posts/pages via REST
https://coincu.com/btc-price-hold-above-30000-banks-collapse/,posts,184114,publish,3,0,0,no,no_match_in_raw,No candidate old URLs found in current raw content
https://coincu.com/analysts-bullish-bitcoins-potential-climb/,,,,3,0,0,no,missing_post_id,Could not resolve source URL to posts/pages via REST
https://coincu.com/bitcoin-price-on-christmas-day-trick-or-treat/,,,,3,0,0,no,missing_post_id,Could not resolve source URL to posts/pages via REST
https://coincu.com/bitcoin-btc-price-crashes-24833-fomc/,,,,3,0,0,no,missing_post_id,Could not resolve source URL to posts/pages via REST
https://coincu.com/bitcoin-price-may-reach-45000-by-year-end/,,,,3,0,0,no,missing_post_id,Could not resolve source URL to posts/pages via REST
https://coincu.com/okb-price-plummets-52-reasons-remain-unclear/,posts,244298,publish,3,0,0,no,no_match_in_raw,No candidate old URLs found in current raw content
https://coincu.com/okx-unleashes-bold-compensation-plan/,posts,217746,publish,3,0,0,no,no_match_in_raw,No candidate old URLs found in current raw content
https://coincu.com/okx-and-circle-introduce-cross-chain-protocol/,posts,216291,publish,3,0,0,no,no_match_in_raw,No candidate old URLs found in current raw content
https://coincu.com/drain-on-bnbchain-12-5m-laundered-binance-okx/,,,,3,0,0,no,missing_post_id,Could not resolve source URL to posts/pages via REST
https://coincu.com/mysterious-on-chain-behavior-of-nd4eth-rumors/,,,,3,0,0,no,missing_post_id,Could not resolve source URL to posts/pages via REST
https://coincu.com/okx-delists-trx-futures-contracts-in-2023/,posts,178743,publish,3,0,0,no,no_match_in_raw,No candidate old URLs found in current raw content
https://coincu.com/unisats-brc20-swap-truly-decentralized-okx-ceo/,,,,3,0,0,no,missing_post_id,Could not resolve source URL to posts/pages via REST
https://coincu.com/okx-exchange-stopped-withdrawing-5-hours/,posts,152996,publish,3,0,0,no,no_match_in_raw,No candidate old URLs found in current raw content
https://coincu.com/fairerc20-ferc20-next-wave-after-brc20/,posts,193504,publish,3,0,0,no,no_match_in_raw,No candidate old URLs found in current raw content
https://coincu.com/paraguayan-senators-mull-selling-bitcoin-miners/,posts,254766,publish,3,1,2,yes,ok,
https://coincu.com/okc-okx-chain-integrates-unstoppable-domain/,posts,130149,publish,3,0,0,no,no_match_in_raw,No candidate old URLs found in current raw content
https://coincu.com/bitcoin-mining-activity-revives-significantly/,posts,249966,publish,3,0,0,no,no_match_in_raw,No candidate old URLs found in current raw content
https://coincu.com/bernsteins-bitcoin-miners-rating/,posts,278536,publish,3,0,0,no,no_match_in_raw,No candidate old URLs found in current raw content
https://coincu.com/riot-platforms-holds-over-10000-bitcoin/,,,,3,0,0,no,missing_post_id,Could not resolve source URL to posts/pages via REST
https://coincu.com/maximizing-your-earnings-gbitcoins-review/,posts,185868,publish,3,0,0,no,no_match_in_raw,No candidate old URLs found in current raw content
https://coincu.com/galaxy-digital-bitcoin-miners-will-face/,posts,162369,publish,3,0,0,no,no_match_in_raw,No candidate old URLs found in current raw content
https://coincu.com/sec-now-reviews-bitwise-bitcoin-etf/,posts,202636,publish,3,0,0,no,no_match_in_raw,No candidate old URLs found in current raw content
https://coincu.com/bitcoin-advocate-robert-f-kennedy-jr/,,,,3,0,0,no,missing_post_id,Could not resolve source URL to posts/pages via REST
https://coincu.com/robert-f-kennedy-jr-desire-to-build-a-reserve/,,,,3,0,0,no,missing_post_id,Could not resolve source URL to posts/pages via REST
https://coincu.com/bitcoin-2024-conference-robert-f-kennedy-jr/,,,,3,0,0,no,missing_post_id,Could not resolve source URL to posts/pages via REST
https://coincu.com/potential-us-election-candidates-2024/,,,,3,0,0,no,missing_post_id,Could not resolve source URL to posts/pages via REST
https://coincu.com/rfk-jr-guaranteed-right-hold-use-bitcoin/,,,,3,0,0,no,missing_post_id,Could not resolve source URL to posts/pages via REST
https://coincu.com/bitcoin-supporter-robert-f-kennedy-jr/,posts,279719,publish,3,0,0,no,no_match_in_raw,No candidate old URLs found in current raw content
https://coincu.com/robert-f-kennedy-jr-praised-trumps/,,,,3,0,0,no,missing_post_id,Could not resolve source URL to posts/pages via REST
https://coincu.com/ripple-etfs-reach-1-17-of-xrp-market-cap/,posts,395183,publish,3,0,0,no,no_match_in_raw,No candidate old URLs found in current raw content
https://coincu.com/xrp-hit-2-after-ripple-treasury-launch/,posts,392231,publish,3,0,0,no,no_match_in_raw,No candidate old URLs found in current raw content
https://coincu.com/xrp-remains-in-tight-consolidation-around-1-40-as-traders-eye-next-move-towards-1-80/,posts,397147,publish,3,0,0,no,no_match_in_raw,No candidate old URLs found in current raw content
https://coincu.com/xrp-spot-etfs-post-first-net-outflows/,posts,391215,publish,3,0,0,no,no_match_in_raw,No candidate old URLs found in current raw content
https://coincu.com/xrp-prints-biggest-loss-since-2022/,posts,395487,publish,3,0,0,no,no_match_in_raw,No candidate old URLs found in current raw content
https://coincu.com/bitstamp-bitcoin-reserves-drop/,,,,3,0,0,no,missing_post_id,Could not resolve source URL to posts/pages via REST
https://coincu.com/ecb-rejects-bitcoin-reserves-citing-security/,,,,3,0,0,no,missing_post_id,Could not resolve source URL to posts/pages via REST
https://coincu.com/xrp-early-recovery-signs-break-above-1-40/,posts,395747,publish,3,0,0,no,no_match_in_raw,No candidate old URLs found in current raw content
https://coincu.com/mexc-amplifies-bitcoin-reserves-by-10-while-maintaining-100-coverage-across-all-assets/,posts,346576,publish,3,0,0,no,no_match_in_raw,No candidate old URLs found in current raw content
https://coincu.com/xrp-set-to-explode-2/,posts,386835,publish,3,0,0,no,no_match_in_raw,No candidate old URLs found in current raw content
https://coincu.com/ethereum-reclaims-2000-level-eyes-2150/,posts,396137,publish,3,0,0,no,no_match_in_raw,No candidate old URLs found in current raw content
https://coincu.com/klarna-launches-klarnausd-stablecoin/,posts,380558,publish,3,0,0,no,no_match_in_raw,No candidate old URLs found in current raw content
https://coincu.com/changpeng-zhao-binance-wont-go-bankrupt/,,,,3,0,0,no,missing_post_id,Could not resolve source URL to posts/pages via REST
https://coincu.com/ron-wyden-asks-exchanges/,,,,3,0,0,no,missing_post_id,Could not resolve source URL to posts/pages via REST
https://coincu.com/polkadot-security-overhaul-dot-changes/,posts,349162,publish,3,0,0,no,no_match_in_raw,No candidate old URLs found in current raw content
https://coincu.com/polkadot-spends-87m-in-h1-high-marketing-costs/,posts,265871,publish,3,0,0,no,no_match_in_raw,No candidate old URLs found in current raw content
https://coincu.com/easyas-web3-developer-community-surpasses-one-million-and-launches-polkadot-education/,,,,3,0,0,no,missing_post_id,Could not resolve source URL to posts/pages via REST
https://coincu.com/sub0-europe-2023-master-polkadot-development/,posts,281100,publish,3,0,0,no,no_match_in_raw,No candidate old URLs found in current raw content
https://coincu.com/aptos-foundation-expands-global-footprint-with-new-abu-dhabi-office/,,,,3,0,0,no,missing_post_id,Could not resolve source URL to posts/pages via REST
https://coincu.com/polkadots-37m-outreach-reveals-crypto-secrets/,posts,266962,publish,3,0,0,no,no_match_in_raw,No candidate old URLs found in current raw content
https://coincu.com/dbs-launches-dbs-treasury-tokens-in-singapore/,posts,272038,publish,3,0,0,no,no_match_in_raw,No candidate old URLs found in current raw content
https://coincu.com/uzbekistan-banks-launch-crypto-cards/,,,,3,0,0,no,missing_post_id,Could not resolve source URL to posts/pages via REST
https://coincu.com/bank-of-japan-rate-held-at-0-25-amid-us/,,,,3,0,0,no,missing_post_id,Could not resolve source URL to posts/pages via REST
https://coincu.com/hong-kong-allowing-crypto-firms/,posts,184581,publish,3,0,0,no,no_match_in_raw,No candidate old URLs found in current raw content
https://coincu.com/us-regulators-approve-bank-custody-for-bitcoin-and-crypto-assets/,,,,3,0,0,no,missing_post_id,Could not resolve source URL to posts/pages via REST
https://coincu.com/why-banks-are-against-inclusion-of-crypto/,posts,248021,publish,3,0,0,no,no_match_in_raw,No candidate old URLs found in current raw content
https://coincu.com/bithumb-bolsters-krw-fiat-pairings-with-ape-rndr/,posts,203558,publish,3,0,0,no,no_match_in_raw,No candidate old URLs found in current raw content
https://coincu.com/ceo-bitzlato-arrested-by-spanish-police/,,,,3,0,0,no,missing_post_id,Could not resolve source URL to posts/pages via REST
https://coincu.com/layer-2-base-coinbase-the-pyth-network/,,,,3,0,0,no,missing_post_id,Could not resolve source URL to posts/pages via REST
https://coincu.com/pyth-network-retrospective-airdrop/,posts,228448,publish,3,0,0,no,no_match_in_raw,No candidate old URLs found in current raw content
https://coincu.com/the-most-4-recent-oracle-pyth-updates/,posts,153345,publish,3,0,0,no,no_match_in_raw,No candidate old URLs found in current raw content
https://coincu.com/turn-10-into-1000-5-crypto-tokens-for-2024-pawfury-presale-leads/,,,,3,0,0,no,missing_post_id,Could not resolve source URL to posts/pages via REST
https://coincu.com/pyth-network-announces-partnership/,posts,145054,publish,3,0,0,no,no_match_in_raw,No candidate old URLs found in current raw content
https://coincu.com/ethereum-tests-support-above-3800-eyes-5766-retracement-target/,,,,3,0,0,no,missing_post_id,Could not resolve source URL to posts/pages via REST
https://coincu.com/hyperliquid-launches-xmrperps/,posts,388982,publish,3,0,0,no,no_match_in_raw,No candidate old URLs found in current raw content
https://coincu.com/bank-of-russia-will-begin-testing-cbdc/,,,,3,0,0,no,missing_post_id,Could not resolve source URL to posts/pages via REST
https://coincu.com/russia-set-will-set-rules/,,,,3,0,0,no,missing_post_id,Could not resolve source URL to posts/pages via REST
https://coincu.com/russias-stock-exchange-joins-crypto/,,,,3,0,0,no,missing_post_id,Could not resolve source URL to posts/pages via REST
https://coincu.com/russian-national-welfare-fund-dismisses-crypto/,,,,3,0,0,no,missing_post_id,Could not resolve source URL to posts/pages via REST
https://coincu.com/russia-prepares-to-allow-crypto-mining/,,,,3,0,0,no,missing_post_id,Could not resolve source URL to posts/pages via REST
https://coincu.com/russia-releases-draft-crypto-payment/,,,,3,0,0,no,missing_post_id,Could not resolve source URL to posts/pages via REST
https://coincu.com/bank-of-russia-issues-draft-digital-assets/,,,,3,0,0,no,missing_post_id,Could not resolve source URL to posts/pages via REST
https://coincu.com/russia-launches-digital-ruble-pilot-on-august-15/,,,,3,0,0,no,missing_post_id,Could not resolve source URL to posts/pages via REST
https://coincu.com/ftx-to-release-2-06b-in-solana-sol-on-march/,,,,3,0,0,no,missing_post_id,Could not resolve source URL to posts/pages via REST
https://coincu.com/binance-plea-deal-approved-by-judge/,posts,248138,publish,3,0,0,no,no_match_in_raw,No candidate old URLs found in current raw content
https://coincu.com/trump-fed-rate-cuts-market-impact/,,,,3,0,0,no,missing_post_id,Could not resolve source URL to posts/pages via REST
https://coincu.com/monetary-authority-of-singapore-mas/,posts,229430,publish,3,0,0,no,no_match_in_raw,No candidate old URLs found in current raw content
https://coincu.com/galaxy-digital-nasdaq-listing/,posts,338154,publish,3,0,0,no,no_match_in_raw,No candidate old URLs found in current raw content
https://coincu.com/angle-protocols-euro-stablecoin/,,,,3,0,0,no,missing_post_id,Could not resolve source URL to posts/pages via REST
https://coincu.com/societe-generale-new-euro-stablecoin/,posts,183154,publish,3,0,0,no,no_match_in_raw,No candidate old URLs found in current raw content
https://coincu.com/tether-sell-bitcoin-impact-of-new-stablecoin-law/,posts,322106,publish,3,0,0,no,no_match_in_raw,No candidate old URLs found in current raw content
https://coincu.com/trump-poll-reaches-210-bitcoin-to-record-75k/,,,,3,0,0,no,missing_post_id,Could not resolve source URL to posts/pages via REST
https://coincu.com/stablecoins-dominate-crypto-trades-tether-usdt/,posts,202635,publish,3,0,0,no,no_match_in_raw,No candidate old URLs found in current raw content
https://coincu.com/hkma-first-targets-in-2023-stablecoins/,posts,184686,publish,3,0,0,no,no_match_in_raw,No candidate old URLs found in current raw content
https://coincu.com/stablecoins-for-chinas-yuan-internationalization/,posts,201646,publish,3,0,0,no,no_match_in_raw,No candidate old URLs found in current raw content
https://coincu.com/hong-kong-to-launch-stablecoin-regulatory/,posts,194270,publish,3,0,0,no,no_match_in_raw,No candidate old URLs found in current raw content
https://coincu.com/us-republicans-competing-stablecoin-sec/,,,,3,0,0,no,missing_post_id,Could not resolve source URL to posts/pages via REST
https://coincu.com/metaplanet-bitcoin-investment-135-btc-added/,posts,324223,publish,3,0,0,no,no_match_in_raw,No candidate old URLs found in current raw content
https://coincu.com/multicoin-capital-usdc-worldcoin/,posts,385444,publish,3,0,0,no,no_match_in_raw,No candidate old URLs found in current raw content
https://coincu.com/worldcoin-wld-claim-deadline-extended-july-2025/,posts,267735,publish,3,0,0,no,no_match_in_raw,No candidate old URLs found in current raw content
https://coincu.com/worldcoin-secures-10-million-wld-loan-extension/,posts,261837,publish,3,0,0,no,no_match_in_raw,No candidate old URLs found in current raw content
https://coincu.com/softbank-openai-funding-delays/,posts,337169,publish,3,0,0,no,no_match_in_raw,No candidate old URLs found in current raw content
https://coincu.com/softbank-us-japan-wealth-fund/,posts,339568,publish,3,0,0,no,no_match_in_raw,No candidate old URLs found in current raw content
https://coincu.com/paxos-treasury-destroyed-over-400m-busd/,posts,167158,publish,3,0,0,no,no_match_in_raw,No candidate old URLs found in current raw content
https://coincu.com/paxos-launches-paxos-labs-integration/,posts,344082,publish,3,0,0,no,no_match_in_raw,No candidate old URLs found in current raw content
https://coincu.com/ethereum-pectra-upgrade-eof/,,,,3,0,0,no,missing_post_id,Could not resolve source URL to posts/pages via REST
https://coincu.com/ethereum-advances-pectra-with-hoodi-testnet/,,,,3,0,0,no,missing_post_id,Could not resolve source URL to posts/pages via REST
https://coincu.com/ethereum-pectra-devnet-2-bug-fixes/,,,,3,0,0,no,missing_post_id,Could not resolve source URL to posts/pages via REST
https://coincu.com/ethereum-pectra-upgrade-nears-launch/,,,,3,0,0,no,missing_post_id,Could not resolve source URL to posts/pages via REST
https://coincu.com/matter-labs-new-branding-for-zksync-2-0/,posts,167819,publish,3,0,0,no,no_match_in_raw,No candidate old URLs found in current raw content
https://coincu.com/missed-neiros-big-break-ride-the-bull-wave-with-2025s-top-new-meme-coin-for-short-term-wins/,posts,304194,publish,3,0,0,no,no_match_in_raw,No candidate old URLs found in current raw content
https://coincu.com/prisma-finance-hacker-asks-team-apologize/,,,,3,0,0,no,missing_post_id,Could not resolve source URL to posts/pages via REST
https://coincu.com/layerzero-ceo-no-obligatory-zro-airdrop-donation/,posts,264601,publish,3,0,0,no,no_match_in_raw,No candidate old URLs found in current raw content
https://coincu.com/loopring-tko-airdrop-to-launch-2-5m-community/,posts,260829,publish,3,0,0,no,no_match_in_raw,No candidate old URLs found in current raw content
https://coincu.com/how-to-use-gamestop-wallet-loopring-l2/,posts,179395,publish,3,0,0,no,no_match_in_raw,No candidate old URLs found in current raw content
https://coincu.com/loopring-launches-proposal/,posts,148853,publish,3,0,0,no,no_match_in_raw,No candidate old URLs found in current raw content
https://coincu.com/ethereum-layer-2-protocol-loopring-security/,posts,263112,publish,3,0,0,no,no_match_in_raw,No candidate old URLs found in current raw content
https://coincu.com/loopring-released-ddos-attack-post-mortem/,posts,139990,publish,3,0,0,no,no_match_in_raw,No candidate old URLs found in current raw content
https://coincu.com/loopring-review-the-benefits-of-loopring/,posts,177930,publish,3,0,0,no,no_match_in_raw,No candidate old URLs found in current raw content
https://coincu.com/loopring-block-trade-wallets-access-cex/,posts,187673,publish,3,0,0,no,no_match_in_raw,No candidate old URLs found in current raw content
https://coincu.com/layer-1-and-layer-2-blockchain-their-differences/,,,,3,0,0,no,missing_post_id,Could not resolve source URL to posts/pages via REST
https://coincu.com/loopring-booming-zk-rollups-platforms/,posts,172758,publish,3,0,0,no,no_match_in_raw,No candidate old URLs found in current raw content
https://coincu.com/hot-altcoins-to-hold-today-qubetics-tics-path-to-15-and-a-growing-base-of-13500-holders-seis-trading-at-0-454-and-immutable-xs-nft-dominance/,posts,300403,publish,3,0,0,no,no_match_in_raw,No candidate old URLs found in current raw content
https://coincu.com/layer-2-zkfair-total-gas-fee-increases/,,,,3,0,0,no,missing_post_id,Could not resolve source URL to posts/pages via REST
https://coincu.com/immutable-zkevm-mainnet-launch-on-december-2023/,posts,221725,publish,3,0,0,no,no_match_in_raw,No candidate old URLs found in current raw content
https://coincu.com/top-altcoins-to-buy-for-january-2025-qubetics-dominates-with-417m-tokens-sold-hedera-immutable-x-follow/,posts,302067,publish,3,0,0,no,no_match_in_raw,No candidate old URLs found in current raw content
https://coincu.com/top-5-immutable-x-games-to-play/,posts,230137,publish,3,0,0,no,no_match_in_raw,No candidate old URLs found in current raw content
https://coincu.com/can-qubetics-reach-10-aave-immutable-x-and-the-best-cryptos-to-buy-this-month/,posts,300422,publish,3,0,0,no,no_match_in_raw,No candidate old URLs found in current raw content
https://coincu.com/qubetics-hits-419m-tokens-sold-immutable-x-redefines-nfts-and-cardano-pioneers-real-world-use-cases/,posts,302540,publish,3,0,0,no,no_match_in_raw,No candidate old URLs found in current raw content
https://coincu.com/layer-2/,,,,3,0,0,no,missing_post_id,Could not resolve source URL to posts/pages via REST
https://coincu.com/syncswap-seamless-efficient-dex-zksync-era/,posts,196745,publish,3,0,0,no,no_match_in_raw,No candidate old URLs found in current raw content
https://coincu.com/eralend-publishes-the-progress-of-the-attack/,posts,205973,publish,3,0,0,no,no_match_in_raw,No candidate old URLs found in current raw content
https://coincu.com/zksync-era-landing-massive-scam-projects/,,,,3,0,0,no,missing_post_id,Could not resolve source URL to posts/pages via REST
https://coincu.com/syncswap-users-withdraw-after-eralend-hack/,,,,3,0,0,no,missing_post_id,Could not resolve source URL to posts/pages via REST
https://coincu.com/zksync-era-ignites-excitement/,,,,3,0,0,no,missing_post_id,Could not resolve source URL to posts/pages via REST
https://coincu.com/gravita-review/,posts,205700,publish,3,0,0,no,no_match_in_raw,No candidate old URLs found in current raw content
https://coincu.com/automated-market-maker-amm/,,,,3,0,0,no,missing_post_id,Could not resolve source URL to posts/pages via REST
https://coincu.com/maverick-protocols-voting-escrow-model/,posts,197704,publish,3,0,0,no,no_match_in_raw,No candidate old URLs found in current raw content
https://coincu.com/ethereum-virtual-machine-evm/,,,,3,0,0,no,missing_post_id,Could not resolve source URL to posts/pages via REST
https://coincu.com/maverick-amm-automatic-liquidity-placement/,posts,198797,publish,3,0,0,no,no_match_in_raw,No candidate old URLs found in current raw content
https://coincu.com/spacefi-defi-hub-on-the-zksync-era-and-evmos/,posts,204623,publish,3,0,0,no,no_match_in_raw,No candidate old URLs found in current raw content
https://coincu.com/mav-zksync-integration-on-binance/,posts,220255,publish,3,0,0,no,no_match_in_raw,No candidate old URLs found in current raw content
https://coincu.com/sec-stops-attack-on-ripple-top-leaders/,posts,224438,publish,3,0,0,no,no_match_in_raw,No candidate old URLs found in current raw content
https://coincu.com/sec-vs-ripple-updates-from-xrps-debut-to-victory/,posts,221921,publish,3,0,0,no,no_match_in_raw,No candidate old URLs found in current raw content
https://coincu.com/ripple-legal-case-is-a-good-sign/,,,,3,0,0,no,missing_post_id,Could not resolve source URL to posts/pages via REST
https://coincu.com/coinbase-products-in-canada-is-promoted/,posts,247807,publish,3,0,0,no,no_match_in_raw,No candidate old URLs found in current raw content
https://coincu.com/ripples-lawsuit-sec-granted-appeal-opportunity/,,,,3,0,0,no,missing_post_id,Could not resolve source URL to posts/pages via REST
https://coincu.com/ontario-exchanges-limit-altcoin-purchases/,posts,118398,publish,3,0,0,no,no_match_in_raw,No candidate old URLs found in current raw content
https://coincu.com/gemini-submits-a-new-license-in-canada/,,,,3,0,0,no,missing_post_id,Could not resolve source URL to posts/pages via REST
https://coincu.com/celsius-in-sight-canadian-watchdogs/,posts,116426,publish,3,0,0,no,no_match_in_raw,No candidate old URLs found in current raw content
https://coincu.com/sec-osc-allege-cryptobontix-arbitrade/,,,,3,0,0,no,missing_post_id,Could not resolve source URL to posts/pages via REST
https://coincu.com/poloniex-settles-7-6-million-breach/,posts,184915,publish,3,0,0,no,no_match_in_raw,No candidate old URLs found in current raw content
https://coincu.com/osc-head-says-crypto-causes-concern/,posts,131375,publish,3,0,0,no,no_match_in_raw,No candidate old URLs found in current raw content
https://coincu.com/binance-websites-in-the-philippines-banned/,,,,3,0,0,no,missing_post_id,Could not resolve source URL to posts/pages via REST
https://coincu.com/3iq-solana-etp-expected-in-canada/,,,,3,0,0,no,missing_post_id,Could not resolve source URL to posts/pages via REST
https://coincu.com/canadian-crypto-etf-see-outflows-in-2024/,,,,3,0,0,no,missing_post_id,Could not resolve source URL to posts/pages via REST
https://coincu.com/canada-extends-crypto-compliance-deadline-amid/,,,,3,0,0,no,missing_post_id,Could not resolve source URL to posts/pages via REST
https://coincu.com/ripple-is-bringing-new-excitement/,,,,3,0,0,no,missing_post_id,Could not resolve source URL to posts/pages via REST
https://coincu.com/canadian-olympic-snowboarder-commit-murder/,,,,3,0,0,no,missing_post_id,Could not resolve source URL to posts/pages via REST
https://coincu.com/kraken-tougher-rules-in-canada/,posts,177458,publish,3,0,0,no,no_match_in_raw,No candidate old URLs found in current raw content
https://coincu.com/ripple-lawsuit-takes-new-turn-2/,,,,3,0,0,no,missing_post_id,Could not resolve source URL to posts/pages via REST
https://coincu.com/sec-ripple-lawsuit-not-earlier-than-april-20/,posts,212981,publish,3,0,0,no,no_match_in_raw,No candidate old URLs found in current raw content
https://coincu.com/ripple-leaders-strategic-move/,,,,3,0,0,no,missing_post_id,Could not resolve source URL to posts/pages via REST
https://coincu.com/sec-fights-ripple-with-new-memorandum/,,,,3,0,0,no,missing_post_id,Could not resolve source URL to posts/pages via REST
https://coincu.com/xrp-wipes-out-july-gains/,posts,211719,publish,3,0,0,no,no_match_in_raw,No candidate old URLs found in current raw content
https://coincu.com/ritchie-torres-takes-on-sec/,,,,3,0,0,no,missing_post_id,Could not resolve source URL to posts/pages via REST
https://coincu.com/lawmakers-launch-congressional-crypto-caucus/,,,,3,0,0,no,missing_post_id,Could not resolve source URL to posts/pages via REST
https://coincu.com/ripple-vs-sec-ruling-may-arrive-earlier-than/,posts,344446,publish,3,0,0,no,no_match_in_raw,No candidate old URLs found in current raw content
https://coincu.com/mark-cuban-predicts-sec/,,,,3,0,0,no,missing_post_id,Could not resolve source URL to posts/pages via REST
https://coincu.com/ripple-allowed-review-videos-sec/,posts,117404,publish,3,0,0,no,no_match_in_raw,No candidate old URLs found in current raw content
https://coincu.com/ripple-lawsuit-sec-files-new-arguments/,,,,3,0,0,no,missing_post_id,Could not resolve source URL to posts/pages via REST
https://coincu.com/ripple-adds-an-experienced-attorney/,,,,3,0,0,no,missing_post_id,Could not resolve source URL to posts/pages via REST
https://coincu.com/ripple-lawsuit-takes-new-turn/,,,,3,0,0,no,missing_post_id,Could not resolve source URL to posts/pages via REST
https://coincu.com/the-ripple-lawsuit-saga/,posts,200041,publish,3,0,0,no,no_match_in_raw,No candidate old URLs found in current raw content
https://coincu.com/judge-rejects-secs-request-ripple/,,,,3,0,0,no,missing_post_id,Could not resolve source URL to posts/pages via REST
https://coincu.com/john-deaton-purchased-btc/,posts,223152,publish,3,0,0,no,no_match_in_raw,No candidate old URLs found in current raw content
https://coincu.com/final-judgment-in-sec-vs-lbry/,posts,201992,publish,3,0,0,no,no_match_in_raw,No candidate old URLs found in current raw content
https://coincu.com/attorney-john-deaton-confident-summary-judgment/,,,,3,0,0,no,missing_post_id,Could not resolve source URL to posts/pages via REST
https://coincu.com/know-about-icos-ieos-and-stos/,posts,107113,publish,3,0,0,no,no_match_in_raw,No candidate old URLs found in current raw content
https://coincu.com/south-korean-should-allow-ieos/,,,,3,0,0,no,missing_post_id,Could not resolve source URL to posts/pages via REST
https://coincu.com/the-challenge-of-do-kwon-extradition/,,,,3,0,0,no,missing_post_id,Could not resolve source URL to posts/pages via REST
https://coincu.com/coinbase-subpoena-request-narrowed/,posts,268192,publish,3,0,0,no,no_match_in_raw,No candidate old URLs found in current raw content
https://coincu.com/avax-long-positions-surge-to-920k-profit/,,,,3,0,0,no,missing_post_id,Could not resolve source URL to posts/pages via REST
https://coincu.com/avax-price-breakout-double-bottom-fuels/,,,,3,0,0,no,missing_post_id,Could not resolve source URL to posts/pages via REST
https://coincu.com/binance-was-fined-3-3-million/,,,,3,0,0,no,missing_post_id,Could not resolve source URL to posts/pages via REST
https://coincu.com/nexchain-smashes-1-9-million-in-viral-crypto-presale-next-10x-token/,posts,337919,publish,3,0,0,no,no_match_in_raw,No candidate old URLs found in current raw content
https://coincu.com/bitcoin-whales-take-profits-and-move-to-nexchain-as-it-hits-2-3m-in-presale-crypto-ico/,,,,3,0,0,no,missing_post_id,Could not resolve source URL to posts/pages via REST
https://coincu.com/ftx-restarting-exchange-with-creditor-money/,,,,3,0,0,no,missing_post_id,Could not resolve source URL to posts/pages via REST
https://coincu.com/ftx-spent-over-120m-in-legal-fees/,,,,3,0,0,no,missing_post_id,Could not resolve source URL to posts/pages via REST
https://coincu.com/celsius-start-new-company-owned-creditors/,,,,3,0,0,no,missing_post_id,Could not resolve source URL to posts/pages via REST
https://coincu.com/ftx-japan-delays-resale-to-restart-exchange/,posts,184521,publish,3,0,0,no,no_match_in_raw,No candidate old URLs found in current raw content
https://coincu.com/strategy-btc-rating-indicator/,posts,389622,publish,3,0,0,no,no_match_in_raw,No candidate old URLs found in current raw content
https://coincu.com/wlf-advisor-ogle-aster-position/,posts,363533,publish,3,0,0,no,no_match_in_raw,No candidate old URLs found in current raw content
https://coincu.com/wlfi-transfers-binance-market/,posts,363275,publish,3,0,0,no,no_match_in_raw,No candidate old URLs found in current raw content
https://coincu.com/wlf-wlfi-token-buyback-plan/,posts,363488,publish,3,0,0,no,no_match_in_raw,No candidate old URLs found in current raw content
https://coincu.com/binance-usd1-stablecoin-launch/,,,,3,0,0,no,missing_post_id,Could not resolve source URL to posts/pages via REST
https://coincu.com/wlfi-token-expenditure-debate/,posts,384648,publish,3,0,0,no,no_match_in_raw,No candidate old URLs found in current raw content
https://coincu.com/trump-family-usd1-stablecoin-volume/,,,,3,0,0,no,missing_post_id,Could not resolve source URL to posts/pages via REST
https://coincu.com/link-bulls-on-edge/,,,,3,0,0,no,missing_post_id,Could not resolve source URL to posts/pages via REST
https://coincu.com/uk-us-taskforce-digital-regulation/,,,,3,0,0,no,missing_post_id,Could not resolve source URL to posts/pages via REST
https://coincu.com/dogecoin-hints-breakout-target-above-5/,posts,378748,publish,3,0,0,no,no_match_in_raw,No candidate old URLs found in current raw content
https://coincu.com/zcash-market-cap-halving-impact/,,,,3,0,0,no,missing_post_id,Could not resolve source URL to posts/pages via REST
https://coincu.com/zec-nears-breakdown-is-300-the-next/,posts,390137,publish,3,0,0,no,no_match_in_raw,No candidate old URLs found in current raw content
https://coincu.com/zec-surges-toward-480-resistance/,posts,382834,publish,3,0,0,no,no_match_in_raw,No candidate old URLs found in current raw content
https://coincu.com/zec-whale-deposits-35-75m-to-binance/,posts,386890,publish,3,0,0,no,no_match_in_raw,No candidate old URLs found in current raw content
https://coincu.com/zcash-development-team-cuts-staff/,,,,3,0,0,no,missing_post_id,Could not resolve source URL to posts/pages via REST
https://coincu.com/zec-bounces-from-372/,posts,385838,publish,3,0,0,no,no_match_in_raw,No candidate old URLs found in current raw content
https://coincu.com/zcash-sustainability-development-fund/,,,,3,0,0,no,missing_post_id,Could not resolve source URL to posts/pages via REST
https://coincu.com/zcash-wallet-opens-long-position/,posts,376869,publish,3,0,0,no,no_match_in_raw,No candidate old URLs found in current raw content
https://coincu.com/grayscale-coindesk-crypto-5-etf/,,,,3,0,0,no,missing_post_id,Could not resolve source URL to posts/pages via REST
https://coincu.com/btc-nears-ath/,posts,363057,publish,3,0,0,no,no_match_in_raw,No candidate old URLs found in current raw content
https://coincu.com/vaneck-solana-etf-application-shows-risks/,,,,3,0,0,no,missing_post_id,Could not resolve source URL to posts/pages via REST
https://coincu.com/backwoods-review-the-hottest-game-on-solana-now/,posts,264509,publish,3,0,0,no,no_match_in_raw,No candidate old URLs found in current raw content
https://coincu.com/web3-platforms-12-billion-hacks-rug-pulls/,,,,3,0,0,no,missing_post_id,Could not resolve source URL to posts/pages via REST
https://coincu.com/us-bitcoin-etfs-account-86-of-global-etfs/,,,,3,0,0,no,missing_post_id,Could not resolve source URL to posts/pages via REST
https://coincu.com/metaplanet-expands-bitcoin-holdings-with-6-9m/,posts,285106,publish,3,0,0,no,no_match_in_raw,No candidate old URLs found in current raw content
https://coincu.com/south-korea-bill-forces-bitcoin-holdings/,posts,189880,publish,3,0,0,no,no_match_in_raw,No candidate old URLs found in current raw content
https://coincu.com/nexon-and-wemade-no-profit-from-bitcoin-holdings/,posts,293207,publish,3,0,0,no,no_match_in_raw,No candidate old URLs found in current raw content
https://coincu.com/bitcoin-is-the-ultimate-asset-for-businesses/,posts,284434,publish,3,0,0,no,no_match_in_raw,No candidate old URLs found in current raw content
https://coincu.com/compound-proposed-increase-weth-supply/,posts,148190,publish,3,0,0,no,no_match_in_raw,No candidate old URLs found in current raw content
https://coincu.com/perennial-raises-12-million/,,,,3,0,0,no,missing_post_id,Could not resolve source URL to posts/pages via REST
https://coincu.com/bitdeer-facility-completed/,,,,3,0,0,no,missing_post_id,Could not resolve source URL to posts/pages via REST
https://coincu.com/bhutan-launches-gold-backed-ter-token/,posts,382746,publish,3,0,0,no,no_match_in_raw,No candidate old URLs found in current raw content
https://coincu.com/bhutans-sovereign-fund-via-blockfi-celsius/,posts,181739,publish,3,0,0,no,no_match_in_raw,No candidate old URLs found in current raw content
https://coincu.com/arbitrum-ecosystem-overview-p2/,,,,3,0,0,no,missing_post_id,Could not resolve source URL to posts/pages via REST
https://coincu.com/largest-buyer-of-arbitrum-holds-steady/,,,,3,0,0,no,missing_post_id,Could not resolve source URL to posts/pages via REST
https://coincu.com/solidlizard-review-arbitrum-based-protocol/,posts,177979,publish,3,0,0,no,no_match_in_raw,No candidate old URLs found in current raw content
https://coincu.com/arb-on-arbitrum-uniswap-reaches-18-million/,posts,175843,publish,3,0,0,no,no_match_in_raw,No candidate old URLs found in current raw content
https://coincu.com/dev-release-103-exploring-blockchain-explorer/,posts,280330,publish,3,0,0,no,no_match_in_raw,No candidate old URLs found in current raw content
https://coincu.com/incognito-unleashes-revolutionary-testnet/,posts,212498,publish,3,0,0,no,no_match_in_raw,No candidate old URLs found in current raw content
https://coincu.com/aztec-sandbox-ignites-crypto-developer-scene/,,,,3,0,0,no,missing_post_id,Could not resolve source URL to posts/pages via REST
https://coincu.com/quai-network-testnet-launches-with-10m-rewards/,posts,293257,publish,3,0,0,no,no_match_in_raw,No candidate old URLs found in current raw content
https://coincu.com/monad-testnet-begins-rolling-out-on-ethereum-l1/,posts,292762,publish,3,0,0,no,no_match_in_raw,No candidate old URLs found in current raw content
https://coincu.com/dydx-foundation-warning-airdrops-dydx-v4/,posts,205199,publish,3,0,0,no,no_match_in_raw,No candidate old URLs found in current raw content
https://coincu.com/dymensions-froopyland-testnet-gifts-10m-dym/,,,,3,0,0,no,missing_post_id,Could not resolve source URL to posts/pages via REST
https://coincu.com/botanix-labs-final-testnet-launches-for-btc-l2/,,,,3,0,0,no,missing_post_id,Could not resolve source URL to posts/pages via REST
https://coincu.com/recent-risky-crypto-market/,,,,3,0,0,no,missing_post_id,Could not resolve source URL to posts/pages via REST
https://coincu.com/fet-breakout-loading-670/,,,,3,0,0,no,missing_post_id,Could not resolve source URL to posts/pages via REST
https://coincu.com/chatgpt-is-popular-all-over-the-world/,,,,3,0,0,no,missing_post_id,Could not resolve source URL to posts/pages via REST
https://coincu.com/fet-bulls-eye-0-185-key-level-signaling-a-potential-upward-move-whats-next/,posts,397315,publish,3,0,0,no,no_match_in_raw,No candidate old URLs found in current raw content
https://coincu.com/crypto-ai-explodes-following-bullish-hint-from-kamala-harris-fet-and-rco-finance-aim-for-2000-gains/,,,,3,0,0,no,missing_post_id,Could not resolve source URL to posts/pages via REST
https://coincu.com/cardano-whale-discover-under-the-radar-crypto-ai-token-to-become-the-next-fet-and-sui-bets-on-2000x-run/,,,,3,0,0,no,missing_post_id,Could not resolve source URL to posts/pages via REST
https://coincu.com/fed-chair-powell-excites-markets/,posts,279642,publish,3,0,0,no,no_match_in_raw,No candidate old URLs found in current raw content
https://coincu.com/bitcoin-briefly-20k-during-powells-speech/,,,,3,0,0,no,missing_post_id,Could not resolve source URL to posts/pages via REST
https://coincu.com/fed-chair-says-stablecoins-form-of-money/,posts,196978,publish,3,0,0,no,no_match_in_raw,No candidate old URLs found in current raw content
https://coincu.com/coinbase-nft-marketplace-launches-new-function/,,,,3,0,0,no,missing_post_id,Could not resolve source URL to posts/pages via REST
https://coincu.com/defi-and-nft-markets-are-showing-optimism/,posts,233586,publish,3,0,0,no,no_match_in_raw,No candidate old URLs found in current raw content
https://coincu.com/trump-digital-trading-cards-on-bitcoin-ordinals/,,,,3,0,0,no,missing_post_id,Could not resolve source URL to posts/pages via REST
https://coincu.com/bnb-crashes-27key-1080-support/,,,,3,0,0,no,missing_post_id,Could not resolve source URL to posts/pages via REST
https://coincu.com/bnb-chain-tops-2025-daily-active-users/,posts,385571,publish,3,0,0,no,no_match_in_raw,No candidate old URLs found in current raw content
https://coincu.com/bnb-rockets-past-ath-with-74-surge/,,,,3,0,0,no,missing_post_id,Could not resolve source URL to posts/pages via REST
https://coincu.com/bnb-chain-2025-performance-records/,posts,386761,publish,3,0,0,no,no_match_in_raw,No candidate old URLs found in current raw content
https://coincu.com/ethereum-soared-after-fomc-will-history-repeat-with-6k-breakout/,,,,3,0,0,no,missing_post_id,Could not resolve source URL to posts/pages via REST
https://coincu.com/arda-senoz-chaincatcher-hong-kong-crypto-2026-forum/,posts,400061,publish,3,0,0,no,no_match_in_raw,No candidate old URLs found in current raw content
https://coincu.com/coinbase-adds-moonbirds-perpetual-contracts/,posts,391966,publish,3,0,0,no,no_match_in_raw,No candidate old URLs found in current raw content
https://coincu.com/renaiss-protocol-volume-surpasses-7m-four-month-beta/,posts,399450,publish,3,0,0,no,no_match_in_raw,No candidate old URLs found in current raw content
https://coincu.com/bored-ape-5278-listing-price-drops-100-eth-nft-market-weak/,posts,399243,publish,3,0,0,no,no_match_in_raw,No candidate old URLs found in current raw content
https://coincu.com/nft-market-supply-rise-sales-drop/,posts,386705,publish,3,0,0,no,no_match_in_raw,No candidate old URLs found in current raw content
https://coincu.com/nft-market-decline-2025-supply/,posts,386576,publish,3,0,0,no,no_match_in_raw,No candidate old URLs found in current raw content
https://coincu.com/nft-market-supply-surge-2025/,posts,386707,publish,3,0,0,no,no_match_in_raw,No candidate old URLs found in current raw content
https://coincu.com/nifty-gateway-closure-february-2026/,posts,391152,publish,3,0,0,no,no_match_in_raw,No candidate old URLs found in current raw content
https://coincu.com/nifty-gateway-closing-nft-withdrawal/,posts,391094,publish,3,0,0,no,no_match_in_raw,No candidate old URLs found in current raw content
https://coincu.com/coinbase-plans-doodles-moonbirds-listing/,posts,391091,publish,3,0,0,no,no_match_in_raw,No candidate old URLs found in current raw content
https://coincu.com/singapore-tokenized-finance-initiative/,,,,3,0,0,no,missing_post_id,Could not resolve source URL to posts/pages via REST
https://coincu.com/ripple-rlusd-abu-dhabi-approval/,,,,3,0,0,no,missing_post_id,Could not resolve source URL to posts/pages via REST
https://coincu.com/china-crypto-comprehensive-governance/,posts,380948,publish,3,0,0,no,no_match_in_raw,No candidate old URLs found in current raw content
https://coincu.com/federal-reserve-rate-cut-cycle/,,,,3,0,0,no,missing_post_id,Could not resolve source URL to posts/pages via REST
https://coincu.com/kalshi-polymarket-prediction-duopoly/,posts,380929,publish,3,0,0,no,no_match_in_raw,No candidate old URLs found in current raw content
https://coincu.com/xrp-rallies-hard-as-whales-offload-140-million-coins/,posts,372061,publish,3,0,0,no,no_match_in_raw,No candidate old URLs found in current raw content
https://coincu.com/aave-forms-bullish-setup-surge-230/,posts,377608,publish,3,0,0,no,no_match_in_raw,No candidate old URLs found in current raw content
https://coincu.com/zerolend-winds-down-as-tvl-drops-98-users-told-to-withdraw/,posts,395138,publish,3,0,0,no,no_match_in_raw,No candidate old URLs found in current raw content
https://coincu.com/aave-plasma-chain-deposits/,posts,365154,publish,3,0,0,no,no_match_in_raw,No candidate old URLs found in current raw content
https://coincu.com/crypto-fraud-network-dismantled/,posts,381606,publish,3,0,0,no,no_match_in_raw,No candidate old URLs found in current raw content
https://coincu.com/silvergate-suspended-sen-services/,,,,3,0,0,no,missing_post_id,Could not resolve source URL to posts/pages via REST
https://coincu.com/plaid-blocks-ftx-us/,posts,142120,publish,3,0,0,no,no_match_in_raw,No candidate old URLs found in current raw content
https://coincu.com/alchemy-layer-1-blockchain-unveiled/,,,,3,0,0,no,missing_post_id,Could not resolve source URL to posts/pages via REST
https://coincu.com/shareholders-marathon-digital-legal-battle/,,,,3,0,0,no,missing_post_id,Could not resolve source URL to posts/pages via REST
https://coincu.com/us-causing-panic-crypto-banking-services/,,,,3,0,0,no,missing_post_id,Could not resolve source URL to posts/pages via REST
https://coincu.com/binance-fights-reuters/,posts,189322,publish,3,0,0,no,no_match_in_raw,No candidate old URLs found in current raw content
https://coincu.com/silvergate-self-liquidation-within-10-days/,,,,3,0,0,no,missing_post_id,Could not resolve source URL to posts/pages via REST
https://coincu.com/signature-bank-cryptos-risks/,,,,3,0,0,no,missing_post_id,Could not resolve source URL to posts/pages via REST
https://coincu.com/ceffu-takes-action-against-reuters/,posts,189537,publish,3,0,0,no,no_match_in_raw,No candidate old URLs found in current raw content
https://coincu.com/dapper-labs-cuts-22-of-staff/,posts,139184,publish,3,0,0,no,no_match_in_raw,No candidate old URLs found in current raw content
https://coincu.com/justin-sun-rejected-the-news-huobi/,,,,3,0,0,no,missing_post_id,Could not resolve source URL to posts/pages via REST
https://coincu.com/huobi-employees-may-be-terminated-usdt-usdc/,posts,158132,publish,3,0,0,no,no_match_in_raw,No candidate old URLs found in current raw content
https://coincu.com/meta-urges-delay-new-metaverse-rules/,posts,148827,publish,3,0,0,no,no_match_in_raw,No candidate old URLs found in current raw content
https://coincu.com/blockfi-sells-239m-pay-expected-bankruptcy/,,,,3,0,0,no,missing_post_id,Could not resolve source URL to posts/pages via REST
https://coincu.com/lemon-cash-lays-off-38-employees/,,,,3,0,0,no,missing_post_id,Could not resolve source URL to posts/pages via REST
https://coincu.com/candy-digital-cuts-one-third-employees/,,,,3,0,0,no,missing_post_id,Could not resolve source URL to posts/pages via REST
https://coincu.com/chiliz-labs-the-50m-incubator-jump-crypto/,,,,3,0,0,no,missing_post_id,Could not resolve source URL to posts/pages via REST
https://coincu.com/do-kwon-5-crimes-fraud-after-arrested/,,,,3,0,0,no,missing_post_id,Could not resolve source URL to posts/pages via REST
https://coincu.com/binance-lays-off-20-of-its-workforce/,posts,191239,publish,3,0,0,no,no_match_in_raw,No candidate old URLs found in current raw content
https://coincu.com/robinhood-jump-trading-stop-partnership/,posts,214443,publish,3,0,0,no,no_match_in_raw,No candidate old URLs found in current raw content
https://coincu.com/ethglobal-fvm-hackathon/,,,,3,0,0,no,missing_post_id,Could not resolve source URL to posts/pages via REST
https://coincu.com/eclipse-pad-to-deploy-on-sei/,,,,3,0,0,no,missing_post_id,Could not resolve source URL to posts/pages via REST
https://coincu.com/hope-finance-appears-rug-pull/,posts,168666,publish,3,0,0,no,no_match_in_raw,No candidate old URLs found in current raw content
https://coincu.com/terra-dev-raises-15-million-for-eclipse/,,,,3,0,0,no,missing_post_id,Could not resolve source URL to posts/pages via REST
https://coincu.com/web3-ventures-investment-q1-2023-down-80/,,,,3,0,0,no,missing_post_id,Could not resolve source URL to posts/pages via REST
https://coincu.com/bitcoin-price-correction-is-coming-ahead/,,,,3,0,0,no,missing_post_id,Could not resolve source URL to posts/pages via REST
https://coincu.com/opensea-enables-peer-to-peer-nft-trading-deals/,posts,204559,publish,3,0,0,no,no_match_in_raw,No candidate old URLs found in current raw content
https://coincu.com/mike-novogratz-crypto-surge-after-trump-win/,,,,3,0,0,no,missing_post_id,Could not resolve source URL to posts/pages via REST
https://coincu.com/galaxy-digital-acquires-gk8/,posts,148529,publish,3,0,0,no,no_match_in_raw,No candidate old URLs found in current raw content
https://coincu.com/ftx-to-recovery-with-innovative-strategies/,,,,3,0,0,no,missing_post_id,Could not resolve source URL to posts/pages via REST
https://coincu.com/galaxy-digital-ceo-calls-65-million-deal-a/,posts,156729,publish,3,0,0,no,no_match_in_raw,No candidate old URLs found in current raw content
https://coincu.com/us-shutdown-digital-assets-impact/,,,,3,0,0,no,missing_post_id,Could not resolve source URL to posts/pages via REST
https://coincu.com/mstr-soars-20-as-td-cowen-doubles-down/,posts,393704,publish,3,0,0,no,no_match_in_raw,No candidate old URLs found in current raw content
https://coincu.com/strategy-adds-430-btc-now-holds-629376/,posts,355665,publish,3,0,0,no,no_match_in_raw,No candidate old URLs found in current raw content
https://coincu.com/microstrategy-shares-surge-as-fidelity/,,,,3,0,0,no,missing_post_id,Could not resolve source URL to posts/pages via REST
https://coincu.com/microstrategy-convertible-notes-continue-offered/,,,,3,0,0,no,missing_post_id,Could not resolve source URL to posts/pages via REST
https://coincu.com/microstrategy-convertible-notes/,,,,3,0,0,no,missing_post_id,Could not resolve source URL to posts/pages via REST
https://coincu.com/microstrategy-supports-the-fasb/,,,,3,0,0,no,missing_post_id,Could not resolve source URL to posts/pages via REST
https://coincu.com/bitcoin-and-mstr-face-rising-downside-risk/,,,,3,0,0,no,missing_post_id,Could not resolve source URL to posts/pages via REST
https://coincu.com/strategys-bitcoin-accumulation-market-shift/,posts,349741,publish,3,0,0,no,no_match_in_raw,No candidate old URLs found in current raw content
https://coincu.com/strategy-acquires-1287-bitcoin/,posts,387058,publish,3,0,0,no,no_match_in_raw,No candidate old URLs found in current raw content
https://coincu.com/bitcoin-bounces-at-88k-but-can-it-reclaim-90k/,posts,381790,publish,3,0,0,no,no_match_in_raw,No candidate old URLs found in current raw content
https://coincu.com/sec-project-crypto-new-regulations/,posts,381976,publish,3,0,0,no,no_match_in_raw,No candidate old URLs found in current raw content
https://coincu.com/michael-saylor-bitcoin-strategy-signals/,posts,389634,publish,3,0,0,no,no_match_in_raw,No candidate old URLs found in current raw content
https://coincu.com/wlfi-tokens-tradable-soon/,posts,349790,publish,3,0,0,no,no_match_in_raw,No candidate old URLs found in current raw content
https://coincu.com/crypto-trends-could-explode-strongly-2023/,,,,3,0,0,no,missing_post_id,Could not resolve source URL to posts/pages via REST
https://coincu.com/binance-australia-sued-over-8-29m/,posts,297636,publish,3,0,0,no,no_match_in_raw,No candidate old URLs found in current raw content
https://coincu.com/cryptocurrency-market-overview/,posts,210358,publish,3,0,0,no,no_match_in_raw,No candidate old URLs found in current raw content
https://coincu.com/microstrategy-convertible-notes-now-out-of-stock/,,,,3,0,0,no,missing_post_id,Could not resolve source URL to posts/pages via REST
https://coincu.com/bitcoin-price-surge-to-80000-amid-trump-optimism/,,,,3,0,0,no,missing_post_id,Could not resolve source URL to posts/pages via REST
https://coincu.com/bitcoin-dips-fed-rate-cut-anticipation/,,,,3,0,0,no,missing_post_id,Could not resolve source URL to posts/pages via REST
https://coincu.com/michael-saylors-microstrategy-boot-btc/,posts,283650,publish,3,0,0,no,no_match_in_raw,No candidate old URLs found in current raw content
https://coincu.com/bitcoin-long-term-holder-balances-drop/,posts,294972,publish,3,0,0,no,no_match_in_raw,No candidate old URLs found in current raw content
https://coincu.com/microstrategy-convertible-senior-notes/,,,,3,0,0,no,missing_post_id,Could not resolve source URL to posts/pages via REST
https://coincu.com/microstrategys-michael-saylor-expects-bitcoin/,,,,3,0,0,no,missing_post_id,Could not resolve source URL to posts/pages via REST
https://coincu.com/microstrategy-founder-michael-saylor-profits/,,,,3,0,0,no,missing_post_id,Could not resolve source URL to posts/pages via REST
https://coincu.com/microstrategy-bitcoin-investments-profit/,,,,3,0,0,no,missing_post_id,Could not resolve source URL to posts/pages via REST
https://coincu.com/crypto-supporter-donald-trump-bitcoin-conference/,,,,3,0,0,no,missing_post_id,Could not resolve source URL to posts/pages via REST
https://coincu.com/blackrocks-robert-mitchnick-bitcoin-not-risk/,,,,3,0,0,no,missing_post_id,Could not resolve source URL to posts/pages via REST
https://coincu.com/north-carolina-crypto-investment-gains-state/,posts,321573,publish,3,0,0,no,no_match_in_raw,No candidate old URLs found in current raw content
https://coincu.com/montana-bitcoin-reserve-toward-state-approval/,posts,323337,publish,3,0,0,no,no_match_in_raw,No candidate old URLs found in current raw content
https://coincu.com/global-bitcoin-payments-market/,posts,136803,publish,3,0,0,no,no_match_in_raw,No candidate old URLs found in current raw content
https://coincu.com/president-joe-biden-says-fed-delay-rate-cuts/,,,,3,0,0,no,missing_post_id,Could not resolve source URL to posts/pages via REST
https://coincu.com/metaplanet-bitcoin-investment-holds-2100-btc/,posts,323345,publish,3,0,0,no,no_match_in_raw,No candidate old URLs found in current raw content
https://coincu.com/fed-interest-rates-not-forecast-before-march/,posts,246504,publish,3,0,0,no,no_match_in_raw,No candidate old URLs found in current raw content
https://coincu.com/meme-coin-with-real-use-how-dragoin-breaks-away-from-pepe-trump-coin/,posts,328934,publish,3,0,0,no,no_match_in_raw,No candidate old URLs found in current raw content
https://coincu.com/top-new-meme-coins-for-massive-return-potential-arctic-pablo-coin-moo-deng-fartcoin-lead-the-charge/,posts,302710,publish,3,0,0,no,no_match_in_raw,No candidate old URLs found in current raw content
https://coincu.com/discover-the-top-new-meme-coins-to-buy-for-2025-btfd-coin-moo-deng-and-snek/,posts,298876,publish,3,0,0,no,no_match_in_raw,No candidate old URLs found in current raw content
https://coincu.com/couldnt-grab-the-moo-deng-opportunity-btfd-coin-is-your-next-opportunity-as-the-top-new-meme-coins-to-join-for-2025/,posts,303370,publish,3,0,0,no,no_match_in_raw,No candidate old URLs found in current raw content
https://coincu.com/top-5-crypto-projects/,posts,157375,publish,3,0,0,no,no_match_in_raw,No candidate old URLs found in current raw content
https://coincu.com/best-new-meme-coins-for-exponential-returns-featuring-btfd-coin-dogwifhat-and-moo-deng/,posts,299223,publish,3,0,0,no,no_match_in_raw,No candidate old URLs found in current raw content
https://coincu.com/crypto-funding-in-may-declines-760-million/,posts,191614,publish,3,0,0,no,no_match_in_raw,No candidate old URLs found in current raw content
https://coincu.com/are-there-still-crypto-projects-with-real/,posts,188694,publish,3,0,0,no,no_match_in_raw,No candidate old URLs found in current raw content
https://coincu.com/heather-morgan-denies-laundering-bitfinex/,posts,119607,publish,3,0,0,no,no_match_in_raw,No candidate old URLs found in current raw content
https://coincu.com/visa-and-mastercard-exit-crypto-projects/,,,,3,0,0,no,missing_post_id,Could not resolve source URL to posts/pages via REST
https://coincu.com/kucoin-ignore-fud-and-no-plan-stop-crypto/,posts,105025,publish,3,0,0,no,no_match_in_raw,No candidate old URLs found in current raw content
https://coincu.com/community-splits-ethereum-hard-fork/,posts,115712,publish,3,0,0,no,no_match_in_raw,No candidate old URLs found in current raw content
https://coincu.com/kucoin-engages-mazars-to-proof-of-reserves/,,,,3,0,0,no,missing_post_id,Could not resolve source URL to posts/pages via REST
https://coincu.com/strongwyoming-prohibits-courts/,posts,167670,publish,3,0,0,no,no_match_in_raw,No candidate old URLs found in current raw content
https://coincu.com/unciphered-attacks-onekey/,posts,166418,publish,3,0,0,no,no_match_in_raw,No candidate old URLs found in current raw content
https://coincu.com/oracleswap-ftso-operations-private-keys/,posts,163382,publish,3,0,0,no,no_match_in_raw,No candidate old URLs found in current raw content
https://coincu.com/polygon-cso-hacks-due-web2-vulnerabilities/,posts,123421,publish,3,0,0,no,no_match_in_raw,No candidate old URLs found in current raw content
https://coincu.com/how-to-create-a-crypto-wallet/,posts,227582,publish,3,0,0,no,no_match_in_raw,No candidate old URLs found in current raw content
https://coincu.com/eden-network-address-private-key-leaked/,,,,3,0,0,no,missing_post_id,Could not resolve source URL to posts/pages via REST
https://coincu.com/near-wallet-to-continue-developed/,posts,146121,publish,3,0,0,no,no_match_in_raw,No candidate old URLs found in current raw content
https://coincu.com/jpmorgan-crypto-tokens-as-pet-pebbles/,,,,3,0,0,no,missing_post_id,Could not resolve source URL to posts/pages via REST
https://coincu.com/jpmorgan-ceo-jamie-dimon-harsh-view-of-bitcoin/,,,,3,0,0,no,missing_post_id,Could not resolve source URL to posts/pages via REST
https://coincu.com/solana-cause-downfall-still-unknown/,posts,170270,publish,3,0,0,no,no_match_in_raw,No candidate old URLs found in current raw content
https://coincu.com/jpmorgan-ceo-jamie-dimon-criticizes-bitcoin/,,,,3,0,0,no,missing_post_id,Could not resolve source URL to posts/pages via REST
https://coincu.com/solana-sol-now-surges-65-in-the-second-week/,posts,160962,publish,3,0,0,no,no_match_in_raw,No candidate old URLs found in current raw content
https://coincu.com/solana-stopped-working-sol-soars-22/,posts,158930,publish,3,0,0,no,no_match_in_raw,No candidate old URLs found in current raw content
https://coincu.com/google-cloud-partners-with-polygon-labs/,,,,3,0,0,no,missing_post_id,Could not resolve source URL to posts/pages via REST
https://coincu.com/polygon-matic-plummets-over-30-sec/,posts,193869,publish,3,0,0,no,no_match_in_raw,No candidate old URLs found in current raw content
https://coincu.com/usdc-treasury-burns-74-4-million-usdc/,,,,3,0,0,no,missing_post_id,Could not resolve source URL to posts/pages via REST
https://coincu.com/franklin-templeton-money-fund-on-polygon/,,,,3,0,0,no,missing_post_id,Could not resolve source URL to posts/pages via REST
https://coincu.com/uniswap-v3-polygon-zkevm-with-100-support/,,,,3,0,0,no,missing_post_id,Could not resolve source URL to posts/pages via REST
https://coincu.com/polygon-zkevm-mainnet-beta-300-growth/,posts,184493,publish,3,0,0,no,no_match_in_raw,No candidate old URLs found in current raw content
https://coincu.com/lotte-group-go-big-with-polygon-global-nft/,posts,170263,publish,3,0,0,no,no_match_in_raw,No candidate old URLs found in current raw content
https://coincu.com/aavegotchi-polygon-blockchain-q3-2023/,posts,175682,publish,3,0,0,no,no_match_in_raw,No candidate old URLs found in current raw content
https://coincu.com/revolution-partnership-immutable-polygon/,,,,3,0,0,no,missing_post_id,Could not resolve source URL to posts/pages via REST
https://coincu.com/celsius-ceo-fraud-trial-for-2024/,posts,221447,publish,3,0,0,no,no_match_in_raw,No candidate old URLs found in current raw content
https://coincu.com/solanas-recent-outgate-incident-happen/,posts,131712,publish,3,0,0,no,no_match_in_raw,No candidate old URLs found in current raw content
https://coincu.com/iota-unveils-iota-evm-layer-2-solution/,posts,262448,publish,3,0,0,no,no_match_in_raw,No candidate old URLs found in current raw content
https://coincu.com/celsius-moved-74m-altcoins-into-btc-eth/,posts,200416,publish,3,0,0,no,no_match_in_raw,No candidate old URLs found in current raw content
https://coincu.com/celsius-examiner-files-work-plan/,posts,132973,publish,3,0,0,no,no_match_in_raw,No candidate old URLs found in current raw content
https://coincu.com/celsius-extension-time-restructuring-plan/,posts,141199,publish,3,0,0,no,no_match_in_raw,No candidate old URLs found in current raw content
https://coincu.com/strongcoingecko-q3-report-gate-io/,posts,156781,publish,3,0,0,no,no_match_in_raw,No candidate old URLs found in current raw content
https://coincu.com/celsius-network-is-under-investigation/,,,,3,0,0,no,missing_post_id,Could not resolve source URL to posts/pages via REST
https://coincu.com/ftx-demands-2-5b-genesis-loan/,,,,3,0,0,no,missing_post_id,Could not resolve source URL to posts/pages via REST
https://coincu.com/the-philippines-sec-issued-a-warning-crypto/,posts,155970,publish,3,0,0,no,no_match_in_raw,No candidate old URLs found in current raw content
https://coincu.com/commex-operations-in-russia-now-discontinued/,posts,252029,publish,3,0,0,no,no_match_in_raw,No candidate old URLs found in current raw content
https://coincu.com/central-bank-of-pakistan-ban-on-crypto/,,,,3,0,0,no,missing_post_id,Could not resolve source URL to posts/pages via REST
https://coincu.com/pakistan-banks-blockchain-ekyc-banking/,posts,171690,publish,3,0,0,no,no_match_in_raw,No candidate old URLs found in current raw content
https://coincu.com/pakistan-crypto-council-set/,posts,326670,publish,3,0,0,no,no_match_in_raw,No candidate old URLs found in current raw content
https://coincu.com/fatf-denies-crypto-is-cause-of-pakistan/,posts,189513,publish,3,0,0,no,no_match_in_raw,No candidate old URLs found in current raw content
https://coincu.com/pakistan-will-never-legalize-crypto/,posts,188198,publish,3,0,0,no,no_match_in_raw,No candidate old URLs found in current raw content
https://coincu.com/thailand-authorities-uncover-27m-crypto-scam/,,,,3,0,0,no,missing_post_id,Could not resolve source URL to posts/pages via REST
https://coincu.com/podcast-3-banxa-in-csao-region-worldwide/,posts,143912,publish,3,0,0,no,no_match_in_raw,No candidate old URLs found in current raw content
https://coincu.com/vietnam-is-the-leading-country/,,,,3,0,0,no,missing_post_id,Could not resolve source URL to posts/pages via REST
https://coincu.com/ripple-agreement-for-colombian-government/,,,,3,0,0,no,missing_post_id,Could not resolve source URL to posts/pages via REST
https://coincu.com/bitfinex-launches-p2p/,posts,198236,publish,3,0,0,no,no_match_in_raw,No candidate old URLs found in current raw content
https://coincu.com/colombias-xrpl-in-a-historic-achievement/,posts,113289,publish,3,0,0,no,no_match_in_raw,No candidate old URLs found in current raw content
https://coincu.com/fake-memecoins-rug-pull-happens-frequently/,posts,186713,publish,3,0,0,no,no_match_in_raw,No candidate old URLs found in current raw content
https://coincu.com/metamask-denies-security-issues/,posts,182362,publish,3,0,0,no,no_match_in_raw,No candidate old URLs found in current raw content
https://coincu.com/metamask-integratesn-with-fireblocks/,posts,193298,publish,3,0,0,no,no_match_in_raw,No candidate old URLs found in current raw content
https://coincu.com/cz-pushed-shut-down-binanceus-but-stopped/,posts,207808,publish,3,0,0,no,no_match_in_raw,No candidate old URLs found in current raw content
https://coincu.com/binance-japan-set-to-august-launch/,posts,207551,publish,3,0,0,no,no_match_in_raw,No candidate old URLs found in current raw content
https://coincu.com/fbi-warns-cybercriminals-using-defi-target/,posts,120909,publish,3,0,0,no,no_match_in_raw,No candidate old URLs found in current raw content
https://coincu.com/vietnam-thailand-crypto-trading-hotspots/,,,,3,0,0,no,missing_post_id,Could not resolve source URL to posts/pages via REST
https://coincu.com/how-bitcoin-transformed-the-poker-experience/,posts,220091,publish,3,0,0,no,no_match_in_raw,No candidate old URLs found in current raw content
https://coincu.com/fusionist-review/,posts,246182,publish,4,1,1,yes,ok,
https://coincu.com/qubetics-and-its-tics-token-lead-best-cryptos-with-1000x-potential-as-polygon-and-cronos-deliver-game-changing-upgrades/,posts,297915,publish,3,0,0,no,no_match_in_raw,No candidate old URLs found in current raw content
https://coincu.com/google-supports-nft-game-advertisers/,posts,215988,publish,3,0,0,no,no_match_in_raw,No candidate old URLs found in current raw content
https://coincu.com/zynga-launches-new-web3-game-sugartown/,posts,210589,publish,3,0,0,no,no_match_in_raw,No candidate old URLs found in current raw content
https://coincu.com/combo-to-launch-80-million-ecosystem-fund/,,,,3,0,0,no,missing_post_id,Could not resolve source URL to posts/pages via REST
https://coincu.com/big-move-cnbc-to-feature-kalshis/,posts,381502,publish,3,0,0,no,no_match_in_raw,No candidate old URLs found in current raw content
https://coincu.com/cftc-chairman-rostin-behnamlose-power/,posts,300811,publish,3,0,0,no,no_match_in_raw,No candidate old URLs found in current raw content
https://coincu.com/kalshi-political-prediction-markets-halted-amid/,posts,282556,publish,3,0,0,no,no_match_in_raw,No candidate old URLs found in current raw content
https://coincu.com/western-union-solana-stablecoin-plan-2026/,,,,3,0,0,no,missing_post_id,Could not resolve source URL to posts/pages via REST
https://coincu.com/uniswap-on-bnb-chain-wormhole-wins/,,,,3,0,0,no,missing_post_id,Could not resolve source URL to posts/pages via REST
https://coincu.com/circle-supports-native-usdc-on-arbitrum/,,,,3,0,0,no,missing_post_id,Could not resolve source URL to posts/pages via REST
https://coincu.com/wormhole-network-exploiter-is-defi-degen/,posts,162170,publish,3,0,0,no,no_match_in_raw,No candidate old URLs found in current raw content
https://coincu.com/jump-trading-to-move-terra-lawsuit/,,,,3,0,0,no,missing_post_id,Could not resolve source URL to posts/pages via REST
https://coincu.com/alchemy-pay-integrates-google-pay/,,,,3,0,0,no,missing_post_id,Could not resolve source URL to posts/pages via REST
https://coincu.com/alchemy-gains-competitive-edge-with-guillaume/,,,,3,0,0,no,missing_post_id,Could not resolve source URL to posts/pages via REST
https://coincu.com/alchemy-pay-fast-easy-and-secure-payments/,,,,3,0,0,no,missing_post_id,Could not resolve source URL to posts/pages via REST
https://coincu.com/alchemy-and-astar-network-collaborate-web3/,,,,3,0,0,no,missing_post_id,Could not resolve source URL to posts/pages via REST
https://coincu.com/crypto-exploit-ends-january-worth-8-8-mil/,,,,3,0,0,no,missing_post_id,Could not resolve source URL to posts/pages via REST
https://coincu.com/nft-god-suddenly-attacked-as16000-fans-link/,,,,3,0,0,no,missing_post_id,Could not resolve source URL to posts/pages via REST
https://coincu.com/templedao-hacked-2-3m/,,,,3,0,0,no,missing_post_id,Could not resolve source URL to posts/pages via REST
https://coincu.com/best-new-meme-coins-to-buy-today-btfd-coins-p2e-game-shiba-inus-whale-accumulation-and-pepe-coins-market-surge/,posts,321628,publish,3,0,0,no,no_match_in_raw,No candidate old URLs found in current raw content
https://coincu.com/hashdex-nasdaq-crypto-etf-with-bitcoin-ethereum/,,,,3,0,0,no,missing_post_id,Could not resolve source URL to posts/pages via REST
https://coincu.com/ubs-crypto-etfs-available-for-hong-kong-clients/,posts,227548,publish,3,0,0,no,no_match_in_raw,No candidate old URLs found in current raw content
https://coincu.com/crypto-etf-collateral-on-dtcc/,,,,3,0,0,no,missing_post_id,Could not resolve source URL to posts/pages via REST
https://coincu.com/bitcoin-futures-market-witnesses-euphoria/,,,,3,0,0,no,missing_post_id,Could not resolve source URL to posts/pages via REST
https://coincu.com/spot-ethereum-etfs-set-to-launch-on-cboe-july-23/,,,,3,0,0,no,missing_post_id,Could not resolve source URL to posts/pages via REST
https://coincu.com/xrp-etf-approval-leads-altcoin-race/,,,,3,0,0,no,missing_post_id,Could not resolve source URL to posts/pages via REST
https://coincu.com/fed-favors-raising-interest-rates-075/,posts,108936,publish,3,0,0,no,no_match_in_raw,No candidate old URLs found in current raw content
https://coincu.com/blockfi-makes-first-appearance-in-court/,,,,3,0,0,no,missing_post_id,Could not resolve source URL to posts/pages via REST
https://coincu.com/fed-interest-rate-steady-at-5-25-5-50/,posts,269985,publish,3,0,0,no,no_match_in_raw,No candidate old URLs found in current raw content
https://coincu.com/bitgo-attracts-investment-surge-from-brinks/,posts,244533,publish,3,0,0,no,no_match_in_raw,No candidate old URLs found in current raw content
https://coincu.com/bitcoin-etf-inflow-sees-surge/,,,,3,0,0,no,missing_post_id,Could not resolve source URL to posts/pages via REST
https://coincu.com/trading-volume-major-exchanges-risen-23/,posts,149438,publish,3,0,0,no,no_match_in_raw,No candidate old URLs found in current raw content
https://coincu.com/hong-kong-ipo-fundraising-boom/,posts,349852,publish,3,0,0,no,no_match_in_raw,No candidate old URLs found in current raw content
https://coincu.com/aave-v3-on-aptos-mainnet-proposed/,posts,265842,publish,3,0,0,no,no_match_in_raw,No candidate old URLs found in current raw content
https://coincu.com/grayscale-sec-confidential-ipo-bitcoin/,,,,3,0,0,no,missing_post_id,Could not resolve source URL to posts/pages via REST
https://coincu.com/will-ethereum-ecosystem-explode/,,,,3,0,0,no,missing_post_id,Could not resolve source URL to posts/pages via REST
https://coincu.com/copper-stops-enterprise-business/,posts,174165,publish,3,0,0,no,no_match_in_raw,No candidate old URLs found in current raw content
https://coincu.com/bitget-partners-with-copper/,posts,189783,publish,3,0,0,no,no_match_in_raw,No candidate old URLs found in current raw content
https://coincu.com/bit-and-copper-revolutionize-crypto-trading/,posts,201652,publish,3,0,0,no,no_match_in_raw,No candidate old URLs found in current raw content
https://coincu.com/powertrade-partnered-with-copper/,,,,3,0,0,no,missing_post_id,Could not resolve source URL to posts/pages via REST
https://coincu.com/aster-to-surge-to-1-50/,posts,388000,publish,3,0,0,no,no_match_in_raw,No candidate old URLs found in current raw content
https://coincu.com/aster-breakdown-nears/,posts,389109,publish,3,0,0,no,no_match_in_raw,No candidate old URLs found in current raw content
https://coincu.com/aster-breaks-5-month-slump-targets-0-6846-after-retest/,posts,394048,publish,3,0,0,no,no_match_in_raw,No candidate old URLs found in current raw content
https://coincu.com/aster-up-29-weekly-will-0-82-break/,posts,394392,publish,3,0,0,no,no_match_in_raw,No candidate old URLs found in current raw content
https://coincu.com/aster-breaks-out-bullish-pattern/,posts,393790,publish,3,0,0,no,no_match_in_raw,No candidate old URLs found in current raw content
https://coincu.com/aster-builds-bullish-structure-as-inverse-pattern-targets-0-824-and-higher-breakout/,posts,396743,publish,3,0,0,no,no_match_in_raw,No candidate old URLs found in current raw content
https://coincu.com/whales-are-loading-aster/,posts,390368,publish,3,0,0,no,no_match_in_raw,No candidate old URLs found in current raw content
https://coincu.com/aster-reclaims-trendline-support-eye-0-91/,posts,395623,publish,3,0,0,no,no_match_in_raw,No candidate old URLs found in current raw content
https://coincu.com/huang-licheng-aster-leverage-loss/,posts,366733,publish,3,0,0,no,no_match_in_raw,No candidate old URLs found in current raw content
https://coincu.com/aster-poised-for-surge-will-it-break-0-66/,posts,391789,publish,3,0,0,no,no_match_in_raw,No candidate old URLs found in current raw content
https://coincu.com/bybit-issued-3-million/,posts,141854,publish,3,0,0,no,no_match_in_raw,No candidate old URLs found in current raw content
https://coincu.com/sol-strategies-nasdaq-solana-listing/,posts,360326,publish,3,0,0,no,no_match_in_raw,No candidate old URLs found in current raw content
https://coincu.com/fed-rate-cut-crypto-impact-5/,,,,3,0,0,no,missing_post_id,Could not resolve source URL to posts/pages via REST
https://coincu.com/yzi-labs-launches-1b-builder-fund-to/,,,,3,0,0,no,missing_post_id,Could not resolve source URL to posts/pages via REST
https://coincu.com/crypto-finance-anchornote-regulated-trades/,,,,3,0,0,no,missing_post_id,Could not resolve source URL to posts/pages via REST
https://coincu.com/robinhood-lists-usdc/,,,,3,0,0,no,missing_post_id,Could not resolve source URL to posts/pages via REST
https://coincu.com/robinhood-acquires-pluto-to-investment-advice/,,,,3,0,0,no,missing_post_id,Could not resolve source URL to posts/pages via REST
https://coincu.com/arbitrage-opportunities-in-crypto-futures/,posts,239296,publish,3,0,0,no,no_match_in_raw,No candidate old URLs found in current raw content
https://coincu.com/btcc-review-crypto-futures-trading-easy/,posts,193702,publish,3,0,0,no,no_match_in_raw,No candidate old URLs found in current raw content
https://coincu.com/robinhood-launches-tokenized-stocks-crypto/,,,,3,0,0,no,missing_post_id,Could not resolve source URL to posts/pages via REST
https://coincu.com/whales-shock-crypto-market-with-pepe-eth-swap/,,,,3,0,0,no,missing_post_id,Could not resolve source URL to posts/pages via REST
https://coincu.com/cboe-digital-dominate-crypto-futures-margin/,posts,192578,publish,3,0,0,no,no_match_in_raw,No candidate old URLs found in current raw content
https://coincu.com/new-california-crypto-regulation-designed/,,,,3,0,0,no,missing_post_id,Could not resolve source URL to posts/pages via REST
https://coincu.com/myconstant-to-stop-offering-crypto-loans/,posts,154360,publish,3,0,0,no,no_match_in_raw,No candidate old URLs found in current raw content
https://coincu.com/salt-suspended-license-for-30-days/,,,,3,0,0,no,missing_post_id,Could not resolve source URL to posts/pages via REST
https://coincu.com/blockfi-will-refund-to-california-users/,,,,3,0,0,no,missing_post_id,Could not resolve source URL to posts/pages via REST
https://coincu.com/binance-us-affiliate-secretly-controlled/,,,,3,0,0,no,missing_post_id,Could not resolve source URL to posts/pages via REST
https://coincu.com/binance-us-sec-lawsuit-advances-evidence-stage/,,,,3,0,0,no,missing_post_id,Could not resolve source URL to posts/pages via REST
https://coincu.com/binance-us-domain-on-polygon/,,,,3,0,0,no,missing_post_id,Could not resolve source URL to posts/pages via REST
https://coincu.com/binance-us-canceled-voyager-acquisition/,,,,3,0,0,no,missing_post_id,Could not resolve source URL to posts/pages via REST
https://coincu.com/crypto-attacks-cause-3-8-billion/,,,,3,0,0,no,missing_post_id,Could not resolve source URL to posts/pages via REST
https://coincu.com/bear-market-mistakes-to-avoid-part-2/,posts,111385,publish,3,0,0,no,no_match_in_raw,No candidate old URLs found in current raw content
https://coincu.com/bear-market-mistakes-to-avoid-part-1/,posts,111282,publish,3,0,0,no,no_match_in_raw,No candidate old URLs found in current raw content
https://coincu.com/solana-networks-outstanding-advantages/,posts,152800,publish,3,0,0,no,no_match_in_raw,No candidate old URLs found in current raw content
https://coincu.com/binance-nft-supports-bitcoin-nfts/,,,,3,0,0,no,missing_post_id,Could not resolve source URL to posts/pages via REST
https://coincu.com/cristiano-ronaldo-binance-lawsuit-sued-1b/,posts,233757,publish,3,0,0,no,no_match_in_raw,No candidate old URLs found in current raw content
https://coincu.com/binance-nft-marketplace-sweep-feature/,,,,3,0,0,no,missing_post_id,Could not resolve source URL to posts/pages via REST
https://coincu.com/binance-nft-marketplace-takes-the-next-step/,,,,3,0,0,no,missing_post_id,Could not resolve source URL to posts/pages via REST
https://coincu.com/binance-nft-ends-the-sandbox-nft-staking-program/,,,,3,0,0,no,missing_post_id,Could not resolve source URL to posts/pages via REST
https://coincu.com/top-important-crypto-events-of-2022/,posts,157270,publish,3,0,0,no,no_match_in_raw,No candidate old URLs found in current raw content
https://coincu.com/binance-revolutionizes-nft-lending/,posts,189882,publish,3,0,0,no,no_match_in_raw,No candidate old URLs found in current raw content
https://coincu.com/stepn-creator-unveils-gas-hero/,posts,201515,publish,3,0,0,no,no_match_in_raw,No candidate old URLs found in current raw content
https://coincu.com/stepn-incorporates-apple-pay/,posts,189045,publish,3,0,0,no,no_match_in_raw,No candidate old URLs found in current raw content
https://coincu.com/gamefi-and-bright-future/,posts,165973,publish,3,0,0,no,no_match_in_raw,No candidate old URLs found in current raw content
https://coincu.com/binance-futures-delisting-stepn-near/,posts,181437,publish,3,0,0,no,no_match_in_raw,No candidate old URLs found in current raw content
https://coincu.com/solana-and-two-altcoins-turn-bullish-in/,posts,162060,publish,3,0,0,no,no_match_in_raw,No candidate old URLs found in current raw content
https://coincu.com/binaryx-token-bnx-has-plunged-by-50/,posts,148930,publish,3,0,0,no,no_match_in_raw,No candidate old URLs found in current raw content
https://coincu.com/binaryx-token-skyrockets-9000/,posts,169601,publish,3,0,0,no,no_match_in_raw,No candidate old URLs found in current raw content
https://coincu.com/nft-collector-sues-opensea-nft-in-court/,,,,3,0,0,no,missing_post_id,Could not resolve source URL to posts/pages via REST
https://coincu.com/polygon-introduces-open-edition-nft/,posts,204206,publish,3,0,0,no,no_match_in_raw,No candidate old URLs found in current raw content
https://coincu.com/opensea-monthly-nft-sales-fell-over-60/,posts,130748,publish,3,0,0,no,no_match_in_raw,No candidate old URLs found in current raw content
https://coincu.com/reddit-nft-avatar-marketplace/,,,,3,0,0,no,missing_post_id,Could not resolve source URL to posts/pages via REST
https://coincu.com/raribles-new-nft-aggregator/,,,,3,0,0,no,missing_post_id,Could not resolve source URL to posts/pages via REST
https://coincu.com/rarible-combines-immutable-x/,,,,3,0,0,no,missing_post_id,Could not resolve source URL to posts/pages via REST
https://coincu.com/rarible-build-nft-marketplace-apecoin/,,,,3,0,0,no,missing_post_id,Could not resolve source URL to posts/pages via REST
https://coincu.com/lazy-mint-new-trend-to-release-nft/,,,,3,0,0,no,missing_post_id,Could not resolve source URL to posts/pages via REST
https://coincu.com/twitter-test-new-nft-tweet-tiles-functions/,,,,3,0,0,no,missing_post_id,Could not resolve source URL to posts/pages via REST
https://coincu.com/twitter-collaborates-with-nft-marketplaces/,,,,3,0,0,no,missing_post_id,Could not resolve source URL to posts/pages via REST
https://coincu.com/openseas-monthly-usd-volume-hits-rock-bottom/,posts,215026,publish,3,0,0,no,no_match_in_raw,No candidate old URLs found in current raw content
https://coincu.com/babylons-nft-connects-users-to-web3/,posts,146648,publish,3,0,0,no,no_match_in_raw,No candidate old URLs found in current raw content
https://coincu.com/muse-announces-their-upcoming-album/,,,,3,0,0,no,missing_post_id,Could not resolve source URL to posts/pages via REST
https://coincu.com/liveartx-burned-197-nft-stolen/,,,,3,0,0,no,missing_post_id,Could not resolve source URL to posts/pages via REST
https://coincu.com/tom-brady-autographs-nft-reinvents-gameplan/,posts,200945,publish,3,0,0,no,no_match_in_raw,No candidate old URLs found in current raw content
https://coincu.com/opensea-launch-rarity-protocol-openrarity/,posts,124908,publish,3,0,0,no,no_match_in_raw,No candidate old URLs found in current raw content
https://coincu.com/tropee-nft-has-raised-5-million/,,,,3,0,0,no,missing_post_id,Could not resolve source URL to posts/pages via REST
https://coincu.com/blur-wins-opensea/,,,,3,0,0,no,missing_post_id,Could not resolve source URL to posts/pages via REST
https://coincu.com/opensea-delists-fractional-uprising-nft/,posts,248368,publish,3,0,0,no,no_match_in_raw,No candidate old URLs found in current raw content
https://coincu.com/erc721-c-token-standard-supported-by-opensea/,posts,253463,publish,3,0,0,no,no_match_in_raw,No candidate old URLs found in current raw content
https://coincu.com/new-opensea-functionality/,posts,253292,publish,3,0,0,no,no_match_in_raw,No candidate old URLs found in current raw content
https://coincu.com/immutable-sec-wells-notice-raises-concerns-over/,posts,289990,publish,3,0,0,no,no_match_in_raw,No candidate old URLs found in current raw content
https://coincu.com/sec-coinbase-lawsuit-continues/,posts,281616,publish,3,0,0,no,no_match_in_raw,No candidate old URLs found in current raw content
https://coincu.com/coinbase-introduces-stand-with-crypto-alliance/,,,,3,0,0,no,missing_post_id,Could not resolve source URL to posts/pages via REST
https://coincu.com/opensea/,posts,229498,publish,3,0,0,no,no_match_in_raw,No candidate old URLs found in current raw content
https://coincu.com/coinbase-cbbtc-token-now-live/,posts,282417,publish,3,0,0,no,no_match_in_raw,No candidate old URLs found in current raw content
https://coincu.com/stand-with-cryptos-anti-crenshaw-campaign/,posts,297502,publish,3,0,0,no,no_match_in_raw,No candidate old URLs found in current raw content
https://coincu.com/gamestop-web3-games-nfts-immutable-x/,posts,138460,publish,3,0,0,no,no_match_in_raw,No candidate old URLs found in current raw content
https://coincu.com/cardano-vasil-hard-fork-successfully/,,,,3,0,0,no,missing_post_id,Could not resolve source URL to posts/pages via REST
https://coincu.com/china-will-launch-first-nft-marketplace/,posts,156410,publish,3,0,0,no,no_match_in_raw,No candidate old URLs found in current raw content
https://coincu.com/amazon-admits-existence-nft-marketplace/,,,,3,0,0,no,missing_post_id,Could not resolve source URL to posts/pages via REST
https://coincu.com/tencent-patented-blockchain-missing-persons/,,,,3,0,0,no,missing_post_id,Could not resolve source URL to posts/pages via REST
https://coincu.com/top-best-crypto-faucets-for-free-rewards-in-2024/,posts,255575,publish,3,0,0,no,no_match_in_raw,No candidate old URLs found in current raw content
https://coincu.com/sui-surpasses-150m-in-tvl-showcasing-blistering-defi-momentum/,posts,233527,publish,3,0,0,no,no_match_in_raw,No candidate old URLs found in current raw content
https://coincu.com/morpho-protocol-review-largest-lending-fundraise/,posts,270972,publish,3,0,0,no,no_match_in_raw,No candidate old URLs found in current raw content
https://coincu.com/radiant-capital-review/,posts,175649,publish,3,0,0,no,no_match_in_raw,No candidate old URLs found in current raw content
https://coincu.com/crypto-lending-sector-revives/,posts,295752,publish,3,0,0,no,no_match_in_raw,No candidate old URLs found in current raw content
https://coincu.com/tether-resumed-lending/,posts,219300,publish,3,0,0,no,no_match_in_raw,No candidate old URLs found in current raw content
https://coincu.com/crypto-101-what-is-binance-earn-part-1/,posts,152970,publish,3,0,0,no,no_match_in_raw,No candidate old URLs found in current raw content
https://coincu.com/magic-eden-gets-negative-reactions/,posts,124962,publish,3,0,0,no,no_match_in_raw,No candidate old URLs found in current raw content
https://coincu.com/meme-coin-dogs-is-now-gaining-attention/,posts,279006,publish,3,0,0,no,no_match_in_raw,No candidate old URLs found in current raw content
https://coincu.com/clearpool-launch-clearpool-prime/,,,,3,0,0,no,missing_post_id,Could not resolve source URL to posts/pages via REST
https://coincu.com/portofino-launches-new-borrowing-pool/,,,,3,0,0,no,missing_post_id,Could not resolve source URL to posts/pages via REST
https://coincu.com/top-rwa-outstanding-projects-in-2024/,posts,205295,publish,3,0,0,no,no_match_in_raw,No candidate old URLs found in current raw content
https://coincu.com/ftx-event-raises-concerns/,,,,3,0,0,no,missing_post_id,Could not resolve source URL to posts/pages via REST
https://coincu.com/top-5-uncollateralized-lending-projects/,posts,224975,publish,3,0,0,no,no_match_in_raw,No candidate old URLs found in current raw content
https://coincu.com/clearpool-to-launch-cpool-staking/,,,,3,0,0,no,missing_post_id,Could not resolve source URL to posts/pages via REST
https://coincu.com/itoken-wallet-scandal-273k-usdt-vanishes/,posts,222137,publish,3,0,0,no,no_match_in_raw,No candidate old URLs found in current raw content
https://coincu.com/axie-infinity-launches-new-player-profile-module/,,,,3,0,0,no,missing_post_id,Could not resolve source URL to posts/pages via REST
https://coincu.com/binance-support-terra-classic-kava/,posts,188087,publish,3,0,0,no,no_match_in_raw,No candidate old URLs found in current raw content
https://coincu.com/terra-classic-completes-parity-upgrade/,,,,3,0,0,no,missing_post_id,Could not resolve source URL to posts/pages via REST
https://coincu.com/mint-cash-ust-20-no-terraform-labs-investment/,posts,232288,publish,3,0,0,no,no_match_in_raw,No candidate old URLs found in current raw content
https://coincu.com/terra-classic-team-plans-to-revive-ustc/,,,,3,0,0,no,missing_post_id,Could not resolve source URL to posts/pages via REST
https://coincu.com/terra-luna-classic-deposit-spam-proposals/,,,,3,0,0,no,missing_post_id,Could not resolve source URL to posts/pages via REST
https://coincu.com/do-kwon-can-avoid-sec-charges/,,,,3,0,0,no,missing_post_id,Could not resolve source URL to posts/pages via REST
https://coincu.com/kyberswap-victims-get-paid-48m-exploit-grants/,,,,3,0,0,no,missing_post_id,Could not resolve source URL to posts/pages via REST
https://coincu.com/busd-suspended-stablecoin-landscape/,posts,168175,publish,3,0,0,no,no_match_in_raw,No candidate old URLs found in current raw content
https://coincu.com/polygon-terra-classic-whale-activity-ustc-peg/,posts,279857,publish,3,0,0,no,no_match_in_raw,No candidate old URLs found in current raw content
https://coincu.com/htx-global-hack-8-million-loss-hiring-attacker/,posts,220174,publish,3,0,0,no,no_match_in_raw,No candidate old URLs found in current raw content
https://coincu.com/kyberswap-vulnerability-appears/,,,,3,0,0,no,missing_post_id,Could not resolve source URL to posts/pages via REST
https://coincu.com/justin-sun-liquidation-rumors-debunked/,posts,270920,publish,3,0,0,no,no_match_in_raw,No candidate old URLs found in current raw content
https://coincu.com/bitcoin-advocate-michael-saylor-never-sell-btc/,,,,3,0,0,no,missing_post_id,Could not resolve source URL to posts/pages via REST
https://coincu.com/solana-incorporated-move-language/,posts,122325,publish,3,0,0,no,no_match_in_raw,No candidate old URLs found in current raw content
https://coincu.com/lunarcrush-raises-5-million/,posts,202485,publish,3,0,0,no,no_match_in_raw,No candidate old URLs found in current raw content
https://coincu.com/cardanos-social-activity-hit-all-time-high/,,,,3,0,0,no,missing_post_id,Could not resolve source URL to posts/pages via REST
https://coincu.com/top-10-crypto-research-tools/,posts,127670,publish,3,0,0,no,no_match_in_raw,No candidate old URLs found in current raw content
https://coincu.com/matic-performance-overview/,posts,107331,publish,3,0,0,no,no_match_in_raw,No candidate old URLs found in current raw content
https://coincu.com/dogecoin-price-prediction-rsi-support/,posts,363366,publish,3,0,0,no,no_match_in_raw,No candidate old URLs found in current raw content
https://coincu.com/dogecoin-might-increase-by-another-14/,posts,113053,publish,3,0,0,no,no_match_in_raw,No candidate old URLs found in current raw content
https://coincu.com/btc-price-prediction-rsi-tightens-as/,posts,368168,publish,3,0,0,no,no_match_in_raw,No candidate old URLs found in current raw content
https://coincu.com/bitcoin-rejected-by-critical-resistance/,,,,3,0,0,no,missing_post_id,Could not resolve source URL to posts/pages via REST
https://coincu.com/xrp-price-eyes-2-77-as-50-ema-nears/,,,,3,0,0,no,missing_post_id,Could not resolve source URL to posts/pages via REST
https://coincu.com/animoca-brands-japans-supported-by-mufg/,,,,3,0,0,no,missing_post_id,Could not resolve source URL to posts/pages via REST
https://coincu.com/mufg-stablecoins-blockchains-progmat-coin/,,,,3,0,0,no,missing_post_id,Could not resolve source URL to posts/pages via REST
https://coincu.com/mufg-to-issue-global-stablecoins-backed/,,,,3,0,0,no,missing_post_id,Could not resolve source URL to posts/pages via REST
https://coincu.com/federal-reserve-cracks-down-ftx-ex-partner/,,,,3,0,0,no,missing_post_id,Could not resolve source URL to posts/pages via REST
https://coincu.com/michael-barr-calls-for-regulations/,posts,123339,publish,3,0,0,no,no_match_in_raw,No candidate old URLs found in current raw content
https://coincu.com/brazils-second-largest-private-bank/,,,,3,0,0,no,missing_post_id,Could not resolve source URL to posts/pages via REST
https://coincu.com/brazils-central-bank-drex-digital-currency/,,,,3,0,0,no,missing_post_id,Could not resolve source URL to posts/pages via REST
https://coincu.com/indian-police-complaints-webpage-polygon/,posts,133114,publish,3,0,0,no,no_match_in_raw,No candidate old URLs found in current raw content
https://coincu.com/hsbc-and-jp-morgan-uk-svb-acquisition/,posts,173284,publish,3,0,0,no,no_match_in_raw,No candidate old URLs found in current raw content
https://coincu.com/banks-now-clamp-down-on-crypto-purchases/,,,,3,0,0,no,missing_post_id,Could not resolve source URL to posts/pages via REST
https://coincu.com/singapore-mas-proposes-digital-assets-framework/,,,,3,0,0,no,missing_post_id,Could not resolve source URL to posts/pages via REST
https://coincu.com/breaking-hsbc-acquired-silicon-valley-bank/,,,,3,0,0,no,missing_post_id,Could not resolve source URL to posts/pages via REST
https://coincu.com/hsbc-to-allow-bitcoin-ethereum-etfs-trading/,posts,197862,publish,3,0,0,no,no_match_in_raw,No candidate old URLs found in current raw content
https://coincu.com/crypto-market-will-be-better/,,,,3,0,0,no,missing_post_id,Could not resolve source URL to posts/pages via REST
https://coincu.com/michael-saylors-bitcoin-holdings-1-billion/,posts,271336,publish,3,0,0,no,no_match_in_raw,No candidate old URLs found in current raw content
https://coincu.com/bitcoin-hash-rate-continues-to-increase/,,,,3,0,0,no,missing_post_id,Could not resolve source URL to posts/pages via REST
https://coincu.com/brazil-cbdc-pilot-delayed/,,,,3,0,0,no,missing_post_id,Could not resolve source URL to posts/pages via REST
https://coincu.com/bitcoin-volatile-impact-of-us-jobs-report-data/,,,,3,0,0,no,missing_post_id,Could not resolve source URL to posts/pages via REST
https://coincu.com/chris-larsen-donates-1m-xrp-to-kamala-harris/,posts,286797,publish,3,0,0,no,no_match_in_raw,No candidate old URLs found in current raw content
https://coincu.com/sec-protect-expert-witnesses-xrp-lawsuit/,,,,3,0,0,no,missing_post_id,Could not resolve source URL to posts/pages via REST
https://coincu.com/judge-denies-coinbase-subpoena-request/,,,,3,0,0,no,missing_post_id,Could not resolve source URL to posts/pages via REST
https://coincu.com/ripples-xrp-sale-pressure-on-token-prices/,,,,3,0,0,no,missing_post_id,Could not resolve source URL to posts/pages via REST
https://coincu.com/sec-panel-to-probe-sba-investment-program/,,,,3,0,0,no,missing_post_id,Could not resolve source URL to posts/pages via REST
https://coincu.com/securities-and-exchange-commission/,posts,120103,publish,3,0,0,no,no_match_in_raw,No candidate old URLs found in current raw content
https://coincu.com/tether-new-ceo-ardoino-lead-the-84b-stablecoin/,posts,224526,publish,3,0,0,no,no_match_in_raw,No candidate old URLs found in current raw content
https://coincu.com/ripple-motion-application-submitted/,,,,3,0,0,no,missing_post_id,Could not resolve source URL to posts/pages via REST
https://coincu.com/ripple-shocks-market-with-second-500m-xrp-unlock/,,,,3,0,0,no,missing_post_id,Could not resolve source URL to posts/pages via REST
https://coincu.com/ripple-ceo-warns-legal-battle-tether-regulators/,,,,3,0,0,no,missing_post_id,Could not resolve source URL to posts/pages via REST
https://coincu.com/ripple-xrp-price-prediction-sec-troubles-likely-to-stifle-rally-to-3-92-ath-dogecoin-doge-and-rexas-finance-rxs-eye-xrps-market-spot/,posts,289424,publish,3,0,0,no,no_match_in_raw,No candidate old URLs found in current raw content
https://coincu.com/xrp-hits-3-84-ath-as-retail-buyers-flood/,,,,3,0,0,no,missing_post_id,Could not resolve source URL to posts/pages via REST
https://coincu.com/ripple-locks-300m-xrp-as-price-slips-to-2-19/,,,,3,0,0,no,missing_post_id,Could not resolve source URL to posts/pages via REST
https://coincu.com/ripple-xrp-set-for-takeoff-once-previous-all-time-highs-ripple-xrp/,,,,3,0,0,no,missing_post_id,Could not resolve source URL to posts/pages via REST
https://coincu.com/400-million-xrp-unlocked-ripples-for-future-use/,,,,3,0,0,no,missing_post_id,Could not resolve source URL to posts/pages via REST
https://coincu.com/rexas-finance-rxs-most-favored-altcoin-by-frustrated-polygon-pol-cardano-ada-and-ripple-xrp-investors/,,,,3,0,0,no,missing_post_id,Could not resolve source URL to posts/pages via REST
https://coincu.com/sec-threaten-appeal-hinman-documents-public/,posts,154771,publish,3,0,0,no,no_match_in_raw,No candidate old URLs found in current raw content
https://coincu.com/ripple-now-cant-be-sued-again-jeremy-hogan/,,,,3,0,0,no,missing_post_id,Could not resolve source URL to posts/pages via REST
https://coincu.com/sec-gains-another-supporter-in-ripple-case/,,,,3,0,0,no,missing_post_id,Could not resolve source URL to posts/pages via REST
https://coincu.com/market-overview-major-wins-ripple-and-binance/,,,,3,0,0,no,missing_post_id,Could not resolve source URL to posts/pages via REST
https://coincu.com/sec-provides-critical-records-ripple-case/,,,,3,0,0,no,missing_post_id,Could not resolve source URL to posts/pages via REST
https://coincu.com/ripple-cto-ipo-plans-may-be-at-upcoming-event/,,,,3,0,0,no,missing_post_id,Could not resolve source URL to posts/pages via REST
https://coincu.com/how-to-use-walletdat-file/,posts,240061,publish,3,0,0,no,no_match_in_raw,No candidate old URLs found in current raw content
https://coincu.com/ripple-ceo-crypto-market-capitalization/,,,,3,0,0,no,missing_post_id,Could not resolve source URL to posts/pages via REST
https://coincu.com/coinbase-tokenized-fund-is-being-planned/,posts,269246,publish,3,0,0,no,no_match_in_raw,No candidate old URLs found in current raw content
https://coincu.com/cftc-greenlights-u-s-regulated-spot/,posts,381378,publish,3,0,0,no,no_match_in_raw,No candidate old URLs found in current raw content
https://coincu.com/bitnomial-sec-lawsuit-causes-disagreement/,,,,3,0,0,no,missing_post_id,Could not resolve source URL to posts/pages via REST
https://coincu.com/paradigm-files-amicus-brief/,posts,142049,publish,3,0,0,no,no_match_in_raw,No candidate old URLs found in current raw content
https://coincu.com/prometheum-accused-of-relationship-with-chinese/,,,,3,0,0,no,missing_post_id,Could not resolve source URL to posts/pages via REST
https://coincu.com/prometheum-launches-new-platform/,,,,3,0,0,no,missing_post_id,Could not resolve source URL to posts/pages via REST
https://coincu.com/us-securities-regulator-looks-wall-street/,,,,3,0,0,no,missing_post_id,Could not resolve source URL to posts/pages via REST
https://coincu.com/coinbase-not-compromising-with-sec/,,,,3,0,0,no,missing_post_id,Could not resolve source URL to posts/pages via REST
https://coincu.com/world-blockchain-summit-dubai-2024/,posts,283605,publish,3,0,0,no,no_match_in_raw,No candidate old URLs found in current raw content
https://coincu.com/bybit-world-blockchain-summit-bangkok/,posts,145717,publish,3,0,0,no,no_match_in_raw,No candidate old URLs found in current raw content
https://coincu.com/world-blockchain-summit-bangkok-2023-blockchain/,posts,234473,publish,3,0,0,no,no_match_in_raw,No candidate old URLs found in current raw content
https://coincu.com/ethereum-foundation-transferred-64-48m-eth/,,,,3,0,0,no,missing_post_id,Could not resolve source URL to posts/pages via REST
https://coincu.com/stacks-launches-nakamoto-upgrade-bitcoin/,posts,289568,publish,3,0,0,no,no_match_in_raw,No candidate old URLs found in current raw content
https://coincu.com/proshares-ultra-bitcoin-etf/,,,,3,0,0,no,missing_post_id,Could not resolve source URL to posts/pages via REST
https://coincu.com/new-proshares-spot-ethereum-etf/,posts,262916,publish,3,0,0,no,no_match_in_raw,No candidate old URLs found in current raw content
https://coincu.com/proshares-short-ether-strategy-etf-launched/,,,,3,0,0,no,missing_post_id,Could not resolve source URL to posts/pages via REST
https://coincu.com/new-proshares-ethereum-etfs-launched/,posts,262427,publish,3,0,0,no,no_match_in_raw,No candidate old URLs found in current raw content
https://coincu.com/proshares-spot-ethereum-etf-updated-s-1/,,,,3,0,0,no,missing_post_id,Could not resolve source URL to posts/pages via REST
https://coincu.com/jim-cramer-challenges-crypto-investors/,,,,3,0,0,no,missing_post_id,Could not resolve source URL to posts/pages via REST
https://coincu.com/jim-cramer-said-binance-is-way-too-sketchy/,,,,3,0,0,no,missing_post_id,Could not resolve source URL to posts/pages via REST
https://coincu.com/bitcoin-btc-up-40-since-jim-cramers-sell/,,,,3,0,0,no,missing_post_id,Could not resolve source URL to posts/pages via REST
https://coincu.com/grit-capital-binance-appears-some-red-flags/,,,,3,0,0,no,missing_post_id,Could not resolve source URL to posts/pages via REST
https://coincu.com/jim-cramers-tweet-sparks-controversy/,,,,3,0,0,no,missing_post_id,Could not resolve source URL to posts/pages via REST
https://coincu.com/jpmorgan-registers-crypto-wallet-trademark/,posts,144827,publish,3,0,0,no,no_match_in_raw,No candidate old URLs found in current raw content
https://coincu.com/crypto-critic-jim-cramer-bullish-view-on-bitcoin/,,,,3,0,0,no,missing_post_id,Could not resolve source URL to posts/pages via REST
https://coincu.com/jim-cramer-retains-negative-year-crypto/,,,,3,0,0,no,missing_post_id,Could not resolve source URL to posts/pages via REST
https://coincu.com/binance-accuses-cftc-overruling-stop-the-lawsuit/,posts,206699,publish,3,0,0,no,no_match_in_raw,No candidate old URLs found in current raw content
https://coincu.com/sec-alleges-binance-and-us-affiliate/,posts,193132,publish,3,0,0,no,no_match_in_raw,No candidate old URLs found in current raw content
https://coincu.com/gateio-completed-the-third-100-margin-audit/,posts,140285,publish,3,0,0,no,no_match_in_raw,No candidate old URLs found in current raw content
https://coincu.com/accounting-firm-bdo-considering-crypto/,,,,3,0,0,no,missing_post_id,Could not resolve source URL to posts/pages via REST
https://coincu.com/binance-audit-is-meaningless-says-big-short/,posts,153160,publish,3,0,0,no,no_match_in_raw,No candidate old URLs found in current raw content
https://coincu.com/crypto-com-issued-reserve-certificate/,,,,3,0,0,no,missing_post_id,Could not resolve source URL to posts/pages via REST
https://coincu.com/kraken-exchange-added-xrp-feature/,posts,116785,publish,3,0,0,no,no_match_in_raw,No candidate old URLs found in current raw content
https://coincu.com/ftx-creditor-committee-was-formed/,,,,3,0,0,no,missing_post_id,Could not resolve source URL to posts/pages via REST
https://coincu.com/binance-announces-delisting-project-alleges/,posts,152297,publish,3,0,0,no,no_match_in_raw,No candidate old URLs found in current raw content
https://coincu.com/mavericks-ve-model-empowers-protocols/,posts,202812,publish,3,0,0,no,no_match_in_raw,No candidate old URLs found in current raw content
https://coincu.com/uniswap-whale-boosts-uni-token-accumulation/,,,,3,0,0,no,missing_post_id,Could not resolve source URL to posts/pages via REST
https://coincu.com/crvs-aave-v2-hits-0-241-usdt/,posts,212712,publish,3,0,0,no,no_match_in_raw,No candidate old URLs found in current raw content
https://coincu.com/maverick-review-34th-launchpool-binance/,posts,195185,publish,3,0,0,no,no_match_in_raw,No candidate old URLs found in current raw content
https://coincu.com/coinbase-cautions-on-polygon-transfer-delays/,posts,283161,publish,3,0,0,no,no_match_in_raw,No candidate old URLs found in current raw content
https://coincu.com/uniswap-contributors-extend-to-base/,,,,3,0,0,no,missing_post_id,Could not resolve source URL to posts/pages via REST
https://coincu.com/binance-labs-invests-10m-helio-liquid-staking/,,,,3,0,0,no,missing_post_id,Could not resolve source URL to posts/pages via REST
https://coincu.com/curve-releases-whitepaper-for-crvusd/,posts,145273,publish,3,0,0,no,no_match_in_raw,No candidate old URLs found in current raw content
https://coincu.com/plasma-tge-mainnet-launch-september/,posts,362968,publish,3,0,0,no,no_match_in_raw,No candidate old URLs found in current raw content
https://coincu.com/fixed-float-robs-the-curve-hack-of-200000/,,,,3,0,0,no,missing_post_id,Could not resolve source URL to posts/pages via REST
https://coincu.com/aave-whale-usdt-utilization-spike/,posts,376529,publish,3,0,0,no,no_match_in_raw,No candidate old URLs found in current raw content
https://coincu.com/huobi-launches-refreshed-brand/,posts,144992,publish,3,0,0,no,no_match_in_raw,No candidate old URLs found in current raw content
https://coincu.com/huobi-founder-is-looking-sell-shares/,posts,104910,publish,3,0,0,no,no_match_in_raw,No candidate old URLs found in current raw content
https://coincu.com/tron-trx-kicks-off-2023-with-4-6-bi-transac/,,,,3,0,0,no,missing_post_id,Could not resolve source URL to posts/pages via REST
https://coincu.com/huobi-registered-in-hong-kong/,posts,168565,publish,3,0,0,no,no_match_in_raw,No candidate old URLs found in current raw content
https://coincu.com/warren-buffett-still-has-bitcoin-tron-ceo/,posts,109413,publish,3,0,0,no,no_match_in_raw,No candidate old URLs found in current raw content
https://coincu.com/makerdao-will-vote-on-100-million-loan/,,,,3,0,0,no,missing_post_id,Could not resolve source URL to posts/pages via REST
https://coincu.com/tron-ceo-believes-crypto-will-return-china/,,,,3,0,0,no,missing_post_id,Could not resolve source URL to posts/pages via REST
https://coincu.com/premier-league-could-sign-with-sorare/,,,,3,0,0,no,missing_post_id,Could not resolve source URL to posts/pages via REST
https://coincu.com/justin-sun-moves-200m-usdt-to-huobi/,,,,3,0,0,no,missing_post_id,Could not resolve source URL to posts/pages via REST
https://coincu.com/a16z-sends-5-9m-mkr-transfer-to-coinbase/,posts,201514,publish,3,0,0,no,no_match_in_raw,No candidate old URLs found in current raw content
https://coincu.com/a16z-disagree-to-break-up-makerdao/,posts,135042,publish,3,0,0,no,no_match_in_raw,No candidate old URLs found in current raw content
https://coincu.com/makerdao-unveils-innovative-strategies/,,,,3,0,0,no,missing_post_id,Could not resolve source URL to posts/pages via REST
https://coincu.com/ripple-partners-with-web3-design-lab/,,,,3,0,0,no,missing_post_id,Could not resolve source URL to posts/pages via REST
https://coincu.com/why-coinbase-transactions-are-game-changer/,posts,184314,publish,3,0,0,no,no_match_in_raw,No candidate old URLs found in current raw content
https://coincu.com/us-president-eliminate-tax-loopholes-crypto/,,,,3,0,0,no,missing_post_id,Could not resolve source URL to posts/pages via REST
https://coincu.com/whales-strategic-moves-pepe-with-320-eth/,,,,3,0,0,no,missing_post_id,Could not resolve source URL to posts/pages via REST
https://coincu.com/makerdaos-ai-governance-plan-a-game-changer/,posts,187140,publish,3,0,0,no,no_match_in_raw,No candidate old URLs found in current raw content
https://coincu.com/ftx-claims-portal-returns-crypto-investors/,,,,3,0,0,no,missing_post_id,Could not resolve source URL to posts/pages via REST
https://coincu.com/swisstronik-announces-exclusive-pre-offering/,,,,3,0,0,no,missing_post_id,Could not resolve source URL to posts/pages via REST
https://coincu.com/swisstronik-secures-5m-investment-from-syndicate-capital-signalling-demand-for-blockchain-compliance-solutions/,,,,3,0,0,no,missing_post_id,Could not resolve source URL to posts/pages via REST
https://coincu.com/swisstronik-launches-incentivized-testnet-2-0/,,,,3,0,0,no,missing_post_id,Could not resolve source URL to posts/pages via REST
https://coincu.com/nomiswap-review-worth-try-trading-platform/,posts,175105,publish,3,0,0,no,no_match_in_raw,No candidate old URLs found in current raw content
https://coincu.com/21shares-shut-down-6-crypto-etps/,,,,3,0,0,no,missing_post_id,Could not resolve source URL to posts/pages via REST
https://coincu.com/xrp-rejected-at-resistance/,posts,367630,publish,3,0,0,no,no_match_in_raw,No candidate old URLs found in current raw content
https://coincu.com/bouncebit-launches-cedefi-v2-platform/,,,,3,0,0,no,missing_post_id,Could not resolve source URL to posts/pages via REST
https://coincu.com/eu-latest-sanctions-package-forbids-russia/,,,,3,0,0,no,missing_post_id,Could not resolve source URL to posts/pages via REST
https://coincu.com/bitcoin-spot-etf-inflows-reach-294m-after-7d/,posts,288431,publish,3,0,0,no,no_match_in_raw,No candidate old URLs found in current raw content
https://coincu.com/bitget-foresight-invest-30m-ton-ecosystem-growth/,,,,3,0,0,no,missing_post_id,Could not resolve source URL to posts/pages via REST
https://coincu.com/bitdeer-introduces-bgb-eco-friendly-btc-mining/,,,,3,0,0,no,missing_post_id,Could not resolve source URL to posts/pages via REST
https://coincu.com/bitget-and-mexc-create-new-breakthrough/,posts,206958,publish,3,0,0,no,no_match_in_raw,No candidate old URLs found in current raw content
https://coincu.com/bitgets-eth-staking-now-opens-phase-2/,posts,208632,publish,3,0,0,no,no_match_in_raw,No candidate old URLs found in current raw content
https://coincu.com/bitget-global-user-base-exceeded-45-billion/,posts,283220,publish,3,0,0,no,no_match_in_raw,No candidate old URLs found in current raw content
https://coincu.com/bitfarms-is-warned-by-nasdaq/,,,,3,0,0,no,missing_post_id,Could not resolve source URL to posts/pages via REST
https://coincu.com/japan-warning-against-4-exchanges/,,,,3,0,0,no,missing_post_id,Could not resolve source URL to posts/pages via REST
https://coincu.com/bitcoin-loses-momentum-fomc/,posts,111857,publish,3,0,0,no,no_match_in_raw,No candidate old URLs found in current raw content
https://coincu.com/matrixport-and-copper-join-to-streamline/,posts,187715,publish,3,0,0,no,no_match_in_raw,No candidate old URLs found in current raw content
https://coincu.com/fintech-lda-capital-provides-lightnet/,,,,3,0,0,no,missing_post_id,Could not resolve source URL to posts/pages via REST
https://coincu.com/new-paypal-nft-policy-will-stop-user-protection/,posts,255432,publish,3,0,0,no,no_match_in_raw,No candidate old URLs found in current raw content
https://coincu.com/tether-profits-hit-record-in-q1/,posts,257338,publish,3,0,0,no,no_match_in_raw,No candidate old URLs found in current raw content
https://coincu.com/ripple-plans-new-toronto-operation/,,,,3,0,0,no,missing_post_id,Could not resolve source URL to posts/pages via REST
https://coincu.com/reap-raises-40m-for-web3-development/,,,,3,0,0,no,missing_post_id,Could not resolve source URL to posts/pages via REST
https://coincu.com/moonpay-25-mil-bayc-celebrities-nft/,posts,166573,publish,3,0,0,no,no_match_in_raw,No candidate old URLs found in current raw content
https://coincu.com/brazil-stablecoin-trading-volume-54-5-billion/,,,,3,0,0,no,missing_post_id,Could not resolve source URL to posts/pages via REST
https://coincu.com/usdt-trading-volume-explodes-over-110-billion/,,,,3,0,0,no,missing_post_id,Could not resolve source URL to posts/pages via REST
https://coincu.com/hong-kong-to-regulate-stablecoins-in-2024/,posts,175209,publish,3,0,0,no,no_match_in_raw,No candidate old URLs found in current raw content
https://coincu.com/justin-suns-twitter-changed-huobi-website/,,,,3,0,0,no,missing_post_id,Could not resolve source URL to posts/pages via REST
https://coincu.com/bitget-interested-ftx-and-alameda/,posts,141534,publish,3,0,0,no,no_match_in_raw,No candidate old URLs found in current raw content
https://coincu.com/cz-binance-spend-over-1b-investments/,posts,131739,publish,3,0,0,no,no_match_in_raw,No candidate old URLs found in current raw content
https://coincu.com/sbf-file-for-bankruptcy-shortage-8-billion/,,,,3,0,0,no,missing_post_id,Could not resolve source URL to posts/pages via REST
https://coincu.com/binance-coinmarketcap-to-buy-back-coindesk/,,,,3,0,0,no,missing_post_id,Could not resolve source URL to posts/pages via REST
https://coincu.com/ftx-raises-up-1b-at-32b-valuation/,,,,3,0,0,no,missing_post_id,Could not resolve source URL to posts/pages via REST
https://coincu.com/huobis-real-acquirer-could-be-justin-sun/,posts,132225,publish,3,0,0,no,no_match_in_raw,No candidate old URLs found in current raw content
https://coincu.com/the-aave-increasing-the-gho-lending-rate/,,,,3,0,0,no,missing_post_id,Could not resolve source URL to posts/pages via REST
https://coincu.com/geth/,posts,229311,publish,3,0,0,no,no_match_in_raw,No candidate old URLs found in current raw content
https://coincu.com/yuga-labs-hires-first-chief-gaming-officer/,posts,125597,publish,3,0,0,no,no_match_in_raw,No candidate old URLs found in current raw content
https://coincu.com/teku-and-geth-release-merge-update/,,,,3,0,0,no,missing_post_id,Could not resolve source URL to posts/pages via REST
https://coincu.com/grayscale-ethereum-trust-saw-outflow/,,,,3,0,0,no,missing_post_id,Could not resolve source URL to posts/pages via REST
https://coincu.com/apecoin-aip-88-nft-launchpad-decision/,,,,3,0,0,no,missing_post_id,Could not resolve source URL to posts/pages via REST
https://coincu.com/doodles-releases-new-nft-project-doodles-2/,,,,3,0,0,no,missing_post_id,Could not resolve source URL to posts/pages via REST
https://coincu.com/kraken-launched-nft-marketplace/,posts,155613,publish,3,0,0,no,no_match_in_raw,No candidate old URLs found in current raw content
https://coincu.com/doodles-stoodio-migration-to-base-free-nft-mint/,,,,3,0,0,no,missing_post_id,Could not resolve source URL to posts/pages via REST
https://coincu.com/doodles-nft-nominated-animation-studio/,,,,3,0,0,no,missing_post_id,Could not resolve source URL to posts/pages via REST
https://coincu.com/doodles-releases-dooplication-guide/,posts,163776,publish,3,0,0,no,no_match_in_raw,No candidate old URLs found in current raw content
https://coincu.com/ethereum-staking-legal-us-regulators/,,,,3,0,0,no,missing_post_id,Could not resolve source URL to posts/pages via REST
https://coincu.com/x2y2-launches-lending-nft-feature/,,,,3,0,0,no,missing_post_id,Could not resolve source URL to posts/pages via REST
https://coincu.com/bayc-sales-skyrocketed-100/,posts,118451,publish,3,0,0,no,no_match_in_raw,No candidate old URLs found in current raw content
https://coincu.com/coinbases-cbeth-8-discount-for-eth/,,,,3,0,0,no,missing_post_id,Could not resolve source URL to posts/pages via REST
https://coincu.com/lightning-network-may-disrupt-the-150m/,,,,3,0,0,no,missing_post_id,Could not resolve source URL to posts/pages via REST
https://coincu.com/digital-surge-suspended-withdrawals/,,,,3,0,0,no,missing_post_id,Could not resolve source URL to posts/pages via REST
https://coincu.com/binance-integrates-lightning-network/,posts,196472,publish,3,0,0,no,no_match_in_raw,No candidate old URLs found in current raw content
https://coincu.com/upbit-stop-crv-deposit-withdraw-avoid-hack/,posts,207206,publish,3,0,0,no,no_match_in_raw,No candidate old URLs found in current raw content
https://coincu.com/brian-armstrong-sells-1-6m-coinbase-shares/,,,,3,0,0,no,missing_post_id,Could not resolve source URL to posts/pages via REST
https://coincu.com/binance-has-stopped-usd-deposits-withdraw/,posts,165271,publish,3,0,0,no,no_match_in_raw,No candidate old URLs found in current raw content
https://coincu.com/binance-reopens-usdc-deposit-on-solana/,posts,145340,publish,3,0,0,no,no_match_in_raw,No candidate old URLs found in current raw content
https://coincu.com/gearbox-cidered-has-deposited-3000-eth/,,,,3,0,0,no,missing_post_id,Could not resolve source URL to posts/pages via REST
https://coincu.com/whale-deposited-4-5m-worldcoin-price-soars/,,,,3,0,0,no,missing_post_id,Could not resolve source URL to posts/pages via REST
https://coincu.com/mars-hubs-ares-testnet/,,,,3,0,0,no,missing_post_id,Could not resolve source URL to posts/pages via REST
https://coincu.com/ethereum-foundation-confirms-date-the-merge/,,,,3,0,0,no,missing_post_id,Could not resolve source URL to posts/pages via REST
https://coincu.com/ignite-cuts-50-of-staff/,posts,104904,publish,3,0,0,no,no_match_in_raw,No candidate old URLs found in current raw content
https://coincu.com/thorchain-removes-runes-bep-2-erc-20/,,,,3,0,0,no,missing_post_id,Could not resolve source URL to posts/pages via REST
https://coincu.com/binance-will-support-the-ethereum-merge/,,,,3,0,0,no,missing_post_id,Could not resolve source URL to posts/pages via REST
https://coincu.com/coinbase-wed-rather-stop-censor-ethereum/,posts,118330,publish,3,0,0,no,no_match_in_raw,No candidate old URLs found in current raw content
https://coincu.com/coinbase-opensea-breakthrough-companies/,posts,120195,publish,3,0,0,no,no_match_in_raw,No candidate old URLs found in current raw content
https://coincu.com/prysmatic-labs-is-acquired-by-offchain-labs/,posts,133176,publish,3,0,0,no,no_match_in_raw,No candidate old URLs found in current raw content
https://coincu.com/ethereum-price-could-break-arthur-hayes/,,,,3,0,0,no,missing_post_id,Could not resolve source URL to posts/pages via REST
https://coincu.com/ethereum-consensus-client-prysmatic-labs/,,,,3,0,0,no,missing_post_id,Could not resolve source URL to posts/pages via REST
https://coincu.com/what-is-blockchain-sharding/,posts,113048,publish,3,0,0,no,no_match_in_raw,No candidate old URLs found in current raw content
https://coincu.com/prysm-v4-0-3-hot-patch-version/,posts,187115,publish,3,0,0,no,no_match_in_raw,No candidate old URLs found in current raw content
https://coincu.com/ethereum-will-have-achievements-in-2023/,,,,3,0,0,no,missing_post_id,Could not resolve source URL to posts/pages via REST
https://coincu.com/ethereum-classic-hashrate-all-time-high/,,,,3,0,0,no,missing_post_id,Could not resolve source URL to posts/pages via REST
https://coincu.com/etc-pumped-antpools-10-million-investment/,posts,112266,publish,3,0,0,no,no_match_in_raw,No candidate old URLs found in current raw content
https://coincu.com/tornado-cash-addresses-not-blocked-tether/,posts,119932,publish,3,0,0,no,no_match_in_raw,No candidate old URLs found in current raw content
https://coincu.com/how-to-check-an-ethereum-transaction/,posts,191672,publish,3,0,0,no,no_match_in_raw,No candidate old URLs found in current raw content
https://coincu.com/binance-completes-ava-bep20-network/,,,,3,0,0,no,missing_post_id,Could not resolve source URL to posts/pages via REST
https://coincu.com/bitcoin-hashrate-soars-44/,,,,3,0,0,no,missing_post_id,Could not resolve source URL to posts/pages via REST
https://coincu.com/poloniex-started-trading-eths-and-ethw/,posts,115492,publish,3,0,0,no,no_match_in_raw,No candidate old URLs found in current raw content
https://coincu.com/coinbase-crypto-report-q2-2024/,,,,3,0,0,no,missing_post_id,Could not resolve source URL to posts/pages via REST
https://coincu.com/coinbase-supercharges-2031-senior-to-180m/,posts,215596,publish,3,0,0,no,no_match_in_raw,No candidate old URLs found in current raw content
https://coincu.com/huobi-has-delisted-33-tokens/,posts,160253,publish,3,0,0,no,no_match_in_raw,No candidate old URLs found in current raw content
https://coincu.com/coinbase-mica-license-europe-as-us-escalate/,,,,3,0,0,no,missing_post_id,Could not resolve source URL to posts/pages via REST
https://coincu.com/justin-sun-accumulated-tens-of-millions-ht/,,,,3,0,0,no,missing_post_id,Could not resolve source URL to posts/pages via REST
https://coincu.com/huobi-review-safe-worth-it-to-use/,posts,163082,publish,3,0,0,no,no_match_in_raw,No candidate old URLs found in current raw content
https://coincu.com/74m-huobi-tokens-transferred-justin-suns/,posts,133693,publish,3,0,0,no,no_match_in_raw,No candidate old URLs found in current raw content
https://coincu.com/huobi-global-destroyed-411000-ht-1863m/,posts,134269,publish,3,0,0,no,no_match_in_raw,No candidate old URLs found in current raw content
https://coincu.com/huobi-announces-to-propose-ht-application-vision/,posts,147478,publish,3,0,0,no,no_match_in_raw,No candidate old URLs found in current raw content
https://coincu.com/justin-sun-destroys-20-million-hts-valued-at-60m/,,,,3,0,0,no,missing_post_id,Could not resolve source URL to posts/pages via REST
https://coincu.com/wallet-related-to-justin-sun-to-huobi/,posts,158760,publish,3,0,0,no,no_match_in_raw,No candidate old URLs found in current raw content
https://coincu.com/sec-issues-legal-threats-coinbase-staking/,,,,3,0,0,no,missing_post_id,Could not resolve source URL to posts/pages via REST
https://coincu.com/coinbase-plans-stablecoins-inflation-rates/,posts,176761,publish,3,0,0,no,no_match_in_raw,No candidate old URLs found in current raw content
https://coincu.com/coinbase-aave-and-circle-form-tokenized-assets/,posts,216222,publish,3,0,0,no,no_match_in_raw,No candidate old URLs found in current raw content
https://coincu.com/coinbase-received-regulatory-approval-u-s-client/,posts,211095,publish,3,0,0,no,no_match_in_raw,No candidate old URLs found in current raw content
https://coincu.com/coinbase-us-risks-lose-1-million-crypto-job/,posts,177242,publish,3,0,0,no,no_match_in_raw,No candidate old URLs found in current raw content
https://coincu.com/coinbase-away-us-amid-regulatory-confusion/,posts,182214,publish,3,0,0,no,no_match_in_raw,No candidate old URLs found in current raw content
https://coincu.com/yuga-labs-lays-off-staff-focus-on-otherside/,posts,222084,publish,3,0,0,no,no_match_in_raw,No candidate old URLs found in current raw content
https://coincu.com/coinbase-on-brink-of-collapse-as-sec/,,,,3,0,0,no,missing_post_id,Could not resolve source URL to posts/pages via REST
https://coincu.com/tornado-cash-ethereum-token-dropped/,posts,116900,publish,3,0,0,no,no_match_in_raw,No candidate old URLs found in current raw content
https://coincu.com/cmcc-global-hong-kong-funds-100m-to-back-asian/,,,,3,0,0,no,missing_post_id,Could not resolve source URL to posts/pages via REST
https://coincu.com/new-bis-plan-promotes-monitoring-crypto-banks/,,,,3,0,0,no,missing_post_id,Could not resolve source URL to posts/pages via REST
https://coincu.com/stars-arena-social-protocol-hacked/,posts,222152,publish,3,0,0,no,no_match_in_raw,No candidate old URLs found in current raw content
https://coincu.com/op-goerli-testnet-adds-fault-proof-system/,,,,3,0,0,no,missing_post_id,Could not resolve source URL to posts/pages via REST
https://coincu.com/binance-uk-domain-changed/,,,,3,0,0,no,missing_post_id,Could not resolve source URL to posts/pages via REST
https://coincu.com/bitwise-ethereum-etfs/,,,,3,0,0,no,missing_post_id,Could not resolve source URL to posts/pages via REST
https://coincu.com/grayscale-ethereum-etf-may-be-launched/,,,,3,0,0,no,missing_post_id,Could not resolve source URL to posts/pages via REST
https://coincu.com/starknet-token-unlocks-delayed/,posts,221433,publish,3,0,0,no,no_match_in_raw,No candidate old URLs found in current raw content
https://coincu.com/bitcoin-bridge-nomic-expands-to-cosmos/,,,,3,0,0,no,missing_post_id,Could not resolve source URL to posts/pages via REST
https://coincu.com/bankman-fried-mit-friend-reveal/,,,,3,0,0,no,missing_post_id,Could not resolve source URL to posts/pages via REST
https://coincu.com/ether-futures-etf-proshares-vaneck-and-bitwise/,,,,3,0,0,no,missing_post_id,Could not resolve source URL to posts/pages via REST
https://coincu.com/blue-token-launches-tomorrow-with-airdrop/,posts,296230,publish,3,0,0,no,no_match_in_raw,No candidate old URLs found in current raw content
https://coincu.com/investment-opportunity-sui-ecosystem/,,,,3,0,0,no,missing_post_id,Could not resolve source URL to posts/pages via REST
https://coincu.com/aptos-rewards-1-million/,,,,3,0,0,no,missing_post_id,Could not resolve source URL to posts/pages via REST
https://coincu.com/aptos-labs-integrates-with-layerzero/,,,,3,0,0,no,missing_post_id,Could not resolve source URL to posts/pages via REST
https://coincu.com/jump-cryptos-president-ftx-fraud/,,,,3,0,0,no,missing_post_id,Could not resolve source URL to posts/pages via REST
https://coincu.com/coinbase-ofac-bug-100-users/,,,,3,0,0,no,missing_post_id,Could not resolve source URL to posts/pages via REST
https://coincu.com/sui-foundation-to-launch-access-program/,posts,150144,publish,3,0,0,no,no_match_in_raw,No candidate old URLs found in current raw content
https://coincu.com/arbitrum-error-no-users-money-at-risk/,posts,193832,publish,3,0,0,no,no_match_in_raw,No candidate old URLs found in current raw content
https://coincu.com/uniswap-detected-bug/,,,,3,0,0,no,missing_post_id,Could not resolve source URL to posts/pages via REST
https://coincu.com/lightning-network-urgent-fix-vulnerability/,,,,3,0,0,no,missing_post_id,Could not resolve source URL to posts/pages via REST
https://coincu.com/decentral-bank-fixed-bug-usn/,posts,106786,publish,3,0,0,no,no_match_in_raw,No candidate old URLs found in current raw content
https://coincu.com/tornado-cash-supporters-lose-case/,posts,211559,publish,3,0,0,no,no_match_in_raw,No candidate old URLs found in current raw content
https://coincu.com/coin-center-sues-us-treasury/,posts,133214,publish,3,0,0,no,no_match_in_raw,No candidate old URLs found in current raw content
https://coincu.com/arbitrum-dao-proposal-removed-for-legal-reasons/,posts,249989,publish,3,0,0,no,no_match_in_raw,No candidate old URLs found in current raw content
https://coincu.com/spam-eth-from-tornado-cash/,posts,115952,publish,3,0,0,no,no_match_in_raw,No candidate old URLs found in current raw content
https://coincu.com/us-congressman-crypto-ban-wont-happen-soon/,,,,3,0,0,no,missing_post_id,Could not resolve source URL to posts/pages via REST
https://coincu.com/tornado-cash-developer-sentenced-3-months/,posts,145402,publish,3,0,0,no,no_match_in_raw,No candidate old URLs found in current raw content
https://coincu.com/tornado-cash-users-75000-usd-will-be-freeze/,posts,115727,publish,3,0,0,no,no_match_in_raw,No candidate old URLs found in current raw content
https://coincu.com/ftx-freezes-accounts-interacting-aztec/,,,,3,0,0,no,missing_post_id,Could not resolve source URL to posts/pages via REST
https://coincu.com/chainbase-open-sources-theia-llama-3-1-8b/,posts,286786,publish,3,0,0,no,no_match_in_raw,No candidate old URLs found in current raw content
https://coincu.com/notional-ventures-pioneers-cosmos-ecosystem/,,,,3,0,0,no,missing_post_id,Could not resolve source URL to posts/pages via REST
https://coincu.com/zkevm-public-testnet/,,,,3,0,0,no,missing_post_id,Could not resolve source URL to posts/pages via REST
https://coincu.com/opensea-joining-the-arbitrum-ecosystem/,,,,3,0,0,no,missing_post_id,Could not resolve source URL to posts/pages via REST
https://coincu.com/discover-madara-starknet-the-sequencer-1000000x/,,,,3,0,0,no,missing_post_id,Could not resolve source URL to posts/pages via REST
https://coincu.com/circle-starks-supercharge-proving-speed-620k-h-s/,,,,3,0,0,no,missing_post_id,Could not resolve source URL to posts/pages via REST
https://coincu.com/validiums-and-optimiums-do-not-layer-2-l2beat/,,,,3,0,0,no,missing_post_id,Could not resolve source URL to posts/pages via REST
https://coincu.com/espresso-systems-revolutionizes-blockchain/,,,,3,0,0,no,missing_post_id,Could not resolve source URL to posts/pages via REST
https://coincu.com/top-8-starknet-defi-projects/,posts,194106,publish,3,0,0,no,no_match_in_raw,No candidate old URLs found in current raw content
https://coincu.com/web3-use-cases-for-zero-knowledge-proof/,posts,169242,publish,3,0,0,no,no_match_in_raw,No candidate old URLs found in current raw content
https://coincu.com/starknet-scam-alert-beware-of-fake-token-airdrop/,posts,246885,publish,3,0,0,no,no_match_in_raw,No candidate old URLs found in current raw content
https://coincu.com/vitalik-rarimo-freedom-tool-voting-russia/,posts,265320,publish,3,0,0,no,no_match_in_raw,No candidate old URLs found in current raw content
https://coincu.com/explain-zkomnichain/,posts,169588,publish,3,0,0,no,no_match_in_raw,No candidate old URLs found in current raw content
https://coincu.com/way-network-trustless-transactions/,,,,3,0,0,no,missing_post_id,Could not resolve source URL to posts/pages via REST
https://coincu.com/unlock-advanced-zero-knowledge-proof/,posts,169299,publish,3,0,0,no,no_match_in_raw,No candidate old URLs found in current raw content
https://coincu.com/starknet-v0-12-0-now-live-on-mainnet/,posts,202121,publish,3,0,0,no,no_match_in_raw,No candidate old URLs found in current raw content
https://coincu.com/renegade-a-new-decentralized-dark-pool/,,,,3,0,0,no,missing_post_id,Could not resolve source URL to posts/pages via REST
https://coincu.com/immutable-x-denies-exposure-silvergate/,posts,172721,publish,3,0,0,no,no_match_in_raw,No candidate old URLs found in current raw content
https://coincu.com/zcash-launched-version-v5-5-0/,,,,3,0,0,no,missing_post_id,Could not resolve source URL to posts/pages via REST
https://coincu.com/mind-network-leading-privacy-data-security-web3/,posts,199035,publish,3,0,0,no,no_match_in_raw,No candidate old URLs found in current raw content
https://coincu.com/gamefis-new-paradigm-battle-to-play-model/,posts,171015,publish,3,0,0,no,no_match_in_raw,No candidate old URLs found in current raw content
https://coincu.com/uniswap-v3-deployment-to-moonbeam/,,,,3,0,0,no,missing_post_id,Could not resolve source URL to posts/pages via REST
https://coincu.com/braavos-raises-10-million/,posts,138482,publish,3,0,0,no,no_match_in_raw,No candidate old URLs found in current raw content
https://coincu.com/starknet-bridges-over-500k-wallets-65-million/,posts,200470,publish,3,0,0,no,no_match_in_raw,No candidate old URLs found in current raw content
https://coincu.com/1-8-b-strk-tokens-distribution-plan-starknet/,,,,3,0,0,no,missing_post_id,Could not resolve source URL to posts/pages via REST
https://coincu.com/cryptoquant-report-bitcoin-etfs-dominate-75/,posts,247428,publish,3,0,0,no,no_match_in_raw,No candidate old URLs found in current raw content
https://coincu.com/blackrock-spot-bitcoin-etf-1b-volume/,,,,3,0,0,no,missing_post_id,Could not resolve source URL to posts/pages via REST
https://coincu.com/radiant-capital-rdnt-soars-10-binance-backing/,,,,3,0,0,no,missing_post_id,Could not resolve source URL to posts/pages via REST
https://coincu.com/ethereum-verkle-trees-are-expected/,,,,3,0,0,no,missing_post_id,Could not resolve source URL to posts/pages via REST
https://coincu.com/blackrock-spot-bitcoin-etf-now-holds-over-10-b/,,,,3,0,0,no,missing_post_id,Could not resolve source URL to posts/pages via REST
https://coincu.com/how-will-the-dex-war-explode/,posts,167234,publish,3,0,0,no,no_match_in_raw,No candidate old URLs found in current raw content
https://coincu.com/vaneck-pyth-etn-now-available-in-europe/,,,,3,0,0,no,missing_post_id,Could not resolve source URL to posts/pages via REST
https://coincu.com/btc-price-drops-28k-amidst-expiring-options/,posts,182840,publish,3,0,0,no,no_match_in_raw,No candidate old URLs found in current raw content
https://coincu.com/bitcoin-conflict-signals-next-bull-market/,,,,3,0,0,no,missing_post_id,Could not resolve source URL to posts/pages via REST
https://coincu.com/bitcoin-btc-losing-a-critical-support-level/,,,,3,0,0,no,missing_post_id,Could not resolve source URL to posts/pages via REST
https://coincu.com/can-bitcoin-find-essential-back-to-20000/,posts,160286,publish,3,0,0,no,no_match_in_raw,No candidate old URLs found in current raw content
https://coincu.com/crypto-strategist-predicts-new-bitcoin-high/,,,,3,0,0,no,missing_post_id,Could not resolve source URL to posts/pages via REST
https://coincu.com/usdc-traders-bet-on-possible-rebound/,,,,3,0,0,no,missing_post_id,Could not resolve source URL to posts/pages via REST
https://coincu.com/sentiment-exploited/,,,,3,0,0,no,missing_post_id,Could not resolve source URL to posts/pages via REST
https://coincu.com/evaluation-will-usdc-survive-through-mess/,,,,3,0,0,no,missing_post_id,Could not resolve source URL to posts/pages via REST
https://coincu.com/usdc-polygon-launch-475-billion-in-transactions/,,,,3,0,0,no,missing_post_id,Could not resolve source URL to posts/pages via REST
https://coincu.com/kashi-and-miso-platforms-sushiswap/,posts,157513,publish,3,0,0,no,no_match_in_raw,No candidate old URLs found in current raw content
https://coincu.com/busd-rises-as-stablecoin-wars-heat-up/,posts,136452,publish,3,0,0,no,no_match_in_raw,No candidate old URLs found in current raw content
https://coincu.com/fud-1b-gala-tokens-mined-cross-chain-hacked/,,,,3,0,0,no,missing_post_id,Could not resolve source URL to posts/pages via REST
https://coincu.com/crypto-whales-suddenly-move-300-million-xrp/,,,,3,0,0,no,missing_post_id,Could not resolve source URL to posts/pages via REST
https://coincu.com/xrp-soars-8-after-ripples-legal-sec/,posts,188014,publish,3,0,0,no,no_match_in_raw,No candidate old URLs found in current raw content
https://coincu.com/sec-wants-the-court-to-revoke-xrp-holders/,posts,110451,publish,3,0,0,no,no_match_in_raw,No candidate old URLs found in current raw content
https://coincu.com/xrp-market-cap-officially-surpasses-100-billion/,,,,3,0,0,no,missing_post_id,Could not resolve source URL to posts/pages via REST
https://coincu.com/hotbit-shuts-down-leaving-users/,posts,200449,publish,3,0,0,no,no_match_in_raw,No candidate old URLs found in current raw content
https://coincu.com/degentown-rugpull-and-magic-edens-censoring/,posts,118706,publish,3,0,0,no,no_match_in_raw,No candidate old URLs found in current raw content
https://coincu.com/wallstreetbets-meme-coin-plummets/,posts,185226,publish,3,0,0,no,no_match_in_raw,No candidate old URLs found in current raw content
https://coincu.com/binance-empowers-xirtam-victims/,,,,3,0,0,no,missing_post_id,Could not resolve source URL to posts/pages via REST
https://coincu.com/10-crypto-incidents-in-last-week/,,,,3,0,0,no,missing_post_id,Could not resolve source URL to posts/pages via REST
https://coincu.com/litecoin-completes-the-3rd-halving/,,,,3,0,0,no,missing_post_id,Could not resolve source URL to posts/pages via REST
https://coincu.com/rocketswap-on-base-new-victim-of-an-attack/,,,,3,0,0,no,missing_post_id,Could not resolve source URL to posts/pages via REST
https://coincu.com/curve-finance-stops-crv-rewards-pools-attacks/,posts,208104,publish,3,0,0,no,no_match_in_raw,No candidate old URLs found in current raw content
https://coincu.com/bitcoin-mining-difficulty-has-risen/,posts,136265,publish,3,0,0,no,no_match_in_raw,No candidate old URLs found in current raw content
https://coincu.com/binance-may-be-accused-of-fraud/,,,,3,0,0,no,missing_post_id,Could not resolve source URL to posts/pages via REST
