url,title,h1,content_bucket,status_code,indexability,word_count,meta_description_len,clicks,impressions,ctr,position,ref_domains,backlinks,in_live_sitemap,heuristic_action,confidence,priority,reason
https://coincu.com/layerzero-cross-chain-messages-exceeded-370000/,"LayerZero Cross-chain Messages Exceeded 370,000 In A Day","LayerZero Cross-chain Messages Exceeded 370,000 In A Day",news,200,Indexable,1944,127,0,0,,,0,0,yes,delete,high,P1,no_signal
https://coincu.com/layerzero-eth-to-goerli-eth-testnet-bridge/,LayerZero Revolutionizes ETH To Goerli-ETH Exchange With Testnet Bridge 1,LayerZero Revolutionizes ETH To Goerli-ETH Exchange With Testnet Bridge,news,200,Indexable,2249,227,0,0,,,0,0,yes,delete,high,P1,no_signal
https://coincu.com/layerzero-google-cloud-cross-chain-security/,LayerZero Partners With Google Cloud To Elevate Cross-Chain Security,LayerZero Partners With Google Cloud To Elevate Cross-Chain Security,news,200,Indexable,1962,78,0,0,,,0,0,yes,delete,high,P1,no_signal
https://coincu.com/layerzero-is-now-live-on-layer-2-base/,LayerZero Is Now Live On Layer 2 Base Mainnet,LayerZero Is Now Live On Layer 2 Base Mainnet,news,200,Indexable,2047,131,0,0,,,0,0,yes,delete,high,P1,no_signal
https://coincu.com/layerzero-is-now-live-on-zksync-era-mainnet/,"LayerZero Is Now Live On zkSync Era Mainnet, Enables Across 30+ Chains","LayerZero Is Now Live On zkSync Era Mainnet, Enables Across 30+ Chains",news,200,Indexable,2104,249,0,0,,,0,0,yes,delete,high,P1,no_signal
https://coincu.com/layerzero-joins-forces-with-zora/,LayerZero Joins Forces With Zora Network For Free NFT Minting,LayerZero Joins Forces With Zora Network For Free NFT Minting,news,200,Indexable,1915,165,0,0,,,0,0,yes,delete,high,P1,no_signal
https://coincu.com/layerzero-labs-4-new-tokens-to-fantom-network/,LayerZero Labs Introduces 4 New Tokens To Fantom Network For Increased Stability,LayerZero Labs Introduces 4 New Tokens To Fantom Network For Increased Stability,news,200,Indexable,2201,183,0,0,,,0,0,yes,delete,high,P1,no_signal
https://coincu.com/layerzero-labs-and-initia-labs-define-cosmos/,LayerZero Labs and Initia Labs Define Cosmos Interoperability Standards!,LayerZero Labs and Initia Labs Define Cosmos Interoperability Standards!,news,200,Indexable,2098,134,0,0,,,0,0,yes,delete,high,P1,no_signal
https://coincu.com/layerzero-not-satisfy-bitcoin-consensus/,Why Does LayerZero Not Truly Satisfy The Bitcoin Consensus,Why Does LayerZero Not Truly Satisfy The Bitcoin Consensus,news,200,Indexable,3394,149,0,0,,,0,0,yes,delete,high,P1,no_signal
https://coincu.com/layerzero-raises-120m/,"LayerZero Raises $120 Million In Series B, Reaches $3 Billion Valuation","LayerZero Raises $120 Million In Series B, Reaches $3 Billion Valuation",news,200,Indexable,2168,87,0,0,,,0,0,yes,delete,high,P1,no_signal
https://coincu.com/layerzero-sybil-appeals-set-to-close/,LayerZero Sybil Appeals Set to Close on May 28th to Launch Bounty Hunter Phase,LayerZero Sybil Appeals Set to Close on May 28th to Launch Bounty Hunter Phase,news,200,Indexable,2136,120,0,0,,,0,0,yes,delete,high,P1,no_signal
https://coincu.com/layerzero-sybil-bounty-event/,LayerZero Sybil Bounty Event Will Be Launched With 15% Allocation For Fraudulent Addresses,LayerZero Sybil Bounty Event Will Be Launched With 15% Allocation For Fraudulent Addresses,news,200,Indexable,2210,117,0,0,,,0,0,yes,delete,high,P1,no_signal
https://coincu.com/layerzero-sybil-bounty-program-completed/,LayerZero Sybil Bounty Program Has Now Completed 10% Token Distribution to Hunters,LayerZero Sybil Bounty Program Has Now Completed 10% Token Distribution to Hunters,news,200,Indexable,2094,106,0,0,,,0,0,yes,delete,high,P1,no_signal
https://coincu.com/layerzero-sybil-bounty-reopened/,LayerZero Sybil Bounty Reopened On May 28 With Deposit Requirement For Report,LayerZero Sybil Bounty Reopened On May 28 With Deposit Requirement For Report,news,200,Indexable,2088,86,0,0,,,0,0,yes,delete,high,P1,no_signal
https://coincu.com/layerzero-sybil-check-currently-taking-time/,LayerZero Sybil Check Currently Taking Time But Airdop Still Happening On Schedule,LayerZero Sybil Check Currently Taking Time But Airdop Still Happening On Schedule,news,200,Indexable,2145,149,0,0,,,0,0,yes,delete,high,P1,no_signal
https://coincu.com/layerzero-sybil-check-list-will-release/,LayerZero Sybil Check List Will Release Before Mid-2024,LayerZero Sybil Check List Will Release Before Mid-2024,news,200,Indexable,2092,122,0,0,,,0,0,yes,delete,high,P1,no_signal
https://coincu.com/layerzero-sybil-detection-report/,LayerZero Sybil Detection Report Is Being Conducted With Chaos Labs And Nansen,LayerZero Sybil Detection Report Is Being Conducted With Chaos Labs And Nansen,news,200,Indexable,2119,126,0,0,,,0,0,yes,delete,high,P1,no_signal
https://coincu.com/layerzero-sybil-hunters/,LayerZero Sybil Hunters Can Only Receive 10% of Invalid Address Airdrops,LayerZero Sybil Hunters Can Only Receive 10% of Invalid Address Airdrops,news,200,Indexable,2165,107,0,0,,,0,0,yes,delete,high,P1,no_signal
https://coincu.com/layerzero-sybil-self-report-phase-is-now-ended/,"LayerZero Sybil Self-report Phase Is Now Ended With Over 800,000 Fraudulent Addresses","LayerZero Sybil Self-report Phase Is Now Ended With Over 800,000 Fraudulent Addresses",news,200,Indexable,2087,106,0,0,,,0,0,yes,delete,high,P1,no_signal
https://coincu.com/layerzero-sybil-user-analysis-30k-sybil-activity/,LayerZero Sybil User Analysis: Only 30k Users Admit To Sybil Activity,LayerZero Sybil User Analysis: Only 30k Users Admit To Sybil Activity,news,200,Indexable,2048,152,0,0,,,0,0,yes,delete,high,P1,no_signal
https://coincu.com/layerzero-token-not-deployed-raises-fake-token/,"LayerZero Token Not Deployed, Raises Concerns of Fake Token","LayerZero Token Not Deployed, Raises Concerns of Fake Token",news,200,Indexable,2188,205,0,0,,,0,0,yes,delete,high,P1,no_signal
https://coincu.com/layerzeros-daily-transaction-volume-crashes-97/,LayerZero's Daily Transaction Volume Crashes Over 97% from Peak!,LayerZero’s Daily Transaction Volume Crashes Over 97% from Peak!,news,200,Indexable,2001,92,0,0,,,0,0,yes,delete,high,P1,no_signal
https://coincu.com/lazarus-group-behind-bybits-hack/,Lazarus Group Behind Bybit's $1.4 Billion Hack: Reports,Lazarus Group Behind Bybit’s $1.4 Billion Hack: Reports,news,200,Indexable,2373,131,0,0,,,0,0,yes,delete,high,P1,no_signal
https://coincu.com/lazarus-group-bounty-website/,Lazarus Group Bounty Website Now Launched By Bybit to Recover Stolen Funds,Lazarus Group Bounty Website Now Launched By Bybit to Recover Stolen Funds,news,200,Indexable,2414,127,0,0,,,0,0,yes,delete,high,P1,no_signal
https://coincu.com/lazarus-group-hack-debridge-finance-network/,Lazarus Group Tried To Hack The deBridge Finance Network,Lazarus Group Tried To Hack The deBridge Finance Network,news,200,Indexable,2167,160,0,0,,,0,0,yes,delete,high,P1,no_signal
https://coincu.com/lazarus-group-moved-63-5m/,Lazarus Group Moved $63.5 Million From The Harmony Bridge Hack,Lazarus Group Moved $63.5 Million From The Harmony Bridge Hack,news,200,Indexable,2208,155,0,0,,,0,0,yes,delete,high,P1,no_signal
https://coincu.com/lazarus-group-new-crypto-scam/,Lazarus Group With New Crypto Scam Plan Through App Spreading Malware,Lazarus Group With New Crypto Scam Plan Through App Spreading Malware,news,200,Indexable,2097,156,0,0,,,0,0,yes,delete,high,P1,no_signal
https://coincu.com/lazarus-group-supposed-behind-hacks/,Lazarus Group Is Supposed To Be Behind The Recent Massive Damage Hacks,Lazarus Group Is Supposed To Be Behind The Recent Massive Damage Hacks,news,200,Indexable,2274,104,0,0,,,0,0,yes,delete,high,P1,no_signal
https://coincu.com/lazarus-group-targeting-macos-users/,North Korean Hackers Lazarus Group Backs To The Campaign Targeting macOS Users,North Korean Hackers Lazarus Group Backs To The Campaign Targeting macOS Users,news,200,Indexable,2118,156,0,0,,,0,0,yes,delete,high,P1,no_signal
https://coincu.com/lazarus-groups-240-million-crypto-heist-shocks/,Lazarus Group's $240 Million Crypto Heist Shocks with 104-Day Streak,Lazarus Group’s $240 Million Crypto Heist Shocks with 104-Day Streak,news,200,Indexable,2080,227,0,0,,,0,0,yes,delete,high,P1,no_signal
https://coincu.com/lazy-mint-new-trend-to-release-nft/,Lazy Mint – New trend to release NFT,Lazy Mint – New trend to release NFT,news,200,Indexable,2324,150,0,0,,,0,0,yes,delete,high,P1,no_signal
https://coincu.com/lbank-exchange-warning-issued-by-japan/,LBank Exchange Warning Issued By Japan's Financial Watchdog With Illegal Allegations,LBank Exchange Warning Issued By Japan’s Financial Watchdog With Illegal Allegations,news,200,Indexable,2075,126,0,0,,,0,0,yes,delete,high,P1,no_signal
https://coincu.com/lbank-labs-invests-in-symbolic-capital/,Blockchain Venture Fund LBank Labs Invests In Symbolic Capital To Fuel Web3 Innovation,Blockchain Venture Fund LBank Labs Invests In Symbolic Capital To Fuel Web3 Innovation,news,200,Indexable,2340,140,0,0,,,0,0,yes,delete,high,P1,no_signal
https://coincu.com/lbry-case-sec-settles-on-security/,"LBRY Case: SEC Settles On Security Claim, Community Hails It As Major Victory For Crypto","LBRY Case: SEC Settles On Security Claim, Community Hails It As Major Victory For Crypto",news,200,Indexable,2312,189,0,0,,,0,0,yes,delete,high,P1,no_signal
https://coincu.com/lbry-has-been-troubled-with-apple/,LBRY Has Been Troubled With Apple About Censorship Terms,LBRY Has Been Troubled With Apple About Censorship Terms,news,200,Indexable,2175,154,0,0,,,0,0,yes,delete,high,P1,no_signal
https://coincu.com/lbry-ordered-to-present-brief-in-sec-lawsuit/,Blockchain Platform LBRY Ordered To Present Brief In SEC Lawsuit By November 1,Blockchain Platform LBRY Ordered To Present Brief In SEC Lawsuit By November 1,news,200,Indexable,2130,99,0,0,,,0,0,yes,delete,high,P1,no_signal
https://coincu.com/ldo-lido-dump-10-rumors-receiving-wells/,LDO's Lido Dump 10% After Rumors Of Receiving Wells Notifications From SEC - Coincu - Latest Cryptocurrency News and Analysis 2 2,LDO’s Lido Dump 10% After Rumors Of Receiving Wells Notifications From SEC,news,200,Indexable,2123,327,0,0,,,0,0,yes,delete,high,P1,no_signal
https://coincu.com/leader-of-miami-crew-pleads-guilty/,Leader Of Miami Crew Pleads Guilty To $4 Million Defrauding Banks,Leader Of Miami Crew Pleads Guilty To $4 Million Defrauding Banks,news,200,Indexable,2276,135,0,0,,,0,0,yes,delete,high,P1,no_signal
https://coincu.com/leaders-jpmorgan-joined-crypto-companies/,"The Trio Of Leaders Left JPMorgan, Joined Crypto Companies","The Trio Of Leaders Left JPMorgan, Joined Crypto Companies",news,200,Indexable,2286,155,0,0,,,0,0,yes,delete,high,P1,no_signal
https://coincu.com/leading-crypto-presales-of-2024-blockdag-pepe-unchained-earthmeta-beyond/,2024’s 5 Leading Crypto Presales for Transforming Minor Stakes into Major Gains,2024’s 5 Leading Crypto Presales for Transforming Minor Stakes into Major Gains,news,200,Indexable,2291,192,0,0,,,0,0,yes,delete,high,P1,no_signal
https://coincu.com/leading-meme-coin-2024-moonhop-advances-to-stage-2-with-1m-in-sales-surpasses-pepe-amid-dogecoin-surge/,"Leading Meme Coin 2024: MOONHOP Advances to Stage 2 with $1M in Sales, Surpasses PEPE Amid Dogecoin Surge!","Leading Meme Coin 2024: MOONHOP Advances to Stage 2 with $1M in Sales, Surpasses PEPE Amid Dogecoin Surge!",news,200,Indexable,2343,166,0,0,,,0,0,yes,delete,high,P1,no_signal
https://coincu.com/leading-smart-account-protocol-safe-its-community-invited-to-binancesvote-to-list-program/,Leading Smart Account Protocol ‘SAFE’ & Its Community Invited to Binance’s’Vote To List’ Program,Leading Smart Account Protocol ‘SAFE’ & Its Community Invited to Binance’s’Vote To List’ Program,news,200,Indexable,2041,215,0,0,,,0,0,yes,delete,high,P1,no_signal
https://coincu.com/league-of-legends-market-volume/,League of Legends World Championship Surpasses $5.45 Million in Bets,League of Legends World Championship Surpasses $5.45 Million in Bets,news,200,Indexable,1924,115,0,0,,,0,0,yes,delete,high,P1,no_signal
https://coincu.com/leah-walds-sol-strategies-reinvests-ftx-funds/,Leah Wald’s Sol Strategies Reinvests FTX Funds in Solana Expansion,Leah Wald’s Sol Strategies Reinvests FTX Funds in Solana Expansion,news,200,Indexable,2008,159,0,0,,,0,0,yes,delete,high,P1,no_signal
https://coincu.com/leaked-memo-classify-crypto-as-securities/,Leaked Memo Reveals Democrats Aim To Classify Crypto As Securities: Report,Leaked Memo Reveals Democrats Aim To Classify Crypto As Securities: Report,news,200,Indexable,2125,126,0,0,,,0,0,yes,delete,high,P1,no_signal
https://coincu.com/leave-indian-exchanges-binance-avoid-taxes/,Crypto Traders Leave Indian Exchanges For Binance In Order To Avoid Taxes,Crypto Traders Leave Indian Exchanges For Binance In Order To Avoid Taxes,news,200,Indexable,2372,155,0,0,,,0,0,yes,delete,high,P1,no_signal
https://coincu.com/lebanon-use-crypto-to-fight-inflation/,Citizens Of Lebanon Use Crypto To Fight Inflation,Citizens Of Lebanon Use Crypto To Fight Inflation,news,200,Indexable,2131,156,0,0,,,0,0,yes,delete,high,P1,no_signal
https://coincu.com/ledger-co-founder-released-after-kidnapping/,Ledger Co-Founder Released After More Than 36 Hours of Kidnapping,Ledger Co-Founder Released After More Than 36 Hours of Kidnapping,news,200,Indexable,2055,102,0,0,,,0,0,yes,delete,high,P1,no_signal
https://coincu.com/ledger-code-base-attack-employee-account-leakage/,Ledger Code Base Attack Linked to Employee Account Leakage!,Ledger Code Base Attack Linked to Employee Account Leakage!,news,200,Indexable,2144,149,0,0,,,0,0,yes,delete,high,P1,no_signal
https://coincu.com/ledger-connect-kit-exploit/,Ledger Connect Kit Exploit Still Under Active Investigation,Ledger Connect Kit Exploit Still Under Active Investigation,news,200,Indexable,2060,160,0,0,,,0,0,yes,delete,high,P1,no_signal
https://coincu.com/ledger-connect-kit-hackers-exploiting/,"Ledger Connect Kit Hackers Stole $484,000 By Exploiting Vulnerabilities","Ledger Connect Kit Hackers Stole $484,000 By Exploiting Vulnerabilities",news,200,Indexable,2073,140,0,0,,,0,0,yes,delete,high,P1,no_signal
https://coincu.com/ledger-data-breach-global-e/,Ledger Data Breach via Third-Party Payment Processor,Ledger Data Breach via Third-Party Payment Processor,news,200,Indexable,2150,75,0,0,,,0,0,yes,delete,high,P1,no_signal
https://coincu.com/ledger-defends-its-stand/,Ledger Defends Its Controversial Stand,Ledger Defends Its Controversial Stand,news,200,Indexable,2190,125,0,0,,,0,0,yes,delete,high,P1,no_signal
https://coincu.com/ledger-live-integrated-arbitrum-optimism/,"Ledger Live Integrated Arbitrum, Optimism With New Coins And Tokens","Ledger Live Integrated Arbitrum, Optimism With New Coins And Tokens",news,200,Indexable,2164,127,0,0,,,0,0,yes,delete,high,P1,no_signal
https://coincu.com/ledger-plans-u-s-ipo-with-potential/,Ledger Plans U.S. IPO with Potential Valuation Over $4 Billion,Ledger Plans U.S. IPO with Potential Valuation Over $4 Billion,news,200,Indexable,1886,127,0,0,,,0,0,yes,delete,high,P1,no_signal
https://coincu.com/ledger-receives-strong-criticism/,Ledger Receives Strong Criticism From Community With New Function,Ledger Receives Strong Criticism From Community With New Function,news,200,Indexable,2211,136,0,0,,,0,0,yes,delete,high,P1,no_signal
https://coincu.com/ledger-recover-doubles-down-on-open-source/,Ledger Recover Doubles Down On Open Source Development After Recover Criticism,Ledger Recover Doubles Down On Open Source Development After Recover Criticism,news,200,Indexable,2236,135,0,0,,,0,0,yes,delete,high,P1,no_signal
https://coincu.com/ledger-security-breach-affects-600000-of-users/,"Ledger Security Breach Affects $600,000 Of Users","Ledger Security Breach Affects $600,000 Of Users",news,200,Indexable,2082,116,0,0,,,0,0,yes,delete,high,P1,no_signal
https://coincu.com/ledger-support-100-native-cardano-tokens/,Ledger Expands Support For 100 Native Cardano Tokens,Ledger Expands Support For 100 Native Cardano Tokens,news,200,Indexable,1958,157,0,0,,,0,0,yes,delete,high,P1,no_signal
https://coincu.com/ledger-warns-npm-attack-risk/,Ledger CTO Warns of Supply Chain Attack Risk,Ledger CTO Warns of Supply Chain Attack Risk,news,200,Indexable,2159,86,0,0,,,0,0,yes,delete,high,P1,no_signal
https://coincu.com/ledgerx-chooses-signature-bank-us-transfers/,"LedgerX Ditches Silvergate, Chooses Signature Bank For Seamless US Transfers - Coincu - Latest Cryptocurrency News and Analysis 1","LedgerX Ditches Silvergate, Chooses Signature Bank For Seamless US Transfers",news,200,Indexable,2169,252,0,0,,,0,0,yes,delete,high,P1,no_signal
https://coincu.com/ledgerx-llc-has-not-filed-for-bankruptcy/,LedgerX LLC Has Not Filed For Bankruptcy,LedgerX LLC Has Not Filed For Bankruptcy,news,200,Indexable,2056,154,0,0,,,0,0,yes,delete,high,P1,no_signal
https://coincu.com/ledgerx-not-on-ftxs-list-bankruptcy/,CFTC Confirmed LedgerX Not On FTX's List Of Bankruptcy Companies,CFTC Confirmed LedgerX Not On FTX’s List Of Bankruptcy Companies,news,200,Indexable,1940,180,0,0,,,0,0,yes,delete,high,P1,no_signal
https://coincu.com/ledgerx-put-175-million-in-bankruptcy/,FTX's LedgerX Will Put $175 Million In Bankruptcy Proceedings,FTX’s LedgerX Will Put $175 Million In Bankruptcy Proceedings,news,200,Indexable,1944,154,0,0,,,0,0,yes,delete,high,P1,no_signal
https://coincu.com/ledn-affirms-no-exposure-genesis/,Crypto Lender Ledn Affirms No Exposure With Genesis,Crypto Lender Ledn Affirms No Exposure With Genesis,press_release_like,200,Indexable,1963,140,0,0,,,0,0,yes,delete,high,P1,event_pr_signal
https://coincu.com/leetswap-no-1-dex-on-base-suspected-attack/,"LeetSwap, No.1 DEX On Base Suspected Attack","LeetSwap, No.1 DEX On Base Suspected Attack",news,200,Indexable,2319,139,0,0,,,0,0,yes,delete,high,P1,no_signal
https://coincu.com/leetswap-recovered-about-220-eth-hacked/,Developer LeetSwap Recovered About 220 ETH Hacked,Developer LeetSwap Recovered About 220 ETH Hacked,news,200,Indexable,2091,155,0,0,,,0,0,yes,delete,high,P1,no_signal
https://coincu.com/leetswap-recovers-314-eth-resume-trading/,"LeetSwap Recovers 314 ETH, New Measures Being Tested to Resume Trading","LeetSwap Recovers 314 ETH, New Measures Being Tested to Resume Trading",news,200,Indexable,2146,134,0,0,,,0,0,yes,delete,high,P1,no_signal
https://coincu.com/legal-experts-crypto-kols-can-remain-confident-in-the-current-regulatory-phase/,Legal Experts: Crypto KOLs Can Remain Confident in the Current Regulatory Phase,Legal Experts: Crypto KOLs Can Remain Confident in the Current Regulatory Phase,news,200,Indexable,2285,191,0,0,,,0,0,yes,delete,high,P1,no_signal
https://coincu.com/legal-probe-now-targets-digital-currency-group/,Legal Probe Now Targets Digital Currency Group's Financial Dealings With Genesis,Legal Probe Now Targets Digital Currency Group’s Financial Dealings With Genesis,news,200,Indexable,2130,93,0,0,,,0,0,yes,delete,high,P1,no_signal
https://coincu.com/legal-representatives-of-bankman-fried-parents/,Legal Representatives Of Bankman-Fried's Parents Defend Against Allegations In FTX Lawsuit,Legal Representatives Of Bankman-Fried’s Parents Defend Against Allegations In FTX Lawsuit,news,200,Indexable,2108,162,0,0,,,0,0,yes,delete,high,P1,no_signal
https://coincu.com/legal-turmoil-surrounds-craig-wright/,Legal Turmoil Surrounds Craig Wright: Hefty Fees And Contempt Charges In The Spotlight,Legal Turmoil Surrounds Craig Wright: Hefty Fees And Contempt Charges In The Spotlight,news,200,Indexable,2313,67,0,0,,,0,0,yes,delete,high,P1,no_signal
https://coincu.com/legends-at-war-blockchain-avalanche-network/,Legends At War Game To Launch Blockchain Version On Avalanche Network,Legends At War Game To Launch Blockchain Version On Avalanche Network,news,200,Indexable,2150,83,0,0,,,0,0,yes,delete,high,P1,no_signal
https://coincu.com/lemon-cash-lays-off-38-employees/,Argentinian Crypto Exchange Lemon Cash Lays Off 38% Of Employees Due To Market Impact,Argentinian Crypto Exchange Lemon Cash Lays Off 38% Of Employees Due To Market Impact,news,200,Indexable,1956,151,0,0,,,0,0,yes,delete,high,P1,no_signal
https://coincu.com/len-sassaman-is-now-believed-to-be-satoshi/,Len Sassaman Is Now Believed By Community To Be Satoshi With Top Odds,Len Sassaman Is Now Believed By Community To Be Satoshi With Top Odds,news,200,Indexable,2145,149,0,0,,,0,0,yes,delete,high,P1,no_signal
https://coincu.com/lenders-be-paid-15-eth-under-the-benddao/,Lenders Must Now Be Paid 15 ETH Under The BendDAO Contract,Lenders Must Now Be Paid 15 ETH Under The BendDAO Contract,news,200,Indexable,2023,157,0,0,,,0,0,yes,delete,high,P1,no_signal
https://coincu.com/lending-and-borrowing-you-need-to-know/,The Dark Side of DeFi: Lending and Borrowing Risks You Need to Know!,The Dark Side of DeFi: Lending and Borrowing Risks You Need to Know!,news,200,Indexable,3591,166,0,0,,,0,0,yes,delete,high,P1,no_signal
https://coincu.com/lending-projects-on-ethereum/,Top 5 Lending Projects On Ethereum,Top 5 Lending Projects On Ethereum,news,200,Indexable,4175,133,0,0,,,0,0,yes,delete,high,P1,no_signal
https://coincu.com/lending-protocol-solend-expansion/,Lending Protocol Solend Expansion Is Now More Active With Sui,Lending Protocol Solend Expansion Is Now More Active With Sui,news,200,Indexable,2090,153,0,0,,,0,0,yes,delete,high,P1,no_signal
https://coincu.com/lens-network-released-innovative-contracts/,Lens Network Will Be Released New Set of Innovative Contracts,Lens Network Will Be Released New Set of Innovative Contracts,news,200,Indexable,2019,143,0,0,,,0,0,yes,delete,high,P1,no_signal
https://coincu.com/lens-protocol-acquires-the-metaverse-sonar/,Lens Protocol Acquires The Mobile-First Metaverse Sonar,Lens Protocol Acquires The Mobile-First Metaverse Sonar,news,200,Indexable,2027,220,0,0,,,0,0,yes,delete,high,P1,no_signal
https://coincu.com/lens-protocol-announces-v2-release/,Lens Protocol Announces V2 Release With Web3 Experience Supports,Lens Protocol Announces V2 Release With Web3 Experience Supports,news,200,Indexable,2278,108,0,0,,,0,0,yes,delete,high,P1,no_signal
https://coincu.com/lens-protocol-has-problem/,Lens Protocol Has Problem In Mining Transactions For The Service,Lens Protocol Has Problem In Mining Transactions For The Service,news,200,Indexable,1908,158,0,0,,,0,0,yes,delete,high,P1,no_signal
https://coincu.com/lens-protocol-launches-bonsai/,Lens Protocol Launches Optimistic Layer 3 Scaling Solution Bonsai Project,Lens Protocol Launches Optimistic Layer 3 Scaling Solution Bonsai Project,news,200,Indexable,2294,79,0,0,,,0,0,yes,delete,high,P1,no_signal
https://coincu.com/lens-protocol-profiles-nft-drops/,Lens Protocol Profiles NFT Drops Over 60% By Concerns Of Users,Lens Protocol Profiles NFT Drops Over 60% By Concerns Of Users,news,200,Indexable,1992,129,0,0,,,0,0,yes,delete,high,P1,no_signal
https://coincu.com/lens-protocol-raises-15-million/,Lens Protocol Raises $15 Million To Promote Decentralized Social Web,Lens Protocol Raises $15 Million To Promote Decentralized Social Web,news,200,Indexable,2168,109,0,0,,,0,0,yes,delete,high,P1,no_signal
https://coincu.com/less-than-1-of-crypto-investors-pay-taxes/,"Less Than 1% Of Crypto Investors Pay Taxes, Study Reveals","Less Than 1% Of Crypto Investors Pay Taxes, Study Reveals",news,200,Indexable,2117,150,0,0,,,0,0,yes,delete,high,P1,no_signal
https://coincu.com/let-kaspa-go-qubetics-is-the-next-big-crypto-you-need/,Let Kaspa Go? Qubetics Is the Next Big Crypto You Need!,Let Kaspa Go? Qubetics Is the Next Big Crypto You Need!,news,200,Indexable,2420,132,0,0,,,0,0,yes,delete,high,P1,no_signal
https://coincu.com/letsbonk-takes-on-pump-fun-in-the-solana-meme-token-launchpad-space-while-this-layer-2-meme-coin-wins-all-the-attention-on-ethereum/,"LetsBONK Takes on Pump.fun in the Solana Meme Token Launchpad Space, While This Layer-2 Meme Coin Wins All the Attention on Ethereum","LetsBONK Takes on Pump.fun in the Solana Meme Token Launchpad Space, While This Layer-2 Meme Coin Wins All the Attention on Ethereum",news,200,Indexable,2526,127,0,0,,,0,0,yes,delete,high,P1,no_signal
https://coincu.com/levelfield-burling-bank-crypto-acquisition/,LevelField Financial Advances Burling Bank Acquisition Approval,LevelField Financial Advances Burling Bank Acquisition Approval,news,200,Indexable,2142,105,0,0,,,0,0,yes,delete,high,P1,no_signal
https://coincu.com/lever-rockets-100-with-massive-transfers/,"LEVER Rockets 100% with Massive Transfers to DWF, Binance, Bybit","LEVER Rockets 100% with Massive Transfers to DWF, Binance, Bybit",news,200,Indexable,2127,91,0,0,,,0,0,yes,delete,high,P1,no_signal
https://coincu.com/lewis-crypto-leaders-shadowy-super-coders-in-sbf/,Lewis Crypto Leaders Shadowy Super-Coders In Sam-Bankman Scandal,Lewis Crypto Leaders Shadowy Super-Coders In Sam-Bankman Scandal,news,200,Indexable,2273,249,0,0,,,0,0,yes,delete,high,P1,no_signal
https://coincu.com/lg-electronics-to-support-trade-nft/,LG Electronics Wants To Support User Trade NFT With New Patent,LG Electronics Wants To Support User Trade NFT With New Patent,news,200,Indexable,1990,130,0,0,,,0,0,yes,delete,high,P1,no_signal
https://coincu.com/lg-finally-joins-the-metaverse/,LG Finally Joins The Metaverse,LG Finally Joins The Metaverse,news,200,Indexable,1837,155,0,0,,,0,0,yes,delete,high,P1,no_signal
https://coincu.com/lg-to-shut-down-nft-marketplace-lg-art-lab/,LG to Shut Down NFT Marketplace LG Art Lab as Market Cools,LG to Shut Down NFT Marketplace LG Art Lab as Market Cools,news,200,Indexable,2106,136,0,0,,,0,0,yes,delete,high,P1,no_signal
https://coincu.com/libdogecoin-doge-integration-platforms/,"New Update Libdogecoin, Allowing DOGE Integration Into Different Platforms","New Update Libdogecoin, Allowing DOGE Integration Into Different Platforms",news,200,Indexable,1919,156,0,0,,,0,0,yes,delete,high,P1,no_signal
https://coincu.com/libdogecoin-keep-updating/,Libdogecoin Keep Updating Help Building Block For Dogecoin Projects,Libdogecoin Keep Updating Help Building Block For Dogecoin Projects,news,200,Indexable,1914,158,0,0,,,0,0,yes,delete,high,P1,no_signal
https://coincu.com/libra-and-melania-team-suspected-in-wash-trading/,LIBRA and MELANIA Teams Suspected in $2.73M Wash Trading Scheme,LIBRA and MELANIA Teams Suspected in $2.73M Wash Trading Scheme,news,200,Indexable,2551,162,0,0,,,0,0,yes,delete,high,P1,no_signal
https://coincu.com/libra-investigation-argentina-scandal/,Argentine Committee to Investigate LIBRA Cryptocurrency Scandal,Argentine Committee to Investigate LIBRA Cryptocurrency Scandal,news,200,Indexable,2136,131,0,0,,,0,0,yes,delete,high,P1,no_signal
https://coincu.com/libra-memecoin-scandal-argentina-freeze-110m/,Libra Memecoin Scandal: Argentina Moves to Freeze $110M,Libra Memecoin Scandal: Argentina Moves to Freeze $110M,news,200,Indexable,2166,148,0,0,,,0,0,yes,delete,high,P1,no_signal
https://coincu.com/libra-team-allegedly-makes-6-65m-profit-sniping/,LIBRA Team Allegedly Makes $6.65M Profit Through Token Sniping,LIBRA Team Allegedly Makes $6.65M Profit Through Token Sniping,news,200,Indexable,2260,139,0,0,,,0,0,yes,delete,high,P1,no_signal
https://coincu.com/libra-token-sparks-scam-suspicions/,LIBRA Token Sparks Scam Suspicions After Being Promoted by Argentine President,LIBRA Token Sparks Scam Suspicions After Being Promoted by Argentine President,news,200,Indexable,2302,136,0,0,,,0,0,yes,delete,high,P1,no_signal
https://coincu.com/lido-adopts-proposal-increasing-apr/,Lido Adopts Proposal Increasing The Allowed APR For Oracle From 10% To 17.5%,Lido Adopts Proposal Increasing The Allowed APR For Oracle From 10% To 17.5%,news,200,Indexable,1988,158,0,0,,,0,0,yes,delete,high,P1,no_signal
https://coincu.com/lido-and-new-updates/,Lido And New Updates Bring Positive Signals,Lido And New Updates Bring Positive Signals,news,200,Indexable,2076,154,0,0,,,0,0,yes,delete,high,P1,no_signal
https://coincu.com/lido-community-boosts-protocol-fund-20000-eth/,"Lido Community Boosts Protocol Fund With 20,000 ETH Investment","Lido Community Boosts Protocol Fund With 20,000 ETH Investment",news,200,Indexable,2238,153,0,0,,,0,0,yes,delete,high,P1,no_signal
https://coincu.com/lido-dao-considers-to-sell-or-stake-eth/,"Lido DAO Considers Recommend To Sell Or Stake Over 20,000 ETH","Lido DAO Considers Recommend To Sell Or Stake Over 20,000 ETH",news,200,Indexable,2245,151,0,0,,,0,0,yes,delete,high,P1,no_signal
https://coincu.com/lido-dao-governance-holds-onto-39-eth/,Lido DAO Governance Holds Onto 39 ETH Despite Sushi Recovery Effort,Lido DAO Governance Holds Onto 39 ETH Despite Sushi Recovery Effort,news,200,Indexable,2208,223,0,0,,,0,0,yes,delete,high,P1,no_signal
https://coincu.com/lido-doesnt-use-ldo-reward/,Lido Doesn't Use LDO As A Reward In The Month Of June,Lido Doesn’t Use LDO As A Reward In The Month Of June,news,200,Indexable,2163,102,0,0,,,0,0,yes,delete,high,P1,no_signal
https://coincu.com/lido-dominates-july-with-soaring-tvl/,Lido Dominates July With Soaring TVL and Phenomenal Protocol Uptake,Lido Dominates July With Soaring TVL and Phenomenal Protocol Uptake,news,200,Indexable,2136,153,0,0,,,0,0,yes,delete,high,P1,no_signal
https://coincu.com/lido-expanded-to-optimism-arbitrum/,Lido Expanded To Layer 2 Networks Optimism And Arbitrum,Lido Expanded To Layer 2 Networks Optimism And Arbitrum,news,200,Indexable,2186,146,0,0,,,0,0,yes,delete,high,P1,no_signal
https://coincu.com/lido-finance-announcing-lido-version-2/,"Lido Finance Announcing Lido Version 2, Upgrades Staking Router And Withdrawals","Lido Finance Announcing Lido Version 2, Upgrades Staking Router And Withdrawals",news,200,Indexable,2165,225,0,0,,,0,0,yes,delete,high,P1,no_signal
https://coincu.com/lido-finance-continues-to-sell-2-ldo/,Lido Finance Continues Proposing To Sell 2% Of Total LDO,Lido Finance Continues Proposing To Sell 2% Of Total LDO,news,200,Indexable,2130,149,0,0,,,0,0,yes,delete,high,P1,no_signal
https://coincu.com/lido-finance-dominates-ethereum-staking/,Lido Finance Dominates Ethereum Staking With 33% Ownership!,Lido Finance Dominates Ethereum Staking With 33% Ownership!,news,200,Indexable,2180,126,0,0,,,0,0,yes,delete,high,P1,no_signal
https://coincu.com/lido-finance-is-under-intense-pressure-sell/,Lido Finance Is Under Intense Pressure To Sell,Lido Finance Is Under Intense Pressure To Sell,news,200,Indexable,2055,157,0,0,,,0,0,yes,delete,high,P1,no_signal
https://coincu.com/lido-finance-really-important-ethereum-2-0/,Lido Finance - A Really Important Factor For The Development Of Ethereum 2.0,Lido Finance – A Really Important Factor For The Development Of Ethereum 2.0,news,200,Indexable,3003,214,0,0,,,0,0,yes,delete,high,P1,no_signal
https://coincu.com/lido-finance-validator-reveals-corrupt-eth-deal/,Lido Finance Validator Reveals Corrupt ETH Deal in USDC-WETH Swap,Lido Finance Validator Reveals Corrupt ETH Deal in USDC-WETH Swap,news,200,Indexable,2113,136,0,0,,,0,0,yes,delete,high,P1,no_signal
https://coincu.com/lido-finances-new-proposal/,Lido Finance's New Proposal Has A Positive Signal,Lido Finance’s New Proposal Has A Positive Signal,news,200,Indexable,2115,154,0,0,,,0,0,yes,delete,high,P1,no_signal
https://coincu.com/lido-gets-trust-with-diamond-hands/,"Lido Gets 6 Institutions, Including Paradigm Trust With Diamond Hands","Lido Gets 6 Institutions, Including Paradigm Trust With Diamond Hands",news,200,Indexable,2169,65,0,0,,,0,0,yes,delete,high,P1,no_signal
https://coincu.com/lido-gives-users-withdraw-steth-nft/,Lido Gives Users Withdraw stETH A Transferable NFT Like A Receipt Web3,Lido Gives Users Withdraw stETH A Transferable NFT Like A Receipt Web3,news,200,Indexable,2217,141,0,0,,,0,0,yes,delete,high,P1,no_signal
https://coincu.com/lido-launches-wsteth-on-ethereum-layer-2/,Lido Launches wstETH on Ethereum Layer 2 Mantle Network,Lido Launches wstETH on Ethereum Layer 2 Mantle Network,news,200,Indexable,2114,107,0,0,,,0,0,yes,delete,high,P1,no_signal
https://coincu.com/lido-reaches-6-million-eth-staked/,Lido Reaches 6 Million ETH Staked After Shanghai Upgrade,Lido Reaches 6 Million ETH Staked After Shanghai Upgrade,news,200,Indexable,2237,128,0,0,,,0,0,yes,delete,high,P1,no_signal
https://coincu.com/lido-sell-tokens-worth-29-million/,"Lido Finance Will Sell Tokens Worth $29 Million, Causing A 20% Drop In LDO.","Lido Finance Will Sell Tokens Worth $29 Million, Causing A 20% Drop In LDO.",news,200,Indexable,1879,160,0,0,,,0,0,yes,delete,high,P1,no_signal
https://coincu.com/lido-stake-20000-eth-2-million/,"Lido Community Votes to Stake 20,000 ETH, Aiming for $2 Million Annual Income","Lido Community Votes to Stake 20,000 ETH, Aiming for $2 Million Annual Income",news,200,Indexable,2059,148,0,0,,,0,0,yes,delete,high,P1,no_signal
https://coincu.com/lido-surges-ahead-with-ethereum-upgrade/,Lido Surges Ahead With Ethereum Upgrade: Revolutionizing Liquid Staking,Lido Surges Ahead With Ethereum Upgrade: Revolutionizing Liquid Staking,news,200,Indexable,2177,220,0,0,,,0,0,yes,delete,high,P1,no_signal
https://coincu.com/lido-team-provides-design-for-staked-ether/,Lido Team Provides Design For Staked Ether Withdrawals,Lido Team Provides Design For Staked Ether Withdrawals,news,200,Indexable,2164,144,0,0,,,0,0,yes,delete,high,P1,no_signal
https://coincu.com/lido-to-expand-to-optimism-and-arbitrum/,Lido To Expand To Optimism And Arbitrum As First Step Of Its Layer-2 Plan,Lido To Expand To Optimism And Arbitrum As First Step Of Its Layer-2 Plan,news,200,Indexable,2040,151,0,0,,,0,0,yes,delete,high,P1,no_signal
https://coincu.com/lido-v2-almost-completed-audit/,Lido V2 Almost Completed Important Audit Process,Lido V2 Almost Completed Important Audit Process,news,200,Indexable,2165,95,0,0,,,0,0,yes,delete,high,P1,no_signal
https://coincu.com/lido-v2-withdrawal-key-rotation-ceremony/,Lido V2 Update: Withdrawal Key-Rotation Ceremony Completed,Lido V2 Update: Withdrawal Key-Rotation Ceremony Completed,news,200,Indexable,2155,161,0,0,,,0,0,yes,delete,high,P1,no_signal
https://coincu.com/lido-v3-launches-to-enhance-ethereum-staking/,Lido V3 Launches to Enhance Ethereum Staking with stVaults,Lido V3 Launches to Enhance Ethereum Staking with stVaults,news,200,Indexable,2136,149,0,0,,,0,0,yes,delete,high,P1,no_signal
https://coincu.com/lido-vote-v2-on-ethereum-network/,Lido Vote For Proposal To Deploy V2 On Ethereum Network,Lido Vote For Proposal To Deploy V2 On Ethereum Network,news,200,Indexable,2093,127,0,0,,,0,0,yes,delete,high,P1,no_signal
https://coincu.com/lido-witnessing-huge-steth-withdrawal/,Lido Witnessing Huge stETH Withdrawal Since Upgrading To V2,Lido Witnessing Huge stETH Withdrawal Since Upgrading To V2,news,200,Indexable,2174,162,0,0,,,0,0,yes,delete,high,P1,no_signal
https://coincu.com/lido-wsteth-is-launched-on-base/,Lido wstETH Is Now Launched On Base,Lido wstETH Is Now Launched On Base,news,200,Indexable,2060,116,0,0,,,0,0,yes,delete,high,P1,no_signal
https://coincu.com/lif3-accelerates-defi-adoption-and-innovation-with-bitfinex-listing/,Lif3 Accelerates DeFi Adoption and Innovation with BitFinex Listing,Lif3 Accelerates DeFi Adoption and Innovation with BitFinex Listing,news,200,Indexable,2921,63,0,0,,,0,0,yes,delete,high,P1,no_signal
https://coincu.com/lif3-com-integrates-fireblocks-to-elevate-safety-and-security-in-next-generation-consumer-defi/,LIF3.com integrates Fireblocks to elevate safety and security in next-generation consumer DeFi,LIF3.com integrates Fireblocks to elevate safety and security in next-generation consumer DeFi,news,200,Indexable,2507,62,0,0,,,0,0,yes,delete,high,P1,no_signal
https://coincu.com/lightning-labs-launches-bitcoin-toolkit-for-ai/,"Lightning Labs Launches New Comprehensive, Cost-Effective Bitcoin Toolkit For AI","Lightning Labs Launches New Comprehensive, Cost-Effective Bitcoin Toolkit For AI",news,200,Indexable,2128,152,0,0,,,0,0,yes,delete,high,P1,no_signal
https://coincu.com/lightning-labs-publishes-taro-protocol-code/,Lightning Labs Publishes The First Taro Protocol Code,Lightning Labs Publishes The First Taro Protocol Code,news,200,Indexable,2003,150,0,0,,,0,0,yes,delete,high,P1,no_signal
https://coincu.com/lightning-labs-solves-brc-20-congestion/,Lightning Labs Solves BRC-20 Congestion With New Solution,Lightning Labs Solves BRC-20 Congestion With New Solution,news,200,Indexable,2245,127,0,0,,,0,0,yes,delete,high,P1,no_signal
https://coincu.com/lightning-network-may-disrupt-the-150m/,"Lightning Network May Disrupt the $150M Payments Industry, According to Coinbase","Lightning Network May Disrupt the $150M Payments Industry, According to Coinbase",news,200,Indexable,2182,145,0,0,,,0,0,yes,delete,high,P1,no_signal
https://coincu.com/lightning-network-strike-new-visa-card/,Lightning Network Strike Launches New Visa Card,Lightning Network Strike Launches New Visa Card,news,200,Indexable,2036,155,0,0,,,0,0,yes,delete,high,P1,no_signal
https://coincu.com/lightning-network-urgent-fix-vulnerability/,Lightning Network Released Urgent Fix After Users Reported Vulnerability,Lightning Network Released Urgent Fix After Users Reported Vulnerability,news,200,Indexable,1958,193,0,0,,,0,0,yes,delete,high,P1,no_signal
https://coincu.com/limewires-blockchain-comeback-16m-funding/,Limewire's Blockchain Comeback: $16M in Funding Secured,Limewire’s Blockchain Comeback: $16M in Funding Secured,news,200,Indexable,2222,129,0,0,,,0,0,yes,delete,high,P1,no_signal
https://coincu.com/liminal-custody-secures-key-adgm-fsp-license-reinforcing-leadership-in-digital-asset-custody/,"Liminal Custody Secures Key ADGM FSP License, Reinforcing Leadership in Digital Asset Custody","Liminal Custody Secures Key ADGM FSP License, Reinforcing Leadership in Digital Asset Custody",news,200,Indexable,2554,47,0,0,,,0,0,yes,delete,high,P1,no_signal
https://coincu.com/limited-huobi-referral-code/,Limited Huobi Referral Code 2024: Trade to Earn Up to 241 USDT,Limited Huobi Referral Code 2024: Trade to Earn Up to 241 USDT,news,200,Indexable,2768,214,0,0,,,0,0,yes,delete,high,P1,no_signal
https://coincu.com/limitless-illuvitars-with-illuviums-release/,Unleash Imagination: Create Limitless Illuvitars With Illuvium's Latest Release,Unleash Imagination: Create Limitless Illuvitars With Illuvium’s Latest Release,news,200,Indexable,2119,204,0,0,,,0,0,yes,delete,high,P1,no_signal
https://coincu.com/linea-daily-transactions-hits-4-4-million/,"Linea Daily Transactions Hits 4.4 Million Milestone, Tops Last Week","Linea Daily Transactions Hits 4.4 Million Milestone, Tops Last Week",news,200,Indexable,2076,106,0,0,,,0,0,yes,delete,high,P1,no_signal
https://coincu.com/linea-launches-voyage-quest-campaign/,zkEVM Network Linea Launches Voyage Quest Campaign To Fight Bots,zkEVM Network Linea Launches Voyage Quest Campaign To Fight Bots,news,200,Indexable,2169,173,0,0,,,0,0,yes,delete,high,P1,no_signal
https://coincu.com/linea-mainnet-alpha-to-launch-next-week/,"Layer 2 Linea Mainnet Alpha To Launch Next Week, Officially Competing With L2s","Layer 2 Linea Mainnet Alpha To Launch Next Week, Officially Competing With L2s",news,200,Indexable,2135,136,0,0,,,0,0,yes,delete,high,P1,no_signal
https://coincu.com/linear-finance-reported-the-attack/,Linear Finance Reported The Attack Causes LUSD Volume Spike Up 7761%,Linear Finance Reported The Attack Causes LUSD Volume Spike Up 7761%,news,200,Indexable,2103,94,0,0,,,0,0,yes,delete,high,P1,no_signal
https://coincu.com/linear-finance-the-ultimate-defi-chinese/,Linear Finance: The Ultimate DeFi Solution For Chinese Traders,Linear Finance: The Ultimate DeFi Solution For Chinese Traders,news,200,Indexable,3854,273,0,0,,,0,0,yes,delete,high,P1,no_signal
https://coincu.com/link-breakdown-or-bounce/,LINK Breakdown or Bounce? Key Level Signals 10% Move,LINK Breakdown or Bounce? Key Level Signals 10% Move,news,200,Indexable,2156,130,0,0,,,0,0,yes,delete,high,P1,no_signal
https://coincu.com/link-bulls-on-edge/,LINK Bulls on Edge: Will $16.39 Support Hold?,LINK Bulls on Edge: Will $16.39 Support Hold?,news,200,Indexable,2203,134,0,0,,,0,0,yes,delete,high,P1,no_signal
https://coincu.com/link-correction-deepens-is-12-14-next/,LINK Correction Deepens: Is $12.14 the Next Stop?,LINK Correction Deepens: Is $12.14 the Next Stop?,news,200,Indexable,2101,127,0,0,,,0,0,yes,delete,high,P1,no_signal
https://coincu.com/link-on-the-edge-will-15-40-trigger/,LINK on the Edge: Will $15.40 Trigger a Bullish Rebound?,LINK on the Edge: Will $15.40 Trigger a Bullish Rebound?,news,200,Indexable,2134,125,0,0,,,0,0,yes,delete,high,P1,no_signal
https://coincu.com/link-price-hits-resistance-10-21-target/,LINK Price Hits Resistance With $10.21 as Next Target in ABC Wave Structure,LINK Price Hits Resistance With $10.21 as Next Target in ABC Wave Structure,news,200,Indexable,2120,133,0,0,,,0,0,yes,delete,high,P1,no_signal
https://coincu.com/link-rejected-again-is-14-the-start/,"LINK Rejected Again, Is $14 the Start of a Bigger Drop?","LINK Rejected Again, Is $14 the Start of a Bigger Drop?",news,200,Indexable,2166,147,0,0,,,0,0,yes,delete,high,P1,no_signal
https://coincu.com/link-surges-after-trendline-targeting-12/,LINK Price Surges after Trendline Breakout Targeting a Potential Move to $12,LINK Price Surges after Trendline Breakout Targeting a Potential Move to $12,news,200,Indexable,2075,133,0,0,,,0,0,yes,delete,high,P1,no_signal
https://coincu.com/lion-group-solana-sui-to-hyperliquid/,Lion Group Moves Solana and Sui Holdings to Hyperliquid,Lion Group Moves Solana and Sui Holdings to Hyperliquid,news,200,Indexable,2102,90,0,0,,,0,0,yes,delete,high,P1,no_signal
https://coincu.com/lionel-messi-joins-sorare/,Soccer Superstar Lionel Messi Joins Sorare As Its Newest Ambassador,Soccer Superstar Lionel Messi Joins Sorare As Its Newest Ambassador,news,200,Indexable,1892,150,0,0,,,0,0,yes,delete,high,P1,no_signal
https://coincu.com/lionel-messi-nft-collection/,Lionel Messi NFT Collection Launched On Ethernity,Lionel Messi NFT Collection Launched On Ethernity,news,200,Indexable,2012,157,0,0,,,0,0,yes,delete,high,P1,no_signal
https://coincu.com/lionel-messi-partners-with-bitget/,Lionel Messi Partners With Crypto Exchange Bitget,Lionel Messi Partners With Crypto Exchange Bitget,news,200,Indexable,2170,115,0,0,,,0,0,yes,delete,high,P1,no_signal
https://coincu.com/liquid-global-disabled-deposits/,Liquid Global Disabled Deposits Following The Suspension Of Withdrawals,Liquid Global Disabled Deposits Following The Suspension Of Withdrawals,news,200,Indexable,1957,158,0,0,,,0,0,yes,delete,high,P1,no_signal
https://coincu.com/liquid-restaking-risks-now-existing/,Liquid Restaking Risks Now Existing With $2 Billion Bet On DeFi Platforms,Liquid Restaking Risks Now Existing With $2 Billion Bet On DeFi Platforms,news,200,Indexable,2124,99,0,0,,,0,0,yes,delete,high,P1,no_signal
https://coincu.com/liquid-staked-eth-supported-anchorage-digital/,Liquid Staked ETH Supported by OCC-Chartered Bank Anchorage Digital,Liquid Staked ETH Supported by OCC-Chartered Bank Anchorage Digital,news,200,Indexable,2120,138,0,0,,,0,0,yes,delete,high,P1,no_signal
https://coincu.com/liquid-staking-derivatives-4-risks/,Liquid Staking Derivatives: 4 Potential Risks You Should Watch Out For,Liquid Staking Derivatives: 4 Potential Risks You Should Watch Out For,news,200,Indexable,2686,424,0,0,,,0,0,yes,delete,high,P1,no_signal
https://coincu.com/liquid-staking-derivatives-great-pros-defi/,Liquid Staking Derivatives: Great Pros For The Future Of DEFI,Liquid Staking Derivatives: Great Pros For The Future Of DEFI,news,200,Indexable,2964,218,0,0,,,0,0,yes,delete,high,P1,no_signal
https://coincu.com/liquid-staking-derivatives-the-rise-of-defi/,Liquid Staking Derivatives: The Rise of a Dominant DeFi Niche,Liquid Staking Derivatives: The Rise of a Dominant DeFi Niche,news,200,Indexable,4307,98,0,0,,,0,0,yes,delete,high,P1,no_signal
https://coincu.com/liquid-staking-solution/,Liquid Staking Solution - Groundbreaking Generation Method In PoS,Liquid Staking Solution – Groundbreaking Generation Method In PoS,news,200,Indexable,3546,167,0,0,,,0,0,yes,delete,high,P1,no_signal
https://coincu.com/liquid-staking-token-increase-liquidity/,Liquid Staking Token: Formula To Increase Capital Efficiency And Liquidity,Liquid Staking Token: Formula To Increase Capital Efficiency And Liquidity,news,200,Indexable,4226,105,0,0,,,0,0,yes,delete,high,P1,no_signal
https://coincu.com/liquid-stops-trading/,Liquid Stops Trading After Suspending Withdrawals,Liquid Stops Trading After Suspending Withdrawals,news,200,Indexable,1963,116,0,0,,,0,0,yes,delete,high,P1,no_signal
https://coincu.com/liquid-suspends-crypto-withdrawals/,Crypto Exchange Liquid Suspends Fiat And Crypto Withdrawals,Crypto Exchange Liquid Suspends Fiat And Crypto Withdrawals,news,200,Indexable,1967,179,0,0,,,0,0,yes,delete,high,P1,no_signal
https://coincu.com/liquidator-teneo-reports-zhu-su-to-police-arrest/,Liquidator Teneo Reports Zhu Su To Police Before His Arrest At Singapore Airport,Liquidator Teneo Reports Zhu Su To Police Before His Arrest At Singapore Airport,news,200,Indexable,2050,198,0,0,,,0,0,yes,delete,high,P1,no_signal
https://coincu.com/liquidity-2024-april-5-in-hong-kong/,Liquidity 2024 April 5 In Hong Kong- Institutional Digital Asset Summit,Liquidity 2024 April 5 In Hong Kong- Institutional Digital Asset Summit,press_release_like,200,Indexable,2119,181,0,0,,,0,0,yes,delete,high,P1,event_pr_signal
https://coincu.com/liquidity-live-on-aztec-network/,Lending Protocol Liquidity Now Live On Ethereum Layer 2 Aztec Network,Lending Protocol Liquidity Now Live On Ethereum Layer 2 Aztec Network,news,200,Indexable,2112,112,0,0,,,0,0,yes,delete,high,P1,no_signal
https://coincu.com/liquidity/,Liquidity,Liquidity,news,200,Indexable,2004,152,0,0,,,0,0,yes,delete,high,P1,no_signal
https://coincu.com/liquity-v2-white-paper-introduces-defi/,Liquity v2 White Paper Introduces Innovative DeFi Enhancements!,Liquity v2 White Paper Introduces Innovative DeFi Enhancements!,news,200,Indexable,2157,182,0,0,,,0,0,yes,delete,high,P1,no_signal
https://coincu.com/liquity-will-release-v2-in-2024/,"Liquity Will Release V2 In 2024, Using Staked ETH To Back The Stablecoin Model","Liquity Will Release V2 In 2024, Using Staked ETH To Back The Stablecoin Model",news,200,Indexable,2233,86,0,0,,,0,0,yes,delete,high,P1,no_signal
https://coincu.com/list-creditors-of-ftx-revealed/,List Of Organizations And Individuals That Are Creditors Of FTX Revealed,List Of Organizations And Individuals That Are Creditors Of FTX Revealed,news,200,Indexable,1950,174,0,0,,,0,0,yes,delete,high,P1,no_signal
https://coincu.com/list-of-10-liquid-staking-protocols-in-2024/,List Of 15 Liquid Staking Protocols In 2024,List Of 15 Liquid Staking Protocols In 2024,news,200,Indexable,4862,134,0,0,,,0,0,yes,delete,high,P1,no_signal
https://coincu.com/listing-on-binance-floki-and-pepe-trading/,New Listing On Binance: FLOKI and PEPE Trading Start Time Delayed,New Listing On Binance: FLOKI and PEPE Trading Start Time Delayed,news,200,Indexable,2116,160,0,0,,,0,0,yes,delete,high,P1,no_signal
https://coincu.com/litecoin-and-ethereum-strides-as-new-coins-wl/,Litecoin and Ethereum strides as new coin’s Whitelist gains popularity,Litecoin and Ethereum strides as new coin’s Whitelist gains popularity,news,200,Indexable,2323,150,0,0,,,0,0,yes,delete,high,P1,no_signal
https://coincu.com/litecoin-approved-by-chinese-court/,Litecoin Approved By Chinese Court For Not Being Treated As A Currency,Litecoin Approved By Chinese Court For Not Being Treated As A Currency,news,200,Indexable,2146,236,0,0,,,0,0,yes,delete,high,P1,no_signal
https://coincu.com/litecoin-break-9-year-consolidation-1000/,"Litecoin Could Break Out of 9 Year Consolidation With $1,000 Target in Sight","Litecoin Could Break Out of 9 Year Consolidation With $1,000 Target in Sight",news,200,Indexable,2241,141,0,0,,,0,0,yes,delete,high,P1,no_signal
https://coincu.com/litecoin-breakout-imminent/,Litecoin Breakout Imminent: Is $113.7 the Next Stop?,Litecoin Breakout Imminent: Is $113.7 the Next Stop?,news,200,Indexable,2176,123,0,0,,,0,0,yes,delete,high,P1,no_signal
https://coincu.com/litecoin-breaks-structure-eyes-87/,"Litecoin Breaks Structure, Eyes $87 After Key Support Hold","Litecoin Breaks Structure, Eyes $87 After Key Support Hold",news,200,Indexable,2185,134,0,0,,,0,0,yes,delete,high,P1,no_signal
https://coincu.com/litecoin-completes-the-3rd-halving/,"Litecoin Completes The 3rd Halving, LTC Price Drops Over 5%","Litecoin Completes The 3rd Halving, LTC Price Drops Over 5%",news,200,Indexable,2040,141,0,0,,,0,0,yes,delete,high,P1,no_signal
https://coincu.com/litecoin-etf-launch-sec-approval/,Litecoin Nears ETF Launch as SEC Approves New Standards,Litecoin Nears ETF Launch as SEC Approves New Standards,news,200,Indexable,2155,127,0,0,,,0,0,yes,delete,high,P1,no_signal
https://coincu.com/litecoin-etf-potential-for-a-new-boom/,"Litecoin ETF: Potential for a New Boom, Will the SEC Approve Another Crypto ETF?","Litecoin ETF: Potential for a New Boom, Will the SEC Approve Another Crypto ETF?",news,200,Indexable,4833,162,0,0,,,0,0,yes,delete,high,P1,no_signal
https://coincu.com/litecoin-eyes-140-resistance-bullish/,Litecoin Eyes $140 Resistance for Possible Bullish Momentum,Litecoin Eyes $140 Resistance for Possible Bullish Momentum Shift,news,200,Indexable,2173,126,0,0,,,0,0,yes,delete,high,P1,no_signal
https://coincu.com/litecoin-is-holding-on-to-the-80-price-zone/,Litecoin Is Holding On To The $80 Price Zone To Regain Momentum,Litecoin Is Holding On To The $80 Price Zone To Regain Momentum,news,200,Indexable,2080,142,0,0,,,0,0,yes,delete,high,P1,no_signal
https://coincu.com/litecoin-launches-litvm-zero-knowledge/,Litecoin Launches Zero-Knowledge Layer-2 Network LitVM,Litecoin Launches Zero-Knowledge Layer-2 Network LitVM,news,200,Indexable,2164,121,0,0,,,0,0,yes,delete,high,P1,no_signal
https://coincu.com/litecoin-on-the-moveis-87-the-next-stop/,Litecoin on the Move: Is $87 the Next Stop After Breakout?,Litecoin on the Move: Is $87 the Next Stop After Breakout?,news,200,Indexable,2128,132,0,0,,,0,0,yes,delete,high,P1,no_signal
https://coincu.com/litecoin-price-jitters-ahead-of-halving/,"Litecoin Price Jitters Ahead Of Halving, $100 Price Zone Could Be Re-established","Litecoin Price Jitters Ahead Of Halving, $100 Price Zone Could Be Re-established",news,200,Indexable,2265,93,0,0,,,0,0,yes,delete,high,P1,no_signal
https://coincu.com/litecoin-responds-when-a-major-shiba-trolls/,Litecoin Responds When A Major Shiba Inu Developer Trolls LTC,Litecoin Responds When A Major Shiba Inu Developer Trolls LTC,news,200,Indexable,2153,154,0,0,,,0,0,yes,delete,high,P1,no_signal
https://coincu.com/litecoin-x-account-was-hacked/,Litecoin X Account Was Hacked With Scam Token Tweets,Litecoin X Account Was Hacked With Scam Token Tweets,news,200,Indexable,2078,120,0,0,,,0,0,yes,delete,high,P1,no_signal
https://coincu.com/litecoins-hashrate-hit-new-record-high/,Litecoin’s Hashrate Hit New Record High,Litecoin’s Hashrate Hit New Record High,news,200,Indexable,2127,125,0,0,,,0,0,yes,delete,high,P1,no_signal
https://coincu.com/litecoins-rise-is-a-sign-for-bitcoin-investors/,Litecoin's Rise Is A Sign For Bitcoin Investors: Report,Litecoin’s Rise Is A Sign For Bitcoin Investors: Report,news,200,Indexable,2264,174,0,0,,,0,0,yes,delete,high,P1,no_signal
https://coincu.com/litecoins-unlimited-trading-canada/,Litecoin's Unlimited Trading Allowed In Canada,Litecoin’s Unlimited Trading Allowed In Canada,news,200,Indexable,2015,102,0,0,,,0,0,yes,delete,high,P1,no_signal
https://coincu.com/liveartx-burned-197-nft-stolen/,LiveArtX Burned 197 NFT Stolen And Compensated Users,LiveArtX Burned 197 NFT Stolen And Compensated Users,news,200,Indexable,1871,154,0,0,,,0,0,yes,delete,high,P1,no_signal
https://coincu.com/livepeer-increased-fundamental-growth/,Livepeer Increased Fundamental Growth Q3 - Messari Report,Livepeer Increased Fundamental Growth Q3 – Messari Report,news,200,Indexable,2079,147,0,0,,,0,0,yes,delete,high,P1,no_signal
https://coincu.com/liverpool-fc-expands-partnership-sorare/,Liverpool FC Expands Partnership With Football NFT Platform Sorare,Liverpool FC Expands Partnership With Football NFT Platform Sorare,news,200,Indexable,1919,143,0,0,,,0,0,yes,delete,high,P1,no_signal
https://coincu.com/liz-truss-is-a-crypto-advocate/,"Liz Truss, The New UK Prime Minister, Is A Crypto Advocate","Liz Truss, The New UK Prime Minister, Is A Crypto Advocate",news,200,Indexable,2187,157,0,0,,,0,0,yes,delete,high,P1,no_signal
https://coincu.com/llama-gauntlet-propose-help-aave/,Llama and Gauntlet Propose Ideas to Help Aave Pay off $1.6 Million DeFi Debt,Llama and Gauntlet Propose Ideas to Help Aave Pay off $1.6 Million DeFi Debt,news,200,Indexable,2059,155,0,0,,,0,0,yes,delete,high,P1,no_signal
https://coincu.com/lm-funding-america-sells-13-5-btc-holdings-drop-to-334/,"LM Funding America Sells 13.5 BTC, Holdings Drop to 334","LM Funding America Sells 13.5 BTC, Holdings Drop to 334",news,200,Indexable,2371,141,0,0,,,0,0,yes,delete,high,P1,no_signal
https://coincu.com/lock-com-enters-early-access-with-isolated-signing-and-post-quantum-architecture/,Lock.com Enters Early Access With Isolated Signing and Post-Quantum Architecture,Lock.com Enters Early Access With Isolated Signing and Post-Quantum Architecture,news,200,Indexable,2064,48,0,0,,,0,0,yes,delete,high,P1,no_signal
https://coincu.com/loco-to-build-on-avalanche/,Indian Game Streaming Platform Loco To Build Web3 Products On Avalanche,Indian Game Streaming Platform Loco To Build Web3 Products On Avalanche,news,200,Indexable,2260,157,0,0,,,0,0,yes,delete,high,P1,no_signal
https://coincu.com/logan-fed-balance-sheet-reduction-options/,Fed Balance Sheet Reduction: Logan Says Many Options Remain,Fed Balance Sheet Reduction: Logan Says Many Options Remain,news,200,Indexable,2946,163,0,0,,,0,0,yes,delete,high,P1,no_signal
https://coincu.com/logan-paul-net-worth/,Logan Paul Net Worth: Famous YouTube Star And Boxer,Logan Paul Net Worth: Famous YouTube Star And Boxer,news,200,Indexable,3111,146,0,0,,,0,0,yes,delete,high,P1,no_signal
https://coincu.com/logan-paul-sue-coffeezilla-cryptozoo-scam/,Logan Paul Threatens To Sue Coffeezilla For Saying CryptoZoo Scam,Logan Paul Threatens To Sue Coffeezilla For Saying CryptoZoo Scam,news,200,Indexable,2165,215,0,0,,,0,0,yes,delete,high,P1,no_signal
https://coincu.com/lombard-finance-funding-gets-1m-boost/,Lombard Finance Funding Gets $1M Boost From Binance Labs Investment,Lombard Finance Funding Gets $1M Boost From Binance Labs Investment,news,200,Indexable,2139,135,0,0,,,0,0,yes,delete,high,P1,no_signal
https://coincu.com/lombard-migrates-1b-btc-collateral-chainlink-phases-out-layerzero/,"Lombard Plans $1B BTC Collateral Migration to Chainlink, Phasing Out LayerZero","Lombard Plans $1B BTC Collateral Migration to Chainlink, Phasing Out LayerZero",news,200,Indexable,2520,163,0,0,,,0,0,yes,delete,high,P1,no_signal
https://coincu.com/london-stock-exchange-bitcoin-futures/,London Stock Exchange Group To Release Bitcoin Futures And Options In Q4,London Stock Exchange Group To Release Bitcoin Futures And Options In Q4,news,200,Indexable,2192,148,0,0,,,0,0,yes,delete,high,P1,no_signal
https://coincu.com/london-stock-exchange-to-list-btc-and-etns/,London Stock Exchange to List Bitcoin and Ethereum ETNs Starting April 8!,London Stock Exchange to List Bitcoin and Ethereum ETNs Starting April 8!,news,200,Indexable,2144,164,0,0,,,0,0,yes,delete,high,P1,no_signal
https://coincu.com/london-tops-global-rankings-for-crypto-hubs/,London Tops Global Rankings For Crypto Hubs With The Second-Highest Number Of Crypto Businesses,London Tops Global Rankings For Crypto Hubs With The Second-Highest Number Of Crypto Businesses,news,200,Indexable,2356,162,0,0,,,0,0,yes,delete,high,P1,no_signal
https://coincu.com/long-term-bitcoin-holders-holdings-reach-15-26-million-btc-highest-since-august-2025/,"Long-Term Bitcoin Holders Reach 15.26M BTC, Highest Since August 2025","Long-Term Bitcoin Holders Reach 15.26M BTC, Highest Since August 2025",news,200,Indexable,2525,190,0,0,,,0,0,yes,delete,high,P1,no_signal
https://coincu.com/long-term-bitcoin-holders-remain-optimistic/,Long-Term Bitcoin Holders Remain Optimistic Amid Market Volatility,Long-Term Bitcoin Holders Remain Optimistic Amid Market Volatility,news,200,Indexable,2134,122,0,0,,,0,0,yes,delete,high,P1,no_signal
https://coincu.com/long-term-holders-hold-80-of-all-bitcoins/,Long-Term Holders Hold 80% Of All Bitcoins,Long-Term Holders Hold 80% Of All Bitcoins,news,200,Indexable,2254,147,0,0,,,0,0,yes,delete,high,P1,no_signal
https://coincu.com/long-term-shiba-inu-holders-increasing/,Long-term Shiba Inu Holders Are Increasing,Long-term Shiba Inu Holders Are Increasing,news,200,Indexable,1934,157,0,0,,,0,0,yes,delete,high,P1,no_signal
https://coincu.com/looking-back-on-cardano/,"Looking Back On Cardano's 2022, What Potentials Are Hidden In 2023?","Looking Back On Cardano’s 2022, What Potentials Are Hidden In 2023?",news,200,Indexable,3522,749,0,0,,,0,0,yes,delete,high,P1,no_signal
https://coincu.com/looking-for-the-ultimate-crypto-ai-defi-platform/,Looking For The Ultimate Crypto AI DeFi Platform? RCO Finance Has Your Back,Looking For The Ultimate Crypto AI DeFi Platform? RCO Finance Has Your Back,news,200,Indexable,2369,131,0,0,,,0,0,yes,delete,high,P1,no_signal
https://coincu.com/lookrare-listing-rewards-for-pending-orders/,LookRare Updated Listing Rewards For Pending Orders,LookRare Updated Listing Rewards For Pending Orders,news,200,Indexable,1885,156,0,0,,,0,0,yes,delete,high,P1,no_signal
https://coincu.com/looksrare-is-going-to-launch-nft-aggregator/,LooksRare Is Going To Launch NFT Aggregator,LooksRare Is Going To Launch NFT Aggregator,news,200,Indexable,1767,142,0,0,,,0,0,yes,delete,high,P1,no_signal
https://coincu.com/looksrare-latest-nft-marketplace-royalties/,LooksRare Latest NFT Marketplace To Make Creator Royalties Optional,LooksRare Latest NFT Marketplace To Make Creator Royalties Optional,news,200,Indexable,2258,158,0,0,,,0,0,yes,delete,high,P1,no_signal
https://coincu.com/looksrare-launches-v2/,LooksRare Launches V2 With Attractive Fee,LooksRare Launches V2 With Attractive Fee,news,200,Indexable,2074,155,0,0,,,0,0,yes,delete,high,P1,no_signal
https://coincu.com/looksrare-nft-selling-fees-are-waived/,LooksRare NFT Selling Fees Are Waived For 30 Days To Attract Users To Trade,LooksRare NFT Selling Fees Are Waived For 30 Days To Attract Users To Trade,news,200,Indexable,1976,146,0,0,,,0,0,yes,delete,high,P1,no_signal
https://coincu.com/looming-bull-run-for-the-dogecoin-price-will-send-doge-above-10-rival-to-mirror-the-rally/,"Looming Bull Run for the Dogecoin Price Will Send DOGE Above $10, Rival to Mirror the Rally","Looming Bull Run for the Dogecoin Price Will Send DOGE Above $10, Rival to Mirror the Rally",news,200,Indexable,2827,153,0,0,,,0,0,yes,delete,high,P1,no_signal
https://coincu.com/loopring-booming-zk-rollups-platforms/,Why Say Loopring Will Be One Of The Booming ZK-Rollups Platforms In 2023?,Why Say Loopring Will Be One Of The Booming ZK-Rollups Platforms In 2023?,news,200,Indexable,2900,307,0,0,,,0,0,yes,delete,high,P1,no_signal
https://coincu.com/loopring-launches-proposal/,Loopring Launches Proposal To Add The LRC Staking Function,Loopring Launches Proposal To Add The LRC Staking Function,news,200,Indexable,2124,121,0,0,,,0,0,yes,delete,high,P1,no_signal
https://coincu.com/loopring-released-ddos-attack-post-mortem/,Loopring Released DDoS Attack Post-Mortem,Loopring Released DDoS Attack Post-Mortem,news,200,Indexable,2018,153,0,0,,,0,0,yes,delete,high,P1,no_signal
https://coincu.com/loopscale-losing-usdc-sol-hack/,Loopscale Faces $5.7 Million Loss from Exploit,Loopscale Faces $5.7 Million Loss from Exploit,news,200,Indexable,2217,106,0,0,,,0,0,yes,delete,high,P1,no_signal
https://coincu.com/loreal-and-meta-collaborate-on-web3-startup/,L'Oréal And Meta Collaborate On Web3 Startup Accelerator,L’Oréal And Meta Collaborate On Web3 Startup Accelerator,news,200,Indexable,1908,154,0,0,,,0,0,yes,delete,high,P1,no_signal
https://coincu.com/losing-bitcoin-addresses-hit-all-time-high/,Losing Bitcoin Addresses Hit An All-time High,Losing Bitcoin Addresses Hit An All-time High,news,200,Indexable,2184,132,0,0,,,0,0,yes,delete,high,P1,no_signal
https://coincu.com/lotte-group-go-big-with-polygon-global-nft/,Lotte Group Goes Big With Polygon For Global NFT Strategy,Lotte Group Goes Big With Polygon For Global NFT Strategy,news,200,Indexable,2113,327,0,0,,,0,0,yes,delete,high,P1,no_signal
https://coincu.com/lotte-partners-with-arbitrum-expand-blockchain/,Lotte Partners with Arbitrum to Expand Blockchain Integration,Lotte Partners with Arbitrum to Expand Blockchain Integration,news,200,Indexable,2127,152,0,0,,,0,0,yes,delete,high,P1,no_signal
https://coincu.com/louis-vuitton-enters-nft-market-with-41000/,"Louis Vuitton Enters NFT Market With $41,000 Luxury Digital Assets","Louis Vuitton Enters NFT Market With $41,000 Luxury Digital Assets",news,200,Indexable,2080,274,0,0,,,0,0,yes,delete,high,P1,no_signal
https://coincu.com/louis-vuitton-partners-yayoi-kusama/,"Louis Vuitton Partners With Yayoi Kusama To Launch 10,000 NFTs","Louis Vuitton Partners With Yayoi Kusama To Launch 10,000 NFTs",news,200,Indexable,2011,287,0,0,,,0,0,yes,delete,high,P1,no_signal
https://coincu.com/lowest-ethereum-transfer-cost-in-19-months/,Lowest Ethereum Transfer Cost In 19 Months,Lowest Ethereum Transfer Cost In 19 Months,news,200,Indexable,2133,144,0,0,,,0,0,yes,delete,high,P1,no_signal
https://coincu.com/lpl-financial-holdings-evaluating-bitcoin-etfs/,"LPL Financial Holdings Is Carefully Evaluating Bitcoin ETFS To Onboard 19,000 Advisors","LPL Financial Holdings Is Carefully Evaluating Bitcoin ETFS To Onboard 19,000 Advisors",news,200,Indexable,2153,160,0,0,,,0,0,yes,delete,high,P1,no_signal
https://coincu.com/lqr-house-bitcoin-investment-expands/,LQR House Bitcoin Investment Expands With $1M In Treasury Reserve,LQR House Bitcoin Investment Expands With $1M In Treasury Reserve,news,200,Indexable,2125,130,0,0,,,0,0,yes,delete,high,P1,no_signal
https://coincu.com/lsd-token-transactions-valuable-insights/,LSD Token Transactions: Valuable Insights For Investors And Traders,LSD Token Transactions: Valuable Insights For Investors And Traders,news,200,Indexable,2121,234,0,0,,,0,0,yes,delete,high,P1,no_signal
https://coincu.com/lsdfi-protocol-records-historic-inflow/,LSDFi Protocol Records Historic Inflow Of $25 Million In A Single Day,LSDFi Protocol Records Historic Inflow Of $25 Million In A Single Day,news,200,Indexable,2190,131,0,0,,,0,0,yes,delete,high,P1,no_signal
https://coincu.com/ltc-breakout-imminent/,LTC Breakout Imminent? All Eyes on $112 Resistance,LTC Breakout Imminent? All Eyes on $112 Resistance,news,200,Indexable,2176,105,0,0,,,0,0,yes,delete,high,P1,no_signal
https://coincu.com/ltc-market-cap-dips-bitget-paws-pre-market-trading-bdags-xp-page-live/,LTC Market Cap Dips; Bitget PAWS Pre-Market Trading & BDAG’s XP Page Live,LTC Market Cap Dips; Bitget PAWS Pre-Market Trading & BDAG’s XP Page Live,news,200,Indexable,2418,154,0,0,,,0,0,yes,delete,high,P1,no_signal
https://coincu.com/ltc-on-the-edge-will-80-support-hold/,LTC on the Edge: Will $80 Support Hold or Break Down?,LTC on the Edge: Will $80 Support Hold or Break Down?,news,200,Indexable,2163,119,0,0,,,0,0,yes,delete,high,P1,no_signal
https://coincu.com/ltc-weekly-triangle-support-50-holding/,LTC Near Weekly Triangle Support with $50 Level Holding Strongly: What`s Next?,LTC Near Weekly Triangle Support with $50 Level Holding Strongly: What`s Next?,news,200,Indexable,2204,119,0,0,,,0,0,yes,delete,high,P1,no_signal
https://coincu.com/lufthansas-uptrip-loyalty-program-live-polygon/,"Lufthansa's Uptrip Loyalty Program Is Now Live On Polygon, Offering NFT For Every Flight","Lufthansa’s Uptrip Loyalty Program Is Now Live On Polygon, Offering NFT For Every Flight",news,200,Indexable,2022,157,0,0,,,0,0,yes,delete,high,P1,no_signal
https://coincu.com/luksos-universal-profiles-integrates-transak-for-mass-adoption-in-the-web3-creator-economy/,LUKSO's Universal Profiles Integrates Transak For Mass Adoption In The Web3 Creator Economy,LUKSO’s Universal Profiles Integrates Transak For Mass Adoption In The Web3 Creator Economy,news,200,Indexable,2444,46,0,0,,,0,0,yes,delete,high,P1,no_signal
https://coincu.com/lummis-reintroduces-strategic-bitcoin-reserve/,Senator Lummis Reintroduces Strategic Bitcoin Reserve Bill Amid U.S. Digital Asset Push,Senator Lummis Reintroduces Strategic Bitcoin Reserve Bill Amid U.S. Digital Asset Push,news,200,Indexable,2254,136,0,0,,,0,0,yes,delete,high,P1,no_signal
https://coincu.com/luna-classic-is-up-70-binance-burns/,"Luna Classic Is Up 70%, Binance Burns","Luna Classic Is Up 70%, Binance Burns All Transaction Fees On LUNC Spot",news,200,Indexable,2071,112,0,0,,,0,0,yes,delete,high,P1,no_signal
https://coincu.com/luna-foundation-guard-crypto-transfers/,Luna Foundation Guard Sees Mysterious Large-Scale Crypto Transfers!,Luna Foundation Guard Sees Mysterious Large-Scale Crypto Transfers!,news,200,Indexable,2145,143,0,0,,,0,0,yes,delete,high,P1,no_signal
https://coincu.com/luna-foundation-guard-not-compensated-users/,Luna Foundation Guard Still Has Not Compensated Users,Luna Foundation Guard Still Has Not Compensated Users,news,200,Indexable,2039,218,0,0,,,0,0,yes,delete,high,P1,no_signal
https://coincu.com/luna-foundation-guard-spent-2-8-billion/,Luna Foundation Guard Spent $2.8 Billion To Defend The UST Peg,Luna Foundation Guard Spent $2.8 Billion To Defend The UST Peg,news,200,Indexable,2018,154,0,0,,,0,0,yes,delete,high,P1,no_signal
https://coincu.com/luna-increases-167-the-rise-of-lunc/,LUNA Increases 167% After The Rise Of LUNC,LUNA Increases 167% After The Rise Of LUNC,news,200,Indexable,2127,149,0,0,,,0,0,yes,delete,high,P1,no_signal
https://coincu.com/lunarcrush-raises-5-million/,LunarCrush Raises $5 Million To Expand Social Media Analytics Platform,LunarCrush Raises $5 Million To Expand Social Media Analytics Platform,news,200,Indexable,2342,155,0,0,,,0,0,yes,delete,high,P1,no_signal
https://coincu.com/lunc-20-off-interpol-red-notice-do-kwon/,LUNC 20% Off After Interpol Issues Red Notice With Do Kwon,LUNC 20% Off After Interpol Issues Red Notice With Do Kwon,news,200,Indexable,1884,280,0,0,,,0,0,yes,delete,high,P1,no_signal
https://coincu.com/lunc-burning-mechanism-caused-market-pump/,"LUNC Burning Mechanism That Caused The Most Recent Market Pump Has Big ""If""",LUNC Burning Mechanism That Caused The Most Recent Market Pump Has Big “If”,news,200,Indexable,2072,133,0,0,,,0,0,yes,delete,high,P1,no_signal
https://coincu.com/lunc-tax-burn-continues-receive-crypto-com/,LUNC Tax Burn Continues To Receive Support From Crypto.com,LUNC Tax Burn Continues To Receive Support From Crypto.com,news,200,Indexable,2130,153,0,0,,,0,0,yes,delete,high,P1,no_signal
https://coincu.com/luncs-will-mark-the-fifth-day-of-losses/,The Price Of LUNC's Most Recent Rebound Attempt Will Mark The Fifth Day Of Losses,The Price Of LUNC’s Most Recent Rebound Attempt Will Mark The Fifth Day Of Losses,news,200,Indexable,2048,158,0,0,,,0,0,yes,delete,high,P1,no_signal
https://coincu.com/luno-digital-currency-reduces-employment/,Luno Of Digital Currency Group Reduces Employment By 35%,Luno Of Digital Currency Group Reduces Employment By 35%,news,200,Indexable,2159,95,0,0,,,0,0,yes,delete,high,P1,no_signal
https://coincu.com/luno-halts-investments-regulatory-challenge/,Crypto Exchange Luno Halts Investments Ahead Of Regulatory Challenge,Crypto Exchange Luno Halts Investments Ahead Of Regulatory Challenge,news,200,Indexable,2045,91,0,0,,,0,0,yes,delete,high,P1,no_signal
https://coincu.com/luno-malaysia-denies-money-mixed-dcg/,Luno Malaysia Denies Customer Money Mixed With Parent Company DCG,Luno Malaysia Denies Customer Money Mixed With Parent Company DCG,news,200,Indexable,2082,302,0,0,,,0,0,yes,delete,high,P1,no_signal
https://coincu.com/luno-withdraws-from-singapore/,"Luno Withdraws From Singapore Market, Stops Serving Customers On June 20","Luno Withdraws From Singapore Market, Stops Serving Customers On June 20",news,200,Indexable,2178,75,0,0,,,0,0,yes,delete,high,P1,no_signal
https://coincu.com/lusd-suspected-of-hacking-safeguard/,LUSD Suspected of Hacking - Safeguard Your Crypto Assets Today!,LUSD Suspected of Hacking – Safeguard Your Crypto Assets Today!,news,200,Indexable,2144,143,0,0,,,0,0,yes,delete,high,P1,no_signal
https://coincu.com/luxembourgs-authority-is-learning-web3/,Luxembourg's Authority Is Learning More About Web3,Luxembourg’s Authority Is Learning More About Web3,news,200,Indexable,2057,167,0,0,,,0,0,yes,delete,high,P1,no_signal
https://coincu.com/luxor-rfq-platform-for-bitcoin-miners/,Luxor Introduces An RFQ Platform For Buying and Selling Bitcoin Miners,Luxor Introduces An RFQ Platform For Buying and Selling Bitcoin Miners,news,200,Indexable,2079,157,0,0,,,0,0,yes,delete,high,P1,no_signal
https://coincu.com/luxury-watch-prices-fall-as-pressure-crypto/,Luxury Watch Prices Fall As Pressure On Crypto Wealthy Increases,Luxury Watch Prices Fall As Pressure On Crypto Wealthy Increases,news,200,Indexable,2284,145,0,0,,,0,0,yes,delete,high,P1,no_signal
https://coincu.com/m11-credit-and-auros-reach-resolution/,M11 Credit And Auros Reach Resolution For The $18 Million Debt On Maple Finance,M11 Credit And Auros Reach Resolution For The $18 Million Debt On Maple Finance,news,200,Indexable,2143,239,0,0,,,0,0,yes,delete,high,P1,no_signal
https://coincu.com/macau-woman-crypto-scam-2025/,Macau Woman Loses 1.18 Million RMB in Crypto Scam,Macau Woman Loses 1.18 Million RMB in Crypto Scam,news,200,Indexable,2036,159,0,0,,,0,0,yes,delete,high,P1,no_signal
https://coincu.com/macd-cross-saves-bnb-from-breakdown/,"MACD Cross Saves $BNB From Breakdown, Is $870 Next?","MACD Cross Saves $BNB From Breakdown, Is $870 Next?",news,200,Indexable,2174,131,0,0,,,0,0,yes,delete,high,P1,no_signal
https://coincu.com/machi-big-brother-adds-eth-long-hyperliquid/,Machi Big Brother ETH Long Grows on Hyperliquid,Machi Big Brother ETH Long Grows on Hyperliquid,news,200,Indexable,2882,156,0,0,,,0,0,yes,delete,high,P1,no_signal
https://coincu.com/machi-big-brother-stated-zachxbt-framed/,"Machi Big Brother Stated That ZachXBT Framed Him For Misappropriating 22,000 ETH","Machi Big Brother Stated That ZachXBT Framed Him For Misappropriating 22,000 ETH",news,200,Indexable,2198,239,0,0,,,0,0,yes,delete,high,P1,no_signal
https://coincu.com/macquarie-recommends-reducing-bitcoin-etf-holdings-in-favor-of-circle/,Macquarie Recommends Reducing Bitcoin ETF Holdings for Circle,Macquarie Recommends Reducing Bitcoin ETF Holdings for Circle,news,200,Indexable,2610,157,0,0,,,0,0,yes,delete,high,P1,no_signal
https://coincu.com/mad-lads-solana-rocking-nft-market/,Mad Lads New Collection On Solana Rocking The NFT Market,Mad Lads New Collection On Solana Rocking The NFT Market,news,200,Indexable,2904,188,0,0,,,0,0,yes,delete,high,P1,no_signal
https://coincu.com/mad-monkey-guild-launch-ido-on-krystalgo/,Mad Monkey Guild Launch IDO Event On KrystalGO,Mad Monkey Guild Launch IDO Event On KrystalGO,news,200,Indexable,2096,137,0,0,,,0,0,yes,delete,high,P1,no_signal
https://coincu.com/madworld-to-launch-nfts/,Animoca Brands-backed MADworld To Launch NFTs And Ukiyo-e Style Art,Animoca Brands-backed MADworld To Launch NFTs And Ukiyo-e Style Art,news,200,Indexable,1917,185,0,0,,,0,0,yes,delete,high,P1,no_signal
https://coincu.com/maersk-ibm-blockchain-enabled/,"Maersk, IBM Stop Blockchain-enabled Supply Chain Offering","Maersk, IBM Stop Blockchain-enabled Supply Chain Offering",news,200,Indexable,1998,152,0,0,,,0,0,yes,delete,high,P1,no_signal
https://coincu.com/magic-eden-added-more-verification-layers/,Magic Eden Has Added More Verification Layers To Address The Issue Of Fake NFTs,Magic Eden Has Added More Verification Layers To Address The Issue Of Fake NFTs,news,200,Indexable,2069,157,0,0,,,0,0,yes,delete,high,P1,no_signal
https://coincu.com/magic-eden-allows-polygon-nft/,Magic Eden Now Allows Polygon NFT Mining And Trading,Magic Eden Now Allows Polygon NFT Mining And Trading,news,200,Indexable,1944,153,0,0,,,0,0,yes,delete,high,P1,no_signal
https://coincu.com/magic-eden-amm-pool-launched/,Magic Eden AMM Launched With 0 Attractive Maker Fee,Magic Eden AMM Launched With 0 Attractive Maker Fee,news,200,Indexable,2054,149,0,0,,,0,0,yes,delete,high,P1,no_signal
https://coincu.com/magic-eden-announces-discount-rewars-system/,Magic Eden Announces Discount And Rewards System For Users,Magic Eden Announces Discount And Rewards System For Users,news,200,Indexable,2040,154,0,0,,,0,0,yes,delete,high,P1,no_signal
https://coincu.com/magic-eden-appears-bad-nft/,Magic Eden Appears Bad NFT Images On The Platform,Magic Eden Appears Bad NFT Images On The Platform,news,200,Indexable,2066,113,0,0,,,0,0,yes,delete,high,P1,no_signal
https://coincu.com/magic-eden-diamond-rewards-3-easy-ways-earn/,"Magic Eden Launches New Diamond Rewards, Here Are 3 Easy Ways To Earn Them","Magic Eden Launches New Diamond Rewards, Here Are 3 Easy Ways To Earn Them",news,200,Indexable,2121,199,0,0,,,0,0,yes,delete,high,P1,no_signal
https://coincu.com/magic-eden-domains-launched-with-new-features/,Magic Eden Domains Launched With New Features,Magic Eden Domains Launched With New Features,news,200,Indexable,2095,107,0,0,,,0,0,yes,delete,high,P1,no_signal
https://coincu.com/magic-eden-ethereum-marketplace-live-tomorrow/,Magic Eden Ethereum Marketplace Will Go Live Tomorrow,Magic Eden Ethereum Marketplace Will Go Live Tomorrow,news,200,Indexable,2101,147,0,0,,,0,0,yes,delete,high,P1,no_signal
https://coincu.com/magic-eden-gets-negative-reactions/,Magic Eden Gets Negative Reactions From NFT Royalty Enforcement Tool,Magic Eden Gets Negative Reactions From NFT Royalty Enforcement Tool,news,200,Indexable,2055,156,0,0,,,0,0,yes,delete,high,P1,no_signal
https://coincu.com/magic-eden-ignites-1m-fund-for-nfts/,Magic Eden Ignites Innovation: $1M Fund For Next-Gen NFTs Amid Market Turbulence,Magic Eden Ignites Innovation: $1M Fund For Next-Gen NFTs Amid Market Turbulence,news,200,Indexable,1953,249,0,0,,,0,0,yes,delete,high,P1,no_signal
https://coincu.com/magic-eden-is-turned-away/,Magic Eden Is Turned Away By The Community,Magic Eden Is Turned Away By The Community,news,200,Indexable,2704,149,0,0,,,0,0,yes,delete,high,P1,no_signal
https://coincu.com/magic-eden-launches-tool/,Magic Eden Launches Tool To Enforce Royalties For NFT Collections,Magic Eden Launches Tool To Enforce Royalties For NFT Collections,news,200,Indexable,2032,150,0,0,,,0,0,yes,delete,high,P1,no_signal
https://coincu.com/magic-eden-mobile-app-expands-to-token-swaps/,Magic Eden Mobile App Expands to Token Swaps with Exciting Update!,Magic Eden Mobile App Expands to Token Swaps with Exciting Update!,news,200,Indexable,2147,90,0,0,,,0,0,yes,delete,high,P1,no_signal
https://coincu.com/magic-eden-modifies-the-royalty-solana-nfts/,Magic Eden Modifies The Royalty Model To Keep Control Over Solana NFTs,Magic Eden Modifies The Royalty Model To Keep Control Over Solana NFTs,news,200,Indexable,2260,157,0,0,,,0,0,yes,delete,high,P1,no_signal
https://coincu.com/magic-eden-optional-royalties/,Magic Eden Decided To Move To Optional Royalties,Magic Eden Decided To Move To Optional Royalties,news,200,Indexable,1955,144,0,0,,,0,0,yes,delete,high,P1,no_signal
https://coincu.com/magic-eden-refunds-users/,Magic Eden Refunds Users For Fake NFT Bug,Magic Eden Refunds Users For Fake NFT Bug,news,200,Indexable,2030,166,0,0,,,0,0,yes,delete,high,P1,no_signal
https://coincu.com/magic-eden-releases-bitcoin-marketplace/,Magic Eden Releases Bitcoin Marketplace With More Than 70 Collections,Magic Eden Releases Bitcoin Marketplace With More Than 70 Collections,news,200,Indexable,2033,249,0,0,,,0,0,yes,delete,high,P1,no_signal
https://coincu.com/magic-eden-restart-brc20-fees-drop-0-1/,"Magic Eden Restart BRC-20 Trading Market, Fees Drop To 0.1%","Magic Eden Restart BRC-20 Trading Market, Fees Drop To 0.1%",news,200,Indexable,2135,158,0,0,,,0,0,yes,delete,high,P1,no_signal
https://coincu.com/magic-eden-submitted-for-apecoin/,Magic Eden Submitted A Proposal To Build A NFT Marketplace For Apecoin,Magic Eden Submitted A Proposal To Build A NFT Marketplace For Apecoin,news,200,Indexable,2048,156,0,0,,,0,0,yes,delete,high,P1,no_signal
https://coincu.com/magic-eden-support-nfts-on-ethereum/,Magic Eden Will Soon Support NFTs On The Ethereum Blockchain,Magic Eden Will Soon Support NFTs On The Ethereum Blockchain,news,200,Indexable,1965,150,0,0,,,0,0,yes,delete,high,P1,no_signal
https://coincu.com/magic-eden-to-polygon-network/,Magic Eden Announces Expansion To Polygon Network,Magic Eden Announces Expansion To Polygon Network,news,200,Indexable,1925,54,0,0,,,0,0,yes,delete,high,P1,no_signal
https://coincu.com/magic-eden-will-provide-its-open-version/,"Magic Eden Will Provide Its Open Version, Supporting Creatives & Collectors","Magic Eden Will Provide Its Open Version, Supporting Creatives & Collectors",news,200,Indexable,1952,124,0,0,,,0,0,yes,delete,high,P1,no_signal
https://coincu.com/magic-edens-coinbase-account/,"Magic Eden's Coinbase Account Used to Bear ""Significant"" Dust Fees",Magic Eden’s Coinbase Account Used to Bear “Significant” Dust Fees,news,200,Indexable,2070,125,0,0,,,0,0,yes,delete,high,P1,no_signal
https://coincu.com/magic-edens-new-nft-standard-royalties/,Magic Eden's Co-Founder Proposed A New NFT Standard To Enforce Royalties,Magic Eden’s Co-Founder Proposed A New NFT Standard To Enforce Royalties,news,200,Indexable,1942,154,0,0,,,0,0,yes,delete,high,P1,no_signal
https://coincu.com/magic-token-kicks-off-2023-increase-of-185/,Magic Token Kicks Off 2023 With An Increase Of 185% After Three Weeks,Magic Token Kicks Off 2023 With An Increase Of 185% After Three Weeks,news,200,Indexable,2167,188,0,0,,,0,0,yes,delete,high,P1,no_signal
https://coincu.com/magnate-finance-65-million-rug-pull/,Magnate Finance Faces $6.5 Million Rug Pull Amid Oracle Manipulation,Magnate Finance Faces $6.5 Million Rug Pull Amid Oracle Manipulation,news,200,Indexable,1995,161,0,0,,,0,0,yes,delete,high,P1,no_signal
https://coincu.com/mainnet-sui-upgraded-to-new-v1-5-0-version/,Mainnet Sui Upgraded To New V1.5.0 Version,Mainnet Sui Upgraded To New V1.5.0 Version,news,200,Indexable,1961,126,0,0,,,0,0,yes,delete,high,P1,no_signal
https://coincu.com/maji-increased-eth-long-position-6860-eth-14-15-million/,"Maji Raises ETH Long to 6,860 ETH Worth US$14.15M","Maji Raises ETH Long to 6,860 ETH Worth US$14.15M",news,200,Indexable,2671,173,0,0,,,0,0,yes,delete,high,P1,no_signal
https://coincu.com/major-banks-see-revenue-soar/,Major Banks See Revenue Soar As Investors Leave Crypto Market,Major Banks See Revenue Soar As Investors Leave Crypto Market,news,200,Indexable,2123,158,0,0,,,0,0,yes,delete,high,P1,no_signal
https://coincu.com/major-ethereum-mining-pools-support-ethw/,Major Ethereum Mining Pools Will Support ETHW After The Merge,Major Ethereum Mining Pools Will Support ETHW After The Merge,news,200,Indexable,2048,218,0,0,,,0,0,yes,delete,high,P1,no_signal
https://coincu.com/major-hack-damages-neopets/,Major Hack Damages Neopets,Major Hack Damages Neopets,news,200,Indexable,1882,139,0,0,,,0,0,yes,delete,high,P1,no_signal
https://coincu.com/major-investors-reject-silicon-valley-bank/,Revolt of 100+ VCs: Major Investors Reject Silicon Valley Bank!,Revolt of 100+ VCs: Major Investors Reject Silicon Valley Bank!,news,200,Indexable,2223,133,0,0,,,0,0,yes,delete,high,P1,no_signal
https://coincu.com/major-league-baseball-recruitment/,"Major League Baseball Recruitment To Expand Strategic Partnerships In NFTs, Metaverse","Major League Baseball Recruitment To Expand Strategic Partnerships In NFTs, Metaverse",news,200,Indexable,1785,150,0,0,,,0,0,yes,delete,high,P1,no_signal
https://coincu.com/major-media-outlets-want-the-names-of-sbfs/,Major Media Outlets Want The Names Of SBF's $250 Million Bond Guaranteeors,Major Media Outlets Want The Names Of SBF’s $250 Million Bond Guaranteeors,news,200,Indexable,2143,226,0,0,,,0,0,yes,delete,high,P1,no_signal
https://coincu.com/major-nft-bayc-hodler-loses-100-eth-domain/,Major NFT BAYC Holder Loses 100 ETH In A Botched Domain Sale,Major NFT BAYC Holder Loses 100 ETH In A Botched Domain Sale,news,200,Indexable,2162,153,0,0,,,0,0,yes,delete,high,P1,no_signal
https://coincu.com/maker-mkr-collateral-stablecoin-dai/,Maker Wishes To Enable MKR Collateral To Be Used To Borrow Stablecoin DAI,Maker Wishes To Enable MKR Collateral To Be Used To Borrow Stablecoin DAI,news,200,Indexable,2239,158,0,0,,,0,0,yes,delete,high,P1,no_signal
https://coincu.com/maker-price-hits-16-month-high/,"Maker Price Hits 16-Month High, Should There Be FOMO?","Maker Price Hits 16-Month High, Should There Be FOMO?",news,200,Indexable,2082,89,0,0,,,0,0,yes,delete,high,P1,no_signal
https://coincu.com/makerdao-42-of-dais-use-cases/,MakerDAO: About 42% of DAI's Initial Use Cases Are For Decentralized Exchanges,MakerDAO: About 42% of DAI’s Initial Use Cases Are For Decentralized Exchanges,news,200,Indexable,2078,194,0,0,,,0,0,yes,delete,high,P1,no_signal
https://coincu.com/makerdao-approved-proposal/,MakerDAO Has Approved Proposal To Raise US Treasury Investment Cap,MakerDAO Has Approved Proposal To Raise US Treasury Investment Cap,news,200,Indexable,2188,104,0,0,,,0,0,yes,delete,high,P1,no_signal
https://coincu.com/makerdao-approves-remove-renbtc/,MakerDAO Approves Proposal To Remove renBTC As Stablecoin Collateral,MakerDAO Approves Proposal To Remove renBTC As Stablecoin Collateral,news,200,Indexable,2091,139,0,0,,,0,0,yes,delete,high,P1,no_signal
https://coincu.com/makerdao-co-founder-recommends-dai/,MakerDAO Co-Founder Recommends DAI-USD Depegging,MakerDAO Co-Founder Recommends DAI-USD Depegging,news,200,Indexable,1861,154,0,0,,,0,0,yes,delete,high,P1,no_signal
https://coincu.com/makerdao-co-founder-solana-promising-codebase/,MakerDAO Co-Founder Rune Sees Solana As The Most Promising Codebase,MakerDAO Co-Founder Rune Sees Solana As The Most Promising Codebase,news,200,Indexable,2058,147,0,0,,,0,0,yes,delete,high,P1,no_signal
https://coincu.com/makerdao-considers-dsr-reduction-to-5-proposals/,MakerDAO Considers DSR Reduction To 5% Amid Proposals,MakerDAO Considers DSR Reduction To 5% Amid Proposals,news,200,Indexable,2098,96,0,0,,,0,0,yes,delete,high,P1,no_signal
https://coincu.com/makerdao-dominates-with-122-million-in-mkr/,MakerDAO Dominates with $122 Million In MKR Holdings,MakerDAO Dominates with $122 Million In MKR Holdings,news,200,Indexable,2161,156,0,0,,,0,0,yes,delete,high,P1,no_signal
https://coincu.com/makerdao-earns-315k-fees-daily-as-mkr-token/,MakerDAO Earns $315K Fees Daily As MKR Token Sees Impressive Growth,MakerDAO Earns $315K Fees Daily As MKR Token Sees Impressive Growth,news,200,Indexable,2108,190,0,0,,,0,0,yes,delete,high,P1,no_signal
https://coincu.com/makerdao-execute-eight-governance-proposal/,MakerDAO To Execute Eight Governance Proposals For The Protocol,MakerDAO To Execute Eight Governance Proposals For The Protocol,news,200,Indexable,1997,223,0,0,,,0,0,yes,delete,high,P1,no_signal
https://coincu.com/makerdao-founder-215000-dai-for-211-61-mkr/,"MakerDAO Founder Exchanges 215,000 DAI For 211.61 MKR Again, Price Surges","MakerDAO Founder Exchanges 215,000 DAI For 211.61 MKR Again, Price Surges",news,200,Indexable,2021,186,0,0,,,0,0,yes,delete,high,P1,no_signal
https://coincu.com/makerdao-founder-aims-to-decrease-enhanced-dai/,MakerDAO Founder Aims to Decrease Enhanced Dai Savings Rate,MakerDAO Founder Aims to Decrease Enhanced Dai Savings Rate,news,200,Indexable,2110,155,0,0,,,0,0,yes,delete,high,P1,no_signal
https://coincu.com/makerdao-founder-invests-98k-in-7-4b-shib-tokens/,MakerDAO Founder Invests $98K in 7.4B SHIB Tokens Power Play!,MakerDAO Founder Invests $98K in 7.4B SHIB Tokens Power Play!,news,200,Indexable,2194,74,0,0,,,0,0,yes,delete,high,P1,no_signal
https://coincu.com/makerdao-governance-collateral-for-dai/,MakerDAO Governance Agrees To Propose To Add GnosisDAO Token As Collateral For DAI,MakerDAO Governance Agrees To Propose To Add GnosisDAO Token As Collateral For DAI,news,200,Indexable,1980,126,0,0,,,0,0,yes,delete,high,P1,no_signal
https://coincu.com/makerdao-halts-lending/,DAI Stability Secured: MakerDAO Halts Lending After $2.1 Million Loan Defaults,DAI Stability Secured: MakerDAO Halts Lending After $2.1 Million Loan Defaults,news,200,Indexable,2383,141,0,0,,,0,0,yes,delete,high,P1,no_signal
https://coincu.com/makerdao-income-declines-86-because-issues/,MakerDAO Income Declines 86% Because To Issues With Wrapped BTC And Ether,MakerDAO Income Declines 86% Because To Issues With Wrapped BTC And Ether,news,200,Indexable,2226,156,0,0,,,0,0,yes,delete,high,P1,no_signal
https://coincu.com/makerdao-increasing-dai-savings-rate/,MakerDAO Proposes Increasing DAI Savings Rate To 3.33% - Coincu - Latest Cryptocurrency News and Analysis 1,MakerDAO Proposes Increasing DAI Savings Rate To 3.33%,news,200,Indexable,2112,179,0,0,,,0,0,yes,delete,high,P1,no_signal
https://coincu.com/makerdao-invest-1-28b-in-us-treasuries/,MakerDAO Approves Vault To Invest Up To $1.28 Billion In US Treasuries,MakerDAO Approves Vault To Invest Up To $1.28 Billion In US Treasuries,news,200,Indexable,2048,101,0,0,,,0,0,yes,delete,high,P1,no_signal
https://coincu.com/makerdao-invests-50m-in-rwa-1-28b-investment/,"MakerDAO Invests Additional $50M In RWA Assets, Targets $1.28B Investment","MakerDAO Invests Additional $50M In RWA Assets, Targets $1.28B Investment",news,200,Indexable,2015,142,0,0,,,0,0,yes,delete,high,P1,no_signal
https://coincu.com/makerdao-liquidation-if-eth-fall-below-1300/,"MakerDAO Faces Risk Of Liquidation If ETH Continues To Fall Below $1,300","MakerDAO Faces Risk Of Liquidation If ETH Continues To Fall Below $1,300",news,200,Indexable,1958,155,0,0,,,0,0,yes,delete,high,P1,no_signal
https://coincu.com/makerdao-new-proposal/,MakerDAO New Proposal Shows A Positive Price Signal Of MKR,MakerDAO New Proposal Shows A Positive Price Signal Of MKR,news,200,Indexable,2129,151,0,0,,,0,0,yes,delete,high,P1,no_signal
https://coincu.com/makerdao-promotes-removal-gusd/,MakerDAO Promotes Removal Of Gemini's $390 Million GUSD From Its Reserves,MakerDAO Promotes Removal Of Gemini’s $390 Million GUSD From Its Reserves,news,200,Indexable,2281,112,0,0,,,0,0,yes,delete,high,P1,no_signal
https://coincu.com/makerdao-proposes-changes-to-protect-users/,MakerDAO Proposes Changes To Protect Users From Centralized Stablecoin Crisis,MakerDAO Proposes Changes To Protect Users From Centralized Stablecoin Crisis,news,200,Indexable,2257,225,0,0,,,0,0,yes,delete,high,P1,no_signal
https://coincu.com/makerdao-proposes-eliminate-500m-usdp/,MakerDAO Proposes Eliminate Of $500M In USDP From Its Reserves,MakerDAO Proposes Eliminate Of $500M In USDP From Its Reserves,news,200,Indexable,2121,95,0,0,,,0,0,yes,delete,high,P1,no_signal
https://coincu.com/makerdao-purchasing-700m-bonds/,"MakerDAO Backed DAI By Purchasing $700 Million In US Treasury Bonds, MKR Up 5%","MakerDAO Backed DAI By Purchasing $700 Million In US Treasury Bonds, MKR Up 5%",news,200,Indexable,2184,125,0,0,,,0,0,yes,delete,high,P1,no_signal
https://coincu.com/makerdao-puts-500m-in-treasuries-and-bonds/,MakerDAO Puts $500M in Treasuries And Bonds,MakerDAO Puts $500M in Treasuries And Bonds – What’s Next – DAI?,news,200,Indexable,1970,152,0,0,,,0,0,yes,delete,high,P1,no_signal
https://coincu.com/makerdao-reassures-customers/,MakerDao Reassures Its Customers After Gemini's Trouble,MakerDao Reassures Its Customers After Gemini’s Trouble,news,200,Indexable,2114,197,0,0,,,0,0,yes,delete,high,P1,no_signal
https://coincu.com/makerdao-redenominates-mkr-token-into-24000-ngt/,"MakerDAO Redenominates MKR Token into 24,000 NGT in Endgame Plan","MakerDAO Redenominates MKR Token into 24,000 NGT in Endgame Plan",news,200,Indexable,2031,145,0,0,,,0,0,yes,delete,high,P1,no_signal
https://coincu.com/makerdao-rwa-assets-now-reach-3-1b/,MakerDAO RWA Assets Now Reach $3.1 Billion After Platform Adds $101 Million To Back DAI,MakerDAO RWA Assets Now Reach $3.1 Billion After Platform Adds $101 Million To Back DAI,news,200,Indexable,2134,150,0,0,,,0,0,yes,delete,high,P1,no_signal
https://coincu.com/makerdao-spark-protocol/,MakerDAO Continues Stablecoin Race With Spark Protocol Launch,MakerDAO Continues Stablecoin Race With Spark Protocol Launch,news,200,Indexable,2298,153,0,0,,,0,0,yes,delete,high,P1,no_signal
https://coincu.com/makerdao-supercharges-rwa-assets/,"MakerDAO Supercharges RWA Assets, Skyrockets to $2.537 Billion","MakerDAO Supercharges RWA Assets, Skyrockets to $2.537 Billion",news,200,Indexable,2056,133,0,0,,,0,0,yes,delete,high,P1,no_signal
https://coincu.com/makerdao-support-for-reth-as-collateral/,MakerDAO Support For rETH As Collateral,MakerDAO Support For rETH As Collateral,news,200,Indexable,1879,126,0,0,,,0,0,yes,delete,high,P1,no_signal
https://coincu.com/makerdao-surges-100-million-investment-in-rwa/,MakerDAO Surges: $100 Million Investment In RWAs Signals The Shift To Traditional Markets,MakerDAO Surges: $100 Million Investment In RWAs Signals The Shift To Traditional Markets,news,200,Indexable,2095,113,0,0,,,0,0,yes,delete,high,P1,no_signal
https://coincu.com/makerdao-traditional-bank/,MakerDAO Voting On Collaborating With A Traditional Bank,MakerDAO Voting On Collaborating With A Traditional Bank,news,200,Indexable,2211,157,0,0,,,0,0,yes,delete,high,P1,no_signal
https://coincu.com/makerdao-transfer-500-million-usdc-coinbase/,MakerDAO Approved A Proposal To Transfer 500 Million USDC To Coinbase,MakerDAO Approved A Proposal To Transfer 500 Million USDC To Coinbase,news,200,Indexable,2144,98,0,0,,,0,0,yes,delete,high,P1,no_signal
https://coincu.com/makerdao-unveils-innovative-strategies/,MakerDAO Unveils Innovative Strategies To Reignite DAI Demand,MakerDAO Unveils Innovative Strategies To Reignite DAI Demand,news,200,Indexable,2250,87,0,0,,,0,0,yes,delete,high,P1,no_signal
https://coincu.com/makerdao-vote-deposit-1-6b-usdc-coinbases/,MakerDAO Vote To Deposit 1.6 Billion USDC For Profit In Coinbase's New Program,MakerDAO Vote To Deposit 1.6 Billion USDC For Profit In Coinbase’s New Program,news,200,Indexable,2101,157,0,0,,,0,0,yes,delete,high,P1,no_signal
https://coincu.com/makerdao-wants-to-remove-usdc/,MakerDAO Wants To Remove USDC From The DAI Stablecoin Peg-Stability,MakerDAO Wants To Remove USDC From The DAI Stablecoin Peg-Stability,news,200,Indexable,2237,158,0,0,,,0,0,yes,delete,high,P1,no_signal
https://coincu.com/makerdao-will-vote-on-100-million-loan/,MakerDAO Will Vote On $100 Million Loan With Florida Commercial Bank,MakerDAO Will Vote On $100 Million Loan With Florida Commercial Bank,news,200,Indexable,2245,250,0,0,,,0,0,yes,delete,high,P1,no_signal
https://coincu.com/makerdaos-founder-dai-needs-rebranding/,Why MakerDAO Founder Believes DAI Needs Rebranding Overhaul?,Why MakerDAO Founder Believes DAI Needs Rebranding Overhaul?,news,200,Indexable,2199,179,0,0,,,0,0,yes,delete,high,P1,no_signal
https://coincu.com/malaysia-bitcoin-mining-seven-arrested-for-theft/,Malaysia Bitcoin Mining: Seven Arrested for Power Theft in Crypto Ops,Malaysia Bitcoin Mining: Seven Arrested for Power Theft in Crypto Ops,news,200,Indexable,1974,160,0,0,,,0,0,yes,delete,high,P1,no_signal
https://coincu.com/malaysia-cracks-down-illegal-crypto-mining/,Malaysia Cracks Down On Illegal Energy Crypto Mining,Malaysia Cracks Down On Illegal Energy Crypto Mining,news,200,Indexable,2280,113,0,0,,,0,0,yes,delete,high,P1,no_signal
https://coincu.com/malaysia-develops-national-blockchain/,Malaysia Develops The National Public Blockchain Infrastructure,Malaysia Develops The National Public Blockchain Infrastructure,news,200,Indexable,1912,140,0,0,,,0,0,yes,delete,high,P1,no_signal
https://coincu.com/malaysia-power-theft-crackdown-destroys-btc-rigs/,Malaysia Power Theft Battle Sees 985 Bitcoin Mining Machines Obliterated,Malaysia Power Theft Battle Sees 985 Bitcoin Mining Machines Obliterated,news,200,Indexable,2042,159,0,0,,,0,0,yes,delete,high,P1,no_signal
https://coincu.com/malaysian-crypto-miners-stole-electricity/,Malaysian Crypto Miners Stole $722 Million in Electricity from 2018,Malaysian Crypto Miners Stole $722 Million in Electricity from 2018,news,200,Indexable,2060,108,0,0,,,0,0,yes,delete,high,P1,no_signal
https://coincu.com/malaysian-prime-minister-mahathir-mohamads/,Former Malaysian Prime Minister Mahathir Mohamad's X Account Hacked in Crypto Scam,Former Malaysian Prime Minister Mahathir Mohamad’s X Account Hacked in Crypto Scam,news,200,Indexable,2143,133,0,0,,,0,0,yes,delete,high,P1,no_signal
https://coincu.com/malta-plans-to-exclude-nfts-from-crypto-law/,Malta Plans To Exclude NFTs From Crypto Law,Malta Plans To Exclude NFTs From Crypto Law,news,200,Indexable,2082,176,0,0,,,0,0,yes,delete,high,P1,no_signal
https://coincu.com/man-group-launch-crypto-hedge/,Man Group Will Launch Crypto Hedge Fund Despite Difficult Market Circumstances,Man Group Will Launch Crypto Hedge Fund Despite Difficult Market Circumstances,news,200,Indexable,1991,175,0,0,,,0,0,yes,delete,high,P1,no_signal
https://coincu.com/manager-arrested-for-crypto-ponzi-scheme/,Investment Manager Arrested For $10 Million Crypto Ponzi Scheme,Investment Manager Arrested For $10 Million Crypto Ponzi Scheme,news,200,Indexable,2018,266,0,0,,,0,0,yes,delete,high,P1,no_signal
https://coincu.com/manchester-united-accused-copy-deslucrece/,Manchester United Accused Of Copying Artist DesLucrece NFTs,Manchester United Accused Of Copying Artist DesLucrece NFTs,news,200,Indexable,2181,194,0,0,,,0,0,yes,delete,high,P1,no_signal
https://coincu.com/mandala-to-launch-nft-on-astar/,Mandala To Launch Its NFT Collection On Astar Network On April 28,Mandala To Launch Its NFT Collection On Astar Network On April 28,news,200,Indexable,2130,169,0,0,,,0,0,yes,delete,high,P1,no_signal
https://coincu.com/mango-attackers-moved-57-5-m-usdc/,Mango Attackers Moved 57.5 Million USDC To A New Address,Mango Attackers Moved 57.5 Million USDC To A New Address,news,200,Indexable,1983,154,0,0,,,0,0,yes,delete,high,P1,no_signal
https://coincu.com/mango-dao-settlement-with-sec/,"Mango DAO Settlement With SEC Finalized For $700,000 Fine","Mango DAO Settlement With SEC Finalized For $700,000 Fine",news,200,Indexable,2139,125,0,0,,,0,0,yes,delete,high,P1,no_signal
https://coincu.com/mango-markets-attacker-identity-revealed/,Mango Markets Attacker Identity Revealed?,Mango Markets Attacker Identity Revealed?,news,200,Indexable,2019,150,0,0,,,0,0,yes,delete,high,P1,no_signal
https://coincu.com/mango-markets-attacker-wants-to-pay-70m/,Mango Markets Attacker Wants To Pay $70 Million Bounty Via Governance Proposal,Mango Markets Attacker Wants To Pay $70 Million Bounty Via Governance Proposal,news,200,Indexable,1993,204,0,0,,,0,0,yes,delete,high,P1,no_signal
https://coincu.com/mango-markets-community-agrees-deal/,Mango Markets Community Agrees $47 Million Bounty Deal With Hacker,Mango Markets Community Agrees $47 Million Bounty Deal With Hacker,news,200,Indexable,2079,151,0,0,,,0,0,yes,delete,high,P1,no_signal
https://coincu.com/mango-markets-dao-approves-settlement-with-sec/,"Mango Markets DAO Voted to Settlement with SEC $223,228 Fine","Mango Markets DAO Voted to Settlement with SEC $223,228 Fine",news,200,Indexable,2118,143,0,0,,,0,0,yes,delete,high,P1,no_signal
https://coincu.com/mango-markets-exploiter-receive-detention/,Mango Markets Exploiter Now Receives Order Of Detention Pending Trial,Mango Markets Exploiter Now Receives Order Of Detention Pending Trial,news,200,Indexable,2113,139,0,0,,,0,0,yes,delete,high,P1,no_signal
https://coincu.com/mango-markets-hacker-faces-20-years-in-prison/,Mango Markets Hacker Faces 20 Years In Prison,Mango Markets Hacker Faces 20 Years In Prison,news,200,Indexable,2124,107,0,0,,,0,0,yes,delete,high,P1,no_signal
https://coincu.com/mango-markets-hacker-rug-pulls-mango-inu/,"Mango Markets Hacker Rug Pulls Mango Inu Warned Investors They Would ""Certainly Lose All Your Money""",Mango Markets Hacker Rug Pulls Mango Inu Warned Investors They Would “Certainly Lose All Your Money”,news,200,Indexable,2375,154,0,0,,,0,0,yes,delete,high,P1,no_signal
https://coincu.com/mango-markets-return-stolen-funds/,Mango Markets Will Return Stolen Funds After Being Exploited,Mango Markets Will Return Stolen Funds After Being Exploited,news,200,Indexable,2000,152,0,0,,,0,0,yes,delete,high,P1,no_signal
https://coincu.com/mango-v3-compensation-redemption/,Mango v3 Compensation And Redemption Website Launched,Mango v3 Compensation And Redemption Website Launched,news,200,Indexable,2022,138,0,0,,,0,0,yes,delete,high,P1,no_signal
https://coincu.com/manhattan-private-credit-launches-network-to-connect-investors-with-private-credit-markets-as-bank-lending-continues-to-contract/,Manhattan Private Credit Launches Network to Connect Investors With Private Credit Markets as Bank Lending Continues to Contract,Manhattan Private Credit Launches Network to Connect Investors With Private Credit Markets as Bank Lending Continues to Contract,news,200,Indexable,2433,222,0,0,,,0,0,yes,delete,high,P1,no_signal
https://coincu.com/manta-network-ecofund-now-live-with-50m/,Manta Network EcoFund Now Live With $50M Offering For Applications,Manta Network EcoFund Now Live With $50M Offering For Applications,news,200,Indexable,2100,161,0,0,,,0,0,yes,delete,high,P1,no_signal
https://coincu.com/manta-network-launches-evm-manta-pacific/,Manta Network Launches EVM Manta Pacific With Outstanding Improvements,Manta Network Launches EVM Manta Pacific With Outstanding Improvements,news,200,Indexable,2042,113,0,0,,,0,0,yes,delete,high,P1,no_signal
https://coincu.com/manta-network-secures-massive-25m-series-a/,Manta Network Secures Massive $25M Series A Funding Led by Polychain,Manta Network Secures Massive $25M Series A Funding Led by Polychain,news,200,Indexable,2293,75,0,0,,,0,0,yes,delete,high,P1,no_signal
https://coincu.com/manta-network-soul-bound-token/,Layer-1 Manta Network To Launch Privacy-Focused Soulbound Token zkSBT,Layer-1 Manta Network To Launch Privacy-Focused Soulbound Token zkSBT,news,200,Indexable,2183,157,0,0,,,0,0,yes,delete,high,P1,no_signal
https://coincu.com/manta-network-withdrawals-wusdm-to-usdc/,Manta Network Withdrawals wUSDM to USDC Conversions Before Deadline!,Manta Network Withdrawals wUSDM to USDC Conversions Before Deadline!,news,200,Indexable,2192,183,0,0,,,0,0,yes,delete,high,P1,no_signal
https://coincu.com/mantle-bybit-ondos-usdy/,"Mantle, Backed by Bybit, Expands To Real World Assets With Ondo's USDY","Mantle, Backed by Bybit, Expands To Real World Assets With Ondo’s USDY",news,200,Indexable,1990,151,0,0,,,0,0,yes,delete,high,P1,no_signal
https://coincu.com/mantle-cores-ambitious-200m-proposal-sparks/,Mantle Core’s Ambitious $200M Proposal Sparks Web3 Investment Excitement,Mantle Core’s Ambitious $200M Proposal Sparks Web3 Investment Excitement,news,200,Indexable,2327,225,0,0,,,0,0,yes,delete,high,P1,no_signal
https://coincu.com/mantle-dao-now-advocates-transforming-treasurys/,Mantle DAO Now Advocates Transforming Treasurys And Elevating Liquid Staking,Mantle DAO Now Advocates Transforming Treasurys And Elevating Liquid Staking,news,200,Indexable,2113,143,0,0,,,0,0,yes,delete,high,P1,no_signal
https://coincu.com/mantle-mnt-hits-ath-with-5b-cap-on/,MANTLE ($MNT) Hits ATH with $5B Cap on Bybit Roadmap Boost,MANTLE ($MNT) Hits ATH with $5B Cap on Bybit Roadmap Boost,news,200,Indexable,1975,146,0,0,,,0,0,yes,delete,high,P1,no_signal
https://coincu.com/mantle-network-commits-238m-usd/,Mantle Network Commits 238M USD For Transformative Ecosystem Expansion,Mantle Network Commits 238M USD For Transformative Ecosystem Expansion,news,200,Indexable,2032,106,0,0,,,0,0,yes,delete,high,P1,no_signal
https://coincu.com/mantle-network-gains-positive-momentum/,Mantle Network Gains Positive Momentum With World Liberty Backing,Mantle Network Gains Positive Momentum With World Liberty Backing,news,200,Indexable,2279,122,0,0,,,0,0,yes,delete,high,P1,no_signal
https://coincu.com/mantle-network-launched-its-mainnet-alpha/,Layer 2 Mantle Network Officially Launched Its Mainnet Alpha,Layer 2 Mantle Network Officially Launched Its Mainnet Alpha,news,200,Indexable,2105,68,0,0,,,0,0,yes,delete,high,P1,no_signal
https://coincu.com/mantle-network-layer-2-network/,"Mantle Network: The New High-performance, Modular Ethereum Layer 2 Network","Mantle Network: The New High-performance, Modular Ethereum Layer 2 Network",news,200,Indexable,2958,156,0,0,,,0,0,yes,delete,high,P1,no_signal
https://coincu.com/mantle-network-mnt-bystarter-participate/,Get Ready to Win: Join MNT ByStarter by Mantle Network for Project Tokens,Get Ready to Win: Join MNT ByStarter by Mantle Network for Project Tokens,news,200,Indexable,2239,328,0,0,,,0,0,yes,delete,high,P1,no_signal
https://coincu.com/mantle-networks-40000-eth-lido-dao-vault/,"Mantle Network's Bold Move: 40,000 ETH Pledged To Lido From DAO Vault","Mantle Network’s Bold Move: 40,000 ETH Pledged To Lido From DAO Vault",news,200,Indexable,1997,92,0,0,,,0,0,yes,delete,high,P1,no_signal
https://coincu.com/mantle-plans-to-invest-200000-eth/,"Layer 2 Mantle Plans To Invest 200,000 ETH In LPs To Grow Profit Realized","Layer 2 Mantle Plans To Invest 200,000 ETH In LPs To Grow Profit Realized",news,200,Indexable,2301,115,0,0,,,0,0,yes,delete,high,P1,no_signal
https://coincu.com/mantle-testnet-is-now-live/,Ethereum Layer 2 Network Mantle Testnet Is Now Live,Ethereum Layer 2 Network Mantle Testnet Is Now Live,news,200,Indexable,2127,151,0,0,,,0,0,yes,delete,high,P1,no_signal
https://coincu.com/mantle-v2-tectonic-upgrade/,Mantle V2 Tectonic Upgrade Has Now Completed,Mantle V2 Tectonic Upgrade Has Now Completed,news,200,Indexable,2097,103,0,0,,,0,0,yes,delete,high,P1,no_signal
https://coincu.com/mantra-the-first-multivm-blockchain-for-rwas-with-native-evm-and-cosmwasm-support/,MANTRA: The First MultiVM Blockchain For RWAs With Native EVM And CosmWasm Support,MANTRA: The First MultiVM Blockchain For RWAs With Native EVM And CosmWasm Support,news,200,Indexable,2484,176,0,0,,,0,0,yes,delete,high,P1,no_signal
https://coincu.com/mantras-om-token-nosedives-90-amid-rumors/,"Mantra’s OM Token Nosedives 90% Amid Rumors, Sell-Offs, and Community Backlash","Mantra’s OM Token Nosedives 90% Amid Rumors, Sell-Offs, and Community Backlash",news,200,Indexable,2563,145,0,0,,,0,0,yes,delete,high,P1,no_signal
https://coincu.com/maotai-launched-an-nft-wine-bottles/,"Maotai, A Chinese Liquor Company, Has Launched An NFT Based On Wine Bottles","Maotai, A Chinese Liquor Company, Has Launched An NFT Based On Wine Bottles",news,200,Indexable,2062,152,0,0,,,0,0,yes,delete,high,P1,no_signal
https://coincu.com/maple-finance-figment-launch-staking-solutions/,Maple Finance and Figment Launch Superior Staking Solutions!,Maple Finance and Figment Launch Superior Staking Solutions!,news,200,Indexable,2123,106,0,0,,,0,0,yes,delete,high,P1,no_signal
https://coincu.com/maple-finance-releases-version-2-0/,Lending Protocol Maple Finance Releases Version 2.0,Lending Protocol Maple Finance Releases Version 2.0,news,200,Indexable,2078,156,0,0,,,0,0,yes,delete,high,P1,no_signal
https://coincu.com/maple-finance-solana-us-treasury-yields/,Maple Finance's Dynamic Return To Solana Fuels DeFi Innovation And Collaboration,Maple Finance’s Dynamic Return To Solana Fuels DeFi Innovation And Collaboration,news,200,Indexable,1977,201,0,0,,,0,0,yes,delete,high,P1,no_signal
https://coincu.com/maple-finance-tightens-lending-standards/,Maple Finance Tightens Lending Standards Amid Mass Bankruptcy,Maple Finance Tightens Lending Standards Amid Mass Bankruptcy,news,200,Indexable,1987,152,0,0,,,0,0,yes,delete,high,P1,no_signal
https://coincu.com/maplestory-universe-marks-one-year-of-live-ops-surpasses-150m-on-chain-transactions-entering-msu-2-0-phase/,"MapleStory Universe Marks One Year of Live Ops, Surpasses 150M On-chain Transactions, Entering MSU 2.0 Phase","MapleStory Universe Marks One Year of Live Ops, Surpasses 150M On-chain Transactions, Entering MSU 2.0 Phase",news,200,Indexable,2796,40,0,0,,,0,0,yes,delete,high,P1,no_signal
https://coincu.com/mara-bitcoin-investment-acquire-15574-btc/,"MARA Bitcoin Investment: $1.53B Spent to Acquire 15,574 BTC","MARA Bitcoin Investment: $1.53B Spent to Acquire 15,574 BTC",news,200,Indexable,2053,147,0,0,,,0,0,yes,delete,high,P1,no_signal
https://coincu.com/mara-bitcoin-investment-boosted/,"MARA Bitcoin Investment Boosted With 11,774 BTC Purchase","MARA Bitcoin Investment Boosted With 11,774 BTC Purchase",news,200,Indexable,2068,136,0,0,,,0,0,yes,delete,high,P1,no_signal
https://coincu.com/mara-bitcoin-purchased-holdings-reach-34794-btc/,"MARA Bitcoin Purchased As Holdings Reach 34,794 BTC","MARA Bitcoin Purchased As Holdings Reach 34,794 BTC",news,200,Indexable,2033,166,0,0,,,0,0,yes,delete,high,P1,no_signal
https://coincu.com/mara-convertible-notes-offering-now-completed/,MARA Convertible Notes Offering Now Completed With $1 Billion Raised,MARA Convertible Notes Offering Now Completed With $1 Billion Raised,news,200,Indexable,2081,120,0,0,,,0,0,yes,delete,high,P1,no_signal
https://coincu.com/mara-holdings-buys-400-btc-expands/,"MARA Holdings Buys 400 BTC, Expands Crypto and AI Strategy","MARA Holdings Buys 400 BTC, Expands Crypto and AI Strategy",news,200,Indexable,2153,147,0,0,,,0,0,yes,delete,high,P1,no_signal
https://coincu.com/mara-lays-off-15-percent-staff-ai-digital-infrastructure/,MARA Lays Off 15% of Staff as It Shifts Toward AI Infrastructure,MARA Lays Off 15% of Staff as It Shifts Toward AI Infrastructure,news,200,Indexable,2620,156,0,0,,,0,0,yes,delete,high,P1,no_signal
https://coincu.com/mara-long-ridge-600m-notes-consent-solicitation-asset-acquisition/,Bitcoin Miner MARA Starts Long Ridge $600M Notes Consent Solicitation for Asset Acquisition,Bitcoin Miner MARA Starts Long Ridge $600M Notes Consent Solicitation for Asset Acquisition,news,200,Indexable,2895,139,0,0,,,0,0,yes,delete,high,P1,no_signal
https://coincu.com/mara-private-offering-of-700m-convertible/,MARA Private Offering Of $700M Convertible Senior Notes,MARA Private Offering Of $700M Convertible Senior Notes,news,200,Indexable,2060,149,0,0,,,0,0,yes,delete,high,P1,no_signal
https://coincu.com/marathon-bitcoin-mining-output/,Marathon Bitcoin Mining Output Drops 44% in Q2 2022,Marathon Bitcoin Mining Output Drops 44% in Q2 2022,news,200,Indexable,2159,155,0,0,,,0,0,yes,delete,high,P1,no_signal
https://coincu.com/marathon-brink-raise-1m-support-bitcoin/,Marathon With Brink To Raise Up To $1M To Support Bitcoin Core Developers,Marathon With Brink To Raise Up To $1M To Support Bitcoin Core Developers,news,200,Indexable,2097,164,0,0,,,0,0,yes,delete,high,P1,no_signal
https://coincu.com/marathon-ceo-bitcoin-halving-event/,Marathon CEO: Bitcoin Halving Event Now Priced In Part Thanks To Optimism,Marathon CEO: Bitcoin Halving Event Now Priced In Part Thanks To Optimism,news,200,Indexable,2143,88,0,0,,,0,0,yes,delete,high,P1,no_signal
https://coincu.com/marathon-digital-bitcoin-purchase-100m-20000-btc/,"Marathon Digital Bitcoin Purchase Worth $100M Boosts Holdings To 20,000 BTC","Marathon Digital Bitcoin Purchase Worth $100M Boosts Holdings To 20,000 BTC",news,200,Indexable,2129,114,0,0,,,0,0,yes,delete,high,P1,no_signal
https://coincu.com/marathon-digital-holdings-new-subpoena-sec/,Marathon Digital Holdings Receives New Subpoena From SEC,Marathon Digital Holdings Receives New Subpoena From SEC,news,200,Indexable,2092,192,0,0,,,0,0,yes,delete,high,P1,no_signal
https://coincu.com/marathon-digital-holdings-november-btc-operation/,Marathon Digital Holdings November Bitcoin Operations Achieve Record-Breaking Milestones,Marathon Digital Holdings November Bitcoin Operations Achieve Record-Breaking Milestones,news,200,Indexable,2106,121,0,0,,,0,0,yes,delete,high,P1,no_signal
https://coincu.com/marathon-digital-holdings-sells-700-btc-in-june/,"Marathon Digital Holdings Sells 700 BTC In June As Holdings Rise To 12,538: Report","Marathon Digital Holdings Sells 700 BTC In June As Holdings Rise To 12,538: Report",news,200,Indexable,2138,198,0,0,,,0,0,yes,delete,high,P1,no_signal
https://coincu.com/marathon-digital-joint-venture-abu-dhabi/,Marathon Digital Forms Joint Venture In Abu Dhabi Announcing Mining Sites 250 MW,Marathon Digital Forms Joint Venture In Abu Dhabi Announcing Mining Sites 250 MW,news,200,Indexable,2119,136,0,0,,,0,0,yes,delete,high,P1,no_signal
https://coincu.com/marathon-digital-monetizes-recent-rally/,Marathon Digital Monetizes Recent Rally By Selling Mined Bitcoin For The First Time,Marathon Digital Monetizes Recent Rally By Selling Mined Bitcoin For The First Time,news,200,Indexable,2245,169,0,0,,,0,0,yes,delete,high,P1,no_signal
https://coincu.com/marathon-digital-produced-825-btc/,"Marathon Digital Produced 825 BTC In March, An Increase Of 21% Monthly","Marathon Digital Produced 825 BTC In March, An Increase Of 21% Monthly",news,200,Indexable,2128,110,0,0,,,0,0,yes,delete,high,P1,no_signal
https://coincu.com/marathon-digital-purchases-shares-series-a/,"Marathon Digital Purchases 15,000 Shares Of Series A Redeemable Convertible","Marathon Digital Purchases 15,000 Shares Of Series A Redeemable Convertible",news,200,Indexable,2176,69,0,0,,,0,0,yes,delete,high,P1,no_signal
https://coincu.com/marathon-digital-quarterly-losses-soar/,"Marathon Digital Quarterly Losses Soar With 20,000 BTC In Balance","Marathon Digital Quarterly Losses Soar With 20,000 BTC In Balance",news,200,Indexable,2105,131,0,0,,,0,0,yes,delete,high,P1,no_signal
https://coincu.com/marathon-digital-reduced-mining-output/,Marathon Digital Reduced Mining Output By 9% Compared To Last Month,Marathon Digital Reduced Mining Output By 9% Compared To Last Month,news,200,Indexable,2083,114,0,0,,,0,0,yes,delete,high,P1,no_signal
https://coincu.com/marathon-digital-sets-new-bitcoin-mining-records/,Marathon Digital Holdings Sets New Bitcoin Mining Records In July 2023,Marathon Digital Holdings Sets New Bitcoin Mining Records In July 2023,news,200,Indexable,2337,150,0,0,,,0,0,yes,delete,high,P1,no_signal
https://coincu.com/marathon-digital-shrinks-losses-in-q2/,Marathon Digital Shrinks Losses In Q2 With Growth Prospects,Marathon Digital Shrinks Losses In Q2 With Growth Prospects,news,200,Indexable,2119,99,0,0,,,0,0,yes,delete,high,P1,no_signal
https://coincu.com/marathon-digital-still-running/,Marathon Digital Still Running During Crypto Winter,Marathon Digital Still Running During Crypto Winter,news,200,Indexable,2105,182,0,0,,,0,0,yes,delete,high,P1,no_signal
https://coincu.com/marathon-digital-two-bitcoin-farms-in-178-6m/,Marathon Digital Secures Two Bitcoin Farms in $178.6M Acquisition,Marathon Digital Secures Two Bitcoin Farms in $178.6M Acquisition,news,200,Indexable,2145,111,0,0,,,0,0,yes,delete,high,P1,no_signal
https://coincu.com/marathon-gears-up-for-halving-with-machines-87m/,Marathon Gears Up For Halving With New Machines Worth $87M,Marathon Gears Up For Halving With New Machines Worth $87M,news,200,Indexable,2101,148,0,0,,,0,0,yes,delete,high,P1,no_signal
https://coincu.com/marathon-invested-compute-north/,Marathon Digital Invested $31.3 Million In Bankrupt Compute North,Marathon Digital Invested $31.3 Million In Bankrupt Compute North,news,200,Indexable,2099,153,0,0,,,0,0,yes,delete,high,P1,no_signal
https://coincu.com/marathon-to-mining-operation-abu-dhabi/,Marathon To Launch 250-megawatt Capacity Mining Operation In Abu Dhabi,Marathon To Launch 250-megawatt Capacity Mining Operation In Abu Dhabi,news,200,Indexable,2171,95,0,0,,,0,0,yes,delete,high,P1,no_signal
https://coincu.com/marathon-wont-bid-on-computes-assets/,"Marathon Won't Bid On Compute's Assets, CEO Confirms","Marathon Won’t Bid On Compute’s Assets, CEO Confirms",news,200,Indexable,2017,155,0,0,,,0,0,yes,delete,high,P1,no_signal
https://coincu.com/marginfi-net-outflow-hits-record-high/,Marginfi Net Outflow Hits Record High Of $80 Million When Founder Resigns,Marginfi Net Outflow Hits Record High Of $80 Million When Founder Resigns,news,200,Indexable,2075,105,0,0,,,0,0,yes,delete,high,P1,no_signal
https://coincu.com/marinade-finance-uk-ban-users-accessing-the-site/,"Marinade Finance UK Ban Users Accessing The Site, Raises Concerns Among Crypto Investors!","Marinade Finance UK Ban Users Accessing The Site, Raises Concerns Among Crypto Investors!",news,200,Indexable,2106,188,0,0,,,0,0,yes,delete,high,P1,no_signal
https://coincu.com/mario-gotze-diversifies-investments/,Mario Götze Expands Investment Portfolio Through Companion-M,Mario Götze Expands Investment Portfolio Through Companion-M,news,200,Indexable,2061,102,0,0,,,0,0,yes,delete,high,P1,no_signal
https://coincu.com/mark-cuban-and-elon-musk-challenge-sec-use/,Mark Cuban And Elon Musk Challenge SEC's Use Of Administrative Proceedings,Mark Cuban And Elon Musk Challenge SEC’s Use Of Administrative Proceedings,news,200,Indexable,2104,162,0,0,,,0,0,yes,delete,high,P1,no_signal
https://coincu.com/mark-cuban-confirmed-he-lost-870k/,"Mark Cuban Confirmed He Lost Approximately $870,000 In The Recent Hack","Mark Cuban Confirmed He Lost Approximately $870,000 In The Recent Hack",news,200,Indexable,2095,123,0,0,,,0,0,yes,delete,high,P1,no_signal
https://coincu.com/mark-cuban-meme-coin-proposed/,Mark Cuban Meme Coin Proposed to Reduce US National Debt,Mark Cuban Meme Coin Proposed to Reduce US National Debt,news,200,Indexable,2087,92,0,0,,,0,0,yes,delete,high,P1,no_signal
https://coincu.com/mark-cuban-predicts-sec/,Billionaire Mark Cuban Predicts US SEC Will Impose 'Nightmare' Crypto Rules,Billionaire Mark Cuban Predicts US SEC Will Impose ‘Nightmare’ Crypto Rules,news,200,Indexable,2133,92,0,0,,,0,0,yes,delete,high,P1,no_signal
https://coincu.com/mark-cuban-scheduled-be-deposed/,Mark Cuban Is Scheduled To Be Deposed On Feb 2 For Promoting Voyager,Mark Cuban Is Scheduled To Be Deposed On Feb 2 For Promoting Voyager,news,200,Indexable,2113,209,0,0,,,0,0,yes,delete,high,P1,no_signal
https://coincu.com/mark-cuban-shocks-with-bold-call-for-legal/,Mark Cuban Shocks With Bold Call for Legal Crypto Changes,Mark Cuban Shocks With Bold Call for Legal Crypto Changes,news,200,Indexable,2203,118,0,0,,,0,0,yes,delete,high,P1,no_signal
https://coincu.com/mark-murphy-digital-currency-group/,Mark Murphy Is Elevated To President At Digital Currency Group During Reorganization,Mark Murphy Is Elevated To President At Digital Currency Group During Reorganization,news,200,Indexable,2199,157,0,0,,,0,0,yes,delete,high,P1,no_signal
https://coincu.com/mark-yusko-bitcoin-next-bull-run/,Mark Yusko: Bitcoin's Next Bull Run Will Come In 2024,Mark Yusko: Bitcoin’s Next Bull Run Will Come In 2024,news,200,Indexable,2248,157,0,0,,,0,0,yes,delete,high,P1,no_signal
https://coincu.com/mark-zuckerberg-introduces-new-vr-headset/,Mark Zuckerberg Introduces New VR Headset With The Goal Of Working Professionally,Mark Zuckerberg Introduces New VR Headset With The Goal Of Working Professionally,news,200,Indexable,2175,157,0,0,,,0,0,yes,delete,high,P1,no_signal
https://coincu.com/mark-zuckerberg-optimistic-about-metaverse/,Mark Zuckerberg Continues To Be Optimistic About The Metaverse,Mark Zuckerberg Continues To Be Optimistic About The Metaverse,news,200,Indexable,1926,130,0,0,,,0,0,yes,delete,high,P1,no_signal
https://coincu.com/mark-zuckerberg-still-believes-metaverse/,Mark Zuckerberg Still Believes In Metaverse Plans Despite Loss Of $13.7 Billion In 2022,Mark Zuckerberg Still Believes In Metaverse Plans Despite Loss Of $13.7 Billion In 2022,news,200,Indexable,2105,204,0,0,,,0,0,yes,delete,high,P1,no_signal
https://coincu.com/mark-zuckerbergs-photo-cast-into-nft/,Mark Zuckerberg's Childhood Photo Was Cast Into NFT,Mark Zuckerberg’s Childhood Photo Was Cast Into NFT,news,200,Indexable,1968,152,0,0,,,0,0,yes,delete,high,P1,no_signal
https://coincu.com/market-analyst-predicts-bitcoins-drop-to-25k/,Market Analyst Predicts Bitcoin's Drop To $25k Before Finding Support,Market Analyst Predicts Bitcoin’s Drop To $25k Before Finding Support,news,200,Indexable,2092,182,0,0,,,0,0,yes,delete,high,P1,no_signal
https://coincu.com/market-bitcoin-breaks-ath-and-tethers-mc-peaks/,Market Overview (Mar 4–Mar 10): Bitcoin Breaks ATH and Tether's Market Cap Peaks,Market Overview (Mar 4–Mar 10): Bitcoin Breaks ATH and Tether’s Market Cap Peaks,news,200,Indexable,2507,151,0,0,,,0,0,yes,delete,high,P1,no_signal
https://coincu.com/market-cap-down-40-the-nft-worst-revenue/,"Market Capitalization Down 40%, The NFT Records Worst Revenue In June","Market Capitalization Down 40%, The NFT Records Worst Revenue In June",news,200,Indexable,2111,157,0,0,,,0,0,yes,delete,high,P1,no_signal
https://coincu.com/market-ethereum-dencun-upgrade-and-microstrategy/,Market Overview (Mar 11–Mar 17): Ethereum Dencun Upgrade and MicroStrategy Overtakes BlackRock,Market Overview (Mar 11–Mar 17): Ethereum Dencun Upgrade and MicroStrategy Overtakes BlackRock,news,200,Indexable,2584,165,0,0,,,0,0,yes,delete,high,P1,no_signal
https://coincu.com/market-jun-10-16-bitcoin-investments-rate-cuts/,"Market Overview (Jun 10 – Jun 16): Bitcoin Buys, Billion Dollar Investments, And Rate Cuts","Market Overview (Jun 10 – Jun 16): Bitcoin Buys, Billion Dollar Investments, And Rate Cuts",news,200,Indexable,3019,165,0,0,,,0,0,yes,delete,high,P1,no_signal
https://coincu.com/market-maker-b2c2-proposes/,Market Maker B2C2 Proposes To Repurchase Genesis Loans,Market Maker B2C2 Proposes To Repurchase Genesis Loans,news,200,Indexable,2037,151,0,0,,,0,0,yes,delete,high,P1,no_signal
https://coincu.com/market-needs-a-deeper-washout-to-build-a/,"Market needs a deeper washout to build a real bull base, Analysts Say","Market needs a deeper washout to build a real bull base, Analysts Say",news,200,Indexable,2056,149,0,0,,,0,0,yes,delete,high,P1,no_signal
https://coincu.com/market-overview-aug-14-aug-20/,Market Overview (Aug 14 – Aug 20) - Discover the Latest Crypto Market Buzz,Market Overview (Aug 14 – Aug 20) – Discover the Latest Crypto Market Buzz,news,200,Indexable,3038,191,0,0,,,0,0,yes,delete,high,P1,no_signal
https://coincu.com/market-overview-bitcoin-transfers-movements/,Market Overview (July 1 – July 7): Bitcoin Transfers And Market Movements,Market Overview (July 1 – July 7): Bitcoin Transfers And Market Movements,news,200,Indexable,2588,169,0,0,,,0,0,yes,delete,high,P1,no_signal
https://coincu.com/market-overview-bitcoins-eth-memecoins-trends/,"Market Overview (Feb 26–Mar 3): Bitcoin's Rise, Ethereum's Upgrade and Memecoins Trends","Market Overview (Feb 26–Mar 3): Bitcoin’s Rise, Ethereum’s Upgrade and Memecoins Trends",news,200,Indexable,2791,155,0,0,,,0,0,yes,delete,high,P1,no_signal
https://coincu.com/market-overview-btc-value-up-to-100k-this-year/,Market Overview (July 3rd to July 9th): Could BTC Value Up To $100K This Year? Wall Street Is Coming!,Market Overview (July 3rd to July 9th): Could BTC Value Up To $100K This Year? Wall Street Is Coming!,news,200,Indexable,2908,160,0,0,,,0,0,yes,delete,high,P1,no_signal
https://coincu.com/market-overview-czs-sentencing-delayed-and-more/,Market Overview (Dec 4 – Dec 10): CZ's Sentencing Delayed and MetaMask Expands Accessibility,Market Overview (Dec 4 – Dec 10): CZ’s Sentencing Delayed and MetaMask Expands Accessibility,news,200,Indexable,2824,231,0,0,,,0,0,yes,delete,high,P1,no_signal
https://coincu.com/market-overview-ethereum-spot-etf-fed-decisions/,Market Overview (Mar 18–Mar 24): Ethereum Spot ETF Update and Fed Decisions,Market Overview (Mar 18–Mar 24): Ethereum Spot ETF Update and Fed Decisions,news,200,Indexable,2648,148,0,0,,,0,0,yes,delete,high,P1,no_signal
https://coincu.com/market-overview-from-june-26th-to-july-2nd/,Weekly Market Overview From June 26th To July 2nd: Celsius Will Begin Liquidating!,Weekly Market Overview From June 26th To July 2nd: Celsius Will Begin Liquidating!,news,200,Indexable,2704,160,0,0,,,0,0,yes,delete,high,P1,no_signal
https://coincu.com/market-overview-google-crypto-ads-approval/,Market Overview (Jan 22–Jan 28): Google Crypto Ads Approval And Avalanche's Meme Coin Buy,Market Overview (Jan 22–Jan 28): Google Crypto Ads Approval And Avalanche’s Meme Coin Buy,news,200,Indexable,2350,131,0,0,,,0,0,yes,delete,high,P1,no_signal
https://coincu.com/market-overview-july-10th-to-july-16th/,Market Overview (July 10th to July 16th): Discover the Latest Crypto Market Buzz,Market Overview (July 10th to July 16th): Discover the Latest Crypto Market Buzz,news,200,Indexable,2736,267,0,0,,,0,0,yes,delete,high,P1,no_signal
https://coincu.com/market-overview-july-17th-to-july-23th/,Market Overview (July 17th-23rd): Discover the Latest Crypto Market Buzz,Market Overview (July 17th-23rd): Discover the Latest Crypto Market Buzz,news,200,Indexable,3161,155,0,0,,,0,0,yes,delete,high,P1,no_signal
https://coincu.com/market-overview-july-24-july-30/,Market Overview (July 24 – July 30): Latest Developments in Cryptocurrency Market.,Market Overview (July 24 – July 30): Latest Developments in Cryptocurrency Market,news,200,Indexable,2997,223,0,0,,,0,0,yes,delete,high,P1,no_signal
https://coincu.com/market-overview-jun-3-9-bitcoin-etfs-surge/,Market Overview (Jun 3 – Jun 9): Bitcoin ETFs Surge As Trump Fosters Crypto World,Market Overview (Jun 3 – Jun 9): Bitcoin ETFs Surge As Trump Fosters Crypto World,news,200,Indexable,2465,119,0,0,,,0,0,yes,delete,high,P1,no_signal
https://coincu.com/market-overview-major-wins-ripple-and-binance/,"Market Overview (August 5 – August 11): Major Wins for Ripple and Binance, Economic Shifts Looming","Market Overview (August 5 – August 11): The Week Of Ripple and Binance, Economic Shifts Looming",news,200,Indexable,2360,163,0,0,,,0,0,yes,delete,high,P1,no_signal
https://coincu.com/market-overview-may-19-may-25-bitcoin-breaks-ath-legal-battles-heat-up/,"Market Overview May 19 – May 25: Bitcoin Breaks ATH, Legal Battles Heat Up","Market Overview May 19 – May 25: Bitcoin Breaks ATH, Legal Battles Heat Up",news,200,Indexable,2412,181,0,0,,,0,0,yes,delete,high,P1,no_signal
https://coincu.com/market-overview-microstrategys-btc-purchase/,Market Overview (July 29 – August 4): MicroStrategy's BTC Purchase And SEC Lawsuit Revised,Market Overview (July 29 – August 4): MicroStrategy’s BTC Purchase And SEC Lawsuit Revised,news,200,Indexable,2381,132,0,0,,,0,0,yes,delete,high,P1,no_signal
https://coincu.com/market-overview-ripples-plans-and-galaxys-fund/,Market Overview (Apr 1 - Apr 7): Ripple Plans To Launch Stablecoin and Galaxy Digital's New Fund,Market Overview (Apr 1 – Apr 7): Ripple Plans To Launch Stablecoin and Galaxy Digital’s New Fund,news,200,Indexable,2474,126,0,0,,,0,0,yes,delete,high,P1,no_signal
https://coincu.com/market-overview-sec-actions-market-trends/,Market Overview (May 6 – May 12): SEC Actions & Surprising Market Trends,Market Overview (May 6 – May 12): SEC Actions & Surprising Market Trends,news,200,Indexable,2557,133,0,0,,,0,0,yes,delete,high,P1,no_signal
https://coincu.com/market-overview-sec-approved-bitcoin-etf/,Market Overview (Jan 8–Jan 14): SEC Approved Bitcoin ETF to Revolutionize Crypto,Market Overview (Jan 8–Jan 14): SEC Approved Bitcoin ETF to Revolutionize Crypto,news,200,Indexable,2486,112,0,0,,,0,0,yes,delete,high,P1,no_signal
https://coincu.com/market-overview-sec-delays-decisions-and-more/,"Market Overview (Nov 13 – Nov 19): SEC delays decisions ETF, Binance's Thai Exchange, and More!","Market Overview (Nov 13 – Nov 19): SEC delays decisions ETF, Binance’s Thai Exchange, and More!",news,200,Indexable,2921,138,0,0,,,0,0,yes,delete,high,P1,no_signal
https://coincu.com/market-overview-sec-delays-ethereum-etf-and-more/,"Market Overview (Dec 18 – Dec 24): SEC delays Ethereum ETF, ETHW Core dissolves, and more","Market Overview (Dec 18 – Dec 24): SEC delays Ethereum ETF, ETHW Core dissolves, and more",news,200,Indexable,2364,245,0,0,,,0,0,yes,delete,high,P1,no_signal
https://coincu.com/market-overview-sep-4-to-sep-10/,"Market Overview (Sep 4 – Sep 10): Trends to watch in the market, participation of large organizations, and more","Market Overview (Sep 4 – Sep 10): Trends to watch in the market, participation of large organizations, and more",news,200,Indexable,2953,154,0,0,,,0,0,yes,delete,high,P1,no_signal
https://coincu.com/marketoverview-bitcoin-breaks-40k-mstr-buys-btc/,Market Overview (Nov 27 – Dec 3): Bitcoin Breaks $40k and MicroStrategy's Big Purchase,Market Overview (Nov 27 – Dec 3): Bitcoin Breaks $40k and MicroStrategy’s Big Purchase,news,200,Indexable,2881,131,0,0,,,0,0,yes,delete,high,P1,no_signal
https://coincu.com/markets-close-memorial-day-2025/,"US and UK Stock Markets Closed for Holidays May 26, 2025","US and UK Stock Markets Closed for Holidays May 26, 2025",news,200,Indexable,2148,97,0,0,,,0,0,yes,delete,high,P1,no_signal
https://coincu.com/markets-eye-trumps-iran-strike-talk-amid-war-powers-debate/,Markets eye Trump’s Iran strike talk amid War Powers debate,Markets eye Trump’s Iran strike talk amid War Powers debate,news,200,Indexable,2364,152,0,0,,,0,0,yes,delete,high,P1,no_signal
https://coincu.com/mars-hubs-ares-testnet/,"Mars Hub’s Ares Testnet Is Now Open With Bounty Bug Up To $100,000","Mars Hub’s Ares Testnet Is Now Open With Bounty Bug Up To $100,000",news,200,Indexable,2225,211,0,0,,,0,0,yes,delete,high,P1,no_signal
https://coincu.com/mars-protocol-to-launch-the-mainnet/,Mars Protocol Is Expected To Launch The Mainnet On January 31,Mars Protocol Is Expected To Launch The Mainnet On January 31,news,200,Indexable,2136,257,0,0,,,0,0,yes,delete,high,P1,no_signal
https://coincu.com/marshall-islands-digital-sovereign-bond-usdm1-stellar-ubi/,Marshall Islands Launches World's First Digital Sovereign Bond on Stellar to Fund UBI,Marshall Islands Launches World’s First Digital Sovereign Bond on Stellar to Fund UBI,news,200,Indexable,2882,185,0,0,,,0,0,yes,delete,high,P1,no_signal
https://coincu.com/marshals-service-coinbase-partnership-now-pushed/,US Marshals Service Coinbase Partnership Now Pushed to Enhance Management of Crypto Assets,US Marshals Service Coinbase Partnership Now Pushed to Enhance Management of Crypto Assets,news,200,Indexable,2127,103,0,0,,,0,0,yes,delete,high,P1,no_signal
https://coincu.com/martha-stewart-net-worth/,Martha Stewart Net Worth: From Homemaker to Business Mogul (A Case Study),Martha Stewart Net Worth: From Homemaker to Business Mogul (A Case Study),news,200,Indexable,3625,94,0,0,,,0,0,yes,delete,high,P1,no_signal
https://coincu.com/marvel-studios-nft-collection/,Marvel Studios Founder Announced The Release Of NFT Collection,Marvel Studios Founder Announced The Release Of NFT Collection,news,200,Indexable,2103,107,0,0,,,0,0,yes,delete,high,P1,no_signal
https://coincu.com/maryland-kentucky-strategic-bitcoin-reserve/,Maryland and Kentucky Move to Build Strategic Bitcoin Reserves Amid Growing State Interest,Maryland and Kentucky Move to Build Strategic Bitcoin Reserves Amid Growing State Interest,news,200,Indexable,2126,132,0,0,,,0,0,yes,delete,high,P1,no_signal
https://coincu.com/mas-commits-s150-million-for-financial-sector/,MAS Commits S$150 Million for Financial Sector Transformation,MAS Commits S$150 Million for Financial Sector Transformation,news,200,Indexable,2090,163,0,0,,,0,0,yes,delete,high,P1,no_signal
https://coincu.com/mas-denies-operating-license-for-ftx/,MAS Denies Operating License For FTX,MAS Denies Operating License For FTX,news,200,Indexable,2088,156,0,0,,,0,0,yes,delete,high,P1,no_signal
https://coincu.com/mas-failed-protect-users-from-ftx-risks/,MAS Failed To Protect Singapore Users From FTX Risks,MAS Failed To Protect Singapore Users From FTX Risks,news,200,Indexable,2111,152,0,0,,,0,0,yes,delete,high,P1,no_signal
https://coincu.com/mas-has-increased-collateral-requirements/,MAS Has Increased Crypto Collateral Requirements Up 1.25:1 To Heal Risk,MAS Has Increased Crypto Collateral Requirements Up 1.25:1 To Heal Risk,news,200,Indexable,2097,162,0,0,,,0,0,yes,delete,high,P1,no_signal
https://coincu.com/mas-imposes-nine-year-ban-on-3ac-founders/,MAS Imposes Nine-year Ban On 3AC Founders Su Zhu and Kyle Davies,MAS Imposes Nine-year Ban On 3AC Founders Su Zhu and Kyle Davies,news,200,Indexable,2099,121,0,0,,,0,0,yes,delete,high,P1,no_signal
https://coincu.com/mas-pilot-digital-asset-industry-and-defi/,MAS Launches First Pilot Of Digital Asset Industry And DeFi,MAS Launches First Pilot Of Digital Asset Industry And DeFi,news,200,Indexable,1905,155,0,0,,,0,0,yes,delete,high,P1,no_signal
https://coincu.com/mas-proposes-a-revolutionary-protocol-for/,MAS Proposes A Revolutionary Protocol For Cryptocurrencies Transfers,MAS Proposes A Revolutionary Protocol For Cryptocurrencies Transfers,news,200,Indexable,2107,244,0,0,,,0,0,yes,delete,high,P1,no_signal
https://coincu.com/mas-says-binance-included-investor-alert/,MAS Says Binance Was Included To The Investor Alert List Owing To FTX's Illegal Behavior,MAS Says Binance Was Included To The Investor Alert List Owing To FTX’s Illegal Behavior,news,200,Indexable,2258,246,0,0,,,0,0,yes,delete,high,P1,no_signal
https://coincu.com/mas-taps-lawrence-wong-to-lead-board-investment/,MAS Taps Lawrence Wong To Lead Board And Investment Strategy For Cryptocurrencies,MAS Taps Lawrence Wong To Lead Board And Investment Strategy For Cryptocurrencies,news,200,Indexable,2103,170,0,0,,,0,0,yes,delete,high,P1,no_signal
https://coincu.com/masa-avalanche-subnet-redefines-decentralized/,Masa Finance Avalanche Subnet Redefines Decentralized Marketplace Dynamics!,Masa Finance Avalanche Subnet Redefines Decentralized Marketplace Dynamics!,news,200,Indexable,2106,136,0,0,,,0,0,yes,delete,high,P1,no_signal
https://coincu.com/mask-network-acquires-pawoo-net/,Mask Network Acquires Mastodon Instance Pawoo.net,Mask Network Acquires Mastodon Instance Pawoo.net,news,200,Indexable,2168,144,0,0,,,0,0,yes,delete,high,P1,no_signal
https://coincu.com/mask-token-up-60-after-bluebird-index/,MASK Token Up Nearly 60% After Binance Launches Bluebird Index,MASK Token Up Nearly 60% After Binance Launches Bluebird Index,news,200,Indexable,1936,139,0,0,,,0,0,yes,delete,high,P1,no_signal
https://coincu.com/mass-btc-dump-31800-coins-moved/,"Mass BTC Dump: 31,800 Coins Moved at a Loss","Mass BTC Dump: 31,800 Coins Moved at a Loss",news,200,Indexable,2191,120,0,0,,,0,0,yes,delete,high,P1,no_signal
https://coincu.com/mass-layoffs-winter-serious-consequences/,Mass Layoffs During Crypto Winter Lead To Serious Consequences?,Mass Layoffs During Crypto Winter Lead To Serious Consequences?,news,200,Indexable,2053,159,0,0,,,0,0,yes,delete,high,P1,no_signal
https://coincu.com/massive-bitcoin-longs-appear-crypto-market/,Massive Bitcoin Longs Appear On The Holiday Crypto Market,Massive Bitcoin Longs Appear On The Holiday Crypto Market,news,200,Indexable,2242,147,0,0,,,0,0,yes,delete,high,P1,no_signal
https://coincu.com/massive-eth-34-86-million-hits-coinbase/,Massive ETH Transfer Worth $34.86 Million Hits Coinbase Exchange,Massive ETH Transfer Worth $34.86 Million Hits Coinbase Exchange,news,200,Indexable,1992,124,0,0,,,0,0,yes,delete,high,P1,no_signal
https://coincu.com/massive-l2-gas-fee-reduction-dencun-upgrade/,Massive L2 Gas Fee Reduction: Dencun Upgrade Slashes Costs By 90%,Massive L2 Gas Fee Reduction: Dencun Upgrade Slashes Costs By 90%,news,200,Indexable,2041,177,0,0,,,0,0,yes,delete,high,P1,no_signal
https://coincu.com/massive-mnt-breakout/,Massive $MNT Breakout: Is $2.50 the Next Stop?,Massive $MNT Breakout: Is $2.50 the Next Stop?,news,200,Indexable,2160,113,0,0,,,0,0,yes,delete,high,P1,no_signal
https://coincu.com/massive-surprises-await-fantom-shib-holders-chart-analysis-predicts-dtx-exchanges-1000x-surge/,Massive Surprises Await Fantom & SHIB Holders! Chart Analysis Predicts DTX Exchange’s 1000x Surge,Massive Surprises Await Fantom & SHIB Holders! Chart Analysis Predicts DTX Exchange’s 1000x Surge,news,200,Indexable,2443,156,0,0,,,0,0,yes,delete,high,P1,no_signal
https://coincu.com/massive-us-government-bitcoin-holdings-market/,Massive US Government Bitcoin Holdings Can Shake The Whole Market,Massive US Government Bitcoin Holdings Can Shake The Whole Market,news,200,Indexable,2044,134,0,0,,,0,0,yes,delete,high,P1,no_signal
https://coincu.com/mastercard-accept-crypto-payments-usdc/,MasterCard Accept Crypto Payments Using USDC Settlements In Web3,MasterCard Accept Crypto Payments Using USDC Settlements In Web3,news,200,Indexable,2171,188,0,0,,,0,0,yes,delete,high,P1,no_signal
https://coincu.com/mastercard-attracts-music-enthusiasts/,Mastercard Attracts Music Enthusiasts To Web3 Through New Program,Mastercard Attracts Music Enthusiasts To Web3 Through New Program,news,200,Indexable,2213,74,0,0,,,0,0,yes,delete,high,P1,no_signal
https://coincu.com/mastercard-binance-bid-adieu-crypto-cards/,Mastercard And Binance Bid Adieu To Crypto Cards In 4 Countries Amid Legal Challenge,Mastercard And Binance Bid Adieu To Crypto Cards In 4 Countries Amid Legal Challenge,news,200,Indexable,2097,166,0,0,,,0,0,yes,delete,high,P1,no_signal
https://coincu.com/mastercard-cbdcs-interoperate-with-trusted-web3/,Mastercard demonstrated CBDCs interoperate with trusted Web3,Mastercard demonstrated that CBDCs interoperate with trusted Web3 commerce.,news,200,Indexable,2057,110,0,0,,,0,0,yes,delete,high,P1,no_signal
https://coincu.com/mastercard-crypto-credential/,Mastercard Crypto Credential Transaction Solution Officially Launched,Mastercard Crypto Credential Transaction Solution Officially Launched,news,200,Indexable,2154,156,0,0,,,0,0,yes,delete,high,P1,no_signal
https://coincu.com/mastercard-crypto-debit-card-european-users/,Mastercard Crypto Debit Card Now Supported for European Users,Mastercard Crypto Debit Card Now Supported for European Users,news,200,Indexable,2116,150,0,0,,,0,0,yes,delete,high,P1,no_signal
https://coincu.com/mastercard-global-stablecoin-support/,Mastercard Expands Stablecoin Payment Support Globally,Mastercard Expands Stablecoin Payment Support Globally,news,200,Indexable,2076,86,0,0,,,0,0,yes,delete,high,P1,no_signal
https://coincu.com/mastercard-identified-5-key-areas/,Mastercard Identified 5 Key Areas Help To Make Crypto A Commonplace Payment Method,Mastercard Identified 5 Key Areas Help To Make Crypto A Commonplace Payment Method,news,200,Indexable,2175,153,0,0,,,0,0,yes,delete,high,P1,no_signal
https://coincu.com/mastercard-investment-zerohash-crypto/,Mastercard Explores Investment in Crypto Firm Zerohash,Mastercard Explores Investment in Crypto Firm Zerohash,news,200,Indexable,2124,132,0,0,,,0,0,yes,delete,high,P1,no_signal
https://coincu.com/mastercard-launch-anti-crypto-fraud-tool/,Mastercard Plans To Launch Anti-Crypto Fraud Tool,Mastercard Plans To Launch Anti-Crypto Fraud Tool,news,200,Indexable,2037,150,0,0,,,0,0,yes,delete,high,P1,no_signal
https://coincu.com/mastercard-launches-crypto-partnerprogram/,Mastercard Launches Crypto Partner Program With 85 Firms,Mastercard Launches Crypto Partner Program With 85 Firms,news,200,Indexable,2038,148,0,0,,,0,0,yes,delete,high,P1,no_signal
https://coincu.com/mastercard-partners-bitoasis/,Mastercard Partners With BitOasis To Launch Crypto Cards,Mastercard Partners With BitOasis To Launch Crypto Cards,news,200,Indexable,1997,117,0,0,,,0,0,yes,delete,high,P1,no_signal
https://coincu.com/mastercard-partnership-with-paxos/,Mastercard Formed A Partnership With Paxos To Help Banks Offer Crypto Trading,Mastercard Formed A Partnership With Paxos To Help Banks Offer Crypto Trading,news,200,Indexable,2075,154,0,0,,,0,0,yes,delete,high,P1,no_signal
https://coincu.com/mastercard-start-path/,Mastercard Start Path Program Announces 7 More Blockchain Startups,Mastercard Start Path Program Announces 7 More Blockchain Startups,news,200,Indexable,2035,129,0,0,,,0,0,yes,delete,high,P1,no_signal
https://coincu.com/mastercard-targets-crypto-with-major-engage/,Mastercard Targets Crypto With Major Engage Program Overhaul,Mastercard Targets Crypto With Major Engage Program Overhaul,news,200,Indexable,2123,234,0,0,,,0,0,yes,delete,high,P1,no_signal
https://coincu.com/mastercard-to-expand-connect-with-crypto/,Mastercard To Expand Connect With Crypto Through New Trademark Filing,Mastercard To Expand Connect With Crypto Through New Trademark Filing,news,200,Indexable,2180,134,0,0,,,0,0,yes,delete,high,P1,no_signal
https://coincu.com/mastermind-45m-coindeal-scam-first-appears/,Mastermind Of $45 Million CoinDeal Scam Plan First Appears In Court,Mastermind Of $45 Million CoinDeal Scam Plan First Appears In Court,news,200,Indexable,2109,164,0,0,,,0,0,yes,delete,high,P1,no_signal
https://coincu.com/matchboxdao-raised-7-5-million/,MatchboxDAO Raised $7.5 Million To Build A Blockchain Game Ecosystem On StarkNet,MatchboxDAO Raised $7.5 Million To Build A Blockchain Game Ecosystem On StarkNet,news,200,Indexable,2086,154,0,0,,,0,0,yes,delete,high,P1,no_signal
https://coincu.com/matic-future-looks-promising-with-tech/,MATIC Future Looks Promising With Exciting Tech Announcements Despite The Delisting,MATIC Future Looks Promising With Exciting Tech Announcements Despite The Delisting,news,200,Indexable,2198,214,0,0,,,0,0,yes,delete,high,P1,no_signal
https://coincu.com/matic-investors-might-disappointed-polygons/,MATIC Investors Might Be Disappointed By Polygon's Desire For This State Of Affairs,MATIC Investors Might Be Disappointed By Polygon’s Desire For This State Of Affairs,news,200,Indexable,1986,156,0,0,,,0,0,yes,delete,high,P1,no_signal
https://coincu.com/matic-is-expanding-agreement-with-starbucks/,MATIC Is Expanding As A Result Of Its New Agreement With Starbucks,MATIC Is Expanding As A Result Of Its New Agreement With Starbucks,news,200,Indexable,1881,86,0,0,,,0,0,yes,delete,high,P1,no_signal
https://coincu.com/matic-performance-overview/,MATIC Performance Overview Since Reddit Related News,MATIC Performance Overview Since Reddit Related News,news,200,Indexable,2172,380,0,0,,,0,0,yes,delete,high,P1,no_signal
https://coincu.com/matic-price-peaks-following-google-association/,MATIC Price Peaks Following Google's Association with Polygon Network,MATIC Price Peaks Following Google’s Association with Polygon Network,news,200,Indexable,2545,135,0,0,,,0,0,yes,delete,high,P1,no_signal
https://coincu.com/matic-spikes-over-10-buy-or-wait/,"MATIC Spikes Over 10%, Buy Or Wait?","MATIC Spikes Over 10%, Buy Or Wait?",news,200,Indexable,2234,156,0,0,,,0,0,yes,delete,high,P1,no_signal
https://coincu.com/matrixdock-integrates-chainlink-proof-of-reserve/,Matrixdock Integrates Chainlink Proof of Reserve!,Matrixdock Integrates Chainlink Proof of Reserve!,news,200,Indexable,2129,108,0,0,,,0,0,yes,delete,high,P1,no_signal
https://coincu.com/matrixdock-launches-smart-invest-to-make-physical-gold-ownership-more-accessible-via-dollar-cost-averaging/,Matrixdock Launches Smart-Invest to Make Physical Gold Ownership More Accessible via Dollar-Cost Averaging,Matrixdock Launches Smart-Invest to Make Physical Gold Ownership More Accessible via Dollar-Cost Averaging,news,200,Indexable,2237,173,0,0,,,0,0,yes,delete,high,P1,no_signal
https://coincu.com/matrixdock-publishes-its-second-independent-audit-report-on-xaum-gold-token-reserves/,Matrixdock Publishes Its Second Independent Audit Report on XAUm Gold Token Reserves,Matrixdock Publishes Its Second Independent Audit Report on XAUm Gold Token Reserves,news,200,Indexable,2407,233,0,0,,,0,0,yes,delete,high,P1,no_signal
https://coincu.com/matrixport-acquires-crypto-finance-ag-in-cash/,Matrixport Acquires Crypto Finance AG in All-Cash Deal for Expansion,Matrixport Acquires Crypto Finance AG in All-Cash Deal for Expansion,news,200,Indexable,2002,156,0,0,,,0,0,yes,delete,high,P1,no_signal
https://coincu.com/matrixport-and-copper-join-to-streamline/,Matrixport And Copper Join Forces To Streamline Prime Brokerage Services,Matrixport And Copper Join Forces To Streamline Prime Brokerage Services,news,200,Indexable,2073,169,0,0,,,0,0,yes,delete,high,P1,no_signal
https://coincu.com/matrixport-announces-solana-delist/,Matrixport Announces Solana Delist Because Of The Network’s Crisis,Matrixport Announces Solana Delist Because Of The Network’s Crisis,news,200,Indexable,2214,153,0,0,,,0,0,yes,delete,high,P1,no_signal
https://coincu.com/matrixport-bitcoin-rebound-on-etf-demand/,Matrixport Forecasts Potential Bitcoin Rebound on ETF Demand,Matrixport Forecasts Potential Bitcoin Rebound on ETF Demand,news,200,Indexable,2150,132,0,0,,,0,0,yes,delete,high,P1,no_signal
https://coincu.com/matrixport-gold-rise-bitcoin-2026/,Matrixport Analysis: Gold Gains Over Bitcoin in 2026,Matrixport Analysis: Gold Gains Over Bitcoin in 2026,news,200,Indexable,2059,86,0,0,,,0,0,yes,delete,high,P1,no_signal
https://coincu.com/matrixport-predicts-bitcoin-price-to-soar-160k/,Matrixport Predicts Bitcoin Price to Soar $160K by 2025 Amid ETF Demand,Matrixport Predicts Bitcoin Price to Soar $160K by 2025 Amid ETF Demand,news,200,Indexable,2083,103,0,0,,,0,0,yes,delete,high,P1,no_signal
https://coincu.com/matrixport-predicts-bitcoin-short-term-growth/,Matrixport Predicts Bitcoin Short-Term Growth with Key Support Holding Strong,Matrixport Predicts Bitcoin Short-Term Growth with Key Support Holding Strong,news,200,Indexable,2166,126,0,0,,,0,0,yes,delete,high,P1,no_signal
https://coincu.com/matrixport-predicts-bitcoin-to-50k-by-january/,Matrixport predicts Bitcoin to $50k by January,Matrixport predicts Bitcoin ETF Approvals Could Push Bitcoin to $50k by January,news,200,Indexable,2035,144,0,0,,,0,0,yes,delete,high,P1,no_signal
https://coincu.com/matrixport-raise-100mat-1-5-b-valuation/,Matrixport Looking To Raise $100 Million At $1.5 Billion Valuation,Matrixport Looking To Raise $100 Million At $1.5 Billion Valuation,news,200,Indexable,1963,147,0,0,,,0,0,yes,delete,high,P1,no_signal
https://coincu.com/matrixport-report-confuses-the-community/,Matrixport Report Confuses The Community About The Bullish View Of Bitcoin,Matrixport Report Confuses The Community About The Bullish View Of Bitcoin,news,200,Indexable,2089,106,0,0,,,0,0,yes,delete,high,P1,no_signal
https://coincu.com/matrixport-unveils-bold-new-leadership/,Matrixport Unveils Bold New Leadership For US Expansion,Matrixport Unveils Bold New Leadership For US Expansion,news,200,Indexable,2080,147,0,0,,,0,0,yes,delete,high,P1,no_signal
https://coincu.com/mattel-to-launch-fast-furious-nft/,Mattel To Launch Fast & Furious NFT Collection On May 22,Mattel To Launch Fast & Furious NFT Collection On May 22,news,200,Indexable,2125,169,0,0,,,0,0,yes,delete,high,P1,no_signal
https://coincu.com/matter-labs-new-branding-for-zksync-2-0/,Matter Labs New Branding Announcement For zkSync 2.0 And Mainnet For Developers,Matter Labs New Branding Announcement For zkSync 2.0 And Mainnet For Developers,news,200,Indexable,2250,260,0,0,,,0,0,yes,delete,high,P1,no_signal
https://coincu.com/matter-labs-rejects-polygons-plagiarism/,Matter Labs Rejects Polygon's Open Source Plagiarism Report,Matter Labs Rejects Polygon’s Open Source Plagiarism Report,news,200,Indexable,2107,105,0,0,,,0,0,yes,delete,high,P1,no_signal
https://coincu.com/matter-labs-to-launch-layer-3-testnet/,Matter Labs Intended To Launch Layer 3 Testnet In Q1 2023,Matter Labs Intended To Launch Layer 3 Testnet In Q1 2023,news,200,Indexable,2007,156,0,0,,,0,0,yes,delete,high,P1,no_signal
https://coincu.com/matter-labs-trademark-application-criticism/,Matter Labs Trademark Application Now Under Severe Criticism,Matter Labs Trademark Application Now Under Severe Criticism,news,200,Indexable,2148,137,0,0,,,0,0,yes,delete,high,P1,no_signal
https://coincu.com/matter-labs-trademark-application-withdrawn/,Matter Labs Trademark Application Now Withdrawn Amid ZK Community Controversy,Matter Labs Trademark Application Now Withdrawn Amid ZK Community Controversy,news,200,Indexable,2157,101,0,0,,,0,0,yes,delete,high,P1,no_signal
https://coincu.com/matter-labs-workforce-reduction/,Matter Labs Workforce Reduction Happens for the First Time Since 2018,Matter Labs Workforce Reduction Happens for the First Time Since 2018,news,200,Indexable,2168,111,0,0,,,0,0,yes,delete,high,P1,no_signal
https://coincu.com/matthew-ballensweig-stepped-down/,Matthew Ballensweig - Genesis Co-Head Trading And Lending Stepped Down,Matthew Ballensweig – Genesis Co-Head Trading And Lending Stepped Down,news,200,Indexable,2015,153,0,0,,,0,0,yes,delete,high,P1,no_signal
https://coincu.com/mav-zksync-integration-on-binance/,MAV zkSync Integration Is Now Available On Binance,MAV zkSync Integration Is Now Available On Binance,news,200,Indexable,2080,102,0,0,,,0,0,yes,delete,high,P1,no_signal
https://coincu.com/maven11-ena-withdrawal-binance/,Maven11 Capital's $15.1M ENA Withdrawal from Binance,Maven11 Capital’s $15.1M ENA Withdrawal from Binance,news,200,Indexable,2132,94,0,0,,,0,0,yes,delete,high,P1,no_signal
https://coincu.com/maverick-amm-automatic-liquidity-placement/,"Maverick, The Smartest AMM With Breakthrough Automatic Liquidity Placement","Maverick, The Smartest AMM With Breakthrough Automatic Liquidity Placement",news,200,Indexable,2899,142,0,0,,,0,0,yes,delete,high,P1,no_signal
https://coincu.com/maverick-protocol-algorithm-offers-unmatch/,Maverick Protocol Algorithm Offers Unmatched Profit Potential Over UniSwap,Maverick Protocol Algorithm Offers Unmatched Profit Potential Over UniSwap,news,200,Indexable,2148,256,0,0,,,0,0,yes,delete,high,P1,no_signal
https://coincu.com/maverick-protocols-voting-escrow-model/,Maverick Protocol's Voting-Escrow Model: A New Dawn For Liquid Staking Protocols,Maverick Protocol’s Voting-Escrow Model: A New Dawn For Liquid Staking Protocols,news,200,Indexable,3283,173,0,0,,,0,0,yes,delete,high,P1,no_signal
https://coincu.com/mavericks-ve-model-empowers-protocols/,Maverick's VE-Model Empowers Protocols With Laser-Focused Incentives,Maverick’s VE-Model Empowers Protocols With Laser-Focused Incentives,news,200,Indexable,2169,148,0,0,,,0,0,yes,delete,high,P1,no_signal
https://coincu.com/mawari-network-raised-10-8m-in-new-solana-depin/,Mawari Network Raised $10.8M In New Solana DePIN Funding Round,Mawari Network Raised $10.8M In New Solana DePIN Funding Round,news,200,Indexable,2047,188,0,0,,,0,0,yes,delete,high,P1,no_signal
https://coincu.com/max-resnick-focus-on-solana-protocol-development/,Max Resnick Joins Solana Labs Focusing On Solana Protocol Development,Max Resnick Joins Solana Labs Focusing On Solana Protocol Development,news,200,Indexable,2074,158,0,0,,,0,0,yes,delete,high,P1,no_signal
https://coincu.com/maximising-your-earnings-in-a-downturn-smart-strategies-for-making-money-when-crypto-markets-are-bearish/,Maximising Your Earnings in a Downturn: Smart Strategies for Making Money When Crypto Markets Are Bearish,Maximising Your Earnings in a Downturn: Smart Strategies for Making Money When Crypto Markets Are Bearish,news,200,Indexable,2726,223,0,0,,,0,0,yes,delete,high,P1,no_signal
https://coincu.com/maxine-waters-criticizes-republican/,US Democrat Maxine Waters Criticizes Republican Opposition To New Anti-CBDC Bill,US Democrat Maxine Waters Criticizes Republican Opposition To New Anti-CBDC Bill,news,200,Indexable,2143,332,0,0,,,0,0,yes,delete,high,P1,no_signal
https://coincu.com/maxine-waters-proposes-sbf/,Rep. Maxine Waters Proposes SBF Appreciate Hearing To Clarify FTX's Fall,Rep. Maxine Waters Proposes SBF Appreciate Hearing To Clarify FTX’s Fall,news,200,Indexable,2216,181,0,0,,,0,0,yes,delete,high,P1,no_signal
https://coincu.com/maxine-waters-pushes-for-stablecoin-legislation/,Maxine Waters Pushes for Stablecoin Legislation by Year-End 2024,Maxine Waters Pushes for Stablecoin Legislation by Year-End 2024,news,200,Indexable,2040,153,0,0,,,0,0,yes,delete,high,P1,no_signal
https://coincu.com/may-the-ethereum-price-reach-2000-again/,May The Ethereum Price Reach $2000 Again?,May The Ethereum Price Reach $2000 Again?,news,200,Indexable,2268,160,0,0,,,0,0,yes,delete,high,P1,no_signal
https://coincu.com/may-tokenunlocks-over-3-661b-unlocked/,"May TokenUnlocks: Over $3.661B Unlocked, AEVO PYTH Alone Surpasses $1B!","May TokenUnlocks: Over $3.661B Unlocked, AEVO PYTH Alone Surpasses $1B!",news,200,Indexable,2167,91,0,0,,,0,0,yes,delete,high,P1,no_signal
https://coincu.com/mazars-discontinues-audit-crypto-exchanges/,Mazars Discontinues Auditing Crypto Exchanges And Deletes Website Posting Reports,Mazars Discontinues Auditing Crypto Exchanges And Deletes Website Posting Reports,news,200,Indexable,1971,155,0,0,,,0,0,yes,delete,high,P1,no_signal
https://coincu.com/mcdonalds-accepts-bitcoin/,McDonald's In Lugano Now Accepts Bitcoin As A Payment Method,McDonald’s In Lugano Now Accepts Bitcoin As A Payment Method,news,200,Indexable,2100,156,0,0,,,0,0,yes,delete,high,P1,no_signal
https://coincu.com/mcdonalds-hong-kong-explores-virtual-frontier/,McDonald's Hong Kong Explores The Virtual Frontier With Exciting Mini-Games,McDonald’s Hong Kong Explores The Virtual Frontier With Exciting Mini-Games,news,200,Indexable,2104,108,0,0,,,0,0,yes,delete,high,P1,no_signal
https://coincu.com/mcdonalds-instagram-account-was-hacked/,McDonald's Instagram Account Was Hacked To Shill Scam Meme Coin,McDonald’s Instagram Account Was Hacked To Shill Scam Meme Coin,news,200,Indexable,2084,143,0,0,,,0,0,yes,delete,high,P1,no_signal
https://coincu.com/mcdonalds-instagram-hack-738k-memecoin-profit/,McDonald's Instagram Hack Exposes $738K Memecoin Profit Scheme!,McDonald’s Instagram Hack Exposes $738K Memecoin Profit Scheme!,press_release_like,200,Indexable,2068,96,0,0,,,0,0,yes,delete,high,P1,event_pr_signal
https://coincu.com/mchenry-regulators-form-innovative-offices/,McHenry Wants Regulators To Form Innovative Offices,McHenry Wants Regulators To Form Innovative Offices,news,200,Indexable,2032,240,0,0,,,0,0,yes,delete,high,P1,no_signal
https://coincu.com/meanwhile-raises-82m-for-btc-expansion/,Meanwhile Completes $82M Funding Led by Haun Ventures,Meanwhile Completes $82M Funding Led by Haun Ventures,news,200,Indexable,2159,111,0,0,,,0,0,yes,delete,high,P1,no_signal
https://coincu.com/media-site-coindesk-acquisition-now-completed/,Media Site Coindesk Acquisition Now Completed By Bullish,Media Site Coindesk Acquisition Now Completed By Bullish,news,200,Indexable,2147,103,0,0,,,0,0,yes,delete,high,P1,no_signal
https://coincu.com/meebits-released-collectible-music/,Meebits Of Yuga Labs Released A Collectible Music Album,Meebits Of Yuga Labs Released A Collectible Music Album,news,200,Indexable,2037,152,0,0,,,0,0,yes,delete,high,P1,no_signal
https://coincu.com/megaeth-ico-raises-fifty-million/,MegaETH ICO Raises $50 Million in Record Time,MegaETH ICO Raises $50 Million in Record Time,news,200,Indexable,2047,84,0,0,,,0,0,yes,delete,high,P1,no_signal
https://coincu.com/meitu-cryptocurrency-sale-yields-79m-dividends/,Meitu Cryptocurrency Sale Yields $79M for Special Dividends,Meitu Cryptocurrency Sale Yields $79M for Special Dividends,news,200,Indexable,2008,143,0,0,,,0,0,yes,delete,high,P1,no_signal
https://coincu.com/meitu-lost-approximately-43-million-on/,Meitu Lost Approximately $43 Million On Its Crypto Investment During The Bear Market,Meitu Lost Approximately $43 Million On Its Crypto Investment During The Bear Market,news,200,Indexable,2173,155,0,0,,,0,0,yes,delete,high,P1,no_signal
https://coincu.com/meituan-founder-jois-artificial-intelligen/,Meituan Founder Joins Artificial Intelligence Startup In A-Round Investment,Meituan Founder Joins Artificial Intelligence Startup In A-Round Investment,news,200,Indexable,2083,241,0,0,,,0,0,yes,delete,high,P1,no_signal
https://coincu.com/mel-b-becomes-target-of-crypto-scams/,Spice Girls Mel B Becomes Target Of Crypto Scams,Spice Girls Mel B Becomes Target Of Crypto Scams,news,200,Indexable,2082,113,0,0,,,0,0,yes,delete,high,P1,no_signal
https://coincu.com/melania-meme-coin-surges-20000-after-launch/,"Melania Meme Coin Surges Over 20,000% After Launch","Melania Meme Coin Surges Over 20,000% After Launch",news,200,Indexable,2511,118,0,0,,,0,0,yes,delete,high,P1,no_signal
https://coincu.com/melania-meme-coins-early-crash/,Melania Meme Coin's Early Crash Makes Investors Doubtful,Melania Meme Coin’s Early Crash Makes Investors Doubtful,news,200,Indexable,2052,139,0,0,,,0,0,yes,delete,high,P1,no_signal
https://coincu.com/melania-tokens-surge-is-pepeto-the-next-frog-king/,$Melania Tokens Surge: Is $Pepeto the Next Frog King?,$Melania Tokens Surge: Is $Pepeto the Next Frog King?,news,200,Indexable,2552,135,0,0,,,0,0,yes,delete,high,P1,no_signal
https://coincu.com/melanion-capital-launches-first-private/,Melanion Capital Launches First Private Bitcoin Treasury Model in Europe,Melanion Capital Launches First Private Bitcoin Treasury Model in Europe,news,200,Indexable,2088,157,0,0,,,0,0,yes,delete,high,P1,no_signal
https://coincu.com/members-of-senate-digital-assets-subcommittee/,Members of the Senate Digital Assets Subcommittee Were Announced,Members of the Senate Digital Assets Subcommittee Were Announced,news,200,Indexable,2119,150,0,0,,,0,0,yes,delete,high,P1,no_signal
https://coincu.com/membrance-launches-payment-system/,Membrance Launches Payment System For The Euro,Membrance Launches Payment System For The Euro,news,200,Indexable,2228,215,0,0,,,0,0,yes,delete,high,P1,no_signal
https://coincu.com/membrane-finance-acquisition-by-paxos-targets-eu/,Membrane Finance Acquisition By Paxos Targets EU Expansion,Membrane Finance Acquisition By Paxos Targets EU Expansion,news,200,Indexable,2056,157,0,0,,,0,0,yes,delete,high,P1,no_signal
https://coincu.com/membrane-finance-introducing-stablecoin/,Membrane Finance Introducing EU-regulated Crypto Stablecoin EUROe Pegged 1:1 With Euro,Membrane Finance Introducing EU-regulated Crypto Stablecoin EUROe Pegged 1:1 With Euro,news,200,Indexable,2172,148,0,0,,,0,0,yes,delete,high,P1,no_signal
https://coincu.com/meme-coin-dogs-is-now-gaining-attention/,Meme Coin DOGS Is Now Gaining Attention In The Community With Its Binance Listing,Meme Coin DOGS Is Now Gaining Attention In The Community With Its Binance Listing,news,200,Indexable,2088,115,0,0,,,0,0,yes,delete,high,P1,no_signal
https://coincu.com/meme-coin-mania-returns-floppypepe-fppe-and-shiba-inu-are-set-to-lead-the-next-1000x-wave/,"Meme Coin Mania Returns – FloppyPepe (FPPE) and Shiba Inu Are Set To Lead The Next 1,000x Wave","Meme Coin Mania Returns – FloppyPepe (FPPE) and Shiba Inu Are Set To Lead The Next 1,000x Wave",news,200,Indexable,2411,101,0,0,,,0,0,yes,delete,high,P1,no_signal
https://coincu.com/meme-coin-pepe-and-sol-supported-by-bitstamp/,Meme Coin PEPE and SOL Are Now Supported for Trading in the US by Bitstamp,Meme Coin PEPE and SOL Are Now Supported for Trading in the US by Bitstamp,news,200,Indexable,2130,118,0,0,,,0,0,yes,delete,high,P1,no_signal
https://coincu.com/meme-coin-showdown-this-ai-powered-meme-coin-predicted-to-outpace-shib-with-a-30000-gain-in-2025/,"Meme Coin Showdown: This AI-Powered Meme Coin Predicted To Outpace SHIB With A 30,000% Gain In 2025","Meme Coin Showdown: This AI-Powered Meme Coin Predicted To Outpace SHIB With A 30,000% Gain In 2025",news,200,Indexable,2468,146,0,0,,,0,0,yes,delete,high,P1,no_signal
https://coincu.com/meme-coins-buy-2023-elonator-altcoin-btc-eth/,Rocketing Through Volatility: Elonator Tops the Meme Coins to Buy in 2023; Retracing the Plight of Bitcoin and Ethereum,Rocketing Through Volatility: Elonator Tops the Meme Coins to Buy in 2023; Retracing the Plight of Bitcoin and Ethereum,news,200,Indexable,2420,271,0,0,,,0,0,yes,delete,high,P1,no_signal
https://coincu.com/meme-coins-like-dogecoin-and-brett-struggle-for-momentum-remittix-has-captured-the-attention-of-the-market-in-january/,Meme Coins Like Dogecoin and Brett Struggle For Momentum; Remittix Has Captured The Attention Of The Market In January,Meme Coins Like Dogecoin and Brett Struggle For Momentum; Remittix Has Captured The Attention Of The Market In January,news,200,Indexable,2384,142,0,0,,,0,0,yes,delete,high,P1,no_signal
https://coincu.com/meme-coins-shiba-inu-floki-elonator/,Decoding Meme Coins: Can Elonator Outrace Floki Inu & Follow Shiba Inu's Path To Triumph?,Decoding Meme Coins: Can Elonator Outrace Floki Inu & Follow Shiba Inu’s Path To Triumph?,news,200,Indexable,2222,150,0,0,,,0,0,yes,delete,high,P1,no_signal
https://coincu.com/meme-marketing/,Meme Marketing: Navigating The Crypto Project With Humor,Meme Marketing: Navigating The Crypto Project With Humor,news,200,Indexable,3538,390,0,0,,,0,0,yes,delete,high,P1,no_signal
https://coincu.com/meme-sector-skyrockets-16-in-24-hours-hits-52b/,"MEME Sector Skyrockets 16% in 24 Hours, Hits $52B Valuation!","MEME Sector Skyrockets 16% in 24 Hours, Hits $52B Valuation!",news,200,Indexable,2230,171,0,0,,,0,0,yes,delete,high,P1,no_signal
https://coincu.com/memecoin-bald-rug-pull-price-dropped-pver-80/,Memecoin BALD On Coinbase Layer-2 Faces Rug Pull Concerns As The Price Dropped Pver 80%,Memecoin BALD On Coinbase Layer-2 Faces Rug Pull Concerns As The Price Dropped Pver 80%,news,200,Indexable,2129,153,0,0,,,0,0,yes,delete,high,P1,no_signal
https://coincu.com/memecoin-briefly-surpasses-14-million-market-cap-gains-more-than-39-percent-in-24-hours/,"Memecoin Briefly Tops $14M Market Cap, Jumps 39% in 24 Hours","Memecoin Briefly Tops $14M Market Cap, Jumps 39% in 24 Hours",news,200,Indexable,2842,171,0,0,,,0,0,yes,delete,high,P1,no_signal
https://coincu.com/memecoin-creation-platform-boost-suns-bold-bet/,Memecoin Creation Platform Boost: Justin Sun’s Bold Bet,Memecoin Creation Platform Boost: Justin Sun’s Bold Bet,news,200,Indexable,2030,160,0,0,,,0,0,yes,delete,high,P1,no_signal
https://coincu.com/memecoin-ethereum-gas-fees-12-month-high/,The Memecoin Chaos Has Pushed Ethereum Gas Fees To A 12-Month High,The Memecoin Chaos Has Pushed Ethereum Gas Fees To A 12-Month High,news,200,Indexable,2071,100,0,0,,,0,0,yes,delete,high,P1,no_signal
https://coincu.com/memecoin-floki-gains-over-10-chinese-tv/,Memecoin FLOKI Gains Over 10% After Chinese TV CCTV-5 Feature,Memecoin FLOKI Gains Over 10% After Chinese TV CCTV-5 Feature,news,200,Indexable,1996,130,0,0,,,0,0,yes,delete,high,P1,no_signal
https://coincu.com/memecoin-livestream-revenue-drop-pump-fun/,Memecoin Livestream Revenue Drop Cuts Pump.fun Earnings,Memecoin Livestream Revenue Drop Cuts Pump.fun Earnings,news,200,Indexable,2053,166,0,0,,,0,0,yes,delete,high,P1,no_signal
https://coincu.com/memecoin-mania-returns-billionaires-betting-big/,Memecoin Mania Returns: Billionaires Betting Big Again,Memecoin Mania Returns: Billionaires Betting Big Again,news,200,Indexable,2096,146,0,0,,,0,0,yes,delete,high,P1,no_signal
https://coincu.com/memecoin-market-declines-drops-over-3-in-24h/,"Memecoin Market Declines, Market Cap Drops Over 3% In 24H","Memecoin Market Declines, Market Cap Drops Over 3% In 24H",news,200,Indexable,2019,152,0,0,,,0,0,yes,delete,high,P1,no_signal
https://coincu.com/memecoin-neiro-plummets-60-as-vitalik-sells/,Memecoin Neiro Plummets 60% as Vitalik Sells for 44.4 ETH!,Memecoin Neiro Plummets 60% as Vitalik Sells for 44.4 ETH!,news,200,Indexable,2008,105,0,0,,,0,0,yes,delete,high,P1,no_signal
https://coincu.com/memecoins-on-base-are-driving-network-growth/,Memecoins On Base Are Driving Network Growth: Report,Memecoins On Base Are Driving Network Growth: Report,news,200,Indexable,2069,140,0,0,,,0,0,yes,delete,high,P1,no_signal
https://coincu.com/mendoza-allowed-pay-taxes-in-crypto/,Mendoza Residents Are Allowed To Pay Taxes In Cryptocurrency,Mendoza Residents Are Allowed To Pay Taxes In Cryptocurrency,news,200,Indexable,2126,154,0,0,,,0,0,yes,delete,high,P1,no_signal
https://coincu.com/menlo-ventures-gains-a-valuable-asset/,Menlo Ventures Gains a Valuable Asset With Addition of Former FTX Ventures Head,Menlo Ventures Gains a Valuable Asset With Addition of Former FTX Ventures Head,news,200,Indexable,2104,91,0,0,,,0,0,yes,delete,high,P1,no_signal
https://coincu.com/mercado-bitcoin-brazilian-regulator/,Mercado Bitcoin Requested By Brazilian Regulator To Clarify Token Information,Mercado Bitcoin Requested By Brazilian Regulator To Clarify Token Information,news,200,Indexable,2065,184,0,0,,,0,0,yes,delete,high,P1,no_signal
https://coincu.com/mercado-bitcoin-payment-mb-pay-fintech/,"Brazil's Mercado Bitcoin Becomes Licensed Payment Provider, Launches MB Pay Fintech Solution","Brazil’s Mercado Bitcoin Becomes Licensed Payment Provider, Launches MB Pay Fintech Solution",news,200,Indexable,2134,153,0,0,,,0,0,yes,delete,high,P1,no_signal
https://coincu.com/mercado-libre-launches-eth-cashback-token/,"Mercado Libre Launches Mercado Coin, Ethereum Cashback Token","Mercado Libre Launches Mercado Coin, Ethereum Cashback Token",news,200,Indexable,1892,145,0,0,,,0,0,yes,delete,high,P1,no_signal
https://coincu.com/merchants-crypto-payments-customers/,85% Of Merchants See Cryptocurrency Payments As A Means To Reach Out To New Customers.,85% Of Merchants See Cryptocurrency Payments As A Means To Reach Out To New Customers.,news,200,Indexable,2049,156,0,0,,,0,0,yes,delete,high,P1,no_signal
https://coincu.com/merkle-tree/,Merkle Tree,Merkle Tree,news,200,Indexable,2144,258,0,0,,,0,0,yes,delete,high,P1,no_signal
https://coincu.com/merkle-trees-coming-soon-said-cz/,"Merkle Trees Coming Soon, Said CZ","Merkle Trees Coming Soon, Said CZ",news,200,Indexable,2087,150,0,0,,,0,0,yes,delete,high,P1,no_signal
https://coincu.com/merlin-chain-launches-merlins-adventure-a-210-million-merl-ecosystem-grant-program/,Merlin Chain Launches Merlin's Adventure: A 210 Million $MERL Ecosystem Grant Program,Merlin Chain Launches Merlin’s Adventure: A 210 Million $MERL Ecosystem Grant Program,news,200,Indexable,2336,116,0,0,,,0,0,yes,delete,high,P1,no_signal
https://coincu.com/merlin-chain-unveils-staking-phase-2/,Bitcoin Layer 2 Merlin Chain Unveils Staking Phase 2 and PoS Upgrade,Bitcoin Layer 2 Merlin Chain Unveils Staking Phase 2 and PoS Upgrade,news,200,Indexable,2094,132,0,0,,,0,0,yes,delete,high,P1,no_signal
https://coincu.com/merlin-chains-meteoric-rise-btc-transfers/,Merlin Chain's Meteoric Rise: BTC Transfers Exceed $12.9 Billion!,Merlin Chain’s Meteoric Rise: BTC Transfers Exceed $12.9 Billion!,news,200,Indexable,2175,89,0,0,,,0,0,yes,delete,high,P1,no_signal
https://coincu.com/merlin-dex-rugpull-backfires-as-160k-frozen/,Merlin DEX 'Rugpull' Backfires As $160K Frozen By Blockchain Security Firm,Merlin DEX ‘Rugpull’ Backfires As $160K Frozen By Blockchain Security Firm,news,200,Indexable,2268,190,0,0,,,0,0,yes,delete,high,P1,no_signal
https://coincu.com/mesh-raises-75m-series-c-reaches-1b/,"Mesh Raises $75M Series C, Reaches $1B Valuation in Payments Push","Mesh Raises $75M Series C, Reaches $1B Valuation in Payments Push",news,200,Indexable,2111,151,0,0,,,0,0,yes,delete,high,P1,no_signal
https://coincu.com/messari-analyzes-ftx/,Messari Analyzes FTX Can Return Users 50% Of Their Assets,Messari Analyzes FTX Can Return Users 50% Of Their Assets,news,200,Indexable,2062,177,0,0,,,0,0,yes,delete,high,P1,no_signal
https://coincu.com/messari-ceo-ryan-selkis-has-now-resigned/,Messari CEO Ryan Selkis Has Now Resigned After a Series of Politically Attacking Tweets,Messari CEO Ryan Selkis Has Now Resigned After a Series of Politically Attacking Tweets,news,200,Indexable,2159,155,0,0,,,0,0,yes,delete,high,P1,no_signal
https://coincu.com/messari-hire-a-coo-to-support-future-ipos/,It's Time For Messari To Hire A COO To Support Future IPOs,It’s Time For Messari To Hire A COO To Support Future IPOs,news,200,Indexable,1908,158,0,0,,,0,0,yes,delete,high,P1,no_signal
https://coincu.com/messari-layoffs-happen-after-2-years/,Messari Layoffs Happen For The First Time After 2 Years Of Restructuring,Messari Layoffs Happen For The First Time After 2 Years Of Restructuring,news,200,Indexable,2104,146,0,0,,,0,0,yes,delete,high,P1,no_signal
https://coincu.com/messari-raised-a-35-million-funding-round/,Messari Raised A $35 Million Funding Round Led By Brevan Howard,Messari Raised A $35 Million Funding Round Led By Brevan Howard,news,200,Indexable,2024,131,0,0,,,0,0,yes,delete,high,P1,no_signal
https://coincu.com/meta-continues-to-lose-money-in-q3/,Metaverse Division Of Meta Continues To Lose Money In Q3/2022,Metaverse Division Of Meta Continues To Lose Money In Q3/2022,news,200,Indexable,1961,151,0,0,,,0,0,yes,delete,high,P1,no_signal
https://coincu.com/meta-cut-metaverse-budget-shift/,Meta to Potentially Scale Back Metaverse Budget by 30%,Meta to Potentially Scale Back Metaverse Budget by 30%,news,200,Indexable,2009,127,0,0,,,0,0,yes,delete,high,P1,no_signal
https://coincu.com/meta-cuts-off-13/,Meta Cuts Off 13% Of The Company's Total Workforce,Meta Cuts Off 13% Of The Company’s Total Workforce,news,200,Indexable,1966,158,0,0,,,0,0,yes,delete,high,P1,no_signal
https://coincu.com/meta-expands-nft-to-more-than-100-countries/,Meta Expands NFT To More Than 100 Countries With Coinbase And Flow,Meta Expands NFT To More Than 100 Countries With Coinbase And Flow,news,200,Indexable,1923,107,0,0,,,0,0,yes,delete,high,P1,no_signal
https://coincu.com/meta-fined-276m-in-europe-for-data-leak/,Meta (Facebook) Fined $276 Million In Europe For Data Leak,Meta (Facebook) Fined $276 Million In Europe For Data Leak,news,200,Indexable,2096,187,0,0,,,0,0,yes,delete,high,P1,no_signal
https://coincu.com/meta-has-delayed-budgets-because-layoffs/,Meta Has Delayed Some Teams' Budgets Because of New Layoffs,Meta Has Delayed Some Teams’ Budgets Because of New Layoffs,news,200,Indexable,2088,236,0,0,,,0,0,yes,delete,high,P1,no_signal
https://coincu.com/meta-horizon-metaverse-software-from-meta/,Meta Horizon Metaverse Software From Meta VP Sharma Departs The Business,Meta Horizon Metaverse Software From Meta VP Sharma Departs The Business,news,200,Indexable,2023,155,0,0,,,0,0,yes,delete,high,P1,no_signal
https://coincu.com/meta-intended-to-fire-employees/,Meta Intended to Fire Employees After Failures Of Business Strategy,Meta Intended to Fire Employees After Failures Of Business Strategy,news,200,Indexable,1961,158,0,0,,,0,0,yes,delete,high,P1,no_signal
https://coincu.com/meta-launch-service-meta-verified/,Meta Launching Service Meta Verified For $11.99 - $14.99/ Month,Meta Launching Service Meta Verified For $11.99 – $14.99/ Month,news,200,Indexable,2098,227,0,0,,,0,0,yes,delete,high,P1,no_signal
https://coincu.com/meta-llama-outperforms-including-chatgpt/,"Meta New Language Model ""LLaMA"" Outperforms Competitors, Including ChatGPT","Meta New Language Model “LLaMA” Outperforms Competitors, Including ChatGPT",news,200,Indexable,2230,374,0,0,,,0,0,yes,delete,high,P1,no_signal
https://coincu.com/meta-partners-with-microsoft-into-metaverse/,Meta Partners With Microsoft Into Metaverse Virtual Reality (VR) Platform,Meta Partners With Microsoft Into Metaverse Virtual Reality (VR) Platform,news,200,Indexable,1944,158,0,0,,,0,0,yes,delete,high,P1,no_signal
https://coincu.com/meta-places-horizon-quality-lockdown/,Meta Places Its VR Platform Horizon Worlds On 'Quality Lockdown',Meta Places Its VR Platform Horizon Worlds On ‘Quality Lockdown’,news,200,Indexable,2050,149,0,0,,,0,0,yes,delete,high,P1,no_signal
https://coincu.com/meta-quest-3-new-features-integrates-meta-ai/,Meta Quest 3 New Features: Integrates With AI Chatbots And Meta AI,Meta Quest 3 New Features: Integrates With AI Chatbots And Meta AI,news,200,Indexable,2029,125,0,0,,,0,0,yes,delete,high,P1,no_signal
https://coincu.com/meta-takes-the-lead-in-digital-collectibles/,Meta Takes the Lead in Digital Collectibles as NFT Adoption Wanes,Meta Takes the Lead in Digital Collectibles as NFT Adoption Wanes,news,200,Indexable,1993,213,0,0,,,0,0,yes,delete,high,P1,no_signal
https://coincu.com/meta-targets-25-billion-bond-sale-amid/,Meta Targets $25 Billion Bond Sale Amid Rising AI Infrastructure Costs,Meta Targets $25 Billion Bond Sale Amid Rising AI Infrastructure Costs,news,200,Indexable,1879,164,0,0,,,0,0,yes,delete,high,P1,no_signal
https://coincu.com/meta-urges-delay-new-metaverse-rules/,Meta Urges Washington To Delay New Metaverse Governance Rules,Meta Urges Washington To Delay New Metaverse Governance Rules,news,200,Indexable,1854,185,0,0,,,0,0,yes,delete,high,P1,no_signal
https://coincu.com/meta-will-start-new-mass-layoffs-next-week/,Meta Will Start New Mass Layoffs Next Week - Coincu - Latest Cryptocurrency News and Analysis 1,Meta Will Start New Mass Layoffs Next Week,news,200,Indexable,2205,139,0,0,,,0,0,yes,delete,high,P1,no_signal
https://coincu.com/metabirkins-maker-rothschild-blasts-hermes/,MetaBirkins Maker Rothschild Blasts Hermes After NFT Trademark Decision,MetaBirkins Maker Rothschild Blasts Hermes After NFT Trademark Decision,news,200,Indexable,2005,215,0,0,,,0,0,yes,delete,high,P1,no_signal
https://coincu.com/metaco-partners-with-vp/,Digital Asset Tech Provider Metaco Partners With Private Bank VP,Digital Asset Tech Provider Metaco Partners With Private Bank VP,news,200,Indexable,2141,157,0,0,,,0,0,yes,delete,high,P1,no_signal
https://coincu.com/metamask-active-users-have-increased-19m/,MetaMask Active Users Have Increased 19M From September Last Year,MetaMask Active Users Have Increased 19M From September Last Year,news,200,Indexable,2091,130,0,0,,,0,0,yes,delete,high,P1,no_signal
https://coincu.com/metamask-adds-an-extra-step/,MetaMask Now Adds An Extra Step That Could Help Users Avoid Attacks,MetaMask Now Adds An Extra Step That Could Help Users Avoid Attacks,news,200,Indexable,2202,155,0,0,,,0,0,yes,delete,high,P1,no_signal
https://coincu.com/metamask-bitcoin-support-may-launch-soon/,MetaMask Bitcoin Support May Launch Soon,MetaMask Bitcoin Support May Launch Soon,news,200,Indexable,2082,124,0,0,,,0,0,yes,delete,high,P1,no_signal
https://coincu.com/metamask-blockchain-debit-card-launched/,MetaMask Blockchain Debit Card Launched With Layer 2 Linea Support,MetaMask Blockchain Debit Card Launched With Layer 2 Linea Support,news,200,Indexable,2124,166,0,0,,,0,0,yes,delete,high,P1,no_signal
https://coincu.com/metamask-bridges-expands-cross-chain/,MetaMask Bridges Expands Cross-Chain Compatibility With Two Layer 2 Networks,MetaMask Bridges Expands Cross-Chain Compatibility With Two Layer 2 Networks,news,200,Indexable,2154,158,0,0,,,0,0,yes,delete,high,P1,no_signal
https://coincu.com/metamask-denies-security-issues/,MetaMask Denies Security Issues That Cause 5000 ETH Exploited,MetaMask Denies Security Issues That Cause 5000 ETH Exploited,news,200,Indexable,2257,146,0,0,,,0,0,yes,delete,high,P1,no_signal
https://coincu.com/metamask-enhances-privacy/,MetaMask Enhances The Privacy Experience In Its Latest Update,MetaMask Enhances The Privacy Experience In Its Latest Update,news,200,Indexable,2166,140,0,0,,,0,0,yes,delete,high,P1,no_signal
https://coincu.com/metamask-expands-multi-chain-capabilities/,MetaMask Expands Multi-Chain Capabilities with Bitcoin Support,MetaMask Expands Multi-Chain Capabilities with Bitcoin Support,news,200,Indexable,2028,133,0,0,,,0,0,yes,delete,high,P1,no_signal
https://coincu.com/metamask-grants-over-500000-dao-funds/,"MetaMask Grants Over $500,000 DAO Funds To Agoric And Safeheron","MetaMask Grants Over $500,000 DAO Funds To Agoric And Safeheron",news,200,Indexable,2075,155,0,0,,,0,0,yes,delete,high,P1,no_signal
https://coincu.com/metamask-integrates-crypto-payment-firm/,MetaMask Now Integrates With Fiat-to-crypto Payment Firm For Cheaper Crypto Transfers,MetaMask Now Integrates With Fiat-to-crypto Payment Firm For Cheaper Crypto Transfers,news,200,Indexable,2121,260,0,0,,,0,0,yes,delete,high,P1,no_signal
https://coincu.com/metamask-integrates-linea-l2-network-deposits/,Metamask Integrates Linea L2 Network For Cost-Effective Deposits,Metamask Integrates Linea L2 Network For Cost-Effective Deposits,news,200,Indexable,2177,100,0,0,,,0,0,yes,delete,high,P1,no_signal
https://coincu.com/metamask-integrates-native-tron-support/,MetaMask Integrates Native TRON Support to Enhance Multichain Experience,MetaMask Integrates Native TRON Support to Enhance Multichain Experience,news,200,Indexable,2070,114,0,0,,,0,0,yes,delete,high,P1,no_signal
https://coincu.com/metamask-integrates-with-sardine/,MetaMask Integrates With Settlement Platform Sardine,MetaMask Integrates With Settlement Platform Sardine,news,200,Indexable,2043,209,0,0,,,0,0,yes,delete,high,P1,no_signal
https://coincu.com/metamask-integratesn-with-fireblocks/,MetaMask Integratesn With Fireblocks To Offer Unrivaled Web3 Access,MetaMask Integratesn With Fireblocks To Offer Unrivaled Web3 Access,news,200,Indexable,2177,148,0,0,,,0,0,yes,delete,high,P1,no_signal
https://coincu.com/metamask-introduces-sell-for-crypto-to-fiat/,"MetaMask Introduces ""Sell"" for Seamless Crypto-to-Fiat Transactions",MetaMask Introduces “Sell” for Seamless Crypto-to-Fiat Transactions,news,200,Indexable,2134,118,0,0,,,0,0,yes,delete,high,P1,no_signal
https://coincu.com/metamask-launches-bridge-aggregator/,MetaMask Launches Bridge Aggregator In Dapp,MetaMask Launches Bridge Aggregator In Dapp,news,200,Indexable,2036,136,0,0,,,0,0,yes,delete,high,P1,no_signal
https://coincu.com/metamask-launches-buy-crypto-feature-dapp/,MetaMask Launches Buy Crypto Feature In Portfolio Dapp For Easier Investing,MetaMask Launches Buy Crypto Feature In Portfolio Dapp For Easier Investing,news,200,Indexable,2106,121,0,0,,,0,0,yes,delete,high,P1,no_signal
https://coincu.com/metamask-launches-new-feature/,MetaMask Launches New Feature To Expand Compatibility Beyond Ethereum,MetaMask Launches New Feature To Expand Compatibility Beyond Ethereum,news,200,Indexable,2084,170,0,0,,,0,0,yes,delete,high,P1,no_signal
https://coincu.com/metamask-launches-perp-dex-rewards/,MetaMask Unveils Perp Dex and Rewards Integration,MetaMask Unveils Perp Dex and Rewards Integration,news,200,Indexable,2119,95,0,0,,,0,0,yes,delete,high,P1,no_signal
https://coincu.com/metamask-launches-smart-transactions-mev-attacks/,MetaMask Launches Smart Transactions Feature To Combat MEV Attacks!,MetaMask Launches Smart Transactions Feature To Combat MEV Attacks!,news,200,Indexable,2124,114,0,0,,,0,0,yes,delete,high,P1,no_signal
https://coincu.com/metamask-money-in-crypto-is-gambling/,MetaMask Co-Founders Admit ‘Putting Your Money In Crypto Is Gambling’,MetaMask Co-Founders Admit ‘Putting Your Money In Crypto Is Gambling’,news,200,Indexable,2321,157,0,0,,,0,0,yes,delete,high,P1,no_signal
https://coincu.com/metamask-multi-chain-accounts-solana/,MetaMask Introduces Multi-Chain Accounts for Enhanced Crypto Access,MetaMask Introduces Multi-Chain Accounts for Enhanced Crypto Access,news,200,Indexable,2066,88,0,0,,,0,0,yes,delete,high,P1,no_signal
https://coincu.com/metamask-multi-chain-support-expansion/,MetaMask Expands to Support Multi-Chain Accounts Across Networks,MetaMask Expands to Support Multi-Chain Accounts Across Networks,news,200,Indexable,2074,101,0,0,,,0,0,yes,delete,high,P1,no_signal
https://coincu.com/metamask-portfolio-fix-deployed/,MetaMask Portfolio Fix Deployed To Protect Users From Ledger Hack,MetaMask Portfolio Fix Deployed To Protect Users From Ledger Hack,news,200,Indexable,2064,145,0,0,,,0,0,yes,delete,high,P1,no_signal
https://coincu.com/metamask-privacy-update-security-for-users/,MetaMask Privacy Update Announced To Promote Information Security For Users,MetaMask Privacy Update Announced To Promote Information Security For Users,news,200,Indexable,2065,141,0,0,,,0,0,yes,delete,high,P1,no_signal
https://coincu.com/metamask-quit-apple-30-tax-nft-transactions/,MetaMask Co-Founder Willing To Quit Apple Because Of 30% Tax On NFT Transactions,MetaMask Co-Founder Willing To Quit Apple Because Of 30% Tax On NFT Transactions,news,200,Indexable,1963,156,0,0,,,0,0,yes,delete,high,P1,no_signal
https://coincu.com/metamask-removed-apple-app-store/,"MetaMask Removed Apple App Store, Crypto Users Stunned!","MetaMask Removed Apple App Store, Crypto Users Stunned!",news,200,Indexable,2065,33,0,0,,,0,0,yes,delete,high,P1,no_signal
https://coincu.com/metamask-rewards-program-mask-token/,MetaMask Launches Rewards Program with Token Airdrop Potential,MetaMask Launches Rewards Program with Token Airdrop Potential,news,200,Indexable,2089,100,0,0,,,0,0,yes,delete,high,P1,no_signal
https://coincu.com/metamask-rewards-token-event-update/,MetaMask Clarifies Reward Program and Token Generation Event Structure,MetaMask Clarifies Reward Program and Token Generation Event Structure,news,200,Indexable,1977,128,0,0,,,0,0,yes,delete,high,P1,no_signal
https://coincu.com/metamask-security-alerts-feature/,MetaMask Security Alerts Feature Launched To Help Users Limit Hacks,MetaMask Security Alerts Feature Launched To Help Users Limit Hacks,news,200,Indexable,2083,159,0,0,,,0,0,yes,delete,high,P1,no_signal
https://coincu.com/metamask-smart-transactions-lowering-costs/,"MetaMask Smart Transactions: Boosting Success Rates, Lowering Costs","MetaMask Smart Transactions: Boosting Success Rates, Lowering Costs",news,200,Indexable,2105,170,0,0,,,0,0,yes,delete,high,P1,no_signal
https://coincu.com/metamask-support-for-optimism-arbitrum/,MetaMask Swaps Adds Support For Optimism And Arbitrum,MetaMask Swaps Adds Support For Optimism And Arbitrum,news,200,Indexable,2172,125,0,0,,,0,0,yes,delete,high,P1,no_signal
https://coincu.com/metamask-updates-new-privacy-settings-users/,MetaMask Updates New Privacy Settings For Users In 2023,MetaMask Updates New Privacy Settings For Users In 2023,news,200,Indexable,2154,159,0,0,,,0,0,yes,delete,high,P1,no_signal
https://coincu.com/metamask-users-should-be-careful/,MetaMask Users Should Be Careful With Scams Via Fake Websites,MetaMask Users Should Be Careful With Scams Via Fake Websites,news,200,Indexable,2118,164,0,0,,,0,0,yes,delete,high,P1,no_signal
https://coincu.com/metamask-users-targeted-in-new-2fa-seed/,MetaMask Users Targeted in New 2FA Seed Phrase Phishing Scam,MetaMask Users Targeted in New 2FA Seed Phrase Phishing Scam,news,200,Indexable,2081,166,0,0,,,0,0,yes,delete,high,P1,no_signal
https://coincu.com/metamask-will-provide-linea-services/,MetaMask Will Soon Provide Layer 2 Linea Services In Its Portfolio,MetaMask Will Soon Provide Layer 2 Linea Services In Its Portfolio,news,200,Indexable,2252,117,0,0,,,0,0,yes,delete,high,P1,no_signal
https://coincu.com/metamasks-crypto-purchases-nigerian-users/,MetaMask's Latest Update Brings Seamless Crypto Purchases To Nigerian Users,MetaMask’s Latest Update Brings Seamless Crypto Purchases To Nigerian Users,news,200,Indexable,2156,229,0,0,,,0,0,yes,delete,high,P1,no_signal
https://coincu.com/metaplanet-150m-preferred-shares/,Metaplanet to Issue $150 Million Preferred Shares,Metaplanet to Issue $150 Million Preferred Shares,news,200,Indexable,2202,117,0,0,,,0,0,yes,delete,high,P1,no_signal
https://coincu.com/metaplanet-210m-bitcoin-bond/,Metaplanet Issues $210M Bond to Acquire Bitcoin,Metaplanet Issues $210M Bond to Acquire Bitcoin,news,200,Indexable,2171,119,0,0,,,0,0,yes,delete,high,P1,no_signal
https://coincu.com/metaplanet-8-billion-yen-zero-coupon-bonds-bitcoin-holdings/,Metaplanet Raises 8 Billion Yen for Bitcoin With Zero-Coupon Bonds,Metaplanet Raises 8 Billion Yen for Bitcoin With Zero-Coupon Bonds,news,200,Indexable,2645,159,0,0,,,0,0,yes,delete,high,P1,no_signal
https://coincu.com/metaplanet-acquires-bitcoin-107557/,"Metaplanet Inc. Acquires 1,234 Bitcoins at $107,557 Each","Metaplanet Inc. Acquires 1,234 Bitcoins at $107,557 Each",news,200,Indexable,2225,124,0,0,,,0,0,yes,delete,high,P1,no_signal
https://coincu.com/metaplanet-bitcoin-210000-2027/,"Metaplanet Targets 210,000 Bitcoin by 2027 Expansion","Metaplanet Targets 210,000 Bitcoin by 2027 Expansion",news,200,Indexable,2089,83,0,0,,,0,0,yes,delete,high,P1,no_signal
https://coincu.com/metaplanet-bitcoin-acquisition-us-market/,"Metaplanet Acquires 2,205 Bitcoins Amid Market Fluctuations","Metaplanet Acquires 2,205 Bitcoins Amid Market Fluctuations",news,200,Indexable,2202,67,0,0,,,0,0,yes,delete,high,P1,no_signal
https://coincu.com/metaplanet-bitcoin-bond-japan-firm-issues-11-3m/,Metaplanet Bitcoin Bond Japan Firm Issues $11.3M For BTC,Metaplanet Bitcoin Bond Japan Firm Issues $11.3M For BTC,news,200,Indexable,2040,165,0,0,,,0,0,yes,delete,high,P1,no_signal
https://coincu.com/metaplanet-bitcoin-financing-plan-raises-745m/,Metaplanet Bitcoin Financing Plan Raises $745 Million,Metaplanet Bitcoin Financing Plan Raises $745 Million,news,200,Indexable,2020,158,0,0,,,0,0,yes,delete,high,P1,no_signal
https://coincu.com/metaplanet-bitcoin-holdings-2025/,Metaplanet Increases Bitcoin Holdings by 38% in 2025,Metaplanet Increases Bitcoin Holdings by 38% in 2025,news,200,Indexable,2121,89,0,0,,,0,0,yes,delete,high,P1,no_signal
https://coincu.com/metaplanet-bitcoin-holdings-earn-28m-in-profit/,Metaplanet Bitcoin Holdings Helps Company Earn $28 Million in Profit,Metaplanet Bitcoin Holdings Helps Company Earn $28 Million in Profit,news,200,Indexable,2092,107,0,0,,,0,0,yes,delete,high,P1,no_signal
https://coincu.com/metaplanet-bitcoin-holdings-grow-with-12-5m-btc/,Metaplanet Bitcoin Holdings Grow with $12.5M BTC Purchase,Metaplanet Bitcoin Holdings Grow with $12.5M BTC Purchase,news,200,Indexable,2391,159,0,0,,,0,0,yes,delete,high,P1,no_signal
https://coincu.com/metaplanet-bitcoin-holdings-increase/,"Metaplanet Increases Bitcoin Holdings to 8,888 BTC","Metaplanet Increases Bitcoin Holdings to 8,888 BTC",news,200,Indexable,2100,80,0,0,,,0,0,yes,delete,high,P1,no_signal
https://coincu.com/metaplanet-bitcoin-investment-135-btc-added/,"Metaplanet Bitcoin Investment: 135 BTC Added, Total at 2,235","Metaplanet Bitcoin Investment: 135 BTC Added, Total at 2,235",news,200,Indexable,2417,146,0,0,,,0,0,yes,delete,high,P1,no_signal
https://coincu.com/metaplanet-bitcoin-investment-269-btc-purchase/,Metaplanet Bitcoin Investment Surges With 269 BTC Purchase,Metaplanet Bitcoin Investment Surges With 269 BTC Purchase,news,200,Indexable,2067,155,0,0,,,0,0,yes,delete,high,P1,no_signal
https://coincu.com/metaplanet-bitcoin-investment-continues/,Metaplanet Bitcoin Investment Continues to Boost With $62 Million Raised,Metaplanet Bitcoin Investment Continues to Boost With $62 Million Raised,news,200,Indexable,2123,162,0,0,,,0,0,yes,delete,high,P1,no_signal
https://coincu.com/metaplanet-bitcoin-investment-holds-2100-btc/,Metaplanet Bitcoin Investment Now Holds 0.01% of BTC Supply,Metaplanet Bitcoin Investment Now Holds 0.01% of BTC Supply,news,200,Indexable,2144,159,0,0,,,0,0,yes,delete,high,P1,no_signal
https://coincu.com/metaplanet-bitcoin-investment-october/,Metaplanet to Invest $1.25 Billion in Bitcoin by October,Metaplanet to Invest $1.25 Billion in Bitcoin by October,news,200,Indexable,2086,130,0,0,,,0,0,yes,delete,high,P1,no_signal
https://coincu.com/metaplanet-bitcoin-investment-strengthens/,Metaplanet Bitcoin Investment Strengthens With New ¥200 Million BTC Purchase,Metaplanet Bitcoin Investment Strengthens With New ¥200 Million BTC Purchase,news,200,Indexable,2123,139,0,0,,,0,0,yes,delete,high,P1,no_signal
https://coincu.com/metaplanet-bitcoin-investment-surges-497-btc/,"Metaplanet Bitcoin Investment Surges with 497 BTC Buy, Now Holds 2,888","Metaplanet Bitcoin Investment Surges with 497 BTC Buy, Now Holds 2,888",news,200,Indexable,2201,129,0,0,,,0,0,yes,delete,high,P1,no_signal
https://coincu.com/metaplanet-bitcoin-investment-surpassed-1000-btc/,"Metaplanet Bitcoin Investment Has Now Surpassed 1,000 BTC","Metaplanet Bitcoin Investment Has Now Surpassed 1,000 BTC",news,200,Indexable,2078,167,0,0,,,0,0,yes,delete,high,P1,no_signal
https://coincu.com/metaplanet-buys-1111-btc-for-118m-total/,"Metaplanet Buys 1,111 BTC for $118M, Total Holdings Hit 11,111 Bitcoin","Metaplanet Buys 1,111 BTC for $118M, Total Holdings Hit 11,111 Bitcoin",news,200,Indexable,2201,131,0,0,,,0,0,yes,delete,high,P1,no_signal
https://coincu.com/metaplanet-buys-2205-more-bitcoin/,"Metaplanet Buys 2,205 More Bitcoin, Now Holds 15,555 BTC","Metaplanet Buys 2,205 More Bitcoin, Now Holds 15,555 BTC",news,200,Indexable,2071,112,0,0,,,0,0,yes,delete,high,P1,no_signal
https://coincu.com/metaplanet-buys-4279-bitcoin/,"Metaplanet Acquires 4,279 Bitcoin Worth $451 Million","Metaplanet Acquires 4,279 Bitcoin Worth $451 Million",news,200,Indexable,2139,73,0,0,,,0,0,yes,delete,high,P1,no_signal
https://coincu.com/metaplanet-expands-bitcoin-holdings-with-6-9m/,Metaplanet Expands Bitcoin Holdings With $6.9M New Purchase,Metaplanet Expands Bitcoin Holdings With $6.9M New Purchase,news,200,Indexable,2047,170,0,0,,,0,0,yes,delete,high,P1,no_signal
https://coincu.com/metaplanet-expands-bitcoin-holdings/,"MetaPlanet Expands Bitcoin Holdings, Adds 1,241 BTC","MetaPlanet Expands Bitcoin Holdings, Adds 1,241 BTC",news,200,Indexable,2191,122,0,0,,,0,0,yes,delete,high,P1,no_signal
https://coincu.com/metaplanet-increases-bitcoin-holdings-of-1-6-m/,Metaplanet Increases Bitcoin Holdings With New Purchase Of $1.6 Million,Metaplanet Increases Bitcoin Holdings With New Purchase Of $1.6 Million,news,200,Indexable,2064,166,0,0,,,0,0,yes,delete,high,P1,no_signal
https://coincu.com/metaplanet-ordinary-bonds/,Metaplanet Ordinary Bonds Worth ¥5 Billion Issued to Boost Bitcoin Holdings,Metaplanet Ordinary Bonds Worth ¥5 Billion Issued to Boost Bitcoin Holdings,news,200,Indexable,2049,162,0,0,,,0,0,yes,delete,high,P1,no_signal
https://coincu.com/metaplanet-slides-7-following-680m/,Metaplanet Slides 7% Following $680M Bitcoin Accounting Loss,Metaplanet Slides 7% Following $680M Bitcoin Accounting Loss,news,200,Indexable,2125,142,0,0,,,0,0,yes,delete,high,P1,no_signal
https://coincu.com/metaplanet-stock-buybacks-btc-strategy/,Metaplanet Evaluates Stock Buybacks Amid Bitcoin Accumulation Strategy,Metaplanet Evaluates Stock Buybacks Amid Bitcoin Accumulation Strategy,news,200,Indexable,2127,127,0,0,,,0,0,yes,delete,high,P1,no_signal
https://coincu.com/metaplanet-stock-rises-5-after-92-5m/,"Metaplanet Stock Rises 5% After $92.5M Bitcoin Purchase, Holdings Reach 17,132 BTC","Metaplanet Stock Rises 5% After $92.5M Bitcoin Purchase, Holdings Reach 17,132 BTC",news,200,Indexable,2248,117,0,0,,,0,0,yes,delete,high,P1,no_signal
https://coincu.com/metaplanet-to-raise-137m-to-buy-more/,Metaplanet to Raise $137M to Buy More Bitcoin and Pay Down Debt,Metaplanet to Raise $137M to Buy More Bitcoin and Pay Down Debt,news,200,Indexable,2016,133,0,0,,,0,0,yes,delete,high,P1,no_signal
https://coincu.com/metaplex-agreed-nft-creators/,Metaplex Agreed NFT Creators To Upgrade Existing NFT Collections In 90 Days,Metaplex Agreed NFT Creators To Upgrade Existing NFT Collections In 90 Days,news,200,Indexable,2067,159,0,0,,,0,0,yes,delete,high,P1,no_signal
https://coincu.com/metaplex-to-launch-new-nft-asset/,Metaplex Plans To Launch A New NFT Asset Class For Creator Royalties,Metaplex Plans To Launch A New NFT Asset Class For Creator Royalties,news,200,Indexable,2036,157,0,0,,,0,0,yes,delete,high,P1,no_signal
https://coincu.com/metas-decentralized-social-app/,Meta's Decentralized Social App: The Future of Crypto Social Networking!,Meta’s Decentralized Social App: The Future of Crypto Social Networking!,news,200,Indexable,2228,226,0,0,,,0,0,yes,delete,high,P1,no_signal
https://coincu.com/metaventures-bangkok-to-held-on-dec-14-15/,International Summit “MetaVentures Bangkok” To Be Held On Dec. 14–15,International Summit “MetaVentures Bangkok” To Be Held On Dec. 14–15,press_release_like,200,Indexable,2230,136,0,0,,,0,0,yes,delete,high,P1,event_pr_signal
https://coincu.com/metaverse-alliance-is-established-by-web3/,Open Metaverse Alliance Is Established By Web3 Platforms,Open Metaverse Alliance Is Established By Web3 Platforms,news,200,Indexable,2045,158,0,0,,,0,0,yes,delete,high,P1,no_signal
https://coincu.com/metaverse-demand-crypto-bear-market/,Metaverse Demand and Popularity Surpass Crypto Bear Market,Metaverse Demand and Popularity Surpass Crypto Bear Market,news,200,Indexable,2086,150,0,0,,,0,0,yes,delete,high,P1,no_signal
https://coincu.com/metaverse-firm-hadean-raised-30m/,Metaverse Firm Hadean Raised $30M,Metaverse Firm Hadean Raised $30M In Series A Round,news,200,Indexable,1966,96,0,0,,,0,0,yes,delete,high,P1,no_signal
https://coincu.com/metaverse-highstreet-nft-increases/,Metaverse Highstreet Project NFT Floor Price Increases Over 160% In 24 Hours,Metaverse Highstreet Project NFT Floor Price Increases Over 160% In 24 Hours,news,200,Indexable,1976,152,0,0,,,0,0,yes,delete,high,P1,no_signal
https://coincu.com/metaverse-ifland-in-49-nations/,Korea Makes Metaverse Ifland Available In 49 Nations,Korea Makes Metaverse Ifland Available In 49 Nations,news,200,Indexable,1908,128,0,0,,,0,0,yes,delete,high,P1,no_signal
https://coincu.com/metaverse-only-ranked-2nd/,Metaverse Only Ranked 2nd In Oxford Word Of The Year Survey,Metaverse Only Ranked 2nd In Oxford Word Of The Year Survey,news,200,Indexable,1973,157,0,0,,,0,0,yes,delete,high,P1,no_signal
https://coincu.com/metaverse-platforms-present-web2-titans/,Metaverse Platforms Need To Take Action Right Away To Present Web2 Titans With Alternative Ownership Visions,Metaverse Platforms Need To Take Action Right Away To Present Web2 Titans With Alternative Ownership Visions,news,200,Indexable,2083,149,0,0,,,0,0,yes,delete,high,P1,no_signal
https://coincu.com/metaverse/,Metaverse,Metaverse,news,200,Indexable,2138,246,0,0,,,0,0,yes,delete,high,P1,no_signal
https://coincu.com/metaversusworld-has-raised-2-million-usd/,MetaVersusWorld Has Raised A Seed Round Of $2 Million USD,MetaVersusWorld Has Raised A Seed Round Of $2 Million USD,news,200,Indexable,1919,155,0,0,,,0,0,yes,delete,high,P1,no_signal
https://coincu.com/metavsummit-web3-0-and-metaverse-event/,Metavsummit - The Largest Web3.0 And Metaverse Event On September 14 -15 2022 In Dubai,Metavsummit – The Largest Web3.0 And Metaverse Event On September 14 -15 2022 In Dubai,press_release_like,200,Indexable,2252,133,0,0,,,0,0,yes,delete,high,P1,event_pr_signal
https://coincu.com/metawin-gives-back-over-13-million-to-players-through-ongoing-loyalty-rewards-program/,MetaWin Gives Back Over $13 Million to Players Through Ongoing Loyalty Rewards Program,MetaWin Gives Back Over $13 Million to Players Through Ongoing Loyalty Rewards Program,news,200,Indexable,2183,41,0,0,,,0,0,yes,delete,high,P1,no_signal
https://coincu.com/metis-metis-holdings-poly-network-attack/,Metis Safeguards METIS Holdings Amid Poly Network Attack,Metis Safeguards METIS Holdings Amid Poly Network Attack,news,200,Indexable,2145,142,0,0,,,0,0,yes,delete,high,P1,no_signal
https://coincu.com/metis-take-back-control-official-twitter-account/,Layer 2 Metis Take Back Control Of Their Official X (Twitter) Account,Layer 2 Metis Take Back Control Of Their Official X (Twitter) Account,news,200,Indexable,2047,135,0,0,,,0,0,yes,delete,high,P1,no_signal
https://coincu.com/metis-with-banxa-simplify-crypto-adoption/,Metis Announcing Integration With Banxa To Simplify Crypto Adoption,Metis Announcing Integration With Banxa To Simplify Crypto Adoption,news,200,Indexable,2159,251,0,0,,,0,0,yes,delete,high,P1,no_signal
https://coincu.com/mev-boost-surpass-100000-eth-ethereum-merge/,"MEV-Boost Surpassed 100,000 ETH Since The Ethereum Merge Last Year","MEV-Boost Surpassed 100,000 ETH Since The Ethereum Merge Last Year",news,200,Indexable,2108,205,0,0,,,0,0,yes,delete,high,P1,no_signal
https://coincu.com/mev-bot-20-million-bundle-transaction/,A MEV Bot Was Attacked And Lost $20 Million Due To The Bundle Transaction,A MEV Bot Was Attacked And Lost $20 Million Due To The Bundle Transaction,news,200,Indexable,2051,105,0,0,,,0,0,yes,delete,high,P1,no_signal
https://coincu.com/mev-trading-in-eu-considered-illegal/,MEV Trading In EU Considered Illegal Under The MiCA Regulation,MEV Trading In EU Considered Illegal Under The MiCA Regulation,news,200,Indexable,2102,175,0,0,,,0,0,yes,delete,high,P1,no_signal
https://coincu.com/mexc-amplifies-bitcoin-reserves-by-10-while-maintaining-100-coverage-across-all-assets/,MEXC Amplifies Bitcoin Reserves by 10% While Maintaining 100%+ Coverage Across All Assets,MEXC Amplifies Bitcoin Reserves by 10% While Maintaining 100%+ Coverage Across All Assets,news,200,Indexable,2478,196,0,0,,,0,0,yes,delete,high,P1,no_signal
https://coincu.com/mexc-and-mexc-ventures-establish-20m-fund-for-aptos-ecosystem-expansion/,MEXC and MEXC Ventures Establish $20M Fund for Aptos Ecosystem Expansion,MEXC and MEXC Ventures Establish $20M Fund for Aptos Ecosystem Expansion,news,200,Indexable,2303,110,0,0,,,0,0,yes,delete,high,P1,no_signal
https://coincu.com/mexc-announces-usd1-launchpool-event-with-1500000-wlfi-prize-pool/,"MEXC Announces USD1 Launchpool Event with 1,500,000 WLFI Prize Pool","MEXC Announces USD1 Launchpool Event with 1,500,000 WLFI Prize Pool",news,200,Indexable,2175,161,0,0,,,0,0,yes,delete,high,P1,no_signal
https://coincu.com/mexc-boosts-stock-futures-selection-with-tron-bitf-icg-and-more/,"MEXC Boosts Stock Futures Selection with TRON, BITF, ICG and More","MEXC Boosts Stock Futures Selection with TRON, BITF, ICG and More",news,200,Indexable,2322,172,0,0,,,0,0,yes,delete,high,P1,no_signal
https://coincu.com/mexc-concludes-solana-eco-month-with-over-400-billion-in-trading-volume-and-128000-participants/,"MEXC Concludes Solana Eco Month with Over $400 Billion in Trading Volume and 128,000 Participants","MEXC Concludes Solana Eco Month with Over $400 Billion in Trading Volume and 128,000 Participants",news,200,Indexable,2272,163,0,0,,,0,0,yes,delete,high,P1,no_signal
https://coincu.com/mexc-deepens-support-for-bitcoin-staking-innovation-with-solv-protocol-solv-token-launch/,MEXC Deepens Support for Bitcoin Staking Innovation with Solv Protocol (SOLV) Token Launch,MEXC Deepens Support for Bitcoin Staking Innovation with Solv Protocol (SOLV) Token Launch,news,200,Indexable,2231,204,0,0,,,0,0,yes,delete,high,P1,no_signal
https://coincu.com/mexc-deepens-support-for-sui-ecosystem-with-suilend-send-token-launch/,MEXC Deepens Support for SUI Ecosystem with Suilend (SEND) Token Launch,MEXC Deepens Support for SUI Ecosystem with Suilend (SEND) Token Launch,news,200,Indexable,2266,204,0,0,,,0,0,yes,delete,high,P1,no_signal
https://coincu.com/mexc-deploys-1000-btc-to-strategic-reserves-in-march-april-security-report/,"MEXC Deploys 1,000 BTC to Strategic Reserves in March-April Security Report","MEXC Deploys 1,000 BTC to Strategic Reserves in March-April Security Report",news,200,Indexable,2101,48,0,0,,,0,0,yes,delete,high,P1,no_signal
https://coincu.com/mexc-dex-super-fest-season-5-launches-with-a-200000-usdt-prize-pool/,"MEXC DEX+ Super Fest Season 5 Launches with a 200,000 USDT Prize Pool","MEXC DEX+ Super Fest Season 5 Launches with a 200,000 USDT Prize Pool",news,200,Indexable,2355,159,0,0,,,0,0,yes,delete,high,P1,no_signal
https://coincu.com/mexc-global-accused-false-listing/,MEXC Global Accused Of False Web3 Project Listing,MEXC Global Accused Of False Web3 Project Listing,news,200,Indexable,2160,86,0,0,,,0,0,yes,delete,high,P1,no_signal
https://coincu.com/mexc-global-exchange-allows-card-payments/,MEXC Global Exchange Allows Card Payments For Crypto,MEXC Global Exchange Allows Card Payments For Crypto,news,200,Indexable,2182,157,0,0,,,0,0,yes,delete,high,P1,no_signal
https://coincu.com/mexc-global-reached-10-million-users/,MEXC Global Reached 10 Million Users And Decided To Upgrade The Brand Color,MEXC Global Reached 10 Million Users And Decided To Upgrade The Brand Color,news,200,Indexable,2074,155,0,0,,,0,0,yes,delete,high,P1,no_signal
https://coincu.com/mexc-in-hong-kong-warning/,MEXC In Hong Kong Was Issued A Warning By The SFC Against,MEXC In Hong Kong Was Issued A Warning By The SFC Against,news,200,Indexable,2088,159,0,0,,,0,0,yes,delete,high,P1,no_signal
https://coincu.com/mexc-july-token-listings-surge-to-35920-peak-returns-as-ai-infrastructure-dominates-market/,"MEXC July Token Listings Surge to 35,920% Peak Returns as AI Infrastructure Dominates Market","MEXC July Token Listings Surge to 35,920% Peak Returns as AI Infrastructure Dominates Market",news,200,Indexable,2221,226,0,0,,,0,0,yes,delete,high,P1,no_signal
https://coincu.com/mexc-launches-celebration-event-for-stablr-usd-usdr-listing-with-85000-usdt-prize-pool/,"MEXC Launches Celebration Event for StablR USD (USDR) Listing with 85,000 USDT Prize Pool","MEXC Launches Celebration Event for StablR USD (USDR) Listing with 85,000 USDT Prize Pool",news,200,Indexable,2284,162,0,0,,,0,0,yes,delete,high,P1,no_signal
https://coincu.com/mexc-launches-cutting-edge-ai-trading-features-to-empower-crypto-traders/,MEXC Launches Cutting-Edge AI Trading Features to Empower Crypto Traders,MEXC Launches Cutting-Edge AI Trading Features to Empower Crypto Traders,news,200,Indexable,2202,203,0,0,,,0,0,yes,delete,high,P1,no_signal
https://coincu.com/mexc-launches-eth-launchpad-for-ethereums-10th-anniversary-users-share-100-eth-at-up-to-90-off/,MEXC Launches ETH Launchpad for Ethereum's 10th Anniversary: Users Share 100 ETH at Up to 90% Off,MEXC Launches ETH Launchpad for Ethereum’s 10th Anniversary: Users Share 100 ETH at Up to 90% Off,news,200,Indexable,2356,164,0,0,,,0,0,yes,delete,high,P1,no_signal
https://coincu.com/mexc-referral-code-129erg-earn-sign-up-bonuses/,MEXC Referral Code 2024: 129ERg (Earn $1000 Sign-Up Bonus),MEXC Referral Code 2024: 129ERg (Earn $1000 Sign-Up Bonus),news,200,Indexable,3113,159,0,0,,,0,0,yes,delete,high,P1,no_signal
https://coincu.com/mexc-reports-12-decline-in-syndicate-fraud-cases-in-q2-2025-blocks-over-70000-fraud-attempts/,"MEXC Reports 12% Decline in Syndicate Fraud Cases in Q2 2025, Blocks Over 70,000 Fraud Attempts","MEXC Reports 12% Decline in Syndicate Fraud Cases in Q2 2025, Blocks Over 70,000 Fraud Attempts",news,200,Indexable,2514,177,0,0,,,0,0,yes,delete,high,P1,no_signal
https://coincu.com/mexc-ventures-hosts-successful-kickstart-your-future-event-at-unsw-marking-australian-market-entry/,"MEXC Ventures Hosts Successful ""Kickstart Your Future"" Event at UNSW, Marking Australian Market Entry","MEXC Ventures Hosts Successful “Kickstart Your Future” Event at UNSW, Marking Australian Market Entry",news,200,Indexable,2289,180,0,0,,,0,0,yes,delete,high,P1,no_signal
https://coincu.com/mexican-cbdc-is-not-ready-before-2024/,Mexican CBDC Is Not Ready To Be Available Before 2024,Mexican CBDC Is Not Ready To Be Available Before 2024,news,200,Indexable,2112,158,0,0,,,0,0,yes,delete,high,P1,no_signal
https://coincu.com/miami-city-to-release-5000-nft/,"Miami City To Release 5,000 NFT With TIME, Mastercard","Miami City To Release 5,000 NFT With TIME, Mastercard",news,200,Indexable,2050,53,0,0,,,0,0,yes,delete,high,P1,no_signal
https://coincu.com/miami-dade-county-terminate-with-ftx/,Miami-Dade County To Terminate Business Relationships With FTX,Miami-Dade County To Terminate Business Relationships With FTX,news,200,Indexable,2087,157,0,0,,,0,0,yes,delete,high,P1,no_signal
https://coincu.com/miami-heat-jimmy-butler-settle-binance-lawsuit/,"Miami Heat Jimmy Butler and Ben Armstrong Agree to Pay $340,000 to Settle Binance Lawsuit","Miami Heat Jimmy Butler and Ben Armstrong Agree to Pay $340,000 to Settle Binance Lawsuit",news,200,Indexable,2080,145,0,0,,,0,0,yes,delete,high,P1,no_signal
https://coincu.com/mica-crypto-alliance-ripple-hedera-and-aptos/,"MiCA Crypto Alliance: Ripple, Hedera, and Aptos Join","MiCA Crypto Alliance: Ripple, Hedera, and Aptos Join",news,200,Indexable,1995,140,0,0,,,0,0,yes,delete,high,P1,no_signal
https://coincu.com/mica-final-guidance-announced/,MiCA Final Guidance Announced In Preparation For December 30 Launch,MiCA Final Guidance Announced In Preparation For December 30 Launch,news,200,Indexable,2106,124,0,0,,,0,0,yes,delete,high,P1,no_signal
https://coincu.com/mica-is-giving-new-positive-signals/,MiCA Is Giving New Positive Signals For Crypto-Friendly Banks,MiCA Is Giving New Positive Signals For Crypto-Friendly Banks,news,200,Indexable,2247,113,0,0,,,0,0,yes,delete,high,P1,no_signal
https://coincu.com/mica-is-now-signed-into-law/,MiCA Is Now Signed Into Law To Create A Clear Legal System For Crypto In The EU,MiCA Is Now Signed Into Law To Create A Clear Legal System For Crypto In The EU,news,200,Indexable,2315,118,0,0,,,0,0,yes,delete,high,P1,no_signal
https://coincu.com/mica-stablecoin-rules-followed-by-binance/,MiCA Stablecoin Rules Are Strictly Followed By Binance With Latest Updates,MiCA Stablecoin Rules Are Strictly Followed By Binance With Latest Updates,news,200,Indexable,2160,128,0,0,,,0,0,yes,delete,high,P1,no_signal
https://coincu.com/michael-barr-calls-for-regulations/,Fed Vice Chair Michael Barr Calls For Stablecoin Regulations,Fed Vice Chair Michael Barr Calls For Stablecoin Regulations,news,200,Indexable,2112,181,0,0,,,0,0,yes,delete,high,P1,no_signal
https://coincu.com/michael-egorov-deposited-crv/,Michael Egorov Deposited 23.26 Million CRV Into Silo To Repay The Debt On Aave,Michael Egorov Deposited 23.26 Million CRV Into Silo To Repay The Debt On Aave,news,200,Indexable,2096,147,0,0,,,0,0,yes,delete,high,P1,no_signal
https://coincu.com/michael-kong-fantom/,Michael Kong CEO Fantom Believes In Multiple Blockchains,Michael Kong CEO Fantom Foundation Believes In The Success Of Multiple Blockchains,news,200,Indexable,2028,145,0,0,,,0,0,yes,delete,high,P1,no_signal
https://coincu.com/michael-saylor-accused-of-sending-btc/,"Michael Saylor Accused Of Sending Over 200,000 BTC To Exchanges In July","Michael Saylor Accused Of Sending Over 200,000 BTC To Exchanges In July",news,200,Indexable,2179,167,0,0,,,0,0,yes,delete,high,P1,no_signal
https://coincu.com/michael-saylor-arguing-bitcoins-energy/,Michael Saylor Arguing About Bitcoin's Energy Use,Michael Saylor Arguing About Bitcoin’s Energy Use,news,200,Indexable,2195,40,0,0,,,0,0,yes,delete,high,P1,no_signal
https://coincu.com/michael-saylor-bitcoin-boosts-confidence/,Michael Saylor Predicts Bitcoin Dominance Will Double As Regulatory Clarity Boosts Confidence,Michael Saylor Predicts Bitcoin Dominance Will Double As Regulatory Clarity Boosts Confidence,news,200,Indexable,2063,190,0,0,,,0,0,yes,delete,high,P1,no_signal
https://coincu.com/michael-saylor-bitcoin-demonetize-gold/,Michael Saylor: Bitcoin Is Going To Demonetize Gold Gradually,Michael Saylor: Bitcoin Is Going To Demonetize Gold Gradually,news,200,Indexable,2114,158,0,0,,,0,0,yes,delete,high,P1,no_signal
https://coincu.com/michael-saylor-bitcoin-far-ahead-gold/,Michael Saylor Asserts That Bitcoin Is Far Ahead Of Gold And Real Estate,Michael Saylor Asserts That Bitcoin Is Far Ahead Of Gold And Real Estate,news,200,Indexable,2140,327,0,0,,,0,0,yes,delete,high,P1,no_signal
https://coincu.com/michael-saylor-bitcoin-strategy-signals/,Michael Saylor Signals Another Bitcoin Purchase by Strategy,Michael Saylor Signals Another Bitcoin Purchase by Strategy,news,200,Indexable,2133,140,0,0,,,0,0,yes,delete,high,P1,no_signal
https://coincu.com/michael-saylor-bitcoin-tracker-strategy/,Michael Saylor Signals New Bitcoin Acquisition by Strategy,Michael Saylor Signals New Bitcoin Acquisition by Strategy,news,200,Indexable,2153,94,0,0,,,0,0,yes,delete,high,P1,no_signal
https://coincu.com/michael-saylor-bitcoin-tracker-update-2/,"Michael Saylor Updates Bitcoin Tracker, Strategy Expected to Announce New Acquisition","Michael Saylor Updates Bitcoin Tracker, Strategy Expected to Announce New Acquisition",news,200,Indexable,2048,106,0,0,,,0,0,yes,delete,high,P1,no_signal
https://coincu.com/michael-saylor-bullish-bitcoin/,Michael Saylor Signals Bullish Bitcoin Accumulation,Michael Saylor Signals Bullish Bitcoin Accumulation,news,200,Indexable,2132,84,0,0,,,0,0,yes,delete,high,P1,no_signal
https://coincu.com/michael-saylor-denies-btc-lightning-network/,Michael Saylor Denies Using The Bitcoin Lightning Network,Michael Saylor Denies Using The Bitcoin Lightning Network,news,200,Indexable,2433,150,0,0,,,0,0,yes,delete,high,P1,no_signal
https://coincu.com/michael-saylor-digital-assets-framework/,Michael Saylor Publishes Digital Assets Framework to Boost Crypto Market,Michael Saylor Publishes Digital Assets Framework to Boost Crypto Market,news,200,Indexable,2106,150,0,0,,,0,0,yes,delete,high,P1,no_signal
https://coincu.com/michael-saylor-forecasts-bitcoin-supremacy/,"Michael Saylor Forecasts Bitcoin Supremacy, Set to Conquer Gold's Attributes!","Michael Saylor Forecasts Bitcoin Supremacy, Set to Conquer Gold’s Attributes!",news,200,Indexable,2181,221,0,0,,,0,0,yes,delete,high,P1,no_signal
https://coincu.com/michael-saylor-leave-ceo-focus-on-bitcoin/,Michael Saylor “Leave” MicroStrategy CEO Position To Focus On Bitcoin After Q2 Report,Michael Saylor “Leave” MicroStrategy CEO Position To Focus On Bitcoin After Q2 Report,news,200,Indexable,2193,156,0,0,,,0,0,yes,delete,high,P1,no_signal
https://coincu.com/michael-saylor-lightning-network/,Michael Saylor Thinks Lightning Network Is Important,Michael Saylor Thinks Lightning Network Is Important,news,200,Indexable,2280,131,0,0,,,0,0,yes,delete,high,P1,no_signal
https://coincu.com/michael-saylor-microstrategy-bitcoin-buy/,Michael Saylor Hints at New Bitcoin Purchase for MicroStrategy,Michael Saylor Hints at New Bitcoin Purchase for MicroStrategy,news,200,Indexable,2124,92,0,0,,,0,0,yes,delete,high,P1,no_signal
https://coincu.com/michael-saylor-microstrategy-focuses-on-bitcoin/,Michael Saylor MicroStrategy Now Focuses Growth On Bitcoin,Michael Saylor MicroStrategy Now Focuses Growth On Bitcoin,news,200,Indexable,2086,139,0,0,,,0,0,yes,delete,high,P1,no_signal
https://coincu.com/michael-saylor-pushes-crypto-expansion/,Michael Saylor Pushes Crypto Growth in High-Stakes SEC Meeting,Michael Saylor Pushes Crypto Growth in High-Stakes SEC Meeting,news,200,Indexable,2424,159,0,0,,,0,0,yes,delete,high,P1,no_signal
https://coincu.com/michael-saylor-reports-btc-profit/,Michael Saylor Reports $7.2 Billion Profit from MicroStrategy's BTC Yield,Michael Saylor Reports $7.2 Billion Profit from MicroStrategy’s BTC Yield,news,200,Indexable,2140,121,0,0,,,0,0,yes,delete,high,P1,no_signal
https://coincu.com/michael-saylor-reveals-bitcoins-true-value/,Michael Saylor Reveals Bitcoin's True Value Despite Record Inflation,Michael Saylor Reveals Bitcoin’s True Value Despite Record Inflation,news,200,Indexable,2175,148,0,0,,,0,0,yes,delete,high,P1,no_signal
https://coincu.com/michael-saylor-strategy-bitcoin-annual-return-2-05-infinite-cycle/,Michael Saylor: Strategy's 2.05% Bitcoin Return Can Create 'Infinite Cycle',Michael Saylor: Strategy’s 2.05% Bitcoin Return Can Create ‘Infinite Cycle’,news,200,Indexable,3053,151,0,0,,,0,0,yes,delete,high,P1,no_signal
https://coincu.com/michael-saylor-strategy-bitcoin-return-5-6-ytd/,Michael Saylor Says Strategy's Bitcoin Return Hit 5.6% YTD,Michael Saylor Says Strategy’s Bitcoin Return Hit 5.6% YTD,news,200,Indexable,2769,150,0,0,,,0,0,yes,delete,high,P1,no_signal
https://coincu.com/michael-saylor-strategy-msci-index/,Michael Saylor Defends Strategy Amid Potential Index Exclusion,Michael Saylor Defends Strategy Amid Potential Index Exclusion,news,200,Indexable,2095,109,0,0,,,0,0,yes,delete,high,P1,no_signal
https://coincu.com/michael-saylor-teases-bitcoin-rally/,Michael Saylor Teases Bitcoin Rally With Orange Dot Post,Michael Saylor Teases Bitcoin Rally With Orange Dot Post,news,200,Indexable,2193,139,0,0,,,0,0,yes,delete,high,P1,no_signal
https://coincu.com/michael-saylor-updated-bitcoin-tracker-accumulation-data-next-week/,"Michael Saylor Shares Updated Bitcoin Tracker, Hints at More Accumulation Data Next Week","Michael Saylor Shares Updated Bitcoin Tracker, Hints at More Accumulation Data Next Week",news,200,Indexable,2292,176,0,0,,,0,0,yes,delete,high,P1,no_signal
https://coincu.com/michael-saylors-bitcoin-holdings-1-billion/,Michael Saylor's Bitcoin Holdings Now Surpasses $1 Billion,Michael Saylor’s Bitcoin Holdings Now Surpasses $1 Billion,news,200,Indexable,2061,87,0,0,,,0,0,yes,delete,high,P1,no_signal
https://coincu.com/michael-saylors-microstrategy-added-nasdaq-100/,Michael Saylor's MicroStrategy Is Now Added to the Nasdaq 100 Index,Michael Saylor’s MicroStrategy Is Now Added to the Nasdaq 100 Index,news,200,Indexable,2116,131,0,0,,,0,0,yes,delete,high,P1,no_signal
https://coincu.com/michael-saylors-microstrategy-boot-btc/,Michael Saylor's MicroStrategy Raises $1.01B To Boot BTC Investment,Michael Saylor’s MicroStrategy Raises $1.01B To Boot BTC Investment,news,200,Indexable,2125,131,0,0,,,0,0,yes,delete,high,P1,no_signal
https://coincu.com/michael-saylors-strategy-bets-bigger-on-bitcoin/,Michael Saylor's Strategy Bets Bigger on Bitcoin with Bold New Funding,Michael Saylor’s Strategy Bets Bigger on Bitcoin with Bold New Funding,news,200,Indexable,2382,127,0,0,,,0,0,yes,delete,high,P1,no_signal
https://coincu.com/michael-saylors-strategy-embraces-bitcoin/,Michael Saylor's Strategy Embraces Bitcoin Focus Despite Massive Q4 Loss,Michael Saylor’s Strategy Embraces Bitcoin Focus Despite Massive Q4 Loss,news,200,Indexable,2165,143,0,0,,,0,0,yes,delete,high,P1,no_signal
https://coincu.com/michael-saylors-strategy-plans-21b-fundraising/,Michael Saylor's Strategy Plans $21 Billion Fundraising to Expand Bitcoin Holdings,Michael Saylor’s Strategy Plans $21 Billion Fundraising to Expand Bitcoin Holdings,news,200,Indexable,2270,121,0,0,,,0,0,yes,delete,high,P1,no_signal
https://coincu.com/michael-stollery-pleads-guilty-defrauding/,Titanium Blockchain CEO Michael Stollery Pleads Guilty To Defrauding $21 Million,Titanium Blockchain CEO Michael Stollery Pleads Guilty To Defrauding $21 Million,news,200,Indexable,2127,155,0,0,,,0,0,yes,delete,high,P1,no_signal
https://coincu.com/microbt-and-heat-core-launch-pilot/,MicroBT And Heat Core Launch Pilot To Recover Heat From Bitcoin Miners,MicroBT And Heat Core Launch Pilot To Recover Heat From Bitcoin Miners,news,200,Indexable,1989,70,0,0,,,0,0,yes,delete,high,P1,no_signal
https://coincu.com/microsoft-axes-3000-nk-spy-accounts/,"Microsoft Axes 3,000 NK Spy Accounts in Major Crackdown","Microsoft Axes 3,000 NK Spy Accounts in Major Crackdown",news,200,Indexable,2160,112,0,0,,,0,0,yes,delete,high,P1,no_signal
https://coincu.com/microsoft-bans-crypto-mining/,Microsoft Bans Crypto Mining On Its Online Services,Microsoft Bans Crypto Mining On Its Online Services,news,200,Indexable,1981,151,0,0,,,0,0,yes,delete,high,P1,no_signal
https://coincu.com/microsoft-bitcoin-investment-proposal-rejected/,Microsoft Bitcoin Investment Proposal Rejected by Shareholders,Microsoft Bitcoin Investment Proposal Rejected by Shareholders,news,200,Indexable,2115,124,0,0,,,0,0,yes,delete,high,P1,no_signal
https://coincu.com/microsoft-goldman-sachs-team-up/,"Microsoft, Goldman Sachs, Others Team Up To Expand New Blockchain Network","Microsoft, Goldman Sachs, Others Team Up To Expand New Blockchain Network",news,200,Indexable,2157,166,0,0,,,0,0,yes,delete,high,P1,no_signal
https://coincu.com/microsoft-invested-in-wemade/,Microsoft Invested In Wemade In A $46 Million Funding Round,Microsoft Invested In Wemade In A $46 Million Funding Round,news,200,Indexable,1996,149,0,0,,,0,0,yes,delete,high,P1,no_signal
https://coincu.com/microsoft-openai-azure-agreement/,Microsoft Amplifies OpenAI Partnership with $250 Billion Azure Deal,Microsoft Amplifies OpenAI Partnership with $250 Billion Azure Deal,news,200,Indexable,2006,88,0,0,,,0,0,yes,delete,high,P1,no_signal
https://coincu.com/microsoft-rejects-bitcoin-investment-proposal/,Microsoft Board Rejects Bitcoin Investment Proposal Ahead of December Shareholder Meeting,Microsoft Board Rejects Bitcoin Investment Proposal Ahead of December Shareholder Meeting,news,200,Indexable,2164,85,0,0,,,0,0,yes,delete,high,P1,no_signal
https://coincu.com/microsoft-security-detected-hackers/,Microsoft Security Detected Hackers Targeting Cryptocurrency Company,Microsoft Security Detected Hackers Targeting Cryptocurrency Company,news,200,Indexable,2066,123,0,0,,,0,0,yes,delete,high,P1,no_signal
https://coincu.com/microstrategy-10-for-1-stock-split-accessible/,MicroStrategy 10-for-1 Stock Split: Making Shares More Accessible,MicroStrategy 10-for-1 Stock Split: Making Shares More Accessible,news,200,Indexable,2049,160,0,0,,,0,0,yes,delete,high,P1,no_signal
https://coincu.com/microstrategy-1045-bitcoin-for-29-3-million/,"MicroStrategy Purchases An Additional 1,045 Bitcoin For $29.3 Million","MicroStrategy Purchases An Additional 1,045 Bitcoin For $29.3 Million",news,200,Indexable,2149,154,0,0,,,0,0,yes,delete,high,P1,no_signal
https://coincu.com/microstrategy-acquires-402100-btc/,"MicroStrategy Acquires 402,100 BTC with $1.5 Billion Investment at $95,976","MicroStrategy Acquires 402,100 BTC with $1.5 Billion Investment at $95,976",news,200,Indexable,2094,79,0,0,,,0,0,yes,delete,high,P1,no_signal
https://coincu.com/microstrategy-bitcoin-acquisition-continues-2/,"Microstrategy Bitcoin Acquisition Continues to Be Boosted With 3,000 New Bitcoins","Microstrategy Bitcoin Acquisition Continues to Be Boosted With 3,000 New Bitcoins",news,200,Indexable,2111,128,0,0,,,0,0,yes,delete,high,P1,no_signal
https://coincu.com/microstrategy-bitcoin-acquisition-continues/,MicroStrategy Bitcoin Acquisition Continues To Strengthen With 850 New BTC,MicroStrategy Bitcoin Acquisition Continues To Strengthen With 850 New BTC,news,200,Indexable,2103,128,0,0,,,0,0,yes,delete,high,P1,no_signal
https://coincu.com/microstrategy-bitcoin-acquisition-of-15350-btc/,"MicroStrategy Bitcoin Acquisition of 15,350 BTC Nets 46.4% QTD Yield","MicroStrategy Bitcoin Acquisition of 15,350 BTC Nets 46.4% QTD Yield",news,200,Indexable,2137,189,0,0,,,0,0,yes,delete,high,P1,no_signal
https://coincu.com/microstrategy-bitcoin-acquisition-reaches-331200/,"MicroStrategy Bitcoin Acquisition Reaches 331,200 BTC Worth $16.5B","MicroStrategy Bitcoin Acquisition Reaches 331,200 BTC Worth $16.5B",news,200,Indexable,2074,152,0,0,,,0,0,yes,delete,high,P1,no_signal
https://coincu.com/microstrategy-bitcoin-holding-reaches-1-supply/,MicroStrategy Bitcoin Holding Now Reaches 1% Of Total Bitcoin Supply,MicroStrategy Bitcoin Holding Now Reaches 1% Of Total Bitcoin Supply,news,200,Indexable,2123,136,0,0,,,0,0,yes,delete,high,P1,no_signal
https://coincu.com/microstrategy-bitcoin-holding-surpasses-country/,"MicroStrategy Bitcoin Holding Now Surpasses Every Country With 214,400 BTC","MicroStrategy Bitcoin Holding Now Surpasses Every Country With 214,400 BTC",news,200,Indexable,2126,99,0,0,,,0,0,yes,delete,high,P1,no_signal
https://coincu.com/microstrategy-bitcoin-holdings-2/,Microstrategy Bitcoin Holdings Are Now Worth $10 Billion,Microstrategy Bitcoin Holdings Are Now Worth $10 Billion,news,200,Indexable,2076,150,0,0,,,0,0,yes,delete,high,P1,no_signal
https://coincu.com/microstrategy-bitcoin-holdings-exceed-nikes/,MicroStrategy Bitcoin Holdings Exceed Nike's Cash Reserve,MicroStrategy Bitcoin Holdings Exceed Nike’s Cash Reserve,news,200,Indexable,2085,157,0,0,,,0,0,yes,delete,high,P1,no_signal
https://coincu.com/microstrategy-bitcoin-holdings-hits-205000/,"MicroStrategy Bitcoin Holdings Now Hits 205,000 BTC With Latest Purchase","MicroStrategy Bitcoin Holdings Now Hits 205,000 BTC With Latest Purchase",news,200,Indexable,2100,129,0,0,,,0,0,yes,delete,high,P1,no_signal
https://coincu.com/microstrategy-bitcoin-holdings-only-half/,MicroStrategy Bitcoin Holdings Is Now Only 1/2 Of BlackRock And Fidelity's,MicroStrategy Bitcoin Holdings Is Now Only 1/2 Of BlackRock And Fidelity’s,news,200,Indexable,2082,121,0,0,,,0,0,yes,delete,high,P1,no_signal
https://coincu.com/microstrategy-bitcoin-holdings-soared-in-q1/,MicroStrategy Bitcoin Holdings Soared In Q1 Despite A Revenue Slump,MicroStrategy Bitcoin Holdings Soared In Q1 Despite A Revenue Slump,news,200,Indexable,2094,125,0,0,,,0,0,yes,delete,high,P1,no_signal
https://coincu.com/microstrategy-bitcoin-holdings-surge-563m/,MicroStrategy Bitcoin Holdings Surge $563M for Future Gains,MicroStrategy Bitcoin Holdings Surge $563M for Future Gains,news,200,Indexable,2170,201,0,0,,,0,0,yes,delete,high,P1,no_signal
https://coincu.com/microstrategy-bitcoin-holdings-top/,MicroStrategy Bitcoin Holdings Tops List of Companies With Over $13.5 Billion of Reverse,MicroStrategy Bitcoin Holdings Tops List of Companies With Over $13.5 Billion of Reverse,news,200,Indexable,2135,158,0,0,,,0,0,yes,delete,high,P1,no_signal
https://coincu.com/microstrategy-bitcoin-holdings/,MicroStrategy Bitcoin Holdings Are Now Overtaken By Spot Bitcoin ETFs,MicroStrategy Bitcoin Holdings Are Now Overtaken By Spot Bitcoin ETFs,news,200,Indexable,2083,95,0,0,,,0,0,yes,delete,high,P1,no_signal
https://coincu.com/microstrategy-bitcoin-investment-2/,MicroStrategy Bitcoin Investment Continues to Add Nearly $800 Million,MicroStrategy Bitcoin Investment Continues to Add Nearly $800 Million,news,200,Indexable,2112,160,0,0,,,0,0,yes,delete,high,P1,no_signal
https://coincu.com/microstrategy-bitcoin-investment-3/,"MicroStrategy Bitcoin Investment Continues to Boost With 27,200 BTC Added","MicroStrategy Bitcoin Investment Continues to Boost With 27,200 BTC Added",news,200,Indexable,2089,94,0,0,,,0,0,yes,delete,high,P1,no_signal
https://coincu.com/microstrategy-bitcoin-investment-4-7b/,MicroStrategy Bitcoin Investment Reaches $4.7 Billion Unrealized Profit,MicroStrategy Bitcoin Investment Reaches $4.7 Billion Unrealized Profit,news,200,Indexable,2122,167,0,0,,,0,0,yes,delete,high,P1,no_signal
https://coincu.com/microstrategy-bitcoin-investment-continues-2/,"MicroStrategy Bitcoin Investment Continues As The Price Nears $100,000","MicroStrategy Bitcoin Investment Continues As The Price Nears $100,000",news,200,Indexable,2097,156,0,0,,,0,0,yes,delete,high,P1,no_signal
https://coincu.com/microstrategy-bitcoin-investment-continues-3/,MicroStrategy Bitcoin Investment Continues As 2024 Draws to a Close,MicroStrategy Bitcoin Investment Continues As 2024 Draws to a Close,news,200,Indexable,2140,162,0,0,,,0,0,yes,delete,high,P1,no_signal
https://coincu.com/microstrategy-bitcoin-investment-continues-5/,MicroStrategy Bitcoin Investment Continues Up for 10th Consecutive Week,MicroStrategy Bitcoin Investment Continues Up for 10th Consecutive Week,news,200,Indexable,2064,98,0,0,,,0,0,yes,delete,high,P1,no_signal
https://coincu.com/microstrategy-bitcoin-investment-continues/,"MicroStrategy Bitcoin Investment Continues to Boost With 7,420 BTC","MicroStrategy Bitcoin Investment Continues to Boost With 7,420 BTC",news,200,Indexable,2071,106,0,0,,,0,0,yes,delete,high,P1,no_signal
https://coincu.com/microstrategy-bitcoin-investment-ends/,MicroStrategy Bitcoin Investment Ends 12-Week Winning Streak,MicroStrategy Bitcoin Investment Ends 12-Week Winning Streak,news,200,Indexable,2128,118,0,0,,,0,0,yes,delete,high,P1,no_signal
https://coincu.com/microstrategy-bitcoin-investment-hits-2-3b/,MicroStrategy Bitcoin investment Hits $2.3B profit,Michael Saylor’s MicroStrategy Bitcoin investment Hits $2.3B profit,news,200,Indexable,1983,130,0,0,,,0,0,yes,delete,high,P1,no_signal
https://coincu.com/microstrategy-bitcoin-investment-in-2024/,MicroStrategy Bitcoin Investment Surpasses $22 Billion Mark In 2024,MicroStrategy Bitcoin Investment Surpasses $22 Billion Mark In 2024,news,200,Indexable,2059,111,0,0,,,0,0,yes,delete,high,P1,no_signal
https://coincu.com/microstrategy-bitcoin-investment-will-be-boosted/,MicroStrategy Bitcoin Investment Will Be Boosted With $2 Billion Share Offering Plan,MicroStrategy Bitcoin Investment Will Be Boosted With $2 Billion Share Offering Plan,news,200,Indexable,2121,117,0,0,,,0,0,yes,delete,high,P1,no_signal
https://coincu.com/microstrategy-bitcoin-investment-yields/,MicroStrategy Bitcoin Investment Yields Over 38% in November,MicroStrategy Bitcoin Investment Yields Over 38% in November,news,200,Indexable,2098,112,0,0,,,0,0,yes,delete,high,P1,no_signal
https://coincu.com/microstrategy-bitcoin-investment/,MicroStrategy Bitcoin Investment Is Now At A $3.5 Billion Unrealized Profit,MicroStrategy Bitcoin Investment Is Now At A $3.5 Billion Unrealized Profit,news,200,Indexable,2084,142,0,0,,,0,0,yes,delete,high,P1,no_signal
https://coincu.com/microstrategy-bitcoin-investments-boosted/,MicroStrategy Bitcoin Investments Boosted with $1.11 Billion Purchase,MicroStrategy Bitcoin Investments Boosted with $1.11 Billion Purchase,news,200,Indexable,2142,167,0,0,,,0,0,yes,delete,high,P1,no_signal
https://coincu.com/microstrategy-bitcoin-investments-profit/,MicroStrategy Bitcoin Investments Helps Company Reach $6.33 Billion in Profit,MicroStrategy Bitcoin Investments Helps Company Reach $6.33 Billion in Profit,news,200,Indexable,2068,94,0,0,,,0,0,yes,delete,high,P1,no_signal
https://coincu.com/microstrategy-bitcoin-lightning/,MicroStrategy Will Breakthrough With Bitcoin Lightning Solutions In 2023,MicroStrategy Will Breakthrough With Bitcoin Lightning Solutions In 2023,news,200,Indexable,2227,154,0,0,,,0,0,yes,delete,high,P1,no_signal
https://coincu.com/microstrategy-bitcoin-profit-soar-to-614-million/,MicroStrategy Bitcoin Profit Soars To $614 Million,MicroStrategy Bitcoin Profit Soars To $614 Million,news,200,Indexable,2088,148,0,0,,,0,0,yes,delete,high,P1,no_signal
https://coincu.com/microstrategy-bitcoin-purchase-expands/,MicroStrategy Bitcoin Purchase Expands Again With $2.1 Billion,MicroStrategy Bitcoin Purchase Expands Again With $2.1 Billion,news,200,Indexable,2063,96,0,0,,,0,0,yes,delete,high,P1,no_signal
https://coincu.com/microstrategy-bitcoin-purchase-surpasses-4b/,MicroStrategy Bitcoin Purchase: Surpasses $4.68 Billion Investment Mark,MicroStrategy Bitcoin Purchase: Surpasses $4.68 Billion Investment Mark,news,200,Indexable,2068,140,0,0,,,0,0,yes,delete,high,P1,no_signal
https://coincu.com/microstrategy-bitcoin-reserve-strategy/,MicroStrategy's Bold Strategy: Analysts Question Bitcoin Reserve Approach,MicroStrategy’s Bold Strategy: Analysts Question Bitcoin Reserve Approach,news,200,Indexable,2083,147,0,0,,,0,0,yes,delete,high,P1,no_signal
https://coincu.com/microstrategy-bitcoin-unchanged-at-499k-btc/,MicroStrategy Bitcoin Holdings Stay Flat at 499K BTC,MicroStrategy Bitcoin Holdings Stay Flat at 499K BTC,news,200,Indexable,2253,243,0,0,,,0,0,yes,delete,high,P1,no_signal
https://coincu.com/microstrategy-bitcoin-worth-11-8-million/,MicroStrategy Sold Bitcoin Worth $11.8 Million For Tax Purposes,MicroStrategy Sold Bitcoin Worth $11.8 Million For Tax Purposes,news,200,Indexable,2188,222,0,0,,,0,0,yes,delete,high,P1,no_signal
https://coincu.com/microstrategy-buys-more-bitcoin-8-b-holdings/,"MicroStrategy Buys More Bitcoin, Surpasses $8 Billion Holdings","MicroStrategy Buys More Bitcoin, Surpasses $8 Billion Holdings",news,200,Indexable,2059,131,0,0,,,0,0,yes,delete,high,P1,no_signal
https://coincu.com/microstrategy-convertible-notes-2-6/,MicroStrategy Convertible Notes Continues Boosted to Raise $2.6B,MicroStrategy Convertible Notes Continues Boosted to Raise $2.6B,news,200,Indexable,2100,142,0,0,,,0,0,yes,delete,high,P1,no_signal
https://coincu.com/microstrategy-convertible-notes-added-100m/,MicroStrategy Convertible Notes Added $100 Million for Bitcoin Investment,MicroStrategy Convertible Notes Added $100 Million for Bitcoin Investment,news,200,Indexable,2104,94,0,0,,,0,0,yes,delete,high,P1,no_signal
https://coincu.com/microstrategy-convertible-notes-continue-offered/,MicroStrategy Convertible Notes Worth $500M Continue To Be Offered,MicroStrategy Convertible Notes Worth $500M Continue To Be Offered,news,200,Indexable,2094,119,0,0,,,0,0,yes,delete,high,P1,no_signal
https://coincu.com/microstrategy-convertible-notes-now-out-of-stock/,MicroStrategy Convertible Notes Now Out of Stock With $3B Raised,MicroStrategy Convertible Notes Now Out of Stock With $3B Raised,news,200,Indexable,2082,138,0,0,,,0,0,yes,delete,high,P1,no_signal
https://coincu.com/microstrategy-convertible-notes/,MicroStrategy Convertible Notes Worth $600M Offered For Bitcoin Investment,MicroStrategy Convertible Notes Worth $600M Offered For Bitcoin Investment,news,200,Indexable,2126,98,0,0,,,0,0,yes,delete,high,P1,no_signal
https://coincu.com/microstrategy-convertible-senior-notes/,MicroStrategy Convertible Senior Notes Worth $700 Million Offered at 2.25% Interest,MicroStrategy Convertible Senior Notes Worth $700 Million Offered at 2.25% Interest,news,200,Indexable,2099,94,0,0,,,0,0,yes,delete,high,P1,no_signal
https://coincu.com/microstrategy-could-buy-more-bitcoin/,MicroStrategy Could Sell Up To $500 Million In Stock To Buy More Bitcoin,MicroStrategy Could Sell Up To $500 Million In Stock To Buy More Bitcoin,news,200,Indexable,2061,131,0,0,,,0,0,yes,delete,high,P1,no_signal
https://coincu.com/microstrategy-decentralized-id-platform/,New MicroStrategy Decentralized ID Platform Launched With Bitcoin Blockchain Integration,New MicroStrategy Decentralized ID Platform Launched With Bitcoin Blockchain Integration,news,200,Indexable,2075,147,0,0,,,0,0,yes,delete,high,P1,no_signal
https://coincu.com/microstrategy-double-if-invest-ethereum/,MicroStrategy Will Double Profit If Invest In Ethereum Instead Of Bitcoin,MicroStrategy Will Double Profit If Invest In Ethereum Instead Of Bitcoin,news,200,Indexable,2010,152,0,0,,,0,0,yes,delete,high,P1,no_signal
https://coincu.com/microstrategy-executive-chairman-bitcoin/,MicroStrategy Executive Chairman Optimistic Bitcoin Could Hit $280T Market Cap in 2045,MicroStrategy Executive Chairman Optimistic Bitcoin Could Hit $280T Market Cap in 2045,news,200,Indexable,2091,110,0,0,,,0,0,yes,delete,high,P1,no_signal
https://coincu.com/microstrategy-executive-stock-sale-discrepancy/,MicroStrategy Executive's Reported Stock Sale Discrepancy Uncovered,MicroStrategy Executive’s Reported Stock Sale Discrepancy Uncovered,news,200,Indexable,2088,174,0,0,,,0,0,yes,delete,high,P1,no_signal
https://coincu.com/microstrategy-expands-convertible-loan-offering/,"MicroStrategy Expands Convertible Loan Offering, Amplifying Investment Opportunities!","MicroStrategy Expands Convertible Loan Offering, Amplifying Investment Opportunities!",news,200,Indexable,2124,123,0,0,,,0,0,yes,delete,high,P1,no_signal
https://coincu.com/microstrategy-extends-bitcoin-9th-week/,MicroStrategy Extends Bitcoin Buying for 9th Continuous Week,MicroStrategy Extends Bitcoin Buying for 9th Continuous Week,news,200,Indexable,2184,141,0,0,,,0,0,yes,delete,high,P1,no_signal
https://coincu.com/microstrategy-founder-michael-saylor-criticized/,MicroStrategy Founder Michael Saylor Criticized For Controversial Proposal,MicroStrategy Founder Michael Saylor Criticized For Controversial Proposal,news,200,Indexable,2123,145,0,0,,,0,0,yes,delete,high,P1,no_signal
https://coincu.com/microstrategy-founder-michael-saylor-profits/,MicroStrategy Founder Michael Saylor Profits $370 Million Selling Company Stock,MicroStrategy Founder Michael Saylor Profits $370 Million Selling Company Stock,news,200,Indexable,2101,133,0,0,,,0,0,yes,delete,high,P1,no_signal
https://coincu.com/microstrategy-has-raised-46-6m/,MicroStrategy Has Raised $46.6M From Share Sales Since September,MicroStrategy Has Raised $46.6M From Share Sales Since September,news,200,Indexable,2168,261,0,0,,,0,0,yes,delete,high,P1,no_signal
https://coincu.com/microstrategy-holds-over-138000-bitcoins/,"MicroStrategy Holds Over 138,000 Bitcoins With $4.14 Billion Purchase Value","MicroStrategy Holds Over 138,000 Bitcoins With $4.14 Billion Purchase Value",news,200,Indexable,2126,142,0,0,,,0,0,yes,delete,high,P1,no_signal
https://coincu.com/microstrategy-is-experimenting-with-bitcoin/,MicroStrategy Is Experimenting With Bitcoin And Building SaaS Platform Using The Lightning Network,MicroStrategy Is Experimenting With Bitcoin And Building SaaS Platform Using The Lightning Network,news,200,Indexable,2114,121,0,0,,,0,0,yes,delete,high,P1,no_signal
https://coincu.com/microstrategy-just-bought-301-more-bitcoins/,MicroStrategy Just Bought 301 More Bitcoins Worth About $6 Million,MicroStrategy Just Bought 301 More Bitcoins Worth About $6 Million,news,200,Indexable,2130,66,0,0,,,0,0,yes,delete,high,P1,no_signal
https://coincu.com/microstrategy-lightning-addresses-emails/,MicroStrategy Now Adopts Bitcoin Lightning Addresses For All Company Emails,MicroStrategy Now Adopts Bitcoin Lightning Addresses For All Company Emails,news,200,Indexable,1929,248,0,0,,,0,0,yes,delete,high,P1,no_signal
https://coincu.com/microstrategy-marathon-surge-10-growth-strategy/,"MicroStrategy, Marathon Surge with Revealing 10% Growth Strategy!","MicroStrategy, Marathon Surge with Revealing 10% Growth Strategy!",news,200,Indexable,2131,176,0,0,,,0,0,yes,delete,high,P1,no_signal
https://coincu.com/microstrategy-now-holds-4-6-billion-btc/,"MicroStrategy Now Holds $4.6 Billion In Bitcoin After Buying Another 12,333 BTC","MicroStrategy Now Holds $4.6 Billion In Bitcoin After Buying Another 12,333 BTC",news,200,Indexable,2197,152,0,0,,,0,0,yes,delete,high,P1,no_signal
https://coincu.com/microstrategy-preferred-stock-offered/,MicroStrategy Preferred Stock Offered to Raise $2 Billion for Bitcoin Investment,MicroStrategy Preferred Stock Offered to Raise $2 Billion for Bitcoin Investment,news,200,Indexable,2119,109,0,0,,,0,0,yes,delete,high,P1,no_signal
https://coincu.com/microstrategy-private-offering-500m-for-bitcoin/,MicroStrategy Private Offering To Raise $500M For Bitcoin Acquisition,MicroStrategy Private Offering To Raise $500M For Bitcoin Acquisition,news,200,Indexable,2131,181,0,0,,,0,0,yes,delete,high,P1,no_signal
https://coincu.com/microstrategy-reported-125-4-million/,MicroStrategy Reported $125.4 Million In Revenue For The Third Quarter,MicroStrategy Reported $125.4 Million In Revenue For The Third Quarter,news,200,Indexable,2055,223,0,0,,,0,0,yes,delete,high,P1,no_signal
https://coincu.com/microstrategy-research-ordinals-protocol/,MicroStrategy Research Ordinals Protocol And Evaluate Potential Applications,MicroStrategy Research Ordinals Protocol And Evaluate Potential Applications,news,200,Indexable,2093,169,0,0,,,0,0,yes,delete,high,P1,no_signal
https://coincu.com/microstrategy-saylor-sued-tax-fraud/,"MicroStrategy, Michael Saylor Sued For Tax Fraud","MicroStrategy, Michael Saylor Sued For Tax Fraud",news,200,Indexable,2063,157,0,0,,,0,0,yes,delete,high,P1,no_signal
https://coincu.com/microstrategy-secures-16130-bitcoins/,"MicroStrategy Secures 16,130 Bitcoins, Invests Hefty $593.3 Million","MicroStrategy Secures 16,130 Bitcoins, Invests Hefty $593.3 Million",news,200,Indexable,2086,170,0,0,,,0,0,yes,delete,high,P1,no_signal
https://coincu.com/microstrategy-sells-750m-stock-invest-bitcoin/,MicroStrategy Sells $750 Million In Stock To Increase Investments In Bitcoin,MicroStrategy Sells $750 Million In Stock To Increase Investments In Bitcoin,news,200,Indexable,2136,123,0,0,,,0,0,yes,delete,high,P1,no_signal
https://coincu.com/microstrategy-shareholder-vote-on-key-proposals/,"MicroStrategy Shareholder Vote on Key Proposals, Including 21/21 Plan","MicroStrategy Shareholder Vote on Key Proposals, Including 21/21 Plan",news,200,Indexable,2165,90,0,0,,,0,0,yes,delete,high,P1,no_signal
https://coincu.com/microstrategy-shareholders-9850-btc-profit/,"MicroStrategy Shareholders Celebrate Stunning 9,850 BTC Profit Boost Last Week","MicroStrategy Shareholders Celebrate Stunning 9,850 BTC Profit Boost Last Week",news,200,Indexable,2110,103,0,0,,,0,0,yes,delete,high,P1,no_signal
https://coincu.com/microstrategy-shares-surge-as-fidelity/,MicroStrategy Shares Surge as Fidelity Makes Massive $247M Investment,MicroStrategy Shares Surge as Fidelity Makes Massive $247M Investment,news,200,Indexable,2175,137,0,0,,,0,0,yes,delete,high,P1,no_signal
https://coincu.com/microstrategy-shares-worth-4-17b-ready-for-sale/,MicroStrategy Shares Worth $4.17B Ready for Sale,MicroStrategy Shares Worth $4.17B Ready for Sale,news,200,Indexable,2053,121,0,0,,,0,0,yes,delete,high,P1,no_signal
https://coincu.com/microstrategy-shares-worth-will-be-sold/,MicroStrategy Shares Worth $216 Million Will Be Sold By Michael Saylor By April This Year,MicroStrategy Shares Worth $216 Million Will Be Sold By Michael Saylor By April This Year,news,200,Indexable,2104,162,0,0,,,0,0,yes,delete,high,P1,no_signal
https://coincu.com/microstrategy-short-traders-lose-1-92-billion/,MicroStrategy Short Traders Lose $1.92 Billion Since March!,MicroStrategy Short Traders Lose $1.92 Billion Since March!,news,200,Indexable,2182,173,0,0,,,0,0,yes,delete,high,P1,no_signal
https://coincu.com/microstrategy-snp-500-rejection/,MicroStrategy Denied S&P 500 Inclusion Despite Eligibility,MicroStrategy Denied S&P 500 Inclusion Despite Eligibility,news,200,Indexable,2125,114,0,0,,,0,0,yes,delete,high,P1,no_signal
https://coincu.com/microstrategy-sp500-inclusion-bitcoin-strategy/,MicroStrategy Eyes S&P 500 Entry Amid Bitcoin Focus,MicroStrategy Eyes S&P 500 Entry Amid Bitcoin Focus,news,200,Indexable,2188,96,0,0,,,0,0,yes,delete,high,P1,no_signal
https://coincu.com/microstrategy-supports-the-fasb/,MicroStrategy Supports The FASB To Back Fair Value Accounting For Bitcoin,MicroStrategy Supports The FASB To Back Fair Value Accounting For Bitcoin,news,200,Indexable,2133,143,0,0,,,0,0,yes,delete,high,P1,no_signal
https://coincu.com/microstrategy-tax-evasion-settlement/,MicroStrategy Tax Evasion Settlement Finalized With $40 Million Fine,MicroStrategy Tax Evasion Settlement Finalized With $40 Million Fine,news,200,Indexable,2149,143,0,0,,,0,0,yes,delete,high,P1,no_signal
https://coincu.com/microstrategy-x-account-hacked-phishing-scam/,"MicroStrategy X Account Hacked, $500k Stolen In Phishing Scam","MicroStrategy X Account Hacked, $500k Stolen In Phishing Scam",news,200,Indexable,2068,114,0,0,,,0,0,yes,delete,high,P1,no_signal
https://coincu.com/microstrategys-bitcoin-strategy-boost-stock/,MicroStrategy’s Bitcoin Strategy Could Boost Stock by 64%: Analysts,MicroStrategy’s Bitcoin Strategy Could Boost Stock by 64%: Analysts,news,200,Indexable,2013,141,0,0,,,0,0,yes,delete,high,P1,no_signal
https://coincu.com/microstrategys-bitcoin-treasury-strategy/,Smaller Firms Reap Huge Gains Following MicroStrategy’s Bitcoin Treasury Strategy,Smaller Firms Reap Huge Gains Following MicroStrategy’s Bitcoin Treasury Strategy,news,200,Indexable,2161,130,0,0,,,0,0,yes,delete,high,P1,no_signal
https://coincu.com/microstrategys-investment-2-65b-michael-saylor/,MicroStrategy's Investment Nets $2.65B Unrealized Gains for Michael Saylor!,MicroStrategy’s Investment Nets $2.65B Unrealized Gains for Michael Saylor!,news,200,Indexable,2101,109,0,0,,,0,0,yes,delete,high,P1,no_signal
https://coincu.com/microstrategys-michael-saylor-expects-bitcoin/,MicroStrategy's Michael Saylor Expects Bitcoin to Soar to $13 Million by 2045,MicroStrategy’s Michael Saylor Expects Bitcoin to Soar to $13 Million by 2045,news,200,Indexable,2077,89,0,0,,,0,0,yes,delete,high,P1,no_signal
https://coincu.com/microstrategys-saylor-bitcoin-integration/,MicroStrategy's Saylor Pioneers Bitcoin Integration Into Corporate Email,MicroStrategy’s Saylor Pioneers Bitcoin Integration Into Corporate Email,news,200,Indexable,2120,166,0,0,,,0,0,yes,delete,high,P1,no_signal
https://coincu.com/middle-east-conflict-create-bitcoin-buying/,Middle East Conflict Could Create Good Bitcoin Buying Opportunity,Middle East Conflict Could Create Good Bitcoin Buying Opportunity,news,200,Indexable,2161,135,0,0,,,0,0,yes,delete,high,P1,no_signal
https://coincu.com/middle-east-crypto-regulatory-clarity/,Middle East crypto regulatory clarity is driving growth,Middle East crypto regulatory clarity is driving in the industry,news,200,Indexable,2011,140,0,0,,,0,0,yes,delete,high,P1,no_signal
https://coincu.com/middle-east-tension-causes-panic/,Middle East Tension Causes Panic in the Markets in the Short Term,Middle East Tension Causes Panic in the Markets in the Short Term,news,200,Indexable,2079,137,0,0,,,0,0,yes,delete,high,P1,no_signal
https://coincu.com/mihailo-bjelic-leaves-polygon-role/,Polygon Co-Founder Mihailo Bjelic Steps Down From Role,Polygon Co-Founder Mihailo Bjelic Steps Down From Role,news,200,Indexable,2089,99,0,0,,,0,0,yes,delete,high,P1,no_signal
https://coincu.com/mike-collins-velo-purchase-revealed-crypto/,Mike Collins VELO Purchase Revealed Amid Crypto Crisis,Mike Collins VELO Purchase Revealed Amid Crypto Crisis,news,200,Indexable,2093,207,0,0,,,0,0,yes,delete,high,P1,no_signal
https://coincu.com/mike-mcglone-bitcoin-can-beat-commodities/,Bloomberg's Mike McGlone Believes That Bitcoin Can Beat Commodities For The Next 10 Years,Bloomberg’s Mike McGlone Believes That Bitcoin Can Beat Commodities For The Next 10 Years,news,200,Indexable,2052,158,0,0,,,0,0,yes,delete,high,P1,no_signal
https://coincu.com/mike-novogratz-crypto-surge-after-trump-win/,Mike Novogratz Predicts Crypto Surge After Trump Win,Mike Novogratz Predicts Crypto Surge After Trump Win,news,200,Indexable,2076,119,0,0,,,0,0,yes,delete,high,P1,no_signal
https://coincu.com/mike-novogratz-on-cryptocurrency-prices/,"Mike Novogratz on Cryptocurrency Prices: ""Of Course, We Could Go Lower""","Mike Novogratz on Cryptocurrency Prices: “Of Course, We Could Go Lower”",news,200,Indexable,2171,156,0,0,,,0,0,yes,delete,high,P1,no_signal
https://coincu.com/milady-hack-causing-community-confusion/,Milady Hack Causing Community Confusion With $3 Million In Damages,Milady Hack Causing Community Confusion With $3 Million In Damages,news,200,Indexable,2068,105,0,0,,,0,0,yes,delete,high,P1,no_signal
https://coincu.com/milady-meme-coin-secures-us5-million-investment-from-dwf-labs/,Milady Meme Coin Secures US$5 Million Investment from DWF Labs,Milady Meme Coin Secures US$5 Million Investment from DWF Labs,news,200,Indexable,2026,48,0,0,,,0,0,yes,delete,high,P1,no_signal
https://coincu.com/miles-jennings-criticizes-crypto-foundation/,Miles Jennings Criticizes Crypto Foundation Model at a16z,Miles Jennings Criticizes Crypto Foundation Model at a16z,news,200,Indexable,2186,105,0,0,,,0,0,yes,delete,high,P1,no_signal
https://coincu.com/miley-cyrus-enters-the-metaverse/,Miley Cyrus Enters The Metaverse With 2 Trademark Filings,Miley Cyrus Enters The Metaverse With 2 Trademark Filings,news,200,Indexable,1945,198,0,0,,,0,0,yes,delete,high,P1,no_signal
https://coincu.com/millennium-management-bets-big-on-bitcoin-etfs/,Millennium Management Bets Big on Bitcoin ETFs as Institutional Investments Surge,Millennium Management Bets Big on Bitcoin ETFs as Institutional Investments Surge,news,200,Indexable,2195,147,0,0,,,0,0,yes,delete,high,P1,no_signal
https://coincu.com/millennium-management-bitcoin-etf/,Millennium Management Bitcoin ETF Accounts For 3% Of Its Portfolio,Millennium Management Bitcoin ETF Accounts For 3% Of Its Portfolio,news,200,Indexable,2136,122,0,0,,,0,0,yes,delete,high,P1,no_signal
https://coincu.com/mim-stablecoin-warning-depeg-due-to-ftt/,MIM Stablecoin Warning At Risk Of Depeg Due To FTT Deep Fall,MIM Stablecoin Warning At Risk Of Depeg Due To FTT Deep Fall,news,200,Indexable,1867,143,0,0,,,0,0,yes,delete,high,P1,no_signal
https://coincu.com/mimic-shhans-explains-restricting-chinese/,Mimic Shhans Creator Explains Restricting Chinese Posts,Mimic Shhans Creator Explains Restricting Chinese Posts,news,200,Indexable,1838,145,0,0,,,0,0,yes,delete,high,P1,no_signal
https://coincu.com/mina-protocol-launched-its-roadmap/,Mina Protocol Launched Its Roadmap For 2023,Mina Protocol Launched Its Roadmap For 2023,news,200,Indexable,2114,74,0,0,,,0,0,yes,delete,high,P1,no_signal
https://coincu.com/miner-extractable-value-mev/,Miner Extractable Value (MEV),Miner Extractable Value (MEV),news,200,Indexable,2126,379,0,0,,,0,0,yes,delete,high,P1,no_signal
https://coincu.com/miners-hold-btc-reserves-as-inflows-drop/,Miners Hold BTC Reserves as Inflows Drop to Cycle Lows,Miners Hold BTC Reserves as Inflows Drop to Cycle Lows,news,200,Indexable,2148,155,0,0,,,0,0,yes,delete,high,P1,no_signal
https://coincu.com/miners-move-4400-bitcoin-to-binance/,"Miners Move 4,400 Bitcoin To Binance Signals Bearish Sentiment","Miners Move 4,400 Bitcoin To Binance Signals Bearish Sentiment",news,200,Indexable,2124,141,0,0,,,0,0,yes,delete,high,P1,no_signal
https://coincu.com/mingo-secures-exclusive-54-country-ticketing-deal-on-hedera/,Mingo Secures Exclusive 54-Country Ticketing Deal on Hedera,Mingo Secures Exclusive 54-Country Ticketing Deal on Hedera,news,200,Indexable,2420,50,0,0,,,0,0,yes,delete,high,P1,no_signal
https://coincu.com/mining-companies-ppe-2024-reaches-3-6b/,Mining Companies PP&E 2024 Reaches $3.6 Billion This Year,Mining Companies PP&E 2024 Reaches $3.6 Billion This Year,news,200,Indexable,2072,155,0,0,,,0,0,yes,delete,high,P1,no_signal
https://coincu.com/mining-kol-announces-ethereum-pow/,Chinese Mining KOL Announces Ethereum PoW Fork “Coming Soon”,Chinese Mining KOL Announces Ethereum PoW Fork “Coming Soon”,news,200,Indexable,2130,157,0,0,,,0,0,yes,delete,high,P1,no_signal
https://coincu.com/mining-pools-allowing-ethw-mining/,Mining Pools Start Allowing ETHW Mining,Mining Pools Start Allowing ETHW Mining,news,200,Indexable,2006,131,0,0,,,0,0,yes,delete,high,P1,no_signal
https://coincu.com/minnesota-bitcoin-act-proposes-crypto-tax/,Minnesota Bitcoin Act Proposes Cryptocurrency Integration and Tax Incentives,Minnesota Bitcoin Act Proposes Cryptocurrency Integration and Tax Incentives,news,200,Indexable,2249,113,0,0,,,0,0,yes,delete,high,P1,no_signal
https://coincu.com/minnesota-signs-bill-banks-cryptocurrency-custody-services/,Minnesota Signs Bill Allowing Banks to Offer Crypto Custody Services,Minnesota Signs Bill Allowing Banks to Offer Crypto Custody Services,news,200,Indexable,2715,188,0,0,,,0,0,yes,delete,high,P1,no_signal
https://coincu.com/mint-blockchain-partners-optimism-foundation/,Mint Blockchain Partners with Optimism Foundation for OP Superchain Advancement!,Mint Blockchain Partners with Optimism Foundation for OP Superchain Advancement!,news,200,Indexable,2184,144,0,0,,,0,0,yes,delete,high,P1,no_signal
https://coincu.com/mint-blockchain-secures-1-35-million-to-nft/,Mint Blockchain Secures $1.35 Million to Enhance NFT Ecosystem,Mint Blockchain Secures $1.35 Million to Enhance NFT Ecosystem,news,200,Indexable,2111,116,0,0,,,0,0,yes,delete,high,P1,no_signal
https://coincu.com/mint-cash-ust-20-no-terraform-labs-investment/,Mint Cash UST 2.0 Confirmed To Have No Terraform Labs Investment,Mint Cash UST 2.0 Confirmed To Have No Terraform Labs Investment,news,200,Indexable,2088,135,0,0,,,0,0,yes,delete,high,P1,no_signal
https://coincu.com/mint-fun-adds-zora-and-optimistic-network/,mint.fun Adds Zora And Optimistic Network Support,mint.fun Adds Zora And Optimistic Network Support,news,200,Indexable,2158,120,0,0,,,0,0,yes,delete,high,P1,no_signal
https://coincu.com/minting-ordinals-inscriptions-surpass-20-m/,Minting Ordinals Inscriptions Surpass 20 Million Mark!,Minting Ordinals Inscriptions Surpass 20 Million Mark!,news,200,Indexable,2095,191,0,0,,,0,0,yes,delete,high,P1,no_signal
https://coincu.com/minutes-network-forms-strategic-relationship-with-usa-wholesale-voice-communications-aggregator-next-communications-inc/,"Minutes Network Forms Strategic Relationship with USA Wholesale Voice Communications Aggregator Next Communications, Inc.","Minutes Network Forms Strategic Relationship with USA Wholesale Voice Communications Aggregator Next Communications, Inc.",news,200,Indexable,2192,53,0,0,,,0,0,yes,delete,high,P1,no_signal
https://coincu.com/mirror-launch-subscribe-to-mint-collectors/,Mirror Launches 'Subscribe to Mint': Revolutionary Way For Creators To Engage Collectors,Mirror Launches ‘Subscribe to Mint’: Revolutionary Way For Creators To Engage Collectors,news,200,Indexable,2194,159,0,0,,,0,0,yes,delete,high,P1,no_signal
https://coincu.com/missed-cat-in-a-dogs-world-this-latest-meme-coin-adventure-has-already-raised-over-800k/,Missed Cat in a Dog's World? This Latest Meme Coin Adventure Has Already Raised Over $800K,Missed Cat in a Dog’s World? This Latest Meme Coin Adventure Has Already Raised Over $800K,news,200,Indexable,2593,123,0,0,,,0,0,yes,delete,high,P1,no_signal
https://coincu.com/missed-cosmos-qubetics-is-still-up-for-grabs-heres-why-its-the-popular-crypto-coin-to-buy/,Missed Cosmos? Qubetics is Still Up for Grabs – Here’s Why It’s the Popular Crypto Coin To Buy!,Missed Cosmos? Qubetics is Still Up for Grabs – Here’s Why It’s the Popular Crypto Coin To Buy!,news,200,Indexable,3318,172,0,0,,,0,0,yes,delete,high,P1,no_signal
https://coincu.com/missed-dogecoins-ico-heres-why-btfd-coins-stage-7-price-rollback-is-your-next-big-opportunity/,Missed Dogecoin’s ICO? Here's Why BTFD Coin’s Stage 7 Price Rollback Is Your Next Big Opportunity,Missed Dogecoin’s ICO? Here’s Why BTFD Coin’s Stage 7 Price Rollback Is Your Next Big Opportunity,news,200,Indexable,2619,140,0,0,,,0,0,yes,delete,high,P1,no_signal
https://coincu.com/missed-eos-qubetics-could-be-the-crypto-jackpot-youve-been-waiting-for/,Missed EOS? Qubetics Could Be the Crypto Jackpot You’ve Been Waiting For,Missed EOS? Qubetics Could Be the Crypto Jackpot You’ve Been Waiting For,news,200,Indexable,2390,97,0,0,,,0,0,yes,delete,high,P1,no_signal
https://coincu.com/missed-out-on-floki-inu-heres-why-this-new-penguin-is-among-the-top-new-meme-coins-for-exponential-returns/,Missed Out on Floki Inu? Here's Why This New Penguin is Among the Top New Meme Coins for Exponential Returns,Missed Out on Floki Inu? Here’s Why This New Penguin is Among the Top New Meme Coins for Exponential Returns,press_release_like,200,Indexable,3007,149,0,0,,,0,0,yes,delete,high,P1,event_pr_signal
https://coincu.com/missed-out-on-ponkes-early-success-heres-why-arctic-pablo-coin-is-your-next-big-opportunity-in-2025-to-cash-in-on-a-rising-meme-coin-star/,Missed Out on Ponke’s Early Success? Here’s Why Arctic Pablo Coin Is Your Next Big Opportunity in 2025 to Cash in on a Rising Meme Coin Star,Missed Out on Ponke’s Early Success? Here’s Why Arctic Pablo Coin Is Your Next Big Opportunity in 2025 to Cash in on a Rising Meme Coin Star,news,200,Indexable,2773,137,0,0,,,0,0,yes,delete,high,P1,no_signal
https://coincu.com/missed-out-on-popcat-arctic-pablo-coin-apc-offers-a-second-chance-at-massive-gains/,Missed Out on Popcat? Arctic Pablo Coin (APC) Offers a Second Chance at Massive Gains!,Missed Out on Popcat? Arctic Pablo Coin (APC) Offers a Second Chance at Massive Gains!,news,200,Indexable,2671,192,0,0,,,0,0,yes,delete,high,P1,no_signal
https://coincu.com/missed-out-on-popcats-ico-btfd-coins-bulls-squad-is-making-waves-in-the-meme-coin-market-dont-miss-your-chance/,Missed Out on Popcat’s ICO? BTFD Coin’s Bulls Squad Is Making Waves in the Meme Coin Market – Don’t Miss Your Chance,Missed Out on Popcat’s ICO? BTFD Coin’s Bulls Squad Is Making Waves in the Meme Coin Market – Don’t Miss Your Chance,news,200,Indexable,2524,124,0,0,,,0,0,yes,delete,high,P1,no_signal
https://coincu.com/missed-out-on-tron-qubetics-is-the-popular-crypto-coin-to-buy-before-it-explodes/,Missed the Tron Boom? Here’s the Popular Crypto Coin To Buy Before It Blows Up!,Missed the Tron Boom? Here’s the Popular Crypto Coin To Buy Before It Blows Up!,news,200,Indexable,2573,157,0,0,,,0,0,yes,delete,high,P1,no_signal
https://coincu.com/missed-out-on-xrps-glory-days-qubetics-tics-is-the-popular-crypto-coin-to-buy-grab-your-tokens-before-its-too-late/,Missed Out on XRP's Glory Days? Qubetics ($TICS) Is the Popular Crypto Coin To Buy—Grab Your Tokens Before It's Too Late!,Missed Out on XRP’s Glory Days? Qubetics ($TICS) Is the Popular Crypto Coin To Buy—Grab Your Tokens Before It’s Too Late!,news,200,Indexable,3207,171,0,0,,,0,0,yes,delete,high,P1,no_signal
https://coincu.com/missed-the-boat-with-ponke-arctic-pablo-coin-is-here-and-its-time-to-make-your-move-before-its-too-late/,"Missed the Boat with Ponke? Arctic Pablo Coin Is Here, and It’s Time to Make Your Move Before It's Too Late!","Missed the Boat with Ponke? Arctic Pablo Coin Is Here, and It’s Time to Make Your Move Before It’s Too Late!",news,200,Indexable,2929,211,0,0,,,0,0,yes,delete,high,P1,no_signal
https://coincu.com/missed-the-early-days-of-cat-in-a-dogs-world-heres-your-second-chance-with-arctic-pablo-coin-in-2025/,Missed the Early Days of Cat in a Dog’s World? Here’s Your Second Chance with Arctic Pablo Coin in 2025,Missed the Early Days of Cat in a Dog’s World? Here’s Your Second Chance with Arctic Pablo Coin in 2025,news,200,Indexable,2740,151,0,0,,,0,0,yes,delete,high,P1,no_signal
https://coincu.com/missed-the-goatseus-maximus-wave-arctic-pablo-is-one-of-the-top-new-meme-coins-for-exponential-returns/,Missed the Goatseus Maximus Wave? Arctic Pablo Is One of the Top New Meme Coins for Exponential Returns,Missed the Goatseus Maximus Wave? Arctic Pablo Is One of the Top New Meme Coins for Exponential Returns,press_release_like,200,Indexable,2502,151,0,0,,,0,0,yes,delete,high,P1,event_pr_signal
https://coincu.com/missed-the-neiro-train-ride-the-btfd-coin-wave-and-earn-big-this-week-with-an-irresistible-referral-system/,Missed the Neiro Train? Ride the BTFD Coin Wave and Earn Big This Week with an Irresistible Referral System!,Missed the Neiro Train? Ride the BTFD Coin Wave and Earn Big This Week with an Irresistible Referral System!,news,200,Indexable,2597,166,0,0,,,0,0,yes,delete,high,P1,no_signal
https://coincu.com/missing-9-billion-in-ftx-customer-funds/,FTX Customer Funds Unravels the missing of $9 billion,FTX Customer Funds Unravels the missing of $9 billion,news,200,Indexable,2071,137,0,0,,,0,0,yes,delete,high,P1,no_signal
https://coincu.com/missing-cryptoqueen-ruja-ignatova/,Missing Cryptoqueen Ruja Ignatova Wanted in US With New $5 Million Reward,Missing Cryptoqueen Ruja Ignatova Wanted in US With New $5 Million Reward,news,200,Indexable,2154,163,0,0,,,0,0,yes,delete,high,P1,no_signal
https://coincu.com/missouri-pushes-2nd-bitcoin-reserve-bill/,Missouri Pushes 2nd Bitcoin Reserve Bill to Embrace Digital Future,Missouri Pushes 2nd Bitcoin Reserve Bill to Embrace Digital Future,news,200,Indexable,2092,109,0,0,,,0,0,yes,delete,high,P1,no_signal
https://coincu.com/mithril-claims-200000-bnb-from-binance/,"Mithril Claims 200,000 BNB From Binance After Its Tokens Delisted","Mithril Claims 200,000 BNB From Binance After Its Tokens Delisted",news,200,Indexable,2091,92,0,0,,,0,0,yes,delete,high,P1,no_signal
https://coincu.com/mitsubishi-ufj-trust-bank-launch-crypto-services/,Biggest Bank In Japan Mitsubishi UFJ Trust Bank Will Launch Crypto Asset Services,Biggest Bank In Japan Mitsubishi UFJ Trust Bank Will Launch Crypto Asset Services,news,200,Indexable,2078,94,0,0,,,0,0,yes,delete,high,P1,no_signal
https://coincu.com/mixin-network-puts-20m-reward-on-200m-hack/,Mixin Network Puts $20M Reward on $200M Hack!,Mixin Network Puts $20M Reward on $200M Hack!,news,200,Indexable,2199,96,0,0,,,0,0,yes,delete,high,P1,no_signal
https://coincu.com/mms-and-bankhaus-bitcoin-mining-infrastructure/,Telekom and Bankhaus Metzler Tackle Bitcoin Mining Infrastructure With Excess Energy,Telekom and Bankhaus Metzler Tackle Bitcoin Mining Infrastructure With Excess Energy,news,200,Indexable,2217,136,0,0,,,0,0,yes,delete,high,P1,no_signal
https://coincu.com/modern-investor-summit-2023/,Modern Investor Summit 2023: Attractive Event With Strategies for Investment Triumph,Modern Investor Summit 2023: Attractive Event With Strategies for Investment Triumph,press_release_like,200,Indexable,1911,124,0,0,,,0,0,yes,delete,high,P1,event_pr_signal
https://coincu.com/modular-blockchain-celestia-raises-100m/,Modular Blockchain Celestia Raises $100M to Expand High-throughput Support,Modular Blockchain Celestia Raises $100M to Expand High-throughput Support,news,200,Indexable,2154,126,0,0,,,0,0,yes,delete,high,P1,no_signal
https://coincu.com/modulo-receive-alameda-investment-400-mill/,Modulo Receives One Of Alameda’s Largest Investments At $400 Million,Modulo Receives One Of Alameda’s Largest Investments At $400 Million,news,200,Indexable,2017,211,0,0,,,0,0,yes,delete,high,P1,no_signal
https://coincu.com/moji-adds-200000-usdc-to-eth-long-and-opens-new-btc-long-position/,"Moji Adds 200,000 USDC to ETH Long, Opens BTC Long","Moji Adds 200,000 USDC to ETH Long, Opens BTC Long",news,200,Indexable,2619,150,0,0,,,0,0,yes,delete,high,P1,no_signal
https://coincu.com/mojito-markets-pauses-protocol/,Mojito Markets Pauses Protocol Development After FTX Crisis,Mojito Markets Pauses Protocol Development After FTX Crisis,news,200,Indexable,2179,173,0,0,,,0,0,yes,delete,high,P1,no_signal
https://coincu.com/momentum-builds-for-sei-can-bulls-push/,"Momentum Builds for $SEI, Can Bulls Push It Toward $0.44?","Momentum Builds for $SEI, Can Bulls Push It Toward $0.44?",news,200,Indexable,2030,131,0,0,,,0,0,yes,delete,high,P1,no_signal
https://coincu.com/monad-labs-closes-19-million/,Monad Labs Closes $19 Million Seed Round To Create New Blockchain,Monad Labs Closes $19 Million Seed Round To Create New Blockchain,news,200,Indexable,2190,128,0,0,,,0,0,yes,delete,high,P1,no_signal
https://coincu.com/monad-testnet-begins-rolling-out-on-ethereum-l1/,Monad Testnet Begins Rolling Out On Ethereum-Compatible Layer 1,Monad Testnet Begins Rolling Out On Ethereum-Compatible Layer 1,news,200,Indexable,2064,148,0,0,,,0,0,yes,delete,high,P1,no_signal
https://coincu.com/monero-holds-strong/,"Monero Holds Strong Despite Binance, Coinbase Delistings","Monero Holds Strong Despite Binance, Coinbase Delistings",news,200,Indexable,1905,131,0,0,,,0,0,yes,delete,high,P1,no_signal
https://coincu.com/monero-implements-a-hard-fork/,Monero Implements A Hard Fork To Enhance Privacy And Security Features,Monero Implements A Hard Fork To Enhance Privacy And Security Features,news,200,Indexable,1945,154,0,0,,,0,0,yes,delete,high,P1,no_signal
https://coincu.com/monero-konferenco-event/,Monero Konferenco 2024: Advocates Gather to Advance Privacy and Financial Technologies,Monero Konferenco 2024: Advocates Gather to Advance Privacy and Financial Technologies,news,200,Indexable,1978,138,0,0,,,0,0,yes,delete,high,P1,no_signal
https://coincu.com/monetary-authority-of-singapore-mas/,Monetary Authority of Singapore (MAS),Monetary Authority of Singapore (MAS),news,200,Indexable,2290,192,0,0,,,0,0,yes,delete,high,P1,no_signal
https://coincu.com/monetary-authority-of-singapore-refutes-sandbox/,"Monetary Authority Of Singapore (MAS) Refutes ""Crypto Sandbox"" Claim, Prepares Stringent Crypto Regulations","Monetary Authority Of Singapore (MAS) Refutes “Crypto Sandbox” Claim, Prepares Stringent Crypto Regulations",news,200,Indexable,2058,146,0,0,,,0,0,yes,delete,high,P1,no_signal
https://coincu.com/moneyexpo-india-2023/,MoneyExpo India 2023: Bringing Leading Forex and Stock Companies,MoneyExpo India 2023: Bringing Leading Forex and Stock Companies,press_release_like,200,Indexable,2410,162,0,0,,,0,0,yes,delete,high,P1,event_pr_signal
https://coincu.com/moneygram-added-crypto-trading-tools/,MoneyGram Added Crypto Trading Tools To Its Mobile App,MoneyGram Added Crypto Trading Tools To Its Mobile App,news,200,Indexable,2030,315,0,0,,,0,0,yes,delete,high,P1,no_signal
https://coincu.com/moneygram-required-the-court/,MoneyGram Required The Court To Seal Parts Of Its Filings In The XRP Lawsuit,MoneyGram Required The Court To Seal Parts Of Its Filings In The XRP Lawsuit,news,200,Indexable,2160,265,0,0,,,0,0,yes,delete,high,P1,no_signal
https://coincu.com/mongolia-explores-the-integration-of-blockchain/,Mongolia Explores The Integration Of Blockchain Technology Backed By Polygon,Mongolia Explores The Integration Of Blockchain Technology Backed By Polygon,news,200,Indexable,2133,139,0,0,,,0,0,yes,delete,high,P1,no_signal
https://coincu.com/monkedao-to-buy-rights-smb/,MonkeDAO Moves Closer To Buy Rights Solana Monkey Business With $2 Million,MonkeDAO Moves Closer To Buy Rights Solana Monkey Business With $2 Million,news,200,Indexable,2023,106,0,0,,,0,0,yes,delete,high,P1,no_signal
https://coincu.com/monkey-drainer-scammers-unintentionally/,Monkey Drainer Scammers Steal $4.3M Unintentionally Unidentified During Argument,Monkey Drainer Scammers Steal $4.3M Unintentionally Unidentified During Argument,news,200,Indexable,2102,180,0,0,,,0,0,yes,delete,high,P1,no_signal
https://coincu.com/monochrome-ethereum-etf-will-launch/,Monochrome Ethereum ETF Will Launch In Australia On October 15,Monochrome Ethereum ETF Will Launch In Australia On October 15,news,200,Indexable,2117,144,0,0,,,0,0,yes,delete,high,P1,no_signal
https://coincu.com/monochrome-litecoin-etf-seeks-approval/,Monochrome Litecoin ETF Seeks Approval to Launch on Cboe Australia,Monochrome Litecoin ETF Seeks Approval to Launch on Cboe Australia,news,200,Indexable,2074,126,0,0,,,0,0,yes,delete,high,P1,no_signal
https://coincu.com/monochrome-updated-application-for-bitcoin-etf/,Monochrome Updated Groundbreaking Application For First Bitcoin ETF In Australia,Monochrome Updated Groundbreaking Application For First Bitcoin ETF In Australia,news,200,Indexable,2337,97,0,0,,,0,0,yes,delete,high,P1,no_signal
https://coincu.com/monox-finance-directed-tornado-zk-money/,Hacked Money From MonoX Finance Continues To Be Directed To Tornado And zk.money,Hacked Money From MonoX Finance Continues To Be Directed To Tornado And zk.money,news,200,Indexable,1877,259,0,0,,,0,0,yes,delete,high,P1,no_signal
https://coincu.com/monox-finances-2-1m-mined-flowing-tornado/,MonoX Finance's $2.1 Million Mined In 2021 Is Flowing Into Tornado Cash,MonoX Finance’s $2.1 Million Mined In 2021 Is Flowing Into Tornado Cash,news,200,Indexable,2055,156,0,0,,,0,0,yes,delete,high,P1,no_signal
https://coincu.com/montana-bitcoin-reserve-toward-state-approval/,Montana Bitcoin Reserve Bill Advances Toward State Approval,Montana Bitcoin Reserve Bill Advances Toward State Approval,news,200,Indexable,2163,153,0,0,,,0,0,yes,delete,high,P1,no_signal
https://coincu.com/montana-data-center-probe-puts-marathon/,Montana Data Center Probe Puts Marathon In Hot Water With SEC Over Crypto,Montana Data Center Probe Puts Marathon In Hot Water With SEC Over Crypto,news,200,Indexable,2214,167,0,0,,,0,0,yes,delete,high,P1,no_signal
https://coincu.com/montana-senate-protect-crypto-miners/,Montana Senate Approves Bill To Protect Crypto Miners,Montana Senate Approves Bill To Protect Crypto Miners,news,200,Indexable,2135,144,0,0,,,0,0,yes,delete,high,P1,no_signal
https://coincu.com/montenegrin-prime-minister-invested-luna-tokens/,"Montenegrin Prime Minister Invested in Luna Tokens, SEC Documents Reveal!","Montenegrin Prime Minister Invested in Luna Tokens, SEC Documents Reveal!",news,200,Indexable,2057,153,0,0,,,0,0,yes,delete,high,P1,no_signal
https://coincu.com/montenegro-blocks-do-kwon-to-south-korea-us/,"Montenegro Blocks Do Kwon Extradition to South Korea, US!","Montenegro Blocks Do Kwon Extradition to South Korea, US!",news,200,Indexable,2171,125,0,0,,,0,0,yes,delete,high,P1,no_signal
https://coincu.com/montenegro-extradite-fallen-tycoon-do-kwon-u-s/,Montenegro Sets Stage to Extradite Fallen Tycoon Do Kwon to U.S!,Montenegro Sets Stage to Extradite Fallen Tycoon Do Kwon to U.S!,news,200,Indexable,2145,202,0,0,,,0,0,yes,delete,high,P1,no_signal
https://coincu.com/montenegro-high-court-extends-detention-do-kwon/,"Montenegro High Court Extends Detention for Do Kwon, Stirring Global Speculation!","Montenegro High Court Extends Detention for Do Kwon, Stirring Global Speculation!",news,200,Indexable,2149,186,0,0,,,0,0,yes,delete,high,P1,no_signal
https://coincu.com/monthly-bitcoin-price-reaches-highest-increase/,Monthly Bitcoin Price Reaches Highest Increase Since 2020,Monthly Bitcoin Price Reaches Highest Increase Since 2020,news,200,Indexable,2107,155,0,0,,,0,0,yes,delete,high,P1,no_signal
https://coincu.com/moodeng-pumps-140-ahead-binance-listing-launch/,MOODENG Pumps 140% Ahead of Binance Listing Launch,MOODENG Pumps 140% Ahead of Binance Listing Launch,news,200,Indexable,2071,175,0,0,,,0,0,yes,delete,high,P1,no_signal
https://coincu.com/moodeng-solana-meme-coin/,MOODENG Solana: The Meme Coin That Caused a Fever From the Cute Pygmy Hippo,MOODENG Solana: The Meme Coin That Caused a Fever From the Cute Pygmy Hippo,news,200,Indexable,2507,111,0,0,,,0,0,yes,delete,high,P1,no_signal
https://coincu.com/moon/,Moon,Moon,news,200,Indexable,2071,207,0,0,,,0,0,yes,delete,high,P1,no_signal
https://coincu.com/moonbeam-and-n3mus-launch-glmillionaire-a-high-stakes-onchain-gaming-tournament-with-1-million-glmr-in-prize-money/,"Moonbeam and N3MUS Launch “GLMillionaiRe”: A High-Stakes, Onchain Gaming Tournament with 1 Million GLMR in Prize Money","Moonbeam and N3MUS Launch “GLMillionaiRe”: A High-Stakes, Onchain Gaming Tournament with 1 Million GLMR in Prize Money",news,200,Indexable,2571,159,0,0,,,0,0,yes,delete,high,P1,no_signal
https://coincu.com/moonbeam-has-a-problem/,Moonbeam Has A Problem That Stops Generating New Blocks For 4 Hours,Moonbeam Has A Problem That Stops Generating New Blocks For 4 Hours,news,200,Indexable,2210,88,0,0,,,0,0,yes,delete,high,P1,no_signal
https://coincu.com/moonbeam-integrated-with-osmosis/,Moonbeam Officially Integrated With Osmosis,Moonbeam Officially Integrated With Osmosis,news,200,Indexable,1911,158,0,0,,,0,0,yes,delete,high,P1,no_signal
https://coincu.com/moonbeam-integrates-layerzero/,"Moonbeam Integrates LayerZero, The Cross-chain Data Transmission Protocol","Moonbeam Integrates LayerZero, The Cross-chain Data Transmission Protocol",news,200,Indexable,1860,151,0,0,,,0,0,yes,delete,high,P1,no_signal
https://coincu.com/moonbirds-kevin-rose-lost-1-million/,Moonbirds Creator Kevin Rose Lost $1 Million In NFTs,Moonbirds Creator Kevin Rose Lost $1 Million In NFTs,news,200,Indexable,2387,160,0,0,,,0,0,yes,delete,high,P1,no_signal
https://coincu.com/moonbirds-launch-birb-solana-2026/,Moonbirds to Launch BIRB Token on Solana in 2026,Moonbirds to Launch BIRB Token on Solana in 2026,news,200,Indexable,1988,96,0,0,,,0,0,yes,delete,high,P1,no_signal
https://coincu.com/moonbirds-proof-forms-new-council/,Moonbirds + PROOF Forms New Community Council With 10 Members,Moonbirds + PROOF Forms New Community Council With 10 Members,news,200,Indexable,2017,86,0,0,,,0,0,yes,delete,high,P1,no_signal
https://coincu.com/moonbix-coin-launch-rumors-shut-down-statement/,Moonbix Coin Launch Rumors Shut Down By Team Statement,Moonbix Coin Launch Rumors Shut Down By Team Statement,news,200,Indexable,2112,180,0,0,,,0,0,yes,delete,high,P1,no_signal
https://coincu.com/moonclash-100m-funding-bnbchain/,MoonClash Completes $100M Funding Round on BNB Chain,MoonClash Completes $100M Funding Round on BNB Chain,news,200,Indexable,1928,89,0,0,,,0,0,yes,delete,high,P1,no_signal
https://coincu.com/moonhop-outperforms-doge-hmstr-in-the-crypto-arena/,MOONHOP Takes the Lead Raising Over 1 Million: What’s Happening With Dogecoin & Hamster Kombat in August,MOONHOP Takes the Lead Raising Over 1 Million: What’s Happening With Dogecoin & Hamster Kombat in August,news,200,Indexable,2391,149,0,0,,,0,0,yes,delete,high,P1,no_signal
https://coincu.com/moonhops-meteoric-1-million-rise-will-book-of-meme-floki-fade-away/,MOONHOP's Meteoric $1 Million Rise: Will Book of Meme & Floki Fade Away?,MOONHOP’s Meteoric $1 Million Rise: Will Book of Meme & Floki Fade Away?,news,200,Indexable,2352,175,0,0,,,0,0,yes,delete,high,P1,no_signal
https://coincu.com/moonpay-25-mil-bayc-celebrities-nft/,MoonPay Paid $25 Million To Buy BAYC For Celebrities To Promote NFT,MoonPay Paid $25 Million To Buy BAYC For Celebrities To Promote NFT,news,200,Indexable,1974,153,0,0,,,0,0,yes,delete,high,P1,no_signal
https://coincu.com/moonpay-ceo-collected-150-million/,MoonPay CEO Collected $150 Million During Bitcoin's Golden Age,MoonPay CEO Collected $150 Million During Bitcoin’s Golden Age,news,200,Indexable,2141,155,0,0,,,0,0,yes,delete,high,P1,no_signal
https://coincu.com/moonpay-flamengo-collaborate-on-multi-web3/,MoonPay And Flamengo Collaborate On Multi-Year Web3 Loyalty Program,MoonPay And Flamengo Collaborate On Multi-Year Web3 Loyalty Program,news,200,Indexable,2053,158,0,0,,,0,0,yes,delete,high,P1,no_signal
https://coincu.com/moonpay-helio-acquisition-crypto-payments/,MoonPay Helio Acquisition Crypto Payments Reshapes Shopify & Discord,MoonPay Helio Acquisition Crypto Payments Reshapes Shopify & Discord,news,200,Indexable,2143,155,0,0,,,0,0,yes,delete,high,P1,no_signal
https://coincu.com/moonpay-launches-crypto-shopping-app-for/,MoonPay Launches Crypto Shopping App for Solana Seeker Device,MoonPay Launches Crypto Shopping App for Solana Seeker Device,news,200,Indexable,2027,150,0,0,,,0,0,yes,delete,high,P1,no_signal
https://coincu.com/moonpay-launches-moonpay-trade-platform-tokenized-assets-defi/,MoonPay launches MoonPay Trade for tokenized assets and DeFi,MoonPay launches MoonPay Trade for tokenized assets and DeFi,news,200,Indexable,2416,163,0,0,,,0,0,yes,delete,high,P1,no_signal
https://coincu.com/moonpay-launches-virtual-accounts-new-york-enterprise-stablecoin-payments/,MoonPay Launches NY Virtual Accounts for Stablecoin Payments,MoonPay Launches NY Virtual Accounts for Stablecoin Payments,news,200,Indexable,2559,158,0,0,,,0,0,yes,delete,high,P1,no_signal
https://coincu.com/moonpay-lays-off-10-despite-product-expansion/,MoonPay Lays Off 10% Despite Product Expansion: Report,MoonPay Lays Off 10% Despite Product Expansion: Report,news,200,Indexable,2084,167,0,0,,,0,0,yes,delete,high,P1,no_signal
https://coincu.com/moonpay-new-york-trust-license/,MoonPay Gains Trust License for Crypto Operations in New York,MoonPay Gains Trust License for Crypto Operations in New York,news,200,Indexable,2227,136,0,0,,,0,0,yes,delete,high,P1,no_signal
https://coincu.com/moonpay-secures-license-in-liechtenstein/,MoonPay Secures Exclusive Exchange License In Liechtenstein,MoonPay Secures Exclusive Exchange License In Liechtenstein,news,200,Indexable,2096,155,0,0,,,0,0,yes,delete,high,P1,no_signal
https://coincu.com/moores-law/,Moore's Law,Moore’s Law,news,200,Indexable,2178,220,0,0,,,0,0,yes,delete,high,P1,no_signal
https://coincu.com/more-consumer-complaints-about-crypto/,"More Consumer Complaints About Crypto, Industry Slump","More Consumer Complaints About Crypto, Industry Slump",news,200,Indexable,1980,135,0,0,,,0,0,yes,delete,high,P1,no_signal
https://coincu.com/more-than-50-of-bitcoin-addresses-are-lost/,More Than 50% Of Bitcoin Addresses Are Lost,More Than 50% Of Bitcoin Addresses Are Lost,news,200,Indexable,2030,176,0,0,,,0,0,yes,delete,high,P1,no_signal
https://coincu.com/more-than-500-scam-tokens-appeared-on-base/,"More Than 500 Scam Tokens Appeared On Base Chain, Users Beware: Report","More Than 500 Scam Tokens Appeared On Base Chain, Users Beware: Report",news,200,Indexable,2107,133,0,0,,,0,0,yes,delete,high,P1,no_signal
https://coincu.com/morgan-creek-digital-targets-500m-for-web3-fund/,Morgan Creek Digital Targets $500M for Web3 Innovation Fund!,Morgan Creek Digital Targets $500M for Web3 Innovation Fund!,news,200,Indexable,2183,152,0,0,,,0,0,yes,delete,high,P1,no_signal
https://coincu.com/morgan-stanley-bitcoin-etf-34m-first-day-low-fees-competition/,Morgan Stanley Bitcoin ETF Draws $34M on Day One as Fee Pressure Builds,Morgan Stanley Bitcoin ETF Draws $34M on Day One as Fee Pressure Builds,news,200,Indexable,2798,151,0,0,,,0,0,yes,delete,high,P1,no_signal
https://coincu.com/morgan-stanley-bitcoin-etf-holdings-rise-3389-btc/,"Morgan Stanley's Bitcoin ETF Holdings Rise to 3,389 BTC: What the Data Suggests","Morgan Stanley’s Bitcoin ETF Holdings Rise to 3,389 BTC: What the Data Suggests",news,200,Indexable,2475,154,0,0,,,0,0,yes,delete,high,P1,no_signal
https://coincu.com/morgan-stanley-bitcoin-etf-holdings/,Morgan Stanley Bitcoin ETF Holdings Reached $272 Million,Morgan Stanley Bitcoin ETF Holdings Reached $272 Million,news,200,Indexable,2067,115,0,0,,,0,0,yes,delete,high,P1,no_signal
https://coincu.com/morgan-stanley-bitcoin-etf-investment/,Morgan Stanley Bitcoin ETF Investment Was Revealed With $188M in IBIT,Morgan Stanley Bitcoin ETF Investment Was Revealed With $188M in IBIT,news,200,Indexable,2081,159,0,0,,,0,0,yes,delete,high,P1,no_signal
https://coincu.com/morgan-stanley-bitcoin-spot-etf-nyse-arca-listing-tonight/,Morgan Stanley Bitcoin Spot ETF to List on NYSE Arca Tonight: What We Know,Morgan Stanley Bitcoin Spot ETF to List on NYSE Arca Tonight: What We Know,news,200,Indexable,2570,168,0,0,,,0,0,yes,delete,high,P1,no_signal
https://coincu.com/morgan-stanley-bitcoin-trading-etrade/,Morgan Stanley Opens Direct Bitcoin Trading on E-TRADE for Everyday Retail Investors,Morgan Stanley Opens Direct Bitcoin Trading on E-TRADE for Everyday Retail Investors,news,200,Indexable,1978,119,0,0,,,0,0,yes,delete,high,P1,no_signal
https://coincu.com/morgan-stanley-bitcoin/,Morgan Stanley Says 78% Of Bitcoin Has Not Been Transacted In The Last 6 Months,Morgan Stanley Says 78% Of Bitcoin Has Not Been Transacted In The Last 6 Months,news,200,Indexable,2071,170,0,0,,,0,0,yes,delete,high,P1,no_signal
https://coincu.com/morgan-stanley-ceo-still-owns-bitcoin/,Former Morgan Stanley CEO John Mack Has Confirmed That He Still Owns Bitcoin,Former Morgan Stanley CEO John Mack Has Confirmed That He Still Owns Bitcoin,news,200,Indexable,2137,155,0,0,,,0,0,yes,delete,high,P1,no_signal
https://coincu.com/morgan-stanley-clients-can-access-bitcoin-etfs/,Morgan Stanley Clients Can Now Access Bitcoin ETFs for Investment,Morgan Stanley Clients Can Now Access Bitcoin ETFs for Investment,news,200,Indexable,2121,104,0,0,,,0,0,yes,delete,high,P1,no_signal
https://coincu.com/morgan-stanley-clients-get-permission-bitcoin/,Morgan Stanley Clients Get Permission to Expand Bitcoin ETF Investments Starting Today,Morgan Stanley Clients Get Permission to Expand Bitcoin ETF Investments Starting Today,news,200,Indexable,2171,170,0,0,,,0,0,yes,delete,high,P1,no_signal
https://coincu.com/morgan-stanley-crypto-etrade/,Morgan Stanley Plans Crypto Trading via E*TRADE Platform,Morgan Stanley Plans Crypto Trading via E*TRADE Platform,news,200,Indexable,2295,106,0,0,,,0,0,yes,delete,high,P1,no_signal
https://coincu.com/morgan-stanley-e-trade-considering-crypto/,$1.5 Trillion Morgan Stanley E-Trade Is Considering Launching Crypto Services,$1.5 Trillion Morgan Stanley E-Trade Is Considering Launching Crypto Services,news,200,Indexable,2090,140,0,0,,,0,0,yes,delete,high,P1,no_signal
https://coincu.com/morgan-stanley-ethereum-etf-claims/,Morgan Stanley Ethereum ETF Application Claims Unverified,Morgan Stanley Ethereum ETF Application Claims Unverified,news,200,Indexable,2099,87,0,0,,,0,0,yes,delete,high,P1,no_signal
https://coincu.com/morgan-stanley-heralds-end-of-the-crypto-winter/,"The Crypto Winter Nearing Its End, Morgan Stanley predicted",Morgan Stanley Heralds End of The Crypto Winter,news,200,Indexable,2052,112,0,0,,,0,0,yes,delete,high,P1,no_signal
https://coincu.com/mori-finance-launches-zero-minting-fee-campaign/,Mori Finance Launches Zero Minting Fee Campaign To Mint ETHS And ETHC For Free,Mori Finance Launches Zero Minting Fee Campaign To Mint ETHS And ETHC For Free,news,200,Indexable,2187,165,0,0,,,0,0,yes,delete,high,P1,no_signal
https://coincu.com/moroccan-crypto-law-moving-forward/,Moroccan Crypto Law Moving Forward After 2017 Ban,Moroccan Crypto Law Moving Forward After 2017 Ban,news,200,Indexable,2164,125,0,0,,,0,0,yes,delete,high,P1,no_signal
https://coincu.com/moroccan-man-faces-years-in-jail/,"Moroccan Man Faces Years In Jail For Theft Of $450,000 With Fake Website OpenSea","Moroccan Man Faces Years In Jail For Theft Of $450,000 With Fake Website OpenSea",news,200,Indexable,2205,161,0,0,,,0,0,yes,delete,high,P1,no_signal
https://coincu.com/morocco-earthquake-relief-binance-3-million-bnb/,Morocco Earthquake Relief: Binance's $3 Million BNB Aid Effort To The Rescue,Morocco Earthquake Relief: Binance’s $3 Million BNB Aid Effort To The Rescue,news,200,Indexable,2125,91,0,0,,,0,0,yes,delete,high,P1,no_signal
https://coincu.com/morocco-finalized-crypto-regulatory/,Morocco Completed Its Framework For Regulating Crypto,Morocco Completed Its Framework For Regulating Crypto,news,200,Indexable,2213,183,0,0,,,0,0,yes,delete,high,P1,no_signal
https://coincu.com/morph-announces-mainnet-launch-on-ethereum-paving-the-way-for-consumer-blockchain-adoption/,"Morph Announces Mainnet Launch on Ethereum, Paving the Way for Consumer Blockchain Adoption","Morph Announces Mainnet Launch on Ethereum, Paving the Way for Consumer Blockchain Adoption",news,200,Indexable,2345,42,0,0,,,0,0,yes,delete,high,P1,no_signal
https://coincu.com/morph-public-chain-debuts-on-ethereum-mainnet/,Morph Public Chain Officially Debuts on Ethereum Mainnet,Morph Public Chain Officially Debuts on Ethereum Mainnet,news,200,Indexable,2134,128,0,0,,,0,0,yes,delete,high,P1,no_signal
https://coincu.com/morph-stablecoin-33t-annual-volume-10-percent-cross-border-payments-2030/,"Morph Stablecoin Report: $33T Annual Volume, 10% Cross-Border Payments by 2030","Morph Stablecoin Report: $33T Annual Volume, 10% Cross-Border Payments by 2030",news,200,Indexable,3014,174,0,0,,,0,0,yes,delete,high,P1,no_signal
https://coincu.com/moscow-exchange-explores-launch-of-24-7-cryptocurrency-spot-trading/,Moscow Exchange Explores 24/7 Crypto Spot Trading Launch,Moscow Exchange Explores 24/7 Crypto Spot Trading Launch,news,200,Indexable,2840,156,0,0,,,0,0,yes,delete,high,P1,no_signal
https://coincu.com/most-acala-services-are-still-unavailable/,Most Acala Services Are Still Unavailable Twelve Days After The Attack,Most Acala Services Are Still Unavailable Twelve Days After The Attack,news,200,Indexable,2019,86,0,0,,,0,0,yes,delete,high,P1,no_signal
https://coincu.com/most-popular-cryptos-to-buy-today-bdag-bnb-ada-more/,"Most Popular Cryptos to Buy Today: BDAG, BNB, ADA, & More","Most Popular Cryptos to Buy Today: BDAG, BNB, ADA, & DOT— Set to Lead the Next Crypto Bull Run!",news,200,Indexable,2373,168,0,0,,,0,0,yes,delete,high,P1,no_signal
https://coincu.com/moving-average-convergence-divergence-macd/,Moving Average Convergence Divergence (MACD),Moving Average Convergence Divergence (MACD),news,200,Indexable,2204,336,0,0,,,0,0,yes,delete,high,P1,no_signal
https://coincu.com/moving-average-ma/,Moving Average (MA),Moving Average (MA),news,200,Indexable,2277,206,0,0,,,0,0,yes,delete,high,P1,no_signal
https://coincu.com/mpch-labs-raised-40-million/,MPCH Labs Raised $40 Million In A Series A Round,MPCH Labs Raised $40 Million In A Series A Round,news,200,Indexable,2065,160,0,0,,,0,0,yes,delete,high,P1,no_signal
https://coincu.com/mrbeast-token-scandal-accuses-youtuber-of-crypto/,MrBeast Token Scandal Accuses YouTuber of Crypto Fraud,MrBeast Token Scandal Accuses YouTuber of Crypto Fraud,news,200,Indexable,2207,163,0,0,,,0,0,yes,delete,high,P1,no_signal
https://coincu.com/msafe-raises-5-million-led-by-jump-crypto/,Msafe Raises $5 Million Led By Jump Crypto,Msafe Raises $5 Million Led By Jump Crypto,news,200,Indexable,2185,119,0,0,,,0,0,yes,delete,high,P1,no_signal
https://coincu.com/mstr-soars-20-as-td-cowen-doubles-down/,MSTR Soars 20% as TD Cowen Doubles Down on $440 Target,MSTR Soars 20% as TD Cowen Doubles Down on $440 Target,news,200,Indexable,2112,136,0,0,,,0,0,yes,delete,high,P1,no_signal
https://coincu.com/mstr-surges-3-month-high-saylor-leaves-ceo/,MicroStrategy (MSTR) Surges To 3-Month High As Saylor Leaves As CEO,MicroStrategy (MSTR) Surges To 3-Month High As Saylor Leaves As CEO,news,200,Indexable,2016,158,0,0,,,0,0,yes,delete,high,P1,no_signal
https://coincu.com/mt-gox-bitcoin-payout-may-trigger-btc-crash/,Mt. Gox Bitcoin Payout May Trigger BTC Crash To $20K,Mt. Gox Bitcoin Payout May Trigger BTC Crash To $20K,news,200,Indexable,2222,130,0,0,,,0,0,yes,delete,high,P1,no_signal
https://coincu.com/mt-gox-bitcoin-repayments-begin-13000-creditors/,"Mt Gox Bitcoin Repayments Begin: 13,000 Creditors Rejoice!","Mt Gox Bitcoin Repayments Begin: 13,000 Creditors Rejoice!",news,200,Indexable,2149,209,0,0,,,0,0,yes,delete,high,P1,no_signal
https://coincu.com/mt-gox-bitcoin-repayments-disabling-bitcoin-etfs/,Mt. Gox Bitcoin Repayments Likely Disabling Half Inflows into Bitcoin ETFs,Mt. Gox Bitcoin Repayments Likely Disabling Half Inflows into Bitcoin ETFs,news,200,Indexable,2122,133,0,0,,,0,0,yes,delete,high,P1,no_signal
https://coincu.com/mt-gox-bitcoins-will-be-released-on-the-day/,Mt.Gox Bitcoins Will Be Released On The Day That Ethereum Merges,Mt.Gox Bitcoins Will Be Released On The Day That Ethereum Merges,news,200,Indexable,2127,152,0,0,,,0,0,yes,delete,high,P1,no_signal
https://coincu.com/mt-gox-creditor-assets-now-available-on-bitstamp/,Mt. Gox Creditor Assets Now Available on Bitstamp After Security Check,Mt. Gox Creditor Assets Now Available on Bitstamp After Security Check,news,200,Indexable,2145,196,0,0,,,0,0,yes,delete,high,P1,no_signal
https://coincu.com/mt-gox-creditor-dismisses-140000-btc/,"Mt. Gox Creditor Dismisses False Report Of Impending 140,000 BTC Release","Mt. Gox Creditor Dismisses False Report Of Impending 140,000 BTC Release",news,200,Indexable,2105,112,0,0,,,0,0,yes,delete,high,P1,no_signal
https://coincu.com/mt-gox-creditors-face-further-delays/,Mt Gox Creditors Face Further Delays In Repayment Process,Mt Gox Creditors Face Further Delays In Repayment Process,news,200,Indexable,2151,117,0,0,,,0,0,yes,delete,high,P1,no_signal
https://coincu.com/mt-gox-creditors-has-a-deadline/,Mt. Gox Creditors Has A Deadline To Apply For A Refund In Early 2023,Mt. Gox Creditors Has A Deadline To Apply For A Refund In Early 2023,news,200,Indexable,2061,157,0,0,,,0,0,yes,delete,high,P1,no_signal
https://coincu.com/mt-gox-delays-repayment/,Mt. Gox Delays Repayment To Mid-September,Mt. Gox Delays Repayment To Mid-September,news,200,Indexable,2112,217,0,0,,,0,0,yes,delete,high,P1,no_signal
https://coincu.com/mt-gox-distribution-updates-assets-refunded/,Mt. Gox Distribution Now Updates Assets Refunded To Creditors,Mt. Gox Distribution Now Updates Assets Refunded To Creditors,news,200,Indexable,2087,106,0,0,,,0,0,yes,delete,high,P1,no_signal
https://coincu.com/mt-gox-extends-repayment-deadline-amid/,Mt. Gox Extends Repayment Deadline Amid Ongoing Creditor Delays,Mt. Gox Extends Repayment Deadline Amid Ongoing Creditor Delays,news,200,Indexable,1986,154,0,0,,,0,0,yes,delete,high,P1,no_signal
https://coincu.com/mt-gox-hackers-are-two-russian-nationals/,"Mt. Gox Hackers Are Two Russian Nationals Stealing 647,000 Bitcoins","Mt. Gox Hackers Are Two Russian Nationals Stealing 647,000 Bitcoins",news,200,Indexable,2090,280,0,0,,,0,0,yes,delete,high,P1,no_signal
https://coincu.com/mt-gox-payout-date-bitcoin-pressure-in-july-2024/,"Mt Gox Payout Date Revealed, Potential Bitcoin Selling Pressure In July 2024","Mt Gox Payout Date Revealed, Potential Bitcoin Selling Pressure In July 2024",news,200,Indexable,2133,124,0,0,,,0,0,yes,delete,high,P1,no_signal
https://coincu.com/mt-gox-plans-secure-bitcoin-cash-for-repayments/,Mt. Gox Plans Secure Handling of Bitcoin and Bitcoin Cash for Repayments!,Mt. Gox Plans Secure Handling of Bitcoin and Bitcoin Cash for Repayments!,news,200,Indexable,2136,208,0,0,,,0,0,yes,delete,high,P1,no_signal
https://coincu.com/mt-gox-postpones-repayment-deadline/,Mt. Gox Postpones Repayment Deadline To October 2024,Mt. Gox Postpones Repayment Deadline To October 2024,news,200,Indexable,2196,133,0,0,,,0,0,yes,delete,high,P1,no_signal
https://coincu.com/mt-gox-related-bitcoin-alert-not-the-cause/,Mt. Gox-related Bitcoin Alert Not The Cause Of 7% Price Crash: Arkham Intelligence,Mt. Gox-related Bitcoin Alert Not The Cause Of 7% Price Crash: Arkham Intelligence,news,200,Indexable,2185,173,0,0,,,0,0,yes,delete,high,P1,no_signal
https://coincu.com/mt-gox-repayment-continues/,Mt. Gox Repayment Continues 33% Remaining With Latest Test Transactions,Mt. Gox Repayment Continues 33% Remaining With Latest Test Transactions,news,200,Indexable,2141,156,0,0,,,0,0,yes,delete,high,P1,no_signal
https://coincu.com/mt-gox-repayment-delay-to-2025-eases-sell/,Mt. Gox Repayment Delay to 2025 Eases Bitcoin Sell Pressure Concerns,Mt. Gox Repayment Delay to 2025 Eases Bitcoin Sell Pressure Concerns,news,200,Indexable,2048,129,0,0,,,0,0,yes,delete,high,P1,no_signal
https://coincu.com/mt-gox-repayment-has-begun-btc-falls-below-57000/,"Mt. Gox Repayment Has Begun, BTC Falls Below $57,000","Mt. Gox Repayment Has Begun, BTC Falls Below $57,000",news,200,Indexable,2102,87,0,0,,,0,0,yes,delete,high,P1,no_signal
https://coincu.com/mt-gox-repayment-process-has-important-news/,Mt. Gox Repayment Process Has Important News Updates,Mt. Gox Repayment Process Has Important News Updates,news,200,Indexable,2225,158,0,0,,,0,0,yes,delete,high,P1,no_signal
https://coincu.com/mt-gox-repayment-will-continue-to-refund/,Mt. Gox Repayment Will Continue to Refund Hacked Assets Through Bitstamp,Mt. Gox Repayment Will Continue to Refund Hacked Assets Through Bitstamp,news,200,Indexable,2098,140,0,0,,,0,0,yes,delete,high,P1,no_signal
https://coincu.com/mt-gox-repayments-now-completed-creditors/,"Mt. Gox Repayments Now Completed for Over 17,000 Creditors","Mt. Gox Repayments Now Completed for Over 17,000 Creditors",news,200,Indexable,2116,144,0,0,,,0,0,yes,delete,high,P1,no_signal
https://coincu.com/mt-gox-repayments-now-start/,"Mt. Gox Repayments Now Start Paying Out After 10 Years, BTC Drops Under 43K","Mt. Gox Repayments Now Start Paying Out After 10 Years, BTC Drops Under 43K",news,200,Indexable,2141,142,0,0,,,0,0,yes,delete,high,P1,no_signal
https://coincu.com/mt-gox-rumors-return/,"Mt. Gox Rumors Return When The Bitcoin Price Is Below $20,000","Mt. Gox Rumors Return When The Bitcoin Price Is Below $20,000",news,200,Indexable,2209,160,0,0,,,0,0,yes,delete,high,P1,no_signal
https://coincu.com/mt-gox-to-disburse-150k-btc-is-approaching/,"Whether the Mt. Gox distribution of 150k BTC is Coming, Will Bitcoin Go Through a “Black Swan” Event?","Whether the Mt. Gox distribution of 150k BTC is Coming, Will Bitcoin Go Through a “Black Swan” Event?",news,200,Indexable,2913,151,0,0,,,0,0,yes,delete,high,P1,no_signal
https://coincu.com/mt-gox-trustee-bitcoin-repayment-2025/,Mt. Gox Trustee Extends Bitcoin Repayment Deadline to 2025,Mt. Gox Trustee Extends Bitcoin Repayment Deadline to 2025,news,200,Indexable,2164,83,0,0,,,0,0,yes,delete,high,P1,no_signal
https://coincu.com/mt-gox-will-limit-impact/,Mt. Gox Will Limit Impact On Bitcoin Price: Report,Mt. Gox Will Limit Impact On Bitcoin Price: Report,news,200,Indexable,2144,152,0,0,,,0,0,yes,delete,high,P1,no_signal
https://coincu.com/mt-gox/,Mt. Gox,Mt. Gox,news,200,Indexable,2228,174,0,0,,,0,0,yes,delete,high,P1,no_signal
https://coincu.com/mt-goxs-compensation-is-negatively-impacting/,Mt. Gox's Compensation Is Negatively Impacting Bitcoin Price With $9 Billion Moving On Chain,Mt. Gox’s Compensation Is Negatively Impacting Bitcoin Price With $9 Billion Moving On Chain,news,200,Indexable,2095,139,0,0,,,0,0,yes,delete,high,P1,no_signal
https://coincu.com/mt-goxs-creditor-keep-returned-bitcoin/,Mt. Gox's Largest Creditor Plans To Keep Returned Bitcoin Despite Public Outcry,Mt. Gox’s Largest Creditor Plans To Keep Returned Bitcoin Despite Public Outcry,news,200,Indexable,2123,218,0,0,,,0,0,yes,delete,high,P1,no_signal
https://coincu.com/mufg-stablecoins-blockchains-progmat-coin/,MUFG To Issue Bank-Backed Stablecoins On Multiple Blockchains Using Progmat Coin Solution,MUFG To Issue Bank-Backed Stablecoins On Multiple Blockchains Using Progmat Coin Solution,news,200,Indexable,2048,167,0,0,,,0,0,yes,delete,high,P1,no_signal
https://coincu.com/mufg-to-issue-global-stablecoins-backed/,MUFG To Issue Global Stablecoins Backed By Foreign Currencies Via Progmat Blockchain,MUFG To Issue Global Stablecoins Backed By Foreign Currencies Via Progmat Blockchain,news,200,Indexable,2126,192,0,0,,,0,0,yes,delete,high,P1,no_signal
https://coincu.com/mufg-will-promote-digital-currency/,Japan's Largest Bank MUFG Will Promote Digital Currency For Inter-company Payments,Japan’s Largest Bank MUFG Will Promote Digital Currency For Inter-company Payments,news,200,Indexable,2111,94,0,0,,,0,0,yes,delete,high,P1,no_signal
https://coincu.com/muhammad-ali-registered-trademark/,Muhammad Ali's Name Registered As A Trademark In Web3,Muhammad Ali’s Name Registered As A Trademark In Web3,news,200,Indexable,1985,153,0,0,,,0,0,yes,delete,high,P1,no_signal
https://coincu.com/multibank-groups-crypto-arm-mb-io-brings-ghana-gold-on-chain-with-kings-orbis-eon3-mavryk/,"MultiBank Group’s crypto arm mb.io brings Ghana gold on-chain with Kings Orbis, EON3 & Mavryk","MultiBank Group’s crypto arm mb.io brings Ghana gold on-chain with Kings Orbis, EON3 & Mavryk",news,200,Indexable,3123,38,0,0,,,0,0,yes,delete,high,P1,no_signal
https://coincu.com/multichain-130m-assets-withdrawn-unknown-cause/,"Multichain Bridge Trouble Again, $130M Assets Withdrawn For Unknown Cause","Multichain Bridge Trouble Again, $130M Assets Withdrawn For Unknown Cause",news,200,Indexable,2106,143,0,0,,,0,0,yes,delete,high,P1,no_signal
https://coincu.com/multichain-adjustment-transfer-fees/,Multichain Has Announced An Adjustment In Cross-chain Transfer Fees,Multichain Has Announced An Adjustment In Cross-chain Transfer Fees,news,200,Indexable,1928,152,0,0,,,0,0,yes,delete,high,P1,no_signal
https://coincu.com/multichain-bridge-transactions-now-active/,Multichain Bridge Transactions Are Now Active Again After 117 days,Multichain Bridge Transactions Are Now Active Again After 117 days,news,200,Indexable,2107,158,0,0,,,0,0,yes,delete,high,P1,no_signal
https://coincu.com/multichain-ceo-disappears-with-user-assets/,Multichain CEO Disappears With User Assets - What Happens Next? 3 3 3,Multichain CEO Disappears With User Assets – What Happens Next?,news,200,Indexable,2095,319,0,0,,,0,0,yes,delete,high,P1,no_signal
https://coincu.com/multichain-co-founder-ceo-zhao-jun-missing/,Rumor: Multichain Co-Founder And CEO Zhao Jun Is Missing,Rumor: Multichain Co-Founder And CEO Zhao Jun Is Missing,news,200,Indexable,2065,95,0,0,,,0,0,yes,delete,high,P1,no_signal
https://coincu.com/multichain-holds-1-8-billion-assets-locked/,"Multichain Holds 1.8 Billion Assets Locked, Concerns About Crypto Disaster","Multichain Holds 1.8 Billion Assets Locked, Concerns About Crypto Disaster",news,200,Indexable,2192,112,0,0,,,0,0,yes,delete,high,P1,no_signal
https://coincu.com/multichain-lead-to-stargates-new-proposal/,Multichain Concerns Lead To Stargate's New Proposal To Disable Fantom Pool,Multichain Concerns Lead To Stargate’s New Proposal To Disable Fantom Pool,news,200,Indexable,2144,232,0,0,,,0,0,yes,delete,high,P1,no_signal
https://coincu.com/multichain-lost-contact-with-ceo/,Multichain Admits Lost Contact With CEO,Multichain Admits Lost Contact With CEO,news,200,Indexable,2135,158,0,0,,,0,0,yes,delete,high,P1,no_signal
https://coincu.com/multichain-not-a-hacker-attack-out-control/,"Multichain Not A Hacker Attack, The Network Is Completely Out Of Control","Multichain Not A Hacker Attack, The Network Is Completely Out Of Control",news,200,Indexable,2195,158,0,0,,,0,0,yes,delete,high,P1,no_signal
https://coincu.com/multichain-record-265-million-withdrawn-9-chains/,Multichain Records $265 Million Withdrawn Across 9 Chains,Multichain Records $265 Million Withdrawn Across 9 Chains,news,200,Indexable,2166,127,0,0,,,0,0,yes,delete,high,P1,no_signal
https://coincu.com/multichain-supports-busd/,Multichain Supports BUSD On Polygon And Avalanche,Multichain Supports BUSD On Polygon And Avalanche,news,200,Indexable,1883,103,0,0,,,0,0,yes,delete,high,P1,no_signal
https://coincu.com/multichain-token-surges-125-and-sees-7000/,Multichain Token Surges 125% And Sees 7000% Volume Increase After CEO's Arrest,Multichain Token Surges 125% And Sees 7000% Volume Increase After CEO’s Arrest,news,200,Indexable,2076,138,0,0,,,0,0,yes,delete,high,P1,no_signal
https://coincu.com/multicoin-capital-ethena-ena-investment/,Multicoin Capital Invests in Ethena's ENA Token,Multicoin Capital Invests in Ethena’s ENA Token,news,200,Indexable,2159,119,0,0,,,0,0,yes,delete,high,P1,no_signal
https://coincu.com/multicoin-capital-has-a-stake-in-ftx/,Multicoin Capital Has A Stake In FTX Worth $25 Million,Multicoin Capital Has A Stake In FTX Worth $25 Million,news,200,Indexable,1998,153,0,0,,,0,0,yes,delete,high,P1,no_signal
https://coincu.com/multicoin-capital-hedge-fund/,Multicoin Capital Hedge Fund Lost 91.4% In 2022,Multicoin Capital Hedge Fund Lost 91.4% In 2022,news,200,Indexable,2274,45,0,0,,,0,0,yes,delete,high,P1,no_signal
https://coincu.com/multicoin-capital-lost-more-than-55-its-funds-capital-within-16-days/,Multicoin Capital Lost More Than 55% Its  Fund's Capital,Multicoin Capital Lost More Than 55% Its Fund’s Capital Within 16 Days,news,200,Indexable,1951,103,0,0,,,0,0,yes,delete,high,P1,no_signal
https://coincu.com/multicoin-down-90-over-11-months/,Hedge Fund Multicoin Capital Down 90% Over The Past 11 Months Because Of FTX’s Fall,Hedge Fund Multicoin Capital Down 90% Over The Past 11 Months Because Of FTX’s Fall,news,200,Indexable,2209,155,0,0,,,0,0,yes,delete,high,P1,no_signal
https://coincu.com/multiversx-launches-guardians/,"MultiversX Launches Guardians, An On-chain 2FA Anti Scam","MultiversX Launches Guardians, An On-chain 2FA Anti Scam",news,200,Indexable,2130,151,0,0,,,0,0,yes,delete,high,P1,no_signal
https://coincu.com/musalem-fed-supply-shocks-inflation/,"Musalem Says Fed Must Be Wary of Supply Shocks, Inflation","Musalem Says Fed Must Be Wary of Supply Shocks, Inflation",news,200,Indexable,2898,173,0,0,,,0,0,yes,delete,high,P1,no_signal
https://coincu.com/muse-announces-their-upcoming-album/,Muse Announces Their Upcoming Album On Polygon-Based NFT Platform Serenade,Muse Announces Their Upcoming Album On Polygon-Based NFT Platform Serenade,news,200,Indexable,1977,158,0,0,,,0,0,yes,delete,high,P1,no_signal
https://coincu.com/musk-criticizes-us-government-spending/,Elon Musk Criticizes U.S. Government Spending on Social Media,Elon Musk Criticizes U.S. Government Spending on Social Media,news,200,Indexable,2165,116,0,0,,,0,0,yes,delete,high,P1,no_signal
https://coincu.com/musk-denies-crypto-talks-with-trump-bloomberg/,Musk Denies Crypto Talks with Trump After The Bloomberg Report,Musk Denies Crypto Talks with Trump After The Bloomberg Report,news,200,Indexable,2194,177,0,0,,,0,0,yes,delete,high,P1,no_signal
https://coincu.com/musk-sbf-holding-twitter-shares-is-false/,Musk: SBF Holding $100 Million Worth Of Twitter Shares Is False,Musk: SBF Holding $100 Million Worth Of Twitter Shares Is False,news,200,Indexable,1990,152,0,0,,,0,0,yes,delete,high,P1,no_signal
https://coincu.com/musk-us-debt-crisis-warning/,Elon Musk Warns of U.S. Debt Crisis at All-In Summit,Elon Musk Warns of U.S. Debt Crisis at All-In Summit,press_release_like,200,Indexable,2099,98,0,0,,,0,0,yes,delete,high,P1,event_pr_signal
https://coincu.com/mutant-ape-nft-trading-volume-surges-300/,Mutant Ape NFT Trading Volume Surges By Nearly 300% Following News Of SEC Investigation Into Yuga Labs,Mutant Ape NFT Trading Volume Surges By Nearly 300% Following News Of SEC Investigation Into Yuga Labs,news,200,Indexable,1915,158,0,0,,,0,0,yes,delete,high,P1,no_signal
https://coincu.com/mutant-ape-yacht-club-lowest-level/,Mutant Ape Yacht Club Revenue Hits The Lowest Level In 2022,Mutant Ape Yacht Club Revenue Hits The Lowest Level In 2022,news,200,Indexable,2137,156,0,0,,,0,0,yes,delete,high,P1,no_signal
https://coincu.com/my-big-coin-founder-8-years-prison-fraud/,My Big Coin Founder Sentenced To Over 8 Years In Prison For Million-Dollar Fraud,My Big Coin Founder Sentenced To Over 8 Years In Prison For Million-Dollar Fraud,news,200,Indexable,2121,453,0,0,,,0,0,yes,delete,high,P1,no_signal
https://coincu.com/my-big-coin-founder-found-guilty/,My Big Coin Founder Found Guilty Of Cryptocurrency Fraud.,My Big Coin Founder Found Guilty Of Cryptocurrency Fraud.,news,200,Indexable,2043,155,0,0,,,0,0,yes,delete,high,P1,no_signal
https://coincu.com/my-pet-hooligan-launches-hooli-with-hell-or-high-hooli-mini-series/,My Pet Hooligan Launches $HOOLI with “Hell or High Hooli” Mini-Series,My Pet Hooligan Launches $HOOLI with “Hell or High Hooli” Mini-Series,news,200,Indexable,2178,45,0,0,,,0,0,yes,delete,high,P1,no_signal
https://coincu.com/myanmar-seek-to-issue-cbdc-to-finance/,Exiled Democratic Leaders Of Myanmar Seek To Issue CBDC To Finance The Uprising,Exiled Democratic Leaders Of Myanmar Seek To Issue CBDC To Finance The Uprising,news,200,Indexable,2191,157,0,0,,,0,0,yes,delete,high,P1,no_signal
https://coincu.com/myanmar-set-for-first-crypto-based-bank/,Myanmar Set For First Crypto-Based Bank To Boost Financial Inclusion,Myanmar Set For First Crypto-Based Bank To Boost Financial Inclusion,news,200,Indexable,2545,171,0,0,,,0,0,yes,delete,high,P1,no_signal
https://coincu.com/myshell-set-a-new-industry-standard-fastest-ai/,MyShell to Set a New Industry Standard as the Fastest AI on BSC,MyShell to Set a New Industry Standard as the Fastest AI on BSC,news,200,Indexable,4608,173,0,0,,,0,0,yes,delete,high,P1,no_signal
https://coincu.com/mysten-labs-ceo-welcomes-hashed-co-founder/,Mysten Labs CEO Welcomes Hashed Co-Founder To Web3 Foundation Executive Team,Mysten Labs CEO Welcomes Hashed Co-Founder To Web3 Foundation Executive Team,news,200,Indexable,2196,183,0,0,,,0,0,yes,delete,high,P1,no_signal
https://coincu.com/mysten-labs-is-hacked-on-discord/,Mysten Labs The Company Behind The Sui Blockchain Is Hacked On Discord,Mysten Labs The Company Behind The Sui Blockchain Is Hacked On Discord,news,200,Indexable,2050,156,0,0,,,0,0,yes,delete,high,P1,no_signal
https://coincu.com/mysten-labs-launches-bullshark-quest-2/,"Mysten Labs Launches Bullshark Quest 2, Rewarding 5 Million SUI","Mysten Labs Launches Bullshark Quest 2, Rewarding 5 Million SUI",news,200,Indexable,2173,104,0,0,,,0,0,yes,delete,high,P1,no_signal
https://coincu.com/mysten-labs-partners-with-alibaba/,Mysten Labs Partners With Alibaba Cloud to Support Sui Ecosystem's Growth,Mysten Labs Partners With Alibaba Cloud to Support Sui Ecosystem’s Growth,news,200,Indexable,2118,247,0,0,,,0,0,yes,delete,high,P1,no_signal
https://coincu.com/mysten-labs-sui-foundation-quest-2-event/,Mysten Labs And Sui Foundation Prolong Bullshark Quest 2 Event for Deeper DeFi Exploration,Mysten Labs And Sui Foundation Prolong Bullshark Quest 2 Event for Deeper DeFi Exploration,news,200,Indexable,2067,90,0,0,,,0,0,yes,delete,high,P1,no_signal
https://coincu.com/mysten-labs-technology-prototype-on-sui-provides-first-proof-of-elastic-blockchain-scaling/,Mysten Labs Technology Prototype on Sui Provides First Proof of Elastic Blockchain Scaling,Mysten Labs Technology Prototype on Sui Provides First Proof of Elastic Blockchain Scaling,news,200,Indexable,2398,50,0,0,,,0,0,yes,delete,high,P1,no_signal
https://coincu.com/mysterious-on-chain-behavior-of-nd4eth-rumors/,Mysterious On-Chain Behavior Of nd4.eth Raises Concerns And Rumors,Mysterious On-Chain Behavior Of nd4.eth Raises Concerns And Rumors,news,200,Indexable,2031,158,0,0,,,0,0,yes,delete,high,P1,no_signal
https://coincu.com/mysterious-whale-moved-3-billion-btc/,Mysterious Whale Suddenly Moved $3 Billion BTC,Mysterious Whale Suddenly Moved $3 Billion BTC,news,200,Indexable,2233,76,0,0,,,0,0,yes,delete,high,P1,no_signal
https://coincu.com/nab-blocks-crypto-payments-worth-a270-million/,NAB Blocks Crypto Payments Worth Over A$270 Million Due To Scam Concerns,NAB Blocks Crypto Payments Worth Over A$270 Million Due To Scam Concerns,news,200,Indexable,2167,161,0,0,,,0,0,yes,delete,high,P1,no_signal
https://coincu.com/nakamoto-1-for-40-reverse-stock-split-nasdaq-listing/,Nakamoto 1-for-40 Reverse Stock Split Targets Nasdaq Listing,Nakamoto 1-for-40 Reverse Stock Split Targets Nasdaq Listing,news,200,Indexable,2532,212,0,0,,,0,0,yes,delete,high,P1,no_signal
https://coincu.com/nakamoto-almost-chose-call-bitcoin-netcoin/,Nakamoto Almost Chose To Call Bitcoin Netcoin,Nakamoto Almost Chose To Call Bitcoin Netcoin,news,200,Indexable,2207,157,0,0,,,0,0,yes,delete,high,P1,no_signal
https://coincu.com/namecheap-com-hacked-for-phishing-campaign/,Namecheap.com Suddenly Got Hacked For Phishing Campaign Disguising As MetaMask,Namecheap.com Suddenly Got Hacked For Phishing Campaign Disguising As MetaMask,news,200,Indexable,2198,181,0,0,,,0,0,yes,delete,high,P1,no_signal
https://coincu.com/namibia-embraces-regulation-new-law/,Namibia Embraces Regulation: New Law Sets Framework For Crypto Industry Oversight,Namibia Embraces Regulation: New Law Sets Framework For Crypto Industry Oversight,news,200,Indexable,2352,107,0,0,,,0,0,yes,delete,high,P1,no_signal
https://coincu.com/namibia-now-legalizes-crypto-and-digital-asset/,Namibia Now Legalizes Crypto And Digital Asset,Namibia Now Legalizes Crypto And Digital Asset,news,200,Indexable,2147,95,0,0,,,0,0,yes,delete,high,P1,no_signal
https://coincu.com/namibian-court-revokes-bail-8-defendants-crypto-fraud-human-trafficking-case/,Namibian Court Revokes Bail for 8 Defendants in Crypto Fraud Case,Namibian Court Revokes Bail for 8 Defendants in Crypto Fraud Case,news,200,Indexable,2346,156,0,0,,,0,0,yes,delete,high,P1,no_signal
https://coincu.com/nansen-discloses-data-breach/,Nansen Discloses Data Breach Affected 6.8% Of Its User,Nansen Discloses Data Breach Affected 6.8% Of Its User,news,200,Indexable,2101,101,0,0,,,0,0,yes,delete,high,P1,no_signal
https://coincu.com/nansen-launches-ai-powered-trading-on/,Nansen Launches AI-Powered Trading on Solana and Base Networks,Nansen Launches AI-Powered Trading on Solana and Base Networks,news,200,Indexable,2102,116,0,0,,,0,0,yes,delete,high,P1,no_signal
https://coincu.com/nasdaq-and-kraken-to-launch-24-7tokenized/,Nasdaq and Kraken to Launch 24/7 Tokenized Stock Trading by 2027,Nasdaq and Kraken to Launch 24/7 Tokenized Stock Trading by 2027,news,200,Indexable,2096,130,0,0,,,0,0,yes,delete,high,P1,no_signal
https://coincu.com/nasdaq-bitcoin-index-options/,Nasdaq Bitcoin Index Options Seeks SEC Approval to Launch,Nasdaq Bitcoin Index Options Seeks SEC Approval to Launch,news,200,Indexable,2165,104,0,0,,,0,0,yes,delete,high,P1,no_signal
https://coincu.com/nasdaq-forced-update-spot-ethereum-etf-fillings/,Nasdaq Forced To Update Spot Ethereum ETF Fillings: Report,Nasdaq Forced To Update Spot Ethereum ETF Fillings: Report,news,200,Indexable,2146,144,0,0,,,0,0,yes,delete,high,P1,no_signal
https://coincu.com/nasdaq-is-boosted-by-bitcoin/,Nasdaq Is boosted By Bitcoin As The NCI Index Gains 38% In January,Nasdaq Is boosted By Bitcoin As The NCI Index Gains 38% In January,news,200,Indexable,2223,131,0,0,,,0,0,yes,delete,high,P1,no_signal
https://coincu.com/nasdaq-named-coinbase/,Nasdaq Named Coinbase As Surveillance For Groundbreaking Bitcoin ETF Launch,Nasdaq Named Coinbase As Surveillance For Groundbreaking Bitcoin ETF Launch,news,200,Indexable,2228,139,0,0,,,0,0,yes,delete,high,P1,no_signal
https://coincu.com/nasdaq-now-withdraws-bitcoin-etf-options/,Nasdaq Now Withdraws Bitcoin ETF Options Proposals Amid Skepticism Over SEC Approval,Nasdaq Now Withdraws Bitcoin ETF Options Proposals Amid Skepticism Over SEC Approval,news,200,Indexable,2090,153,0,0,,,0,0,yes,delete,high,P1,no_signal
https://coincu.com/nasdaq-requires-clear-regulations-crypto/,Nasdaq Requires Clear Regulations To Start Its Crypto Exchange,Nasdaq Requires Clear Regulations To Start Its Crypto Exchange,news,200,Indexable,2164,156,0,0,,,0,0,yes,delete,high,P1,no_signal
https://coincu.com/nasdaq-sec-approval-bitcoin-index-options/,Nasdaq Receives SEC Approval to List Bitcoin Index Options,Nasdaq Receives SEC Approval to List Bitcoin Index Options,news,200,Indexable,2443,156,0,0,,,0,0,yes,delete,high,P1,no_signal
https://coincu.com/nasdaq-to-launch-crypto-custody-services-q2/,Nasdaq To Launch Cryptocurrency Custody Services By Q2 End,Nasdaq To Launch Cryptocurrency Custody Services By Q2 End,news,200,Indexable,2139,128,0,0,,,0,0,yes,delete,high,P1,no_signal
https://coincu.com/nasdaq-tokenized-stock-sec-application/,Nasdaq Seeks SEC Approval for Tokenized Stock Trading,Nasdaq Seeks SEC Approval for Tokenized Stock Trading,news,200,Indexable,2108,97,0,0,,,0,0,yes,delete,high,P1,no_signal
https://coincu.com/national-australia-bank-blocks-crypto-exchanges/,National Australia Bank Blocks Transactions with 'High-Risk' Crypto Exchanges,National Australia Bank Blocks Transactions with ‘High-Risk’ Crypto Exchanges,news,200,Indexable,2126,138,0,0,,,0,0,yes,delete,high,P1,no_signal
https://coincu.com/national-bank-of-bahrain-supports-bitcoin/,National Bank of Bahrain Supports Bitcoin With New Investment Product,National Bank of Bahrain Supports Bitcoin With New Investment Product,news,200,Indexable,2050,69,0,0,,,0,0,yes,delete,high,P1,no_signal
https://coincu.com/national-bank-of-cambodia-allows-crypto/,National Bank of Cambodia Allows Institutions to Pay in Crypto,National Bank of Cambodia Allows Institutions to Pay in Crypto,news,200,Indexable,2057,157,0,0,,,0,0,yes,delete,high,P1,no_signal
https://coincu.com/national-bank-of-canada-sheds-bitcoin-holdings/,National Bank of Canada Sheds Bitcoin ETF Holdings With Volatility Hedging,National Bank of Canada Sheds Bitcoin ETF Holdings With Volatility Hedging,news,200,Indexable,2153,114,0,0,,,0,0,yes,delete,high,P1,no_signal
https://coincu.com/national-bank-of-poland-rejects-bitcoin/,National Bank of Poland Rejects Bitcoin as National Reserve Asset,National Bank of Poland Rejects Bitcoin as National Reserve Asset,news,200,Indexable,2121,113,0,0,,,0,0,yes,delete,high,P1,no_signal
https://coincu.com/national-blockchain-strategy-vietnam/,National Blockchain Strategy Vietnam Aims for Broader Reach,National Blockchain Strategy Vietnam Aims for Broader Reach,news,200,Indexable,1981,163,0,0,,,0,0,yes,delete,high,P1,no_signal
https://coincu.com/native-usdc-available-base-network/,Native USDC Now Seamlessly Available On Base Network,Native USDC Now Seamlessly Available On Base Network,news,200,Indexable,2007,128,0,0,,,0,0,yes,delete,high,P1,no_signal
https://coincu.com/native-usdc-on-aptos-coming-soon/,Native USDC on Aptos Coming Soon to Boost DeFi and P2P Transactions,Native USDC on Aptos Coming Soon to Boost DeFi and P2P Transactions,news,200,Indexable,2041,134,0,0,,,0,0,yes,delete,high,P1,no_signal
https://coincu.com/nayib-bukele-net-worth-the-bitcoin-enthusiast-president/,Nayib Bukele Net Worth: The Bitcoin Enthusiast President,Nayib Bukele Net Worth: The Bitcoin Enthusiast President,news,200,Indexable,4278,167,0,0,,,0,0,yes,delete,high,P1,no_signal
https://coincu.com/nayib-bukele-praises-bitcoin/,El Salvador's President Nayib Bukele Praises Bitcoin Not A Ponzi Like FTX,El Salvador’s President Nayib Bukele Praises Bitcoin Not A Ponzi Like FTX,news,200,Indexable,2034,189,0,0,,,0,0,yes,delete,high,P1,no_signal
https://coincu.com/nba-metaverse-create-a-3d-avatar-new-tech/,NBA Metaverse: Create A 3D Avatar With New Scanning Technology,NBA Metaverse: Create A 3D Avatar With New Scanning Technology,news,200,Indexable,1970,180,0,0,,,0,0,yes,delete,high,P1,no_signal
https://coincu.com/nbx-2023-berlin-web3-innovation-in-europe/,NBX 2023 Berlin: The Forefront of Web3 Innovation in Europe Returns,NBX 2023 Berlin: The Forefront of Web3 Innovation in Europe Returns,news,200,Indexable,2345,146,0,0,,,0,0,yes,delete,high,P1,no_signal
https://coincu.com/nca-expands-elite-team-to-combat-crypto-crime/,NCA Expands Elite Team To Combat Crypto Crime Surge In UK,NCA Expands Elite Team To Combat Crypto Crime Surge In UK,news,200,Indexable,2133,116,0,0,,,0,0,yes,delete,high,P1,no_signal
https://coincu.com/ncua-proposed-rules-payment-stablecoin-issuance-standards/,NCUA Issues Proposed Rules on Payment Stablecoin Issuance Standards,NCUA Issues Proposed Rules on Payment Stablecoin Issuance Standards,news,200,Indexable,2787,161,0,0,,,0,0,yes,delete,high,P1,no_signal
https://coincu.com/nd4-eth-burns-tokens-nfts-8-2-million/,nd4.eth Burns Tokens And NFTs Worth Over $8.2 Million In Value,nd4.eth Burns Tokens And NFTs Worth Over $8.2 Million In Value,news,200,Indexable,1949,121,0,0,,,0,0,yes,delete,high,P1,no_signal
https://coincu.com/near-and-polygon-unite-the-zkwasm-collaboration/,The zkWASM Collaboration Unites NEAR and Polygon,NEAR Foundation and Polygon Labs Unite in the zkWASM Collaboration,news,200,Indexable,2066,155,0,0,,,0,0,yes,delete,high,P1,no_signal
https://coincu.com/near-eyes-3-6x-run-as-ai-narrative-builds/,NEAR Eyes 3–6x Run as AI Narrative Builds Ahead of TAO Halving,NEAR Eyes 3–6x Run as AI Narrative Builds Ahead of TAO Halving,news,200,Indexable,1867,147,0,0,,,0,0,yes,delete,high,P1,no_signal
https://coincu.com/near-foundation-and-hibiki-music-expansion/,NEAR Foundation and Hibiki Run Join Forces for Music Expansion,NEAR Foundation and Hibiki Run Join Forces for Music Expansion,news,200,Indexable,2292,168,0,0,,,0,0,yes,delete,high,P1,no_signal
https://coincu.com/near-foundation-and-sk-inc-campc/,NEAR Foundation And SK Inc. C&C Unite For Innovation In Web3,NEAR Foundation And SK Inc. C&C Unite For Innovation In Web3,news,200,Indexable,2105,147,0,0,,,0,0,yes,delete,high,P1,no_signal
https://coincu.com/near-foundation-improves-grant-allocation/,NEAR Foundation Improves Grant Allocation Process From Early 2023,NEAR Foundation Improves Grant Allocation Process From Early 2023,news,200,Indexable,2141,308,0,0,,,0,0,yes,delete,high,P1,no_signal
https://coincu.com/near-foundation-rejects-11-2m-usn-redemption/,"NEAR Foundation Rejects $11.2M USN Redemption, Sparks Crypto Controversy","NEAR Foundation Rejects $11.2M USN Redemption, Sparks Crypto Controversy",news,200,Indexable,2164,116,0,0,,,0,0,yes,delete,high,P1,no_signal
https://coincu.com/near-foundation-released-report/,NEAR Foundation Released The Transparency Report For Q3 Of 2022,NEAR Foundation Released The Transparency Report For Q3 Of 2022,news,200,Indexable,2210,145,0,0,,,0,0,yes,delete,high,P1,no_signal
https://coincu.com/near-foundation-sponsors-composable/,NEAR Foundation Sponsors Composable Finance To Promote DeFi Of The Ecosystem,NEAR Foundation Sponsors Composable Finance To Promote DeFi Of The Ecosystem,news,200,Indexable,2197,97,0,0,,,0,0,yes,delete,high,P1,no_signal
https://coincu.com/near-price-surge-key-support-to-8-00/,Near Price Set to Surge as Key Support Signals Potential Gains to $8.00,Near Price Set to Surge as Key Support Signals Potential Gains to $8.00,news,200,Indexable,2154,116,0,0,,,0,0,yes,delete,high,P1,no_signal
https://coincu.com/near-protocol-cooperates-google-cloud/,"Near Protocol Cooperates With Google Cloud, Strengthens Technical Upgrade","Near Protocol Cooperates With Google Cloud, Strengthens Technical Upgrade",news,200,Indexable,1931,158,0,0,,,0,0,yes,delete,high,P1,no_signal
https://coincu.com/near-protocol-inflation-adjustment/,NEAR Protocol's Inflation Adjustment Sparks Governance Debate,NEAR Protocol’s Inflation Adjustment Sparks Governance Debate,news,200,Indexable,2187,103,0,0,,,0,0,yes,delete,high,P1,no_signal
https://coincu.com/near-protocol-near-intents-impact/,NEAR Protocol's Ecosystem Boosted by Near Intents Platform,NEAR Protocol’s Ecosystem Boosted by Near Intents Platform,news,200,Indexable,2127,81,0,0,,,0,0,yes,delete,high,P1,no_signal
https://coincu.com/near-protocol-seeks-to-concentrate/,NEAR Protocol Seeks To Concentrate On Rapid Development In These Fields,NEAR Protocol Seeks To Concentrate On Rapid Development In These Fields,news,200,Indexable,2070,157,0,0,,,0,0,yes,delete,high,P1,no_signal
https://coincu.com/near-protocol-selects-wormhole-bridge/,NEAR Protocol Selects Wormhole As Official Cross Chain Bridge To Develop ZK,NEAR Protocol Selects Wormhole As Official Cross Chain Bridge To Develop ZK,news,200,Indexable,2096,156,0,0,,,0,0,yes,delete,high,P1,no_signal
https://coincu.com/nearly-90-of-americans-know-crypto/,Nearly 90% Of Americans Know Crypto But Still Don't Believe It Completely,Nearly 90% Of Americans Know Crypto But Still Don’t Believe It Completely,news,200,Indexable,2256,148,0,0,,,0,0,yes,delete,high,P1,no_signal
https://coincu.com/nectar-ai-raises-3-9m-to-build-uncensored-immersive-ai-companions/,Nectar AI Raises $3.9M to Build Uncensored Immersive AI Companions - Coincu - Latest Cryptocurrency News and AnalysisNectar AI Raises $3.9M to Build Uncensored Immersive AI Companions,Nectar AI Raises $3.9M to Build Uncensored Immersive AI Companions,news,200,Indexable,2282,154,0,0,,,0,0,yes,delete,high,P1,no_signal
https://coincu.com/neiro-gotbit-partnership-raising-many-doubts/,Neiro Gotbit Partnership Is Now Raising Many Doubts,Neiro Gotbit Partnership Is Now Raising Many Doubts,news,200,Indexable,2144,112,0,0,,,0,0,yes,delete,high,P1,no_signal
https://coincu.com/nend-launch-pioneering-real-world-asset-tokenization-and-financial-innovation/,NEND Launch: Pioneering Real-World Asset Tokenization and Financial Innovation,NEND Launch: Pioneering Real-World Asset Tokenization and Financial Innovation,news,200,Indexable,2412,204,0,0,,,0,0,yes,delete,high,P1,no_signal
https://coincu.com/neobank-n26-launches-crypto-trading/,Neobank N26 Launches Crypto Trading Via A Partnership With Bitpanda,Neobank N26 Launches Crypto Trading Via A Partnership With Bitpanda,news,200,Indexable,2126,134,0,0,,,0,0,yes,delete,high,P1,no_signal
https://coincu.com/neon-evm-now-supports-ethereum-on-solana/,Neon EVM Now Supports Ethereum Applications On Solana Blockchain,Neon EVM Now Supports Ethereum Applications On Solana Blockchain,news,200,Indexable,2035,113,0,0,,,0,0,yes,delete,high,P1,no_signal
https://coincu.com/neon-labs-begins-the-transition-to-mainnet/,Neon Labs Begins The Transition To Mainnet,Neon Labs Begins The Transition To Mainnet,news,200,Indexable,1884,155,0,0,,,0,0,yes,delete,high,P1,no_signal
https://coincu.com/neon-labs-plans-to-release-evm/,Neon Labs Plans To Release EVM On Solana On December 12,Neon Labs Plans To Release EVM On Solana On December 12,news,200,Indexable,1919,155,0,0,,,0,0,yes,delete,high,P1,no_signal
https://coincu.com/neopin-business-model/,Neopin - Analysis of the Business Model.,Neopin – Analysis of the Business Model.,news,200,Indexable,3101,87,0,0,,,0,0,yes,delete,high,P1,no_signal
https://coincu.com/neowiz-holdings-expands-blockchain-business/,Neowiz Holdings Expands Blockchain Business Potential In UAE With New Corporation,Neowiz Holdings Expands Blockchain Business Potential In UAE With New Corporation,news,200,Indexable,2197,154,0,0,,,0,0,yes,delete,high,P1,no_signal
https://coincu.com/neowiz-levels-up-with-avalanche/,South Korea's Neowiz Levels Up With Avalanche In Web3 Gaming Collaboration,South Korea’s Neowiz Levels Up With Avalanche In Web3 Gaming Collaboration,news,200,Indexable,2047,118,0,0,,,0,0,yes,delete,high,P1,no_signal
https://coincu.com/nepal-has-been-prohibit-all-crypto/,Nepal Has Been Forced To Prohibit All Crypto-related Websites,Nepal Has Been Forced To Prohibit All Crypto-related Websites,news,200,Indexable,2027,158,0,0,,,0,0,yes,delete,high,P1,no_signal
https://coincu.com/net-outflow-last-week-was-6-5m/,Net Outflow Of Digital Asset Investment Products Last Week Was $6.5M: Report,Net Outflow Of Digital Asset Investment Products Last Week Was $6.5M: Report,news,200,Indexable,2218,120,0,0,,,0,0,yes,delete,high,P1,no_signal
https://coincu.com/netflix-director-carl-rinsch-11m-crypto-fraud/,Netflix Director Carl Rinsch Charged With $11M Crypto Fraud,Netflix Director Carl Rinsch Charged With $11M Crypto Fraud,news,200,Indexable,2264,144,0,0,,,0,0,yes,delete,high,P1,no_signal
https://coincu.com/netgear-joins-the-superrare-dao/,Netgear Joins The SuperRare DAO To Create A Model For NFT Art Licensing,Netgear Joins The SuperRare DAO To Create A Model For NFT Art Licensing,news,200,Indexable,2111,142,0,0,,,0,0,yes,delete,high,P1,no_signal
https://coincu.com/netherlands-arrests-man-laundering-bitcoin/,Netherlands Arrests A Man Laundering Money With Bitcoin,Netherlands Arrests A Man Laundering Money With Bitcoin,news,200,Indexable,1930,85,0,0,,,0,0,yes,delete,high,P1,no_signal
https://coincu.com/nethermindv-unleashes-v1-20-2-holesky-testnet/,Nethermindv Unleashes v1.20.2 for Holesky Testnet Triumph,Nethermindv Unleashes v1.20.2 for Holesky Testnet Triumph,news,200,Indexable,2109,170,0,0,,,0,0,yes,delete,high,P1,no_signal
https://coincu.com/network-contracts-liquidated-75-9m-lost-in-24-h/,"Network Contracts Liquidated: $75.9M Lost in 24 Hours, Shocking Traders!","Network Contracts Liquidated: $75.9M Lost in 24 Hours, Shocking Traders!",news,200,Indexable,2157,129,0,0,,,0,0,yes,delete,high,P1,no_signal
https://coincu.com/network-outages-is-in-the-works/,Network Outages Is In The Works: Solana Co-Founder,Network Outages Is In The Works: Solana Co-Founder,news,200,Indexable,1982,131,0,0,,,0,0,yes,delete,high,P1,no_signal
https://coincu.com/neutrino-community-votes-usdn/,Neutrino Community Votes To Transform USDN Into Multi-Collateral Asset With A Soft Peg,Neutrino Community Votes To Transform USDN Into Multi-Collateral Asset With A Soft Peg,news,200,Indexable,2125,155,0,0,,,0,0,yes,delete,high,P1,no_signal
https://coincu.com/neutron-could-create-a-better-for-cosmos/,Why Neutron Could Create A Better Direction For The Cosmos Ecosystem?,Why Neutron Could Create A Better Direction For The Cosmos Ecosystem?,news,200,Indexable,3024,82,0,0,,,0,0,yes,delete,high,P1,no_signal
https://coincu.com/nevada-filed-to-take-over-prime-trust/,Nevada Regulator Filed To Take Over Prime Trust Crisis Company,Nevada Regulator Filed To Take Over Prime Trust Crisis Company,news,200,Indexable,2062,160,0,0,,,0,0,yes,delete,high,P1,no_signal
https://coincu.com/new-5-affordable-cryptos-that-could-deliver-life-changing-returns-in-2025/,*NEW* 5 Affordable Cryptos That Could Deliver Life-Changing Returns in 2025,*NEW* 5 Affordable Cryptos That Could Deliver Life-Changing Returns in 2025,news,200,Indexable,2548,319,0,0,,,0,0,yes,delete,high,P1,no_signal
https://coincu.com/new-ai-infrastructure-fund-blackrock-microsoft/,"New AI Infrastructure Fund Introduced, Backing by BlackRock & Microsoft","New AI Infrastructure Fund Introduced, Backing by BlackRock & Microsoft",news,200,Indexable,2182,116,0,0,,,0,0,yes,delete,high,P1,no_signal
https://coincu.com/new-ai-powered-trading-platform-skyrocketed-800-set-to-outperform-ripple-xrp-and-shiba-inu-shib/,"New AI-Powered Trading Platform Skyrocketed 800%, Set to Outperform Ripple (XRP) and Shiba Inu (SHIB)","New AI-Powered Trading Platform Skyrocketed 800%, Set to Outperform Ripple (XRP) and Shiba Inu (SHIB)",news,200,Indexable,2425,155,0,0,,,0,0,yes,delete,high,P1,no_signal
https://coincu.com/new-altcoin-mpeppe-creates-waves-with-pepecoin-whale-investors-backing-growth/,New Altcoin Mpeppe Creates Waves With Pepecoin Whale Investors Backing Growth,New Altcoin Mpeppe Creates Waves With Pepecoin Whale Investors Backing Growth,news,200,Indexable,2554,143,0,0,,,0,0,yes,delete,high,P1,no_signal
https://coincu.com/new-altsignals-tokens-could-be-launched/,"New AltSignals Tokens Could Be Launched With SingularityNet, Fetch.ai, and Ocean Merging","New AltSignals Tokens Could Be Launched With SingularityNet, Fetch.ai, and Ocean Merging",news,200,Indexable,2113,128,0,0,,,0,0,yes,delete,high,P1,no_signal
https://coincu.com/new-arb-staking-mechanism-holders-with-50-fees/,New ARB Staking Mechanism Will Reward Holders With 50% Surplus Fees,New ARB Staking Mechanism Will Reward Holders With 50% Surplus Fees,news,200,Indexable,2142,182,0,0,,,0,0,yes,delete,high,P1,no_signal
https://coincu.com/new-arb-uptrend-starts-as-double-bottom-formation-targets-0-80-1-20/,New $ARB Uptrend Starts as Double Bottom Formation Targets $0.80-1.20,New $ARB Uptrend Starts as Double Bottom Formation Targets $0.80-1.20,news,200,Indexable,2075,119,0,0,,,0,0,yes,delete,high,P1,no_signal
https://coincu.com/new-arbitrum-expansion-plan-launched/,New Arbitrum Expansion Plan Launched To Support The Creation Of Custom Chains,New Arbitrum Expansion Plan Launched To Support The Creation Of Custom Chains,news,200,Indexable,1963,87,0,0,,,0,0,yes,delete,high,P1,no_signal
https://coincu.com/new-arkham-derivatives-exchange/,New Arkham Derivatives Exchange Will Be Launched Next Month,New Arkham Derivatives Exchange Will Be Launched Next Month,news,200,Indexable,2114,123,0,0,,,0,0,yes,delete,high,P1,no_signal
https://coincu.com/new-bahamas-digital-asset-legislation-passed/,New Bahamas Digital Asset Legislation Passed to Strengthen Crypto Asset Management,New Bahamas Digital Asset Legislation Passed to Strengthen Crypto Asset Management,news,200,Indexable,2115,131,0,0,,,0,0,yes,delete,high,P1,no_signal
https://coincu.com/new-binance-independent-monitor/,New Binance Independent Monitor Is The Law Firm Handled The FTX Bankruptcy Case,New Binance Independent Monitor Is The Law Firm Handled The FTX Bankruptcy Case,news,200,Indexable,2149,90,0,0,,,0,0,yes,delete,high,P1,no_signal
https://coincu.com/new-binance-tokenomics-feature-integrated/,New Binance Tokenomics Feature Integrated To Support Users Stay Informed,New Binance Tokenomics Feature Integrated To Support Users Stay Informed,news,200,Indexable,2100,108,0,0,,,0,0,yes,delete,high,P1,no_signal
https://coincu.com/new-binance-uk-users-not-be-accessed/,New Binance UK Users Will Not Be Accessed To The Exchange From October 16,New Binance UK Users Will Not Be Accessed To The Exchange From October 16,news,200,Indexable,2169,100,0,0,,,0,0,yes,delete,high,P1,no_signal
https://coincu.com/new-bis-plan-promotes-monitoring-crypto-banks/,New BIS Plan Promotes Monitoring Of Banks' Crypto Holding,New BIS Plan Promotes Monitoring Of Banks’ Crypto Holding,news,200,Indexable,2100,94,0,0,,,0,0,yes,delete,high,P1,no_signal
https://coincu.com/new-bitcoin-supercycle-could-push-price/,"New Bitcoin Supercycle Could Push Price To $500,000","New Bitcoin Supercycle Could Push Price To $500,000",news,200,Indexable,2082,108,0,0,,,0,0,yes,delete,high,P1,no_signal
https://coincu.com/new-blackrock-spot-bitcoin-etf-ad-to-drive/,New BlackRock Spot Bitcoin ETF Ad Continues To Drive Fund's Popularity,New BlackRock Spot Bitcoin ETF Ad Continues To Drive Fund’s Popularity,news,200,Indexable,2110,108,0,0,,,0,0,yes,delete,high,P1,no_signal
https://coincu.com/new-btc-whale-bought-3-billion-bitcoin/,New BTC Whale Bought $3 Billion Of Bitcoin In Just 2 Weeks,New BTC Whale Bought $3 Billion Of Bitcoin In Just 2 Weeks,news,200,Indexable,1996,132,0,0,,,0,0,yes,delete,high,P1,no_signal
https://coincu.com/new-california-crypto-regulation-designed/,New California Crypto Regulation Designed To Manage The Crypto Boom,New California Crypto Regulation Designed To Manage The Crypto Boom,news,200,Indexable,2128,150,0,0,,,0,0,yes,delete,high,P1,no_signal
https://coincu.com/new-california-law-stops-forced/,New California Law Stops Forced Liquidation of Unclaimed Cryptocurrencies,New California Law Stops Forced Liquidation of Unclaimed Cryptocurrencies,news,200,Indexable,2072,154,0,0,,,0,0,yes,delete,high,P1,no_signal
https://coincu.com/new-chainlink-transporter-app/,New Chainlink Transporter App Launched For Seamless Cross-chain Asset Transfers,New Chainlink Transporter App Launched For Seamless Cross-chain Asset Transfers,news,200,Indexable,2079,117,0,0,,,0,0,yes,delete,high,P1,no_signal
https://coincu.com/new-coinbase-class-action-lawsuit/,New Coinbase Class Action Lawsuit Is Attacking Exchange With Securities Listing Charges,New Coinbase Class Action Lawsuit Is Attacking Exchange With Securities Listing Charges,news,200,Indexable,2148,143,0,0,,,0,0,yes,delete,high,P1,no_signal
https://coincu.com/new-committee-chair-will-push-crypto-market/,New Committee Chair Will Push Crypto Market Structure Bill In First 100 Days,New Committee Chair Will Push Crypto Market Structure Bill In First 100 Days,news,200,Indexable,2158,145,0,0,,,0,0,yes,delete,high,P1,no_signal
https://coincu.com/new-crypto-czar-appointed-by-trump/,New Crypto Czar Appointed by President-elect Trump to Lead Industry,New Crypto Czar Appointed by President-elect Trump to Lead Industry,news,200,Indexable,2154,162,0,0,,,0,0,yes,delete,high,P1,no_signal
https://coincu.com/new-crypto-scam-through-investment-app-fake/,New Crypto Scam Through Cryptocurrency Investment App Fake,New Crypto Scam Through Cryptocurrency Investment App Fake,news,200,Indexable,2130,137,0,0,,,0,0,yes,delete,high,P1,no_signal
https://coincu.com/new-cto-andre-cronje-will-lead-sonic-labs/,New CTO Andre Cronje Will Lead Sonic Labs Going Forward,New CTO Andre Cronje Will Lead Sonic Labs Going Forward,news,200,Indexable,2115,95,0,0,,,0,0,yes,delete,high,P1,no_signal
https://coincu.com/new-department-of-government-efficiency/,New Department of Government Efficiency Will Be Led by Musk,New Department of Government Efficiency Will Be Led by Musk,news,200,Indexable,2136,119,0,0,,,0,0,yes,delete,high,P1,no_signal
https://coincu.com/new-detroit-tax-payment-option/,New Detroit Tax Payment Option Will Support Crypto by 2025,New Detroit Tax Payment Option Will Support Crypto by 2025,news,200,Indexable,2119,116,0,0,,,0,0,yes,delete,high,P1,no_signal
https://coincu.com/new-el-salvador-bitcoin-act-announced/,New El Salvador Bitcoin Act Announced Amid IMF Pressure,New El Salvador Bitcoin Act Announced Amid IMF Pressure,news,200,Indexable,2079,156,0,0,,,0,0,yes,delete,high,P1,no_signal
https://coincu.com/new-el-salvador-bitcoin-purchase-boosted/,New El Salvador Bitcoin Purchase Boosted With 11 BTC,New El Salvador Bitcoin Purchase Boosted With 11 BTC,news,200,Indexable,2107,161,0,0,,,0,0,yes,delete,high,P1,no_signal
https://coincu.com/new-fasb-crypto-rules-affect-crypto-companies/,New FASB Crypto Rules Will Affect Crypto Companies By 2025,New FASB Crypto Rules Will Affect Crypto Companies By 2025,news,200,Indexable,2088,167,0,0,,,0,0,yes,delete,high,P1,no_signal
https://coincu.com/new-fidelity-blockchain-fund-is-about-to-launch/,New Fidelity Blockchain Fund Is About to Launch,New Fidelity Blockchain Fund Is About to Launch,news,200,Indexable,2114,129,0,0,,,0,0,yes,delete,high,P1,no_signal
https://coincu.com/new-floki-staking-feature-will-appear-soon/,New Floki Staking Feature Will Appear Soon To Boost The Ecosystem,New Floki Staking Feature Will Appear Soon To Boost The Ecosystem,news,200,Indexable,1931,144,0,0,,,0,0,yes,delete,high,P1,no_signal
https://coincu.com/new-franklin-crypto-index-etf-seeks-approval/,New Franklin Crypto Index ETF Seeks Approval to Expand Trading for Crypto Investors,New Franklin Crypto Index ETF Seeks Approval to Expand Trading for Crypto Investors,news,200,Indexable,2094,135,0,0,,,0,0,yes,delete,high,P1,no_signal
https://coincu.com/new-franklin-crypto-index-etf-seeks-sec-approval/,New Franklin Crypto Index ETF Seeks SEC Approval,New Franklin Crypto Index ETF Seeks SEC Approval,news,200,Indexable,2188,97,0,0,,,0,0,yes,delete,high,P1,no_signal
https://coincu.com/new-ftx-ceo-declares-sbf-involvement/,New FTX CEO Declares Sam Bankman-Fried's Involvement Has Been Terminated,New FTX CEO Declares Sam Bankman-Fried’s Involvement Has Been Terminated,news,200,Indexable,2029,133,0,0,,,0,0,yes,delete,high,P1,no_signal
https://coincu.com/new-ftx-ceo-spends-5b-investment/,New FTX CEO Spends About $5 Billion Investments And Acquisitions,New FTX CEO Spends About $5 Billion Investments And Acquisitions,news,200,Indexable,2028,228,0,0,,,0,0,yes,delete,high,P1,no_signal
https://coincu.com/new-google-crypto-policies-will-support-ads/,New Google Crypto Policies Will Support Ads Related to Crypto Investment,New Google Crypto Policies Will Support Ads Related to Crypto Investment,news,200,Indexable,2106,132,0,0,,,0,0,yes,delete,high,P1,no_signal
https://coincu.com/new-gopax-leadership-interposed-by-binance/,New Gopax Leadership Gets Interposed by Binance,New Gopax Leadership Gets Interposed by Binance,news,200,Indexable,2090,135,0,0,,,0,0,yes,delete,high,P1,no_signal
https://coincu.com/new-grayscale-aave-trust-launched/,New Grayscale Aave Trust Launched to Expand Investments to DeFi,New Grayscale Aave Trust Launched to Expand Investments to DeFi,news,200,Indexable,2119,108,0,0,,,0,0,yes,delete,high,P1,no_signal
https://coincu.com/new-grayscale-avalanche-trust-launched/,New Grayscale Avalanche Trust Launched for AVAX Investors,New Grayscale Avalanche Trust Launched for AVAX Investors,news,200,Indexable,2107,159,0,0,,,0,0,yes,delete,high,P1,no_signal
https://coincu.com/new-hashdex-bitcoin-commercial-launched/,New Hashdex Bitcoin Commercial Launched To Celebrate Halving Event,New Hashdex Bitcoin Commercial Launched To Celebrate Halving Event,news,200,Indexable,2078,96,0,0,,,0,0,yes,delete,high,P1,no_signal
https://coincu.com/new-ico-clandeno-cld-launches-but-is-paypal-behind-it/,New ICO Clandeno (CLD) Launches but is PayPal Behind it? Binance Coin (BNB) & NEAR Protocol Prices Woes Continue,New ICO Clandeno (CLD) Launches but is PayPal Behind it? Binance Coin (BNB) & NEAR Protocol Prices Woes Continue,news,200,Indexable,2437,253,0,0,,,0,0,yes,delete,high,P1,no_signal
https://coincu.com/new-kraken-ceo-ripley/,New Kraken CEO Ripley Pointed Out His Strategy For Growth,New Kraken CEO Ripley Pointed Out His Strategy For Growth,news,200,Indexable,2194,121,0,0,,,0,0,yes,delete,high,P1,no_signal
https://coincu.com/new-lead-of-presidential-crypto-council/,The New Lead of Presidential Crypto Council Appointed by Trump Is Bo Hines,The New Lead of Presidential Crypto Council Appointed by Trump Is Bo Hines,news,200,Indexable,2087,105,0,0,,,0,0,yes,delete,high,P1,no_signal
https://coincu.com/new-makerdao-tokens-are-launched/,New MakerDAO Tokens Are Launched To Promote Protocol Governance,New MakerDAO Tokens Are Launched To Promote Protocol Governance,news,200,Indexable,2175,100,0,0,,,0,0,yes,delete,high,P1,no_signal
https://coincu.com/new-makerdao-tokens-were-introduced/,"New MakerDAO Tokens Were Introduced, DAI and MKR will Remain Available","New MakerDAO Tokens Were Introduced, DAI and MKR will Remain Available",news,200,Indexable,2109,114,0,0,,,0,0,yes,delete,high,P1,no_signal
https://coincu.com/new-mara-convertible-notes/,New MARA Convertible Notes Offering Worth $700M Launched,New MARA Convertible Notes Offering Worth $700M Launched,news,200,Indexable,2096,132,0,0,,,0,0,yes,delete,high,P1,no_signal
https://coincu.com/new-meme-coin-launch-rocky-surges-past-20m-market-cap-in-3-days-defying-the-market-trends/,"New meme coin launch $ROCKY surges past $20M Market cap in 3 days, defying the market trends","New meme coin launch $ROCKY surges past $20M Market cap in 3 days, defying the market trends",news,200,Indexable,2377,36,0,0,,,0,0,yes,delete,high,P1,no_signal
https://coincu.com/new-metamask-robinhood-partnership/,New MetaMask Robinhood Partnership Is Making It Easier For Web3 Users To Buy Crypto,New MetaMask Robinhood Partnership Is Making It Easier For Web3 Users To Buy Crypto,news,200,Indexable,2091,112,0,0,,,0,0,yes,delete,high,P1,no_signal
https://coincu.com/new-missed-bonk-heres-the-next-solana-meme-coin-about-to-moon/,*NEW* Missed BONK? Here’s the Next Solana Meme Coin About to Moon,*NEW* Missed BONK? Here’s the Next Solana Meme Coin About to Moon,news,200,Indexable,2441,202,0,0,,,0,0,yes,delete,high,P1,no_signal
https://coincu.com/new-nft-phishing-scam-opensea/,New NFT Phishing Scam Using The OpenSea Proxy To Upgrade The Interface,New NFT Phishing Scam Using The OpenSea Proxy To Upgrade The Interface,news,200,Indexable,2211,68,0,0,,,0,0,yes,delete,high,P1,no_signal
https://coincu.com/new-non-custodial-telegram-trading-bot-bitbot-raises-300k-in-first-72-hours-of-presale/,New Non-Custodial Telegram Trading Bot Bitbot Raises $300k In First 72 Hours Of Presale,New Non-Custodial Telegram Trading Bot Bitbot Raises $300k In First 72 Hours Of Presale,news,200,Indexable,2689,44,0,0,,,0,0,yes,delete,high,P1,no_signal
https://coincu.com/new-nova-labs-layoffs-affect-36-of-employees/,New Nova Labs Layoffs Affect 36% of Employees,New Nova Labs Layoffs Affect 36% of Employees,news,200,Indexable,2065,159,0,0,,,0,0,yes,delete,high,P1,no_signal
https://coincu.com/new-okx-european-hub-will-be-malta/,New OKX European Hub Will Be Malta To Strictly Comply With MiCA Framework,New OKX European Hub Will Be Malta To Strictly Comply With MiCA Framework,news,200,Indexable,2077,102,0,0,,,0,0,yes,delete,high,P1,no_signal
https://coincu.com/new-opensea-functionality/,New OpenSea Functionality Supports Users To Bridge And Swap Tokens For Free,New OpenSea Functionality Supports Users To Bridge And Swap Tokens For Free,news,200,Indexable,2095,89,0,0,,,0,0,yes,delete,high,P1,no_signal
https://coincu.com/new-paxos-singapore-executive-director-appointed/,New Paxos Singapore Executive Director Appointed to Enhance Market Expansion,New Paxos Singapore Executive Director Appointed to Enhance Market Expansion,news,200,Indexable,2079,127,0,0,,,0,0,yes,delete,high,P1,no_signal
https://coincu.com/new-project-three-arrowz-capitel/,New Project Three Arrowz Capitel Launched By Su Zhu,New Project Three Arrowz Capitel Launched By Su Zhu,news,200,Indexable,2176,139,0,0,,,0,0,yes,delete,high,P1,no_signal
https://coincu.com/new-proshares-ethereum-etfs-launched/,New ProShares Ethereum ETFs Launched With Targeting 2x and -2x Daily Ether Returns,New ProShares Ethereum ETFs Launched With Targeting 2x and -2x Daily Ether Returns,news,200,Indexable,2163,107,0,0,,,0,0,yes,delete,high,P1,no_signal
https://coincu.com/new-proshares-spot-ethereum-etf/,New ProShares Spot Ethereum ETF Was Filed Form 19b-4 to Trade on NYSE,New ProShares Spot Ethereum ETF Was Filed Form 19b-4 to Trade on NYSE,news,200,Indexable,2114,117,0,0,,,0,0,yes,delete,high,P1,no_signal
https://coincu.com/new-ripple-scam-was-warns-by-xrp/,New Ripple Scam Was Warns By XRP Ledger Developer,New Ripple Scam Was Warns By XRP Ledger Developer,news,200,Indexable,2154,154,0,0,,,0,0,yes,delete,high,P1,no_signal
https://coincu.com/new-robinhood-crypto-trading-api-launched/,New Robinhood Crypto Trading API Launched For US Users,New Robinhood Crypto Trading API Launched For US Users,news,200,Indexable,2134,168,0,0,,,0,0,yes,delete,high,P1,no_signal
https://coincu.com/new-russian-crypto-law-comes-into-effect/,New Russian Crypto Law Comes Into Effect November 1,New Russian Crypto Law Comes Into Effect November 1,news,200,Indexable,2157,127,0,0,,,0,0,yes,delete,high,P1,no_signal
https://coincu.com/new-satoshi-nakamoto-statue-unveiled/,New Satoshi Nakamoto Statue Unveiled at 3rd Annual Plan ₿ Forum,New Satoshi Nakamoto Statue Unveiled at 3rd Annual Plan ₿ Forum,news,200,Indexable,2080,128,0,0,,,0,0,yes,delete,high,P1,no_signal
https://coincu.com/new-sec-chair-appointed-by-donald-trump/,New SEC Chair Appointed by Donald Trump,New SEC Chair Appointed by Donald Trump,news,200,Indexable,2129,130,0,0,,,0,0,yes,delete,high,P1,no_signal
https://coincu.com/new-sec-chair-criticizes-us-crypto-crackdown/,New SEC Chair Criticizes US Crypto Crackdown Under Biden,New SEC Chair Criticizes US Crypto Crackdown Under Biden,news,200,Indexable,2128,82,0,0,,,0,0,yes,delete,high,P1,no_signal
https://coincu.com/new-stablecoin-bill-drafted/,New Stablecoin Bill Drafted Proposed To Enhance U.S. Regulatory Supervision,New Stablecoin Bill Drafted Proposed To Enhance U.S. Regulatory Supervision,news,200,Indexable,2185,155,0,0,,,0,0,yes,delete,high,P1,no_signal
https://coincu.com/new-stablecoin-regulations-bowman/,Federal Reserve's Michelle Bowman Advocates New Stablecoin Regulations,Federal Reserve’s Michelle Bowman Advocates New Stablecoin Regulations,news,200,Indexable,2173,147,0,0,,,0,0,yes,delete,high,P1,no_signal
https://coincu.com/new-standard-chartered-crypto-division/,New Standard Chartered Crypto Division Launched in Luxembourg,New Standard Chartered Crypto Division Launched in Luxembourg,news,200,Indexable,2069,124,0,0,,,0,0,yes,delete,high,P1,no_signal
https://coincu.com/new-telegram-gifts-feature-launched/,New Telegram Gifts Feature Launched With NFT Support,New Telegram Gifts Feature Launched With NFT Support,news,200,Indexable,2135,132,0,0,,,0,0,yes,delete,high,P1,no_signal
https://coincu.com/new-treasury-secretary-scott-bessent/,"New Treasury Secretary Scott Bessent Plans To Divest Dozens Of Assets, Including Crypto ETFs","New Treasury Secretary Scott Bessent Plans To Divest Dozens Of Assets, Including Crypto ETFs",news,200,Indexable,2157,154,0,0,,,0,0,yes,delete,high,P1,no_signal
https://coincu.com/new-upcoming-digital-identity-y-platfrom/,New Digital Identity Y Platfrom Will Be Launched To Compete With Worldcoin,New Digital Identity Y Platfrom Will Be Launched To Compete With Worldcoin,news,200,Indexable,2134,150,0,0,,,0,0,yes,delete,high,P1,no_signal
https://coincu.com/new-us-treasury-crypto-tax-rules/,New US Treasury Crypto Tax Rules Being Implemented in 2025,New US Treasury Crypto Tax Rules Being Implemented in 2025,news,200,Indexable,2140,152,0,0,,,0,0,yes,delete,high,P1,no_signal
https://coincu.com/new-us-treasury-secretary-announced/,New US Treasury Secretary Announced With Big Role During His Term,New US Treasury Secretary Announced With Big Role During His Term,news,200,Indexable,2195,144,0,0,,,0,0,yes,delete,high,P1,no_signal
https://coincu.com/new-usdt-recovery-tool-has-been-launched/,New USDT Recovery Tool Has Been Launched To Address Blockchain Risks,New USDT Recovery Tool Has Been Launched To Address Blockchain Risks,news,200,Indexable,2115,156,0,0,,,0,0,yes,delete,high,P1,no_signal
https://coincu.com/new-version-of-pandora-erc-404-to-be-released/,New Version Of Pandora ERC-404 To Be Released Soon,New Version Of Pandora ERC-404 To Be Released Soon,news,200,Indexable,2068,127,0,0,,,0,0,yes,delete,high,P1,no_signal
https://coincu.com/new-viral-memecoin-in-solana-network-stooges-launches-stog-presale/,New Viral Memecoin in Solana Network Stooges Launches $STOG Presale,New Viral Memecoin in Solana Network Stooges Launches $STOG Presale,news,200,Indexable,2280,47,0,0,,,0,0,yes,delete,high,P1,no_signal
https://coincu.com/new-worldcoin-anti-fraud-tool/,New Worldcoin Anti-Fraud Tool Helps Shopify Achieve Impressive Sales Results,New Worldcoin Anti-Fraud Tool Helps Shopify Achieve Impressive Sales Results,news,200,Indexable,2115,119,0,0,,,0,0,yes,delete,high,P1,no_signal
https://coincu.com/new-xrp-payment-solutions-presented/,New XRP Payment Solutions Will Be Presented At Apex XRPL Developer Summit,New XRP Payment Solutions Will Be Presented At Apex XRPL Developer Summit,press_release_like,200,Indexable,2147,322,0,0,,,0,0,yes,delete,high,P1,event_pr_signal
https://coincu.com/new-york-attorney-general-sued-coinex/,New York Attorney General Sued CoinEx For Offering Unregistered Securities - Coincu - Latest Cryptocurrency News and Analysis 1,New York Attorney General Sued CoinEx For Offering Unregistered Securities,news,200,Indexable,2093,156,0,0,,,0,0,yes,delete,high,P1,no_signal
https://coincu.com/new-york-attorney-general-sues-gemini/,"New York Attorney General Sues Gemini, Genesis For Defrauding Investors Of $1B","New York Attorney General Sues Gemini, Genesis For Defrauding Investors Of $1B",news,200,Indexable,2129,143,0,0,,,0,0,yes,delete,high,P1,no_signal
https://coincu.com/new-york-bill-proposes-stablecoin-payment/,New York Bill Proposes Stablecoin Payment For Bail Bonds,New York Bill Proposes Stablecoin Payment For Bail Bonds,news,200,Indexable,2159,262,0,0,,,0,0,yes,delete,high,P1,no_signal
https://coincu.com/new-york-hacker-behind-9m-solana-exchange-heist/,New York Prosecutor Goes After Hacker Behind $9M Solana Exchange Heist,New York Prosecutor Goes After Hacker Behind $9M Solana Exchange Heist,news,200,Indexable,2212,223,0,0,,,0,0,yes,delete,high,P1,no_signal
https://coincu.com/new-york-man-reveals-hack-bitfinex/,New York Man Reveals $4.5 Billion Bitcoin Hack Confession On Bitfinex,New York Man Reveals $4.5 Billion Bitcoin Hack Confession On Bitfinex,news,200,Indexable,2184,75,0,0,,,0,0,yes,delete,high,P1,no_signal
https://coincu.com/new-york-proposes-charging-crypto-companies/,New York Proposes Charging With Licensed Crypto Companies,New York Proposes Charging With Licensed Crypto Companies,news,200,Indexable,2147,190,0,0,,,0,0,yes,delete,high,P1,no_signal
https://coincu.com/new-york-state-reveals-another-improvement/,New York State Reveals Another Improvement To Its Capability To Monitor Virtual Currencies,New York State Reveals Another Improvement To Its Capability To Monitor Virtual Currencies,news,200,Indexable,2210,349,0,0,,,0,0,yes,delete,high,P1,no_signal
https://coincu.com/new-york-sues-former-celsius-ceo/,New York State Sues Former Celsius CEO Over Crypto Fraud,New York State Sues Former Celsius CEO Over Crypto Fraud,news,200,Indexable,2215,122,0,0,,,0,0,yes,delete,high,P1,no_signal
https://coincu.com/new-yorks-mayor-speaks-up/,New York's Mayor Speaks Up After Governor Kathy Hochul Signs Bill Restricting Crypto Mining,New York’s Mayor Speaks Up After Governor Kathy Hochul Signs Bill Restricting Crypto Mining,news,200,Indexable,2091,243,0,0,,,0,0,yes,delete,high,P1,no_signal
https://coincu.com/new-yuga-labs-ceo/,New Yuga Labs CEO Seeks to Revitalize NFTs Through Games and Events,New Yuga Labs CEO Seeks to Revitalize NFTs Through Games and Events,news,200,Indexable,2067,94,0,0,,,0,0,yes,delete,high,P1,no_signal
https://coincu.com/nexchain-smashes-1-9-million-in-viral-crypto-presale-next-10x-token/,Nexchain Smashes $1.9 Million in Viral Crypto Presale: Next 10x Token?,Nexchain Smashes $1.9 Million in Viral Crypto Presale: Next 10x Token?,news,200,Indexable,2285,142,0,0,,,0,0,yes,delete,high,P1,no_signal
https://coincu.com/nexo-abandoning-to-acquire-vauld/,Nexo Abandoning Agreement To Acquire Vauld,Nexo Abandoning Agreement To Acquire Vauld,news,200,Indexable,2228,149,0,0,,,0,0,yes,delete,high,P1,no_signal
https://coincu.com/nexo-acquired-stake-summit-national-bank/,Nexo Acquired A Stake In Summit National Bank,Nexo Acquired A Stake In Summit National Bank,press_release_like,200,Indexable,2123,177,0,0,,,0,0,yes,delete,high,P1,event_pr_signal
https://coincu.com/nexo-against-accusation/,Nexo Confirms Not Offer The High-Interest Rate Product 36%,Nexo Confirms Not Offer The High-Interest Rate Product 36%,news,200,Indexable,2036,145,0,0,,,0,0,yes,delete,high,P1,no_signal
https://coincu.com/nexo-alleged-money-laundering/,"Crypto Lender Nexo Alleged Money Laundering, Tax Offenses In Bulgaria","Crypto Lender Nexo Alleged Money Laundering, Tax Offenses In Bulgaria",news,200,Indexable,2177,156,0,0,,,0,0,yes,delete,high,P1,no_signal
https://coincu.com/nexo-and-co-founder-clash-in-court/,Nexo And Co-Founder Clash In Court Over Missing $12 Million In Crypto Assets,Nexo And Co-Founder Clash In Court Over Missing $12 Million In Crypto Assets,news,200,Indexable,2970,175,0,0,,,0,0,yes,delete,high,P1,no_signal
https://coincu.com/nexo-approval-in-poland/,Nexo Achieves Regulatory Approval In Poland,Nexo Achieves Regulatory Approval In Poland,news,200,Indexable,2066,154,0,0,,,0,0,yes,delete,high,P1,no_signal
https://coincu.com/nexo-denies-termination-of-vauld/,Nexo Denies Termination Of Vauld Acquisition,Nexo Denies Termination Of Vauld Acquisition,news,200,Indexable,2110,153,0,0,,,0,0,yes,delete,high,P1,no_signal
https://coincu.com/nexo-extends-appraisal-time-acquire-vauld/,Nexo Once Again Extends Appraisal Time To Acquire Vauld,Nexo Once Again Extends Appraisal Time To Acquire Vauld,news,200,Indexable,1980,150,0,0,,,0,0,yes,delete,high,P1,no_signal
https://coincu.com/nexo-is-abandoning-the-us-market/,Crypto Lender Nexo Is Abandoning The US Market,Crypto Lender Nexo Is Abandoning The US Market,news,200,Indexable,2128,103,0,0,,,0,0,yes,delete,high,P1,no_signal
https://coincu.com/nexo-license-in-dubai-receives-initial-approval/,Nexo License In Dubai Receives Initial Approval To Drive Expansion In UAE,Nexo License In Dubai Receives Initial Approval To Drive Expansion In UAE,news,200,Indexable,2065,155,0,0,,,0,0,yes,delete,high,P1,no_signal
https://coincu.com/nexo-now-sues-cayman-islands-regulator/,Nexo Now Sues Cayman Islands Regulator Regarding Virtual Asset License,Nexo Now Sues Cayman Islands Regulator Regarding Virtual Asset License,news,200,Indexable,2155,153,0,0,,,0,0,yes,delete,high,P1,no_signal
https://coincu.com/nexo-partners-with-audi-revolut-f1-team/,Nexo Partners with Audi Revolut F1 Team as Official Digital Asset Sponsor,Nexo Partners with Audi Revolut F1 Team as Official Digital Asset Sponsor,news,200,Indexable,2066,154,0,0,,,0,0,yes,delete,high,P1,no_signal
https://coincu.com/nexo-pays-45-million-fine/,Crypto Lender Nexo Pays $45 Million Fine For Not Registering EIP,Crypto Lender Nexo Pays $45 Million Fine For Not Registering EIP,news,200,Indexable,2236,153,0,0,,,0,0,yes,delete,high,P1,no_signal
https://coincu.com/nexo-secures-license-to-operate-in-italy/,Nexo Secures License To Operate In Italy,Nexo Secures License To Operate In Italy,news,200,Indexable,2098,156,0,0,,,0,0,yes,delete,high,P1,no_signal
https://coincu.com/nexo-spends-50-million-buyback/,Nexo Spends Another $50 Million On Buyback Program,Nexo Spends Another $50 Million On Buyback Program,news,200,Indexable,2165,157,0,0,,,0,0,yes,delete,high,P1,no_signal
https://coincu.com/nexo-stopped-lending-products-in-us/,Nexo Stopped Offering Lending Products In The US In April After Paying A Fine Of $45M,Nexo Stopped Offering Lending Products In The US In April After Paying A Fine Of $45M,news,200,Indexable,2084,155,0,0,,,0,0,yes,delete,high,P1,no_signal
https://coincu.com/nexo-sued-for-over-126-million/,Nexo Sued For Preventing Users From Withdrawing Over $126 Million,Nexo Sued For Preventing Users From Withdrawing Over $126 Million,news,200,Indexable,2014,153,0,0,,,0,0,yes,delete,high,P1,no_signal
https://coincu.com/nexo-uk-exchange-phase-out-cashback/,Crypto Nexo UK Exchange Will Phase Out Cashback From October 8,Crypto Nexo UK Exchange Will Phase Out Cashback From October 8,news,200,Indexable,2097,110,0,0,,,0,0,yes,delete,high,P1,no_signal
https://coincu.com/nexo-unveils-revolutionary-crypto-mastercard/,Nexo Unveils Revolutionary Crypto Mastercard,Nexo Unveils Revolutionary Crypto Mastercard,news,200,Indexable,2091,106,0,0,,,0,0,yes,delete,high,P1,no_signal
https://coincu.com/nexon-and-wemade-no-profit-from-bitcoin-holdings/,Nexon and Wemade Confirm No Plans to Profit from Bitcoin Holdings,Nexon and Wemade Confirm No Plans to Profit from Bitcoin Holdings,news,200,Indexable,2157,142,0,0,,,0,0,yes,delete,high,P1,no_signal
https://coincu.com/nexon-partnership-ava-labs-to-launch-maplestory/,Nexon Group Announces Partnership with Ava Labs to Launch MapleStory Universe!,Nexon Group Announces Partnership with Ava Labs to Launch MapleStory Universe!,news,200,Indexable,2179,196,0,0,,,0,0,yes,delete,high,P1,no_signal
https://coincu.com/nexpace-announces-nxpc-buyback-program-to-reinforce-user-centered-ecosystem-growth-in-maplestory-universe/,Nexpace Announces NXPC Buyback Program to Reinforce User-Centered Ecosystem Growth in MapleStory Universe,Nexpace Announces NXPC Buyback Program to Reinforce User-Centered Ecosystem Growth in MapleStory Universe,news,200,Indexable,2301,40,0,0,,,0,0,yes,delete,high,P1,no_signal
https://coincu.com/next-100x-crypto-this-low-cap-altcoin-could-surpass-solana-and-avalanche/,Next 100x Crypto? This Low-Cap Altcoin Could Surpass Solana and Avalanche!,Next 100x Crypto? This Low-Cap Altcoin Could Surpass Solana and Avalanche!,news,200,Indexable,2409,109,0,0,,,0,0,yes,delete,high,P1,no_signal
https://coincu.com/next-binance-meme-coin-pepeto-targets-100x-while-wall-street-pepe-hits-10x-milestone/,Next Binance Meme Coin? Pepeto Targets 100x While Wall Street Pepe Hits 10x Milestone,Next Binance Meme Coin? Pepeto Targets 100x While Wall Street Pepe Hits 10x Milestone,news,200,Indexable,2058,193,0,0,,,0,0,yes,delete,high,P1,no_signal
https://coincu.com/next-stepn-to-boom/,Next StepN To Boom In 2023. Will It Be Life Applications?,Next StepN To Boom In 2023. Will It Be Life Applications?,news,200,Indexable,2996,171,0,0,,,0,0,yes,delete,high,P1,no_signal
https://coincu.com/nexus-mutual-pulling-out-of-maples-weth/,Nexus Mutual Is Pulling Out Of Maple's wETH Pool And Expecting $3 Million Loss,Nexus Mutual Is Pulling Out Of Maple’s wETH Pool And Expecting $3 Million Loss,news,200,Indexable,1999,157,0,0,,,0,0,yes,delete,high,P1,no_signal
https://coincu.com/nexus-mutual-will-transfer-29-million/,Nexus Mutual Will Transfer $29 Million In Treasury Funds To Maple Finance,Nexus Mutual Will Transfer $29 Million In Treasury Funds To Maple Finance,news,200,Indexable,2008,159,0,0,,,0,0,yes,delete,high,P1,no_signal
https://coincu.com/neymar-jr-partners-with-nftstar/,Neymar Jr Partners With NFTSTAR To Release His Own NFT Collection,Neymar Jr Partners With NFTSTAR To Release His Own NFT Collection,news,200,Indexable,1948,147,0,0,,,0,0,yes,delete,high,P1,no_signal
https://coincu.com/nft-aptos-potential-nft-projects/,NFT Aptos - Potential NFT Projects,NFT Aptos – Potential NFT Projects,news,200,Indexable,2353,158,0,0,,,0,0,yes,delete,high,P1,no_signal
https://coincu.com/nft-artist-deekay-twitter-hacked/,"NFT Artist DeeKay’s Twitter Hacked, Over $150,000 In NFTs Stolen","NFT Artist DeeKay’s Twitter Hacked, Over $150,000 In NFTs Stolen",news,200,Indexable,2249,128,0,0,,,0,0,yes,delete,high,P1,no_signal
https://coincu.com/nft-astaria-suspended-due-to-critical-error/,NFT Astaria Lending Platform Suspended Due To Critical Error,NFT Astaria Lending Platform Suspended Due To Critical Error,news,200,Indexable,1991,161,0,0,,,0,0,yes,delete,high,P1,no_signal
https://coincu.com/nft-bayc-music-video-eminem-snoop-dogg/,NFT BAYC Music Video Of Eminem And Snoop Dogg Will Appear At VMAs,NFT BAYC Music Video Of Eminem And Snoop Dogg Will Appear At VMAs,news,200,Indexable,1971,157,0,0,,,0,0,yes,delete,high,P1,no_signal
https://coincu.com/nft-champagne-with-artwork-record-2-5m/,NFT Champagne With Artwork By Mig Sells For A Record $2.5 Million,NFT Champagne With Artwork By Mig Sells For A Record $2.5 Million,news,200,Indexable,1958,138,0,0,,,0,0,yes,delete,high,P1,no_signal
https://coincu.com/nft-collection-azuki-launch-pbt/,NFT Collection Azuki Launches A Product That Connects The Real World To Blockchain,NFT Collection Azuki Launches A Product That Connects The Real World To Blockchain,news,200,Indexable,2087,152,0,0,,,0,0,yes,delete,high,P1,no_signal
https://coincu.com/nft-collector-sues-opensea-nft-in-court/,NFT Collector Sues OpenSea NFT In Court After Falling Victim To Phishing Scam,NFT Collector Sues OpenSea NFT In Court After Falling Victim To Phishing Scam,news,200,Indexable,2152,254,0,0,,,0,0,yes,delete,high,P1,no_signal
https://coincu.com/nft-creators-on-opensea-earn-royalties/,NFT Creators On Opensea Will Earn $1 Billion In Royalties,NFT Creators On Opensea Will Earn $1 Billion In Royalties,news,200,Indexable,1963,155,0,0,,,0,0,yes,delete,high,P1,no_signal
https://coincu.com/nft-derivatives-market/,NFT Derivatives Market: Potential Breakouts And Opportunities,NFT Derivatives Market: Potential Breakouts And Opportunities,news,200,Indexable,4164,255,0,0,,,0,0,yes,delete,high,P1,no_signal
https://coincu.com/nft-domains-name-from-the-dot-com-era/,NFT Domains Name From The Dot-Com Era,NFT Domains Name From The Dot-Com Era,news,200,Indexable,2539,154,0,0,,,0,0,yes,delete,high,P1,no_signal
https://coincu.com/nft-drop-by-tiffany-co-raises-12-5m/,NFT Drop By Tiffany & Co. Raises $12.5M After Instant Sellout,NFT Drop By Tiffany & Co. Raises $12.5M After Instant Sellout,news,200,Indexable,2053,149,0,0,,,0,0,yes,delete,high,P1,no_signal
https://coincu.com/nft-exchange-sudorare-experiences-rug-pull/,"NFT Exchange SudoRare Experiences ""Rug Pull"" Of $800,000 Six Hours After Launch","NFT Exchange SudoRare Experiences “Rug Pull” Of $800,000 Six Hours After Launch",news,200,Indexable,2281,151,0,0,,,0,0,yes,delete,high,P1,no_signal
https://coincu.com/nft-fest-lugano-2024-digital-art-revolution/,NFT Fest Lugano 2024: Unleash Digital Art Revolution!,NFT Fest Lugano 2024: Unleash Digital Art Revolution!,news,200,Indexable,1845,140,0,0,,,0,0,yes,delete,high,P1,no_signal
https://coincu.com/nft-fi-great-advantages-nft-investments/,NFT-Fi: Here Are Great Advantages Elevate NFT Investments,NFT-Fi: Here Are Great Advantages Elevate NFT Investments,news,200,Indexable,2894,332,0,0,,,0,0,yes,delete,high,P1,no_signal
https://coincu.com/nft-fi-offers-defi-solutions-for-all/,Say Goodbye To Traditional Mortgages: NFT-Fi Offers DeFi Solutions For All!,Say Goodbye To Traditional Mortgages: NFT-Fi Offers DeFi Solutions For All!,news,200,Indexable,3473,141,0,0,,,0,0,yes,delete,high,P1,no_signal
https://coincu.com/nft-fi-platforms-and-marketplaces/,NFT-Fi Platforms And Marketplaces,NFT-Fi Platforms And Marketplaces,news,200,Indexable,3253,172,0,0,,,0,0,yes,delete,high,P1,no_signal
https://coincu.com/nft-fi-potential-for-art-and-collectibles/,NFT-Fi: Interesting Discovery Of The Potential For Art And Collectibles,NFT-Fi: Interesting Discovery Of The Potential For Art And Collectibles,news,200,Indexable,2739,144,0,0,,,0,0,yes,delete,high,P1,no_signal
https://coincu.com/nft-fi-project-furion/,NFT-Fi Project Furion: Does It Have The Potential To Explode Into A New Trend?,NFT-Fi Project Furion: Does It Have The Potential To Explode Into A New Trend?,news,200,Indexable,3593,158,0,0,,,0,0,yes,delete,high,P1,no_signal
https://coincu.com/nft-financing-firm-metastreet/,NFT Financing Firm MetaStreet Raised $10 Million In Funding,NFT Financing Firm MetaStreet Raised $10 Million In Funding,news,200,Indexable,1814,156,0,0,,,0,0,yes,delete,high,P1,no_signal
https://coincu.com/nft-firms-apples-30-commission/,NFT Firms Will Skip The App Store Due To Apple's 30% Commission,NFT Firms Will Skip The App Store Due To Apple’s 30% Commission,news,200,Indexable,1945,247,0,0,,,0,0,yes,delete,high,P1,no_signal
https://coincu.com/nft-god-suddenly-attacked-as16000-fans-link/,"NFT God Suddenly Attacked As16,000 Fans Receive Hacked links","NFT God Suddenly Attacked As 16,000 Fans Receive Hacked links",news,200,Indexable,2214,207,0,0,,,0,0,yes,delete,high,P1,no_signal
https://coincu.com/nft-hotel-reservations-that-may-be-resold/,NFT Hotel Reservations That May Be Resold If You Cannot Attend,NFT Hotel Reservations That May Be Resold If You Cannot Attend,news,200,Indexable,2415,157,0,0,,,0,0,yes,delete,high,P1,no_signal
https://coincu.com/nft-inspect-make-nfts-and-twitter-report/,NFT Inspect Make NFTs And Cryptocurrencies Accessible On Twitter: Report,NFT Inspect Make NFTs And Cryptocurrencies Accessible On Twitter: Report,news,200,Indexable,2113,251,0,0,,,0,0,yes,delete,high,P1,no_signal
https://coincu.com/nft-june-sales-down-12-month-lows/,"NFT June Sales Were At 12-Month Lows, Due To The Ongoing Bear Market","NFT June Sales Were At 12-Month Lows, Due To The Ongoing Bear Market",news,200,Indexable,1848,150,0,0,,,0,0,yes,delete,high,P1,no_signal
https://coincu.com/nft-lending-platform-omni-hacked-1-4m/,NFT Lending Platform Omni Hacked $1.4 Million,NFT Lending Platform Omni Hacked $1.4 Million,news,200,Indexable,1839,109,0,0,,,0,0,yes,delete,high,P1,no_signal
https://coincu.com/nft-lending/,NFT lending - A new way for NFT holders to maximize benefits,NFT lending – A new way for NFT holders to maximize benefits,news,200,Indexable,3228,157,0,0,,,0,0,yes,delete,high,P1,no_signal
https://coincu.com/nft-market-decline-2025-supply/,NFT Market Faces Severe Decline Despite Surging Supply in 2025,NFT Market Faces Severe Decline Despite Surging Supply in 2025,news,200,Indexable,1977,76,0,0,,,0,0,yes,delete,high,P1,no_signal
https://coincu.com/nft-market-decline-q2-2025/,NFT Market Faces Prolonged Decline in Q2 2025,NFT Market Faces Prolonged Decline in Q2 2025,news,200,Indexable,2064,106,0,0,,,0,0,yes,delete,high,P1,no_signal
https://coincu.com/nft-market-return-to-prosperity/,Will the NFT Market Return To Prosperity Like Before 2021?,Will the NFT Market Return To Prosperity Like Before 2021?,news,200,Indexable,3084,105,0,0,,,0,0,yes,delete,high,P1,no_signal
https://coincu.com/nft-market-sees-42-54-drop-in-sales-volume-amid-market-correction/,"NFT market sees 42.54% drop in sales volume amid market correction, AMBCrypto report shows","NFT market sees 42.54% drop in sales volume amid market correction, AMBCrypto report shows",news,200,Indexable,2047,108,0,0,,,0,0,yes,delete,high,P1,no_signal
https://coincu.com/nft-market-supply-rise-sales-drop/,Declining NFT Sales Amid Record Supply Growth in 2025,Declining NFT Sales Amid Record Supply Growth in 2025,news,200,Indexable,1967,61,0,0,,,0,0,yes,delete,high,P1,no_signal
https://coincu.com/nft-market-supply-surge-2025/,NFT Market Faces Supply Surge and Sales Decline in 2025,NFT Market Faces Supply Surge and Sales Decline in 2025,news,200,Indexable,1831,123,0,0,,,0,0,yes,delete,high,P1,no_signal
https://coincu.com/nft-marketplace-gem-supports-openrarity/,NFT Marketplace Aggregator Gem Supports OpenRarity,NFT Marketplace Aggregator Gem Supports OpenRarity,news,200,Indexable,1819,133,0,0,,,0,0,yes,delete,high,P1,no_signal
https://coincu.com/nft-marketplace-opensea-blocked-cuban/,NFT Marketplace OpenSea Blocked Cuban Artists,NFT Marketplace OpenSea Blocked Cuban Artists,news,200,Indexable,2058,51,0,0,,,0,0,yes,delete,high,P1,no_signal
https://coincu.com/nft-marketplace-volumes-decrease/,NFT Marketplace Volumes Continue To Decrease This Month,NFT Marketplace Volumes Continue To Decrease This Month,news,200,Indexable,1881,155,0,0,,,0,0,yes,delete,high,P1,no_signal
https://coincu.com/nft-marketplaces-blocks-stoner-cats/,NFT Marketplaces Now Blocks Stoner Cats NFT Trades,NFT Marketplaces Now Blocks Stoner Cats NFT Trades,news,200,Indexable,1948,128,0,0,,,0,0,yes,delete,high,P1,no_signal
https://coincu.com/nft-meebits-collection/,What's So Special About The NFT Meebits Collection?,What’s So Special About The NFT Meebits Collection?,news,200,Indexable,2244,152,0,0,,,0,0,yes,delete,high,P1,no_signal
https://coincu.com/nft-minted-solana-rise-reaching-312-000-ath/,"NFT Minted On Solana Sudden Rise, Reaching 312.000 ATH","NFT Minted On Solana Sudden Rise, Reaching 312.000 ATH",news,200,Indexable,2077,158,0,0,,,0,0,yes,delete,high,P1,no_signal
https://coincu.com/nft-monthly-report-rise-fall-the-market-in-may/,NFT Monthly Report: The Rise and Fall of the Market in May,NFT Monthly Report: The Rise and Fall of the Market in May,news,200,Indexable,3482,140,0,0,,,0,0,yes,delete,high,P1,no_signal
https://coincu.com/nft-moonbirds-cc0-licensing-decision/,NFT Moonbirds Received Negative Reaction Upon CC0 Licensing Decision,NFT Moonbirds Received Negative Reaction Upon CC0 Licensing Decision,news,200,Indexable,2056,156,0,0,,,0,0,yes,delete,high,P1,no_signal
https://coincu.com/nft-music-3lau-friend-tech-donates-eth/,"NFT Music Market Royal Founder 3LAU Withdraws From friend.tech, Donates ETH To Charity","NFT Music Market Royal Founder 3LAU Withdraws From friend.tech, Donates ETH To Charity",news,200,Indexable,2007,125,0,0,,,0,0,yes,delete,high,P1,no_signal
https://coincu.com/nft-now-announces-job-cuts/,NFT Now Announces Job Cuts Amidst Cooling NFT Market,NFT Now Announces Job Cuts Amidst Cooling NFT Market,news,200,Indexable,2240,116,0,0,,,0,0,yes,delete,high,P1,no_signal
https://coincu.com/nft-on-binance-zero-fees-and-gas-rebates/,Unlock Free NFT Trading On Binance With Zero Fees And Gas Rebates,Unlock Free NFT Trading On Binance With Zero Fees And Gas Rebates,news,200,Indexable,1996,308,0,0,,,0,0,yes,delete,high,P1,no_signal
https://coincu.com/nft-opensea-june-revenue-drops-73/,NFT OpenSea June Revenue Drops 73%,NFT OpenSea June Revenue Drops 73%,news,200,Indexable,2028,157,0,0,,,0,0,yes,delete,high,P1,no_signal
https://coincu.com/nft-paris-2024/,NFT Paris 2024: Gearing Up for the Premier Annual Conference in the Heart of France,NFT Paris 2024: Gearing Up for the Premier Annual Conference in the Heart of France,press_release_like,200,Indexable,2044,182,0,0,,,0,0,yes,delete,high,P1,event_pr_signal
https://coincu.com/nft-platform-solana-metaplex-lay-off/,NFT Platform Solana Metaplex Announced To Lay Off Employees,NFT Platform Solana Metaplex Announced To Lay Off Employees,news,200,Indexable,1865,139,0,0,,,0,0,yes,delete,high,P1,no_signal
https://coincu.com/nft-platform-voice-will-end-operations/,NFT Platform Voice Which Block.one Invested $300 Million To Build Will End Operations,NFT Platform Voice Which Block.one Invested $300 Million To Build Will End Operations,news,200,Indexable,1935,155,0,0,,,0,0,yes,delete,high,P1,no_signal
https://coincu.com/nft-projects-lost-22m-to-discord-hackers/,NFT Projects Lost $22M To Most Discord Hackers,NFT Projects Lost $22M To Most Discord Hackers,news,200,Indexable,2214,153,0,0,,,0,0,yes,delete,high,P1,no_signal
https://coincu.com/nft-projects-will-be-marvel-or-disney/,NFT Projects Will Be Marvel Or Disney,NFT Projects Will Be Marvel Or Disney,news,200,Indexable,2025,134,0,0,,,0,0,yes,delete,high,P1,no_signal
https://coincu.com/nft-pudgy-penguins-records-trading-volume/,NFT Pudgy Penguins Breaks Records In Trading Volume And Floor Price During Christmas,NFT Pudgy Penguins Breaks Records In Trading Volume And Floor Price During Christmas,news,200,Indexable,2139,153,0,0,,,0,0,yes,delete,high,P1,no_signal
https://coincu.com/nft-scam-project-animoon/,NFT Scam Project Animoon Is Under Investigation By The French Government,NFT Scam Project Animoon Is Under Investigation By The French Government,news,200,Indexable,2187,121,0,0,,,0,0,yes,delete,high,P1,no_signal
https://coincu.com/nft-superrare-cuts-30-of-staff/,NFT SuperRare Cuts 30% Of Staff Amid Market Crisis,NFT SuperRare Cuts 30% Of Staff Amid Market Crisis,news,200,Indexable,1967,128,0,0,,,0,0,yes,delete,high,P1,no_signal
https://coincu.com/nft-trader-cyber-heist-bayc-and-mayc-transfers/,NFT Trader Faces Daring Cyber Heist: Shocking BAYC and MAYC Transfers!,NFT Trader Faces Daring Cyber Heist: Shocking BAYC and MAYC Transfers!,news,200,Indexable,2164,181,0,0,,,0,0,yes,delete,high,P1,no_signal
https://coincu.com/nft-trading-volume-down-75-in-june/,NFT Trading Volume Down 75% In June,NFT Trading Volume Down 75% In June,news,200,Indexable,2072,124,0,0,,,0,0,yes,delete,high,P1,no_signal
https://coincu.com/nft-trading-volume-hit-below-5000/,NFT Trading Volume On Exchanges Fell Below 5000 For The First Time In Over 2 Years,NFT Trading Volume On Exchanges Fell Below 5000 For The First Time In Over 2 Years,news,200,Indexable,1989,95,0,0,,,0,0,yes,delete,high,P1,no_signal
https://coincu.com/nft-trading-volume-on-opensea-drops/,NFT Trading Volume On OpenSea Drops To 1-year Low,NFT Trading Volume On OpenSea Drops To 1-year Low,news,200,Indexable,1867,150,0,0,,,0,0,yes,delete,high,P1,no_signal
https://coincu.com/nft-transaction-volume-on-bitcoin-chain-plummet/,NFT Transaction Volume on Bitcoin Chain Plummet Over 50% in Week!,NFT Transaction Volume on Bitcoin Chain Plummet Over 50% in Week!,news,200,Indexable,2121,139,0,0,,,0,0,yes,delete,high,P1,no_signal
https://coincu.com/nft-use-cases/,NFT Use Cases: More Common And Useful Than Digital Art - Coincu - Latest Cryptocurrency News and Analysis 1,NFT Use Cases: More Common And Useful Than Digital Art,news,200,Indexable,3360,431,0,0,,,0,0,yes,delete,high,P1,no_signal
https://coincu.com/nft-whitelist-9-ways-to-hunt-it-early/,NFT Whitelist: 9 ways to hunt it early,NFT Whitelist: 9 ways to hunt it early,news,200,Indexable,3319,152,0,0,,,0,0,yes,delete,high,P1,no_signal
https://coincu.com/nft-whitelists-digital-collectibles/,NFT Whitelists: Exploring the Gateway To Exclusive Digital Collectibles,NFT Whitelists: Exploring the Gateway To Exclusive Digital Collectibles,news,200,Indexable,3438,144,0,0,,,0,0,yes,delete,high,P1,no_signal
https://coincu.com/nftfi-a-new-innovation-with-nft-liquidity/,NFTFi: A New Innovation With NFT Liquidity,NFTFi: A New Innovation With NFT Liquidity,news,200,Indexable,3424,217,0,0,,,0,0,yes,delete,high,P1,no_signal
https://coincu.com/nftperp-raises-1-7-million/,NFT Perpetual Futures DEX nftperp Raises $1.7 Million In Seed Round,NFT Perpetual Futures DEX nftperp Raises $1.7 Million In Seed Round,news,200,Indexable,1794,158,0,0,,,0,0,yes,delete,high,P1,no_signal
https://coincu.com/nftperp-shuts-down-v1-beta/,"Nftperp Shuts Down V1 Beta, Promising Thrilling Launch Of V2","Nftperp Shuts Down V1 Beta, Promising Thrilling Launch Of V2",news,200,Indexable,2059,129,0,0,,,0,0,yes,delete,high,P1,no_signal
https://coincu.com/nfts-mercury-startup-raised-7-5m-to-boost/,NFT's Mercury Startup Raised $7.5M To Boost User Experience From Multicoin,NFT’s Mercury Startup Raised $7.5M To Boost User Experience From Multicoin,news,200,Indexable,1874,157,0,0,,,0,0,yes,delete,high,P1,no_signal
https://coincu.com/nfts-theft-worth-1-73-million-drops-31-july/,"NFTs Theft Worth $1.73 Million, Drops 31% In July 2023","NFTs Theft Worth $1.73 Million, Drops 31% In July 2023",news,200,Indexable,2017,159,0,0,,,0,0,yes,delete,high,P1,no_signal
https://coincu.com/nfts-valued-more-100-million-were-stolen/,NFTs Valued More Than $100 Million Were Stolen Last Year According Elliptic Report,NFTs Valued More Than $100 Million Were Stolen Last Year According Elliptic Report,news,200,Indexable,1898,156,0,0,,,0,0,yes,delete,high,P1,no_signal
https://coincu.com/nftscom-domain-names-15m/,NFTS.com Becomes One Of The Most Expensive Domain Names With $15M,NFTS.com Becomes One Of The Most Expensive Domain Names With $15M,news,200,Indexable,1965,128,0,0,,,0,0,yes,delete,high,P1,no_signal
https://coincu.com/nfttiffs-dropped-floor-price-to-26-eth/,Tiffany&Co's NFTTiffs Dropped Floor Price From 30 ETH To 26 ETH,Tiffany&Co’s NFTTiffs Dropped Floor Price From 30 ETH To 26 ETH,news,200,Indexable,1865,152,0,0,,,0,0,yes,delete,high,P1,no_signal
https://coincu.com/nicehash-to-showcase-maribor-as-crypto-hub-with-first-bitcoin-focused-conference/,NiceHash to Showcase Maribor as Crypto Hub with First Bitcoin-Focused Conference,NiceHash to Showcase Maribor as Crypto Hub with First Bitcoin-Focused Conference,press_release_like,200,Indexable,2274,210,0,0,,,0,0,yes,delete,high,P1,event_pr_signal
https://coincu.com/nifty-gateway-closing-nft-withdrawal/,Nifty Gateway Announces Closure; Users Advised to Withdraw Assets,Nifty Gateway Announces Closure; Users Advised to Withdraw Assets,news,200,Indexable,1932,85,0,0,,,0,0,yes,delete,high,P1,no_signal
https://coincu.com/nifty-gateway-closure-february-2026/,Nifty Gateway to Close in 2026; Gemini Plans New Focus,Nifty Gateway to Close in 2026; Gemini Plans New Focus,news,200,Indexable,1964,103,0,0,,,0,0,yes,delete,high,P1,no_signal
https://coincu.com/nifty-gateway-step-down-due-gemini-issues/,Nifty Gateway Co-Founders Step Down Due To Gemini Issues,Nifty Gateway Co-Founders Step Down Due To Gemini Issues,news,200,Indexable,2224,225,0,0,,,0,0,yes,delete,high,P1,no_signal
https://coincu.com/niftyapes-raises-4-2-million/,NiftyApes Raises $4.2 Million In Seed Round With Coinbase Ventures Involved,NiftyApes Raises $4.2 Million In Seed Round With Coinbase Ventures Involved,news,200,Indexable,1834,154,0,0,,,0,0,yes,delete,high,P1,no_signal
https://coincu.com/nigeria-binance-build-digital-economic-zone/,Nigeria And Binance Collaborate To Build A First Digital Economic Zone,Nigeria And Binance Collaborate To Build A First Digital Economic Zone,news,200,Indexable,2061,155,0,0,,,0,0,yes,delete,high,P1,no_signal
https://coincu.com/nigeria-leads-the-world-in-crypto-awareness/,Nigeria Leads The World In Crypto Awareness: Unveiling Web3 Insights And Regional Contrasts,Nigeria Leads The World In Crypto Awareness: Unveiling Web3 Insights And Regional Contrasts,news,200,Indexable,2149,138,0,0,,,0,0,yes,delete,high,P1,no_signal
https://coincu.com/nigeria-summons-binance-ceo-money-laundering/,Nigeria Summons Binance CEO Over Terrorism Financing and Money Laundering Allegations,Nigeria Summons Binance CEO Over Terrorism Financing and Money Laundering Allegations,news,200,Indexable,2156,146,0,0,,,0,0,yes,delete,high,P1,no_signal
https://coincu.com/nigeria-switches-new-banknotes/,"With The eNaira Application Facing Difficulties, Nigeria Switches To Issuing New Banknotes","With The eNaira Application Facing Difficulties, Nigeria Switches To Issuing New Banknotes",news,200,Indexable,2092,160,0,0,,,0,0,yes,delete,high,P1,no_signal
https://coincu.com/nigeria-tracks-crypto-with-new-tax-law/,"Nigeria Tracks Crypto with New Tax Law, Tying Trades to IDs","Nigeria Tracks Crypto with New Tax Law, Tying Trades to IDs",news,200,Indexable,2060,119,0,0,,,0,0,yes,delete,high,P1,no_signal
https://coincu.com/nigerian-aax-users-attack-and-beat-staff/,Nigerian AAX Users Attack Local Offices And Beat Staff,Nigerian AAX Users Attack Local Offices And Beat Staff,news,200,Indexable,1889,153,0,0,,,0,0,yes,delete,high,P1,no_signal
https://coincu.com/nigerian-central-bank-on-managing-currency/,Over $1.8 Billion Was Spent By The Nigerian Central Bank On Managing Local Currency,Over $1.8 Billion Was Spent By The Nigerian Central Bank On Managing Local Currency,news,200,Indexable,2266,267,0,0,,,0,0,yes,delete,high,P1,no_signal
https://coincu.com/nigerian-crypto-tax-new-regulations/,Nigerian Crypto Tax Is Under Development Of New Regulations,Nigerian Crypto Tax Is Under Development Of New Regulations,news,200,Indexable,2240,128,0,0,,,0,0,yes,delete,high,P1,no_signal
https://coincu.com/nigerian-crypto-transactions-get-a-big-boost/,Nigerian Crypto Transactions Get a Big Boost With Government Backing,Nigerian Crypto Transactions Get a Big Boost With Government Backing,news,200,Indexable,2160,143,0,0,,,0,0,yes,delete,high,P1,no_signal
https://coincu.com/nigerian-fine-for-binance-is-10-billion/,Nigerian Fine For Binance Is $10 Billion Following Exchange Crackdown,Nigerian Fine For Binance Is $10 Billion Following Exchange Crackdown,news,200,Indexable,2155,107,0,0,,,0,0,yes,delete,high,P1,no_signal
https://coincu.com/nigerian-government-paves-way-blockchain/,Breaking: Nigerian Government Paves Way For Blockchain Revolution!,Breaking: Nigerian Government Paves Way For Blockchain Revolution!,news,200,Indexable,2292,225,0,0,,,0,0,yes,delete,high,P1,no_signal
https://coincu.com/nigerian-sec-support-the-issuance-of-tokens/,"Nigerian SEC Plans To Support The Issuance Of Tokens But ""Excluding Crypto"": Bloomberg",Nigerian SEC Plans To Support The Issuance Of Tokens But “Excluding Crypto”: Bloomberg,news,200,Indexable,2134,331,0,0,,,0,0,yes,delete,high,P1,no_signal
https://coincu.com/nigerian-sec-unregulated-crypto-exchanges/,Nigerian SEC Cracks Down on Unsanctioned Crypto Exchanges!,Nigerian SEC Cracks Down on Unsanctioned Crypto Exchanges!,news,200,Indexable,2119,97,0,0,,,0,0,yes,delete,high,P1,no_signal
https://coincu.com/nigerias-atm-withdrawal-limit-is-45/,Nigeria's ATM Withdrawal Limit Is $45 A Day To Promote The Use Of CBDC,Nigeria’s ATM Withdrawal Limit Is $45 A Day To Promote The Use Of CBDC,news,200,Indexable,2144,136,0,0,,,0,0,yes,delete,high,P1,no_signal
https://coincu.com/nigerias-cbdc-project-is-stronger/,Nigeria's CBDC Project Is Growing Stronger,Nigeria’s CBDC Project Is Growing Stronger,news,200,Indexable,2043,153,0,0,,,0,0,yes,delete,high,P1,no_signal
https://coincu.com/nigerias-first-crypto-payment-provider-ip/,"Nigeria's First Crypto Payment Provider Shuts Doors, Auctions IP","Nigeria’s First Crypto Payment Provider Shuts Doors, Auctions IP",news,200,Indexable,2147,108,0,0,,,0,0,yes,delete,high,P1,no_signal
https://coincu.com/nike-airphoria-nft-sneaker-hunt/,Nike's Airphoria NFT Sneaker Hunt Takes Over Fortnite - Join Now!,Nike’s Airphoria NFT Sneaker Hunt Takes Over Fortnite – Join Now!,news,200,Indexable,2059,191,0,0,,,0,0,yes,delete,high,P1,no_signal
https://coincu.com/nike-launches-its-own-web3-platform/,Nike Launches Its Own Web3 Platform,Nike Launches Its Own Web3 Platform,news,200,Indexable,2008,157,0,0,,,0,0,yes,delete,high,P1,no_signal
https://coincu.com/nike-nft-project-will-shut-down-by-2025/,Nike NFT Project Will Shut Down Completely By 2025,Nike NFT Project Will Shut Down Completely By 2025,news,200,Indexable,2094,118,0,0,,,0,0,yes,delete,high,P1,no_signal
https://coincu.com/nikes-nft-series-rtfkt-clonex-800-million/,Nike's NFT Series RTFKT CloneX Transaction Volume Has Surpassed 800 Million US Dollars,Nike’s NFT Series RTFKT CloneX Transaction Volume Has Surpassed 800 Million US Dollars,news,200,Indexable,1899,149,0,0,,,0,0,yes,delete,high,P1,no_signal
https://coincu.com/nikolai-muchgian-makerdaos-drowned/,Nikolai Muchgian MakerDAO Architect Drowned After Receiving Death Threats,Nikolai Muchgian MakerDAO Architect Drowned After Receiving Death Threats,news,200,Indexable,2011,123,0,0,,,0,0,yes,delete,high,P1,no_signal
https://coincu.com/nil-token-steals-the-spotlight-in-q1-2025/,NIL Token Steals the Spotlight in Q1 2025,NIL Token Steals the Spotlight in Q1 2025,news,200,Indexable,2460,152,0,0,,,0,0,yes,delete,high,P1,no_signal
https://coincu.com/nillion-closes-20-million-funding-round/,Web3 Startup Nillion Closes $20 Million Funding Round,Web3 Startup Nillion Closes $20 Million Funding Round,news,200,Indexable,2002,166,0,0,,,0,0,yes,delete,high,P1,no_signal
https://coincu.com/nillion-debuts-blind-compute-solution/,Nillion Debuts Blind Compute as Decentralized Data Privacy Solution,Nillion Debuts Blind Compute as Decentralized Data Privacy Solution,news,200,Indexable,2336,156,0,0,,,0,0,yes,delete,high,P1,no_signal
https://coincu.com/nillion-reveals-blind-tech-stack-web3/,Nillion Reveals Blind Tech Stack for Encrypted Web3 Applications,Nillion Reveals Blind Tech Stack for Encrypted Web3 Applications,news,200,Indexable,2500,153,0,0,,,0,0,yes,delete,high,P1,no_signal
https://coincu.com/nirvana-finance-solana-lost-3-5m-attacked/,Nirvana Finance On Solana Lost Nearly $3.5M After Being Attacked,Nirvana Finance On Solana Lost Nearly $3.5M After Being Attacked,news,200,Indexable,1950,156,0,0,,,0,0,yes,delete,high,P1,no_signal
https://coincu.com/nishad-singh-donating-to-democratic-party/,Former FTX Executive Nishad Singh Donating Millions Of Dollars To Democratic Party,Former FTX Executive Nishad Singh Donating Millions Of Dollars To Democratic Party,news,200,Indexable,1991,356,0,0,,,0,0,yes,delete,high,P1,no_signal
https://coincu.com/nist-research-on-security-of-stablecoins/,US Agency NIST Research On The Security Of Stablecoins,US Agency NIST Research On The Security Of Stablecoins,news,200,Indexable,2092,157,0,0,,,0,0,yes,delete,high,P1,no_signal
https://coincu.com/no-evidence-nikolai-mushegian-murder/,No Evidence Nikolai Mushegian Died In Murder,No Evidence Nikolai Mushegian Died In Murder,news,200,Indexable,1893,235,0,0,,,0,0,yes,delete,high,P1,no_signal
https://coincu.com/no-longer-just-science-fiction-digital-humans-are-among-us/,No Longer Just Science-Fiction: Digital Humans Are Among Us,No Longer Just Science-Fiction: Digital Humans Are Among Us,news,200,Indexable,2584,192,0,0,,,0,0,yes,delete,high,P1,no_signal
https://coincu.com/no-new-matter-labs-trademark-applications/,No New Matter Labs Trademark Applications Will Be Filed For ZK As Controversies Grow,No New Matter Labs Trademark Applications Will Be Filed For ZK As Controversies Grow,news,200,Indexable,2099,127,0,0,,,0,0,yes,delete,high,P1,no_signal
https://coincu.com/no-super-bowl-ads-will-be-running/,"No Super Bowl Ads Will Be Running, According To Binance, Coinbase, Kraken, And eToro","No Super Bowl Ads Will Be Running, According To Binance, Coinbase, Kraken, And eToro",news,200,Indexable,2245,113,0,0,,,0,0,yes,delete,high,P1,no_signal
https://coincu.com/nobel-physicist-bitcoin-quantum-computing-threat-window/,Nobel Physicist Warns Bitcoin Quantum Threat Window Is Near,Nobel Physicist Warns Bitcoin Quantum Threat Window Is Near,news,200,Indexable,3291,158,0,0,,,0,0,yes,delete,high,P1,no_signal
https://coincu.com/noble-launches-yield-paying-usdn-stablecoin/,Noble Launches Yield-Paying USDN Stablecoin with Incentive Program,Noble Launches Yield-Paying USDN Stablecoin with Incentive Program,news,200,Indexable,2148,111,0,0,,,0,0,yes,delete,high,P1,no_signal
https://coincu.com/noble-raises-15m-in-series-a-funding/,Noble Raises $15M In Series A Funding Led By Paradigm,Noble Raises $15M In Series A Funding Led By Paradigm,news,200,Indexable,2053,160,0,0,,,0,0,yes,delete,high,P1,no_signal
https://coincu.com/noble-the-first-appchain/,Noble: The First Appchain Designed For Native Asset Issuance In Cosmos,Noble: The First Appchain Designed For Native Asset Issuance In Cosmos,news,200,Indexable,3271,101,0,0,,,0,0,yes,delete,high,P1,no_signal
https://coincu.com/nokia-believes-metaverse/,Nokia Believes Smartphones Will Be Overtaken By Metaverse,Nokia Believes Smartphones Will Be Overtaken By Metaverse,news,200,Indexable,1891,144,0,0,,,0,0,yes,delete,high,P1,no_signal
https://coincu.com/nomad-attacker-transfers-1205-eth/,Nomad Attacker Address Transfers 1205 ETH To Tornado Cash,Nomad Attacker Address Transfers 1205 ETH To Tornado Cash,news,200,Indexable,2153,156,0,0,,,0,0,yes,delete,high,P1,no_signal
https://coincu.com/nomad-bridge-190m-withdrawn-in-attack/,Nomad Bridge's Entire $190.7 Million Is Withdrawn In A Security Attack,Nomad Bridge’s Entire $190.7 Million Is Withdrawn In A Security Attack,news,200,Indexable,2036,153,0,0,,,0,0,yes,delete,high,P1,no_signal
https://coincu.com/nomad-bridge-received-back-9-1m/,"Nomad Bridge Received Back $9.1 Million From ""White Hat Hackers""",Nomad Bridge Received Back $9.1 Million From “White Hat Hackers”,news,200,Indexable,2168,153,0,0,,,0,0,yes,delete,high,P1,no_signal
https://coincu.com/nomad-has-recovered-22-4-million-hackers/,Nomad Has Recovered $22.4 Million After Hackers Stole $190 Million,Nomad Has Recovered $22.4 Million After Hackers Stole $190 Million,news,200,Indexable,2081,157,0,0,,,0,0,yes,delete,high,P1,no_signal
https://coincu.com/nomad-restarts-cross-chain-bridge-progress/,Nomad Restarts Cross-chain Bridge Progress,Nomad Restarts Cross-chain Bridge Progress,news,200,Indexable,2020,153,0,0,,,0,0,yes,delete,high,P1,no_signal
https://coincu.com/nomad-whitehat-nft-exclusive-nomad-bridge/,"Nomad Whitehat, NFT Exclusive To Whitehat Hackers In Nomad Bridge $190M Hack","Nomad Whitehat, NFT Exclusive To Whitehat Hackers In Nomad Bridge $190M Hack",news,200,Indexable,2119,134,0,0,,,0,0,yes,delete,high,P1,no_signal
https://coincu.com/nomura-bank-launches-crypto-unit/,Nomura Bank Launches Crypto Venture Capital Unit,Nomura Bank Launches Crypto Venture Capital Unit,news,200,Indexable,2071,151,0,0,,,0,0,yes,delete,high,P1,no_signal
https://coincu.com/nomura-ether-etf-launches-unique-staking-benefit/,Nomura Ether ETF Launches with Unique Staking Benefits,Nomura Ether ETF Launches with Unique Staking Benefits,news,200,Indexable,2124,120,0,0,,,0,0,yes,delete,high,P1,no_signal
https://coincu.com/nomura-investment-in-fnality/,Nomura Investment In Blockchain Payment Company Fnality,Nomura Investment In Blockchain Payment Company Fnality,news,200,Indexable,2101,129,0,0,,,0,0,yes,delete,high,P1,no_signal
https://coincu.com/nomuras-head-of-trading-crypto-subsidiary/,Nomura’s London-based Head Of The Trading Leads Crypto Subsidiary,Nomura’s London-based Head Of The Trading Leads Crypto Subsidiary,news,200,Indexable,2012,150,0,0,,,0,0,yes,delete,high,P1,no_signal
https://coincu.com/non-custodial/,Non-Custodial,Non-Custodial,news,200,Indexable,2333,170,0,0,,,0,0,yes,delete,high,P1,no_signal
https://coincu.com/non-fungible-token/,Non-Fungible Token (NFT),Non-Fungible Token (NFT),news,200,Indexable,1994,101,0,0,,,0,0,yes,delete,high,P1,no_signal
https://coincu.com/non-playable-coin-left-you-wanting-more-bulls-are-turning-to-btfd-coin-for-big-rewards/,Non-Playable Coin Left You Wanting More? Bulls Are Turning to BTFD Coin for Big Rewards,Non-Playable Coin Left You Wanting More? Bulls Are Turning to BTFD Coin for Big Rewards,news,200,Indexable,2571,236,0,0,,,0,0,yes,delete,high,P1,no_signal
https://coincu.com/non-us-ftx-user-names-leaked-by-mainstream/,Non-US FTX User Names Leaked By Mainstream Media,Non-US FTX User Names Leaked By Mainstream Media,news,200,Indexable,2151,179,0,0,,,0,0,yes,delete,high,P1,no_signal
https://coincu.com/nonfarm-interest-rate-trending-negative/,Nonfarm Data - Key To FED's March Interest Rate Decisions Trending Negative - Coincu - Latest Cryptocurrency News and Analysis 1,Nonfarm Data – Key To FED’s March Interest Rate Decisions Trending Negative,news,200,Indexable,2130,252,0,0,,,0,0,yes,delete,high,P1,no_signal
https://coincu.com/nonfarm-payrolls-shakes-feds-rate/,"Nonfarm Payrolls Shakes Fed's Rate Hike Plans, BTC Stable At $26,000","Nonfarm Payrolls Shakes Fed’s Rate Hike Plans, BTC Stable At $26,000",news,200,Indexable,2072,165,0,0,,,0,0,yes,delete,high,P1,no_signal
https://coincu.com/north-africa-and-middle-crypto-marketplaces/,North Africa And Middle East Have The Fastest-Growing Crypto Marketplaces,North Africa And Middle East Have The Fastest-Growing Crypto Marketplaces,news,200,Indexable,2195,154,0,0,,,0,0,yes,delete,high,P1,no_signal
https://coincu.com/north-carolina-crypto-investment-gains-state/,North Carolina Crypto Investment Gains State Support,North Carolina Crypto Investment Gains State Support,news,200,Indexable,2132,151,0,0,,,0,0,yes,delete,high,P1,no_signal
https://coincu.com/north-dakota-state-is-considering-bitcoin/,North Dakota State Is Now Considering Bitcoin As A Reserve Asset,North Dakota State Is Now Considering Bitcoin As A Reserve Asset,news,200,Indexable,2051,103,0,0,,,0,0,yes,delete,high,P1,no_signal
https://coincu.com/north-dakota-to-launch-usd-backed/,North Dakota to Launch USD-Backed ‘Roughrider Coin’ in 2026,North Dakota to Launch USD-Backed ‘Roughrider Coin’ in 2026,news,200,Indexable,2165,150,0,0,,,0,0,yes,delete,high,P1,no_signal
https://coincu.com/north-island-supporting-cosmos-125-million/,North Island Is Supporting Cosmos Following The Closure Of Second $125 Million Fund,North Island Is Supporting Cosmos Following The Closure Of Second $125 Million Fund,news,200,Indexable,2226,58,0,0,,,0,0,yes,delete,high,P1,no_signal
https://coincu.com/north-korea-launches-cyberattack-defi/,North Korea Launches Cyberattack On The DeFi Protocol,North Korea Launches Cyberattack On The DeFi Protocol,news,200,Indexable,2067,153,0,0,,,0,0,yes,delete,high,P1,no_signal
https://coincu.com/north-korea-stole-more-than-1-5b/,South Korea's NIS: North Korea Stole More Than $1.5 Billion In Virtual Assets Since 2015,South Korea’s NIS: North Korea Stole More Than $1.5 Billion In Virtual Assets Since 2015,news,200,Indexable,2090,169,0,0,,,0,0,yes,delete,high,P1,no_signal
https://coincu.com/north-korea-surpasses-el-salvador-bhutan-in-btc/,"North Korea Surpasses El Salvador, Bhutan in Bitcoin Success","North Korea Surpasses El Salvador, Bhutan in Bitcoin Success",news,200,Indexable,2261,153,0,0,,,0,0,yes,delete,high,P1,no_signal
https://coincu.com/north-korea-suspected-54m-coinex-com-hack/,"North Korea Suspected of Involvement in $54M CoinEx.com Hack, Link to $41M Stake Hack Uncovered","North Korea Suspected of Involvement in $54M CoinEx.com Hack, Link to $41M Stake Hack Uncovered",news,200,Indexable,2105,113,0,0,,,0,0,yes,delete,high,P1,no_signal
https://coincu.com/north-korean-crypto-hackers-etf-companies/,North Korean Crypto Hackers Are Targeting ETF Companies for Scam,North Korean Crypto Hackers Are Targeting ETF Companies for Scam,news,200,Indexable,2139,125,0,0,,,0,0,yes,delete,high,P1,no_signal
https://coincu.com/north-korean-crypto-phishing-attack/,North Korean Hackers Launch Crypto Phishing Attack,North Korean Hackers Launch Crypto Phishing Attack,news,200,Indexable,2224,119,0,0,,,0,0,yes,delete,high,P1,no_signal
https://coincu.com/north-korean-cyber-attack-threat-rises/,North Korean Cyber-Attack Threat Rises,North Korean Cyber-Attack Threat Rises,news,200,Indexable,2228,141,0,0,,,0,0,yes,delete,high,P1,no_signal
https://coincu.com/north-korean-hacker-made-365000-nfts/,"North Korean Hacker Made $365,000 From Stolen NFTs","North Korean Hacker Made $365,000 From Stolen NFTs",news,200,Indexable,2110,224,0,0,,,0,0,yes,delete,high,P1,no_signal
https://coincu.com/north-korean-hacker-stole-660m/,North Korean Hackers Stole $660 Million in Cryptocurrency in 2024,North Korean Hackers Stole $660 Million in Cryptocurrency in 2024,news,200,Indexable,2073,106,0,0,,,0,0,yes,delete,high,P1,no_signal
https://coincu.com/north-korean-hackers-cause-hyperliquid/,North Korean Hackers Cause Hyperliquid to See Largest Outflow in a Day,North Korean Hackers Cause Hyperliquid to See Largest Outflow in a Day,news,200,Indexable,2150,155,0,0,,,0,0,yes,delete,high,P1,no_signal
https://coincu.com/north-korean-hackers-crypto-theft/,North Korean Hackers Responsible for $2.1 Billion Crypto Theft,North Korean Hackers Responsible for $2.1 Billion Crypto Theft,news,200,Indexable,2176,101,0,0,,,0,0,yes,delete,high,P1,no_signal
https://coincu.com/north-korean-hackers-crypto-thefts-in-2024/,North Korean Hackers to Account for Half of Crypto Thefts in 2024,North Korean Hackers to Account for Half of Crypto Thefts in 2024,news,200,Indexable,2098,79,0,0,,,0,0,yes,delete,high,P1,no_signal
https://coincu.com/north-korean-hackers-face-un-3-b-cyberattacks/,North Korean Hackers Face UN Scrutiny Over $3 Billion Cyberattacks,North Korean Hackers Face UN Scrutiny Over $3 Billion Cyberattacks,news,200,Indexable,2198,171,0,0,,,0,0,yes,delete,high,P1,no_signal
https://coincu.com/north-korean-hackers-funds-crypto/,North Korean Hackers Are Accused Of Stealing Funds For Crypto Worth $1.2 Billion,North Korean Hackers Are Accused Of Stealing Funds For Crypto Worth $1.2 Billion,news,200,Indexable,2134,154,0,0,,,0,0,yes,delete,high,P1,no_signal
https://coincu.com/north-korean-hackers-seized-2-67-million/,North Korean Hackers Seized $2.67 Million in Illicit Fund by US Government,North Korean Hackers Seized $2.67 Million in Illicit Fund by US Government,news,200,Indexable,2140,154,0,0,,,0,0,yes,delete,high,P1,no_signal
https://coincu.com/north-korean-hackers-steal-200-million-crypto/,"North KoreanNorth Korean Hackers Steal $200 Million In Crypto, TRM Labs Reports","North Korean Hackers Steal $200 Million In Crypto, TRM Labs Reports",news,200,Indexable,2235,178,0,0,,,0,0,yes,delete,high,P1,no_signal
https://coincu.com/north-korean-hackers-steal-3-billion/,North Korean Hackers Steal $3 Billion In Crypto And Fund Missile Program,North Korean Hackers Steal $3 Billion In Crypto And Fund Missile Program,news,200,Indexable,2198,221,0,0,,,0,0,yes,delete,high,P1,no_signal
https://coincu.com/north-korean-hackers-steal-millions-crypto/,North Korean Hackers Steal Millions Crypto By Faking Japanese Venture Capitalists And Banks,North Korean Hackers Steal Millions Crypto By Faking Japanese Venture Capitalists And Banks,news,200,Indexable,2119,158,0,0,,,0,0,yes,delete,high,P1,no_signal
https://coincu.com/north-korean-lazarus-group-targets-crypto-scams/,North Korean Lazarus Group Targets Crypto Scam Through Fake LinkedIn Accounts,North Korean Lazarus Group Targets Crypto Scam Through Fake LinkedIn Accounts,news,200,Indexable,2095,101,0,0,,,0,0,yes,delete,high,P1,no_signal
https://coincu.com/north-korean-lazarus-targets-investors/,North Korean Lazarus Group Shifts Focus to Individual Investors,North Korean Lazarus Group Shifts Focus to Individual Investors,news,200,Indexable,2265,152,0,0,,,0,0,yes,delete,high,P1,no_signal
https://coincu.com/north-koreas-cyber-theft-illegal-funds-funneled/,North Korea's Cyber Theft: Illegal Funds Funneled To Weapons Programs,North Korea’s Cyber Theft: Illegal Funds Funneled To Weapons Programs,news,200,Indexable,2092,134,0,0,,,0,0,yes,delete,high,P1,no_signal
https://coincu.com/north-koreas-lazarus-crypto-hacks-in-japan/,North Korea’s Lazarus Behind Years Of Crypto Hacks In Japan,North Korea’s Lazarus Behind Years Of Crypto Hacks In Japan,news,200,Indexable,2208,150,0,0,,,0,0,yes,delete,high,P1,no_signal
https://coincu.com/norway-is-considering-ending-power-bitcoin/,Norway Is Considering Ending The Discounted Power Tariff For Bitcoin Miners,Norway Is Considering Ending The Discounted Power Tariff For Bitcoin Miners,news,200,Indexable,2173,154,0,0,,,0,0,yes,delete,high,P1,no_signal
https://coincu.com/norway-should-promote-crypto-law/,Norway Should Quickly Promote Crypto Law: Central Bank Report,Norway Should Quickly Promote Crypto Law: Central Bank Report,news,200,Indexable,2255,118,0,0,,,0,0,yes,delete,high,P1,no_signal
https://coincu.com/norway-wealth-fund-watchdog/,Norway Wealth Fund Watchdog Will Track Crypto Companies in 2025,Norway Wealth Fund Watchdog Will Track Crypto Companies in 2025,news,200,Indexable,2119,102,0,0,,,0,0,yes,delete,high,P1,no_signal
https://coincu.com/norways-central-bank-build-cbdc/,Norway's Central Bank Uses Ethereum's Technology to Build CBDC,Norway’s Central Bank Uses Ethereum’s Technology to Build CBDC,news,200,Indexable,2064,197,0,0,,,0,0,yes,delete,high,P1,no_signal
https://coincu.com/norwegian-bitcoin-miner-expands-beyond/,Norwegian Bitcoin Miner Expands Beyond The Arctic Circle To Reduce Energy Costs,Norwegian Bitcoin Miner Expands Beyond The Arctic Circle To Reduce Energy Costs,news,200,Indexable,2211,152,0,0,,,0,0,yes,delete,high,P1,no_signal
https://coincu.com/nostr-censorship-resistant-protocol/,Nostr: Censorship-Resistant Protocol Creates New Breakthrough?,Nostr: Censorship-Resistant Protocol Creates New Breakthrough?,news,200,Indexable,3999,431,0,0,,,0,0,yes,delete,high,P1,no_signal
https://coincu.com/nostra-launches-alpha-on-starknet/,Lending Protocol Nostra Launches Alpha On StarkNet Mainnet,Lending Protocol Nostra Launches Alpha On StarkNet Mainnet,news,200,Indexable,2172,125,0,0,,,0,0,yes,delete,high,P1,no_signal
https://coincu.com/notable-gaming-projects-on-wax-ecosystem/,Notable Gaming Projects On Wax Ecosystem,Notable Gaming Projects On Wax Ecosystem,news,200,Indexable,2516,155,0,0,,,0,0,yes,delete,high,P1,no_signal
https://coincu.com/notable-meme-coins-on-aptos/,Notable Meme Coins On Aptos Have Potential To Rise Strongly In 2025,Notable Meme Coins On Aptos Have Potential To Rise Strongly In 2025,news,200,Indexable,2708,152,0,0,,,0,0,yes,delete,high,P1,no_signal
https://coincu.com/notable-national-team-fan-tokens/,Notable National Team Fan Tokens,Notable National Team Fan Tokens,news,200,Indexable,2264,155,0,0,,,0,0,yes,delete,high,P1,no_signal
https://coincu.com/notable-nft-marketplace-on-ethereum/,Top Notable NFT Marketplace On Ethereum,Top Notable NFT Marketplace On Ethereum,news,200,Indexable,2719,155,0,0,,,0,0,yes,delete,high,P1,no_signal
https://coincu.com/notable-nft-projects-on-arbitrum/,Top Notable NFT Projects On Arbitrum,Top Notable NFT Projects On Arbitrum,news,200,Indexable,2426,155,0,0,,,0,0,yes,delete,high,P1,no_signal
https://coincu.com/notable-real-world-assets-crypto-projects/,Top 5 Notable Real World Assets crypto Projects In 2023,Top 5 Notable Real World Assets Crypto Projects In 2024,news,200,Indexable,4057,183,0,0,,,0,0,yes,delete,high,P1,no_signal
https://coincu.com/notable-shanghai-upgrade-coming-soon/,Notable Shanghai Upgrade Coming Soon. What Should PoS Service Providers Prepare?,Notable Shanghai Upgrade Coming Soon. What Should PoS Service Providers Prepare?,news,200,Indexable,3000,148,0,0,,,0,0,yes,delete,high,P1,no_signal
https://coincu.com/notable-upcoming-unlock-tokens-this-week/,Notable Upcoming Unlock Tokens This Week,Notable Upcoming Unlock Tokens This Week,news,200,Indexable,2134,173,0,0,,,0,0,yes,delete,high,P1,no_signal
https://coincu.com/notable-updates-in-gmx-v2/,Notable Updates In GMX V2: Resolving Protocol Backlogs,Notable Updates In GMX V2: Resolving Protocol Backlogs,news,200,Indexable,3478,160,0,0,,,0,0,yes,delete,high,P1,no_signal
https://coincu.com/notcoin-distribution-will-take-place/,Notcoin Distribution Will Take Place With 5% Token Supply To Promote TON Blockchain,Notcoin Distribution Will Take Place With 5% Token Supply To Promote TON Blockchain,news,200,Indexable,2099,138,0,0,,,0,0,yes,delete,high,P1,no_signal
https://coincu.com/notcoin-donation-worth-of-6-8m-telegrams-founder/,Notcoin Donation Worth Of $6.8M Sent To Telegram's Founder,Notcoin Donation Worth Of $6.8M Sent To Telegram’s Founder,news,200,Indexable,2121,211,0,0,,,0,0,yes,delete,high,P1,no_signal
https://coincu.com/notcoin-earn-program-launched/,Notcoin Earn Program Launched To Attract New Users To The Ecosystem,Notcoin Earn Program Launched To Attract New Users To The Ecosystem,news,200,Indexable,2090,135,0,0,,,0,0,yes,delete,high,P1,no_signal
https://coincu.com/notcoin-exchange-deposits-ending-tomorrow/,Notcoin Exchange Deposits Ending Tomorrow! Withdrawals Resume Post-Listing!,Notcoin Exchange Deposits Ending Tomorrow! Withdrawals Resume Post-Listing!,news,200,Indexable,2189,155,0,0,,,0,0,yes,delete,high,P1,no_signal
https://coincu.com/notcoin-first-campaigns-prepared-to-launch/,Notcoin First Campaigns Prepared to Launch Next Week,Notcoin First Campaigns Prepared to Launch Next Week,news,200,Indexable,2094,102,0,0,,,0,0,yes,delete,high,P1,no_signal
https://coincu.com/notcoin-launches-notcoin-explore-platform/,Notcoin Launches Notcoin Explore Platform to Boost Web3 Project Growth,Notcoin Launches Notcoin Explore Platform to Boost Web3 Project Growth,news,200,Indexable,2063,109,0,0,,,0,0,yes,delete,high,P1,no_signal
https://coincu.com/notcoin-not-surges-50-in-24-hours-paving-the-way-for-mpeppe-mpepe-to-shine/,"Notcoin (NOT) Surges 50% in 24 Hours, Paving the Way for Mpeppe (MPEPE) to Shine","Notcoin (NOT) Surges 50% in 24 Hours, Paving the Way for Mpeppe (MPEPE) to Shine",news,200,Indexable,2313,123,0,0,,,0,0,yes,delete,high,P1,no_signal
https://coincu.com/note-joining-ido-for-effective-investment/,Things To Note When Joining IDO For Effective Investment,Things To Note When Joining IDO For Effective Investment,news,200,Indexable,2194,195,0,0,,,0,0,yes,delete,high,P1,no_signal
https://coincu.com/notional-ventures-pioneers-cosmos-ecosystem/,Notional Ventures: Pioneers In The Cosmos Ecosystem,Notional Ventures: Pioneers In The Cosmos Ecosystem,news,200,Indexable,2099,148,0,0,,,0,0,yes,delete,high,P1,no_signal
https://coincu.com/nouns-dao-canceled-donate-100-eth-zachxbt/,Nouns DAO Canceled Donate 100 ETH For “Blockchain Detective” ZachXBT?,Nouns DAO Canceled Donate 100 ETH For “Blockchain Detective” ZachXBT?,news,200,Indexable,1988,126,0,0,,,0,0,yes,delete,high,P1,no_signal
https://coincu.com/nouns-ethereum-nfts-will-appear-in-the-2023/,Nouns Ethereum NFTs Will Appear In The 2023 Rose Parade,Nouns Ethereum NFTs Will Appear In The 2023 Rose Parade,news,200,Indexable,2311,265,0,0,,,0,0,yes,delete,high,P1,no_signal
https://coincu.com/nounsdao-unleashes-fork-page-supporters/,"NounsDAO Unleashes Fork Page, Empowering Supporters to Claim DAO Treasury Shares","NounsDAO Unleashes Fork Page, Empowering Supporters to Claim DAO Treasury Shares",news,200,Indexable,2145,98,0,0,,,0,0,yes,delete,high,P1,no_signal
https://coincu.com/nounsdaos-fork-sparks-27-million-eth-withdrawal/,NounsDAO's Fork Sparks $27 Million ETH Withdrawal Surge,NounsDAO’s Fork Sparks $27 Million ETH Withdrawal Surge,news,200,Indexable,1969,90,0,0,,,0,0,yes,delete,high,P1,no_signal
https://coincu.com/nova-labs-acquires-freedomfi/,"Nova Labs Acquires FreedomFi, Accelerating Mobile Services","Nova Labs Acquires FreedomFi, Accelerating Mobile Services",news,200,Indexable,2136,157,0,0,,,0,0,yes,delete,high,P1,no_signal
https://coincu.com/nova-labs-inks-agreement-t-mobile/,Nova Labs Partnered With T-Mobile To Launch First Crypto 5G Network,Nova Labs Partnered With T-Mobile To Launch First Crypto 5G Network,news,200,Indexable,2064,158,0,0,,,0,0,yes,delete,high,P1,no_signal
https://coincu.com/novatti-expands-stablecoin-to-xrpl/,Novatti Now Expands Its Stablecoin To XRP Ledger,Novatti Now Expands Its Stablecoin To XRP Ledger,news,200,Indexable,2120,153,0,0,,,0,0,yes,delete,high,P1,no_signal
https://coincu.com/november-nft-update-volume-up-blur-gains-ground/,"November NFT Update: Volume Up, Buyer Shift, Blur Gains Ground","November NFT Update: Volume Up, Buyer Shift, Blur Gains Ground",news,200,Indexable,3484,137,0,0,,,0,0,yes,delete,high,P1,no_signal
https://coincu.com/novogratz-claims-ftx-resembles-theranos/,Novogratz Claims That FTX Resembles Theranos,Novogratz Claims That FTX Resembles Theranos,news,200,Indexable,2112,44,0,0,,,0,0,yes,delete,high,P1,no_signal
https://coincu.com/novogratz-says-bankman-fried-should-jail/,Mike Novogratz Says Sam Bankman-Fried Should Go To Jail,Mike Novogratz Says Sam Bankman-Fried Should Go To Jail,news,200,Indexable,2195,153,0,0,,,0,0,yes,delete,high,P1,no_signal
https://coincu.com/nowpayments-can-now-accept-shib/,NOWpayments Can Now Accept SHIB For Fiat Directly Through This Feature,NOWpayments Can Now Accept SHIB For Fiat Directly Through This Feature,news,200,Indexable,2085,121,0,0,,,0,0,yes,delete,high,P1,no_signal
https://coincu.com/nowpayments-pos-terminal-accept-shiba-inu/,NOWPayments POS Terminal Can Now Accept Shiba Inu,NOWPayments POS Terminal Can Now Accept Shiba Inu,news,200,Indexable,1977,94,0,0,,,0,0,yes,delete,high,P1,no_signal
https://coincu.com/nps-buys-coinbase-shares-a-total-of-19-9-million/,"NPS Buys Coinbase Shares For A Total Of $19.9 Million, Signaling Crypto's Rise","NPS Buys Coinbase Shares For A Total Of $19.9 Million, Signaling Crypto’s Rise",news,200,Indexable,2053,201,0,0,,,0,0,yes,delete,high,P1,no_signal
https://coincu.com/nstitutions-sold-5-5-billion-bitcoin/,Major Institutions Sold $5.5 Billion Bitcoin Since May,Major Institutions Sold $5.5 Billion Bitcoin Since May,news,200,Indexable,2064,141,0,0,,,0,0,yes,delete,high,P1,no_signal
https://coincu.com/nubank-bitcoin-lightning-network/,Nubank Bitcoin Lightning Network Will Be Integrated For Its 100 Million Customers,Nubank Bitcoin Lightning Network Will Be Integrated For Its 100 Million Customers,news,200,Indexable,2080,137,0,0,,,0,0,yes,delete,high,P1,no_signal
https://coincu.com/nubank-crypto-support-now-continues/,Nubank Crypto Support Now Continues To Strengthen Bitcoin And Ethereum,Nubank Crypto Support Now Continues To Strengthen Bitcoin And Ethereum,news,200,Indexable,2055,107,0,0,,,0,0,yes,delete,high,P1,no_signal
https://coincu.com/nubank-digital-currency-stopped/,Nubank Digital Currency Has Now Stopped Supporting Transactions,Nubank Digital Currency Has Now Stopped Supporting Transactions,news,200,Indexable,2067,112,0,0,,,0,0,yes,delete,high,P1,no_signal
https://coincu.com/nubank-effect-helps-polygons-matic/,Nubank Effect Helps Polygon's MATIC Surge,Nubank Effect Helps Polygon’s MATIC Surge,news,200,Indexable,1829,152,0,0,,,0,0,yes,delete,high,P1,no_signal
https://coincu.com/number-of-bitcoin-addresses/,"Number Of Bitcoin Addresses Holding Over 1,000 Coins Reached A 3-year Low","Number Of Bitcoin Addresses Holding Over 1,000 Coins Reached A 3-year Low",news,200,Indexable,2225,157,0,0,,,0,0,yes,delete,high,P1,no_signal
https://coincu.com/number-terra-classic-lunc-holder-increase/,The Number Of Terra Classic (LUNC) Holders Increases By 2.7%,The Number Of Terra Classic (LUNC) Holders Increases By 2.7%,news,200,Indexable,1990,168,0,0,,,0,0,yes,delete,high,P1,no_signal
https://coincu.com/nuon-launches-testnet-first-flatcoin/,Nuon Launches Testnet For Crypto's First Flatcoin,Nuon Launches Testnet For Crypto’s First Flatcoin,news,200,Indexable,1920,158,0,0,,,0,0,yes,delete,high,P1,no_signal
https://coincu.com/nuri-files-for-insolvency/,Nuri Exchange Files For Insolvency,Nuri Exchange Files For Insolvency,news,200,Indexable,1971,157,0,0,,,0,0,yes,delete,high,P1,no_signal
https://coincu.com/nvidia-crypto-lawsuit-continues/,Nvidia Crypto Lawsuit Continues With Company's Failed Appeal,Nvidia Crypto Lawsuit Continues With Company’s Failed Appeal,news,200,Indexable,2104,117,0,0,,,0,0,yes,delete,high,P1,no_signal
https://coincu.com/nvidia-intel-chip-partnership/,Nvidia Invests $5 Billion in Intel for Chip Development,Nvidia Invests $5 Billion in Intel for Chip Development,news,200,Indexable,1953,112,0,0,,,0,0,yes,delete,high,P1,no_signal
https://coincu.com/nvidia-invests-1b-in-nokia-to-drive-ai/,Nvidia Invests $1B in Nokia to Drive AI and 6G Network Development,Nvidia Invests $1B in Nokia to Drive AI and 6G Network Development,news,200,Indexable,2065,155,0,0,,,0,0,yes,delete,high,P1,no_signal
https://coincu.com/nvidia-market-value-triumphs-all-german-stocks/,Nvidia Market Value Triumphs Over All German Stocks' Worth Combined!,Nvidia Market Value Triumphs Over All German Stocks’ Worth Combined!,news,200,Indexable,2093,102,0,0,,,0,0,yes,delete,high,P1,no_signal
https://coincu.com/nvidia-openai-investment-consideration/,Nvidia Considers Investment in OpenAI Amidst Speculation,Nvidia Considers Investment in OpenAI Amidst Speculation,news,200,Indexable,1999,167,0,0,,,0,0,yes,delete,high,P1,no_signal
https://coincu.com/nvidia-openai-investment-market-impact/,Nvidia's $100 Billion OpenAI Investment Drives Market Surge,Nvidia’s $100 Billion OpenAI Investment Drives Market Surge,news,200,Indexable,2142,96,0,0,,,0,0,yes,delete,high,P1,no_signal
https://coincu.com/nvidia-small-nuclear-reactors-ai-energy/,NVIDIA Plans Small Nuclear Reactors for AI Energy Needs,NVIDIA Plans Small Nuclear Reactors for AI Energy Needs,news,200,Indexable,1988,104,0,0,,,0,0,yes,delete,high,P1,no_signal
https://coincu.com/nvidia-soars-past-1-trillion-market-cap/,"Nvidia Soars Past $1 Trillion Market Cap, Establishes AI Leadership With Crypto Mining","Nvidia Soars Past $1 Trillion Market Cap, Establishes AI Leadership With Crypto Mining",news,200,Indexable,2158,152,0,0,,,0,0,yes,delete,high,P1,no_signal
https://coincu.com/nvidia-stock-decline-shows-bitcoin-stable/,Nvidia Stock Decline Shows Bitcoin Is Still Much More Stable,Nvidia Stock Decline Shows Bitcoin Is Still Much More Stable,news,200,Indexable,2202,142,0,0,,,0,0,yes,delete,high,P1,no_signal
https://coincu.com/nvidias-q2-report-sparks-crypto-speculation/,"Nvidia's Q2 Report Sparks Stock And Crypto Speculation, BTC Soars Over $26.5K","Nvidia’s Q2 Report Sparks Stock And Crypto Speculation, BTC Soars Over $26.5K",news,200,Indexable,2110,101,0,0,,,0,0,yes,delete,high,P1,no_signal
https://coincu.com/nxt-launches-on-okx-boost-kucoin-mexc-and-lbank-bringing-ai-powered-global-entertainment-to-web3/,"$NXT Launches on OKX Boost, KuCoin, MEXC, and LBank — Bringing AI-Powered Global Entertainment to Web3","$NXT Launches on OKX Boost, KuCoin, MEXC, and LBank — Bringing AI-Powered Global Entertainment to Web3",news,200,Indexable,2364,36,0,0,,,0,0,yes,delete,high,P1,no_signal
https://coincu.com/nxyz-raises-40-million-series-a/,nxyz Raises $40 Million Series A Led By Paradigm,nxyz Raises $40 Million Series A Led By Paradigm,news,200,Indexable,2029,149,0,0,,,0,0,yes,delete,high,P1,no_signal
https://coincu.com/ny-looking-to-expand-gemini-and-dcg-lawsuit/,NY Attorney General Looking to Expand Gemini And DCG Lawsuit With $3 Billion Fraud,NY Attorney General Looking to Expand Gemini And DCG Lawsuit With $3 Billion Fraud,news,200,Indexable,2118,131,0,0,,,0,0,yes,delete,high,P1,no_signal
https://coincu.com/nydfs-adopts-new-regulation/,NYDFS Adopts New Regulation To Enhance Monitoring Crypto Company,NYDFS Adopts New Regulation To Enhance Monitoring Crypto Company,news,200,Indexable,2248,129,0,0,,,0,0,yes,delete,high,P1,no_signal
https://coincu.com/nydfs-chief-warns-rule-breakers-regulatory/,"NYDFS Chief Warns Rule-Breakers, Regulatory Storm Approaches","NYDFS Chief Warns Rule-Breakers, Regulatory Storm Approaches",news,200,Indexable,2208,225,0,0,,,0,0,yes,delete,high,P1,no_signal
https://coincu.com/nydfs-record-straight-on-signature-bank/,NYDFS Sets The Record Straight On Signature Bank Closure And Crypto,NYDFS Sets The Record Straight On Signature Bank Closure And Crypto,news,200,Indexable,2096,217,0,0,,,0,0,yes,delete,high,P1,no_signal
https://coincu.com/nydfs-unveils-bold-measures-for-crypto/,NYDFS Unveils Bold Transparency Measures For Cryptocurrency Industry,NYDFS Unveils Bold Transparency Measures For Cryptocurrency Industry,news,200,Indexable,2091,97,0,0,,,0,0,yes,delete,high,P1,no_signal
https://coincu.com/nydfs-warns-crypto-companies/,NYDFS Warns Crypto Companies Not To Mix User And Business Funds,NYDFS Warns Crypto Companies Not To Mix User And Business Funds,news,200,Indexable,2238,158,0,0,,,0,0,yes,delete,high,P1,no_signal
https://coincu.com/nydfs-will-release-changes/,NYDFS Will Release Changes To Strengthen Cryptocurrency Oversight,NYDFS Will Release Changes To Strengthen Cryptocurrency Oversight,news,200,Indexable,2070,161,0,0,,,0,0,yes,delete,high,P1,no_signal
https://coincu.com/nydig-ceo-and-president/,NYDIG CEO and President Stepped Down Amid The Doomsday Crypto Market,NYDIG CEO and President Stepped Down Amid The Doomsday Crypto Market,news,200,Indexable,2086,158,0,0,,,0,0,yes,delete,high,P1,no_signal
https://coincu.com/nydig-laid-off-one-third-of-staff-september/,NYDIG Laid Off One-Third Of Staff In September,NYDIG Laid Off One-Third Of Staff In September,news,200,Indexable,2118,86,0,0,,,0,0,yes,delete,high,P1,no_signal
https://coincu.com/nyse-arca-bitcoin-etf-delayed/,NYSE Arca Bitcoin ETF Delayed Again By SEC To November 21,NYSE Arca Bitcoin ETF Delayed Again By SEC To November 21,news,200,Indexable,2155,105,0,0,,,0,0,yes,delete,high,P1,no_signal
https://coincu.com/nyse-arca-proposes-rule-8-800-e-digital-asset/,NYSE Arca Proposes Rule 8.800-E to Open Digital Asset Doors,NYSE Arca Proposes Rule 8.800-E to Open Digital Asset Doors,news,200,Indexable,2242,100,0,0,,,0,0,yes,delete,high,P1,no_signal
https://coincu.com/nyse-blockchain-integration-market-infrastructure/,"NYSE Plans Blockchain Integration Into Market Infrastructure, Not a Full System Replacement","NYSE Plans Blockchain Integration Into Market Infrastructure, Not a Full System Replacement",news,200,Indexable,3180,183,0,0,,,0,0,yes,delete,high,P1,no_signal
https://coincu.com/nyse-blockchain-overlay-existing-system/,"NYSE Will Explore Blockchain 'Overlay' on Existing Infrastructure, Not Full Reconstruction","NYSE Will Explore Blockchain ‘Overlay’ on Existing Infrastructure, Not Full Reconstruction",news,200,Indexable,3257,164,0,0,,,0,0,yes,delete,high,P1,no_signal
https://coincu.com/nyse-parent-backs-okx-in-25b-crypto-deal/,"NYSE Parent Backs OKX in $25B Crypto Deal, Board Seat Secured","NYSE Parent Backs OKX in $25B Crypto Deal, Board Seat Secured",news,200,Indexable,2207,119,0,0,,,0,0,yes,delete,high,P1,no_signal
https://coincu.com/nyse-suspends-silvergate-230-jobs-cut/,"NYSE Suspends Silvergate, 230 Jobs Will Be Cut","NYSE Suspends Silvergate, 230 Jobs Will Be Cut",news,200,Indexable,2048,150,0,0,,,0,0,yes,delete,high,P1,no_signal
https://coincu.com/nz-governor-opposes-stablecoins-not-legal-tender/,"NZ Governor Opposes Stablecoins, Not Legal Tender Replacement: Report","NZ Governor Opposes Stablecoins, Not Legal Tender Replacement: Report",news,200,Indexable,2083,142,0,0,,,0,0,yes,delete,high,P1,no_signal
https://coincu.com/oanda-buys-majority-of-coinpass-shares/,OANDA Buys Majority Of Coinpass Shares To Promote UK Market,OANDA Buys Majority Of Coinpass Shares To Promote UK Market,news,200,Indexable,2090,319,0,0,,,0,0,yes,delete,high,P1,no_signal
https://coincu.com/oanda-crypto-launched-in-uk/,OANDA Crypto Launched In UK To Promote New Investors,OANDA Crypto Launched In UK To Promote New Investors,news,200,Indexable,2090,116,0,0,,,0,0,yes,delete,high,P1,no_signal
https://coincu.com/oasis-140-million-in-wormhole-damage/,"Oasis ""Hacked Itself"" To Recoup $140 Million In Wormhole Attack Damage",Oasis “Hacked Itself” To Recoup $140 Million In Wormhole Attack Damage,news,200,Indexable,2208,155,0,0,,,0,0,yes,delete,high,P1,no_signal
https://coincu.com/oasis-cooperates-with-meta/,Oasis Cooperates With Meta To Build An Information Protection Platform,Oasis Cooperates With Meta To Build An Information Protection Platform,news,200,Indexable,2147,151,0,0,,,0,0,yes,delete,high,P1,no_signal
https://coincu.com/oasis-network-integrates-celers-im/,Oasis Network Now Integrates Celer's Interchain Messaging Bridge On Sapphire,Oasis Network Now Integrates Celer’s Interchain Messaging Bridge On Sapphire,news,200,Indexable,2017,111,0,0,,,0,0,yes,delete,high,P1,no_signal
https://coincu.com/oasys-gaming-partnership-with-sk-planet-expands/,Oasys Gaming Partnership With SK Planet Expands Into South Korea,Oasys Gaming Partnership With SK Planet Expands Into South Korea,news,200,Indexable,1985,164,0,0,,,0,0,yes,delete,high,P1,no_signal
https://coincu.com/oasys-point-out-plans-for-mainnet/,Gaming Blockchain Oasys Point Out Plans For Its Mainnet Launch,Gaming Blockchain Oasys Point Out Plans For Its Mainnet Launch,news,200,Indexable,2125,104,0,0,,,0,0,yes,delete,high,P1,no_signal
https://coincu.com/obol-labs-raises-12-5m/,Obol Labs Raises $12.5M In New Funding Round To Enhance Security Stake Blockchains Validation,Obol Labs Raises $12.5M In New Funding Round To Enhance Security Stake Blockchains Validation,news,200,Indexable,2269,157,0,0,,,0,0,yes,delete,high,P1,no_signal
https://coincu.com/ocean-protocol-ecosystem-fund/,Ocean Protocol Ecosystem Fund Receives Faculty Group's $5 Million Support Commitment,Ocean Protocol Ecosystem Fund Receives Faculty Group’s $5 Million Support Commitment,news,200,Indexable,2005,150,0,0,,,0,0,yes,delete,high,P1,no_signal
https://coincu.com/oct-11-gate-alpha-users-claim-strike-alpha-points/,Oct 11: Gate Alpha Users Can Claim STRIKE with Alpha Points,Gate Alpha Airdrop: Claim STRIKE with Alpha Points Starting October 11,news,200,Indexable,1862,85,0,0,,,0,0,yes,delete,high,P1,no_signal
https://coincu.com/october-gate-alpha-users-claim-strike-with-alpha-points/,October: Gate Alpha Users Can Claim $STRIKE with Alpha Points,Claim STRIKE Token in October Airdrop with Eligible Alpha Points,news,200,Indexable,1818,155,0,0,,,0,0,yes,delete,high,P1,no_signal
https://coincu.com/october-nft-market-shows-signs-of-rebound/,October NFT Market Shows Signs of Rebound: Further Positive Developments Awaited,October NFT Market Shows Signs of Rebound: Further Positive Developments Awaited,news,200,Indexable,3452,181,0,0,,,0,0,yes,delete,high,P1,no_signal
https://coincu.com/october-token-unlock/,October Token Unlock Sets to Impact Notable Blockchain Projects,October Token Unlock Sets to Impact Notable Blockchain Projects,news,200,Indexable,2197,158,0,0,,,0,0,yes,delete,high,P1,no_signal
https://coincu.com/octopus-network-cut-off-40-of-the-core-team/,Octopus Network Cut Off 40% Of The Core Team,Octopus Network Cut Off 40% Of The Core Team,news,200,Indexable,2123,231,0,0,,,0,0,yes,delete,high,P1,no_signal
https://coincu.com/odds-of-a-bonk-rally-amidst-the-84b-token-burn-proposal-increase-mpeppe-mpepe-poised-for-explosive-growth/,"Odds of a BONK Rally Amidst the 84B Token Burn Proposal Increase, Mpeppe (MPEPE) Poised for Explosive Growth","Odds of a BONK Rally Amidst the 84B Token Burn Proposal Increase, Mpeppe (MPEPE) Poised for Explosive Growth",news,200,Indexable,2435,199,0,0,,,0,0,yes,delete,high,P1,no_signal
https://coincu.com/odds-on-adam-back-being-nakamoto/,Odds on Adam Back Being Nakamoto Are Soaring Due to Fake Rumors,Odds on Adam Back Being Nakamoto Are Soaring Due to Fake Rumors,news,200,Indexable,2181,143,0,0,,,0,0,yes,delete,high,P1,no_signal
https://coincu.com/oecd-concerned-the-impact-of-crypto/,OECD Concerned About The Impact Of Crypto On The Financial System,OECD Concerned About The Impact Of Crypto On The Financial System,news,200,Indexable,1991,151,0,0,,,0,0,yes,delete,high,P1,no_signal
https://coincu.com/oecd-releases-crypto-tax-framework/,OECD Releases Crypto Tax Framework To Prevent Tax Evasion With Cryptocurrencies,OECD Releases Crypto Tax Framework To Prevent Tax Evasion With Cryptocurrencies,news,200,Indexable,2075,155,0,0,,,0,0,yes,delete,high,P1,no_signal
https://coincu.com/ofac-allows-users-withdraw-tornado-cash/,OFAC Allows Users To Withdraw From Tornado Cash And No Penalties For Passive People,OFAC Allows Users To Withdraw From Tornado Cash And No Penalties For Passive People,news,200,Indexable,2190,150,0,0,,,0,0,yes,delete,high,P1,no_signal
https://coincu.com/offchain-labs-17-million-investment-binance/,Offchain Labs Secures $1.7 Million Investment From Binance,Offchain Labs Secures $1.7 Million Investment From Binance,news,200,Indexable,1962,188,0,0,,,0,0,yes,delete,high,P1,no_signal
https://coincu.com/offchain-labs-bold-validation-arbitrum-secure/,Offchain Labs Announces BOLD Validation Making Arbitrum More Secure,Offchain Labs Announces BOLD Validation Making Arbitrum More Secure,news,200,Indexable,1959,79,0,0,,,0,0,yes,delete,high,P1,no_signal
https://coincu.com/offchain-labs-launches-arbitrum-stylus/,Offchain Labs Now Launches Arbitrum Stylus To Support Smart Contract Development,Offchain Labs Now Launches Arbitrum Stylus To Support Smart Contract Development,news,200,Indexable,1974,170,0,0,,,0,0,yes,delete,high,P1,no_signal
https://coincu.com/offchain-labs-prysm-has-new-update/,"Offchain Labs: Prysm Has New Update, EIP-4844 Is In Development","Offchain Labs: Prysm Has New Update, EIP-4844 Is In Development",news,200,Indexable,2022,153,0,0,,,0,0,yes,delete,high,P1,no_signal
https://coincu.com/office-of-the-comptroller-of-the-currency-occ/,Office of the Comptroller of the Currency (OCC),Office of the Comptroller of the Currency (OCC),news,200,Indexable,2127,209,0,0,,,0,0,yes,delete,high,P1,no_signal
https://coincu.com/official-trump-coins-designed-launched-for-100/,Official Trump Coins Designed by the Former President Launched for $100,Official Trump Coins Designed by the Former President Launched for $100,news,200,Indexable,2169,152,0,0,,,0,0,yes,delete,high,P1,no_signal
https://coincu.com/offline-storage/,Offline Storage,Offline Storage,news,200,Indexable,2105,137,0,0,,,0,0,yes,delete,high,P1,no_signal
https://coincu.com/ohio-bitcoin-reserve-act-now-paved-to-2025/,Ohio Bitcoin Reserve Act Now Paved to 2025,Ohio Bitcoin Reserve Act Now Paved to 2025,news,200,Indexable,2070,147,0,0,,,0,0,yes,delete,high,P1,no_signal
https://coincu.com/ohio-crypto-bill-now-advancing/,Ohio Crypto Bill Now Advancing to Approve Bitcoin Tax,Ohio Crypto Bill Now Advancing to Approve Bitcoin Tax,news,200,Indexable,2156,159,0,0,,,0,0,yes,delete,high,P1,no_signal
https://coincu.com/oil-drops-15-in-2-hours-as-g7-considers/,Oil Drops $15 in 2 Hours as G7 Considers 400M Barrel Release,Oil Drops $15 in 2 Hours as G7 Considers 400M Barrel Release,news,200,Indexable,2166,116,0,0,,,0,0,yes,delete,high,P1,no_signal
https://coincu.com/oil-jumps-crypto-stock-futures-slide-us-iran-tensions/,"Oil Jumps, Crypto Slides as US-Iran Tensions Hit Markets","Oil Jumps, Crypto Slides as US-Iran Tensions Hit Markets",news,200,Indexable,2799,161,0,0,,,0,0,yes,delete,high,P1,no_signal
https://coincu.com/oil-rockets-13%AFter-iran-moves-in-hormuz/,Breaking: Oil Rockets 13% After Iran Moves in Hormuz Strait,Breaking: Oil Rockets 13% After Iran Moves in Hormuz Strait,news,200,Indexable,2126,106,0,0,,,0,0,no,delete,high,P1,not_in_live_sitemap
https://coincu.com/okay-bears/,Okay Bears: A More-Than-Okay Milestone for Solana NFTs,Okay Bears: A More-Than-Okay Milestone for Solana NFTs,news,200,Indexable,2425,106,0,0,,,0,0,yes,delete,high,P1,no_signal
https://coincu.com/okb-price-incident-because-of-market-crash/,OKB Price Incident Happens Because Of Market Crash,OKB Price Incident Happens Because Of Market Crash,news,200,Indexable,2117,86,0,0,,,0,0,yes,delete,high,P1,no_signal
https://coincu.com/okb-price-plummets-52-reasons-remain-unclear/,"Is OKX Safe? OKB Price Plummets 52%, Reasons Remain Unclear","Is OKX Safe? OKB Price Plummets 52%, Reasons Remain Unclear",news,200,Indexable,2097,132,0,0,,,0,0,yes,delete,high,P1,no_signal
https://coincu.com/okb-supply-locked-at-21m/,$OKB Supply Locked at 21M After $7.29B Burn,$OKB Supply Locked at 21M After $7.29B Burn,news,200,Indexable,2230,103,0,0,,,0,0,yes,delete,high,P1,no_signal
https://coincu.com/okc-okx-chain-integrates-unstoppable-domain/,OKC (OKX Chain) Integrates Unstoppable Domains To Simplify Crypto,OKC (OKX Chain) Integrates Unstoppable Domains To Simplify Crypto,news,200,Indexable,2443,147,0,0,,,0,0,yes,delete,high,P1,no_signal
https://coincu.com/okcoin-must-remove-fdic-insurance/,"OKCoin Must Immediately Remove FDIC Insurance, The Regulator Warns","OKCoin Must Immediately Remove FDIC Insurance, The Regulator Warns",news,200,Indexable,2294,141,0,0,,,0,0,yes,delete,high,P1,no_signal
https://coincu.com/oklahoma-crypto-bill-passed-no-extra-taxes/,"Oklahoma Crypto Bill Passed, No Extra Taxes On Transactions Imposed","Oklahoma Crypto Bill Passed, No Extra Taxes On Transactions Imposed",news,200,Indexable,2104,155,0,0,,,0,0,yes,delete,high,P1,no_signal
https://coincu.com/oklink-bitkeep-hack-total-loss/,OKLink: BitKeep Hack Total Loss Has Reached $31 Million,OKLink: BitKeep Hack Total Loss Has Reached $31 Million,news,200,Indexable,2110,157,0,0,,,0,0,yes,delete,high,P1,no_signal
https://coincu.com/oklink-shares-progress-nomad-bridges-attack/,OKLink Shares The Full Progress Of Nomad Bridge's $190 Million Attack,OKLink Shares The Full Progress Of Nomad Bridge’s $190 Million Attack,news,200,Indexable,2100,146,0,0,,,0,0,yes,delete,high,P1,no_signal
https://coincu.com/okx-addresses-security-incidents-user-protection/,OKX Addresses Security Incidents and Reaffirms Commitment to User Protection!,OKX Addresses Security Incidents and Reaffirms Commitment to User Protection!,news,200,Indexable,2206,150,0,0,,,0,0,yes,delete,high,P1,no_signal
https://coincu.com/okx-and-bybit-eliminate-banks-in-russia/,OKX And Bybit Eliminate Sanctioned Banks In Russia Via P2P Payment,OKX And Bybit Eliminate Sanctioned Banks In Russia Via P2P Payment,news,200,Indexable,2109,130,0,0,,,0,0,yes,delete,high,P1,no_signal
https://coincu.com/okx-and-circle-introduce-cross-chain-protocol/,OKX And Circle Introduce New Cross-Chain Transfer Protocol For Seamless USDC Trading,OKX And Circle Introduce New Cross-Chain Transfer Protocol For Seamless USDC Trading,news,200,Indexable,2036,127,0,0,,,0,0,yes,delete,high,P1,no_signal
https://coincu.com/okx-and-gate-io-problem-with-alibaba-cloud/,OKX And Gate.io Are Inaccessible Due To A Problem With Alibaba Cloud,OKX And Gate.io Are Inaccessible Due To A Problem With Alibaba Cloud,news,200,Indexable,1936,157,0,0,,,0,0,yes,delete,high,P1,no_signal
https://coincu.com/okx-and-huobi-integrate-unisat-brc-20/,OKX And Huobi Both Integrate Unisat For Easy Access To BRC-20 Trends,OKX And Huobi Both Integrate Unisat For Easy Access To BRC-20 Trends,news,200,Indexable,2240,161,0,0,,,0,0,yes,delete,high,P1,no_signal
https://coincu.com/okx-and-standard-chartered-partnership/,OKX and Standard Chartered Partnership for Institutional Custody,OKX and Standard Chartered Partnership for Institutional Custody,news,200,Indexable,2122,158,0,0,,,0,0,yes,delete,high,P1,no_signal
https://coincu.com/okx-announces-19th-proof-of-asset-reserves/,"OKX Announces 19th Proof of Asset Reserves, User Holdings Surge!","OKX Announces 19th Proof of Asset Reserves, User Holdings Surge!",news,200,Indexable,2149,87,0,0,,,0,0,yes,delete,high,P1,no_signal
https://coincu.com/okx-announces-bitcoin-developer-grant/,OKX Announces Bitcoin Developer Grant to 2140 Foundation,OKX Announces Bitcoin Developer Grant to 2140 Foundation,news,200,Indexable,1957,162,0,0,,,0,0,yes,delete,high,P1,no_signal
https://coincu.com/okx-announces-listing-of-frax-share-fxs-and-introduction-of-fxs-usdt-trading-pair/,OKX Announces Listing of Frax Share (FXS) and Introduction of FXS/USDT Trading Pair!,OKX Announces Listing of Frax Share (FXS) and Introduction of FXS/USDT Trading Pair!,news,200,Indexable,2187,86,0,0,,,0,0,yes,delete,high,P1,no_signal
https://coincu.com/okx-api-incident-suddenly-occurs/,"OKX API Incident Suddenly Occurs, Causing Serious Loss To Users","OKX API Incident Suddenly Occurs, Causing Serious Loss To Users",news,200,Indexable,2081,119,0,0,,,0,0,yes,delete,high,P1,no_signal
https://coincu.com/okx-applied-licenses-hong-kong/,OKX Applied For Virtual Asset Licenses To Launch Its Hong Kong Entity,OKX Applied For Virtual Asset Licenses To Launch Its Hong Kong Entity,news,200,Indexable,2112,84,0,0,,,0,0,yes,delete,high,P1,no_signal
https://coincu.com/okx-auctionusdt-funding-change/,OKX Modifies AUCTIONUSDT Funding Settlement Frequency,OKX Modifies AUCTIONUSDT Funding Settlement Frequency,news,200,Indexable,2192,146,0,0,,,0,0,yes,delete,high,P1,no_signal
https://coincu.com/okx-bitcoin-mining-pool-no-longer-be-supported/,OKX Bitcoin Mining Pool Will No Longer Be Supported From February 26,OKX Bitcoin Mining Pool Will No Longer Be Supported From February 26,news,200,Indexable,2089,120,0,0,,,0,0,yes,delete,high,P1,no_signal
https://coincu.com/okx-burns-244-million-of-okb-tokens/,OKX Burns $244 Million of OKB Tokens In Record Supply Cut,OKX Burns $244 Million of OKB Tokens In Record Supply Cut,news,200,Indexable,2115,99,0,0,,,0,0,yes,delete,high,P1,no_signal
https://coincu.com/okx-burns-258-million-okb-tokens/,OKX Burns $258 Million Worth Of OKB Tokens In Latest Buyback And Burn,OKX Burns $258 Million Worth Of OKB Tokens In Latest Buyback And Burn,news,200,Indexable,2032,161,0,0,,,0,0,yes,delete,high,P1,no_signal
https://coincu.com/okx-compensate-for-sui-problems-3-days/,OKX Will Compensate For SUI Token Problems Within 3 Working Days,OKX Will Compensate For SUI Token Problems Within 3 Working Days,news,200,Indexable,2099,150,0,0,,,0,0,yes,delete,high,P1,no_signal
https://coincu.com/okx-competitive-offer-policy-response/,OKX Responds to Employee Poaching with New Offer Policy,OKX Responds to Employee Poaching with New Offer Policy,news,200,Indexable,2163,97,0,0,,,0,0,yes,delete,high,P1,no_signal
https://coincu.com/okx-dash-listing-november-2025/,OKX Announces Dash Listing for Spot and Futures Trading,OKX Announces Dash Listing for Spot and Futures Trading,news,200,Indexable,2217,131,0,0,,,0,0,yes,delete,high,P1,no_signal
https://coincu.com/okx-delists-lunc-ustc-pairs/,OKX Announces Upcoming Delisting of LUNC and USTC Trading Pairs,OKX Announces Upcoming Delisting of LUNC and USTC Trading Pairs,news,200,Indexable,2119,87,0,0,,,0,0,yes,delete,high,P1,no_signal
https://coincu.com/okx-delists-trx-futures-contracts-in-2023/,"OKX Delists TRX Futures Contracts In 2023, Adapting To Evolving Market Demands","OKX Delists TRX Futures Contracts In 2023, Adapting To Evolving Market Demands",news,200,Indexable,2116,121,0,0,,,0,0,yes,delete,high,P1,no_signal
https://coincu.com/okx-doesnt-seem-to-fall-into-ftxs-quagmire/,OKX Doesn't Seem To Fall Into FTX's Quagmire,OKX Doesn’t Seem To Fall Into FTX’s Quagmire,news,200,Indexable,2063,154,0,0,,,0,0,yes,delete,high,P1,no_signal
https://coincu.com/okx-enhanced-crypto-transactions/,OKX Enhanced Crypto Transactions With Smart Account: A Seamless Web3 Experience,OKX Enhanced Crypto Transactions With Smart Account: A Seamless Web3 Experience,news,200,Indexable,2212,128,0,0,,,0,0,yes,delete,high,P1,no_signal
https://coincu.com/okx-exchange-breaks-new-records-11-3-billion/,OKX Breaks New Records with $11.3 Billion In User Assets,OKX Breaks New Records with $11.3 Billion In User Assets,news,200,Indexable,2174,162,0,0,,,0,0,yes,delete,high,P1,no_signal
https://coincu.com/okx-exchange-settles-doj-charges/,OKX Exchange Agrees to Pay $500 Million Fine to Settle with DOJ,OKX Exchange Agrees to Pay $500 Million Fine to Settle with DOJ,news,200,Indexable,2292,152,0,0,,,0,0,yes,delete,high,P1,no_signal
https://coincu.com/okx-exchange-stopped-withdrawing-5-hours/,OKX Exchange Stopped Withdrawing For More Than 5 Hours,OKX Exchange Stopped Withdrawing For More Than 5 Hours,news,200,Indexable,1876,155,0,0,,,0,0,yes,delete,high,P1,no_signal
https://coincu.com/okx-exposes-om-scam-covers-huge-losses/,"OKX Exposes OM Scam,Covers Huge Losses with Security Fund","OKX Exposes OM Scam, Covers Huge Losses with Security Fund",press_release_like,200,Indexable,2168,132,0,0,,,0,0,yes,delete,high,P1,event_pr_signal
https://coincu.com/okx-eyes-us-ipo-after-doj-settlement-and-market/,OKX Eyes US IPO After DOJ Settlement and Market Re-Entry,OKX Eyes US IPO After DOJ Settlement and Market Re-Entry,news,200,Indexable,2118,122,0,0,,,0,0,yes,delete,high,P1,no_signal
https://coincu.com/okx-forges-path-to-enduring-sports-sponsorships/,OKX Forges Path To Enduring Sports Sponsorships Amid Difficult Crypto World,OKX Forges Path To Enduring Sports Sponsorships Amid Difficult Crypto World,press_release_like,200,Indexable,2140,135,0,0,,,0,0,yes,delete,high,P1,event_pr_signal
https://coincu.com/okx-founder-explains-strategy-solana-memecoin/,OKX Founder Explains Strategy Of Skipping Solana Memecoin Frenzy,OKX Founder Explains Strategy Of Skipping Solana Memecoin Frenzy,news,200,Indexable,2161,134,0,0,,,0,0,yes,delete,high,P1,no_signal
https://coincu.com/okx-founder-mediation-binance-ftxs-war/,OKX Founder Speaks Out For Mediation Between Binance And FTX's War,OKX Founder Speaks Out For Mediation Between Binance And FTX’s War,news,200,Indexable,2140,246,0,0,,,0,0,yes,delete,high,P1,no_signal
https://coincu.com/okx-founder-predicts-100x-growth-for-crypto/,OKX Founder Predicts 100x Growth For Crypto Industry,OKX Founder Predicts 100x Growth For Crypto Industry,news,200,Indexable,2105,152,0,0,,,0,0,yes,delete,high,P1,no_signal
https://coincu.com/okx-hong-kongs-vasp-withdrawn/,OKX Hong Kong's VASP License Application Is Now Withdrawn Due To Regulation Concerns,OKX Hong Kong’s VASP License Application Is Now Withdrawn Due To Regulation Concerns,news,200,Indexable,2166,166,0,0,,,0,0,yes,delete,high,P1,no_signal
https://coincu.com/okx-iceberg-trading-bot-for-large-scale-trading/,OKX Introduces Smart Iceberg Trading Bot Strategy For Large Scale Trading,OKX Introduces Smart Iceberg Trading Bot Strategy For Large Scale Trading,news,200,Indexable,2055,112,0,0,,,0,0,yes,delete,high,P1,no_signal
https://coincu.com/okx-in-progress-proof-of-reserves/,"OKX In Progress Proof of Reserves After FTX ""Typical Example""",OKX In Progress Proof of Reserves After FTX “Typical Example”,news,200,Indexable,1980,180,0,0,,,0,0,yes,delete,high,P1,no_signal
https://coincu.com/okx-introduces-proof-of-reserve/,OKX Introduces Proof Of Reserve (POR) With A Reserve Ratio Greater Than 100%,OKX Introduces Proof Of Reserve (POR) With A Reserve Ratio Greater Than 100%,news,200,Indexable,1951,155,0,0,,,0,0,yes,delete,high,P1,no_signal
https://coincu.com/okx-launch-xleusdt-perpetual-contract-1815-may-11/,OKX to Launch XLEUSDT Perpetual Contract at 18:15 on May 11,OKX to Launch XLEUSDT Perpetual Contract at 18:15 on May 11,news,200,Indexable,2719,150,0,0,,,0,0,yes,delete,high,P1,no_signal
https://coincu.com/okx-launched-explorer-for-brc-20-token/,OKX Launches New Explorer For BRC-20 Token,OKX Launches New Explorer For BRC-20 Token,news,200,Indexable,2061,89,0,0,,,0,0,yes,delete,high,P1,no_signal
https://coincu.com/okx-launches-brc20-s-a-new-staking-mechanism/,OKX Launches BRC20-S: A New Staking Mechanism For Passive Income,OKX Launches BRC20-S: A New Staking Mechanism For Passive Income,news,200,Indexable,2210,236,0,0,,,0,0,yes,delete,high,P1,no_signal
https://coincu.com/okx-launches-new-blockchain/,"OKX Launches New Blockchain, OKB Price Reaches New All-Time High","OKX Launches New Blockchain, OKB Price Reaches New All-Time High",news,200,Indexable,2190,151,0,0,,,0,0,yes,delete,high,P1,no_signal
https://coincu.com/okx-leaked-customer-information/,OKX Leaked Customer Information?,OKX Leaked Customer Information?,news,200,Indexable,2161,151,0,0,,,0,0,yes,delete,high,P1,no_signal
https://coincu.com/okx-listing-16-popular-tokens-hong-kong/,OKX Listing 16 Popular Tokens After Hong Kong Backs Crypto Trading,OKX Listing 16 Popular Tokens After Hong Kong Backs Crypto Trading,news,200,Indexable,2070,127,0,0,,,0,0,yes,delete,high,P1,no_signal
https://coincu.com/okx-lists-paypal-usd-pyusd-for-spot-trading/,OKX Lists PayPal USD (PYUSD) For Spot Trading Starting Oct 2024,OKX Lists PayPal USD (PYUSD) For Spot Trading Starting Oct 2024,news,200,Indexable,2030,175,0,0,,,0,0,yes,delete,high,P1,no_signal
https://coincu.com/okx-nears-final-licensing-stage-in-hong-kong/,OKX Nears Final Licensing Stage In Hong Kong for 2024,OKX Nears Final Licensing Stage In Hong Kong for 2024,news,200,Indexable,2116,145,0,0,,,0,0,yes,delete,high,P1,no_signal
https://coincu.com/okx-new-strategy-web3-trading/,OKX's New Strategy for DEX Trading on Web3 Platform,OKX’s New Strategy for DEX Trading on Web3 Platform,news,200,Indexable,2123,103,0,0,,,0,0,yes,delete,high,P1,no_signal
https://coincu.com/okx-nft-trading-soars-114-overtakes-blur-opensea/,"OKX NFT Trading Soars 114%, Overtakes Blur and OpenSea in DeFi Craze","OKX NFT Trading Soars 114%, Overtakes Blur and OpenSea in DeFi Craze",news,200,Indexable,1919,160,0,0,,,0,0,yes,delete,high,P1,no_signal
https://coincu.com/okx-now-starts-to-support-ordi-trading/,OKX Now Starts To Support ORDI Trading,OKX Now Starts To Support ORDI Trading,news,200,Indexable,2109,100,0,0,,,0,0,yes,delete,high,P1,no_signal
https://coincu.com/okx-obtains-a-license-in-dubai/,"OKX Obtains A License In Dubai, Intends To Advance Regulatory Dialogue.","OKX Obtains A License In Dubai, Intends To Advance Regulatory Dialogue.",news,200,Indexable,2044,137,0,0,,,0,0,yes,delete,high,P1,no_signal
https://coincu.com/okx-ordinals-market-has-recovered-compensation/,OKX Ordinals Market Has Recovered And Compensation Will Be Paid To Affected Real Users,OKX Ordinals Market Has Recovered And Compensation Will Be Paid To Affected Real Users,news,200,Indexable,2143,194,0,0,,,0,0,yes,delete,high,P1,no_signal
https://coincu.com/okx-partner-of-man-city/,OKX Becomes The Official Partner Of Manchester City Through Expansion Agreement,OKX Becomes The Official Partner Of Manchester City Through Expansion Agreement,news,200,Indexable,2289,86,0,0,,,0,0,yes,delete,high,P1,no_signal
https://coincu.com/okx-partners-with-komainu/,OKX Partners With Komainu To Enable Customers To Conduct Secure 24/7 Trading,OKX Partners With Komainu To Enable Customers To Conduct Secure 24/7 Trading,news,200,Indexable,2139,135,0,0,,,0,0,yes,delete,high,P1,no_signal
https://coincu.com/okx-plans-to-launch-in-turkiye/,"OKX Plans To Launch An Office In Türkiye, OKB Trading Volume Soars 95%","OKX Plans To Launch An Office In Türkiye, OKB Trading Volume Soars 95%",news,200,Indexable,2270,106,0,0,,,0,0,yes,delete,high,P1,no_signal
https://coincu.com/okx-por-15-surpasses-100-bch-added-first-time/,"OKX POR 15 Surpasses 100%, BCH Added for First Time!","OKX POR 15 Surpasses 100%, BCH Added for First Time!",news,200,Indexable,2116,151,0,0,,,0,0,yes,delete,high,P1,no_signal
https://coincu.com/okx-por-15-surpasses-100-bch-added-for-first-time/,"OKX POR 15 Surpasses 100%, BCH Added for First Time!","OKX POR 15 Surpasses 100%, BCH Added for First Time!",news,200,Indexable,2129,151,0,0,,,0,0,yes,delete,high,P1,no_signal
https://coincu.com/okx-pump-token-launch-2025/,OKX Announces PUMP Token Launch with Spot Trading,OKX Announces PUMP Token Launch with Spot Trading,news,200,Indexable,2160,79,0,0,,,0,0,yes,delete,high,P1,no_signal
https://coincu.com/okx-referral-code-59061816-earn-mystery-boxes/,Limited OKX Referral Code 2024: 59061816 (Earn 10K USDT And Mystery Boxes Bonus),Limited OKX Referral Code 2024: 59061816 (Earn 10K USDT And Mystery Boxes Bonus),news,200,Indexable,3995,152,0,0,,,0,0,yes,delete,high,P1,no_signal
https://coincu.com/okx-released-the-8th-por/,"OKX Released The 8th Proof Of Reserve, All Coins Exceeded 100%","OKX Released The 8th Proof Of Reserve, All Coins Exceeded 100%",news,200,Indexable,2272,109,0,0,,,0,0,yes,delete,high,P1,no_signal
https://coincu.com/okx-released-the-second-por/,OKX Released The Second Proof-of-Reserve Report,OKX Released The Second Proof-of-Reserve Report,news,200,Indexable,2257,152,0,0,,,0,0,yes,delete,high,P1,no_signal
https://coincu.com/okx-releases-7th-reserve-certificate-a-win/,"OKX Releases 7th Reserve Certificate: A Big Win for USDT Holders, But At What Cost?","OKX Releases 7th Reserve Certificate: A Big Win for USDT Holders, But At What Cost?",news,200,Indexable,2106,185,0,0,,,0,0,yes,delete,high,P1,no_signal
https://coincu.com/okx-releases-update-on-token-listing-process/,OKX Releases Update On Token Listing Process!,OKX Releases Update On Token Listing Process!,news,200,Indexable,2130,92,0,0,,,0,0,yes,delete,high,P1,no_signal
https://coincu.com/okx-star-cz-dispute-compliance-public-betting-april-10/,OKX Star vs CZ Dispute Escalates Over Compliance and Public Betting,OKX Star vs CZ Dispute Escalates Over Compliance and Public Betting,news,200,Indexable,2264,200,0,0,,,0,0,yes,delete,high,P1,no_signal
https://coincu.com/okx-sui-token-problem-compensates/,OKX Explains SUI Token Transaction Problem And Compensates,OKX Explains SUI Token Transaction Problem And Compensates,news,200,Indexable,2072,167,0,0,,,0,0,yes,delete,high,P1,no_signal
https://coincu.com/okx-support-plan-for-project-100m/,OKX Implement Ecological Support Plan For Project Worth $100M,OKX Implement Ecological Support Plan For Project Worth $100M,news,200,Indexable,2016,158,0,0,,,0,0,yes,delete,high,P1,no_signal
https://coincu.com/okx-to-exit-canadian-market-by-june-2023/,OKX To Exit Canadian Market By June 2023,OKX To Exit Canadian Market By June 2023,news,200,Indexable,2213,122,0,0,,,0,0,yes,delete,high,P1,no_signal
https://coincu.com/okx-token-listing-principles-are-emphasized/,OKX Token Listing Principles Are Emphasized With 5 Outstanding Focuses,OKX Token Listing Principles Are Emphasized With 5 Outstanding Focuses,news,200,Indexable,2125,146,0,0,,,0,0,yes,delete,high,P1,no_signal
https://coincu.com/okx-trading-soars-53x/,OKX Trading Soars 53x After U.S. and Europe Expansion,OKX Trading Soars 53x After U.S. and Europe Expansion,news,200,Indexable,2054,123,0,0,,,0,0,yes,delete,high,P1,no_signal
https://coincu.com/okx-turkiye-now-officially-in-operation/,OKX Turkiye Now Officially In Operation With 24/7 Local Customer Support,OKX Turkiye Now Officially In Operation With 24/7 Local Customer Support,news,200,Indexable,2134,150,0,0,,,0,0,yes,delete,high,P1,no_signal
https://coincu.com/okx-uae-crypto-launch-marks-major-milestone/,OKX UAE Crypto Launch Marks Major Milestone with 280+ Cryptos,OKX UAE Crypto Launch Marks Major Milestone with 280+ Cryptos,news,200,Indexable,2012,191,0,0,,,0,0,yes,delete,high,P1,no_signal
https://coincu.com/okx-unleashes-bold-compensation-plan/,OKX Unleashes Bold Compensation Plan Amidst Unprecedented Contract Price Turmoil!,OKX Unleashes Bold Compensation Plan Amidst Unprecedented Contract Price Turmoil!,news,200,Indexable,2219,134,0,0,,,0,0,yes,delete,high,P1,no_signal
https://coincu.com/okx-us-compliance-department/,OKX US Compliance Department Becomes The Highest Priority Amid Growing Challenges,OKX US Compliance Department Becomes The Highest Priority Amid Growing Challenges,news,200,Indexable,2089,121,0,0,,,0,0,yes,delete,high,P1,no_signal
https://coincu.com/okx-us-launch-exchange-rollout/,OKX Launches Crypto Exchange in the United States,OKX Launches Crypto Exchange in the United States,news,200,Indexable,2180,77,0,0,,,0,0,yes,delete,high,P1,no_signal
https://coincu.com/okx-us-return-new-ceo/,OKX Resumes U.S. Operations; Appoints New CEO,OKX Resumes U.S. Operations; Appoints New CEO,news,200,Indexable,2251,79,0,0,,,0,0,yes,delete,high,P1,no_signal
https://coincu.com/okx-user-loses-2m-in-deepfake-cyber-attack/,OKX User Loses $2M In Deepfake Cyber Attack,OKX User Loses $2M In Deepfake Cyber Attack,news,200,Indexable,2141,123,0,0,,,0,0,yes,delete,high,P1,no_signal
https://coincu.com/okx-ventures-and-thirdverse-group/,OKX Ventures And Thirdverse Group Announce Capital And Business Alliance,OKX Ventures And Thirdverse Group Announce Capital And Business Alliance,news,200,Indexable,2076,125,0,0,,,0,0,yes,delete,high,P1,no_signal
https://coincu.com/okx-ventures-fuels-moonbox/,OKX Ventures Fuels Moonbox: $1 Million Investment to Ignite AI and Web3 Innovation,OKX Ventures Fuels Moonbox: $1 Million Investment to Ignite AI and Web3 Innovation,news,200,Indexable,2119,116,0,0,,,0,0,yes,delete,high,P1,no_signal
https://coincu.com/okx-virtual-asset-trading-license-from-hong-kong/,OKX Seeks Virtual Asset Trading License from Hong Kong Authorities!,OKX Seeks Virtual Asset Trading License from Hong Kong Authorities!,news,200,Indexable,2128,161,0,0,,,0,0,yes,delete,high,P1,no_signal
https://coincu.com/okx-was-blocked-by-russia/,The IP Of OKX Was Blocked By The Russian Prosecutor General’s Office,The IP Of OKX Was Blocked By The Russian Prosecutor General’s Office,news,200,Indexable,2112,157,0,0,,,0,0,yes,delete,high,P1,no_signal
https://coincu.com/okx-web3-service-temporarily-suspended/,OKX Web3 Service Temporarily Suspended For Regulatory Scrutiny,OKX Web3 Service Temporarily Suspended For Regulatory Scrutiny,news,200,Indexable,2342,126,0,0,,,0,0,yes,delete,high,P1,no_signal
https://coincu.com/okx-will-pay-more-than-20-million/,Crypto Exchange OKX Will Pay More Than $20 Million To Sponsor Manchester City Training Kit!,Crypto Exchange OKX Will Pay More Than $20 Million To Sponsor Manchester City Training Kit!,news,200,Indexable,2187,157,0,0,,,0,0,yes,delete,high,P1,no_signal
https://coincu.com/okxnft-released-bitcoin-ordinal-nft/,OKXNFT Maketplace Has Released The Bitcoin Ordinal NFT Collection With Over 3500 Items,OKXNFT Maketplace Has Released The Bitcoin Ordinal NFT Collection With Over 3500 Items,news,200,Indexable,1970,157,0,0,,,0,0,yes,delete,high,P1,no_signal
https://coincu.com/okxs-reserve-has-7-billion-dollars/,OKX's Reserve Certificate Showed That It Has 7.5 Billion US Dollars In Reserves.,OKX’s Reserve Certificate Showed That It Has 7.5 Billion US Dollars In Reserves.,news,200,Indexable,2068,158,0,0,,,0,0,yes,delete,high,P1,no_signal
https://coincu.com/olumide-osunkoya-sentenced-to-4-years/,Olumide Osunkoya Sentenced to 4 Years for £2.5M Illegal ATM Scheme,Olumide Osunkoya Sentenced to 4 Years for £2.5M Illegal ATM Scheme,news,200,Indexable,2221,145,0,0,,,0,0,yes,delete,high,P1,no_signal
https://coincu.com/olympus-dao-stolen-300000-then-returned/,"Olympus DAO Was Stolen $300,000, Then Returned It All Within Days","Olympus DAO Was Stolen $300,000, Then Returned It All Within Days",news,200,Indexable,1854,256,0,0,,,0,0,yes,delete,high,P1,no_signal
https://coincu.com/olympusdao-suffers-300k-exploit-white-hat-hacker-returns-all-funds/,OlympusDAO Suffers $300K Exploit White Hat Hacker Returns All Funds,OlympusDAO Suffers $300K Exploit White Hat Hacker Returns All Funds,news,200,Indexable,2223,150,0,0,,,0,0,yes,delete,high,P1,no_signal
https://coincu.com/omenx-cmo-gisele-chaincatcher-hong-kong-crypto-2026-forum/,OmenX CMO Gisele Confirmed for ChainCatcher Hong Kong Crypto 2026 Forum,OmenX CMO Gisele Confirmed for ChainCatcher Hong Kong Crypto 2026 Forum,news,200,Indexable,2490,196,0,0,,,0,0,yes,delete,high,P1,no_signal
https://coincu.com/omnichain-token/,Omnichain Token: A New Token Standard That Can Do New Miracles,Omnichain Token: A New Token Standard That Can Do New Miracles,news,200,Indexable,3494,371,0,0,,,0,0,yes,delete,high,P1,no_signal
https://coincu.com/on-chain-arbitrage-strategy-to-earn-to-12k-daily/,Lookonchain Reveals An On-chain Arbitrage Strategy To Earn Up To $12K Daily,Lookonchain Reveals An On-chain Arbitrage Strategy To Earn Up To $12K Daily,news,200,Indexable,2064,153,0,0,,,0,0,yes,delete,high,P1,no_signal
https://coincu.com/on-chain-data-shows-bitcoin-is-secure/,"On-Chain Data Shows Bitcoin Is Secure, According To CryptoQuant Analyst","On-Chain Data Shows Bitcoin Is Secure, According To CryptoQuant Analyst",news,200,Indexable,2165,157,0,0,,,0,0,yes,delete,high,P1,no_signal
https://coincu.com/on-chain-flows-crypto-prices/,On-Chain Flows Influence Short-Term Crypto Prices,On-Chain Flows Influence Short-Term Crypto Prices,news,200,Indexable,2089,97,0,0,,,0,0,yes,delete,high,P1,no_signal
https://coincu.com/on-chain-metrics-indicate-market-bottoms/,"On-Chain Metrics Indicate Crypto Market Bottoms, But Macro Environment Remains Uncertain","On-Chain Metrics Indicate Market Bottoms, But Macro Environment Remains Uncertain",news,200,Indexable,2129,168,0,0,,,0,0,yes,delete,high,P1,no_signal
https://coincu.com/onchain-trade-launch-cancelled-camelot/,OnChain Trade Launch Cancelled: Camelot Falters In Crypto Launchpad 1,OnChain Trade Launch Cancelled: Camelot Falters In Crypto Launchpad,news,200,Indexable,2182,217,0,0,,,0,0,yes,delete,high,P1,no_signal
https://coincu.com/ondo-brings-tokenized-u-s-stocks-and/,Ondo Brings Tokenized U.S. Stocks and ETFs to BNB Chain via PancakeSwap,Ondo Brings Tokenized U.S. Stocks and ETFs to BNB Chain via PancakeSwap,news,200,Indexable,2096,144,0,0,,,0,0,yes,delete,high,P1,no_signal
https://coincu.com/ondo-eyes-2b-tvl-as-price-holds-0-67-and-targets-breakout-to-1-15/,ONDO Eyes $2B TVL as Price Holds $0.67 and Targets Breakout to $1.15,ONDO Eyes $2B TVL as Price Holds $0.67 and Targets Breakout to $1.15,news,200,Indexable,2238,93,0,0,,,0,0,yes,delete,high,P1,no_signal
https://coincu.com/ondo-finance-acquires-oasis-pro-to-expand/,Ondo Finance Acquires Oasis Pro to Expand Regulated Tokenised Markets,Ondo Finance Acquires Oasis Pro to Expand Regulated Tokenised Markets,news,200,Indexable,2097,114,0,0,,,0,0,yes,delete,high,P1,no_signal
https://coincu.com/ondo-finance-acquires-oasis-pro/,Ondo Finance Acquires Oasis Pro for Tokenized Stocks Push,Ondo Finance Acquires Broker for Tokenized Stocks Push,news,200,Indexable,2094,114,0,0,,,0,0,yes,delete,high,P1,no_signal
https://coincu.com/ondo-finance-helps-stablecoin-holders/,Ondo Finance Helps Stablecoin Holders More Investment Options In US Government Bond,Ondo Finance Helps Stablecoin Holders More Investment Options In US Government Bond,news,200,Indexable,2242,270,0,0,,,0,0,yes,delete,high,P1,no_signal
https://coincu.com/ondo-finance-integrates-with-bnb-chain-to-expand/,Ondo Finance Integrates With BNB Chain to Expand Tokenized Equity Access,Ondo Finance Integrates With BNB Chain to Expand Tokenized Equity Access,news,200,Indexable,2040,120,0,0,,,0,0,yes,delete,high,P1,no_signal
https://coincu.com/ondo-finance-solana-expansion/,Ondo Finance Expands Tokenized Asset Offerings to Solana,Ondo Finance Expands Tokenized Asset Offerings to Solana,news,200,Indexable,2197,97,0,0,,,0,0,yes,delete,high,P1,no_signal
https://coincu.com/ondo-finance-to-launch-ommf/,Ondo Finance To Launch OMMF Token Backed By US Dollar,Ondo Finance To Launch OMMF Token Backed By US Dollar,news,200,Indexable,2304,124,0,0,,,0,0,yes,delete,high,P1,no_signal
https://coincu.com/ondo-finance-to-launch-product-polygon/,Ondo Finance To Launch Tokenized Product On Layer 2 Polygon Network,Ondo Finance To Launch Tokenized Product On Layer 2 Polygon Network,news,200,Indexable,2439,153,0,0,,,0,0,yes,delete,high,P1,no_signal
https://coincu.com/ondo-finance-tokenized-etf-solana/,Ondo Finance to Launch Largest Tokenized ETF Platform on Solana,Ondo Finance to Launch Largest Tokenized ETF Platform on Solana,news,200,Indexable,2117,116,0,0,,,0,0,yes,delete,high,P1,no_signal
https://coincu.com/ondo-finance-tokenized-stocks-europe/,Ondo Finance Approved to Offer Tokenized US Stocks in Europe,Ondo Finance Approved to Offer Tokenized US Stocks in Europe,news,200,Indexable,2184,131,0,0,,,0,0,yes,delete,high,P1,no_signal
https://coincu.com/ondo-finance-tokenized-stocks-solana/,Ondo Finance Expands Tokenized Stocks to Solana Network,Ondo Finance Expands Tokenized Stocks to Solana Network,news,200,Indexable,2097,92,0,0,,,0,0,yes,delete,high,P1,no_signal
https://coincu.com/ondo-finance-usdy-launch-sei/,Ondo Finance Launches USD Yield Token on Sei Network,Ondo Finance Launches USD Yield Token on Sei Network,news,200,Indexable,2141,109,0,0,,,0,0,yes,delete,high,P1,no_signal
https://coincu.com/ondo-holds-0-67-support-eyes-1-15-amid/,"Ondo Holds $0.67 Support, Eyes $1.15 Amid $1.8B RWA Growth","Ondo Holds $0.67 Support, Eyes $1.15 Amid $1.8B RWA Growth",news,200,Indexable,2035,148,0,0,,,0,0,yes,delete,high,P1,no_signal
https://coincu.com/ondo-launches-day-one-tokenized-ipo/,Ondo Launches Day-One Tokenized IPO Access Onchain,Ondo Launches Day-One Tokenized IPO Access Onchain,news,200,Indexable,2115,134,0,0,,,0,0,yes,delete,high,P1,no_signal
https://coincu.com/ondo-pantera-invest-rwa-tokenization/,Ondo Finance and Pantera Capital Invest $250M in RWA Tokenization,Ondo Finance and Pantera Capital Invest $250M in RWA Tokenization,news,200,Indexable,2049,160,0,0,,,0,0,yes,delete,high,P1,no_signal
https://coincu.com/ondo-picks-chainlink-to-power-tokenized/,Ondo Picks Chainlink to Power Tokenized Stocks Platform,Ondo Picks Chainlink to Power Tokenized Stocks Platform,news,200,Indexable,2145,139,0,0,,,0,0,yes,delete,high,P1,no_signal
https://coincu.com/ondo-sec-nasdaq-tokenized-stocks/,Ondo Finance Requests SEC to Delay Nasdaq's Tokenized Stocks Plan,Ondo Finance Requests SEC to Delay Nasdaq’s Tokenized Stocks Plan,news,200,Indexable,2228,115,0,0,,,0,0,yes,delete,high,P1,no_signal
https://coincu.com/ondo-shows-reversal-signs-eyes-ath/,ONDO Price Shows Reversal Signs and Eyes Return to ATH,ONDO Price Shows Reversal Signs and Eyes Return to Previous All-Time High,news,200,Indexable,2170,126,0,0,,,0,0,yes,delete,high,P1,no_signal
https://coincu.com/ondo-tokenized-us-stocks-hyperliquid-hyperevm/,Ondo Brings Tokenized U.S. Stocks to Hyperliquid HyperEVM,Ondo Brings Tokenized U.S. Stocks to Hyperliquid HyperEVM,news,200,Indexable,2380,135,0,0,,,0,0,yes,delete,high,P1,no_signal
https://coincu.com/one-times-square-filed-a-nft-trademark/,The Company That Owns One Times Square Filed An NFT Trademark Application,The Company That Owns One Times Square Filed An NFT Trademark Application,news,200,Indexable,2108,169,0,0,,,0,0,yes,delete,high,P1,no_signal
https://coincu.com/onecoin-associate-charged-us-extradition/,Irina Dilkinska OneCoin Associate Charged After US Extradition,Irina Dilkinska OneCoin Associate Charged After US Extradition,news,200,Indexable,2212,142,0,0,,,0,0,yes,delete,high,P1,no_signal
https://coincu.com/onecoin-co-conspirator-money-laundering/,OneCoin Co-Conspirator Frank Schneider Accused Of Money Laundering,OneCoin Co-Conspirator Frank Schneider Accused Of Money Laundering,news,200,Indexable,2081,154,0,0,,,0,0,yes,delete,high,P1,no_signal
https://coincu.com/onecoin-co-founder-killed/,BREAKING: OneCoin Co-founder Ruja Ignatov Was Killed By Drug Lords In 2018,BREAKING: OneCoin Co-founder Ruja Ignatov Was Killed By Drug Lords In 2018,news,200,Indexable,2231,155,0,0,,,0,0,yes,delete,high,P1,no_signal
https://coincu.com/onekey-card-suspends-applications-china-russia/,"OneKey Card Suspends Applications from Mainland China, Russia","OneKey Card Suspends Applications from Mainland China, Russia",news,200,Indexable,2098,194,0,0,,,0,0,yes,delete,high,P1,no_signal
https://coincu.com/onemednet-bitcoin-investment/,OneMedNet Bitcoin Investment Completed After Raising $4.6 Million,OneMedNet Bitcoin Investment Completed After Raising $4.6 Million,news,200,Indexable,2125,118,0,0,,,0,0,yes,delete,high,P1,no_signal
https://coincu.com/online-blockchain-ceo/,Online Blockchain CEO Says Invest In Cash Instead Of Crypto,Online Blockchain CEO Says Invest In Cash Instead Of Crypto,news,200,Indexable,2054,171,0,0,,,0,0,yes,delete,high,P1,no_signal
https://coincu.com/only-6-billionaires-trade-bitcoin-out-of-200m/,Only 6 Billionaires Trade Bitcoin Out Of 200 Million People: Report,Only 6 Billionaires Trade Bitcoin Out Of 200 Million People: Report,news,200,Indexable,2104,157,0,0,,,0,0,yes,delete,high,P1,no_signal
https://coincu.com/onlyfans-model-rugged-her-first-nft-project/,OnlyFans Model Vanessa Sierra Rugged Her First NFT Project,OnlyFans Model Vanessa Sierra Rugged Her First NFT Project,news,200,Indexable,2035,266,0,0,,,0,0,yes,delete,high,P1,no_signal
https://coincu.com/onlyfans-parent-company-dives-into-crypto/,OnlyFans' Parent Company Dives into Crypto: $20M Ether Investment Amid Surging Growth,OnlyFans’ Parent Company Dives into Crypto: $20M Ether Investment Amid Surging Growth,news,200,Indexable,2090,144,0,0,,,0,0,yes,delete,high,P1,no_signal
https://coincu.com/ontario-exchanges-limit-altcoin-purchases/,"Ontario Exchanges Limit Altcoin Purchases To $30,000 US Per Year","Ontario Exchanges Limit Altcoin Purchases To $30,000 US Per Year",news,200,Indexable,2193,144,0,0,,,0,0,yes,delete,high,P1,no_signal
https://coincu.com/ontario-teachers-be-more-cautious/,Ontario Teachers Be More Cautious After Losing $95 Million Because Of FTX,Ontario Teachers Be More Cautious After Losing $95 Million Because Of FTX,news,200,Indexable,2213,130,0,0,,,0,0,yes,delete,high,P1,no_signal
https://coincu.com/ontario-teachers-fund-lost-95-m-failed-ftx/,Ontario Teachers Fund Lost $95 Million To The Failed FTX Empire,Ontario Teachers Fund Lost $95 Million To The Failed FTX Empire,news,200,Indexable,2300,150,0,0,,,0,0,yes,delete,high,P1,no_signal
https://coincu.com/ookeenga-ido-event-coming-up/,Ookeenga IDO Event Coming Up In September,Ookeenga IDO Event Coming Up In September,news,200,Indexable,1893,41,0,0,,,0,0,yes,delete,high,P1,no_signal
https://coincu.com/ooki-dao-actions-against-cftc/,Ooki Dao Considering 4 Potential Actions Against CFTC,Ooki Dao Considering 4 Potential Actions Against CFTC,news,200,Indexable,2017,254,0,0,,,0,0,yes,delete,high,P1,no_signal
https://coincu.com/ooki-dao/,Ooki DAO May Not Establish Defense Against CFTC,Ooki DAO May Not Establish Defense Against CFTC,news,200,Indexable,1983,158,0,0,,,0,0,yes,delete,high,P1,no_signal
https://coincu.com/op-chain-upgrade-is-proposed-to-enhance-security/,OP Chain Upgrade Is Proposed To Enhance Security Incident Response,OP Chain Upgrade Is Proposed To Enhance Security Incident Response,news,200,Indexable,1982,123,0,0,,,0,0,yes,delete,high,P1,no_signal
https://coincu.com/op-delta-upgrade-helps-operating-costs/,OP Delta Upgrade Helps Reduce 90% Of The Fixed Operating Costs On OP Chain,OP Delta Upgrade Helps Reduce 90% Of The Fixed Operating Costs On OP Chain,news,200,Indexable,2025,124,0,0,,,0,0,yes,delete,high,P1,no_signal
https://coincu.com/op-goerli-maintenance-will-end-in-2024/,OP Goerli Maintenance Will End In 2024,OP Goerli Maintenance Will End In 2024,news,200,Indexable,1969,91,0,0,,,0,0,yes,delete,high,P1,no_signal
https://coincu.com/op-goerli-testnet-adds-fault-proof-system/,OP Goerli Testnet Adds Fault-proof System To Enhance Safety,OP Goerli Testnet Adds Fault-proof System To Enhance Safety,news,200,Indexable,1977,125,0,0,,,0,0,yes,delete,high,P1,no_signal
https://coincu.com/op-sepolia-testnet-will-be-launched-on-march-19/,OP Sepolia Testnet Will Be Launched On March 19,OP Sepolia Testnet Will Be Launched On March 19,news,200,Indexable,2118,105,0,0,,,0,0,yes,delete,high,P1,no_signal
https://coincu.com/op-stack-brings-optimism-to-superchain/,OP Stack Brings Optimism Closer To Superchain Dream,OP Stack Brings Optimism Closer To Superchain Dream,news,200,Indexable,2969,150,0,0,,,0,0,yes,delete,high,P1,no_signal
https://coincu.com/opbnb-daily-volume-exceeds-23-m-transactions/,opBNB Daily Volume Exceeds 23 Million Transactions,opBNB Daily Volume Exceeds 23 Million Transactions,news,200,Indexable,2107,163,0,0,,,0,0,yes,delete,high,P1,no_signal
https://coincu.com/opbnb-mainnet-issue-now-continues/,OpBNB Mainnet Issue Now Continues Delaying User Transactions,OpBNB Mainnet Issue Now Continues Delaying User Transactions,news,200,Indexable,2106,83,0,0,,,0,0,yes,delete,high,P1,no_signal
https://coincu.com/opbnb-mainnet-officially-launched/,opBNB Mainnet Officially Launched With Over 150 Projects Onboard,opBNB Mainnet Officially Launched With Over 150 Projects Onboard,news,200,Indexable,1986,111,0,0,,,0,0,yes,delete,high,P1,no_signal
https://coincu.com/opbnb-mainnet-snow-hardfork/,opBNB Mainnet Snow Hardfork Will Launch On April 15,opBNB Mainnet Snow Hardfork Will Launch On April 15,news,200,Indexable,2110,110,0,0,,,0,0,yes,delete,high,P1,no_signal
https://coincu.com/open-campus-binance-launchpad-ready-sale/,Open Campus (EDU): The 31st IEO Project On Binance Launchpad Ready For Sale,Open Campus (EDU): The 31st IEO Project On Binance Launchpad Ready For Sale,news,200,Indexable,2941,169,0,0,,,0,0,yes,delete,high,P1,no_signal
https://coincu.com/open-campus-id-will-open-the-first-phase/,Open Campus ID Will Open The First Phase Of The Whitelist On September 14,Open Campus ID Will Open The First Phase Of The Whitelist On September 14,news,200,Indexable,2041,147,0,0,,,0,0,yes,delete,high,P1,no_signal
https://coincu.com/open-campus-token-unlocks-3-months/,Open Campus Delays Token Unlocks By 3 Months In Response To Market Conditions,Open Campus Delays Token Unlocks By 3 Months In Response To Market Conditions,news,200,Indexable,2035,119,0,0,,,0,0,yes,delete,high,P1,no_signal
https://coincu.com/open-interest-bitcoin/,"Open Interest Volume Soars When Bitcoin Crosses $21,000, Be Careful Not To Get “Killed”","Open Interest Volume Soars When Bitcoin Crosses $21,000, Be Careful Not To Get “Killed”",news,200,Indexable,2094,101,0,0,,,0,0,yes,delete,high,P1,no_signal
https://coincu.com/openai-board-mulls-altmans-comeback-chatgpt/,OpenAI Board Mulls Altman's Comeback: Employee Exodus and ChatGPT Plunge Fuel Leadership Crisis,OpenAI Board Mulls Altman’s Comeback: Employee Exodus and ChatGPT Plunge Fuel Leadership Crisis,news,200,Indexable,2125,133,0,0,,,0,0,yes,delete,high,P1,no_signal
https://coincu.com/openai-chatgpt-atlas-browser-launch/,OpenAI Launches ChatGPT Atlas Browser for MacOS Users,OpenAI Launches ChatGPT Atlas Browser for MacOS Users,news,200,Indexable,1959,98,0,0,,,0,0,yes,delete,high,P1,no_signal
https://coincu.com/openai-crypto-plan-was-blocked-by-musk/,New Court Filing Revealed OpenAI Crypto Plan Was Blocked by Musk,New Court Filing Revealed OpenAI Crypto Plan Was Blocked by Musk,news,200,Indexable,2117,111,0,0,,,0,0,yes,delete,high,P1,no_signal
https://coincu.com/openai-finalizes-for-profit-shift/,"OpenAI Finalizes For-Profit Shift, Microsoft Takes 27% Stake","OpenAI Finalizes For-Profit Shift, Microsoft Takes 27% Stake",news,200,Indexable,2102,146,0,0,,,0,0,yes,delete,high,P1,no_signal
https://coincu.com/openai-founder-sam-altman-raise-100-million/,OpenAI Founder Sam Altman To Raise $100 Million In New Funding For Worldcoin,OpenAI Founder Sam Altman To Raise $100 Million In New Funding For Worldcoin,news,200,Indexable,2074,138,0,0,,,0,0,yes,delete,high,P1,no_signal
https://coincu.com/openai-google-cloud-partnership/,OpenAI Diversifies Computing with Google Cloud Partnership,OpenAI Diversifies Computing with Google Cloud Partnership,news,200,Indexable,2077,104,0,0,,,0,0,yes,delete,high,P1,no_signal
https://coincu.com/openai-microsoft-funding-ipo-talks/,"OpenAI and Microsoft Negotiating New Funding, Potential IPOs","OpenAI and Microsoft Negotiating New Funding, Potential IPOs",news,200,Indexable,2009,99,0,0,,,0,0,yes,delete,high,P1,no_signal
https://coincu.com/openai-news-account-was-hacked/,OpenAI News Account Was Hacked To Shill Scam Token,OpenAI News Account Was Hacked To Shill Scam Token,news,200,Indexable,2213,134,0,0,,,0,0,yes,delete,high,P1,no_signal
https://coincu.com/openai-secures-110b-partners-with-amazon/,"OpenAI Secures $110B, Partners with Amazon and NVIDIA","OpenAI Secures $110B, Partners with Amazon and NVIDIA",news,200,Indexable,1891,134,0,0,,,0,0,yes,delete,high,P1,no_signal
https://coincu.com/openbank-crypto-trading-germany-launch/,Openbank Introduces Crypto Trading in Germany for Retail Clients,Openbank Introduces Crypto Trading in Germany for Retail Clients,news,200,Indexable,2077,99,0,0,,,0,0,yes,delete,high,P1,no_signal
https://coincu.com/openocean-now-expands-to-optimism/,DEX Aggregator OpenOcean Now Expands To Optimism,DEX Aggregator OpenOcean Now Expands To Optimism,news,200,Indexable,2200,163,0,0,,,0,0,yes,delete,high,P1,no_signal
https://coincu.com/openpayd-and-lmax-accelerate-multi-currency-fx-settlement/,OpenPayd and LMAX Accelerate Multi Currency FX Settlement,180 Billion Volume OpenPayd Partners With LMAX on Settlement,news,200,Indexable,2186,154,0,0,,,0,0,yes,delete,high,P1,no_signal
https://coincu.com/opensea-2-new-nft-anti-theft-features/,OpenSea Launches 2 New NFT Anti-Theft Features,OpenSea Launches 2 New NFT Anti-Theft Features,news,200,Indexable,1856,110,0,0,,,0,0,yes,delete,high,P1,no_signal
https://coincu.com/opensea-adds-bnb-chain-support/,Opensea Adds BNB Chain Support,Opensea Adds BNB Chain Support,news,200,Indexable,1922,113,0,0,,,0,0,yes,delete,high,P1,no_signal
https://coincu.com/opensea-api-key-leak-users-to-generate-new-keys/,OpenSea API Key Leak: Users To Generate New Keys For Enhanced Security,OpenSea API Key Leak: Users To Generate New Keys For Enhanced Security,news,200,Indexable,2011,139,0,0,,,0,0,yes,delete,high,P1,no_signal
https://coincu.com/opensea-cfo-leaves-after-less-1-year-join/,OpenSea CFO Resigns After Almost 1 Year Joining,OpenSea CFO Resigns After Almost 1 Year Joining,news,200,Indexable,1917,148,0,0,,,0,0,yes,delete,high,P1,no_signal
https://coincu.com/opensea-chief-seeks-to-defend-nft/,OpenSea Chief Seeks To Defend NFTs Amid Crypto Market Crisis,OpenSea Chief Seeks To Defend NFTs Amid Crypto Market Crisis,news,200,Indexable,2031,136,0,0,,,0,0,yes,delete,high,P1,no_signal
https://coincu.com/opensea-co-founder-resigns/,OpenSea Co-founder Resigns To Focus On New Projects,OpenSea Co-founder Resigns To Focus On New Projects,news,200,Indexable,2140,156,0,0,,,0,0,yes,delete,high,P1,no_signal
https://coincu.com/opensea-collaborate-avalanche/,OpenSea Collaborate With NFT Platforms Built On Avalanche,OpenSea Collaborate With NFT Platforms Built On Avalanche,news,200,Indexable,1807,149,0,0,,,0,0,yes,delete,high,P1,no_signal
https://coincu.com/opensea-counterattacks/,The Thucydides Trap In The NFT Market: OpenSea Counterattacks And Starts A Fee War,The Thucydides Trap In The NFT Market: OpenSea Counterattacks And Starts A Fee War,news,200,Indexable,3099,327,0,0,,,0,0,yes,delete,high,P1,no_signal
https://coincu.com/opensea-creator-earnings-0-trade-fees/,OpenSea Reduces Creator Earnings And Offers 0% Trade Fees,OpenSea Reduces Creator Earnings And Offers 0% Trade Fees,news,200,Indexable,2163,216,0,0,,,0,0,yes,delete,high,P1,no_signal
https://coincu.com/opensea-delists-fractional-uprising-nft/,OpenSea Delists Fractional Uprising NFT Pass Over Securities Violation Concerns and Denial!,OpenSea Delists Fractional Uprising NFT Pass Over Securities Violation Concerns and Denial!,news,200,Indexable,2184,112,0,0,,,0,0,yes,delete,high,P1,no_signal
https://coincu.com/opensea-email-service-provider-data-leak/,OpenSea Email Service Provider Causes 7 Million Users' Data Leak,OpenSea Email Service Provider Causes 7 Million Users’ Data Leak,news,200,Indexable,2057,116,0,0,,,0,0,yes,delete,high,P1,no_signal
https://coincu.com/opensea-enables-peer-to-peer-nft-trading-deals/,"OpenSea Enables New Peer-to-Peer NFT Trading Function ""Deals"" - Coincu - Latest Cryptocurrency News and Analysis 1",OpenSea Enables New Peer-to-Peer NFT Trading Function “Deals”,news,200,Indexable,1985,129,0,0,,,0,0,yes,delete,high,P1,no_signal
https://coincu.com/opensea-error-all-azuki-nft-orders-canceled/,"Opensea Encountered Technical Error, All Azuki NFT Orders Canceled","Opensea Encountered Technical Error, All Azuki NFT Orders Canceled",news,200,Indexable,1860,226,0,0,,,0,0,yes,delete,high,P1,no_signal
https://coincu.com/opensea-expands-seaport-support-polygon/,"Opensea - Leading NFT Marketplace, Expands Seaport Deployment to Support Polygon","Opensea – Leading NFT Marketplace, Expands Seaport Deployment to Support Polygon",news,200,Indexable,1959,166,0,0,,,0,0,yes,delete,high,P1,no_signal
https://coincu.com/opensea-foundation-registers-amid-token-issuance/,OpenSea Foundation Registers Amid Token Issuance Speculation,OpenSea Foundation Registers Amid Token Issuance Speculation,news,200,Indexable,2069,156,0,0,,,0,0,yes,delete,high,P1,no_signal
https://coincu.com/opensea-introduces-on-chain-redeemable-nfts/,"OpenSea Introduces On-Chain Redeemable NFTs, Empowering Creators","OpenSea Introduces On-Chain Redeemable NFTs, Empowering Creators",news,200,Indexable,1956,85,0,0,,,0,0,yes,delete,high,P1,no_signal
https://coincu.com/opensea-joining-the-arbitrum-ecosystem/,Opensea Joins The Arbitrum Ecosystem,Opensea Joins The Arbitrum Ecosystem,news,200,Indexable,1924,88,0,0,,,0,0,yes,delete,high,P1,no_signal
https://coincu.com/opensea-launch-nft-projects-on-optimism/,Opensea Support And Launch NFT Projects On Optimism,Opensea Support And Launch NFT Projects On Optimism,news,200,Indexable,1780,74,0,0,,,0,0,yes,delete,high,P1,no_signal
https://coincu.com/opensea-launch-rarity-protocol-openrarity/,OpenSea Will Launch NFT Rarity Protocol OpenRarity Next Week,OpenSea Will Launch NFT Rarity Protocol OpenRarity Next Week,news,200,Indexable,1803,156,0,0,,,0,0,yes,delete,high,P1,no_signal
https://coincu.com/opensea-launches-new-update/,OpenSea Launches New Update For The Platform,OpenSea Launches New Update For The Platform,news,200,Indexable,1904,120,0,0,,,0,0,yes,delete,high,P1,no_signal
https://coincu.com/opensea-launches-opensea-pro/,OpenSea Launches OpenSea Pro With 0% Fees To Effort Combat Blur,OpenSea Launches OpenSea Pro With 0% Fees To Effort Combat Blur,news,200,Indexable,2083,63,0,0,,,0,0,yes,delete,high,P1,no_signal
https://coincu.com/opensea-lays-off-20-of-employees/,OpenSea Lays Off 20% Of Employees,OpenSea Lays Off 20% Of Employees,news,200,Indexable,2128,116,0,0,,,0,0,yes,delete,high,P1,no_signal
https://coincu.com/opensea-monthly-nft-sales-fell-over-60/,OpenSea Monthly NFT Sales Fell Over 60% In Q3,OpenSea Monthly NFT Sales Fell Over 60% In Q3,news,200,Indexable,2044,150,0,0,,,0,0,yes,delete,high,P1,no_signal
https://coincu.com/opensea-new-version-will-be-launched-in-december/,OpenSea New Version Will Be Launched In December,OpenSea New Version Will Be Launched In December,news,200,Indexable,2066,146,0,0,,,0,0,yes,delete,high,P1,no_signal
https://coincu.com/opensea-nfts-on-binance-nft/,OpenSea NFTs Will Be Included On The Binance NFT Marketplace,OpenSea NFTs Will Be Included On The Binance NFT Marketplace,news,200,Indexable,2049,152,0,0,,,0,0,yes,delete,high,P1,no_signal
https://coincu.com/opensea-now-supports-arbitrum-nova/,Opensea Now Supports Arbitrum Nova,Opensea Now Supports Arbitrum Nova,news,200,Indexable,2074,158,0,0,,,0,0,yes,delete,high,P1,no_signal
https://coincu.com/opensea-now-supports-base-network/,OpenSea Now Supports Base Network,OpenSea Now Supports Base Network,news,200,Indexable,1896,157,0,0,,,0,0,yes,delete,high,P1,no_signal
https://coincu.com/opensea-offers-200000/,"OpenSea Offers $200,000 To Two White Hat Hackers","OpenSea Offers $200,000 To Two White Hat Hackers",news,200,Indexable,2132,158,0,0,,,0,0,yes,delete,high,P1,no_signal
https://coincu.com/opensea-only-supports-nft-ethereum-pos/,Opensea Only Supports NFT On Upgraded Ethereum PoS Chain,Opensea Only Supports NFT On Upgraded Ethereum PoS Chain,news,200,Indexable,1830,123,0,0,,,0,0,yes,delete,high,P1,no_signal
https://coincu.com/opensea-phishing-emails-users-fake-nft-offers/,Be Aware Of Opensea Phishing Emails: Users Targeted With Fake NFT Offers,Be Aware Of Opensea Phishing Emails: Users Targeted With Fake NFT Offers,news,200,Indexable,2138,182,0,0,,,0,0,yes,delete,high,P1,no_signal
https://coincu.com/opensea-pro-now-supports-pepe/,OpenSea Pro Now Supports NFT Payment With PEPE,OpenSea Pro Now Supports NFT Payment With PEPE,news,200,Indexable,2029,68,0,0,,,0,0,yes,delete,high,P1,no_signal
https://coincu.com/opensea-proposes-solution-get-back-nft/,OpenSea Proposes A Solution To Get Back Stolen NFT,OpenSea Proposes A Solution To Get Back Stolen NFT,news,200,Indexable,2135,148,0,0,,,0,0,yes,delete,high,P1,no_signal
https://coincu.com/opensea-royalties-execution-engine-new-nft/,OpenSea Launches On-chain Royalties Execution Engine For New NFT Series,OpenSea Launches On-chain Royalties Execution Engine For New NFT Series,news,200,Indexable,1849,150,0,0,,,0,0,yes,delete,high,P1,no_signal
https://coincu.com/opensea-sdk-adds-new-support/,OpenSea SDK Adds New Support For The Collection Or Contract Retrieval Of NFT,OpenSea SDK Adds New Support For The Collection Or Contract Retrieval Of NFT,news,200,Indexable,2009,83,0,0,,,0,0,yes,delete,high,P1,no_signal
https://coincu.com/opensea-sea-token-officially-announced/,Opensea SEA Token Officially Announced With New NFT Platform For Cross-chain,Opensea SEA Token Officially Announced With New NFT Platform For Cross-chain,news,200,Indexable,2182,120,0,0,,,0,0,yes,delete,high,P1,no_signal
https://coincu.com/opensea-stops-bnb-smart-chain-support-focuses-l2/,"OpenSea Stops BNB Smart Chain Support, Focuses Resources On Layer 2's Future","OpenSea Stops BNB Smart Chain Support, Focuses Resources On Layer 2’s Future",news,200,Indexable,1941,108,0,0,,,0,0,yes,delete,high,P1,no_signal
https://coincu.com/opensea-strives-retain-users/,OpenSea Strives To Innovate To Retain Users,OpenSea Strives To Innovate To Retain Users,news,200,Indexable,2006,152,0,0,,,0,0,yes,delete,high,P1,no_signal
https://coincu.com/opensea-to-adopt-openrarity/,OpenSea To Adopt OpenRarity Ranking For All Eligible Collections,OpenSea To Adopt OpenRarity Ranking For All Eligible Collections,news,200,Indexable,1854,248,0,0,,,0,0,yes,delete,high,P1,no_signal
https://coincu.com/opensea-user-bids-100-eth-for-free-nft/,OpenSea User Mistakenly Bids 100 ETH For Free NFT,OpenSea User Mistakenly Bids 100 ETH For Free NFT,news,200,Indexable,1990,104,0,0,,,0,0,yes,delete,high,P1,no_signal
https://coincu.com/opensea-users-paid-144-5-million/,Opensea Users Paid $144.5 Million In Fees In Q3,Opensea Users Paid $144.5 Million In Fees In Q3,news,200,Indexable,2013,157,0,0,,,0,0,yes,delete,high,P1,no_signal
https://coincu.com/opensea-will-require-creator-royalties/,OpenSea Will Require Creator Royalties For All Collections,OpenSea Will Require Creator Royalties For All Collections,news,200,Indexable,2043,151,0,0,,,0,0,yes,delete,high,P1,no_signal
https://coincu.com/opensea/,OpenSea [2021],OpenSea [2021],news,200,Indexable,2245,91,0,0,,,0,0,yes,delete,high,P1,no_signal
https://coincu.com/openseas-monthly-usd-volume-hits-rock-bottom/,OpenSea's Monthly USD Volume Hits Rock Bottom at $106M in Ethereum Trades,OpenSea’s Monthly USD Volume Hits Rock Bottom at $106M in Ethereum Trades,news,200,Indexable,2103,91,0,0,,,0,0,yes,delete,high,P1,no_signal
https://coincu.com/openseas-seaport-function/,OpenSea's Seaport Function Makes Stolen NFT Still Sellable,OpenSea’s Seaport Function Makes Stolen NFT Still Sellable,news,200,Indexable,2183,119,0,0,,,0,0,yes,delete,high,P1,no_signal
https://coincu.com/openzeppelin-audits-matter-labs-fixes/,"OpenZeppelin Audits, Matter Labs Fixes Security Problems With zkSync Layer 2","OpenZeppelin Audits, Matter Labs Fixes Security Problems With zkSync Layer 2",news,200,Indexable,2037,228,0,0,,,0,0,yes,delete,high,P1,no_signal
https://coincu.com/opera-allows-instant-nft/,Opera Crypto Browser Allows Instant NFT Publishing Through Alteon LaunchPad,Opera Crypto Browser Allows Instant NFT Publishing Through Alteon LaunchPad,news,200,Indexable,2013,122,0,0,,,0,0,yes,delete,high,P1,no_signal
https://coincu.com/opera-integrates-elrond-for-over-300m-users/,Opera Integrates Elrond (EGLD) For Over 300 Million Users,Opera Integrates Elrond (EGLD) For Over 300 Million Users,news,200,Indexable,2009,154,0,0,,,0,0,yes,delete,high,P1,no_signal
https://coincu.com/opera-is-providing-new-nft-analytics-tool/,Opera Is Providing New NFT Analytics Tool,Opera Is Providing New NFT Analytics Tool,news,200,Indexable,1997,152,0,0,,,0,0,yes,delete,high,P1,no_signal
https://coincu.com/opera-launches-web3-guard/,Opera Launches “Web3 Guard” To Protect Crypto Users,Opera Launches “Web3 Guard” To Protect Crypto Users,news,200,Indexable,2096,158,0,0,,,0,0,yes,delete,high,P1,no_signal
https://coincu.com/operation-chokepoint-2-0-causes-concerns/,Operation Chokepoint 2.0 Causes Concerns for the Crypto Industry,Operation Chokepoint 2.0 Causes Concerns for the Crypto Industry,news,200,Indexable,2085,161,0,0,,,0,0,yes,delete,high,P1,no_signal
https://coincu.com/opnx-3ac-co-founders-exchange-is-now-live/,"OPNX, 3AC Co-founders' New Exchange, Is Now Live","OPNX, 3AC Co-founders’ New Exchange, Is Now Live",news,200,Indexable,2137,105,0,0,,,0,0,yes,delete,high,P1,no_signal
https://coincu.com/opnx-exchange-to-launch-monthly-subsidy/,"OPNX Exchange To Launch Monthly Subsidy of Up To $500,000","OPNX Exchange To Launch Monthly Subsidy Of Up To $500,000",news,200,Indexable,2190,137,0,0,,,0,0,yes,delete,high,P1,no_signal
https://coincu.com/opnx-is-called-as-most-excruciating-landing/,"OPNX Is Called As Most Excruciating Landing Page, Raising $25 Million","OPNX Is Called As Most Excruciating Landing Page, Raising $25 Million",news,200,Indexable,2288,368,0,0,,,0,0,yes,delete,high,P1,no_signal
https://coincu.com/opnx-launch-claim-trading-services/,OPNX Will Launch Claim Trading Services After Investors Refused To Cooperate,OPNX Will Launch Claim Trading Services After Investors Refused To Cooperate,news,200,Indexable,2199,121,0,0,,,0,0,yes,delete,high,P1,no_signal
https://coincu.com/opnx-lawsuit-against-the-block-co-founder/,OPNX Lawsuit Against The Block Co-founder Has Been Resolved,OPNX Lawsuit Against The Block Co-founder Has Been Resolved,news,200,Indexable,2060,106,0,0,,,0,0,yes,delete,high,P1,no_signal
https://coincu.com/opnx-now-offers-liquidity-for-ftx-celsius/,OPNX Now Offers Immediate Liquidity for FTX and Celsius Network Bankruptcy Claims,OPNX Now Offers Immediate Liquidity for FTX and Celsius Network Bankruptcy Claims,news,200,Indexable,2268,174,0,0,,,0,0,yes,delete,high,P1,no_signal
https://coincu.com/opnx-now-stops-converting-flex-to-ox/,"OPNX Now Stops Converting FLEX To OX, Completing 36% Of Total Supply","OPNX Now Stops Converting FLEX To OX, Completing 36% Of Total Supply",news,200,Indexable,2134,227,0,0,,,0,0,yes,delete,high,P1,no_signal
https://coincu.com/opnx-surges-to-12000-volume/,"Bankruptcy Claims Exchange OPNX Surges To Over $12,000 Daily Volume","Bankruptcy Claims Exchange OPNX Surges To Over $12,000 Daily Volume",news,200,Indexable,2221,146,0,0,,,0,0,yes,delete,high,P1,no_signal
https://coincu.com/opnx-twitter-deleted-24h-volume-13-64/,New Exchange OPNX Twitter Account Deleted After 24h Volume Reached $13.64,New Exchange OPNX Twitter Account Deleted After 24h Volume Reached $13.64,news,200,Indexable,2080,154,0,0,,,0,0,yes,delete,high,P1,no_signal
https://coincu.com/optimism-1-billion-total-value-locked-tvl/,Optimism Hits $1 Billion Total Value Locked (TVL),Optimism Hits $1 Billion Total Value Locked (TVL),news,200,Indexable,2031,149,0,0,,,0,0,yes,delete,high,P1,no_signal
https://coincu.com/optimism-116m-op-private-sale/,Optimism's Strategic Move: 116 Million OP Tokens Private Sale For Treasury Management,Optimism’s Strategic Move: 116 Million OP Tokens Private Sale For Treasury Management,news,200,Indexable,1951,176,0,0,,,0,0,yes,delete,high,P1,no_signal
https://coincu.com/optimism-about-fed-rate-cut/,"Optimism About Fed Rate Cut Is Driving Bitcoin Price Above $70,000","Optimism About Fed Rate Cut Is Driving Bitcoin Price Above $70,000",news,200,Indexable,2074,154,0,0,,,0,0,yes,delete,high,P1,no_signal
https://coincu.com/optimism-announce-goerli-network-to-bedrock/,Optimism Announces The Migration Of Goerli Network To Bedrock To Take place In Public On December 13,Optimism Announces The Migration Of Goerli Network To Bedrock To Take place In Public On December 13,news,200,Indexable,1884,155,0,0,,,0,0,yes,delete,high,P1,no_signal
https://coincu.com/optimism-approved-bedrock-mainnet-upgrade/,Optimism: Token House Approved Bedrock Mainnet Upgrade,Optimism: Token House Approved Bedrock Mainnet Upgrade,news,200,Indexable,2080,167,0,0,,,0,0,yes,delete,high,P1,no_signal
https://coincu.com/optimism-development-cryptocurrency/,Optimism Promotes Development Of A Sustainable Cryptocurrency Ecosystem - Coincu - Latest Cryptocurrency News and Analysis 1,Optimism Promotes Development Of A Sustainable Cryptocurrency Ecosystem,news,200,Indexable,2970,227,0,0,,,0,0,yes,delete,high,P1,no_signal
https://coincu.com/optimism-ecosystem/,Optimism Ecosystem: Why Can You Feel Optimistic About The Future Of OP?,Optimism Ecosystem: Why Can You Feel Optimistic About The Future Of OP?,news,200,Indexable,4318,164,0,0,,,0,0,yes,delete,high,P1,no_signal
https://coincu.com/optimism-ethereum-transactions-pros-cons/,Optimism For Ethereum Transactions: A Battle Of Pros And Cons,Optimism For Ethereum Transactions: A Battle Of Pros And Cons,news,200,Indexable,3142,350,0,0,,,0,0,yes,delete,high,P1,no_signal
https://coincu.com/optimism-foundation-proposes-mainnet/,The Optimism Foundation Proposes To Upgrade The Optimism Mainnet On March 15,The Optimism Foundation Proposes To Upgrade The Optimism Mainnet On March 15,news,200,Indexable,2126,167,0,0,,,0,0,yes,delete,high,P1,no_signal
https://coincu.com/optimism-fourth-round-of-public-goods-funding/,Optimism: Fourth Round of Public Goods Funding Applications Offers New Opportunities!,Optimism: Fourth Round of Public Goods Funding Applications Offers New Opportunities!,news,200,Indexable,2164,112,0,0,,,0,0,yes,delete,high,P1,no_signal
https://coincu.com/optimism-fund-grants-program/,Optimism Q3 Governance Fund Grants Program To Begin On January 26,Optimism Q3 Governance Fund Grants Program To Begin On January 26,news,200,Indexable,2234,121,0,0,,,0,0,yes,delete,high,P1,no_signal
https://coincu.com/optimism-governance-season-3-update/,"Optimism Governance Season 3 Update: Bedrock Upgrade, Token House, And Grants","Optimism Governance Season 3 Update: Bedrock Upgrade, Token House, And Grants",news,200,Indexable,2181,163,0,0,,,0,0,yes,delete,high,P1,no_signal
https://coincu.com/optimism-governances-risky-gamble-op-tokens-drop/,Optimism Governance's Risky Gamble: Unconfirmed OP Tokens Drop Sparks Speculation,Optimism Governance’s Risky Gamble: Unconfirmed OP Tokens Drop Sparks Speculation,news,200,Indexable,2125,150,0,0,,,0,0,yes,delete,high,P1,no_signal
https://coincu.com/optimism-introduces-op-stack/,Optimism Introduces Modular Components OP Stack,Optimism Introduces Modular Components OP Stack,news,200,Indexable,1960,158,0,0,,,0,0,yes,delete,high,P1,no_signal
https://coincu.com/optimism-is-going-to-ath/,OP Is Going To ATH As TVL In Optimism Soars Above $500 Million,OP Is Going To ATH As TVL In Optimism Soars Above $500 Million,news,200,Indexable,1999,155,0,0,,,0,0,yes,delete,high,P1,no_signal
https://coincu.com/optimism-key-making-ethereum-accessible/,Optimism: The Key To Making Ethereum More Accessible To the Masses? - Coincu - Latest Cryptocurrency News and Analysis 1,Optimism: The Key To Making Ethereum More Accessible To the Masses?,news,200,Indexable,2862,158,0,0,,,0,0,yes,delete,high,P1,no_signal
https://coincu.com/optimism-op-stacks-first-fault-proof-system/,Optimism Updates OP Stack's First Fault Proof System,Optimism Updates OP Stack’s First Fault Proof System,news,200,Indexable,2044,106,0,0,,,0,0,yes,delete,high,P1,no_signal
https://coincu.com/optimism-rebranded-op-mainnet-superchain/,"Optimism Rebranded As OP Mainnet, Aiming To Create SuperChain","Optimism Rebranded As OP Mainnet, Aiming To Create SuperChain",news,200,Indexable,2028,175,0,0,,,0,0,yes,delete,high,P1,no_signal
https://coincu.com/optimism-sparks-excitement-with-security-council/,Optimism Sparks Excitement with Security Council Announcement,Optimism Sparks Excitement with Security Council Announcement,news,200,Indexable,2145,130,0,0,,,0,0,yes,delete,high,P1,no_signal
https://coincu.com/optimism-sponsor-10m-op-for-retropgf-2/,Optimism Sponsor 10 Million OP Tokens For Projects In RetroPGF 2,Optimism Sponsor 10 Million OP Tokens For Projects In RetroPGF 2,news,200,Indexable,1899,182,0,0,,,0,0,yes,delete,high,P1,no_signal
https://coincu.com/optimism-to-launch-zkps/,Optimism To Launch ZKPs To Boost Cross-Chain Communication,Optimism To Launch ZKPs To Boost Cross-Chain Communication,news,200,Indexable,2057,119,0,0,,,0,0,yes,delete,high,P1,no_signal
https://coincu.com/optimism-transfers-130m-op-tokens/,Optimism Transfers 130M OP Tokens For Fund Management,Optimism Transfers 130M OP Tokens For Fund Management,news,200,Indexable,1923,116,0,0,,,0,0,yes,delete,high,P1,no_signal
https://coincu.com/optimism-update-superchain/,Optimism Update: Building A Superchain Ecosystem With Layer 2 Solutions,Optimism Update: Building A Superchain Ecosystem With Layer 2 Solutions,news,200,Indexable,3713,136,0,0,,,0,0,yes,delete,high,P1,no_signal
https://coincu.com/optimism-will-upgrade-the-op-mainnet/,Optimism Will Upgrade The OP Mainnet Sequencer On August 29,Optimism Will Upgrade The OP Mainnet Sequencer On August 29,news,200,Indexable,1958,162,0,0,,,0,0,yes,delete,high,P1,no_signal
https://coincu.com/optimisms-goerli-testnet-migrate-to-bedrock/,Optimism’s Goerli Testnet To Migrate To Bedrock In January,Optimism’s Goerli Testnet To Migrate To Bedrock In January,news,200,Indexable,2071,96,0,0,,,0,0,yes,delete,high,P1,no_signal
https://coincu.com/optimisms-layer-2-network-upgrade-faster/,"Optimism's Layer 2 Network Upgrade: Faster, Cheaper, and More Secure","Optimism’s Layer 2 Network Upgrade: Faster, Cheaper, and More Secure",news,200,Indexable,2122,97,0,0,,,0,0,yes,delete,high,P1,no_signal
https://coincu.com/optimisms-op-stack-entered-stage-1/,Optimism's OP Stack Now Officially Entered Stage 1,Optimism’s OP Stack Now Officially Entered Stage 1,news,200,Indexable,2133,133,0,0,,,0,0,yes,delete,high,P1,no_signal
https://coincu.com/optimisms-velodrome-surpasses-100/,Optimism's Decentralized Exchange Velodrome Now Surpasses $100 Million in TVL,Optimism’s Decentralized Exchange Velodrome Now Surpasses $100 Million in TVL,news,200,Indexable,1916,120,0,0,,,0,0,yes,delete,high,P1,no_signal
https://coincu.com/optimistic-rollup/,Optimistic Rollup,Optimistic Rollup,news,200,Indexable,2087,141,0,0,,,0,0,yes,delete,high,P1,no_signal
https://coincu.com/options-traders-brace-for-fed/,Options Traders Brace For Fed's Decision: Anticipating Interest Rate Hike Signals,Options Traders Brace For Fed’s Decision: Anticipating Interest Rate Hike Signals,news,200,Indexable,2063,144,0,0,,,0,0,yes,delete,high,P1,no_signal
https://coincu.com/ora-new-blockchain-search-solana-hackathon/,Ora - New Blockchain Search Engine Emerges From Solana Hackathon,Ora – New Blockchain Search Engine Emerges From Solana Hackathon,news,200,Indexable,1952,152,0,0,,,0,0,yes,delete,high,P1,no_signal
https://coincu.com/oracle-redstone-data-dapps-avalanche-spruce/,Oracle RedStone Modular Provides Data Feed For DApps On The Avalanche Spruce Testnet,Oracle RedStone Modular Provides Data Feed For DApps On The Avalanche Spruce Testnet,news,200,Indexable,2099,140,0,0,,,0,0,yes,delete,high,P1,no_signal
https://coincu.com/oracleswap-ftso-operations-private-keys/,OracleSwap Halts FTSO Operations After Compromised Private Keys,OracleSwap Halts FTSO Operations After Compromised Private Keys,news,200,Indexable,2105,157,0,0,,,0,0,yes,delete,high,P1,no_signal
https://coincu.com/orbs-network-receives-10-million/,Orbs Network Receives $10 Million Token Sale Investment From DWF Labs,Orbs Network Receives $10 Million Token Sale Investment From DWF Labs,news,200,Indexable,2147,142,0,0,,,0,0,yes,delete,high,P1,no_signal
https://coincu.com/orc-20-standard-enhanced-brc-20/,"ORC-20 Standard, Enhanced Version Of The BRC-20 What's Special","ORC-20 Standard, Enhanced Version Of The BRC-20 What’s Special",news,200,Indexable,2888,137,0,0,,,0,0,yes,delete,high,P1,no_signal
https://coincu.com/orc-20-trading-volume-record-high/,ORC-20 Trading Volume Record High After Binance Academy Hint,ORC-20 Trading Volume Record High After Binance Academy Hint,news,200,Indexable,2272,170,0,0,,,0,0,yes,delete,high,P1,no_signal
https://coincu.com/orderdao-nft-focused-on-aptos-goes-live/,"OrderDAO, The First NFT-focused Governance Platform On Aptos Goes Live 1","OrderDAO, The First NFT-focused Governance Platform On Aptos Goes Live",news,200,Indexable,2170,204,0,0,,,0,0,yes,delete,high,P1,no_signal
https://coincu.com/orderly-network-receives-investment/,Orderly Network Receives Strategic Investment From Nomura's Subsidiary,Orderly Network Receives Strategic Investment From Nomura’s Subsidiary,news,200,Indexable,2038,152,0,0,,,0,0,yes,delete,high,P1,no_signal
https://coincu.com/orders-cftc-to-serve-bean-kistner-ooki-dao/,US Judge Orders CFTC To Serve Bean And Kistner As Ooki DAO Holders,US Judge Orders CFTC To Serve Bean And Kistner As Ooki DAO Holders,news,200,Indexable,2029,345,0,0,,,0,0,yes,delete,high,P1,no_signal
https://coincu.com/ordi-binance-not-a-token-of-ordinals-protocol/,"ORDI Binance Announcement Not a Token of Ordinals Protocol, But Memecoin in BRC-20","ORDI Binance Announcement Not a Token of Ordinals Protocol, But Memecoin in BRC-20",news,200,Indexable,2100,180,0,0,,,0,0,yes,delete,high,P1,no_signal
https://coincu.com/ordinals-and-brc-20-are-unsustainable/,Ordinals And BRC-20 Are Unsustainable: Former Blockstream CSO,Ordinals And BRC-20 Are Unsustainable: Former Blockstream CSO,news,200,Indexable,2358,123,0,0,,,0,0,yes,delete,high,P1,no_signal
https://coincu.com/ordinals-minted-hit-a-new-high/,"Ordinals Minted Hit A New All-time High, Reaching Over 300,000","Ordinals Minted Hit A New All-time High, Reaching Over 300,000",news,200,Indexable,2108,112,0,0,,,0,0,yes,delete,high,P1,no_signal
https://coincu.com/ordinals-minting-raking-in-6200-btc-in-fees/,"Ordinals Minting Surpasses Expectations, Raking in 6,200 BTC in Fees!","Ordinals Minting Surpasses Expectations, Raking in 6,200 BTC in Fees!",news,200,Indexable,2135,129,0,0,,,0,0,yes,delete,high,P1,no_signal
https://coincu.com/ordinals-minting-surpasses-5822-56-btc-fee/,"Ordinals Minting Surpasses 5,822.56 BTC Fee Revenue Milestone!","Ordinals Minting Surpasses 5,822.56 BTC Fee Revenue Milestone!",news,200,Indexable,2115,146,0,0,,,0,0,yes,delete,high,P1,no_signal
https://coincu.com/organizations-support-russian-in-ukraine/,Organizations That Support The Russian Military In Ukraine Receive $4 Million In Crypto,Organizations That Support The Russian Military In Ukraine Receive $4 Million In Crypto,news,200,Indexable,1941,180,0,0,,,0,0,yes,delete,high,P1,no_signal
https://coincu.com/orourke-rejects-sbf-1-million/,Beto O'Rourke Rejects SBF's $1 Million Donation,Beto O’Rourke Rejects SBF’s $1 Million Donation,news,200,Indexable,1999,158,0,0,,,0,0,yes,delete,high,P1,no_signal
https://coincu.com/orthogonal-defaults-loans-on-maple-finance/,Orthogonal Trading Defaults on $36 Million Of Loans On Maple Finance,Orthogonal Trading Defaults on $36 Million Of Loans On Maple Finance,news,200,Indexable,2102,180,0,0,,,0,0,yes,delete,high,P1,no_signal
https://coincu.com/orthogonal-trading-temporarily-liquidated/,Orthogonal Trading Temporarily Liquidated Because A Loan Payment Of $36 Million,Orthogonal Trading Temporarily Liquidated Because A Loan Payment Of $36 Million,news,200,Indexable,2284,156,0,0,,,0,0,yes,delete,high,P1,no_signal
https://coincu.com/osc-head-says-crypto-causes-concern/,OSC Head Says Cryptocurrency Development Causes Concern,OSC Head Says Cryptocurrency Development Causes Concern,news,200,Indexable,2148,153,0,0,,,0,0,yes,delete,high,P1,no_signal
https://coincu.com/osce-taught-law-officers-uzbekistan/,OSCE Taught Law Enforcement Officers In Uzbekistan To Conduct Crypto Investigations,OSCE Taught Law Enforcement Officers In Uzbekistan To Conduct Crypto Investigations,news,200,Indexable,2030,155,0,0,,,0,0,yes,delete,high,P1,no_signal
https://coincu.com/osero-raises-13-5-million-funding-led-by-sky-ecosystem/,Osero Raises $13.5 Million in Funding Led by Sky Ecosystem,Osero Raises $13.5 Million in Funding Led by Sky Ecosystem,news,200,Indexable,2521,147,0,0,,,0,0,yes,delete,high,P1,no_signal
https://coincu.com/osl-applies-for-retail-trading-license/,OSL Applies For Digital Asset Retail Trading License After Hong Kong Apply New Policy,OSL Applies For Digital Asset Retail Trading License After Hong Kong Apply New Policy,news,200,Indexable,2265,122,0,0,,,0,0,yes,delete,high,P1,no_signal
https://coincu.com/osl-gets-a-license-in-hong-kong/,"OSL Asset Management Gets A License In Hong Kong To Invest In Web3, Blockchain","OSL Asset Management Gets A License In Hong Kong To Invest In Web3, Blockchain",news,200,Indexable,2165,149,0,0,,,0,0,yes,delete,high,P1,no_signal
https://coincu.com/osl-strengthens-asias-digital-asset-ecosystem-with-listing-of-state-supervised-gold-backed-stablecoin-usdkg/,OSL Strengthens Asia’s Digital Asset Ecosystem with Listing of State-Supervised Gold-Backed Stablecoin USDKG,OSL Strengthens Asia’s Digital Asset Ecosystem with Listing of State-Supervised Gold-Backed Stablecoin USDKG,news,200,Indexable,2391,46,0,0,,,0,0,yes,delete,high,P1,no_signal
https://coincu.com/osmosis-convert-10-cash-into-bitcoin/,Cosmos Largest DEX Osmosis Convert 10% Of Treasury Cash Into Bitcoin,Cosmos Largest DEX Osmosis Convert 10% Of Treasury Cash Into Bitcoin,news,200,Indexable,2088,164,0,0,,,0,0,yes,delete,high,P1,no_signal
https://coincu.com/osmosis-has-launched-stableswap/,OSMOSIS (OSMO) Has Launched The Stableswap Trading Platform,OSMOSIS (OSMO) Has Launched The Stableswap Trading Platform,news,200,Indexable,1938,146,0,0,,,0,0,yes,delete,high,P1,no_signal
https://coincu.com/osmosiss-feature-scambuster-upgrade/,Osmosis's Feature 'Scambuster Upgrade' Is Ready To Go To Against Scam/Spam,Osmosis’s Feature ‘Scambuster Upgrade’ Is Ready To Go To Against Scam/Spam,news,200,Indexable,2226,156,0,0,,,0,0,yes,delete,high,P1,no_signal
https://coincu.com/osprey-bitcoin-trusts/,Osprey Bitcoin Trust's Bitcoin Is Held By Coinbase Custody,Osprey Bitcoin Trust’s Bitcoin Is Held By Coinbase Custody,news,200,Indexable,1968,155,0,0,,,0,0,yes,delete,high,P1,no_signal
https://coincu.com/osprey-ceo-seeks-to-manage-gbtc/,Osprey CEO Seeks To Manage The GBTC Trust With Annual Management Fee By 0.49%,Osprey CEO Seeks To Manage The GBTC Trust With Annual Management Fee By 0.49%,news,200,Indexable,2133,155,0,0,,,0,0,yes,delete,high,P1,no_signal
https://coincu.com/ostp-report-analyzing-design-choices-cbdcs/,OSTP Released A Report Analyzing The Design Choices For 18 CBDCs,OSTP Released A Report Analyzing The Design Choices For 18 CBDCs,news,200,Indexable,2242,255,0,0,,,0,0,yes,delete,high,P1,no_signal
https://coincu.com/otherside-metaverse-expected-launch-in-2023/,Yuga Labs Co-Founder: Otherside Metaverse The Persistent World Expected To Launch In 2023,Yuga Labs Co-Founder: Otherside Metaverse The Persistent World Expected To Launch In 2023,news,200,Indexable,1890,154,0,0,,,0,0,yes,delete,high,P1,no_signal
https://coincu.com/ousg-goes-live-on-xrp-ledger-xrpl/,OUSG Goes Live on XRP Ledger (XRPL),Ondo Finance Brings Tokenized US Treasuries to XRP Ledger via OUSG,news,200,Indexable,2164,121,0,0,,,0,0,yes,delete,high,P1,no_signal
https://coincu.com/outstanding-bnb-chain-metaverse-project/,Outstanding BNB Chain Metaverse Project,Outstanding BNB Chain Metaverse Project,news,200,Indexable,2347,146,0,0,,,0,0,yes,delete,high,P1,no_signal
https://coincu.com/outstanding-features-crypto-options-contracts/,What Outstanding Features Do Crypto Options Contracts Have?,What Outstanding Features Do Crypto Options Contracts Have?,news,200,Indexable,2824,130,0,0,,,0,0,yes,delete,high,P1,no_signal
https://coincu.com/outstanding-layer-2-blockchain-bridge/,Let's Check Out Outstanding Layer 2 Blockchain Bridge Protocols,Let’s Check Out Outstanding Layer 2 Blockchain Bridge Protocols,news,200,Indexable,4781,156,0,0,,,0,0,yes,delete,high,P1,no_signal
https://coincu.com/over-2-million-in-ldo-is-transferred/,Over $2 Million In LDO Is Transferred To Binance By An LDO Whale,Over $2 Million In LDO Is Transferred To Binance By An LDO Whale,news,200,Indexable,2129,154,0,0,,,0,0,yes,delete,high,P1,no_signal
https://coincu.com/over-3-7-million-wld-withdrawn-binance-okx/,Massive Token Withdrawal: Over $3.7 Million Worth Of WLD Withdrawn From Binance And OKX,Massive Token Withdrawal: Over $3.7 Million Worth Of WLD Withdrawn From Binance And OKX,news,200,Indexable,1959,117,0,0,,,0,0,yes,delete,high,P1,no_signal
https://coincu.com/over-300m-liquidated-after-sec-sued-binance/,Over $300 Million Was Liquidated After SEC Sued Binance,Over $300 Million Was Liquidated After SEC Sued Binance,news,200,Indexable,2077,142,0,0,,,0,0,yes,delete,high,P1,no_signal
https://coincu.com/over-40-of-australians-believe-bitcoin/,"Over 40% Of Australians Believe Bitcoin Can Hit $30,000 By 2023: IRCI Survey","Over 40% Of Australians Believe Bitcoin Can Hit $30,000 By 2023: IRCI Survey",news,200,Indexable,2018,157,0,0,,,0,0,yes,delete,high,P1,no_signal
https://coincu.com/over-50-of-all-bitcoin-trades-are-fake/,Over 50% Of All Bitcoin Trades On Exchanges Are Fake,Over 50% Of All Bitcoin Trades On Exchanges Are Fake,news,200,Indexable,2284,153,0,0,,,0,0,yes,delete,high,P1,no_signal
https://coincu.com/over-50-of-bitcoin-addresses-are-in-the-red/,Over 50% Of Bitcoin Addresses Are Now In The Red,Over 50% Of Bitcoin Addresses Are Now In The Red,news,200,Indexable,1938,160,0,0,,,0,0,yes,delete,high,P1,no_signal
https://coincu.com/over-60-fake-paypal-stablecoins/,Over 60 Fake PayPal Stablecoins Trading On Blockchains,Over 60 Fake PayPal Stablecoins Trading On Blockchains,news,200,Indexable,2114,80,0,0,,,0,0,yes,delete,high,P1,no_signal
https://coincu.com/over-90-of-us-firms-that-accept-crypto/,Over 90% Of US Firms That Accept Cryptocurrency Report An Increase In Revenues.,Over 90% Of US Firms That Accept Cryptocurrency Report An Increase In Revenues.,news,200,Indexable,2056,153,0,0,,,0,0,yes,delete,high,P1,no_signal
https://coincu.com/over-the-counter-otc-trading/,Over-the-Counter (OTC) Trading,Over-the-Counter (OTC) Trading,news,200,Indexable,2081,156,0,0,,,0,0,yes,delete,high,P1,no_signal
https://coincu.com/overtakes-somnis-rumble-rush-surpasses-30000/,"Overtake’s Somnis: Rumble Rush Surpasses 30,000 Registrations Just Three Weeks After Launch","Overtake’s Somnis: Rumble Rush Surpasses 30,000 Registrations Just Three Weeks After Launch",news,200,Indexable,2453,142,0,0,,,0,0,yes,delete,high,P1,no_signal
https://coincu.com/overview-ethereum-staking-strk-vesting-change/,Market Overview (Feb 19–Feb 25): Ethereum Staking Trend and StarkWare's Vesting Schedule Change,Market Overview (Feb 19–Feb 25): Ethereum Staking Trend and StarkWare’s Vesting Schedule Change,news,200,Indexable,2905,164,0,0,,,0,0,yes,delete,high,P1,no_signal
https://coincu.com/overview-of-starkware/,Overview of StarkWare – The most anticipated Layer-2 solution in 2022,Overview of StarkWare – The most anticipated Layer-2 solution in 2022,news,200,Indexable,3137,158,0,0,,,0,0,yes,delete,high,P1,no_signal
https://coincu.com/overview-unicoin-sec-registration-meme-coins/,Market Overview (May 13 – May 19): Unicoin SEC Registration and the Rise of Meme Coins,Market Overview (May 13 – May 19): Unicoin SEC Registration and the Rise of Meme Coins,news,200,Indexable,2502,114,0,0,,,0,0,yes,delete,high,P1,no_signal
https://coincu.com/ox-price-crash-by-50-after-the-arrest-of-zhu-su/,OX Price Crash By Over 50% After The Arrest Of Zhu Su,OX Price Crash By Over 50% After The Arrest Of Zhu Su,news,200,Indexable,2037,193,0,0,,,0,0,yes,delete,high,P1,no_signal
https://coincu.com/ox-selling-pressure-alert-whales-massive-tokens/,OX Selling Pressure Alert: Whales Are Withdrawing Massive Tokens,OX Selling Pressure Alert: Whales Are Withdrawing Massive Tokens,news,200,Indexable,1996,154,0,0,,,0,0,yes,delete,high,P1,no_signal
https://coincu.com/ozo-jasmy-and-fet-these-data-privacy-and-security-coins-set-to-soar/,"OZO, JASMY and FET: These Data Privacy and Security Coins Set to Soar!","OZO, JASMY and FET: These Data Privacy and Security Coins Set to Soar!",news,200,Indexable,2363,231,0,0,,,0,0,yes,delete,high,P1,no_signal
https://coincu.com/p2e-meme-coin-playdoge-closes-in-on-6m-presale/,P2E Meme Coin Sensation PlayDoge Closes in on $6M Presale Milestone,P2E Meme Coin Sensation PlayDoge Closes in on $6M Presale Milestone,news,200,Indexable,2311,177,0,0,,,0,0,yes,delete,high,P1,no_signal
https://coincu.com/p2p-exchange-localcryptos-is-shutting-down/,The P2P Exchange LocalCryptos Is Shutting Down,The P2P Exchange LocalCryptos Is Shutting Down,news,200,Indexable,2293,126,0,0,,,0,0,yes,delete,high,P1,no_signal
https://coincu.com/pact-protocol-launches-on-aptos-network/,PACT Protocol Launches on Aptos Network,PACT Protocol Launches on Aptos Network,news,200,Indexable,2445,59,0,0,,,0,0,yes,delete,high,P1,no_signal
https://coincu.com/pain-meme-coin-with-sol-presale-twist/,PAIN Meme Coin Turns Pains Into Gains with 187K SOL Presale Twist,PAIN Meme Coin Turns Pains Into Gains with 187K SOL Presale Twist,news,200,Indexable,2152,131,0,0,,,0,0,yes,delete,high,P1,no_signal
https://coincu.com/paju-city-tax-enforcement-targets-virtual-asset/,Paju City Tax Enforcement Targets Virtual Asset Recovery,Paju City Tax Enforcement Targets Virtual Asset Recovery,news,200,Indexable,2043,154,0,0,,,0,0,yes,delete,high,P1,no_signal
https://coincu.com/pakistan-banks-blockchain-ekyc-banking/,31 Traditional Pakistan Banks Has Agreed To Create A Blockchain-based National eKYC Banking Platform,31 Traditional Pakistan Banks Has Agreed To Create A Blockchain-based National eKYC Banking Platform,news,200,Indexable,2085,157,0,0,,,0,0,yes,delete,high,P1,no_signal
https://coincu.com/pakistan-crypto-council-set/,Pakistan Crypto Council Set Up to Drive Blockchain Innovation,Pakistan Crypto Council Set Up to Drive Blockchain Innovation,news,200,Indexable,2021,171,0,0,,,0,0,yes,delete,high,P1,no_signal
https://coincu.com/pakistan-national-crypto-council/,Pakistan National Crypto Council: New Regulatory Framework,Pakistan National Crypto Council: New Regulatory Framework,news,200,Indexable,2267,152,0,0,,,0,0,yes,delete,high,P1,no_signal
https://coincu.com/pakistan-will-never-legalize-crypto/,Pakistan Will Never Legalize Crypto Because Of Fraud Concerns,Pakistan Will Never Legalize Crypto Because Of Fraud Concerns,news,200,Indexable,2209,144,0,0,,,0,0,yes,delete,high,P1,no_signal
https://coincu.com/palazzo-versace-dubai-crypto-payments/,The 5-Star Hotel Palazzo Versace Dubai Embraces Crypto Payments,The 5-Star Hotel Palazzo Versace Dubai Embraces Crypto Payments,news,200,Indexable,2055,234,0,0,,,0,0,yes,delete,high,P1,no_signal
https://coincu.com/palm-networks-bold-move-with-polygon/,Palm Network's Bold Move With Polygon's Supernets Revolutionizes Web3 Scalability,Palm Network’s Bold Move With Polygon’s Supernets Revolutionizes Web3 Scalability,news,200,Indexable,2406,104,0,0,,,0,0,yes,delete,high,P1,no_signal
https://coincu.com/pancakeswap-11million-cake-tokens/,PancakeSwap Burns $11 Million Worth Of CAKE Tokens In Significant Move,PancakeSwap Burns $11 Million Worth Of CAKE Tokens In Significant Move,news,200,Indexable,2004,162,0,0,,,0,0,yes,delete,high,P1,no_signal
https://coincu.com/pancakeswap-amm-125-million-uniswap-code/,PancakeSwap AMM V3 TVL Has Reached $125 Million Since The Uniswap Code Was Open Shared,PancakeSwap AMM V3 TVL Has Reached $125 Million Since The Uniswap Code Was Open Shared,news,200,Indexable,2069,192,0,0,,,0,0,yes,delete,high,P1,no_signal
https://coincu.com/pancakeswap-burns-8-7m-cake-tokens-valued-at-35m/,PancakeSwap Burns 8.7M CAKE Tokens Valued at $35M!,PancakeSwap Burns 8.7M CAKE Tokens Valued at $35M!,news,200,Indexable,2148,160,0,0,,,0,0,yes,delete,high,P1,no_signal
https://coincu.com/pancakeswap-business-strategic/,PancakeSwap - Analysis of Business Strategic 2021-2022. Is it worth the investment at this point?,PancakeSwap – Analysis of Business Strategic 2021-2022. Is it worth the investment at this point?,news,200,Indexable,2529,155,0,0,,,0,0,yes,delete,high,P1,no_signal
https://coincu.com/pancakeswap-destroyed-about-10-million-cake/,"PancakeSwap Destroyed About 10 Million CAKE, Worth $23 Million!","PancakeSwap Destroyed About 10 Million CAKE, Worth $23 Million!",news,200,Indexable,2116,69,0,0,,,0,0,yes,delete,high,P1,no_signal
https://coincu.com/pancakeswap-destroys-9-05m-cake-worth-15m/,PancakeSwap Destroys 9.05M CAKE Worth $15M,PancakeSwap Destroys 9.05M CAKE Worth $15M,news,200,Indexable,2085,144,0,0,,,0,0,yes,delete,high,P1,no_signal
https://coincu.com/pancakeswap-launches-smart-router/,PancakeSwap Launches Smart Router To Execute Trades Across Multiple Pools,PancakeSwap Launches Smart Router To Execute Trades Across Multiple Pools,news,200,Indexable,1906,144,0,0,,,0,0,yes,delete,high,P1,no_signal
https://coincu.com/pancakeswap-launches-stableswap/,PancakeSwap Launches StableSwap For Stablecoin Trading,PancakeSwap Launches StableSwap For Stablecoin Trading,news,200,Indexable,2090,151,0,0,,,0,0,yes,delete,high,P1,no_signal
https://coincu.com/pancakeswap-liquidity-pool-on-aptos/,PancakeSwap Launching First Liquidity Pool On Aptos,PancakeSwap Launching First Liquidity Pool On Aptos,news,200,Indexable,1950,243,0,0,,,0,0,yes,delete,high,P1,no_signal
https://coincu.com/pancakeswap-now-expands-to-base-network/,PancakeSwap Now Expands To Layer 2 Base Network,PancakeSwap Now Expands To Layer 2 Base Network,news,200,Indexable,2106,95,0,0,,,0,0,yes,delete,high,P1,no_signal
https://coincu.com/pancakeswap-now-live-on-arbitrum-one/,PancakeSwap Now Live On Arbitrum One With Enhanced Accessibility,PancakeSwap Now Live On Arbitrum One With Enhanced Accessibility,news,200,Indexable,2086,135,0,0,,,0,0,yes,delete,high,P1,no_signal
https://coincu.com/pancakeswap-proposal-vip-pools-approved/,PancakeSwap's Proposal To Create More Features For VIP Pools's Cake Approved,PancakeSwap’s Proposal To Create More Features For VIP Pools’s Cake Approved,news,200,Indexable,2146,108,0,0,,,0,0,yes,delete,high,P1,no_signal
https://coincu.com/pancakeswap-proposes-deployment-aptos/,PancakeSwap Proposes Mainnet Deployment To Aptos,PancakeSwap Proposes Mainnet Deployment To Aptos,news,200,Indexable,2218,158,0,0,,,0,0,yes,delete,high,P1,no_signal
https://coincu.com/pancakeswap-proposes-to-launch-vecake/,PancakeSwap Proposes To Launch veCAKE To Increase Governance Influence And Liquidity,PancakeSwap Proposes To Launch veCAKE To Increase Governance Influence And Liquidity,news,200,Indexable,2119,132,0,0,,,0,0,yes,delete,high,P1,no_signal
https://coincu.com/pancakeswap-swap-bot-is-launched-on-telegram/,PancakeSwap Swap Bot Is Launched On Telegram To Convenient Trading,PancakeSwap Swap Bot Is Launched On Telegram To Convenient Trading,news,200,Indexable,2075,109,0,0,,,0,0,yes,delete,high,P1,no_signal
https://coincu.com/pancakeswap-trading-volume-record-hits-1-27b/,PancakeSwap Trading Volume Record Hits $1.27B on December 4,PancakeSwap Trading Volume Record Hits $1.27B on December 4,news,200,Indexable,2003,145,0,0,,,0,0,yes,delete,high,P1,no_signal
https://coincu.com/pancakeswap-unveils-bold-plan-to-cake/,PancakeSwap Unveils Bold Plan To Ignite CAKE Token Growth,PancakeSwap Unveils Bold Plan To Ignite CAKE Token Growth,news,200,Indexable,2111,131,0,0,,,0,0,yes,delete,high,P1,no_signal
https://coincu.com/pancakeswap-v3-launches-on-zksync-era/,PancakeSwap v3 Launches on zksync Era!,PancakeSwap v3 Launches on zksync Era!,news,200,Indexable,2177,102,0,0,,,0,0,yes,delete,high,P1,no_signal
https://coincu.com/pancakeswap-v3-now-launches-on-linea/,PancakeSwap V3 Now Launches On Linea,PancakeSwap V3 Now Launches On Linea,news,200,Indexable,2081,170,0,0,,,0,0,yes,delete,high,P1,no_signal
https://coincu.com/pancakeswaps-cake-tokenomics-v2-5-approved/,PancakeSwap's Proposal For CAKE Tokenomics v2.5 Approved by Community Vote,PancakeSwap’s Proposal For CAKE Tokenomics v2.5 Approved by Community Vote,news,200,Indexable,2140,229,0,0,,,0,0,yes,delete,high,P1,no_signal
https://coincu.com/pancakeswaps-recent-popularity-affect-cake/,Will PancakeSwap’s Recent Popularity Affect CAKE In The Future?,Will PancakeSwap’s Recent Popularity Affect CAKE In The Future?,news,200,Indexable,2326,148,0,0,,,0,0,yes,delete,high,P1,no_signal
https://coincu.com/pando-spot-bitcoin-etf-has-now-filed-form-19b-4/,Pando Spot Bitcoin ETF Has Now Filed Form 19b-4,Pando Spot Bitcoin ETF Has Now Filed Form 19b-4,news,200,Indexable,2086,117,0,0,,,0,0,yes,delete,high,P1,no_signal
https://coincu.com/pandora-erc-404-standard-coming-soon/,Pandora ERC-404 Standard Will Have New Enhancements To Enhance Use Cases,Pandora ERC-404 Standard Will Have New Enhancements To Enhance Use Cases,news,200,Indexable,2068,137,0,0,,,0,0,yes,delete,high,P1,no_signal
https://coincu.com/panoptic-secures-7m-revolutionize-defi/,Panoptic Secures $7M Power Boost to Revolutionize DeFi with Perpetual Options Platform!,Panoptic Secures $7M Power Boost to Revolutionize DeFi with Perpetual Options Platform!,news,200,Indexable,2187,220,0,0,,,0,0,yes,delete,high,P1,no_signal
https://coincu.com/pantera-bitcoin-fund-hits-1000x/,Pantera Bitcoin Fund Hits 1000x,Pantera Bitcoin Fund Hits 1000x,news,200,Indexable,2067,166,0,0,,,0,0,yes,delete,high,P1,no_signal
https://coincu.com/pantera-buys-140-million-in-bitcoin/,Pantera Foundation Buys $140 Million In Bitcoin,Pantera Foundation Buys $140 Million In Bitcoin,news,200,Indexable,1874,139,0,0,,,0,0,yes,delete,high,P1,no_signal
https://coincu.com/pantera-capital-ceo-warns-the-feds-strategy/,Pantera Capital CEO Warns That The Fed’s Strategy Has Created A Big Bubble In Housing,Pantera Capital CEO Warns That The Fed’s Strategy Has Created A Big Bubble In Housing,news,200,Indexable,2725,158,0,0,,,0,0,yes,delete,high,P1,no_signal
https://coincu.com/pantera-capital-distributes-24-12-million-1inch/,Pantera Capital Distributes 24.12 Million 1INCH Tokens,Pantera Capital Distributes 24.12 Million 1INCH Tokens,news,200,Indexable,2183,106,0,0,,,0,0,yes,delete,high,P1,no_signal
https://coincu.com/pantera-capital-founder-faces-investigation/,Pantera Capital Founder Faces Investigation Over $850 Million In Profit After Tax,Pantera Capital Founder Faces Investigation Over $850 Million In Profit After Tax,news,200,Indexable,2196,142,0,0,,,0,0,yes,delete,high,P1,no_signal
https://coincu.com/pantera-capital-raises-1-25b-for-2nd-fund/,Pantera Capital Raises $1.25 Billion For Second Blockchain Fund,Pantera Capital Raises $1.25 Billion For Second Blockchain Fund,news,200,Indexable,1981,152,0,0,,,0,0,yes,delete,high,P1,no_signal
https://coincu.com/pantera-capital-satsuma-liquidate-bitcoin-holdings-return-capital-shareholders/,Pantera Capital Urges Satsuma to Liquidate Bitcoin Holdings,Pantera Capital Urges Satsuma to Liquidate Bitcoin Holdings,news,200,Indexable,2675,158,0,0,,,0,0,yes,delete,high,P1,no_signal
https://coincu.com/pantera-capital-solana-auction-takes-place/,"Pantera Capital Solana Auction Takes Place Successfully With 2,000 SOLs Offloaded","Pantera Capital Solana Auction Takes Place Successfully With 2,000 SOLs Offloaded",news,200,Indexable,2116,139,0,0,,,0,0,yes,delete,high,P1,no_signal
https://coincu.com/pantera-capital-ton-investment-driven/,Pantera Capital TON Investment Driven To Enhance P2P Payment Capabilities,Pantera Capital TON Investment Driven To Enhance P2P Payment Capabilities,news,200,Indexable,2113,121,0,0,,,0,0,yes,delete,high,P1,no_signal
https://coincu.com/pantera-capital-ton-investment-is-largest-fund/,Pantera Capital TON Investment Is The Largest Fund Of The VC Company In Web3 Space,Pantera Capital TON Investment Is The Largest Fund Of The VC Company In Web3 Space,news,200,Indexable,2135,150,0,0,,,0,0,yes,delete,high,P1,no_signal
https://coincu.com/pantera-capital-wrong-terra-celsius-3ac/,"Pantera Capital on What Went Wrong With Terra, Celsius, and Three Arrows Capital","Pantera Capital on What Went Wrong With Terra, Celsius, and Three Arrows Capital",news,200,Indexable,2204,157,0,0,,,0,0,yes,delete,high,P1,no_signal
https://coincu.com/pantera-ceo-believes-crypto-billions-users/,Pantera CEO Believes Crypto Will Achieve Literally Billions Of Users In The Years To Come,Pantera CEO Believes Crypto Will Achieve Literally Billions Of Users In The Years To Come,news,200,Indexable,2140,136,0,0,,,0,0,yes,delete,high,P1,no_signal
https://coincu.com/pantera-insignificant-exposure-with-ftx/,Pantera Capital Insignificant Exposure With The FTX Crisis,Pantera Capital Insignificant Exposure With The FTX Crisis,press_release_like,200,Indexable,1914,153,0,0,,,0,0,yes,delete,high,P1,event_pr_signal
https://coincu.com/pantera-jump-crypto-150-million-injective/,Pantera And Jump Crypto $150 Million Injective Ecosystem Fund,Pantera And Jump Crypto $150 Million Injective Ecosystem Fund,news,200,Indexable,1978,313,0,0,,,0,0,yes,delete,high,P1,no_signal
https://coincu.com/pantera-sol-buyback-guaranteed-at-59-95/,Pantera SOL Buyback Guaranteed At $59.95,Pantera SOL Buyback Guaranteed At $59.95,news,200,Indexable,2166,119,0,0,,,0,0,yes,delete,high,P1,no_signal
https://coincu.com/paolo-ardoino-became-the-new-ceo-of-tether/,The new CEO of Tether is Paolo Ardoino,The New CEO of Tether Is Formerly The Company’s CTO – Paolo Ardoino,news,200,Indexable,2032,137,0,0,,,0,0,yes,delete,high,P1,no_signal
https://coincu.com/papa-johns-issue-first-pizza-themed-nft/,Papa Johns Will Issue Its First Pizza-themed NFT Based On Polygon,Papa Johns Will Issue Its First Pizza-themed NFT Based On Polygon,news,200,Indexable,2219,71,0,0,,,0,0,yes,delete,high,P1,no_signal
https://coincu.com/paradex-signals-upcoming-dime-token-generation-event/,Paradex Signals Upcoming $DIME Token Generation Event,Paradex Signals Upcoming $DIME Token Generation Event,news,200,Indexable,2480,31,0,0,,,0,0,yes,delete,high,P1,no_signal
https://coincu.com/paradigm-accuses-sec-of-legal-in-binance-case/,Paradigm Accuses SEC of Legal Manipulation in Binance Case,Paradigm Accuses SEC of Legal Manipulation in Binance Case,news,200,Indexable,2133,73,0,0,,,0,0,yes,delete,high,P1,no_signal
https://coincu.com/paradigm-confirms-investment-in-ftx/,Paradigm Co-founder Confirms Investment In FTX Drops To Zero,Paradigm Co-founder Confirms Investment In FTX Drops To Zero,news,200,Indexable,2022,108,0,0,,,0,0,yes,delete,high,P1,no_signal
https://coincu.com/paradigm-crypto-derivatives-reduces/,Paradigm Crypto Derivatives Platform Reduces Salary By 15%,Paradigm Crypto Derivatives Platform Reduces Salary By 15%,news,200,Indexable,1908,148,0,0,,,0,0,yes,delete,high,P1,no_signal
https://coincu.com/paradigm-files-amicus-brief/,Paradigm Files Amicus Brief Supporting Ripple Against SEC,Paradigm Files Amicus Brief Supporting Ripple Against SEC,news,200,Indexable,1988,150,0,0,,,0,0,yes,delete,high,P1,no_signal
https://coincu.com/paradigm-third-fund-hits-850m-as-recognized-vcs/,Paradigm Third Fund Hits $850M As The Most Recognized VCs,Paradigm Third Fund Hits $850M As The Most Recognized VCs,news,200,Indexable,2071,119,0,0,,,0,0,yes,delete,high,P1,no_signal
https://coincu.com/paradigm-unleashes-paradex/,Paradigm Unleashes Paradex: A Revolutionary Hybrid CeFi-DeFi Derivatives Exchange,Paradigm Unleashes Paradex: A Revolutionary Hybrid CeFi-DeFi Derivatives Exchange,news,200,Indexable,2193,142,0,0,,,0,0,yes,delete,high,P1,no_signal
https://coincu.com/paradigms-crypto-focus-thriving-in-the-age-of-ai/,Paradigm's Crypto Focus: Thriving In The Age Of AI With Research and Investment,Paradigm’s Crypto Focus: Thriving In The Age Of AI With Research and Investment,news,200,Indexable,2158,140,0,0,,,0,0,yes,delete,high,P1,no_signal
https://coincu.com/parafi-capital-tokenization-launches-on-avax/,ParaFi Capital Tokenization Launches $1B Fund On Avalanche,ParaFi Capital Tokenization Launches $1B Fund On Avalanche,news,200,Indexable,2102,181,0,0,,,0,0,yes,delete,high,P1,no_signal
https://coincu.com/paraguay-rejects-crypto-mining-bill/,Paraguay Rejects Crypto Mining Regulatory Bill,Paraguay Rejects Crypto Mining Regulatory Bill,news,200,Indexable,1951,157,0,0,,,0,0,yes,delete,high,P1,no_signal
https://coincu.com/paraguay-senators-bitcoin-mining/,Paraguay Senators Support Bitcoin Mining,Paraguay Senators Support Bitcoin Mining,news,200,Indexable,2092,104,0,0,,,0,0,yes,delete,high,P1,no_signal
https://coincu.com/paraguayan-senate-cryptocurrency-bill/,Paraguayan Senate Passes Cryptocurrency Bill,Paraguayan Senate Passes Cryptocurrency Bill,news,200,Indexable,2194,156,0,0,,,0,0,yes,delete,high,P1,no_signal
https://coincu.com/paraguayan-senators-mull-selling-bitcoin-miners/,Paraguayan Senators Mull Selling Hydropower to Bitcoin Miners Amid Cryptocurrency Ban Pause!,Paraguayan Senators Mull Selling Hydropower to Bitcoin Miners Amid Cryptocurrency Ban Pause!,news,200,Indexable,2187,95,0,0,,,0,0,yes,delete,high,P1,no_signal
https://coincu.com/paraspace-almost-lost-2900-eth/,"ParaSpace Almost Lost 2,900 ETH Because Of Hacker Attack","ParaSpace Almost Lost 2,900 ETH Because Of Hacker Attack",news,200,Indexable,2173,130,0,0,,,0,0,yes,delete,high,P1,no_signal
https://coincu.com/paraspace-and-parallel-finance-to-merge/,ParaSpace And Parallel Finance To Merge Into Web3 Super App ParaX,ParaSpace And Parallel Finance To Merge Into Web3 Super App ParaX,news,200,Indexable,2008,154,0,0,,,0,0,yes,delete,high,P1,no_signal
https://coincu.com/paraspace-boosts-new-support/,ParaSpace Boosts New Support For NFT Lending With zkSync Integration,ParaSpace Boosts New Support For NFT Lending With zkSync Integration,news,200,Indexable,2062,83,0,0,,,0,0,yes,delete,high,P1,no_signal
https://coincu.com/paraspace-launched-exciting-parax-medal-nft/,ParaSpace Launched Exciting ParaX Medal NFT Airdrop Campaign Amidst Merger Milestone,ParaSpace Launched Exciting ParaX Medal NFT Airdrop Campaign Amidst Merger Milestone,news,200,Indexable,2018,125,0,0,,,0,0,yes,delete,high,P1,no_signal
https://coincu.com/paraspace-swift-action-on-asset/,ParaSpace Navigates Asset Liquidation Crisis And Compensation To Users,ParaSpace Navigates Asset Liquidation Crisis And Compensation To Users,news,200,Indexable,2130,90,0,0,,,0,0,yes,delete,high,P1,no_signal
https://coincu.com/paraspace-temporarily-suspend-azukis-pool/,"ParaSpace Temporarily Suspend Azuki's Pool, Including Deposits, Withdrawals, And Liquidations","ParaSpace Temporarily Suspend Azuki’s Pool, Including Deposits, Withdrawals, And Liquidations",news,200,Indexable,2171,141,0,0,,,0,0,yes,delete,high,P1,no_signal
https://coincu.com/paraspace-upcoming-critical-upgrade-2-0/,NFT Lending Protocol ParaSpace Announces Upcoming Critical Upgrade 2.0,NFT Lending Protocol ParaSpace Announces Upcoming Critical Upgrade 2.0,news,200,Indexable,2173,136,0,0,,,0,0,yes,delete,high,P1,no_signal
https://coincu.com/parataxis-buys-bridge-biotherapeutics-to-launch/,Parataxis Buys Bridge Biotherapeutics to Launch Bitcoin Treasury in Korea,Parataxis Buys Bridge Biotherapeutics to Launch Bitcoin Treasury in Korea,news,200,Indexable,2131,140,0,0,,,0,0,yes,delete,high,P1,no_signal
https://coincu.com/parhelion-prometheus-statue-alcatraz/,Bitcoin Mining Firm's $450 Million Prometheus Statue Project on Alcatraz,Bitcoin Mining Firm’s $450 Million Prometheus Statue Project on Alcatraz,news,200,Indexable,2146,140,0,0,,,0,0,yes,delete,high,P1,no_signal
https://coincu.com/paris-saint-germain-selling-nft/,Paris Saint-Germain Is Selling NFT Tickets For Japan Tour,Paris Saint-Germain Is Selling NFT Tickets For Japan Tour,news,200,Indexable,1914,133,0,0,,,0,0,yes,delete,high,P1,no_signal
https://coincu.com/part-1-layer-2-ecosystems-rollups/,[Part 1] Layer 2 Ecosystems: Rollups,[Part 1] Layer 2 Ecosystems: Rollups,news,200,Indexable,2569,156,0,0,,,0,0,yes,delete,high,P1,no_signal
https://coincu.com/part-1-overview-of-the-aptos-ecosystem/,[Part 1] Overview Of The Aptos Ecosystem,[Part 1] Overview Of The Aptos Ecosystem,news,200,Indexable,2822,98,0,0,,,0,0,yes,delete,high,P1,no_signal
https://coincu.com/part-1-talk-about-makerdaos-controversial/,MakerDAO's Contentious Governance Vote Sparks Community Uproar!,MakerDAO’s Contentious Governance Vote Sparks Community Uproar!,news,200,Indexable,2752,158,0,0,,,0,0,yes,delete,high,P1,no_signal
https://coincu.com/part-1-token-governance/,[Part 1] Token Governance: DeFi's Bright Spot Or Just A Mask?,[Part 1] Token Governance: DeFi’s Bright Spot Or Just A Mask?,news,200,Indexable,2605,154,0,0,,,0,0,yes,delete,high,P1,no_signal
https://coincu.com/part-2-layer-2-ecosystems-sidechains/,[Part 2] Layer 2 Ecosystems: Sidechains,[Part 2] Layer 2 Ecosystems: Sidechains,news,200,Indexable,2611,110,0,0,,,0,0,yes,delete,high,P1,no_signal
https://coincu.com/part-2-layer-2s-incentives-war/,[Part 2] Layer 2's Incentives War,[Part 2] Layer 2’s Incentives War,news,200,Indexable,2912,153,0,0,,,0,0,yes,delete,high,P1,no_signal
https://coincu.com/part-2-projection-of-the-aptos-ecosystem/,[Part 2] Projection Of The Aptos Ecosystem - Best Blockchain?,[Part 2] Projection Of The Aptos Ecosystem – Best Blockchain?,news,200,Indexable,2762,154,0,0,,,0,0,yes,delete,high,P1,no_signal
https://coincu.com/part-2-talk-about-makerdaos-controversial/,[Part 2] Talk About MakerDAO's Controversial Governance Vote,[Part 2] Talk About MakerDAO’s Controversial Governance Vote,news,200,Indexable,2703,117,0,0,,,0,0,yes,delete,high,P1,no_signal
https://coincu.com/part-2-token-governance/,[Part 2] Token Governance: DeFi's Bright Spot Or Just A Mask?,[Part 2] Token Governance: DeFi’s Bright Spot Or Just A Mask?,news,200,Indexable,2520,152,0,0,,,0,0,yes,delete,high,P1,no_signal
https://coincu.com/part-3-talk-about-makerdaos-controversial/,[Part 3] Talk About MakerDAO's Controversial Governance Vote,[Part 3] Talk About MakerDAO’s Controversial Governance Vote,news,200,Indexable,2907,148,0,0,,,0,0,yes,delete,high,P1,no_signal
https://coincu.com/particle-builds-evm-svm-movevm-avalanche-tech/,"Particle Builds EVM, SVM, MoveVM-Compatible Chain Using Avalanche Tech","Particle Builds EVM, SVM, MoveVM-Compatible Chain Using Avalanche Tech",news,200,Indexable,2441,163,0,0,,,0,0,yes,delete,high,P1,no_signal
https://coincu.com/particle-is-a-real-survivor-rising-tokens-live/,Particle is a Real Survivor Rising as 233 Million Tokens Go Live,Particle is a Real Survivor Rising as 233 Million Tokens Go Live,news,200,Indexable,2785,153,0,0,,,0,0,yes,delete,high,P1,no_signal
https://coincu.com/particle-network-rides-13th-spot-to-15x-growth/,Particle Network Rides 13th Launchpool Spot to 15x Growth,Particle Network Rides 13th Launchpool Spot to 15x Growth,news,200,Indexable,2409,175,0,0,,,0,0,yes,delete,high,P1,no_signal
https://coincu.com/partner-aax-victor-su-incubating-rug-pull/,"Breaking: Partner Of AAX Exchange, Victor Su Incubating A Rug Pull Plan?","Breaking: Partner Of AAX Exchange, Victor Su Incubating A Rug Pull Plan?",news,200,Indexable,2070,191,0,0,,,0,0,yes,delete,high,P1,no_signal
https://coincu.com/partnr-launches-to-connect-consumer-crypto-with-on-chain-ai-agents/,Partnr Launches to Connect Consumer Crypto with On-Chain AI Agents,Partnr Launches to Connect Consumer Crypto with On-Chain AI Agents,news,200,Indexable,2329,50,0,0,,,0,0,yes,delete,high,P1,no_signal
https://coincu.com/pat-toomey-attributes-the-crypto-platform/,Pat Toomey Attributes The Crypto Platform Crisis To The SEC,Pat Toomey Attributes The Crypto Platform Crisis To The SEC,news,200,Indexable,2228,156,0,0,,,0,0,yes,delete,high,P1,no_signal
https://coincu.com/pat-toomey-introduces-stablecoin-bill/,Republican Senator Pat Toomey Introduces New Stablecoin Bill,Republican Senator Pat Toomey Introduces New Stablecoin Bill,news,200,Indexable,2321,150,0,0,,,0,0,yes,delete,high,P1,no_signal
https://coincu.com/pat-toomey-needs-reasonable-legal-framework/,Sen. Pat Toomey Needs A Reasonable Legal Framework After FTX's Fall,Sen. Pat Toomey Needs A Reasonable Legal Framework After FTX’s Fall,news,200,Indexable,2011,152,0,0,,,0,0,yes,delete,high,P1,no_signal
https://coincu.com/patrick-bet-david-net-worth/,Patrick Bet-David Net Worth: A Young Generation's Motivation for Success,Patrick Bet-David Net Worth: A Young Generation’s Motivation for Success,news,200,Indexable,3579,136,0,0,,,0,0,yes,delete,high,P1,no_signal
https://coincu.com/patrick-mchenry-needs-regulations/,Republican Patrick McHenry: Treasury Department Needs Regulations On Digital Asset,Republican Patrick McHenry: Treasury Department Needs Regulations On Digital Asset,news,200,Indexable,2035,219,0,0,,,0,0,yes,delete,high,P1,no_signal
https://coincu.com/paul-atkins-sec-and-cftc-crypto-regulation/,Paul Atkins to Join SEC and CFTC to Discuss Crypto Industry Regulation,Paul Atkins to Join SEC and CFTC to Discuss Crypto Industry Regulation,news,200,Indexable,2205,116,0,0,,,0,0,yes,delete,high,P1,no_signal
https://coincu.com/paul-krugman-elon-musk-crypto-economist/,Paul Krugman Tesla Bitcoin Elon Musk Crypto Economist,Paul Krugman Tesla Bitcoin Elon Musk Crypto Economist,news,200,Indexable,2242,312,0,0,,,0,0,yes,delete,high,P1,no_signal
https://coincu.com/paul-krugman-says-endless-crypto-winter/,Paul Krugman Says This Is The Endless Crypto Winter,Paul Krugman Says This Is The Endless Crypto Winter,news,200,Indexable,2138,235,0,0,,,0,0,yes,delete,high,P1,no_signal
https://coincu.com/paulys-claims-of-pepe-deception-trigger/,Pauly's Claims of PEPE Deception Trigger Controversy Storm,Pauly’s Claims of PEPE Deception Trigger Controversy Storm,news,200,Indexable,2206,106,0,0,,,0,0,yes,delete,high,P1,no_signal
https://coincu.com/pawfury-and-altcoins-lead-the-way-in-the-crypto-market-ethereum-ripple-polygon-and-dogecoin-shine/,Top Cryptos to Invest in Before Solana ETF Approval,Top Cryptos to Invest in Before Solana ETF Approval,news,200,Indexable,2591,203,0,0,,,0,0,yes,delete,high,P1,no_signal
https://coincu.com/pawfury-paw-and-major-cryptos-surge-amid-market-rally-crypto-insights-trends-2024/,Get Ready for September: Cryptocurrencies Set for Explosive Growth,Get Ready for September: Cryptocurrencies Set for Explosive Growth,news,200,Indexable,2722,266,0,0,,,0,0,yes,delete,high,P1,no_signal
https://coincu.com/pawnfi-protocol-in-loss-of-ape-tokens/,"Pawnfi Protocol Suffers Major Security Breach, Resulting In Loss Of APE Tokens","Pawnfi Protocol Suffers Major Security Breach, Resulting In Loss Of APE Tokens",news,200,Indexable,2165,159,0,0,,,0,0,yes,delete,high,P1,no_signal
https://coincu.com/paxful-ceo-frees-88-frozen-before-resigning/,Paxful CEO Ray Youssef Frees Up 88% Of Frozen Accounts Before Resigning,Paxful CEO Ray Youssef Frees Up 88% Of Frozen Accounts Before Resigning,news,200,Indexable,2227,138,0,0,,,0,0,yes,delete,high,P1,no_signal
https://coincu.com/paxful-co-founders-fight-control-company/,2 Paxful Co-Founders Go To Court To Fight For Control Of The Company,2 Paxful Co-Founders Go To Court To Fight For Control Of The Company,news,200,Indexable,2167,176,0,0,,,0,0,yes,delete,high,P1,no_signal
https://coincu.com/paxful-notify-users-bitcoin-self-escrow/,Paxful Notify Users To Move Bitcoin To Self Escrow,Paxful Notify Users To Move Bitcoin To Self Escrow,news,200,Indexable,1943,155,0,0,,,0,0,yes,delete,high,P1,no_signal
https://coincu.com/paxful-ray-youssef-protect-users-rights/,Paxful CEO Ray Youssef Promises To Use Personal Stocks To Protect Users' Rights,Paxful CEO Ray Youssef Promises To Use Personal Stocks To Protect Users’ Rights,news,200,Indexable,2166,145,0,0,,,0,0,yes,delete,high,P1,no_signal
https://coincu.com/paxful-removes-ethereum/,"Paxful Removes Ethereum From Its Marketplace, Claiming That The Token Abets Scam","Paxful Removes Ethereum From Its Marketplace, Claiming That The Token Abets Scam",news,200,Indexable,2144,104,0,0,,,0,0,yes,delete,high,P1,no_signal
https://coincu.com/paxful-suddenly-out-of-operations/,Largest P2P Exchange Paxful Suddenly Out Of Operations,Largest P2P Exchange Paxful Suddenly Out Of Operations,news,200,Indexable,2181,76,0,0,,,0,0,yes,delete,high,P1,no_signal
https://coincu.com/paxfuls-interim-promises-brighter-future/,Breaking News: Paxful's Interim CEO Promises Brighter Future for Crypto Traders!,Breaking News: Paxful’s Interim CEO Promises Brighter Future for Crypto Traders!,news,200,Indexable,2139,83,0,0,,,0,0,yes,delete,high,P1,no_signal
https://coincu.com/paxos-confirms-binance-usd-of-security/,Paxos Confirms Binance USD Of Security Concerns In Groundbreaking Tests 1,Paxos Confirms Binance USD Of Security Concerns In Groundbreaking Tests,news,200,Indexable,2178,215,0,0,,,0,0,yes,delete,high,P1,no_signal
https://coincu.com/paxos-expansion-to-solana/,Paxos Expansion To Solana Approved By NY Authorities,Paxos Expansion To Solana Approved By NY Authorities,news,200,Indexable,2138,141,0,0,,,0,0,yes,delete,high,P1,no_signal
https://coincu.com/paxos-freezes-19m-in-crypto/,Paxos Freezes $19 Million In Crypto Tied To FTX,Paxos Freezes $19 Million In Crypto Tied To FTX,news,200,Indexable,1945,147,0,0,,,0,0,yes,delete,high,P1,no_signal
https://coincu.com/paxos-innovative-usd-stablecoin-for-singapore/,Paxos Unleashes Innovative USD Stablecoin for Singapore Prosperity,Paxos Unleashes Innovative USD Stablecoin for Singapore Prosperity,news,200,Indexable,2077,207,0,0,,,0,0,yes,delete,high,P1,no_signal
https://coincu.com/paxos-launches-paxos-labs-integration/,Paxos Launches Paxos Labs for On-Chain Financial Integration,Paxos Launches Paxos Labs for On-Chain Financial Integration,news,200,Indexable,2163,88,0,0,,,0,0,yes,delete,high,P1,no_signal
https://coincu.com/paxos-license-from-singapore/,Paxos Will Be Allowed To Offer Blockchain Or Crypto Services In Singapore,Paxos Will Be Allowed To Offer Blockchain Or Crypto Services In Singapore,news,200,Indexable,2038,154,0,0,,,0,0,yes,delete,high,P1,no_signal
https://coincu.com/paxos-mints-300-trillion-in-pyusd-on/,Paxos Mints $300 Trillion in PYUSD on the Ethereum Blockchain,Paxos Mints $300 Trillion in PYUSD on the Ethereum Blockchain,news,200,Indexable,2032,154,0,0,,,0,0,yes,delete,high,P1,no_signal
https://coincu.com/paxos-persuades-makerdao/,Paxos Persuades MakerDAO To Hold $1.5 Billion USDP,Paxos Persuades MakerDAO To Hold $1.5 Billion USDP,news,200,Indexable,2226,150,0,0,,,0,0,yes,delete,high,P1,no_signal
https://coincu.com/paxos-proves-safely-redeems-7-9b-busd/,Paxos Proves Its Worth: Safely Redeems $7.9B BUSD without Market Turbulence,Paxos Proves Its Worth: Safely Redeems $7.9B BUSD without Market Turbulence,news,200,Indexable,2111,168,0,0,,,0,0,yes,delete,high,P1,no_signal
https://coincu.com/paxos-recover-20-million-stolen-in-ftx-hack/,Paxos Recovers $20 Million Stolen In The FTX Hack,Paxos Recovers $20 Million Stolen In The FTX Hack,news,200,Indexable,2099,150,0,0,,,0,0,yes,delete,high,P1,no_signal
https://coincu.com/paxos-stablecoin-payments-platform-launched/,New Paxos Stablecoin Payments Platform Launched to Enhance Crypto Transfer,New Paxos Stablecoin Payments Platform Launched to Enhance Crypto Transfer,news,200,Indexable,2116,140,0,0,,,0,0,yes,delete,high,P1,no_signal
https://coincu.com/paxos-support-binances-auto-conversion-busd/,"Paxos Support Binance's ""Auto-Conversion"" To BUSD Feature",Paxos Support Binance’s “Auto-Conversion” To BUSD Feature,news,200,Indexable,1957,246,0,0,,,0,0,yes,delete,high,P1,no_signal
https://coincu.com/paxos-treasury-destroyed-over-400m-busd/,Paxos Treasury Has Destroyed Over 400 Million BUSD Since Complying With Ban,Paxos Treasury Has Destroyed Over 400 Million BUSD Since Complying With Ban,news,200,Indexable,2055,201,0,0,,,0,0,yes,delete,high,P1,no_signal
https://coincu.com/paxos-usdg-attestation-report-published/,Paxos USDG Attestation Report Published With Over $29M in Collateral,Paxos USDG Attestation Report Published With Over $29M in Collateral,news,200,Indexable,2032,143,0,0,,,0,0,yes,delete,high,P1,no_signal
https://coincu.com/paxos-usdl-stablecoin-offering-5-apy-launched/,Paxos USDL Stablecoin Offering 5% APY Launched,Paxos USDL Stablecoin Offering 5% APY Launched,news,200,Indexable,2155,156,0,0,,,0,0,yes,delete,high,P1,no_signal
https://coincu.com/paxos-usdp-stablecoin-is-now-supported-on-solana/,Paxos USDP Stablecoin Is Now Supported On Solana,Paxos USDP Stablecoin Is Now Supported On Solana,news,200,Indexable,2114,131,0,0,,,0,0,yes,delete,high,P1,no_signal
https://coincu.com/paxos-vault-hack-130-million-busd-stolen/,Paxos Vault Hack: Over $130 Million Worth Of BUSD Stolen,Paxos Vault Hack: Over $130 Million Worth Of BUSD Stolen,news,200,Indexable,2156,241,0,0,,,0,0,yes,delete,high,P1,no_signal
https://coincu.com/paxos-workforce-cut-affects-20/,Paxos Workforce Cut Affects 20% While Company Is in a Strong Financial Position,Paxos Workforce Cut Affects 20% While Company Is in a Strong Financial Position,news,200,Indexable,2128,149,0,0,,,0,0,yes,delete,high,P1,no_signal
https://coincu.com/paxoss-applicationk-expired/,Paxos’s Application For A New Bank Charter Expired On March 31,Paxos’s Application For A New Bank Charter Expired On March 31,news,200,Indexable,2172,97,0,0,,,0,0,yes,delete,high,P1,no_signal
https://coincu.com/paycoin-announces-partnership-with-triplea/,Paycoin Announces Strategic Global Payments Partnership With TripleA,Paycoin Announces Strategic Global Payments Partnership With TripleA,news,200,Indexable,2444,158,0,0,,,0,0,yes,delete,high,P1,no_signal
https://coincu.com/paypal-and-ledger-forge-path/,PayPal And Ledger Forge Path For Mainstream Crypto Adoption With Innovative Partnership,PayPal And Ledger Forge Path For Mainstream Crypto Adoption With Innovative Partnership,news,200,Indexable,2115,326,0,0,,,0,0,yes,delete,high,P1,no_signal
https://coincu.com/paypal-crypto-deposits-hit-record-of-943m/,PayPal Crypto Deposits Hit Record High of $943M Amidst Surge,PayPal Crypto Deposits Hit Record High of $943M Amidst Surge,news,200,Indexable,2328,111,0,0,,,0,0,yes,delete,high,P1,no_signal
https://coincu.com/paypal-crypto-payment-service-supports-us/,PayPal Crypto Payment Service Now Supports US Businesses to Buy Bitcoin,PayPal Crypto Payment Service Now Supports US Businesses to Buy Bitcoin,news,200,Indexable,2161,146,0,0,,,0,0,yes,delete,high,P1,no_signal
https://coincu.com/paypal-cryptocurrency-purchases-enhanced/,PayPal Cryptocurrency Purchases Now Enhanced Supported By MoonPay,PayPal Cryptocurrency Purchases Now Enhanced Supported By MoonPay,news,200,Indexable,2097,105,0,0,,,0,0,yes,delete,high,P1,no_signal
https://coincu.com/paypal-expands-crypto-services-luxembourg/,"PayPal Expands Crypto Buy, Sell And Hold Services To Luxembourg","PayPal Expands Crypto Buy, Sell And Hold Services To Luxembourg",news,200,Indexable,2029,108,0,0,,,0,0,yes,delete,high,P1,no_signal
https://coincu.com/paypal-expands-pyusd-blockchains/,PayPal Expands Stablecoin PYUSD to Seven New Blockchain Networks,PayPal Expands Stablecoin PYUSD to Seven New Blockchain Networks,news,200,Indexable,2212,108,0,0,,,0,0,yes,delete,high,P1,no_signal
https://coincu.com/paypal-expands-pyusd-to-venmo/,PayPal Now Expands PYUSD Stablecoin To Venmo Users,PayPal Now Expands PYUSD Stablecoin To Venmo Users,news,200,Indexable,2109,254,0,0,,,0,0,yes,delete,high,P1,no_signal
https://coincu.com/paypal-expands-pyusd0-to-sei-tron-and/,"PayPal Expands PYUSD0 to Sei, Tron, and More via LayerZero","PayPal Expands PYUSD0 to Sei, Tron, and More via LayerZero",news,200,Indexable,2034,135,0,0,,,0,0,yes,delete,high,P1,no_signal
https://coincu.com/paypal-invests-stable-pyusd-transactions/,PayPal Ventures Invests in Stable for PYUSD Transactions,PayPal Ventures Invests in Stable for PYUSD Transactions,news,200,Indexable,2162,119,0,0,,,0,0,yes,delete,high,P1,no_signal
https://coincu.com/paypal-layoffs-coming-soon/,"PayPal Layoffs Coming Soon With 2,500 Employees Affected","PayPal Layoffs Coming Soon With 2,500 Employees Affected",news,200,Indexable,2110,131,0,0,,,0,0,yes,delete,high,P1,no_signal
https://coincu.com/paypal-partnership-with-anchorage-digital/,Exciting PayPal Partnership with Anchorage Digital Unveils Stablecoin Rewards!,Exciting PayPal Partnership with Anchorage Digital Unveils Stablecoin Rewards!,news,200,Indexable,2109,142,0,0,,,0,0,yes,delete,high,P1,no_signal
https://coincu.com/paypal-pause-crypto-purchases-in-uk/,PayPal Will Pause Crypto Purchases In UK From October 1 Under New Rules,PayPal Will Pause Crypto Purchases In UK From October 1 Under New Rules,news,200,Indexable,2037,146,0,0,,,0,0,yes,delete,high,P1,no_signal
https://coincu.com/paypal-pauses-stablecoin-project/,PayPal Pauses Stablecoin Project Amid Paxos Investigation,PayPal Pauses Stablecoin Project Amid Paxos Investigation,news,200,Indexable,2132,79,0,0,,,0,0,yes,delete,high,P1,no_signal
https://coincu.com/paypal-pyusd-is-now-available-on-moonpay/,PayPal PYUSD Is Now Available On MoonPay In Supported Countries,PayPal PYUSD Is Now Available On MoonPay In Supported Countries,news,200,Indexable,2012,163,0,0,,,0,0,yes,delete,high,P1,no_signal
https://coincu.com/paypal-pyusd-launches-stellar/,PayPal's PYUSD Stablecoin Now Launched on Stellar,PayPal’s PYUSD Stablecoin Now Launched on Stellar,news,200,Indexable,2096,95,0,0,,,0,0,yes,delete,high,P1,no_signal
https://coincu.com/paypal-pyusd-new-stablecoin-u-s-dollar-deposits/,"PayPal Launches PYUSD, A New Stablecoin Backed By U.S. Dollar Deposits: Report","PayPal Launches PYUSD, A New Stablecoin Backed By U.S. Dollar Deposits: Report",news,200,Indexable,2115,262,0,0,,,0,0,yes,delete,high,P1,no_signal
