id,date,slug,status,url,backlink_rows,ref_domains,gsc_clicks,gsc_impressions,decision,reason
255343,2026-05-08T05:05:17,balaji-srinivasan-net-worth,publish,https://coincu.com/balaji-srinivasan-net-worth,0,0,73,644,keep,has_gsc_3m
400798,2026-04-23T07:15:46,what-is-usd-ai-chip,publish,https://coincu.com/what-is-usd-ai-chip,0,0,6,70,keep,has_gsc_3m
399662,2026-04-04T16:46:15,jack-dorsey-block-free-bitcoin-faucet,publish,https://coincu.com/jack-dorsey-block-free-bitcoin-faucet,0,0,8,381,keep,has_gsc_3m
397797,2026-03-13T03:14:14,bitcoin-faces-1250-risk-weight-in-fed-basel-iii-proposal,publish,https://coincu.com/bitcoin-faces-1250-risk-weight-in-fed-basel-iii-proposal,0,0,5,153,keep,has_gsc_3m
397414,2026-03-09T16:38:42,oil-markets-weigh-u-s-export-curbs-as-trump-explores,publish,https://coincu.com/oil-markets-weigh-u-s-export-curbs-as-trump-explores,0,0,4,35,keep,has_gsc_3m
393811,2026-02-09T02:42:03,ai-com-debuts-in-beta-amid-70m-domain-bet-by-kris-marszalek,publish,https://coincu.com/ai-com-debuts-in-beta-amid-70m-domain-bet-by-kris-marszalek,0,0,4,132,keep,has_gsc_3m
393676,2026-02-06T13:14:03,bitcoin-trades-at-korea-discount-as-bithumb-gap-widens,publish,https://coincu.com/bitcoin-trades-at-korea-discount-as-bithumb-gap-widens,0,0,5,818,keep,has_gsc_3m
392752,2026-01-31T07:43:54,cz-unfollows-toly-on-twitter,publish,https://coincu.com/cz-unfollows-toly-on-twitter,0,0,4,1303,keep,has_gsc_3m
392412,2026-01-29T22:45:25,global-gold-demand-record-2025,publish,https://coincu.com/global-gold-demand-record-2025,0,0,3,134,keep,has_gsc_3m
390980,2026-01-25T07:11:55,gamestop-bitcoin-transfer-coinbase-2,publish,https://coincu.com/gamestop-bitcoin-transfer-coinbase-2,0,0,4,71,keep,has_gsc_3m
386113,2025-12-29T03:21:03,hong-kong-basel-crypto-regulations-2026,publish,https://coincu.com/hong-kong-basel-crypto-regulations-2026,23,5,0,0,keep,has_backlink
385872,2025-12-27T12:50:53,flow-investigates-security-incident,publish,https://coincu.com/flow-investigates-security-incident,0,0,8,554,keep,has_gsc_3m
385733,2025-12-26T19:11:50,blackrock-deposits-btc-eth-coinbase,publish,https://coincu.com/blackrock-deposits-btc-eth-coinbase,0,0,12,185,keep,has_gsc_3m
384360,2025-12-19T00:48:19,trump-fed-chair-candidates,publish,https://coincu.com/trump-fed-chair-candidates,20,4,0,0,keep,has_backlink
384337,2025-12-18T21:19:09,us-jobless-claims-below-forecast,publish,https://coincu.com/us-jobless-claims-below-forecast,5,2,0,0,keep,has_backlink
383668,2025-12-15T21:45:53,bitcoin-whale-unrealized-loss,publish,https://coincu.com/bitcoin-whale-unrealized-loss,0,0,10,372,keep,has_gsc_3m
383365,2025-12-14T14:15:59,bitcoin-options-expiry-december-26,publish,https://coincu.com/bitcoin-options-expiry-december-26,0,0,23,346,keep,has_gsc_3m
382955,2025-12-12T09:05:46,jump-crypto-firedancer-solana-launch,publish,https://coincu.com/jump-crypto-firedancer-solana-launch,0,0,5,35,keep,has_gsc_3m
381801,2025-12-06T12:05:10,federal-reserve-rate-cuts-2025-3,publish,https://coincu.com/federal-reserve-rate-cuts-2025-3,21,4,0,0,keep,has_backlink
381053,2025-12-02T08:20:17,boj-policy-shift-market-reaction,publish,https://coincu.com/boj-policy-shift-market-reaction,0,0,3,92,keep,has_gsc_3m
380513,2025-11-29T00:25:44,uk-crypto-exchange-tax-regulation,publish,https://coincu.com/uk-crypto-exchange-tax-regulation,0,0,5,131,keep,has_gsc_3m
378967,2025-11-18T15:03:31,tether-invests-ledn-bitcoin-lending,publish,https://coincu.com/tether-invests-ledn-bitcoin-lending,4,2,0,0,keep,has_backlink
378914,2025-11-18T06:13:03,nvidia-q3-report-ai-markets,publish,https://coincu.com/nvidia-q3-report-ai-markets,5,2,0,0,keep,has_backlink
378891,2025-11-18T02:43:32,grab-straitsx-web3-wallet-launch,publish,https://coincu.com/grab-straitsx-web3-wallet-launch,11,2,0,0,keep,has_backlink
378888,2025-11-18T02:12:58,fidelity-solana-etf-launch-competition,publish,https://coincu.com/fidelity-solana-etf-launch-competition,20,5,0,0,keep,has_backlink
378872,2025-11-17T23:12:38,yala-recovers-post-liquidity-attack,publish,https://coincu.com/yala-recovers-post-liquidity-attack,2,2,0,0,keep,has_backlink
378863,2025-11-17T22:43:13,coinbase-monad-token-sale-launch,publish,https://coincu.com/coinbase-monad-token-sale-launch,2,1,4,147,keep,has_backlink|has_gsc_3m
378851,2025-11-17T20:42:11,vaneck-solana-etf-launch-nasdaq,publish,https://coincu.com/vaneck-solana-etf-launch-nasdaq,4,2,0,0,keep,has_backlink
378848,2025-11-17T20:14:38,filecoin-upgrade-network-utilization-increase,publish,https://coincu.com/filecoin-upgrade-network-utilization-increase,3,2,0,0,keep,has_backlink
378842,2025-11-17T19:14:05,sec-changes-crypto-regulation,publish,https://coincu.com/sec-changes-crypto-regulation,1,1,0,0,keep,has_backlink
378831,2025-11-17T17:44:07,forward-industries-solana-deposit,publish,https://coincu.com/forward-industries-solana-deposit,7,3,0,0,keep,has_backlink
378824,2025-11-17T17:13:55,trump-us-global-crypto-tax-framework,publish,https://coincu.com/trump-us-global-crypto-tax-framework,1,1,0,0,keep,has_backlink
378790,2025-11-17T15:13:07,federal-reserve-jefferson-cautious-approach,publish,https://coincu.com/federal-reserve-jefferson-cautious-approach,2,1,0,0,keep,has_backlink
378781,2025-11-17T14:34:47,coinfello-the-first-self-sovereign-ai-agent-for-using-and-automating-any-smart-contract,publish,https://coincu.com/coinfello-the-first-self-sovereign-ai-agent-for-using-and-automating-any-smart-contract,2,2,0,0,keep,has_backlink
378778,2025-11-17T14:12:51,sgx-launch-bitcoin-ethereum-futures,publish,https://coincu.com/sgx-launch-bitcoin-ethereum-futures,3,1,0,0,keep,has_backlink
378766,2025-11-17T13:12:42,aave-labs-defi-app-launch,publish,https://coincu.com/aave-labs-defi-app-launch,3,1,0,0,keep,has_backlink
378748,2025-11-17T12:50:18,dogecoin-hints-breakout-target-above-5,publish,https://coincu.com/dogecoin-hints-breakout-target-above-5,3,2,0,0,keep,has_backlink
378754,2025-11-17T12:41:41,hong-kong-sfc-aml-measures,publish,https://coincu.com/hong-kong-sfc-aml-measures,4,1,0,0,keep,has_backlink
378747,2025-11-17T12:12:11,aqua-protocol-defi-liquidity,publish,https://coincu.com/aqua-protocol-defi-liquidity,1,1,0,0,keep,has_backlink
378744,2025-11-17T11:42:25,trump-resort-maldives-tokenize,publish,https://coincu.com/trump-resort-maldives-tokenize,4,1,0,0,keep,has_backlink
378742,2025-11-17T11:40:50,tokenized-luxury-resort-maldives,publish,https://coincu.com/tokenized-luxury-resort-maldives,2,1,0,0,keep,has_backlink
378739,2025-11-17T11:11:37,fed-discussion-impact-crypto-market,publish,https://coincu.com/fed-discussion-impact-crypto-market,6,2,0,0,keep,has_backlink
378732,2025-11-17T10:56:41,blockchain-for-good-alliance-bga-recognized-groundbreaking-blockchain-projects-advancing-the-sdgs-at-2025-forum,publish,https://coincu.com/blockchain-for-good-alliance-bga-recognized-groundbreaking-blockchain-projects-advancing-the-sdgs-at-2025-forum,4,1,0,0,keep,has_backlink
378718,2025-11-17T10:32:53,future-with-u-phemex-celebrates-its-6th-anniversary-with-66-user-growth-and-shared-vision,publish,https://coincu.com/future-with-u-phemex-celebrates-its-6th-anniversary-with-66-user-growth-and-shared-vision,1,1,0,0,keep,has_backlink
378710,2025-11-17T09:53:34,aster-launches-stage-4-airdrop-and-10m-trading-competition-to-accelerate-ecosystem-growth,publish,https://coincu.com/aster-launches-stage-4-airdrop-and-10m-trading-competition-to-accelerate-ecosystem-growth,1,1,0,0,keep,has_backlink
378700,2025-11-17T09:30:59,bydfi-joins-cccc-lisbon-2025-as-sponsor-empowering-creators-and-web3-education,publish,https://coincu.com/bydfi-joins-cccc-lisbon-2025-as-sponsor-empowering-creators-and-web3-education,2,1,0,0,keep,has_backlink
378697,2025-11-17T09:13:41,belarus-bitcoin-mining-economic-shift,publish,https://coincu.com/belarus-bitcoin-mining-economic-shift,8,1,0,0,keep,has_backlink
378691,2025-11-17T08:12:10,morgan-stanley-sp500-forecast-2026,publish,https://coincu.com/morgan-stanley-sp500-forecast-2026,16,2,0,0,keep,has_backlink
378680,2025-11-17T08:10:31,eth-holds-3-2k-can-bulls-break,publish,https://coincu.com/eth-holds-3-2k-can-bulls-break,15,2,0,0,keep,has_backlink
378669,2025-11-17T05:42:13,federal-reserve-october-minutes,publish,https://coincu.com/federal-reserve-october-minutes,16,2,0,0,keep,has_backlink
378662,2025-11-17T04:11:39,peter-thiel-divests-nvidia-stake,publish,https://coincu.com/peter-thiel-divests-nvidia-stake,8,1,0,0,keep,has_backlink
378659,2025-11-17T03:41:38,schiff-saylor-mstr-debate-dubai,publish,https://coincu.com/schiff-saylor-mstr-debate-dubai,8,1,0,0,keep,has_backlink
378646,2025-11-17T02:12:08,fed-2026-voting-member-rotation,publish,https://coincu.com/fed-2026-voting-member-rotation,13,1,0,0,keep,has_backlink
378637,2025-11-17T00:41:35,trump-tariff-dividend-announcement-2026,publish,https://coincu.com/trump-tariff-dividend-announcement-2026,18,2,0,0,keep,has_backlink
378634,2025-11-17T00:11:00,fed-debate-december-rate-cuts,publish,https://coincu.com/fed-debate-december-rate-cuts,9,2,0,0,keep,has_backlink
378628,2025-11-16T23:11:26,binance-alpha-dgram-listing-event,publish,https://coincu.com/binance-alpha-dgram-listing-event,6,1,0,0,keep,has_backlink
378625,2025-11-16T22:41:45,altcoin-index-rise-bitcoin-performance,publish,https://coincu.com/altcoin-index-rise-bitcoin-performance,7,2,0,0,keep,has_backlink
378622,2025-11-16T22:10:48,qian-zhimin-bitcoin-strategy-reveal,publish,https://coincu.com/qian-zhimin-bitcoin-strategy-reveal,12,2,0,0,keep,has_backlink
378619,2025-11-16T21:41:48,nic-carter-crypto-market-warning,publish,https://coincu.com/nic-carter-crypto-market-warning,7,1,0,0,keep,has_backlink
378616,2025-11-16T21:10:57,vida-bitcoin-meme-coin-investments,publish,https://coincu.com/vida-bitcoin-meme-coin-investments,12,2,0,0,keep,has_backlink
378611,2025-11-16T19:40:28,saylor-bitcoin-accumulation-response,publish,https://coincu.com/saylor-bitcoin-accumulation-response,6,1,0,0,keep,has_backlink
378605,2025-11-16T18:41:12,doj-forfeiture-usdt-north-korea,publish,https://coincu.com/doj-forfeiture-usdt-north-korea,1,1,0,0,keep,has_backlink
378602,2025-11-16T18:11:45,solana-treasury-etf-3-44-billion,publish,https://coincu.com/solana-treasury-etf-3-44-billion,4,1,0,0,keep,has_backlink
378599,2025-11-16T17:41:12,sol-spot-etf-inflows,publish,https://coincu.com/sol-spot-etf-inflows,7,2,0,0,keep,has_backlink
378596,2025-11-16T17:12:30,solana-leads-dex-tvl-decrease,publish,https://coincu.com/solana-leads-dex-tvl-decrease,5,1,0,0,keep,has_backlink
378593,2025-11-16T16:41:12,arthur-hayes-zec-meme-contest,publish,https://coincu.com/arthur-hayes-zec-meme-contest,1,1,0,0,keep,has_backlink
378590,2025-11-16T16:11:14,bitmine-acquires-480-million-ethereum,publish,https://coincu.com/bitmine-acquires-480-million-ethereum,2,1,0,0,keep,has_backlink
378582,2025-11-16T15:43:19,how-to-earn-free-crypto-in-2025-5-legit-bitcoin-cloud-mining-apps-with-daily-payouts,publish,https://coincu.com/how-to-earn-free-crypto-in-2025-5-legit-bitcoin-cloud-mining-apps-with-daily-payouts,1,1,0,0,keep,has_backlink
378575,2025-11-16T15:11:55,21shares-new-crypto-index-etfs,publish,https://coincu.com/21shares-new-crypto-index-etfs,8,2,0,0,keep,has_backlink
378570,2025-11-16T14:41:03,michael-saylor-bullish-bitcoin,publish,https://coincu.com/michael-saylor-bullish-bitcoin,6,2,0,0,keep,has_backlink
378560,2025-11-16T13:41:20,university-cryptocurrency-investment-sec-filings,publish,https://coincu.com/university-cryptocurrency-investment-sec-filings,2,2,0,0,keep,has_backlink
378554,2025-11-16T12:42:01,fed-rate-decisions-crypto-impact,publish,https://coincu.com/fed-rate-decisions-crypto-impact,11,3,0,0,keep,has_backlink
378551,2025-11-16T12:11:19,qian-zhimin-bitcoin-fraud-exposed,publish,https://coincu.com/qian-zhimin-bitcoin-fraud-exposed,11,2,0,0,keep,has_backlink
378545,2025-11-16T11:11:08,bitmine-warns-of-market-volatility,publish,https://coincu.com/bitmine-warns-of-market-volatility,24,3,0,0,keep,has_backlink
378537,2025-11-16T11:09:17,btc-eyes-96-8k-breakout-or-bull-trap,publish,https://coincu.com/btc-eyes-96-8k-breakout-or-bull-trap,25,4,0,0,keep,has_backlink
378536,2025-11-16T10:40:36,wall-street-fed-talks-market,publish,https://coincu.com/wall-street-fed-talks-market,23,2,0,0,keep,has_backlink
378526,2025-11-16T09:47:12,will-eth-hit-3800-or-crash-below-3k,publish,https://coincu.com/will-eth-hit-3800-or-crash-below-3k,12,3,0,0,keep,has_backlink
378525,2025-11-16T09:40:31,strategy-bitcoin-acquisition-market,publish,https://coincu.com/strategy-bitcoin-acquisition-market,12,3,0,0,keep,has_backlink
378514,2025-11-16T08:56:47,whales-just-sold-200m-xrp,publish,https://coincu.com/whales-just-sold-200m-xrp,14,4,0,0,keep,has_backlink
378513,2025-11-16T08:41:12,bitcoin-market-shifts-post-etf-launch,publish,https://coincu.com/bitcoin-market-shifts-post-etf-launch,18,3,0,0,keep,has_backlink
378506,2025-11-16T08:25:04,sol-surge-to-148-could-trigger-mass,publish,https://coincu.com/sol-surge-to-148-could-trigger-mass,24,3,0,0,keep,has_backlink
378505,2025-11-16T08:11:12,global-etf-issuance-2025-record,publish,https://coincu.com/global-etf-issuance-2025-record,18,2,0,0,keep,has_backlink
378502,2025-11-16T07:41:02,crypto-founder-vida-btc-holdings,publish,https://coincu.com/crypto-founder-vida-btc-holdings,16,3,0,0,keep,has_backlink
378498,2025-11-16T06:41:12,trump-bond-investments-crypto-impact,publish,https://coincu.com/trump-bond-investments-crypto-impact,23,3,0,0,keep,has_backlink
378495,2025-11-16T06:12:03,yala-addresses-liquidity-crisis,publish,https://coincu.com/yala-addresses-liquidity-crisis,17,2,0,0,keep,has_backlink
378492,2025-11-16T05:41:05,bitcoin-social-dominance-surges-price-dip,publish,https://coincu.com/bitcoin-social-dominance-surges-price-dip,15,3,0,0,keep,has_backlink
378486,2025-11-16T04:41:09,bitcoin-altcoin-profitability-divergence,publish,https://coincu.com/bitcoin-altcoin-profitability-divergence,11,3,0,0,keep,has_backlink
378483,2025-11-16T04:11:20,bitmine-increases-ethereum-holdings,publish,https://coincu.com/bitmine-increases-ethereum-holdings,34,3,0,0,keep,has_backlink
378477,2025-11-16T03:10:57,trump-economic-approval-drops-impact-crypto,publish,https://coincu.com/trump-economic-approval-drops-impact-crypto,38,2,0,0,keep,has_backlink
378474,2025-11-16T02:42:33,balancer-eth-launder-tornado-cash,publish,https://coincu.com/balancer-eth-launder-tornado-cash,27,4,0,0,keep,has_backlink
378467,2025-11-16T02:21:55,how-high-can-little-pepe-lilpepe-go-analysis-explains-path-to-2-billion-market-cap-by-2026,publish,https://coincu.com/how-high-can-little-pepe-lilpepe-go-analysis-explains-path-to-2-billion-market-cap-by-2026,1,1,0,0,keep,has_backlink
378466,2025-11-16T02:10:50,xrp-spot-etf-nasdaq-launch-2,publish,https://coincu.com/xrp-spot-etf-nasdaq-launch-2,29,4,0,0,keep,has_backlink
378462,2025-11-16T01:11:16,us-universities-bitcoin-etf-holdings,publish,https://coincu.com/us-universities-bitcoin-etf-holdings,27,3,0,0,keep,has_backlink
378459,2025-11-16T00:42:07,fed-rate-decision-crypto-impact-8,publish,https://coincu.com/fed-rate-decision-crypto-impact-8,34,2,0,0,keep,has_backlink
378456,2025-11-16T00:11:11,bitmine-ceo-appointment-ethereum-focus,publish,https://coincu.com/bitmine-ceo-appointment-ethereum-focus,30,3,0,0,keep,has_backlink
378453,2025-11-15T23:42:09,mizuho-cuts-circle-stock-target,publish,https://coincu.com/mizuho-cuts-circle-stock-target,35,2,0,0,keep,has_backlink
378450,2025-11-15T23:11:19,tether-investment-neura-robotics,publish,https://coincu.com/tether-investment-neura-robotics,24,2,0,0,keep,has_backlink
378444,2025-11-15T22:11:09,mizuho-downgrades-circle-stock-usdc,publish,https://coincu.com/mizuho-downgrades-circle-stock-usdc,29,2,0,0,keep,has_backlink
378441,2025-11-15T21:40:48,tether-invests-neura-robotics,publish,https://coincu.com/tether-invests-neura-robotics,14,5,0,0,keep,has_backlink
378433,2025-11-15T21:27:12,aave-price-looks-set-to-surge-toward-125,publish,https://coincu.com/aave-price-looks-set-to-surge-toward-125,18,3,0,0,keep,has_backlink
378432,2025-11-15T21:10:53,bitmine-appoints-new-ceo-tsang,publish,https://coincu.com/bitmine-appoints-new-ceo-tsang,6,2,0,0,keep,has_backlink
378429,2025-11-15T20:43:14,former-cfo-crypto-fraud-case,publish,https://coincu.com/former-cfo-crypto-fraud-case,2,1,0,0,keep,has_backlink
378375,2025-11-15T20:00:00,top-5-next-100x-crypto-projects-drawing-whale-level-interest-in-2025,publish,https://coincu.com/top-5-next-100x-crypto-projects-drawing-whale-level-interest-in-2025,1,1,0,0,keep,has_backlink
378423,2025-11-15T19:41:47,us-stocks-crypto-impact-nov-14,publish,https://coincu.com/us-stocks-crypto-impact-nov-14,15,2,0,0,keep,has_backlink
378420,2025-11-15T19:11:06,bitmine-chi-tsang-ceo-appointment,publish,https://coincu.com/bitmine-chi-tsang-ceo-appointment,5,2,0,0,keep,has_backlink
378417,2025-11-15T18:41:55,jd-vance-2028-presidential-interest,publish,https://coincu.com/jd-vance-2028-presidential-interest,6,1,0,0,keep,has_backlink
378414,2025-11-15T18:12:48,kraken-lists-olaxbt-aio-trading,publish,https://coincu.com/kraken-lists-olaxbt-aio-trading,5,1,0,0,keep,has_backlink
378405,2025-11-15T17:40:46,tether-neura-robotics-investment,publish,https://coincu.com/tether-neura-robotics-investment,8,2,0,0,keep,has_backlink
378402,2025-11-15T17:10:41,strategy-inc-bitcoin-buying,publish,https://coincu.com/strategy-inc-bitcoin-buying,12,3,0,0,keep,has_backlink
378396,2025-11-15T17:00:11,founders-fund-reduces-stake-in-bitmine,publish,https://coincu.com/founders-fund-reduces-stake-in-bitmine,5,1,0,0,keep,has_backlink
378395,2025-11-15T16:41:09,fed-rate-decision-crypto-impact-6,publish,https://coincu.com/fed-rate-decision-crypto-impact-6,12,3,0,0,keep,has_backlink
378392,2025-11-15T16:12:12,bridgewater-reduces-nvidia-holdings-caution,publish,https://coincu.com/bridgewater-reduces-nvidia-holdings-caution,19,2,0,0,keep,has_backlink
378389,2025-11-15T15:42:51,fed-resignation-reports-clarified,publish,https://coincu.com/fed-resignation-reports-clarified,3,2,0,0,keep,has_backlink
378386,2025-11-15T15:10:27,kugler-resignation-financial-disclosures,publish,https://coincu.com/kugler-resignation-financial-disclosures,4,1,0,0,keep,has_backlink
378373,2025-11-15T13:40:52,scaramucci-leads-bitcoin-investment-trump,publish,https://coincu.com/scaramucci-leads-bitcoin-investment-trump,12,2,0,0,keep,has_backlink
378367,2025-11-15T13:11:02,scaramucci-bitcoin-mining-investment,publish,https://coincu.com/scaramucci-bitcoin-mining-investment,1,1,0,0,keep,has_backlink
378361,2025-11-15T12:41:09,tether-expands-commodity-lending,publish,https://coincu.com/tether-expands-commodity-lending,6,2,0,0,keep,has_backlink
378355,2025-11-15T11:41:03,trump-bbc-lawsuit-claims,publish,https://coincu.com/trump-bbc-lawsuit-claims,8,2,0,0,keep,has_backlink
378352,2025-11-15T11:11:06,okx-ceo-10-btc-bounty,publish,https://coincu.com/okx-ceo-10-btc-bounty,7,3,0,0,keep,has_backlink
378344,2025-11-15T11:07:29,sui-may-reach-20-with-860-rally,publish,https://coincu.com/sui-may-reach-20-with-860-rally,8,3,0,0,keep,has_backlink
378343,2025-11-15T10:41:16,oklahoma-crypto-fraud-sentencing,publish,https://coincu.com/oklahoma-crypto-fraud-sentencing,3,2,0,0,keep,has_backlink
378337,2025-11-15T09:41:06,strategy-daily-bitcoin-acquisition-rumors,publish,https://coincu.com/strategy-daily-bitcoin-acquisition-rumors,8,3,0,0,keep,has_backlink
378334,2025-11-15T09:12:02,avenir-bitcoin-etf-holdings-increase,publish,https://coincu.com/avenir-bitcoin-etf-holdings-increase,9,3,0,0,keep,has_backlink
378331,2025-11-15T08:40:44,microstrategy-new-bitcoin-purchase-announcement,publish,https://coincu.com/microstrategy-new-bitcoin-purchase-announcement,9,3,0,0,keep,has_backlink
378328,2025-11-15T08:11:11,binance-elizaos-airdrop-alpha-points,publish,https://coincu.com/binance-elizaos-airdrop-alpha-points,4,3,0,0,keep,has_backlink
378325,2025-11-15T07:40:55,bitcoin-bottom-consensus-warning,publish,https://coincu.com/bitcoin-bottom-consensus-warning,9,3,0,0,keep,has_backlink
378322,2025-11-15T07:11:05,strategy-bitcoin-wallet-transfer,publish,https://coincu.com/strategy-bitcoin-wallet-transfer,12,3,0,0,keep,has_backlink
378313,2025-11-15T06:33:00,btc-faces-233m-liquidation-threat,publish,https://coincu.com/btc-faces-233m-liquidation-threat,12,3,0,0,keep,has_backlink
378312,2025-11-15T06:12:29,harvard-bitcoin-etf-holdings-increase-2025,publish,https://coincu.com/harvard-bitcoin-etf-holdings-increase-2025,4,2,0,0,keep,has_backlink
378306,2025-11-15T05:42:06,balancer-hackers-eth-tornado-cash,publish,https://coincu.com/balancer-hackers-eth-tornado-cash,15,6,0,0,keep,has_backlink
378300,2025-11-15T04:41:15,santiment-warns-market-bottoms,publish,https://coincu.com/santiment-warns-market-bottoms,11,3,0,0,keep,has_backlink
378297,2025-11-15T04:13:06,bridgewater-reduces-nvidia-holdings,publish,https://coincu.com/bridgewater-reduces-nvidia-holdings,17,3,0,0,keep,has_backlink
378294,2025-11-15T03:41:57,canary-xrp-etf-nasdaq-debut,publish,https://coincu.com/canary-xrp-etf-nasdaq-debut,12,3,0,0,keep,has_backlink
378291,2025-11-15T03:11:29,tether-expands-trade-finance,publish,https://coincu.com/tether-expands-trade-finance,15,4,0,0,keep,has_backlink
378198,2025-11-15T03:00:00,bnb-and-zcash-traders-rush-into-zero-knowledge-proof-while-the-whitelist-reaches-its-final-open-slots,publish,https://coincu.com/bnb-and-zcash-traders-rush-into-zero-knowledge-proof-while-the-whitelist-reaches-its-final-open-slots,3,1,0,0,keep,has_backlink
378285,2025-11-15T02:14:55,harvard-expands-bitcoin-gold-investments,publish,https://coincu.com/harvard-expands-bitcoin-gold-investments,11,3,0,0,keep,has_backlink
378278,2025-11-15T02:06:14,5-best-tokens-to-accumulate-cheap-as-the-meme-coin-market-tanks-6-in-a-week,publish,https://coincu.com/5-best-tokens-to-accumulate-cheap-as-the-meme-coin-market-tanks-6-in-a-week,2,1,0,0,keep,has_backlink
378277,2025-11-15T01:41:41,multicoin-capital-invests-ethena-token-ena,publish,https://coincu.com/multicoin-capital-invests-ethena-token-ena,16,3,0,0,keep,has_backlink
378274,2025-11-15T01:12:28,harvard-increases-bitcoin-etf-holdings,publish,https://coincu.com/harvard-increases-bitcoin-etf-holdings,12,5,0,0,keep,has_backlink
378271,2025-11-15T00:41:55,us-seizes-15m-usdt-north-korean,publish,https://coincu.com/us-seizes-15m-usdt-north-korean,9,3,0,0,keep,has_backlink
378268,2025-11-15T00:12:09,liquid-capital-bottom-fishing-strategy,publish,https://coincu.com/liquid-capital-bottom-fishing-strategy,25,2,0,0,keep,has_backlink
378265,2025-11-14T23:40:52,eric-trump-bitcoin-strongest-asset,publish,https://coincu.com/eric-trump-bitcoin-strongest-asset,5,3,0,0,keep,has_backlink
378262,2025-11-14T23:12:43,cryptoquant-bitcoin-support-levels,publish,https://coincu.com/cryptoquant-bitcoin-support-levels,22,3,0,0,keep,has_backlink
378259,2025-11-14T22:41:21,european-us-markets-plummet-rate-concerns,publish,https://coincu.com/european-us-markets-plummet-rate-concerns,12,4,0,0,keep,has_backlink
378256,2025-11-14T22:11:44,jd-vance-accuses-schumer-shutdown,publish,https://coincu.com/jd-vance-accuses-schumer-shutdown,9,2,0,0,keep,has_backlink
378253,2025-11-14T21:40:57,microstrategy-bitcoin-purchase-2023,publish,https://coincu.com/microstrategy-bitcoin-purchase-2023,14,2,0,0,keep,has_backlink
378250,2025-11-14T21:10:47,michael-saylor-bitcoin-transfer,publish,https://coincu.com/michael-saylor-bitcoin-transfer,3,2,0,0,keep,has_backlink
378196,2025-11-14T21:00:00,zero-knowledge-proof-zkp-could-be-the-next-1000x-crypto-built-in-protest-designed-in-proof,publish,https://coincu.com/zero-knowledge-proof-zkp-could-be-the-next-1000x-crypto-built-in-protest-designed-in-proof,3,1,0,0,keep,has_backlink
378247,2025-11-14T20:42:59,usdc-treasury-250-million-solana-2,publish,https://coincu.com/usdc-treasury-250-million-solana-2,10,5,0,0,keep,has_backlink
378244,2025-11-14T20:11:30,whale-eth-withdrawal-binance-impact,publish,https://coincu.com/whale-eth-withdrawal-binance-impact,7,3,0,0,keep,has_backlink
378237,2025-11-14T19:49:42,sol-stalls-below-148-11breakout,publish,https://coincu.com/sol-stalls-below-148-11breakout,5,2,0,0,keep,has_backlink
378236,2025-11-14T19:42:37,hippo-meme-coin-flash-crash,publish,https://coincu.com/hippo-meme-coin-flash-crash,16,4,0,0,keep,has_backlink
378222,2025-11-14T18:42:31,sec-expedites-crypto-etf-review,publish,https://coincu.com/sec-expedites-crypto-etf-review,4,2,0,0,keep,has_backlink
378216,2025-11-14T18:16:02,crypto-etfs-back-on-track-sec-clears,publish,https://coincu.com/crypto-etfs-back-on-track-sec-clears,2,2,0,0,keep,has_backlink
378175,2025-11-14T18:00:00,top-7-crypto-opportunities-in-q4-blockchainfx-leads-as-the-best-altcoin-to-buy-now-with-a-50-bonus,publish,https://coincu.com/top-7-crypto-opportunities-in-q4-blockchainfx-leads-as-the-best-altcoin-to-buy-now-with-a-50-bonus,2,2,0,0,keep,has_backlink
378215,2025-11-14T17:41:44,vance-criticizes-schumer-shutdown,publish,https://coincu.com/vance-criticizes-schumer-shutdown,2,1,0,0,keep,has_backlink
378212,2025-11-14T17:13:00,bitcoin-mini-bear-market-matrixport-report,publish,https://coincu.com/bitcoin-mini-bear-market-matrixport-report,3,2,0,0,keep,has_backlink
378174,2025-11-14T17:00:00,zero-knowledge-proof-zkp-the-100m-privacy-network-leading-as-the-best-crypto-to-invest-in-2025,publish,https://coincu.com/zero-knowledge-proof-zkp-the-100m-privacy-network-leading-as-the-best-crypto-to-invest-in-2025,3,1,0,0,keep,has_backlink
378209,2025-11-14T16:42:41,bitcoin-mini-bear-market-matrixport,publish,https://coincu.com/bitcoin-mini-bear-market-matrixport,7,3,0,0,keep,has_backlink
378206,2025-11-14T16:13:07,tech-sell-off-rate-uncertainty,publish,https://coincu.com/tech-sell-off-rate-uncertainty,3,2,0,0,keep,has_backlink
378194,2025-11-14T15:41:23,fed-schmid-inflation-rate-cuts,publish,https://coincu.com/fed-schmid-inflation-rate-cuts,5,2,0,0,keep,has_backlink
378191,2025-11-14T15:12:14,travis-ford-crypto-fraud-sentence,publish,https://coincu.com/travis-ford-crypto-fraud-sentence,3,3,0,0,keep,has_backlink
378187,2025-11-14T15:11:40,coinbase-ventures-backed-supra-offers-1m-bounty-to-beat-its-parallel-evm-execution-engine,publish,https://coincu.com/coinbase-ventures-backed-supra-offers-1m-bounty-to-beat-its-parallel-evm-execution-engine,2,2,0,0,keep,has_backlink
378184,2025-11-14T14:41:08,microstrategy-bitcoin-purchase-announcement,publish,https://coincu.com/microstrategy-bitcoin-purchase-announcement,2,2,0,0,keep,has_backlink
378163,2025-11-14T13:50:52,czech-invests-in-bitcoin-decentralized,publish,https://coincu.com/czech-invests-in-bitcoin-decentralized,9,2,0,0,keep,has_backlink
378166,2025-11-14T13:40:42,gold-futures-drop-november-volatility,publish,https://coincu.com/gold-futures-drop-november-volatility,5,5,0,0,keep,has_backlink
378162,2025-11-14T13:11:13,labor-market-data-delays,publish,https://coincu.com/labor-market-data-delays,2,2,0,0,keep,has_backlink
378155,2025-11-14T13:00:00,uniswap-uni-rally-news-massive-burn-proposal-ignites-the-market,publish,https://coincu.com/uniswap-uni-rally-news-massive-burn-proposal-ignites-the-market,3,1,0,0,keep,has_backlink
378159,2025-11-14T12:42:18,american-bitcoin-revenue-surge-q3,publish,https://coincu.com/american-bitcoin-revenue-surge-q3,2,2,0,0,keep,has_backlink
378149,2025-11-14T12:01:36,bengaluru-gears-up-for-ibw2025-indias-biggest-web3-conference,publish,https://coincu.com/bengaluru-gears-up-for-ibw2025-indias-biggest-web3-conference,3,2,0,0,keep,has_backlink
378146,2025-11-14T11:11:38,dragonfly-crypto-bear-market-2025,publish,https://coincu.com/dragonfly-crypto-bear-market-2025,5,3,0,0,keep,has_backlink
378131,2025-11-14T11:00:00,zkp-unveils-20m-four-layer-infrastructure-best-presale-crypto-for-ai-powered-blockchains,publish,https://coincu.com/zkp-unveils-20m-four-layer-infrastructure-best-presale-crypto-for-ai-powered-blockchains,2,1,0,0,keep,has_backlink
378126,2025-11-14T10:45:18,dogecoin-triangle-could-1-2-be-on-horizon,publish,https://coincu.com/dogecoin-triangle-could-1-2-be-on-horizon,6,3,0,0,keep,has_backlink
378141,2025-11-14T10:43:14,perp-dexs-trading-volume-surge,publish,https://coincu.com/perp-dexs-trading-volume-surge,4,2,0,0,keep,has_backlink
378136,2025-11-14T10:11:20,alibaba-jpmorgan-ai-payment-solution,publish,https://coincu.com/alibaba-jpmorgan-ai-payment-solution,6,3,0,0,keep,has_backlink
378109,2025-11-14T10:00:00,bingx-unveils-listing-fasttrack-for-swift-and-transparent-token-onboarding,publish,https://coincu.com/bingx-unveils-listing-fasttrack-for-swift-and-transparent-token-onboarding,6,2,0,0,keep,has_backlink
378125,2025-11-14T09:40:38,guggenheim-walsh-rate-cut-december,publish,https://coincu.com/guggenheim-walsh-rate-cut-december,8,4,0,0,keep,has_backlink
378122,2025-11-14T09:11:35,bitcoin-trend-market-concerns,publish,https://coincu.com/bitcoin-trend-market-concerns,4,3,0,0,keep,has_backlink
378119,2025-11-14T08:40:55,bitcoin-market-uncertainty-analysis,publish,https://coincu.com/bitcoin-market-uncertainty-analysis,6,3,0,0,keep,has_backlink
378107,2025-11-14T07:41:13,matrixport-bitcoin-mini-bear-market,publish,https://coincu.com/matrixport-bitcoin-mini-bear-market,7,3,0,0,keep,has_backlink
378097,2025-11-14T06:11:45,trump-fed-chair-choices-contradiction,publish,https://coincu.com/trump-fed-chair-choices-contradiction,9,4,0,0,keep,has_backlink
378094,2025-11-14T05:43:17,btx-capital-cryptocurrency-manipulation,publish,https://coincu.com/btx-capital-cryptocurrency-manipulation,1,1,0,0,keep,has_backlink
378091,2025-11-14T05:13:09,chris-burniske-calls-strategy-shift,publish,https://coincu.com/chris-burniske-calls-strategy-shift,11,4,0,0,keep,has_backlink
378088,2025-11-14T04:40:49,us-economic-data-blackout,publish,https://coincu.com/us-economic-data-blackout,14,3,0,0,keep,has_backlink
378085,2025-11-14T04:13:19,alliance-dao-co-founder-caution-crypto,publish,https://coincu.com/alliance-dao-co-founder-caution-crypto,12,2,0,0,keep,has_backlink
378082,2025-11-14T03:41:22,alliance-dao-ai-crypto-market-risks,publish,https://coincu.com/alliance-dao-ai-crypto-market-risks,7,1,0,0,keep,has_backlink
378079,2025-11-14T03:11:16,bitfarms-ceases-bitcoin-mining-for-ai,publish,https://coincu.com/bitfarms-ceases-bitcoin-mining-for-ai,6,1,0,0,keep,has_backlink
378073,2025-11-14T02:51:59,bestchange-releases-version-3-0-a-new-design-smarter-tools-and-the-same-trusted-reliability,publish,https://coincu.com/bestchange-releases-version-3-0-a-new-design-smarter-tools-and-the-same-trusted-reliability,3,1,0,0,keep,has_backlink
378069,2025-11-14T02:41:28,grayscale-investments-files-ipo-sec,publish,https://coincu.com/grayscale-investments-files-ipo-sec,12,3,0,0,keep,has_backlink
378066,2025-11-14T02:12:23,bitcoin-bearish-skew-nasdaq-correlation,publish,https://coincu.com/bitcoin-bearish-skew-nasdaq-correlation,13,3,0,0,keep,has_backlink
378063,2025-11-14T01:41:37,fed-signals-less-likely-rate-cuts,publish,https://coincu.com/fed-signals-less-likely-rate-cuts,10,2,0,0,keep,has_backlink
378060,2025-11-14T01:12:26,fasb-discusses-crypto-transfer-rules,publish,https://coincu.com/fasb-discusses-crypto-transfer-rules,13,4,0,0,keep,has_backlink
378057,2025-11-14T00:42:05,czech-central-bank-digital-asset-trial,publish,https://coincu.com/czech-central-bank-digital-asset-trial,4,3,0,0,keep,has_backlink
378054,2025-11-14T00:12:10,minneapolis-kashkari-october-rate-cut,publish,https://coincu.com/minneapolis-kashkari-october-rate-cut,5,3,0,0,keep,has_backlink
378048,2025-11-13T23:11:22,fdic-tokenized-deposit-insurance-guidelines,publish,https://coincu.com/fdic-tokenized-deposit-insurance-guidelines,8,4,0,0,keep,has_backlink
378045,2025-11-13T22:41:25,self-9-million-seed-funding,publish,https://coincu.com/self-9-million-seed-funding,3,3,0,0,keep,has_backlink
378042,2025-11-13T22:13:00,dexe-trading-aster-platform-launch,publish,https://coincu.com/dexe-trading-aster-platform-launch,19,8,0,0,keep,has_backlink
377955,2025-11-13T22:00:00,cardano-shiba-inu-vs-zero-knowledge-proof-zkp-which-top-crypto-asset-has-real-utility,publish,https://coincu.com/cardano-shiba-inu-vs-zero-knowledge-proof-zkp-which-top-crypto-asset-has-real-utility,1,1,0,0,keep,has_backlink
378039,2025-11-13T21:43:05,uniswap-cca-protocol-launch,publish,https://coincu.com/uniswap-cca-protocol-launch,9,4,0,0,keep,has_backlink
378036,2025-11-13T21:10:45,nvidia-stock-decline-tech-market-volatility,publish,https://coincu.com/nvidia-stock-decline-tech-market-volatility,13,2,0,0,keep,has_backlink
378022,2025-11-13T20:17:00,xrp-repeating-pattern-surge-bullish-target-above-10,publish,https://coincu.com/xrp-repeating-pattern-surge-bullish-target-above-10,2,1,0,0,keep,has_backlink
378027,2025-11-13T20:12:53,uniswap-record-trading-volume-october-2025,publish,https://coincu.com/uniswap-record-trading-volume-october-2025,4,3,0,0,keep,has_backlink
378021,2025-11-13T19:40:52,bitcoin-holders-sell-off-100k,publish,https://coincu.com/bitcoin-holders-sell-off-100k,2,1,0,0,keep,has_backlink
378018,2025-11-13T19:13:46,first-us-xrp-etf-launch,publish,https://coincu.com/first-us-xrp-etf-launch,6,4,0,0,keep,has_backlink
378015,2025-11-13T18:41:36,fed-balance-sheet-expansion-2025,publish,https://coincu.com/fed-balance-sheet-expansion-2025,3,2,0,0,keep,has_backlink
378011,2025-11-13T18:10:52,fed-policy-tightens-inflation-labor,publish,https://coincu.com/fed-policy-tightens-inflation-labor,5,3,0,0,keep,has_backlink
378003,2025-11-13T17:41:33,usd-index-below-99-crypto-impact,publish,https://coincu.com/usd-index-below-99-crypto-impact,4,3,0,0,keep,has_backlink
377877,2025-11-13T17:00:00,crypto-whales-favor-licensed-platforms-blockchainfx-just-changed-the-game-with-aofa-approval,publish,https://coincu.com/crypto-whales-favor-licensed-platforms-blockchainfx-just-changed-the-game-with-aofa-approval,5,1,0,0,keep,has_backlink
377997,2025-11-13T16:41:33,agentlisa-funding-ai-security,publish,https://coincu.com/agentlisa-funding-ai-security,6,3,0,0,keep,has_backlink
377994,2025-11-13T16:11:12,bitdeer-financial-strain-bond-initiative,publish,https://coincu.com/bitdeer-financial-strain-bond-initiative,9,4,0,0,keep,has_backlink
377990,2025-11-13T16:08:57,rise-evolves-beyond-fastest-layer-2-into-the-home-for-global-markets-with-rise-marketcore-and-risex,publish,https://coincu.com/rise-evolves-beyond-fastest-layer-2-into-the-home-for-global-markets-with-rise-marketcore-and-risex,2,1,0,0,keep,has_backlink
377982,2025-11-13T16:00:07,top-5-meme-coins-to-buy-for-the-next-big-pump-as-sector-market-cap-falls-under-60b,publish,https://coincu.com/top-5-meme-coins-to-buy-for-the-next-big-pump-as-sector-market-cap-falls-under-60b,5,2,0,0,keep,has_backlink
377981,2025-11-13T15:41:56,public-acquires-altos-crypto-business,publish,https://coincu.com/public-acquires-altos-crypto-business,4,3,0,0,keep,has_backlink
377974,2025-11-13T15:08:54,kpk-launches-agent-powered-vaults-on-morpho,publish,https://coincu.com/kpk-launches-agent-powered-vaults-on-morpho,2,2,0,0,keep,has_backlink
377970,2025-11-13T15:05:50,certora-partners-with-cork-and-hypernative-to-set-a-new-standard-for-web3-security,publish,https://coincu.com/certora-partners-with-cork-and-hypernative-to-set-a-new-standard-for-web3-security,1,1,0,0,keep,has_backlink
377964,2025-11-13T14:43:35,us-economic-data-blackout-impact,publish,https://coincu.com/us-economic-data-blackout-impact,6,3,0,0,keep,has_backlink
377947,2025-11-13T14:26:01,binance-wallet-ido-dominates-with-33x-ath-roi,publish,https://coincu.com/binance-wallet-ido-dominates-with-33x-ath-roi,1,1,0,0,keep,has_backlink
377917,2025-11-13T14:00:00,missed-aave-adas-pump-zero-knowledge-proofs-revolutionary-ica-is-key-to-catch-the-next-1000x-surge-2,publish,https://coincu.com/missed-aave-adas-pump-zero-knowledge-proofs-revolutionary-ica-is-key-to-catch-the-next-1000x-surge-2,1,1,0,0,keep,has_backlink
377944,2025-11-13T13:53:43,invictus-pharmacy-first-to-accept-crypto-for-prescriptions,publish,https://coincu.com/invictus-pharmacy-first-to-accept-crypto-for-prescriptions,1,1,0,0,keep,has_backlink
377939,2025-11-13T13:42:33,czech-bank-blockchain-asset-trial,publish,https://coincu.com/czech-bank-blockchain-asset-trial,5,2,0,0,keep,has_backlink
377925,2025-11-13T13:37:27,bullish-momentum-for-ethereum-price-7200,publish,https://coincu.com/bullish-momentum-for-ethereum-price-7200,1,1,0,0,keep,has_backlink
377921,2025-11-13T13:12:48,fedwatch-predicts-december-rate-cut,publish,https://coincu.com/fedwatch-predicts-december-rate-cut,2,2,0,0,keep,has_backlink
377912,2025-11-13T13:02:20,interactive-service-for-choosing-a-jurisdiction-for-crypto-businesses-and-startups-from-gofaizen-sherle,publish,https://coincu.com/interactive-service-for-choosing-a-jurisdiction-for-crypto-businesses-and-startups-from-gofaizen-sherle,1,1,0,0,keep,has_backlink
377907,2025-11-13T12:50:49,hong-kongs-crypto-rules-under-fire,publish,https://coincu.com/hong-kongs-crypto-rules-under-fire,4,2,0,0,keep,has_backlink
377905,2025-11-13T12:11:15,us-treasury-bond-volatility,publish,https://coincu.com/us-treasury-bond-volatility,6,3,0,0,keep,has_backlink
377902,2025-11-13T11:41:32,cash-app-bitcoin-stablecoin-features,publish,https://coincu.com/cash-app-bitcoin-stablecoin-features,6,3,0,0,keep,has_backlink
377896,2025-11-13T10:41:16,crypto-market-deleveraging-futures-decline,publish,https://coincu.com/crypto-market-deleveraging-futures-decline,5,2,0,0,keep,has_backlink
377892,2025-11-13T10:35:31,phemex-unveils-new-brand-identity-a-forward-thinking-evolution-for-a-user-first-future,publish,https://coincu.com/phemex-unveils-new-brand-identity-a-forward-thinking-evolution-for-a-user-first-future,2,1,0,0,keep,has_backlink
377884,2025-11-13T10:12:06,hyperwave-reset-withdrawals-manipulation,publish,https://coincu.com/hyperwave-reset-withdrawals-manipulation,7,2,0,0,keep,has_backlink
377859,2025-11-13T10:00:00,zero-knowledge-proofs-zkp-manifesto-exposes-the-crypto-industrys-bluff-the-first-private-ai-network-has-arrived,publish,https://coincu.com/zero-knowledge-proofs-zkp-manifesto-exposes-the-crypto-industrys-bluff-the-first-private-ai-network-has-arrived,1,1,0,0,keep,has_backlink
377857,2025-11-13T10:00:00,australias-premier-crypto-event-returns-for-2025-auscryptocon-set-to-transform-sydney-this-november,publish,https://coincu.com/australias-premier-crypto-event-returns-for-2025-auscryptocon-set-to-transform-sydney-this-november,2,2,0,0,keep,has_backlink
377876,2025-11-13T09:43:13,cybercrime-conference-virtual-currency,publish,https://coincu.com/cybercrime-conference-virtual-currency,3,2,0,0,keep,has_backlink
377872,2025-11-13T09:29:58,bc-game-named-best-crypto-casino-at-sigma-central-europe-awards-2025,publish,https://coincu.com/bc-game-named-best-crypto-casino-at-sigma-central-europe-awards-2025,1,1,0,0,keep,has_backlink
377862,2025-11-13T09:12:30,jupiter-proposes-instant-unstake-jup,publish,https://coincu.com/jupiter-proposes-instant-unstake-jup,7,5,0,0,keep,has_backlink
377849,2025-11-13T07:42:23,taiwan-bitcoin-reserves-shift,publish,https://coincu.com/taiwan-bitcoin-reserves-shift,6,4,0,0,keep,has_backlink
377846,2025-11-13T07:11:28,bitcoin-market-mixed-signals,publish,https://coincu.com/bitcoin-market-mixed-signals,10,3,0,0,keep,has_backlink
377840,2025-11-13T06:11:37,hong-kong-ensembletx-tokenized-pilot,publish,https://coincu.com/hong-kong-ensembletx-tokenized-pilot,6,2,0,0,keep,has_backlink
377824,2025-11-13T04:27:47,ethconf-2026-new-york-city,publish,https://coincu.com/ethconf-2026-new-york-city,11,4,0,0,keep,has_backlink
377822,2025-11-13T04:12:32,telcoin-first-us-blockchain-bank,publish,https://coincu.com/telcoin-first-us-blockchain-bank,10,2,0,0,keep,has_backlink
377801,2025-11-13T02:45:52,cardano-ada-price-prediction-ada-to-hit-2-by-year-end-as-little-pepe-lilpepe-goes-parabolic,publish,https://coincu.com/cardano-ada-price-prediction-ada-to-hit-2-by-year-end-as-little-pepe-lilpepe-goes-parabolic,4,1,0,0,keep,has_backlink
377800,2025-11-13T02:12:08,ethereum-validators-drop-record-queues,publish,https://coincu.com/ethereum-validators-drop-record-queues,7,2,0,0,keep,has_backlink
377795,2025-11-13T01:40:56,house-approves-funding-bill-2026,publish,https://coincu.com/house-approves-funding-bill-2026,10,2,0,0,keep,has_backlink
377792,2025-11-13T01:11:00,trump-signs-stopgap-bill-shutdown-end,publish,https://coincu.com/trump-signs-stopgap-bill-shutdown-end,10,2,0,0,keep,has_backlink
377789,2025-11-13T00:41:42,kevin-hassett-federal-reserve-chair,publish,https://coincu.com/kevin-hassett-federal-reserve-chair,23,3,0,0,keep,has_backlink
377786,2025-11-13T00:11:00,us-shutdown-delays-jobs-report,publish,https://coincu.com/us-shutdown-delays-jobs-report,13,6,0,0,keep,has_backlink
377783,2025-11-12T23:42:35,shutdown-threatens-economic-data-loss,publish,https://coincu.com/shutdown-threatens-economic-data-loss,13,4,0,0,keep,has_backlink
377777,2025-11-12T22:40:22,strategy-bitcoin-holdings-stock-decline,publish,https://coincu.com/strategy-bitcoin-holdings-stock-decline,21,5,0,0,keep,has_backlink
377774,2025-11-12T22:11:47,sofi-technologies-begins-crypto-trading,publish,https://coincu.com/sofi-technologies-begins-crypto-trading,22,4,0,0,keep,has_backlink
377771,2025-11-12T21:40:37,coinbase-monad-ico-allocation,publish,https://coincu.com/coinbase-monad-ico-allocation,6,3,0,0,keep,has_backlink
377768,2025-11-12T21:10:50,coinbase-headquarters-moves-texas,publish,https://coincu.com/coinbase-headquarters-moves-texas,7,2,0,0,keep,has_backlink
377696,2025-11-12T21:00:00,top-crypto-to-buy-in-2025-blockchainfx-bfx-data-surge-and-the-current-positions-of-tron-trx-and-cardano-ada,publish,https://coincu.com/top-crypto-to-buy-in-2025-blockchainfx-bfx-data-surge-and-the-current-positions-of-tron-trx-and-cardano-ada,6,2,0,0,keep,has_backlink
377765,2025-11-12T20:41:52,sui-stablecoin-usdsui-stripe-bridge,publish,https://coincu.com/sui-stablecoin-usdsui-stripe-bridge,13,5,0,0,keep,has_backlink
377762,2025-11-12T20:12:30,sui-launches-usdsui-stablecoin,publish,https://coincu.com/sui-launches-usdsui-stablecoin,10,3,0,0,keep,has_backlink
377759,2025-11-12T19:41:54,hlp-faces-loss-popcat-attack,publish,https://coincu.com/hlp-faces-loss-popcat-attack,7,2,0,0,keep,has_backlink
377756,2025-11-12T19:11:27,stablecoin-growth-projected-2030,publish,https://coincu.com/stablecoin-growth-projected-2030,3,2,0,0,keep,has_backlink
377753,2025-11-12T18:42:11,sec-token-classification-crypto-regulations,publish,https://coincu.com/sec-token-classification-crypto-regulations,8,3,0,0,keep,has_backlink
377750,2025-11-12T18:11:37,sec-crypto-asset-classification,publish,https://coincu.com/sec-crypto-asset-classification,2,2,0,0,keep,has_backlink
377747,2025-11-12T17:43:00,federal-reserve-boston-rate-pause,publish,https://coincu.com/federal-reserve-boston-rate-pause,10,2,0,0,keep,has_backlink
377736,2025-11-12T16:38:37,sol-flashes-golden-cross,publish,https://coincu.com/sol-flashes-golden-cross,2,1,0,0,keep,has_backlink
377732,2025-11-12T16:13:21,sec-token-taxonomy-framework-announcement,publish,https://coincu.com/sec-token-taxonomy-framework-announcement,4,2,0,0,keep,has_backlink
377722,2025-11-12T16:08:05,arb-at-accumulation-zone,publish,https://coincu.com/arb-at-accumulation-zone,3,3,0,0,keep,has_backlink
377721,2025-11-12T15:41:41,circle-stock-drops-q3-results,publish,https://coincu.com/circle-stock-drops-q3-results,3,2,0,0,keep,has_backlink
377714,2025-11-12T15:31:16,bestchange-announces-major-platform-update-at-blockchain-life-2025,publish,https://coincu.com/bestchange-announces-major-platform-update-at-blockchain-life-2025,3,2,0,0,keep,has_backlink
377686,2025-11-12T14:47:39,bitcoins-signals-breakout-above-106k,publish,https://coincu.com/bitcoins-signals-breakout-above-106k,4,2,0,0,keep,has_backlink
377681,2025-11-12T14:11:19,house-vote-end-shutdown,publish,https://coincu.com/house-vote-end-shutdown,3,2,0,0,keep,has_backlink
377678,2025-11-12T13:41:33,yellen-tariff-announcement-inflation,publish,https://coincu.com/yellen-tariff-announcement-inflation,3,2,0,0,keep,has_backlink
377675,2025-11-12T13:12:00,coinbase-appoints-liz-martin-exchange,publish,https://coincu.com/coinbase-appoints-liz-martin-exchange,8,3,0,0,keep,has_backlink
377672,2025-11-12T12:42:05,fed-december-rate-cut-crypto-impact,publish,https://coincu.com/fed-december-rate-cut-crypto-impact,8,3,0,0,keep,has_backlink
377669,2025-11-12T12:13:33,coinbase-revives-token-sales-us,publish,https://coincu.com/coinbase-revives-token-sales-us,6,3,0,0,keep,has_backlink
377663,2025-11-12T11:12:04,us-government-employment-data-market,publish,https://coincu.com/us-government-employment-data-market,13,4,0,0,keep,has_backlink
377660,2025-11-12T10:42:04,bybit-fund-freezing-blockchains,publish,https://coincu.com/bybit-fund-freezing-blockchains,5,3,0,0,keep,has_backlink
377643,2025-11-12T10:25:05,chainlink-strong-momentum-72-target,publish,https://coincu.com/chainlink-strong-momentum-72-target,5,3,0,0,keep,has_backlink
377651,2025-11-12T10:23:07,uae-successfully-completes-first-digital,publish,https://coincu.com/uae-successfully-completes-first-digital,14,3,0,0,keep,has_backlink
377648,2025-11-12T10:11:51,senate-stopgap-bill-bitcoin-stabilizes,publish,https://coincu.com/senate-stopgap-bill-bitcoin-stabilizes,10,4,0,0,keep,has_backlink
377642,2025-11-12T09:41:55,lighter-market-growth-predictions,publish,https://coincu.com/lighter-market-growth-predictions,5,3,0,0,keep,has_backlink
377635,2025-11-12T09:11:26,astar-network-evolution-phase-2,publish,https://coincu.com/astar-network-evolution-phase-2,10,6,0,0,keep,has_backlink
377632,2025-11-12T08:41:10,visa-usdc-global-payment-pilot,publish,https://coincu.com/visa-usdc-global-payment-pilot,8,3,0,0,keep,has_backlink
377622,2025-11-12T07:41:14,binance-delist-spot-trading-pairs-2,publish,https://coincu.com/binance-delist-spot-trading-pairs-2,7,4,0,0,keep,has_backlink
377608,2025-11-12T07:22:30,aave-forms-bullish-setup-surge-230,publish,https://coincu.com/aave-forms-bullish-setup-surge-230,21,3,0,0,keep,has_backlink
377616,2025-11-12T07:13:05,paradigm-stakes-700m-hype,publish,https://coincu.com/paradigm-stakes-700m-hype,11,4,0,0,keep,has_backlink
377607,2025-11-12T06:12:54,matrixport-reports-decline-trading-volumes,publish,https://coincu.com/matrixport-reports-decline-trading-volumes,10,4,0,0,keep,has_backlink
377604,2025-11-12T05:40:55,house-rules-committee-funding-plan,publish,https://coincu.com/house-rules-committee-funding-plan,8,4,0,0,keep,has_backlink
377594,2025-11-12T05:03:24,bingx-donates-an-additional-50000-bringing-total-flood-relief-fund-to-100000-vnd-2-6-billion-to-support-central-vietnams-recovery-from-storm-no-13,publish,https://coincu.com/bingx-donates-an-additional-50000-bringing-total-flood-relief-fund-to-100000-vnd-2-6-billion-to-support-central-vietnams-recovery-from-storm-no-13,8,2,0,0,keep,has_backlink
377593,2025-11-12T04:12:59,clarity-act-crypto-regulation-boost,publish,https://coincu.com/clarity-act-crypto-regulation-boost,8,2,0,0,keep,has_backlink
377587,2025-11-12T03:11:46,us-shutdown-ending-nov12-15,publish,https://coincu.com/us-shutdown-ending-nov12-15,3,2,0,0,keep,has_backlink
377584,2025-11-12T02:42:34,federal-reserve-internal-divisions-december-rate-cuts,publish,https://coincu.com/federal-reserve-internal-divisions-december-rate-cuts,2,1,0,0,keep,has_backlink
377578,2025-11-12T02:31:02,market-rotation-hits-ripple-xrp-as-big-holders-sell-decade-old-xrp-for-fast-growing-crypto-under-0-005,publish,https://coincu.com/market-rotation-hits-ripple-xrp-as-big-holders-sell-decade-old-xrp-for-fast-growing-crypto-under-0-005,3,1,0,0,keep,has_backlink
377577,2025-11-12T02:10:55,us-house-vote-shutdown-etf,publish,https://coincu.com/us-house-vote-shutdown-etf,13,3,0,0,keep,has_backlink
377571,2025-11-12T00:40:38,bitcoin-mining-challenges-fred-thiel,publish,https://coincu.com/bitcoin-mining-challenges-fred-thiel,9,3,0,0,keep,has_backlink
377568,2025-11-11T23:40:44,jeffries-aca-spending-bill-standoff,publish,https://coincu.com/jeffries-aca-spending-bill-standoff,4,3,0,0,keep,has_backlink
377565,2025-11-11T23:11:41,bitwise-chainlink-etf-dtcc-listing,publish,https://coincu.com/bitwise-chainlink-etf-dtcc-listing,8,5,0,0,keep,has_backlink
377562,2025-11-11T22:42:02,us-job-market-crypto-analysis,publish,https://coincu.com/us-job-market-crypto-analysis,17,4,0,0,keep,has_backlink
377559,2025-11-11T22:10:12,us-house-funding-plan-meeting,publish,https://coincu.com/us-house-funding-plan-meeting,5,2,0,0,keep,has_backlink
377553,2025-11-11T21:10:51,sofi-technologies-crypto-trading-launch,publish,https://coincu.com/sofi-technologies-crypto-trading-launch,1,1,0,0,keep,has_backlink
377550,2025-11-11T20:41:08,nasdaq-ip-strategy-crypto-token-partnership,publish,https://coincu.com/nasdaq-ip-strategy-crypto-token-partnership,7,4,0,0,keep,has_backlink
377547,2025-11-11T20:11:20,tether-hires-hsbc-gold-traders,publish,https://coincu.com/tether-hires-hsbc-gold-traders,2,1,0,0,keep,has_backlink
377476,2025-11-11T20:00:00,blockchainfx-bfx-could-surpass-dogecoin-and-pepe-as-the-next-viral-crypto-trend,publish,https://coincu.com/blockchainfx-bfx-could-surpass-dogecoin-and-pepe-as-the-next-viral-crypto-trend,6,2,0,0,keep,has_backlink
377544,2025-11-11T19:41:42,quantum-threat-to-bitcoin-security,publish,https://coincu.com/quantum-threat-to-bitcoin-security,8,3,0,0,keep,has_backlink
377541,2025-11-11T19:11:42,tether-precious-metals-expansion,publish,https://coincu.com/tether-precious-metals-expansion,10,2,0,0,keep,has_backlink
377538,2025-11-11T18:41:43,softbank-nvidia-stake-sold,publish,https://coincu.com/softbank-nvidia-stake-sold,20,4,0,0,keep,has_backlink
377535,2025-11-11T18:11:15,jpmorgan-dbs-blockchain-partnership,publish,https://coincu.com/jpmorgan-dbs-blockchain-partnership,7,3,0,0,keep,has_backlink
377527,2025-11-11T17:40:37,xrp-spot-etf-nasdaq-launch,publish,https://coincu.com/xrp-spot-etf-nasdaq-launch,6,3,0,0,keep,has_backlink
377509,2025-11-11T16:50:14,solana-recovers-after-consolidation-190,publish,https://coincu.com/solana-recovers-after-consolidation-190,23,3,0,0,keep,has_backlink
377515,2025-11-11T16:41:34,institutional-entry-crypto-stablecoins-adoption,publish,https://coincu.com/institutional-entry-crypto-stablecoins-adoption,9,5,0,0,keep,has_backlink
377501,2025-11-11T16:15:59,btc-hits-key-resistance,publish,https://coincu.com/btc-hits-key-resistance,5,3,0,0,keep,has_backlink
377506,2025-11-11T16:12:31,bank-england-stablecoin-regulations-svb,publish,https://coincu.com/bank-england-stablecoin-regulations-svb,6,3,0,0,keep,has_backlink
377487,2025-11-11T16:01:29,dogecoin-set-for-potential-to-reach-5,publish,https://coincu.com/dogecoin-set-for-potential-to-reach-5,12,3,0,0,keep,has_backlink
377494,2025-11-11T15:58:04,constellation-network-expands-global-reach-with-dag-listing-on-kraken,publish,https://coincu.com/constellation-network-expands-global-reach-with-dag-listing-on-kraken,3,2,0,0,keep,has_backlink
377479,2025-11-11T15:34:32,rise-acquires-bsx-a-perp-dex-on-base-to-accelerate-development-of-the-first-integrated-orderbooks,publish,https://coincu.com/rise-acquires-bsx-a-perp-dex-on-base-to-accelerate-development-of-the-first-integrated-orderbooks,4,2,0,0,keep,has_backlink
377471,2025-11-11T15:01:34,threshold-network-simplifies-bitcoin-onchain-access-with-direct-and-gasless-tbtc-minting,publish,https://coincu.com/threshold-network-simplifies-bitcoin-onchain-access-with-direct-and-gasless-tbtc-minting,1,1,0,0,keep,has_backlink
377464,2025-11-11T14:41:54,sofi-us-bank-crypto-trading,publish,https://coincu.com/sofi-us-bank-crypto-trading,2,2,0,0,keep,has_backlink
377461,2025-11-11T14:12:54,dtcc-lists-xrp-etfs,publish,https://coincu.com/dtcc-lists-xrp-etfs,3,3,0,0,keep,has_backlink
377457,2025-11-11T14:00:10,dominos-pizza-partners-with-xmoney-for-fiat-and-crypto-payments,publish,https://coincu.com/dominos-pizza-partners-with-xmoney-for-fiat-and-crypto-payments,1,1,0,0,keep,has_backlink
377454,2025-11-11T13:42:36,binance-launch-allora-november-2025,publish,https://coincu.com/binance-launch-allora-november-2025,4,2,0,0,keep,has_backlink
377359,2025-11-11T12:45:00,bahrain-powers-the-next-wave-of-financial-innovation-fintech-revolution-summit-2026-announced-in-manama,publish,https://coincu.com/bahrain-powers-the-next-wave-of-financial-innovation-fintech-revolution-summit-2026-announced-in-manama,5,1,0,0,keep,has_backlink
377445,2025-11-11T12:12:30,polymarket-comment-phishing-scam-impacts,publish,https://coincu.com/polymarket-comment-phishing-scam-impacts,7,3,0,0,keep,has_backlink
377440,2025-11-11T12:12:28,phemex-introduces-refreshed-logo-and-platform-design-ushering-in-a-new-brand-era-2,publish,https://coincu.com/phemex-introduces-refreshed-logo-and-platform-design-ushering-in-a-new-brand-era-2,6,2,0,0,keep,has_backlink
376110,2025-11-11T12:06:39,bingx-achieves-iso-27001-certification-strengthening-global-standards-in-security-and-risk-management,publish,https://coincu.com/bingx-achieves-iso-27001-certification-strengthening-global-standards-in-security-and-risk-management,9,3,0,0,keep,has_backlink
377439,2025-11-11T11:40:36,uk-interest-rates-unemployment-rise,publish,https://coincu.com/uk-interest-rates-unemployment-rise,5,2,0,0,keep,has_backlink
377435,2025-11-11T11:28:18,phemex-introduces-refreshed-logo-and-platform-design-ushering-in-a-new-brand-era,publish,https://coincu.com/phemex-introduces-refreshed-logo-and-platform-design-ushering-in-a-new-brand-era,3,2,0,0,keep,has_backlink
377431,2025-11-11T11:12:15,gemini-space-q3-loss-expectations,publish,https://coincu.com/gemini-space-q3-loss-expectations,2,1,0,0,keep,has_backlink
377428,2025-11-11T10:42:22,institutional-demand-staking-etfs-2025,publish,https://coincu.com/institutional-demand-staking-etfs-2025,13,7,0,0,keep,has_backlink
377424,2025-11-11T10:16:45,tapbit-celebrates-4th-anniversary-with-global-events-zero-fee-trading-and-1-million-rewards,publish,https://coincu.com/tapbit-celebrates-4th-anniversary-with-global-events-zero-fee-trading-and-1-million-rewards,1,1,0,0,keep,has_backlink
377419,2025-11-11T10:11:29,bitcoin-quantum-risk-segwit-use,publish,https://coincu.com/bitcoin-quantum-risk-segwit-use,2,1,0,0,keep,has_backlink
377411,2025-11-11T09:42:24,startale-sony-soneum-ethereum-app,publish,https://coincu.com/startale-sony-soneum-ethereum-app,10,3,0,0,keep,has_backlink
377406,2025-11-11T09:37:10,standard-chartered-and-dcs-partner-to,publish,https://coincu.com/standard-chartered-and-dcs-partner-to,3,2,0,0,keep,has_backlink
377405,2025-11-11T09:11:57,startale-sony-soneium-app-launch,publish,https://coincu.com/startale-sony-soneium-app-launch,3,2,0,0,keep,has_backlink
377401,2025-11-11T08:41:41,institutional-crypto-adoption-2025,publish,https://coincu.com/institutional-crypto-adoption-2025,2,1,0,0,keep,has_backlink
377391,2025-11-11T08:33:18,bnb-700-support-potential-2300-surge,publish,https://coincu.com/bnb-700-support-potential-2300-surge,3,2,0,0,keep,has_backlink
377386,2025-11-11T08:03:49,the-ai-driven-trading-boom-bingx-reaches-3-million-ai-users-and-80-billion-in-copy-trading-volume,publish,https://coincu.com/the-ai-driven-trading-boom-bingx-reaches-3-million-ai-users-and-80-billion-in-copy-trading-volume,2,1,0,0,keep,has_backlink
377382,2025-11-11T07:42:29,monad-ico-sets-transparency-standard,publish,https://coincu.com/monad-ico-sets-transparency-standard,11,5,0,0,keep,has_backlink
377374,2025-11-11T07:13:14,bitcoin-sth-holdings-increase-august,publish,https://coincu.com/bitcoin-sth-holdings-increase-august,10,3,0,0,keep,has_backlink
377371,2025-11-11T06:41:21,us-treasury-irs-crypto-staking,publish,https://coincu.com/us-treasury-irs-crypto-staking,10,3,0,0,keep,has_backlink
377368,2025-11-11T06:10:19,trump-supreme-court-tariff-refund,publish,https://coincu.com/trump-supreme-court-tariff-refund,4,2,0,0,keep,has_backlink
377347,2025-11-11T03:41:25,senate-approves-shutdown-bill,publish,https://coincu.com/senate-approves-shutdown-bill,9,4,0,0,keep,has_backlink
377342,2025-11-11T03:10:28,uniswap-fee-switch-defi-competition,publish,https://coincu.com/uniswap-fee-switch-defi-competition,9,2,0,0,keep,has_backlink
377336,2025-11-11T02:10:26,circle-ai-chatbot-mcp-launch,publish,https://coincu.com/circle-ai-chatbot-mcp-launch,14,5,0,0,keep,has_backlink
377333,2025-11-11T01:41:16,uniswap-governance-proposal-timeline,publish,https://coincu.com/uniswap-governance-proposal-timeline,11,2,0,0,keep,has_backlink
377330,2025-11-11T01:11:53,uniswap-uni-transfer-variant-fund,publish,https://coincu.com/uniswap-uni-transfer-variant-fund,16,4,0,0,keep,has_backlink
377325,2025-11-10T23:40:50,senate-draft-bill-cftc-crypto,publish,https://coincu.com/senate-draft-bill-cftc-crypto,8,2,0,0,keep,has_backlink
377319,2025-11-10T22:40:47,rumble-northern-data-merger-ai,publish,https://coincu.com/rumble-northern-data-merger-ai,11,4,0,0,keep,has_backlink
377316,2025-11-10T22:11:30,uniswap-governance-overhaul-proposal,publish,https://coincu.com/uniswap-governance-overhaul-proposal,7,3,0,0,keep,has_backlink
377312,2025-11-10T21:11:42,uk-stablecoin-regulations-proposed,publish,https://coincu.com/uk-stablecoin-regulations-proposed,11,4,0,0,keep,has_backlink
377309,2025-11-10T20:44:11,whale-buys-eth-transfers-usdt,publish,https://coincu.com/whale-buys-eth-transfers-usdt,3,1,0,0,keep,has_backlink
377306,2025-11-10T20:11:04,square-bitcoin-payments-launch,publish,https://coincu.com/square-bitcoin-payments-launch,6,4,0,0,keep,has_backlink
377295,2025-11-10T19:28:28,cardano-whales-grab-348m,publish,https://coincu.com/cardano-whales-grab-348m,5,2,0,0,keep,has_backlink
377294,2025-11-10T19:11:28,brazil-denies-stablecoin-ban-reports,publish,https://coincu.com/brazil-denies-stablecoin-ban-reports,4,2,0,0,keep,has_backlink
377286,2025-11-10T18:42:35,fed-policy-easing-inflation-focus,publish,https://coincu.com/fed-policy-easing-inflation-focus,4,2,0,0,keep,has_backlink
377275,2025-11-10T18:33:13,sui-eyeing-breakout-toward-2-30,publish,https://coincu.com/sui-eyeing-breakout-toward-2-30,7,3,0,0,keep,has_backlink
377268,2025-11-10T18:19:32,strategy-buys-487-btc-at-102k-holdings,publish,https://coincu.com/strategy-buys-487-btc-at-102k-holdings,5,2,0,0,keep,has_backlink
377271,2025-11-10T17:41:23,us-house-stopgap-funding-vote,publish,https://coincu.com/us-house-stopgap-funding-vote,6,2,0,0,keep,has_backlink
377260,2025-11-10T16:15:45,best-meme-coins-to-buy-5-coins-that-could-leave-dogecoins-historic-bull-run-gains-in-the-dust,publish,https://coincu.com/best-meme-coins-to-buy-5-coins-that-could-leave-dogecoins-historic-bull-run-gains-in-the-dust,8,2,0,0,keep,has_backlink
377259,2025-11-10T15:53:07,bitdeer-q3-revenue-surge,publish,https://coincu.com/bitdeer-q3-revenue-surge,15,3,0,0,keep,has_backlink
377248,2025-11-10T15:31:00,btc-107k-signaling-a-move-to-115k,publish,https://coincu.com/btc-107k-signaling-a-move-to-115k,10,3,0,0,keep,has_backlink
377253,2025-11-10T15:23:04,senate-vote-end-shutdown,publish,https://coincu.com/senate-vote-end-shutdown,11,6,0,0,keep,has_backlink
377247,2025-11-10T14:53:56,coinbase-inclusive-token-sales,publish,https://coincu.com/coinbase-inclusive-token-sales,5,2,0,0,keep,has_backlink
377232,2025-11-10T14:08:35,xrp-support-at-1-85-as-bulls-eyeing-8,publish,https://coincu.com/xrp-support-at-1-85-as-bulls-eyeing-8,6,3,0,0,keep,has_backlink
377237,2025-11-10T13:54:36,coinbase-token-sale-platform-launch,publish,https://coincu.com/coinbase-token-sale-platform-launch,4,3,0,0,keep,has_backlink
377231,2025-11-10T13:22:51,dormant-bitcoin-wallets-impact-market,publish,https://coincu.com/dormant-bitcoin-wallets-impact-market,3,3,0,0,keep,has_backlink
377228,2025-11-10T12:52:02,fed-job-growth-slowdown-demand,publish,https://coincu.com/fed-job-growth-slowdown-demand,7,5,0,0,keep,has_backlink
377215,2025-11-10T11:51:30,us-senate-end-government-shutdown,publish,https://coincu.com/us-senate-end-government-shutdown,1,1,0,0,keep,has_backlink
377210,2025-11-10T11:50:03,bank-of-england-proposes-new-rules,publish,https://coincu.com/bank-of-england-proposes-new-rules,5,1,0,0,keep,has_backlink
377209,2025-11-10T11:22:44,us-senate-ends-government-shutdown,publish,https://coincu.com/us-senate-ends-government-shutdown,2,2,0,0,keep,has_backlink
377199,2025-11-10T10:54:39,crypto-funds-see-1-17-billion-outflows,publish,https://coincu.com/crypto-funds-see-1-17-billion-outflows,4,2,0,0,keep,has_backlink
377192,2025-11-10T09:21:21,trump-government-shutdown-resolution,publish,https://coincu.com/trump-government-shutdown-resolution,5,3,0,0,keep,has_backlink
377180,2025-11-10T08:22:06,u-s-gov-reopening-funding-vote,publish,https://coincu.com/u-s-gov-reopening-funding-vote,13,4,0,0,keep,has_backlink
377171,2025-11-10T06:51:26,fed-affordability-crisis-impact-rate-cut,publish,https://coincu.com/fed-affordability-crisis-impact-rate-cut,8,3,0,0,keep,has_backlink
377150,2025-11-10T03:50:43,senate-vote-government-shutdown-delayed,publish,https://coincu.com/senate-vote-government-shutdown-delayed,20,3,0,0,keep,has_backlink
377147,2025-11-10T03:27:44,ethdenver-2026,publish,https://coincu.com/ethdenver-2026,16,3,0,0,keep,has_backlink
377134,2025-11-10T02:51:37,us-senate-shutdown-vote-resolution,publish,https://coincu.com/us-senate-shutdown-vote-resolution,13,5,0,0,keep,has_backlink
377125,2025-11-10T01:50:44,us-senate-shutdown-deal-unconfirmed,publish,https://coincu.com/us-senate-shutdown-deal-unconfirmed,16,4,0,0,keep,has_backlink
377122,2025-11-10T01:21:59,us-shutdown-resolution-senate-vote,publish,https://coincu.com/us-shutdown-resolution-senate-vote,16,4,0,0,keep,has_backlink
377119,2025-11-10T00:50:32,senate-democrats-end-shutdown-agreement,publish,https://coincu.com/senate-democrats-end-shutdown-agreement,14,4,0,0,keep,has_backlink
377116,2025-11-10T00:21:27,senate-end-us-shutdown,publish,https://coincu.com/senate-end-us-shutdown,14,4,0,0,keep,has_backlink
377112,2025-11-09T23:21:33,cftc-leveraged-crypto-trading-december,publish,https://coincu.com/cftc-leveraged-crypto-trading-december,19,4,0,0,keep,has_backlink
377109,2025-11-09T22:51:58,euler-dao-multisig-migration,publish,https://coincu.com/euler-dao-multisig-migration,28,7,0,0,keep,has_backlink
377106,2025-11-09T22:21:54,hong-kong-jpex-crypto-fraud,publish,https://coincu.com/hong-kong-jpex-crypto-fraud,18,3,0,0,keep,has_backlink
377103,2025-11-09T21:52:29,rift-funding-native-bitcoin-ethereum,publish,https://coincu.com/rift-funding-native-bitcoin-ethereum,19,7,0,0,keep,has_backlink
377097,2025-11-09T20:51:38,trump-post-unverified-crypto-impact,publish,https://coincu.com/trump-post-unverified-crypto-impact,23,3,0,0,keep,has_backlink
377094,2025-11-09T20:21:19,crypto-whales-ethereum-positions,publish,https://coincu.com/crypto-whales-ethereum-positions,12,3,0,0,keep,has_backlink
377091,2025-11-09T19:52:10,trump-east-wing-demolition-ballroom,publish,https://coincu.com/trump-east-wing-demolition-ballroom,7,3,0,0,keep,has_backlink
377087,2025-11-09T18:52:23,james-wynn-bitcoin-short-liquidation,publish,https://coincu.com/james-wynn-bitcoin-short-liquidation,16,4,0,0,keep,has_backlink
377084,2025-11-09T18:23:09,ftx-major-creditor-payouts-2025,publish,https://coincu.com/ftx-major-creditor-payouts-2025,15,7,0,0,keep,has_backlink
377081,2025-11-09T17:52:40,upcoming-token-unlocks-november-2025,publish,https://coincu.com/upcoming-token-unlocks-november-2025,13,4,0,0,keep,has_backlink
377077,2025-11-09T16:51:18,trump-new-tariff-dividend-plan,publish,https://coincu.com/trump-new-tariff-dividend-plan,11,3,0,0,keep,has_backlink
377074,2025-11-09T16:22:17,us-shutdown-gdp-impact-hassett,publish,https://coincu.com/us-shutdown-gdp-impact-hassett,5,1,0,0,keep,has_backlink
377071,2025-11-09T15:50:43,us-shutdown-delays-cpi-macro-data,publish,https://coincu.com/us-shutdown-delays-cpi-macro-data,8,3,0,0,keep,has_backlink
377062,2025-11-09T15:21:13,shiba-inu-shib-struggles-to-stay-relevant-in-2025-as-old-wallets-dump-and-rivalry-from-little-pepe-lilpepe-grows,publish,https://coincu.com/shiba-inu-shib-struggles-to-stay-relevant-in-2025-as-old-wallets-dump-and-rivalry-from-little-pepe-lilpepe-grows,6,2,0,0,keep,has_backlink
377067,2025-11-09T15:21:10,trump-announces-tariff-dividend,publish,https://coincu.com/trump-announces-tariff-dividend,12,3,0,0,keep,has_backlink
377061,2025-11-09T14:51:56,yellen-inflation-bitcoin-speculation,publish,https://coincu.com/yellen-inflation-bitcoin-speculation,4,2,0,0,keep,has_backlink
377058,2025-11-09T14:22:20,us-shutdown-economic-impact-2025-2,publish,https://coincu.com/us-shutdown-economic-impact-2025-2,13,5,0,0,keep,has_backlink
377055,2025-11-09T13:51:46,supreme-court-trump-tariff-powers-debate,publish,https://coincu.com/supreme-court-trump-tariff-powers-debate,9,4,0,0,keep,has_backlink
377052,2025-11-09T13:20:46,bitcoin-market-volatility-pharmaceutical-tariffs,publish,https://coincu.com/bitcoin-market-volatility-pharmaceutical-tariffs,6,2,0,0,keep,has_backlink
377049,2025-11-09T12:51:59,trump-abolish-filibuster-gop-resistance,publish,https://coincu.com/trump-abolish-filibuster-gop-resistance,6,2,0,0,keep,has_backlink
377046,2025-11-09T12:21:18,crypto-markets-steady-amid-us-government-shutdown,publish,https://coincu.com/crypto-markets-steady-amid-us-government-shutdown,13,5,0,0,keep,has_backlink
377043,2025-11-09T11:21:10,us-doj-seizes-bitcoin-china,publish,https://coincu.com/us-doj-seizes-bitcoin-china,14,5,0,0,keep,has_backlink
377035,2025-11-09T11:19:55,ethereum-hits-3700-wall,publish,https://coincu.com/ethereum-hits-3700-wall,16,3,0,0,keep,has_backlink
377034,2025-11-09T10:51:07,bitcoin-surges-past-60000-institutional-interest,publish,https://coincu.com/bitcoin-surges-past-60000-institutional-interest,9,3,0,0,keep,has_backlink
377025,2025-11-09T10:22:24,21shares-sec-review-xrp-etf,publish,https://coincu.com/21shares-sec-review-xrp-etf,16,7,0,0,keep,has_backlink
377022,2025-11-09T09:52:39,yuxin-technology-expands-financial-services,publish,https://coincu.com/yuxin-technology-expands-financial-services,10,4,0,0,keep,has_backlink
377018,2025-11-09T08:51:40,binance-alpha-metaarena-timi-airdrop,publish,https://coincu.com/binance-alpha-metaarena-timi-airdrop,13,4,0,0,keep,has_backlink
377015,2025-11-09T08:22:05,coinbase-launchpad-teaser-announcement,publish,https://coincu.com/coinbase-launchpad-teaser-announcement,10,4,0,0,keep,has_backlink
377009,2025-11-09T07:21:28,galaxy-digital-reduces-bitcoin-price-target,publish,https://coincu.com/galaxy-digital-reduces-bitcoin-price-target,15,6,0,0,keep,has_backlink
377006,2025-11-09T06:52:43,hong-kong-tokenization-longterm-revenues,publish,https://coincu.com/hong-kong-tokenization-longterm-revenues,32,4,0,0,keep,has_backlink
377003,2025-11-09T06:20:51,us-treasury-tax-relief-2025,publish,https://coincu.com/us-treasury-tax-relief-2025,13,4,0,0,keep,has_backlink
377000,2025-11-09T05:50:21,tax-breaks-crypto-dispute,publish,https://coincu.com/tax-breaks-crypto-dispute,13,3,0,0,keep,has_backlink
376997,2025-11-09T05:20:57,trump-embraces-crypto-policies,publish,https://coincu.com/trump-embraces-crypto-policies,9,3,0,0,keep,has_backlink
376994,2025-11-09T04:50:52,re7-labs-stablecoin-risk-management,publish,https://coincu.com/re7-labs-stablecoin-risk-management,10,3,0,0,keep,has_backlink
376991,2025-11-09T04:21:08,stream-re7-response-xusd-impact,publish,https://coincu.com/stream-re7-response-xusd-impact,8,3,0,0,keep,has_backlink
376988,2025-11-09T03:51:14,jpmorgan-bitmine-ethereum-holder,publish,https://coincu.com/jpmorgan-bitmine-ethereum-holder,25,4,0,0,keep,has_backlink
376985,2025-11-09T03:27:42,ethereum-community-conference-ethcc-9-cannes,publish,https://coincu.com/ethereum-community-conference-ethcc-9-cannes,3,1,0,0,keep,has_backlink
376983,2025-11-09T03:21:01,hong-kong-jpex-fraud-prosecution,publish,https://coincu.com/hong-kong-jpex-fraud-prosecution,9,3,0,0,keep,has_backlink
376980,2025-11-09T02:51:46,zhao-trump-pardon-reactions,publish,https://coincu.com/zhao-trump-pardon-reactions,10,3,0,0,keep,has_backlink
376977,2025-11-09T02:21:10,nft-market-transaction-decline,publish,https://coincu.com/nft-market-transaction-decline,31,4,0,0,keep,has_backlink
376974,2025-11-09T01:51:42,bitcoin-decline-altcoin-rally-2025,publish,https://coincu.com/bitcoin-decline-altcoin-rally-2025,43,4,0,0,keep,has_backlink
376971,2025-11-09T01:21:19,tmtg-q3-results-financial-impact,publish,https://coincu.com/tmtg-q3-results-financial-impact,22,5,0,0,keep,has_backlink
376967,2025-11-09T00:23:32,stream-finance-93m-loss,publish,https://coincu.com/stream-finance-93m-loss,19,5,0,0,keep,has_backlink
376964,2025-11-08T23:50:54,hyperliquid-tests-blp-hypercore,publish,https://coincu.com/hyperliquid-tests-blp-hypercore,5,2,0,0,keep,has_backlink
376961,2025-11-08T23:22:29,filecoin-onchain-cloud-transition,publish,https://coincu.com/filecoin-onchain-cloud-transition,40,9,0,0,keep,has_backlink
376958,2025-11-08T22:51:41,crypto-investigator-exposes-influencer-fraud,publish,https://coincu.com/crypto-investigator-exposes-influencer-fraud,6,3,0,0,keep,has_backlink
376955,2025-11-08T22:20:48,openai-ceo-denies-loan-request,publish,https://coincu.com/openai-ceo-denies-loan-request,5,2,0,0,keep,has_backlink
376952,2025-11-08T21:51:33,rift-paradigm-bitcoin-trading-ethereum,publish,https://coincu.com/rift-paradigm-bitcoin-trading-ethereum,25,4,0,0,keep,has_backlink
376949,2025-11-08T21:20:57,jpmorgan-bitmine-ethereum-loss,publish,https://coincu.com/jpmorgan-bitmine-ethereum-loss,15,5,0,0,keep,has_backlink
376946,2025-11-08T20:50:38,kyo-finance-5m-series-a-funding,publish,https://coincu.com/kyo-finance-5m-series-a-funding,3,2,0,0,keep,has_backlink
376943,2025-11-08T20:21:04,zhao-trump-pardon-reaction,publish,https://coincu.com/zhao-trump-pardon-reaction,4,2,0,0,keep,has_backlink
376940,2025-11-08T19:50:43,hong-kong-influencer-sentenced-investment-advice,publish,https://coincu.com/hong-kong-influencer-sentenced-investment-advice,11,3,0,0,keep,has_backlink
376937,2025-11-08T19:21:45,curve-elixir-market-gauges-proposal,publish,https://coincu.com/curve-elixir-market-gauges-proposal,18,6,0,0,keep,has_backlink
376934,2025-11-08T18:51:15,tempo-funding-commonware-stripe,publish,https://coincu.com/tempo-funding-commonware-stripe,46,4,0,0,keep,has_backlink
376931,2025-11-08T18:20:50,paystand-acquires-bitwage-global-finance,publish,https://coincu.com/paystand-acquires-bitwage-global-finance,10,3,0,0,keep,has_backlink
376928,2025-11-08T17:52:58,hong-kong-influencer-investment-advice,publish,https://coincu.com/hong-kong-influencer-investment-advice,11,3,0,0,keep,has_backlink
376925,2025-11-08T17:23:09,cz-wlfi-trump-denial,publish,https://coincu.com/cz-wlfi-trump-denial,12,4,0,0,keep,has_backlink
376922,2025-11-08T16:51:47,boyaa-interactive-profit-rise-crypto-gains,publish,https://coincu.com/boyaa-interactive-profit-rise-crypto-gains,10,2,0,0,keep,has_backlink
376916,2025-11-08T15:51:37,bitcoin-zcash-whale-positions-closed,publish,https://coincu.com/bitcoin-zcash-whale-positions-closed,11,4,0,0,keep,has_backlink
376910,2025-11-08T15:41:40,little-pepe-lilpepe-and-ethereum-eth-price-prediction-if-bitcoin-btc-hits-1-6m-like-tom-lee-forecasts,publish,https://coincu.com/little-pepe-lilpepe-and-ethereum-eth-price-prediction-if-bitcoin-btc-hits-1-6m-like-tom-lee-forecasts,8,2,0,0,keep,has_backlink
376909,2025-11-08T15:21:35,tether-freezes-ethereum-address-usdt,publish,https://coincu.com/tether-freezes-ethereum-address-usdt,10,3,0,0,keep,has_backlink
376903,2025-11-08T14:21:00,franklin-templeton-xrp-etf-dtcc-listing,publish,https://coincu.com/franklin-templeton-xrp-etf-dtcc-listing,9,2,0,0,keep,has_backlink
376896,2025-11-08T14:04:00,ethereum-eyes-3500-breakout,publish,https://coincu.com/ethereum-eyes-3500-breakout,19,3,0,0,keep,has_backlink
376894,2025-11-08T13:50:32,fed-asset-purchases-reserve-levels,publish,https://coincu.com/fed-asset-purchases-reserve-levels,13,3,0,0,keep,has_backlink
376887,2025-11-08T13:25:08,coinbase-picks-aster-for-roadmap,publish,https://coincu.com/coinbase-picks-aster-for-roadmap,22,7,0,0,keep,has_backlink
376884,2025-11-08T12:51:14,us-shutdown-crypto-impact-volatility,publish,https://coincu.com/us-shutdown-crypto-impact-volatility,11,3,0,0,keep,has_backlink
376870,2025-11-08T12:46:09,whales-dump-500k-xrp-in-48-hours,publish,https://coincu.com/whales-dump-500k-xrp-in-48-hours,19,3,0,0,keep,has_backlink
376869,2025-11-08T12:21:31,zcash-wallet-opens-long-position,publish,https://coincu.com/zcash-wallet-opens-long-position,8,2,0,0,keep,has_backlink
376866,2025-11-08T11:51:14,hyperliquid-testing-blp-hypercore,publish,https://coincu.com/hyperliquid-testing-blp-hypercore,12,3,0,0,keep,has_backlink
376863,2025-11-08T11:22:16,stable-predeposit-vault-phase-2-kyc,publish,https://coincu.com/stable-predeposit-vault-phase-2-kyc,10,3,0,0,keep,has_backlink
376860,2025-11-08T10:52:15,fed-stablecoin-growth-impact,publish,https://coincu.com/fed-stablecoin-growth-impact,5,2,0,0,keep,has_backlink
376857,2025-11-08T10:21:23,stablecoin-reserve-1-6-billion,publish,https://coincu.com/stablecoin-reserve-1-6-billion,8,5,0,0,keep,has_backlink
376854,2025-11-08T09:50:47,monad-mainnet-launch-tokenomics-staking-exclusion,publish,https://coincu.com/monad-mainnet-launch-tokenomics-staking-exclusion,19,7,0,0,keep,has_backlink
376851,2025-11-08T09:21:29,stables-labs-usdx-recovery-plan,publish,https://coincu.com/stables-labs-usdx-recovery-plan,14,4,0,0,keep,has_backlink
376848,2025-11-08T08:52:00,us-shutdown-probabilities-market-uncertainty,publish,https://coincu.com/us-shutdown-probabilities-market-uncertainty,9,2,0,0,keep,has_backlink
376844,2025-11-08T07:52:18,coinbase-teases-launchpad-platform-video-twitter,publish,https://coincu.com/coinbase-teases-launchpad-platform-video-twitter,3,1,0,0,keep,has_backlink
376841,2025-11-08T07:20:34,singapore-money-laundering-seizure-fugitive,publish,https://coincu.com/singapore-money-laundering-seizure-fugitive,7,4,0,0,keep,has_backlink
376838,2025-11-08T06:52:06,hong-kong-blockchain-tokenized-investments,publish,https://coincu.com/hong-kong-blockchain-tokenized-investments,19,4,0,0,keep,has_backlink
376835,2025-11-08T06:21:35,binance-jct-listing-report-unconfirmed,publish,https://coincu.com/binance-jct-listing-report-unconfirmed,15,3,0,0,keep,has_backlink
376832,2025-11-08T05:52:39,lantern-ventures-restructuring-investors,publish,https://coincu.com/lantern-ventures-restructuring-investors,13,2,0,0,keep,has_backlink
376829,2025-11-08T05:20:53,trump-media-bitcoin-investment-2,publish,https://coincu.com/trump-media-bitcoin-investment-2,23,4,0,0,keep,has_backlink
376826,2025-11-08T04:51:16,jpmorgan-bitmine-ethereum-investment,publish,https://coincu.com/jpmorgan-bitmine-ethereum-investment,14,4,0,0,keep,has_backlink
376823,2025-11-08T04:20:47,bit-digital-31k-ethereum-purchase,publish,https://coincu.com/bit-digital-31k-ethereum-purchase,12,3,0,0,keep,has_backlink
376820,2025-11-08T03:50:50,us-shutdown-delays-october-nfp,publish,https://coincu.com/us-shutdown-delays-october-nfp,17,4,0,0,keep,has_backlink
376817,2025-11-08T03:21:23,21shares-files-xrp-etf-sec,publish,https://coincu.com/21shares-files-xrp-etf-sec,18,5,0,0,keep,has_backlink
376814,2025-11-08T02:50:57,21shares-xrp-spot-etf-sec,publish,https://coincu.com/21shares-xrp-spot-etf-sec,16,3,0,0,keep,has_backlink
376810,2025-11-08T01:53:08,fetchai-sues-ocean-protocol-token-mismanagement,publish,https://coincu.com/fetchai-sues-ocean-protocol-token-mismanagement,19,3,0,0,keep,has_backlink
376804,2025-11-08T00:52:06,balancer-bounty-hacker-negotiations,publish,https://coincu.com/balancer-bounty-hacker-negotiations,13,3,0,0,keep,has_backlink
376801,2025-11-08T00:23:02,stablecoin-fed-interest-rate,publish,https://coincu.com/stablecoin-fed-interest-rate,10,4,0,0,keep,has_backlink
376798,2025-11-07T23:51:17,paystand-acquires-bitwage,publish,https://coincu.com/paystand-acquires-bitwage,10,2,0,0,keep,has_backlink
376794,2025-11-07T22:51:34,franklin-templeton-spot-xrp-etf,publish,https://coincu.com/franklin-templeton-spot-xrp-etf,40,5,0,0,keep,has_backlink
376791,2025-11-07T22:21:50,elixir-deusd-stablecoin-retired-usdc-compensation,publish,https://coincu.com/elixir-deusd-stablecoin-retired-usdc-compensation,36,3,0,0,keep,has_backlink
376788,2025-11-07T21:53:07,arthur-hayes-zcash-maelstrom-update,publish,https://coincu.com/arthur-hayes-zcash-maelstrom-update,10,4,0,0,keep,has_backlink
376785,2025-11-07T21:21:57,google-llm-malware-hackers,publish,https://coincu.com/google-llm-malware-hackers,9,2,0,0,keep,has_backlink
376782,2025-11-07T20:51:26,jpmorgan-blackrock-bitcoin-etf,publish,https://coincu.com/jpmorgan-blackrock-bitcoin-etf,8,4,0,0,keep,has_backlink
376779,2025-11-07T20:23:20,us-stocks-crypto-equities-decline,publish,https://coincu.com/us-stocks-crypto-equities-decline,19,3,0,0,keep,has_backlink
376776,2025-11-07T19:51:09,senate-cryptocurrency-draft-delay,publish,https://coincu.com/senate-cryptocurrency-draft-delay,14,4,0,0,keep,has_backlink
376767,2025-11-07T19:22:22,us-consumer-confidence-drops-low,publish,https://coincu.com/us-consumer-confidence-drops-low,11,3,0,0,keep,has_backlink
376764,2025-11-07T18:51:26,hassett-fed-rate-cuts,publish,https://coincu.com/hassett-fed-rate-cuts,7,2,0,0,keep,has_backlink
376760,2025-11-07T17:52:52,cz-fox-news-interview,publish,https://coincu.com/cz-fox-news-interview,6,4,0,0,keep,has_backlink
376756,2025-11-07T16:52:08,binance-mana-egld-delist-nov-2025,publish,https://coincu.com/binance-mana-egld-delist-nov-2025,19,3,0,0,keep,has_backlink
376753,2025-11-07T16:21:04,us-inflation-expectations-october-2025,publish,https://coincu.com/us-inflation-expectations-october-2025,1,1,0,0,keep,has_backlink
376750,2025-11-07T15:51:34,us-shutdown-delays-payroll-report,publish,https://coincu.com/us-shutdown-delays-payroll-report,6,3,0,0,keep,has_backlink
376746,2025-11-07T15:44:04,mantle-collaborates-with-bybit-and-backed-to-bring-u-s-equities-onchain-pioneering-next-trillion-dollar-wave-of-tokenized-assets,publish,https://coincu.com/mantle-collaborates-with-bybit-and-backed-to-bring-u-s-equities-onchain-pioneering-next-trillion-dollar-wave-of-tokenized-assets,13,2,0,0,keep,has_backlink
376742,2025-11-07T15:22:24,us-inflation-impact-crypto-equities,publish,https://coincu.com/us-inflation-impact-crypto-equities,6,2,0,0,keep,has_backlink
376730,2025-11-07T14:57:30,sui-price-tests-1-90-support,publish,https://coincu.com/sui-price-tests-1-90-support,13,4,0,0,keep,has_backlink
376735,2025-11-07T14:53:04,trump-tariffs-impact-consumers,publish,https://coincu.com/trump-tariffs-impact-consumers,6,3,0,0,keep,has_backlink
376729,2025-11-07T14:21:58,the-graph-launches-amp-database,publish,https://coincu.com/the-graph-launches-amp-database,8,3,0,0,keep,has_backlink
376718,2025-11-07T14:18:10,xrp-doge-and-pepe-predictions-heat-up-but-ozak-ai-steals-the-spotlight,publish,https://coincu.com/xrp-doge-and-pepe-predictions-heat-up-but-ozak-ai-steals-the-spotlight,3,1,0,0,keep,has_backlink
376717,2025-11-07T13:51:23,us-shutdown-delays-employment-data,publish,https://coincu.com/us-shutdown-delays-employment-data,6,3,0,0,keep,has_backlink
376712,2025-11-07T13:22:23,novogratz-crypto-market-prediction,publish,https://coincu.com/novogratz-crypto-market-prediction,4,2,0,0,keep,has_backlink
376705,2025-11-07T12:53:11,clarida-fomc-statements-impact-crypto,publish,https://coincu.com/clarida-fomc-statements-impact-crypto,7,3,0,0,keep,has_backlink
376701,2025-11-07T12:28:55,bybit-pwm-posts-16-9-fund-return-as-crypto-markets-weather-uptober-shock,publish,https://coincu.com/bybit-pwm-posts-16-9-fund-return-as-crypto-markets-weather-uptober-shock,5,2,0,0,keep,has_backlink
376697,2025-11-07T12:21:36,japan-banks-yen-stablecoin-2025,publish,https://coincu.com/japan-banks-yen-stablecoin-2025,3,1,0,0,keep,has_backlink
376687,2025-11-07T12:01:57,eth-struggles-at-3300,publish,https://coincu.com/eth-struggles-at-3300,4,2,0,0,keep,has_backlink
376685,2025-11-07T11:52:13,kazakhstan-cryptocurrency-fund-etfs-stocks,publish,https://coincu.com/kazakhstan-cryptocurrency-fund-etfs-stocks,7,2,0,0,keep,has_backlink
376679,2025-11-07T11:22:33,stablecoins-outflows-stream-finance-collapse,publish,https://coincu.com/stablecoins-outflows-stream-finance-collapse,9,2,0,0,keep,has_backlink
376670,2025-11-07T11:09:41,bitcoin-struggles-at-100k,publish,https://coincu.com/bitcoin-struggles-at-100k,7,3,0,0,keep,has_backlink
376666,2025-11-07T11:09:23,japans-top-banks-launch-stablecoin-pilot,publish,https://coincu.com/japans-top-banks-launch-stablecoin-pilot,5,2,0,0,keep,has_backlink
376669,2025-11-07T10:52:55,compound-pauses-ethereum-markets,publish,https://coincu.com/compound-pauses-ethereum-markets,10,3,0,0,keep,has_backlink
376665,2025-11-07T10:22:31,bittrex-bankruptcy-fake-transactions,publish,https://coincu.com/bittrex-bankruptcy-fake-transactions,3,2,0,0,keep,has_backlink
376640,2025-11-07T10:00:00,bingx-ai-arena-debuts-bringing-competitive-ai-trading-in-copy-trading,publish,https://coincu.com/bingx-ai-arena-debuts-bringing-competitive-ai-trading-in-copy-trading,5,1,0,0,keep,has_backlink
376662,2025-11-07T09:52:02,btc-eth-options-expire-deribit,publish,https://coincu.com/btc-eth-options-expire-deribit,1,1,0,0,keep,has_backlink
376649,2025-11-07T09:24:10,xrp-shows-resilience-targeting-5-5,publish,https://coincu.com/xrp-shows-resilience-targeting-5-5,3,2,0,0,keep,has_backlink
376655,2025-11-07T09:21:45,us-shutdown-delays-nfp-data-release,publish,https://coincu.com/us-shutdown-delays-nfp-data-release,4,3,0,0,keep,has_backlink
376648,2025-11-07T08:52:28,elixir-protocol-terminates-deusd-stablecoin,publish,https://coincu.com/elixir-protocol-terminates-deusd-stablecoin,4,3,0,0,keep,has_backlink
376645,2025-11-07T08:22:23,carv-upgrades-shielded-mind-mainnet,publish,https://coincu.com/carv-upgrades-shielded-mind-mainnet,5,2,0,0,keep,has_backlink
376639,2025-11-07T07:51:19,north-korean-hackers-crypto-ai,publish,https://coincu.com/north-korean-hackers-crypto-ai,10,3,0,0,keep,has_backlink
376636,2025-11-07T07:20:46,fed-ends-qt-treasury-yield-down,publish,https://coincu.com/fed-ends-qt-treasury-yield-down,14,4,0,0,keep,has_backlink
376632,2025-11-07T06:52:15,trump-tariff-costs-supreme-review,publish,https://coincu.com/trump-tariff-costs-supreme-review,6,2,0,0,keep,has_backlink
376629,2025-11-07T06:21:29,jack-yi-market-outlook-bitcoin-ethereum,publish,https://coincu.com/jack-yi-market-outlook-bitcoin-ethereum,10,4,0,0,keep,has_backlink
376626,2025-11-07T05:52:32,usdt-whale-withdrawal-aave-impact,publish,https://coincu.com/usdt-whale-withdrawal-aave-impact,18,8,0,0,keep,has_backlink
376623,2025-11-07T05:24:04,mike-novogratz-crypto-market-insights,publish,https://coincu.com/mike-novogratz-crypto-market-insights,12,4,0,0,keep,has_backlink
376620,2025-11-07T03:10:28,fed-response-market-pressure,publish,https://coincu.com/fed-response-market-pressure,19,3,0,0,keep,has_backlink
376617,2025-11-07T02:40:51,stream-finance-defi-crisis,publish,https://coincu.com/stream-finance-defi-crisis,16,4,0,0,keep,has_backlink
376614,2025-11-07T02:11:15,compound-lifts-pause-usdc-usds,publish,https://coincu.com/compound-lifts-pause-usdc-usds,27,9,0,0,keep,has_backlink
376611,2025-11-07T01:40:58,binance-sei-network-validator,publish,https://coincu.com/binance-sei-network-validator,16,5,0,0,keep,has_backlink
376608,2025-11-07T01:12:19,cipher-mining-fundraising-texas-data-center,publish,https://coincu.com/cipher-mining-fundraising-texas-data-center,11,3,0,0,keep,has_backlink
376604,2025-11-07T00:11:44,openai-altman-rejects-government-support,publish,https://coincu.com/openai-altman-rejects-government-support,17,3,0,0,keep,has_backlink
376599,2025-11-06T23:10:15,tesla-musk-compensation-plan,publish,https://coincu.com/tesla-musk-compensation-plan,16,3,0,0,keep,has_backlink
376596,2025-11-06T22:40:55,nasdaq-bitcoin-market-fall-nov23,publish,https://coincu.com/nasdaq-bitcoin-market-fall-nov23,16,5,0,0,keep,has_backlink
376593,2025-11-06T22:11:48,crypto-market-us-stock-decline,publish,https://coincu.com/crypto-market-us-stock-decline,31,5,0,0,keep,has_backlink
376589,2025-11-06T22:02:33,lp-free-perpetuals-exchange-leverup-available-now-powered-by-monad,publish,https://coincu.com/lp-free-perpetuals-exchange-leverup-available-now-powered-by-monad,7,2,0,0,keep,has_backlink
376586,2025-11-06T21:41:58,whale-buys-usdx-during-drop,publish,https://coincu.com/whale-buys-usdx-during-drop,8,4,0,0,keep,has_backlink
376583,2025-11-06T21:11:21,robinhood-bitcoin-corporate-treasury,publish,https://coincu.com/robinhood-bitcoin-corporate-treasury,4,2,0,0,keep,has_backlink
376579,2025-11-06T20:47:44,sonami-announces-presale-developments-and-layer-2-expansion,publish,https://coincu.com/sonami-announces-presale-developments-and-layer-2-expansion,5,2,0,0,keep,has_backlink
376576,2025-11-06T20:41:05,lista-dao-forced-liquidation,publish,https://coincu.com/lista-dao-forced-liquidation,21,5,0,0,keep,has_backlink
376573,2025-11-06T20:12:00,elixir-deusd-redeem-stream-crisis,publish,https://coincu.com/elixir-deusd-redeem-stream-crisis,7,2,0,0,keep,has_backlink
376570,2025-11-06T19:42:10,circle-mints-750m-usdc-solana,publish,https://coincu.com/circle-mints-750m-usdc-solana,12,6,0,0,keep,has_backlink
376567,2025-11-06T19:12:32,liquid-capital-bitcoin-outlook,publish,https://coincu.com/liquid-capital-bitcoin-outlook,9,4,0,0,keep,has_backlink
376564,2025-11-06T18:41:05,google-finance-adds-prediction-data,publish,https://coincu.com/google-finance-adds-prediction-data,16,4,0,0,keep,has_backlink
376561,2025-11-06T18:11:35,trump-us-leadership-crypto,publish,https://coincu.com/trump-us-leadership-crypto,7,3,0,0,keep,has_backlink
376554,2025-11-06T18:05:31,ethereum-holds-key-support,publish,https://coincu.com/ethereum-holds-key-support,13,3,0,0,keep,has_backlink
376553,2025-11-06T17:41:59,fed-harker-interest-rate-cuts-caution,publish,https://coincu.com/fed-harker-interest-rate-cuts-caution,5,4,0,0,keep,has_backlink
376537,2025-11-06T17:15:51,dogecoin-near-apex-of-symetrical-triangle,publish,https://coincu.com/dogecoin-near-apex-of-symetrical-triangle,15,4,0,0,keep,has_backlink
376545,2025-11-06T17:12:21,jpmorgan-stablecoin-integration-2025,publish,https://coincu.com/jpmorgan-stablecoin-integration-2025,5,4,0,0,keep,has_backlink
376535,2025-11-06T16:41:09,house-speaker-johnson-shutdown,publish,https://coincu.com/house-speaker-johnson-shutdown,8,3,0,0,keep,has_backlink
376530,2025-11-06T16:32:08,yzi-labs-backs-funes-to-preserve-global,publish,https://coincu.com/yzi-labs-backs-funes-to-preserve-global,6,2,0,0,keep,has_backlink
376529,2025-11-06T16:12:22,aave-whale-usdt-utilization-spike,publish,https://coincu.com/aave-whale-usdt-utilization-spike,18,9,0,0,keep,has_backlink
376513,2025-11-06T15:53:37,ondo-shows-reversal-signs-eyes-ath,publish,https://coincu.com/ondo-shows-reversal-signs-eyes-ath,6,2,0,0,keep,has_backlink
376498,2025-11-06T15:34:15,bnb-price-action-breakout-above-989-9,publish,https://coincu.com/bnb-price-action-breakout-above-989-9,7,3,0,0,keep,has_backlink
376503,2025-11-06T15:12:34,ethereum-fusaka-upgrade-december-2025,publish,https://coincu.com/ethereum-fusaka-upgrade-december-2025,5,3,0,0,keep,has_backlink
376497,2025-11-06T14:42:40,us-supreme-court-tariff-ruling,publish,https://coincu.com/us-supreme-court-tariff-ruling,7,3,0,0,keep,has_backlink
376494,2025-11-06T14:12:04,morpho-co-founder-addresses-liquidity,publish,https://coincu.com/morpho-co-founder-addresses-liquidity,11,3,0,0,keep,has_backlink
376486,2025-11-06T13:12:15,retail-inflows-propel-us-stock-market,publish,https://coincu.com/retail-inflows-propel-us-stock-market,5,3,0,0,keep,has_backlink
376483,2025-11-06T12:41:34,us-shutdown-federal-reserve-decisions,publish,https://coincu.com/us-shutdown-federal-reserve-decisions,5,2,0,0,keep,has_backlink
376478,2025-11-06T12:11:21,senate-agriculture-crypto-legislation-progress,publish,https://coincu.com/senate-agriculture-crypto-legislation-progress,3,1,0,0,keep,has_backlink
376468,2025-11-06T11:43:44,sei-forms-weekly-falling-wedge-pattern,publish,https://coincu.com/sei-forms-weekly-falling-wedge-pattern,6,2,0,0,keep,has_backlink
376457,2025-11-06T10:41:39,franklin-templeton-tokenized-fund-hong-kong-2,publish,https://coincu.com/franklin-templeton-tokenized-fund-hong-kong-2,11,5,0,0,keep,has_backlink
376453,2025-11-06T10:29:11,cango-inc-releases-letter-to-shareholders,publish,https://coincu.com/cango-inc-releases-letter-to-shareholders,3,1,0,0,keep,has_backlink
376450,2025-11-06T10:10:44,wintermute-stalled-crypto-liquidity-growth,publish,https://coincu.com/wintermute-stalled-crypto-liquidity-growth,10,4,0,0,keep,has_backlink
376447,2025-11-06T09:40:59,franklin-templeton-blockchain-fund,publish,https://coincu.com/franklin-templeton-blockchain-fund,8,3,0,0,keep,has_backlink
376444,2025-11-06T09:13:19,us-court-rules-fbi-bitcoin-case,publish,https://coincu.com/us-court-rules-fbi-bitcoin-case,8,4,0,0,keep,has_backlink
376441,2025-11-06T08:41:11,supreme-court-tariff-decision-bitcoin-impact,publish,https://coincu.com/supreme-court-tariff-decision-bitcoin-impact,7,3,0,0,keep,has_backlink
376433,2025-11-06T08:36:52,top-3-meme-coins-to-buy-that-could-hit-1-by-2026,publish,https://coincu.com/top-3-meme-coins-to-buy-that-could-hit-1-by-2026,5,1,0,0,keep,has_backlink
376432,2025-11-06T08:10:37,tuttle-crypto-blast-etf-launch,publish,https://coincu.com/tuttle-crypto-blast-etf-launch,11,4,0,0,keep,has_backlink
376429,2025-11-06T07:42:02,ethena-usde-supply-drop,publish,https://coincu.com/ethena-usde-supply-drop,12,4,0,0,keep,has_backlink
376426,2025-11-06T07:11:41,binance-cz-education-giggle-academy,publish,https://coincu.com/binance-cz-education-giggle-academy,10,3,0,0,keep,has_backlink
376423,2025-11-06T06:41:05,us-shutdown-historic-crypto-impact,publish,https://coincu.com/us-shutdown-historic-crypto-impact,10,3,0,0,keep,has_backlink
376420,2025-11-06T06:11:02,circle-usdc-firearm-policy-update,publish,https://coincu.com/circle-usdc-firearm-policy-update,13,4,0,0,keep,has_backlink
376417,2025-11-06T05:42:30,circle-usdc-firearms-policy-update,publish,https://coincu.com/circle-usdc-firearms-policy-update,14,4,0,0,keep,has_backlink
376414,2025-11-06T05:27:47,european-blockchain-convention-2026,publish,https://coincu.com/european-blockchain-convention-2026,9,3,0,0,keep,has_backlink
376412,2025-11-06T05:12:09,binance-lists-sapien-airdrop-starts,publish,https://coincu.com/binance-lists-sapien-airdrop-starts,6,1,0,0,keep,has_backlink
376409,2025-11-06T04:57:43,blockchain-futurist-conference-2026,publish,https://coincu.com/blockchain-futurist-conference-2026,9,3,0,0,keep,has_backlink
376407,2025-11-06T04:40:33,white-house-sacks-bipartisan-crypto-progress,publish,https://coincu.com/white-house-sacks-bipartisan-crypto-progress,8,2,0,0,keep,has_backlink
376404,2025-11-06T04:27:51,chainalysis-links-2026-new-york,publish,https://coincu.com/chainalysis-links-2026-new-york,9,2,0,0,keep,has_backlink
376402,2025-11-06T04:11:03,kazakhstan-crypto-investments-reserves,publish,https://coincu.com/kazakhstan-crypto-investments-reserves,11,2,0,0,keep,has_backlink
376399,2025-11-06T03:58:08,w3n-2025-narva,publish,https://coincu.com/w3n-2025-narva,14,3,0,0,keep,has_backlink
376397,2025-11-06T03:40:58,ripple-500-million-funding-valuation,publish,https://coincu.com/ripple-500-million-funding-valuation,10,2,0,0,keep,has_backlink
376394,2025-11-06T03:27:52,chainalysis-nodes-2025-uae,publish,https://coincu.com/chainalysis-nodes-2025-uae,8,3,5,67,keep,has_backlink|has_gsc_3m
376392,2025-11-06T03:12:13,trump-backs-bitcoin-reserve,publish,https://coincu.com/trump-backs-bitcoin-reserve,15,4,0,0,keep,has_backlink
376389,2025-11-06T02:40:42,franklin-templeton-tokenized-fund-hong-kong,publish,https://coincu.com/franklin-templeton-tokenized-fund-hong-kong,9,3,0,0,keep,has_backlink
376386,2025-11-06T02:10:42,us-shutdown-polymarket-data,publish,https://coincu.com/us-shutdown-polymarket-data,9,3,0,0,keep,has_backlink
376383,2025-11-06T01:42:10,bitwise-cio-bitcoin-allocation-shift,publish,https://coincu.com/bitwise-cio-bitcoin-allocation-shift,9,4,0,0,keep,has_backlink
376380,2025-11-06T01:11:00,franklin-templeton-tokenized-fund-hk,publish,https://coincu.com/franklin-templeton-tokenized-fund-hk,6,2,0,0,keep,has_backlink
376377,2025-11-06T00:42:40,us-china-tariff-reductions-trade,publish,https://coincu.com/us-china-tariff-reductions-trade,16,7,0,0,keep,has_backlink
376374,2025-11-06T00:11:07,tuttle-capital-crypto-blast-etf,publish,https://coincu.com/tuttle-capital-crypto-blast-etf,6,3,0,0,keep,has_backlink
376371,2025-11-05T23:40:39,wef-bubble-warning-cryptocurrency-ai,publish,https://coincu.com/wef-bubble-warning-cryptocurrency-ai,5,3,0,0,keep,has_backlink
376368,2025-11-05T23:11:55,yzi-labs-expands-web3-team,publish,https://coincu.com/yzi-labs-expands-web3-team,5,3,0,0,keep,has_backlink
376365,2025-11-05T22:41:33,alphaton-acquires-blockchain-wire,publish,https://coincu.com/alphaton-acquires-blockchain-wire,28,10,0,0,keep,has_backlink
376286,2025-11-05T22:30:00,top-6-reasons-ipo-genie-is-2025s-biggest-presale-opportunity,publish,https://coincu.com/top-6-reasons-ipo-genie-is-2025s-biggest-presale-opportunity,10,2,0,0,keep,has_backlink
376362,2025-11-05T22:11:46,harmonic-6m-seed-round-paradigm,publish,https://coincu.com/harmonic-6m-seed-round-paradigm,17,3,0,0,keep,has_backlink
376359,2025-11-05T21:40:27,stable-pre-deposit-launch,publish,https://coincu.com/stable-pre-deposit-launch,11,3,0,0,keep,has_backlink
376356,2025-11-05T21:10:40,us-shutdown-crypto-market-impact,publish,https://coincu.com/us-shutdown-crypto-market-impact,13,4,0,0,keep,has_backlink
376353,2025-11-05T20:40:21,us-treasury-bond-auction-impact,publish,https://coincu.com/us-treasury-bond-auction-impact,15,3,0,0,keep,has_backlink
376285,2025-11-05T20:30:00,5-signs-ipo-genie-is-the-most-rewarding-presale-in-2025,publish,https://coincu.com/5-signs-ipo-genie-is-the-most-rewarding-presale-in-2025,12,2,0,0,keep,has_backlink
376350,2025-11-05T20:10:25,trump-market-claims-shutdown-impact,publish,https://coincu.com/trump-market-claims-shutdown-impact,15,3,0,0,keep,has_backlink
376345,2025-11-05T19:59:42,ripple-mastercard-launch-rlusd-credit,publish,https://coincu.com/ripple-mastercard-launch-rlusd-credit,13,3,0,0,keep,has_backlink
376344,2025-11-05T19:41:26,trump-shutdown-stock-market-impact,publish,https://coincu.com/trump-shutdown-stock-market-impact,6,3,0,0,keep,has_backlink
376341,2025-11-05T19:12:10,balancer-exploit-response-nov2023,publish,https://coincu.com/balancer-exploit-response-nov2023,8,3,0,0,keep,has_backlink
376338,2025-11-05T18:40:55,ripple-500-million-strategic-investment,publish,https://coincu.com/ripple-500-million-strategic-investment,5,2,0,0,keep,has_backlink
376284,2025-11-05T18:30:00,what-to-buy-in-november-2025-9-best-cryptos-ready-for-their-next-bull-run,publish,https://coincu.com/what-to-buy-in-november-2025-9-best-cryptos-ready-for-their-next-bull-run,3,1,0,0,keep,has_backlink
376335,2025-11-05T18:12:21,crypto-liquidation-market-impact-2023,publish,https://coincu.com/crypto-liquidation-market-impact-2023,26,4,0,0,keep,has_backlink
376332,2025-11-05T17:41:37,binance-smart-money-leaderboard-profits,publish,https://coincu.com/binance-smart-money-leaderboard-profits,5,3,0,0,keep,has_backlink
376329,2025-11-05T17:11:20,cme-federal-rate-cut-december,publish,https://coincu.com/cme-federal-rate-cut-december,7,3,0,0,keep,has_backlink
376319,2025-11-05T16:45:01,ethereum-slides-into-2-8k-4-1k-zone,publish,https://coincu.com/ethereum-slides-into-2-8k-4-1k-zone,9,4,0,0,keep,has_backlink
376325,2025-11-05T16:41:25,federal-reserve-milan-rate-cut,publish,https://coincu.com/federal-reserve-milan-rate-cut,7,4,0,0,keep,has_backlink
376318,2025-11-05T16:11:27,galaxy-digital-bitcoin-forecast,publish,https://coincu.com/galaxy-digital-bitcoin-forecast,8,4,0,0,keep,has_backlink
376307,2025-11-05T15:42:34,supreme-court-trump-tariff-case,publish,https://coincu.com/supreme-court-trump-tariff-case,6,2,0,0,keep,has_backlink
376303,2025-11-05T15:11:11,redstone-hyperstone-hyperliquid-market,publish,https://coincu.com/redstone-hyperstone-hyperliquid-market,7,2,0,0,keep,has_backlink
376283,2025-11-05T14:42:09,ripple-500m-funding-valutation-40b,publish,https://coincu.com/ripple-500m-funding-valutation-40b,7,2,0,0,keep,has_backlink
376280,2025-11-05T14:10:54,kazakhstan-considers-crypto-reserves,publish,https://coincu.com/kazakhstan-considers-crypto-reserves,6,1,0,0,keep,has_backlink
376276,2025-11-05T14:05:24,leverage-shares-by-themes-adds-gemi-blsh-bmnr-to-leveraged-single-stock-etf-suite-debuting-first-to-market-gemg,publish,https://coincu.com/leverage-shares-by-themes-adds-gemi-blsh-bmnr-to-leveraged-single-stock-etf-suite-debuting-first-to-market-gemg,3,1,0,0,keep,has_backlink
376269,2025-11-05T13:40:49,us-adp-employment-october-2025,publish,https://coincu.com/us-adp-employment-october-2025,8,3,0,0,keep,has_backlink
376266,2025-11-05T13:12:09,crypto-market-rebound-oversold-conditions,publish,https://coincu.com/crypto-market-rebound-oversold-conditions,4,3,0,0,keep,has_backlink
376260,2025-11-05T12:11:49,binance-delists-six-trading-pairs,publish,https://coincu.com/binance-delists-six-trading-pairs,5,2,0,0,keep,has_backlink
376257,2025-11-05T11:40:26,china-us-tariff-suspension-2025,publish,https://coincu.com/china-us-tariff-suspension-2025,5,3,0,0,keep,has_backlink
376254,2025-11-05T11:11:43,supreme-court-trump-tariff-authority,publish,https://coincu.com/supreme-court-trump-tariff-authority,4,2,0,0,keep,has_backlink
376251,2025-11-05T10:41:35,fed-pressure-trump-powell-2025,publish,https://coincu.com/fed-pressure-trump-powell-2025,9,3,0,0,keep,has_backlink
376248,2025-11-05T10:12:45,bybit-lists-lit-protocol-litsplash,publish,https://coincu.com/bybit-lists-lit-protocol-litsplash,13,3,0,0,keep,has_backlink
376244,2025-11-05T10:05:25,zama-announces-strategic-acquisition-of-kkrt-labs-to-scale-confidentiality-on-public-blockchains,publish,https://coincu.com/zama-announces-strategic-acquisition-of-kkrt-labs-to-scale-confidentiality-on-public-blockchains,1,1,0,0,keep,has_backlink
376185,2025-11-04T22:00:00,1000x-incoming-ipo-genie-presale-could-be-2025s-biggest-wealth-event,publish,https://coincu.com/1000x-incoming-ipo-genie-presale-could-be-2025s-biggest-wealth-event,8,2,0,0,keep,has_backlink
376180,2025-11-04T20:00:00,experts-predict-ipo-genie-will-hit-1-before-it-even-lists-on-dex-the-top-crypto-presale-taking-over-2025,publish,https://coincu.com/experts-predict-ipo-genie-will-hit-1-before-it-even-lists-on-dex-the-top-crypto-presale-taking-over-2025,8,3,0,0,keep,has_backlink
376200,2025-11-04T17:31:15,top-5-meme-coins-in-2025-find-out-which-one-can-75x-your-capital,publish,https://coincu.com/top-5-meme-coins-in-2025-find-out-which-one-can-75x-your-capital,6,1,0,0,keep,has_backlink
376173,2025-11-04T17:00:00,dont-miss-the-top-crypto-to-buy-under-1-after-litecoins-peak,publish,https://coincu.com/dont-miss-the-top-crypto-to-buy-under-1-after-litecoins-peak,8,2,0,0,keep,has_backlink
376166,2025-11-04T15:26:56,arbitrum-crashes-89-is-0-20-the-next,publish,https://coincu.com/arbitrum-crashes-89-is-0-20-the-next,11,2,0,0,keep,has_backlink
376158,2025-11-04T14:12:37,solana-etf-inflows-hit-70m,publish,https://coincu.com/solana-etf-inflows-hit-70m,8,3,0,0,keep,has_backlink
376150,2025-11-04T13:42:21,bitcoin-nears-breakdown,publish,https://coincu.com/bitcoin-nears-breakdown,6,3,0,0,keep,has_backlink
376137,2025-11-04T11:31:27,ubs-completes-worlds-first-in-production,publish,https://coincu.com/ubs-completes-worlds-first-in-production,9,5,0,0,keep,has_backlink
376130,2025-11-04T11:16:43,ethereum-bullish-pattern-toward-11-5k,publish,https://coincu.com/ethereum-bullish-pattern-toward-11-5k,14,4,0,0,keep,has_backlink
376128,2025-11-04T10:51:20,mevolaxy-launches-mobile-app-and-announces-record-payouts,publish,https://coincu.com/mevolaxy-launches-mobile-app-and-announces-record-payouts,5,2,0,0,keep,has_backlink
376113,2025-11-04T07:44:39,biggame-solutions-stop-waiting-for-the-next-bull-run-start-owning-a-crypto-casino,publish,https://coincu.com/biggame-solutions-stop-waiting-for-the-next-bull-run-start-owning-a-crypto-casino,8,2,0,0,keep,has_backlink
376101,2025-11-04T03:27:57,sub0-symbiosis-2025-buenos-aires,publish,https://coincu.com/sub0-symbiosis-2025-buenos-aires,18,5,0,0,keep,has_backlink
375988,2025-11-03T20:00:00,the-hottest-presale-of-2025-ipo-genie-is-live,publish,https://coincu.com/the-hottest-presale-of-2025-ipo-genie-is-live,7,3,0,0,keep,has_backlink
376069,2025-11-03T18:59:42,grantix-brings-1-57-trillion-impact-investing-market-on-chain-through-ai-powered-socialfi-platform,publish,https://coincu.com/grantix-brings-1-57-trillion-impact-investing-market-on-chain-through-ai-powered-socialfi-platform,13,2,0,0,keep,has_backlink
376058,2025-11-03T18:00:46,15-is-key-for-link-reversal-zone,publish,https://coincu.com/15-is-key-for-link-reversal-zone,3,2,0,0,keep,has_backlink
376052,2025-11-03T17:32:35,stream-revenue-backed-staking-apy-jumps-to-38-as-streamflow-october-revenue-hits-285000,publish,https://coincu.com/stream-revenue-backed-staking-apy-jumps-to-38-as-streamflow-october-revenue-hits-285000,4,2,0,0,keep,has_backlink
376026,2025-11-03T17:14:57,xrp-slows-with-possible-retest-of-2-25,publish,https://coincu.com/xrp-slows-with-possible-retest-of-2-25,17,7,0,0,keep,has_backlink
376041,2025-11-03T16:56:50,canary-hbar-etf-hits-70m,publish,https://coincu.com/canary-hbar-etf-hits-70m,7,3,0,0,keep,has_backlink
376040,2025-11-03T16:38:01,bybit-list-momentum-mmt-spot-market,publish,https://coincu.com/bybit-list-momentum-mmt-spot-market,4,2,0,0,keep,has_backlink
376030,2025-11-03T16:33:57,ethereum-eth-price-forecast-eth-targets-8000-as-little-pepe-lilpepe-attracts-thousands-of-investors,publish,https://coincu.com/ethereum-eth-price-forecast-eth-targets-8000-as-little-pepe-lilpepe-attracts-thousands-of-investors,3,1,0,0,keep,has_backlink
375986,2025-11-03T16:00:00,buy-top-cryptos-this-month-tron-cardano-and-blockchainfx-fuel-2025-momentum,publish,https://coincu.com/buy-top-cryptos-this-month-tron-cardano-and-blockchainfx-fuel-2025-momentum,5,3,0,0,keep,has_backlink
376019,2025-11-03T15:47:18,warrens-lawyer-fires-back-at-binances,publish,https://coincu.com/warrens-lawyer-fires-back-at-binances,5,2,0,0,keep,has_backlink
376022,2025-11-03T15:37:09,balancer-transfers-assets-amid-exploit,publish,https://coincu.com/balancer-transfers-assets-amid-exploit,8,3,0,0,keep,has_backlink
376014,2025-11-03T15:07:25,franklin-templeton-crypto-tradfi,publish,https://coincu.com/franklin-templeton-crypto-tradfi,8,4,0,0,keep,has_backlink
376011,2025-11-03T14:39:00,polymarket-trading-surge-poly-token,publish,https://coincu.com/polymarket-trading-surge-poly-token,18,7,0,0,keep,has_backlink
376004,2025-11-03T14:10:13,crypto-whale-unrealized-loss-impact,publish,https://coincu.com/crypto-whale-unrealized-loss-impact,10,5,0,0,keep,has_backlink
375992,2025-11-03T14:05:07,arbitrum-hits-accumulation-zone,publish,https://coincu.com/arbitrum-hits-accumulation-zone,5,2,0,0,keep,has_backlink
375996,2025-11-03T13:38:41,fed-dissent-rate-cut-debate,publish,https://coincu.com/fed-dissent-rate-cut-debate,10,3,0,0,keep,has_backlink
375984,2025-11-03T13:07:19,china-us-economic-cooperation-cryptocurrency,publish,https://coincu.com/china-us-economic-cooperation-cryptocurrency,12,2,0,0,keep,has_backlink
375981,2025-11-03T12:37:45,crypto-market-volume-october-2025,publish,https://coincu.com/crypto-market-volume-october-2025,7,2,0,0,keep,has_backlink
375975,2025-11-03T12:07:29,iren-ai-contract-with-microsoft,publish,https://coincu.com/iren-ai-contract-with-microsoft,9,4,0,0,keep,has_backlink
375972,2025-11-03T11:37:41,animoca-brands-nasdaq-takeover,publish,https://coincu.com/animoca-brands-nasdaq-takeover,13,3,0,0,keep,has_backlink
375692,2025-11-03T11:06:36,trump-administration-pro-crypto-shift,publish,https://coincu.com/trump-administration-pro-crypto-shift,11,3,0,0,keep,has_backlink
374989,2025-11-03T10:37:44,berachain-network-emergency-hardfork,publish,https://coincu.com/berachain-network-emergency-hardfork,8,2,0,0,keep,has_backlink
374930,2025-11-03T10:28:34,cango-inc-announces-october-2025-bitcoin-production-and-mining-operations-update,publish,https://coincu.com/cango-inc-announces-october-2025-bitcoin-production-and-mining-operations-update,8,2,0,0,keep,has_backlink
374193,2025-11-03T09:38:29,goplus-balancer-forks-warning,publish,https://coincu.com/goplus-balancer-forks-warning,8,3,0,0,keep,has_backlink
374145,2025-11-03T09:07:02,balancer-exploit-88million-cross-chain-losses,publish,https://coincu.com/balancer-exploit-88million-cross-chain-losses,10,3,0,0,keep,has_backlink
374142,2025-11-03T08:36:47,blocksec-defi-attacks-response,publish,https://coincu.com/blocksec-defi-attacks-response,4,2,0,0,keep,has_backlink
374133,2025-11-03T08:06:57,humidifi-leads-solana-dex-trading,publish,https://coincu.com/humidifi-leads-solana-dex-trading,23,6,3,90,keep,has_backlink|has_gsc_3m
374121,2025-11-03T07:51:12,solana-sol-could-reach-295-then-rally-toward-380-in-wave-five-pattern,publish,https://coincu.com/solana-sol-could-reach-295-then-rally-toward-380-in-wave-five-pattern,12,3,0,0,keep,has_backlink
374122,2025-11-03T07:36:35,cryptocurrency-fear-index-bitcoin-challenges,publish,https://coincu.com/cryptocurrency-fear-index-bitcoin-challenges,12,5,0,0,keep,has_backlink
374118,2025-11-03T07:06:51,calm-whale-profits-btc-sol,publish,https://coincu.com/calm-whale-profits-btc-sol,13,3,0,0,keep,has_backlink
374113,2025-11-03T06:08:24,hong-kong-sfc-expands-crypto-access,publish,https://coincu.com/hong-kong-sfc-expands-crypto-access,16,4,0,0,keep,has_backlink
374110,2025-11-03T05:37:18,historic-dex-cex-october-volumes,publish,https://coincu.com/historic-dex-cex-october-volumes,19,6,0,0,keep,has_backlink
374107,2025-11-03T05:07:29,hong-kong-sfc-virtual-assets,publish,https://coincu.com/hong-kong-sfc-virtual-assets,19,4,0,0,keep,has_backlink
374104,2025-11-03T04:36:30,hkma-fintech-2030-strategy-tokenization,publish,https://coincu.com/hkma-fintech-2030-strategy-tokenization,13,2,0,0,keep,has_backlink
374101,2025-11-03T04:07:41,standard-chartered-blockchain-forecasts,publish,https://coincu.com/standard-chartered-blockchain-forecasts,27,3,0,0,keep,has_backlink
374098,2025-11-03T03:36:01,hong-kong-stablecoin-regulation-2025-5,publish,https://coincu.com/hong-kong-stablecoin-regulation-2025-5,16,4,0,0,keep,has_backlink
374095,2025-11-03T03:27:58,cheatcode-2026-bedford,publish,https://coincu.com/cheatcode-2026-bedford,19,3,0,0,keep,has_backlink
374093,2025-11-03T03:07:31,spdb-digital-yuan-recruitment,publish,https://coincu.com/spdb-digital-yuan-recruitment,17,3,0,0,keep,has_backlink
374085,2025-11-03T02:55:00,polygons-ecosystem-surges-with-1b-in,publish,https://coincu.com/polygons-ecosystem-surges-with-1b-in,32,11,0,0,keep,has_backlink
374079,2025-11-03T02:12:09,are-chainlink-holders-positioning-early,publish,https://coincu.com/are-chainlink-holders-positioning-early,5,2,0,0,keep,has_backlink
374078,2025-11-03T02:07:54,hong-kong-fintech-week-2025,publish,https://coincu.com/hong-kong-fintech-week-2025,24,2,0,0,keep,has_backlink
374075,2025-11-03T01:36:25,record-crypto-mergers-october-2025,publish,https://coincu.com/record-crypto-mergers-october-2025,35,5,0,0,keep,has_backlink
374066,2025-11-03T01:34:54,market-reset-bitcoin-calm-after-leverage,publish,https://coincu.com/market-reset-bitcoin-calm-after-leverage,33,3,0,0,keep,has_backlink
374065,2025-11-03T01:07:03,binance-completes-apecoin-bnb,publish,https://coincu.com/binance-completes-apecoin-bnb,42,9,0,0,keep,has_backlink
374061,2025-11-03T00:36:37,federal-reserve-december-rate-cut-impact,publish,https://coincu.com/federal-reserve-december-rate-cut-impact,22,4,0,0,keep,has_backlink
374058,2025-11-03T00:06:18,binance-ceo-guilty-plea-penalty,publish,https://coincu.com/binance-ceo-guilty-plea-penalty,23,5,0,0,keep,has_backlink
374055,2025-11-02T23:37:04,cz-bnb-holdings-long-term,publish,https://coincu.com/cz-bnb-holdings-long-term,26,6,0,0,keep,has_backlink
374052,2025-11-02T23:05:55,buterin-open-source-driving-ai,publish,https://coincu.com/buterin-open-source-driving-ai,34,3,0,0,keep,has_backlink
374046,2025-11-02T22:05:28,cz-binance-pardon-impact,publish,https://coincu.com/cz-binance-pardon-impact,29,2,0,0,keep,has_backlink
374043,2025-11-02T21:36:25,etherfi-50m-ethfi-buyback,publish,https://coincu.com/etherfi-50m-ethfi-buyback,33,10,0,0,keep,has_backlink
374030,2025-11-02T21:22:31,eth-breaks-triangle-signaling-7367,publish,https://coincu.com/eth-breaks-triangle-signaling-7367,25,3,0,0,keep,has_backlink
374036,2025-11-02T21:06:18,dash-price-boosts-new-integrations,publish,https://coincu.com/dash-price-boosts-new-integrations,21,3,0,0,keep,has_backlink
373953,2025-11-02T21:00:00,top-5-crypto-presales-whales-are-buying-ahead-of-the-2025-bull-run,publish,https://coincu.com/top-5-crypto-presales-whales-are-buying-ahead-of-the-2025-bull-run,8,1,0,0,keep,has_backlink
374029,2025-11-02T20:37:05,arkk-etf-boosts-crypto-holdings,publish,https://coincu.com/arkk-etf-boosts-crypto-holdings,13,5,0,0,keep,has_backlink
374017,2025-11-02T19:36:31,x402-stablecoin-web-payments-coinbase,publish,https://coincu.com/x402-stablecoin-web-payments-coinbase,21,8,0,0,keep,has_backlink
374014,2025-11-02T19:06:21,lechang-court-crypto-fraud-conviction,publish,https://coincu.com/lechang-court-crypto-fraud-conviction,14,4,0,0,keep,has_backlink
374008,2025-11-02T18:05:57,chinese-gamers-scam-douyin-crypto,publish,https://coincu.com/chinese-gamers-scam-douyin-crypto,14,4,0,0,keep,has_backlink
374005,2025-11-02T17:36:46,coinbase-bvnk-2-billion-deal,publish,https://coincu.com/coinbase-bvnk-2-billion-deal,16,3,0,0,keep,has_backlink
374002,2025-11-02T17:06:22,yellen-economic-slowdown-market-impact,publish,https://coincu.com/yellen-economic-slowdown-market-impact,23,4,0,0,keep,has_backlink
373999,2025-11-02T16:38:25,spotlight-utility-token-support,publish,https://coincu.com/spotlight-utility-token-support,10,4,0,0,keep,has_backlink
373992,2025-11-02T16:06:32,cryptocurrencies-not-peaked-says-newton,publish,https://coincu.com/cryptocurrencies-not-peaked-says-newton,6,3,0,0,keep,has_backlink
373984,2025-11-02T15:51:40,asias-crypto-weekly-bank-rules,publish,https://coincu.com/asias-crypto-weekly-bank-rules,12,3,0,0,keep,has_backlink
373987,2025-11-02T15:37:35,huajian-eth-acquisition-delay,publish,https://coincu.com/huajian-eth-acquisition-delay,27,5,0,0,keep,has_backlink
373977,2025-11-02T15:31:06,bitcoin-in-october-33b-in-lth-selling,publish,https://coincu.com/bitcoin-in-october-33b-in-lth-selling,14,2,0,0,keep,has_backlink
373976,2025-11-02T15:08:01,metamask-rewards-token-event-update,publish,https://coincu.com/metamask-rewards-token-event-update,7,3,0,0,keep,has_backlink
373964,2025-11-02T15:00:14,dont-miss-the-next-dogecoin-doge-new-meme-coin-positioned-to-grow-18673-by-march-2026,publish,https://coincu.com/dont-miss-the-next-dogecoin-doge-new-meme-coin-positioned-to-grow-18673-by-march-2026,3,1,0,0,keep,has_backlink
373948,2025-11-02T14:37:34,false-reports-us-treasury-cut,publish,https://coincu.com/false-reports-us-treasury-cut,14,4,0,0,keep,has_backlink
373945,2025-11-02T14:06:38,mon-airdrop-claim-deadline,publish,https://coincu.com/mon-airdrop-claim-deadline,7,3,0,0,keep,has_backlink
373932,2025-11-02T12:36:00,eigen-foundation-token-transfer-growth,publish,https://coincu.com/eigen-foundation-token-transfer-growth,14,6,0,0,keep,has_backlink
373929,2025-11-02T12:06:46,bnb-chain-fourier-hard-fork,publish,https://coincu.com/bnb-chain-fourier-hard-fork,12,7,0,0,keep,has_backlink
373926,2025-11-02T11:36:13,tether-q3-2025-profit-report,publish,https://coincu.com/tether-q3-2025-profit-report,16,7,0,0,keep,has_backlink
373920,2025-11-02T11:11:00,best-meme-coin-to-buy-can-shiba-inu-shib-ride-the-hype-wave-again-as-little-pepe-lilpepe-prepares-for-a-12488-pump,publish,https://coincu.com/best-meme-coin-to-buy-can-shiba-inu-shib-ride-the-hype-wave-again-as-little-pepe-lilpepe-prepares-for-a-12488-pump,4,1,0,0,keep,has_backlink
373918,2025-11-02T11:07:47,lin-chen-crypto-market-liquidity,publish,https://coincu.com/lin-chen-crypto-market-liquidity,8,3,0,0,keep,has_backlink
373912,2025-11-02T11:05:22,du-launches-cloud-based-bitcoin-mining,publish,https://coincu.com/du-launches-cloud-based-bitcoin-mining,25,2,0,0,keep,has_backlink
373911,2025-11-02T10:37:15,kapkap-raises-10m-funding-round,publish,https://coincu.com/kapkap-raises-10m-funding-round,6,3,0,0,keep,has_backlink
373908,2025-11-02T09:36:41,bitcoin-rsi-upward-trend-market-analysis,publish,https://coincu.com/bitcoin-rsi-upward-trend-market-analysis,11,4,0,0,keep,has_backlink
373900,2025-11-02T09:17:31,ethereum-update-rising-on-chain-activity,publish,https://coincu.com/ethereum-update-rising-on-chain-activity,568,4,0,0,keep,has_backlink
373894,2025-11-02T08:37:10,elon-musk-ai-device-prediction,publish,https://coincu.com/elon-musk-ai-device-prediction,27,3,0,0,keep,has_backlink
373891,2025-11-02T08:06:38,sam-altman-tesla-roadster-refund,publish,https://coincu.com/sam-altman-tesla-roadster-refund,8,2,0,0,keep,has_backlink
373888,2025-11-02T07:06:11,huajian-medical-crypto-acquisition-halt,publish,https://coincu.com/huajian-medical-crypto-acquisition-halt,15,6,0,0,keep,has_backlink
373885,2025-11-02T06:35:50,coinghub-fined-overcharging-bitcoin-atms,publish,https://coincu.com/coinghub-fined-overcharging-bitcoin-atms,15,7,0,0,keep,has_backlink
373882,2025-11-02T06:06:26,zcash-q4-2025-roadmap-privacy,publish,https://coincu.com/zcash-q4-2025-roadmap-privacy,12,3,0,0,keep,has_backlink
373879,2025-11-02T05:35:51,cz-ai-judge-assistant-proposal,publish,https://coincu.com/cz-ai-judge-assistant-proposal,6,2,0,0,keep,has_backlink
373876,2025-11-02T05:06:59,binance-list-kite-launchpool,publish,https://coincu.com/binance-list-kite-launchpool,15,5,0,0,keep,has_backlink
373873,2025-11-02T04:35:31,binance-ai-judge-proposal-investment,publish,https://coincu.com/binance-ai-judge-proposal-investment,10,3,0,0,keep,has_backlink
373870,2025-11-02T04:05:56,godark-launches-dark-pool-trading,publish,https://coincu.com/godark-launches-dark-pool-trading,12,4,0,0,keep,has_backlink
373867,2025-11-02T03:35:59,fundstrat-mark-newton-crypto-outlook,publish,https://coincu.com/fundstrat-mark-newton-crypto-outlook,16,5,0,0,keep,has_backlink
373864,2025-11-02T03:06:14,indonesia-phases-digital-rupiah-2030,publish,https://coincu.com/indonesia-phases-digital-rupiah-2030,14,2,0,0,keep,has_backlink
373861,2025-11-02T02:36:09,treasury-secretary-praises-bitcoin,publish,https://coincu.com/treasury-secretary-praises-bitcoin,17,3,0,0,keep,has_backlink
373858,2025-11-02T02:06:55,binance-launches-kite-token-airdrop-trading,publish,https://coincu.com/binance-launches-kite-token-airdrop-trading,52,4,0,0,keep,has_backlink
373855,2025-11-02T01:57:34,federal-reserve-december-rate-cut-speculation,publish,https://coincu.com/federal-reserve-december-rate-cut-speculation,35,5,0,0,keep,has_backlink
373852,2025-11-02T01:37:31,metamask-clarifies-rewards-tge,publish,https://coincu.com/metamask-clarifies-rewards-tge,23,2,0,0,keep,has_backlink
373849,2025-11-02T01:27:40,zcash-privacy-upgrades-q4-roadmap,publish,https://coincu.com/zcash-privacy-upgrades-q4-roadmap,34,4,0,0,keep,has_backlink
373846,2025-11-02T01:06:31,bitcoin-forecasted-drop-hit-million,publish,https://coincu.com/bitcoin-forecasted-drop-hit-million,40,6,0,0,keep,has_backlink
373843,2025-11-02T00:58:39,buidlpad-launches-vibe-platform,publish,https://coincu.com/buidlpad-launches-vibe-platform,66,4,0,0,keep,has_backlink
373840,2025-11-02T00:37:43,nft-volume-drop-buyer-seller,publish,https://coincu.com/nft-volume-drop-buyer-seller,34,4,0,0,keep,has_backlink
373837,2025-11-02T00:28:06,buidlpad-vibe-platform-launch,publish,https://coincu.com/buidlpad-vibe-platform-launch,31,2,0,0,keep,has_backlink
373834,2025-11-02T00:06:43,michael-saylor-halloween-bitcoin-warning,publish,https://coincu.com/michael-saylor-halloween-bitcoin-warning,39,3,0,0,keep,has_backlink
373831,2025-11-01T23:58:49,crypto-fed-policy-bitcoin-spot-trends,publish,https://coincu.com/crypto-fed-policy-bitcoin-spot-trends,38,3,0,0,keep,has_backlink
373828,2025-11-01T23:36:54,semantic-layer-5m-funding-round,publish,https://coincu.com/semantic-layer-5m-funding-round,32,5,5,60,keep,has_backlink|has_gsc_3m
373825,2025-11-01T23:27:21,fed-logan-december-rate-cut-challenges,publish,https://coincu.com/fed-logan-december-rate-cut-challenges,35,3,0,0,keep,has_backlink
373822,2025-11-01T23:08:26,moonclash-100m-funding-bnbchain,publish,https://coincu.com/moonclash-100m-funding-bnbchain,31,5,0,0,keep,has_backlink
373816,2025-11-01T22:35:58,terawulf-raises-1b-texas-campus,publish,https://coincu.com/terawulf-raises-1b-texas-campus,26,2,0,0,keep,has_backlink
373813,2025-11-01T22:28:52,coinbase-bvnk-acquisition-deal,publish,https://coincu.com/coinbase-bvnk-acquisition-deal,25,3,0,0,keep,has_backlink
373810,2025-11-01T22:06:05,binance-chinese-input-method-update,publish,https://coincu.com/binance-chinese-input-method-update,19,2,0,0,keep,has_backlink
373804,2025-11-01T21:35:56,kapkap-raises-10million-launches-kaps,publish,https://coincu.com/kapkap-raises-10million-launches-kaps,21,5,0,0,keep,has_backlink
373798,2025-11-01T21:06:06,hangzhou-students-scammed-by-crypto-gang,publish,https://coincu.com/hangzhou-students-scammed-by-crypto-gang,28,4,0,0,keep,has_backlink
373795,2025-11-01T20:59:27,china-cryptocurrency-laundering-zhou,publish,https://coincu.com/china-cryptocurrency-laundering-zhou,32,3,0,0,keep,has_backlink
373786,2025-11-01T20:54:59,dogecoin-eyeing-potential-surge-to-0-33,publish,https://coincu.com/dogecoin-eyeing-potential-surge-to-0-33,35,4,0,0,keep,has_backlink
373785,2025-11-01T20:36:53,wechat-debunks-pi-coin-rumors,publish,https://coincu.com/wechat-debunks-pi-coin-rumors,34,4,0,0,keep,has_backlink
373782,2025-11-01T20:28:00,godark-institutional-dark-pool-crypto,publish,https://coincu.com/godark-institutional-dark-pool-crypto,32,5,0,0,keep,has_backlink
373779,2025-11-01T20:06:14,galaxy-digital-transfers-eth,publish,https://coincu.com/galaxy-digital-transfers-eth,17,3,0,0,keep,has_backlink
373669,2025-11-01T20:00:00,official-update-ipo-genie-presale-starts-soon-with-ai-driven-dealflow-real-world-assets-get-in,publish,https://coincu.com/official-update-ipo-genie-presale-starts-soon-with-ai-driven-dealflow-real-world-assets-get-in,6,1,0,0,keep,has_backlink
373776,2025-11-01T19:58:21,pump-fun-spotlight-utility-tokens,publish,https://coincu.com/pump-fun-spotlight-utility-tokens,19,3,0,0,keep,has_backlink
373766,2025-11-01T19:28:06,elon-musk-tesla-roadster-flying,publish,https://coincu.com/elon-musk-tesla-roadster-flying,23,4,0,0,keep,has_backlink
373763,2025-11-01T18:57:18,binance-5x-leverage-ccusdt-launch,publish,https://coincu.com/binance-5x-leverage-ccusdt-launch,24,2,0,0,keep,has_backlink
373760,2025-11-01T18:36:21,vitalik-buterin-usdc-memecoins-sale,publish,https://coincu.com/vitalik-buterin-usdc-memecoins-sale,26,3,0,0,keep,has_backlink
373729,2025-11-01T18:32:05,institutional-buyers-are-back-can-bitcoin,publish,https://coincu.com/institutional-buyers-are-back-can-bitcoin,13,3,0,0,keep,has_backlink
373655,2025-11-01T18:30:00,next-big-crypto-breakout-blockchainfx-bfx-surges-ahead-of-bnb-and-bitcoin-cash-with-income-driven-model,publish,https://coincu.com/next-big-crypto-breakout-blockchainfx-bfx-surges-ahead-of-bnb-and-bitcoin-cash-with-income-driven-model,5,1,0,0,keep,has_backlink
373755,2025-11-01T18:27:47,us-treasury-bitcoin-resilience,publish,https://coincu.com/us-treasury-bitcoin-resilience,19,3,0,0,keep,has_backlink
373750,2025-11-01T18:06:15,mexc-returns-frozen-funds-influencer,publish,https://coincu.com/mexc-returns-frozen-funds-influencer,20,4,0,0,keep,has_backlink
373744,2025-11-01T17:58:22,us-treasury-bitcoin-anniversary,publish,https://coincu.com/us-treasury-bitcoin-anniversary,14,2,0,0,keep,has_backlink
373740,2025-11-01T17:28:45,bitwise-xrp-etf-nyse-listing,publish,https://coincu.com/bitwise-xrp-etf-nyse-listing,22,4,0,0,keep,has_backlink
373733,2025-11-01T17:28:36,solana-crashes-27-despite-200m-etf,publish,https://coincu.com/solana-crashes-27-despite-200m-etf,28,3,0,0,keep,has_backlink
373732,2025-11-01T17:06:37,steak-n-shake-bitcoin-reserve,publish,https://coincu.com/steak-n-shake-bitcoin-reserve,20,2,0,0,keep,has_backlink
373728,2025-11-01T16:58:18,court-supports-fed-custodia,publish,https://coincu.com/court-supports-fed-custodia,19,2,0,0,keep,has_backlink
373719,2025-11-01T16:44:57,2-6m-eth-accumulated-at-3120,publish,https://coincu.com/2-6m-eth-accumulated-at-3120,21,5,0,0,keep,has_backlink
373718,2025-11-01T16:36:37,xrp-etf-filing-nyse-details,publish,https://coincu.com/xrp-etf-filing-nyse-details,15,2,0,0,keep,has_backlink
373715,2025-11-01T16:31:43,ai-startup-humans-valuation,publish,https://coincu.com/ai-startup-humans-valuation,40,4,0,0,keep,has_backlink
373713,2025-11-01T16:29:03,humans-ai-launch-eric-zelikman,publish,https://coincu.com/humans-ai-launch-eric-zelikman,18,3,0,0,keep,has_backlink
373708,2025-11-01T16:06:51,coinbase-bvnk-acquisition-talks,publish,https://coincu.com/coinbase-bvnk-acquisition-talks,10,2,0,0,keep,has_backlink
373705,2025-11-01T15:58:28,okx-cc-perpetual-swap-trading,publish,https://coincu.com/okx-cc-perpetual-swap-trading,15,2,0,0,keep,has_backlink
373702,2025-11-01T15:57:45,federal-reserve-rate-cut-market-focus,publish,https://coincu.com/federal-reserve-rate-cut-market-focus,15,2,0,0,keep,has_backlink
373693,2025-11-01T15:36:49,fed-rate-cut-prediction-december,publish,https://coincu.com/fed-rate-cut-prediction-december,14,3,0,0,keep,has_backlink
373690,2025-11-01T15:30:32,etherfi-50m-ethfi-buyback-proposal,publish,https://coincu.com/etherfi-50m-ethfi-buyback-proposal,11,3,0,0,keep,has_backlink
373687,2025-11-01T15:28:22,thodex-ceo-faruk-fatih-ozer-death,publish,https://coincu.com/thodex-ceo-faruk-fatih-ozer-death,11,2,0,0,keep,has_backlink
373684,2025-11-01T15:07:36,ping-token-rebound-x402-market-cap,publish,https://coincu.com/ping-token-rebound-x402-market-cap,16,4,0,0,keep,has_backlink
373681,2025-11-01T15:00:22,solana-leads-blockchain-engagement-aptos,publish,https://coincu.com/solana-leads-blockchain-engagement-aptos,19,4,0,0,keep,has_backlink
373674,2025-11-01T14:58:25,prince-group-chen-zhi-arrested,publish,https://coincu.com/prince-group-chen-zhi-arrested,19,4,0,0,keep,has_backlink
373654,2025-11-01T14:30:20,berkshire-hathaway-investment-strategy-crypto,publish,https://coincu.com/berkshire-hathaway-investment-strategy-crypto,22,4,0,0,keep,has_backlink
373652,2025-11-01T14:28:58,fed-cuts-rates-market-reaction-bitcoin,publish,https://coincu.com/fed-cuts-rates-market-reaction-bitcoin,17,4,0,0,keep,has_backlink
373649,2025-11-01T14:27:48,berkshire-concentrates-portfolio-top-holdings,publish,https://coincu.com/berkshire-concentrates-portfolio-top-holdings,14,2,0,0,keep,has_backlink
373644,2025-11-01T14:07:56,october-crypto-hacks-plummet,publish,https://coincu.com/october-crypto-hacks-plummet,8,2,0,0,keep,has_backlink
373559,2025-10-31T22:00:00,ipo-genie-presale-launch-nears-is-this-the-start-of-a-1000x-run,publish,https://coincu.com/ipo-genie-presale-launch-nears-is-this-the-start-of-a-1000x-run,6,1,0,0,keep,has_backlink
373632,2025-10-31T20:06:38,singapore-seizes-prince-group-assets,publish,https://coincu.com/singapore-seizes-prince-group-assets,13,3,0,0,keep,has_backlink
373627,2025-10-31T20:00:12,courts-step-in-trump-must-fund-food-aid,publish,https://coincu.com/courts-step-in-trump-must-fund-food-aid,19,4,0,0,keep,has_backlink
373626,2025-10-31T19:36:29,solana-etfs-staking-yield-launch,publish,https://coincu.com/solana-etfs-staking-yield-launch,18,5,0,0,keep,has_backlink
373611,2025-10-31T17:35:59,fed-december-rate-cut-stance,publish,https://coincu.com/fed-december-rate-cut-stance,11,4,0,0,keep,has_backlink
373608,2025-10-31T17:06:11,federal-reserve-stablecoin-regulations,publish,https://coincu.com/federal-reserve-stablecoin-regulations,15,7,0,0,keep,has_backlink
373599,2025-10-31T16:37:52,federal-reserve-rate-stability-labor,publish,https://coincu.com/federal-reserve-rate-stability-labor,12,4,0,0,keep,has_backlink
373592,2025-10-31T16:07:49,semantic-layer-raises-5m-funding-2,publish,https://coincu.com/semantic-layer-raises-5m-funding-2,14,5,0,0,keep,has_backlink
373576,2025-10-31T15:34:34,is-cardano-a-good-investment-in-2025-dont-count-out-ada-yet-but-this-cheap-crypto-will-beat-it-with-10000-gains,publish,https://coincu.com/is-cardano-a-good-investment-in-2025-dont-count-out-ada-yet-but-this-cheap-crypto-will-beat-it-with-10000-gains,3,1,0,0,keep,has_backlink
373557,2025-10-31T14:36:50,tether-record-profits-us-bond,publish,https://coincu.com/tether-record-profits-us-bond,22,4,0,0,keep,has_backlink
373552,2025-10-31T14:06:53,white-house-q3-us-growth,publish,https://coincu.com/white-house-q3-us-growth,15,4,0,0,keep,has_backlink
373549,2025-10-31T13:36:35,fed-silence-december-rate-cut,publish,https://coincu.com/fed-silence-december-rate-cut,5,2,0,0,keep,has_backlink
373546,2025-10-31T13:07:37,george-opposes-fed-rate-cut,publish,https://coincu.com/george-opposes-fed-rate-cut,7,4,0,0,keep,has_backlink
373531,2025-10-31T12:38:47,sui-strong-support-zone-eyeing-20,publish,https://coincu.com/sui-strong-support-zone-eyeing-20,10,4,0,0,keep,has_backlink
373540,2025-10-31T12:36:11,digital-rmb-cross-border-payments,publish,https://coincu.com/digital-rmb-cross-border-payments,11,4,0,0,keep,has_backlink
373530,2025-10-31T11:35:58,okx-wallet-boost-program-update,publish,https://coincu.com/okx-wallet-boost-program-update,11,4,0,0,keep,has_backlink
373527,2025-10-31T11:06:50,global-regulators-crypto-rules-delay,publish,https://coincu.com/global-regulators-crypto-rules-delay,9,2,0,0,keep,has_backlink
373524,2025-10-31T10:37:01,t3-unit-freezes-3-billion,publish,https://coincu.com/t3-unit-freezes-3-billion,14,5,0,0,keep,has_backlink
373520,2025-10-31T10:14:40,asters-rocket-launch-surpasses-1b-in-trading-volume-as-nubila-joins-with-over-6-million-nb-in-rewards,publish,https://coincu.com/asters-rocket-launch-surpasses-1b-in-trading-volume-as-nubila-joins-with-over-6-million-nb-in-rewards,6,2,0,0,keep,has_backlink
373517,2025-10-31T10:08:10,radiant-capital-50m-hack-tornado-cash,publish,https://coincu.com/radiant-capital-50m-hack-tornado-cash,17,7,0,0,keep,has_backlink
373514,2025-10-31T09:37:01,health-seed-round-blockchain-app,publish,https://coincu.com/health-seed-round-blockchain-app,16,3,0,0,keep,has_backlink
373511,2025-10-31T09:07:40,kite-foundation-ozone-testnet-tokenomics,publish,https://coincu.com/kite-foundation-ozone-testnet-tokenomics,12,4,0,0,keep,has_backlink
373508,2025-10-31T08:37:06,revolut-usd-stablecoin-exchange,publish,https://coincu.com/revolut-usd-stablecoin-exchange,13,3,0,0,keep,has_backlink
373505,2025-10-31T08:08:47,elizaos-rebrand-expansion-ai16z-swap,publish,https://coincu.com/elizaos-rebrand-expansion-ai16z-swap,19,7,0,0,keep,has_backlink
373502,2025-10-31T07:36:54,semantic-layer-raises-5m-funding,publish,https://coincu.com/semantic-layer-raises-5m-funding,19,5,0,0,keep,has_backlink
373499,2025-10-31T07:06:52,michael-burry-ai-market-bubbles,publish,https://coincu.com/michael-burry-ai-market-bubbles,18,5,0,0,keep,has_backlink
373496,2025-10-31T06:37:46,near-protocol-inflation-reduction,publish,https://coincu.com/near-protocol-inflation-reduction,22,7,0,0,keep,has_backlink
373493,2025-10-31T06:07:08,federal-reserve-liquidity-absent,publish,https://coincu.com/federal-reserve-liquidity-absent,10,3,0,0,keep,has_backlink
373490,2025-10-31T05:37:45,hong-kong-stablecoin-review-tribunal,publish,https://coincu.com/hong-kong-stablecoin-review-tribunal,10,4,0,0,keep,has_backlink
373487,2025-10-31T05:07:01,crypto-market-crash-dat-stocks,publish,https://coincu.com/crypto-market-crash-dat-stocks,8,4,0,0,keep,has_backlink
373484,2025-10-31T04:37:57,novastro-token-xnl-falls-public-sale,publish,https://coincu.com/novastro-token-xnl-falls-public-sale,14,4,0,0,keep,has_backlink
373478,2025-10-31T03:36:35,ftx-bankruptcy-claims-sbf-controversy,publish,https://coincu.com/ftx-bankruptcy-claims-sbf-controversy,19,5,0,0,keep,has_backlink
373472,2025-10-31T02:36:57,segg-media-300-million-crypto-reserve,publish,https://coincu.com/segg-media-300-million-crypto-reserve,15,4,0,0,keep,has_backlink
373469,2025-10-31T02:06:58,coinbase-btc-eth-expansion-q3,publish,https://coincu.com/coinbase-btc-eth-expansion-q3,12,3,0,0,keep,has_backlink
373457,2025-10-31T00:06:03,coinbase-q3-2024-revenue-growth,publish,https://coincu.com/coinbase-q3-2024-revenue-growth,17,4,0,0,keep,has_backlink
373454,2025-10-30T23:36:27,ethereum-fusaka-upgrade-december,publish,https://coincu.com/ethereum-fusaka-upgrade-december,27,5,0,0,keep,has_backlink
373451,2025-10-30T23:06:50,canary-xrp-etf-sec-approval,publish,https://coincu.com/canary-xrp-etf-sec-approval,41,7,0,0,keep,has_backlink
373448,2025-10-30T22:35:49,metalpha-12m-investment-gortune-avenir,publish,https://coincu.com/metalpha-12m-investment-gortune-avenir,29,5,0,0,keep,has_backlink
373443,2025-10-30T21:07:12,avalon-labs-ai-maas-crt-launch,publish,https://coincu.com/avalon-labs-ai-maas-crt-launch,14,6,0,0,keep,has_backlink
373371,2025-10-30T21:00:00,hottest-crypto-presale-of-2025-is-here-ipo-genie-ipo-launches-in-4-days,publish,https://coincu.com/hottest-crypto-presale-of-2025-is-here-ipo-genie-ipo-launches-in-4-days,6,2,0,0,keep,has_backlink
373440,2025-10-30T20:37:15,garden-finance-5-5m-exploit-impact,publish,https://coincu.com/garden-finance-5-5m-exploit-impact,8,2,0,0,keep,has_backlink
373437,2025-10-30T20:06:15,megaeth-public-offering-2025,publish,https://coincu.com/megaeth-public-offering-2025,13,2,0,0,keep,has_backlink
373429,2025-10-30T19:35:15,ecb-holds-deposit-rate-stability,publish,https://coincu.com/ecb-holds-deposit-rate-stability,21,6,0,0,keep,has_backlink
373426,2025-10-30T19:06:02,rwa-market-growth-forecast,publish,https://coincu.com/rwa-market-growth-forecast,22,5,0,0,keep,has_backlink
373423,2025-10-30T18:36:23,us-stock-crypto-indexes-drop,publish,https://coincu.com/us-stock-crypto-indexes-drop,13,4,0,0,keep,has_backlink
373415,2025-10-30T18:24:27,sei-gets-td-buy-signal-next-stop-0-31,publish,https://coincu.com/sei-gets-td-buy-signal-next-stop-0-31,6,2,0,0,keep,has_backlink
373414,2025-10-30T18:07:48,fed-chair-selection-impacts-crypto,publish,https://coincu.com/fed-chair-selection-impacts-crypto,17,4,0,0,keep,has_backlink
373408,2025-10-30T17:08:12,jump-crypto-sol-btc-swap,publish,https://coincu.com/jump-crypto-sol-btc-swap,23,6,0,0,keep,has_backlink
373369,2025-10-30T17:00:00,solana-xrp-and-blockchainfx-compete-for-top-cryptocurrency-to-buy-right-now-analysts-pick-the-winner,publish,https://coincu.com/solana-xrp-and-blockchainfx-compete-for-top-cryptocurrency-to-buy-right-now-analysts-pick-the-winner,13,2,0,0,keep,has_backlink
373405,2025-10-30T16:37:43,whitebit-report-social-engineering-threat,publish,https://coincu.com/whitebit-report-social-engineering-threat,12,3,0,0,keep,has_backlink
373400,2025-10-30T16:23:01,ondo-picks-chainlink-to-power-tokenized,publish,https://coincu.com/ondo-picks-chainlink-to-power-tokenized,11,2,0,0,keep,has_backlink
373399,2025-10-30T16:07:15,fight-token-sale-surpasses-target,publish,https://coincu.com/fight-token-sale-surpasses-target,7,2,0,0,keep,has_backlink
373396,2025-10-30T15:36:09,nordea-bank-bitcoin-etp-trading,publish,https://coincu.com/nordea-bank-bitcoin-etp-trading,9,3,0,0,keep,has_backlink
373391,2025-10-30T15:06:35,us-china-trade-agreement-malaysia,publish,https://coincu.com/us-china-trade-agreement-malaysia,14,4,0,0,keep,has_backlink
373377,2025-10-30T14:55:08,nowpayments-launches-0-usdt-trc20-network-fee-offer-for-new-partners,publish,https://coincu.com/nowpayments-launches-0-usdt-trc20-network-fee-offer-for-new-partners,7,3,0,0,keep,has_backlink
373374,2025-10-30T14:36:59,ai-trading-models-market-decline,publish,https://coincu.com/ai-trading-models-market-decline,12,5,0,0,keep,has_backlink
373367,2025-10-30T14:06:12,cryptocurrency-liquidation-btc-eth-impact,publish,https://coincu.com/cryptocurrency-liquidation-btc-eth-impact,12,3,0,0,keep,has_backlink
373357,2025-10-30T13:53:11,bybit-halts-new-account-registrations-for,publish,https://coincu.com/bybit-halts-new-account-registrations-for,6,3,0,0,keep,has_backlink
373361,2025-10-30T13:37:37,chaincatcher-web3-events-market-trends,publish,https://coincu.com/chaincatcher-web3-events-market-trends,9,4,0,0,keep,has_backlink
373353,2025-10-30T13:12:31,meta-stock-q3-income-bond,publish,https://coincu.com/meta-stock-q3-income-bond,12,3,0,0,keep,has_backlink
373344,2025-10-30T13:07:31,meta-targets-25-billion-bond-sale-amid,publish,https://coincu.com/meta-targets-25-billion-bond-sale-amid,10,3,0,0,keep,has_backlink
373336,2025-10-30T12:12:50,treasury-fed-chair-interviews,publish,https://coincu.com/treasury-fed-chair-interviews,10,4,0,0,keep,has_backlink
373320,2025-10-30T11:34:26,jiuzi-holdings-launches-1-billion-bitcoin-treasury-with-solv-to-drive-institutional-yields-and-rwa-innovation,publish,https://coincu.com/jiuzi-holdings-launches-1-billion-bitcoin-treasury-with-solv-to-drive-institutional-yields-and-rwa-innovation,10,3,0,0,keep,has_backlink
373316,2025-10-30T11:08:37,harvey-150m-funding-andreessen,publish,https://coincu.com/harvey-150m-funding-andreessen,3,1,0,0,keep,has_backlink
373314,2025-10-30T11:05:35,harvey-150m-funding-andreessen-horowitz,publish,https://coincu.com/harvey-150m-funding-andreessen-horowitz,6,3,0,0,keep,has_backlink
373279,2025-10-30T10:46:19,bitcoin-faces-resistance-at-116k,publish,https://coincu.com/bitcoin-faces-resistance-at-116k,14,3,0,0,keep,has_backlink
373308,2025-10-30T10:37:10,hong-kong-sfc-crypto-guidelines,publish,https://coincu.com/hong-kong-sfc-crypto-guidelines,14,4,0,0,keep,has_backlink
373298,2025-10-30T10:05:14,bank-indonesia-national-stablecoin,publish,https://coincu.com/bank-indonesia-national-stablecoin,9,4,0,0,keep,has_backlink
373295,2025-10-30T09:36:28,global-stock-markets-record-highs-2025,publish,https://coincu.com/global-stock-markets-record-highs-2025,13,4,0,0,keep,has_backlink
373292,2025-10-30T09:05:29,stablecoin-market-cap-surges,publish,https://coincu.com/stablecoin-market-cap-surges,10,2,0,0,keep,has_backlink
373286,2025-10-30T08:39:55,start-mobile-cloud-mining-now-with-oak-mining-earn-consistent-income-today,publish,https://coincu.com/start-mobile-cloud-mining-now-with-oak-mining-earn-consistent-income-today,5,1,0,0,keep,has_backlink
373285,2025-10-30T08:35:14,mastercard-zero-hash-acquisition-rumor,publish,https://coincu.com/mastercard-zero-hash-acquisition-rumor,13,4,0,0,keep,has_backlink
373282,2025-10-30T08:06:42,consensys-ipo-jpmorgan-goldman-2026,publish,https://coincu.com/consensys-ipo-jpmorgan-goldman-2026,12,5,0,0,keep,has_backlink
373278,2025-10-30T07:35:44,china-us-tariff-suspension-deal,publish,https://coincu.com/china-us-tariff-suspension-deal,14,4,0,0,keep,has_backlink
373275,2025-10-30T07:08:06,cz-clarifies-bnb-ownership,publish,https://coincu.com/cz-clarifies-bnb-ownership,12,7,0,0,keep,has_backlink
373272,2025-10-30T07:03:16,oct-31-binance-alpha-users-claim-nb-alpha-points,publish,https://coincu.com/oct-31-binance-alpha-users-claim-nb-alpha-points,16,3,0,0,keep,has_backlink
373270,2025-10-30T06:35:48,global-gold-demand-q3-2024,publish,https://coincu.com/global-gold-demand-q3-2024,9,6,0,0,keep,has_backlink
373262,2025-10-30T05:36:25,asian-crypto-sentiment-new-lows,publish,https://coincu.com/asian-crypto-sentiment-new-lows,11,5,0,0,keep,has_backlink
373259,2025-10-30T05:06:29,fed-delays-interest-cuts-crypto-impact,publish,https://coincu.com/fed-delays-interest-cuts-crypto-impact,13,5,0,0,keep,has_backlink
373256,2025-10-30T04:36:04,hkmas-fintech-strategy-digital-economy,publish,https://coincu.com/hkmas-fintech-strategy-digital-economy,16,5,0,0,keep,has_backlink
373253,2025-10-30T04:05:43,federal-reserve-chair-rate-impact,publish,https://coincu.com/federal-reserve-chair-rate-impact,13,4,0,0,keep,has_backlink
373250,2025-10-30T03:36:32,megaeth-public-sale-raises-one-billion,publish,https://coincu.com/megaeth-public-sale-raises-one-billion,13,3,0,0,keep,has_backlink
373247,2025-10-30T03:05:51,federal-reserve-hawk-dove-split,publish,https://coincu.com/federal-reserve-hawk-dove-split,9,4,0,0,keep,has_backlink
373243,2025-10-30T02:44:35,bybits-bbsol-gains-institutional-custody-support-from-anchorage-digital-reinforcing-its-institutional-grade-standing,publish,https://coincu.com/bybits-bbsol-gains-institutional-custody-support-from-anchorage-digital-reinforcing-its-institutional-grade-standing,8,3,0,0,keep,has_backlink
373240,2025-10-30T02:35:43,xi-trump-discuss-cooperation-busan,publish,https://coincu.com/xi-trump-discuss-cooperation-busan,8,3,0,0,keep,has_backlink
373237,2025-10-30T02:06:20,us-shutdown-economic-impact-2025,publish,https://coincu.com/us-shutdown-economic-impact-2025,12,3,0,0,keep,has_backlink
373234,2025-10-30T01:36:18,powell-hawkish-speech-rate-cut,publish,https://coincu.com/powell-hawkish-speech-rate-cut,11,2,0,0,keep,has_backlink
373231,2025-10-30T01:33:33,unverified-fed-rate-cut-news,publish,https://coincu.com/unverified-fed-rate-cut-news,14,3,0,0,keep,has_backlink
373229,2025-10-30T01:05:56,solana-whale-moves-200k-sol-coinbase,publish,https://coincu.com/solana-whale-moves-200k-sol-coinbase,25,6,0,0,keep,has_backlink
373226,2025-10-30T00:35:53,mastercard-acquires-zerohash,publish,https://coincu.com/mastercard-acquires-zerohash,15,2,0,0,keep,has_backlink
373223,2025-10-30T00:07:01,us-congress-compromise-shutdown-resolution,publish,https://coincu.com/us-congress-compromise-shutdown-resolution,26,4,0,0,keep,has_backlink
373220,2025-10-29T23:37:37,mastercard-acquisition-zerohash-deal,publish,https://coincu.com/mastercard-acquisition-zerohash-deal,23,4,0,0,keep,has_backlink
373217,2025-10-29T23:05:21,federal-reserve-cuts-interest-rates-2,publish,https://coincu.com/federal-reserve-cuts-interest-rates-2,28,5,0,0,keep,has_backlink
373214,2025-10-29T22:35:21,powell-labor-market-rate-influence,publish,https://coincu.com/powell-labor-market-rate-influence,17,4,0,0,keep,has_backlink
373211,2025-10-29T22:06:11,fed-duality-rate-cut-crypto-impact,publish,https://coincu.com/fed-duality-rate-cut-crypto-impact,15,5,0,0,keep,has_backlink
373174,2025-10-29T22:00:00,top-10-crypto-airdrops-to-claim-now-in-2025-free-rewards-guide,publish,https://coincu.com/top-10-crypto-airdrops-to-claim-now-in-2025-free-rewards-guide,14,2,0,0,keep,has_backlink
373208,2025-10-29T21:35:21,fed-interest-rate-cut-impact,publish,https://coincu.com/fed-interest-rate-cut-impact,22,5,0,0,keep,has_backlink
373205,2025-10-29T21:31:58,canton-cc-bybit-listing-reports,publish,https://coincu.com/canton-cc-bybit-listing-reports,22,5,4,147,keep,has_backlink|has_gsc_3m
373203,2025-10-29T21:05:12,federal-reserve-inflation-crypto-impact-2,publish,https://coincu.com/federal-reserve-inflation-crypto-impact-2,20,3,0,0,keep,has_backlink
373198,2025-10-29T20:37:46,ironlight-markets-finra-tokenized-securities,publish,https://coincu.com/ironlight-markets-finra-tokenized-securities,16,4,0,0,keep,has_backlink
373196,2025-10-29T20:35:15,ironlight-markets-finra-ats-approval,publish,https://coincu.com/ironlight-markets-finra-ats-approval,17,5,0,0,keep,has_backlink
373191,2025-10-29T20:05:29,federal-reserve-interest-rate-decision-6,publish,https://coincu.com/federal-reserve-interest-rate-decision-6,8,2,0,0,keep,has_backlink
373163,2025-10-29T20:00:00,whales-pick-blockchainfx-over-bnb-is-this-the-1000x-crypto-coin-everyones-talking-about,publish,https://coincu.com/whales-pick-blockchainfx-over-bnb-is-this-the-1000x-crypto-coin-everyones-talking-about,6,2,0,0,keep,has_backlink
373188,2025-10-29T19:37:40,fed-chair-employment-data-impact,publish,https://coincu.com/fed-chair-employment-data-impact,9,4,0,0,keep,has_backlink
373185,2025-10-29T19:15:32,powell-december-rate-decision-uncertainty,publish,https://coincu.com/powell-december-rate-decision-uncertainty,9,4,0,0,keep,has_backlink
373156,2025-10-29T15:58:41,xrp-price-prediction-this-coin-could-turn-2000-into-2000000-by-2027-as-ripple-xrp-targets-20,publish,https://coincu.com/xrp-price-prediction-this-coin-could-turn-2000-into-2000000-by-2027-as-ripple-xrp-targets-20,6,2,0,0,keep,has_backlink
373145,2025-10-29T15:43:37,solana-major-breakout-potential-surge-to-260-and-beyond,publish,https://coincu.com/solana-major-breakout-potential-surge-to-260-and-beyond,7,2,0,0,keep,has_backlink
373148,2025-10-29T15:36:22,trump-crypto-retirement-opposition,publish,https://coincu.com/trump-crypto-retirement-opposition,11,4,0,0,keep,has_backlink
373144,2025-10-29T15:06:15,spacs-surge-raising-24-billion-2024,publish,https://coincu.com/spacs-surge-raising-24-billion-2024,9,3,0,0,keep,has_backlink
373141,2025-10-29T14:35:58,afd-bitcoin-proposal-eu-mica-challenge,publish,https://coincu.com/afd-bitcoin-proposal-eu-mica-challenge,5,2,0,0,keep,has_backlink
373122,2025-10-29T14:17:31,btcs-fomc-pattern-will-a-crash-spark,publish,https://coincu.com/btcs-fomc-pattern-will-a-crash-spark,7,3,0,0,keep,has_backlink
373111,2025-10-29T13:40:25,ironlight-markets-finra-approval,publish,https://coincu.com/ironlight-markets-finra-approval,11,3,0,0,keep,has_backlink
373109,2025-10-29T13:38:33,ironlight-markets-approved-ats,publish,https://coincu.com/ironlight-markets-approved-ats,12,3,0,0,keep,has_backlink
373099,2025-10-29T13:35:51,ondo-brings-tokenized-u-s-stocks-and,publish,https://coincu.com/ondo-brings-tokenized-u-s-stocks-and,29,11,0,0,keep,has_backlink
373093,2025-10-29T13:05:47,federal-reserve-fomc-policy-changes,publish,https://coincu.com/federal-reserve-fomc-policy-changes,12,3,0,0,keep,has_backlink
373086,2025-10-29T13:01:42,cardano-setup-ada-poised-for-97-rally,publish,https://coincu.com/cardano-setup-ada-poised-for-97-rally,10,3,0,0,keep,has_backlink
373075,2025-10-29T12:06:19,bitcoinos-bos-token-is-live-on-binance-alpha-and-top-tier-cex-listings-advancing-institutional-btcfi,publish,https://coincu.com/bitcoinos-bos-token-is-live-on-binance-alpha-and-top-tier-cex-listings-advancing-institutional-btcfi,2,1,0,0,keep,has_backlink
373071,2025-10-29T12:05:50,western-union-launches-usdpt,publish,https://coincu.com/western-union-launches-usdpt,10,3,0,0,keep,has_backlink
373068,2025-10-29T11:36:25,grayscale-solana-etf-nyse-listing,publish,https://coincu.com/grayscale-solana-etf-nyse-listing,6,2,0,0,keep,has_backlink
373058,2025-10-29T11:13:03,momentum-builds-for-sei-can-bulls-push,publish,https://coincu.com/momentum-builds-for-sei-can-bulls-push,6,2,0,0,keep,has_backlink
373054,2025-10-29T10:36:30,federal-reserve-rate-cut-decision,publish,https://coincu.com/federal-reserve-rate-cut-decision,11,3,0,0,keep,has_backlink
373048,2025-10-29T10:25:17,funded-crypto-trading-scale-capital-without-personal-risk,publish,https://coincu.com/funded-crypto-trading-scale-capital-without-personal-risk,9,2,0,0,keep,has_backlink
373044,2025-10-29T09:35:31,btc-eth-options-expiry-deribit,publish,https://coincu.com/btc-eth-options-expiry-deribit,10,3,0,0,keep,has_backlink
373040,2025-10-29T09:32:18,zebu-live-2025-concludes-in-london-uniting-leading-innovators-to-shape-the-future-of-web3,publish,https://coincu.com/zebu-live-2025-concludes-in-london-uniting-leading-innovators-to-shape-the-future-of-web3,9,3,0,0,keep,has_backlink
373027,2025-10-29T09:26:42,binance-funding-rates-stay-positive-is,publish,https://coincu.com/binance-funding-rates-stay-positive-is,10,4,0,0,keep,has_backlink
373026,2025-10-29T09:06:35,spac-growth-2024-crypto-impact,publish,https://coincu.com/spac-growth-2024-crypto-impact,7,3,0,0,keep,has_backlink
373023,2025-10-29T09:04:57,oct-29-binance-alpha-users-claim-bos-240-points,publish,https://coincu.com/oct-29-binance-alpha-users-claim-bos-240-points,4,1,0,0,keep,has_backlink
372219,2025-10-29T08:05:32,fed-interest-rate-cut-forecast,publish,https://coincu.com/fed-interest-rate-cut-forecast,6,2,0,0,keep,has_backlink
372216,2025-10-29T07:34:44,xi-trump-busan-trade-meeting,publish,https://coincu.com/xi-trump-busan-trade-meeting,3,2,0,0,keep,has_backlink
372213,2025-10-29T07:06:02,abraxas-capital-crypto-shorts-increase,publish,https://coincu.com/abraxas-capital-crypto-shorts-increase,3,2,0,0,keep,has_backlink
372210,2025-10-29T06:36:08,xusd-leverage-transparency-concerns,publish,https://coincu.com/xusd-leverage-transparency-concerns,8,5,0,0,keep,has_backlink
372207,2025-10-29T06:06:41,trump-fed-interest-rate-policy,publish,https://coincu.com/trump-fed-interest-rate-policy,8,3,0,0,keep,has_backlink
372204,2025-10-29T05:35:28,canary-updates-solana-etf-application,publish,https://coincu.com/canary-updates-solana-etf-application,13,3,0,0,keep,has_backlink
372201,2025-10-29T05:05:42,federal-reserve-cuts-interest-rates,publish,https://coincu.com/federal-reserve-cuts-interest-rates,13,3,0,0,keep,has_backlink
372198,2025-10-29T04:36:11,trump-22-trillion-investments-fed-policy,publish,https://coincu.com/trump-22-trillion-investments-fed-policy,5,2,0,0,keep,has_backlink
372195,2025-10-29T04:06:20,wall-street-trades-altcoin-etfs,publish,https://coincu.com/wall-street-trades-altcoin-etfs,20,5,0,0,keep,has_backlink
372189,2025-10-29T03:53:41,xrp-whales-accumulate-560m-as-fortminer-captures-market-attention-with-9200-daily-returns,publish,https://coincu.com/xrp-whales-accumulate-560m-as-fortminer-captures-market-attention-with-9200-daily-returns,9,2,0,0,keep,has_backlink
372188,2025-10-29T03:35:22,binance-delist-flamingo-kadena-perpetual,publish,https://coincu.com/binance-delist-flamingo-kadena-perpetual,40,10,0,0,keep,has_backlink
372185,2025-10-29T03:05:03,binance-delist-flamingo-kadena,publish,https://coincu.com/binance-delist-flamingo-kadena,34,8,0,0,keep,has_backlink
372182,2025-10-29T02:46:34,sharplink-200m-eth-linea-network,publish,https://coincu.com/sharplink-200m-eth-linea-network,19,4,0,0,keep,has_backlink
372179,2025-10-29T02:18:17,china-five-year-plan-digital-rmb,publish,https://coincu.com/china-five-year-plan-digital-rmb,19,3,0,0,keep,has_backlink
372177,2025-10-29T02:16:03,china-digital-rmb-five-year-plan,publish,https://coincu.com/china-digital-rmb-five-year-plan,24,5,0,0,keep,has_backlink
372174,2025-10-29T01:42:57,fed-rate-decision-crypto-impact-7,publish,https://coincu.com/fed-rate-decision-crypto-impact-7,13,4,0,0,keep,has_backlink
372171,2025-10-29T01:23:51,asic-expands-crypto-guidance-australia,publish,https://coincu.com/asic-expands-crypto-guidance-australia,7,3,0,0,keep,has_backlink
372168,2025-10-29T00:54:34,federal-reserve-interest-rate-cuts-2,publish,https://coincu.com/federal-reserve-interest-rate-cuts-2,14,5,0,0,keep,has_backlink
372165,2025-10-29T00:24:57,visa-expands-network-stablecoin-support,publish,https://coincu.com/visa-expands-network-stablecoin-support,12,3,0,0,keep,has_backlink
372159,2025-10-28T23:17:16,coinbase-liquidity-delist-trading-pairs,publish,https://coincu.com/coinbase-liquidity-delist-trading-pairs,30,4,0,0,keep,has_backlink
372156,2025-10-28T22:47:01,microsoft-paypal-expand-ai-partnerships,publish,https://coincu.com/microsoft-paypal-expand-ai-partnerships,17,4,0,0,keep,has_backlink
372153,2025-10-28T22:30:29,standard-economics-9m-uno-app,publish,https://coincu.com/standard-economics-9m-uno-app,14,4,0,0,keep,has_backlink
372144,2025-10-28T21:52:47,microsoft-openai-azure-agreement,publish,https://coincu.com/microsoft-openai-azure-agreement,20,3,0,0,keep,has_backlink
372136,2025-10-28T21:21:16,solana-shenzhen-high-attendance,publish,https://coincu.com/solana-shenzhen-high-attendance,11,3,0,0,keep,has_backlink
372127,2025-10-28T21:12:21,openai-finalizes-for-profit-shift,publish,https://coincu.com/openai-finalizes-for-profit-shift,17,4,0,0,keep,has_backlink
372082,2025-10-28T21:01:00,why-you-can-jump-on-the-big-money-train-in-crypto-right-now,publish,https://coincu.com/why-you-can-jump-on-the-big-money-train-in-crypto-right-now,7,3,0,0,keep,has_backlink
372124,2025-10-28T20:47:20,kr1-uk-crypto-listing,publish,https://coincu.com/kr1-uk-crypto-listing,10,2,0,0,keep,has_backlink
372119,2025-10-28T20:45:59,polymarket-prepares-u-s-comeback-with,publish,https://coincu.com/polymarket-prepares-u-s-comeback-with,6,2,0,0,keep,has_backlink
372118,2025-10-28T20:36:55,metamask-launches-rewards-program,publish,https://coincu.com/metamask-launches-rewards-program,16,4,0,0,keep,has_backlink
372109,2025-10-28T20:27:08,okx-fires-x-layer-chief-felix-fan,publish,https://coincu.com/okx-fires-x-layer-chief-felix-fan,13,3,0,0,keep,has_backlink
372110,2025-10-28T20:24:05,nvidia-invests-1b-in-nokia-to-drive-ai,publish,https://coincu.com/nvidia-invests-1b-in-nokia-to-drive-ai,9,5,0,0,keep,has_backlink
372102,2025-10-28T18:53:14,oceanpal-near-protocol-investment,publish,https://coincu.com/oceanpal-near-protocol-investment,12,3,0,0,keep,has_backlink
372099,2025-10-28T18:20:22,metamask-multi-chain-accounts-solana,publish,https://coincu.com/metamask-multi-chain-accounts-solana,5,3,0,0,keep,has_backlink
372089,2025-10-28T17:35:25,arbitrum-holds-key-support-at-0-328,publish,https://coincu.com/arbitrum-holds-key-support-at-0-328,8,3,0,0,keep,has_backlink
372084,2025-10-28T17:01:48,okx-competitive-offer-policy-response,publish,https://coincu.com/okx-competitive-offer-policy-response,7,2,0,0,keep,has_backlink
372072,2025-10-28T16:25:38,coinbase-debridge-dbr-launch,publish,https://coincu.com/coinbase-debridge-dbr-launch,8,2,0,0,keep,has_backlink
372061,2025-10-28T16:03:46,xrp-rallies-hard-as-whales-offload-140-million-coins,publish,https://coincu.com/xrp-rallies-hard-as-whales-offload-140-million-coins,7,2,0,0,keep,has_backlink
372060,2025-10-28T15:55:38,us-senate-government-funding-vote,publish,https://coincu.com/us-senate-government-funding-vote,12,4,0,0,keep,has_backlink
372054,2025-10-28T15:03:47,animoca-brands-aero-holdings,publish,https://coincu.com/animoca-brands-aero-holdings,17,7,0,0,keep,has_backlink
372051,2025-10-28T14:27:17,solana-litecoin-hedera-etfs-launch,publish,https://coincu.com/solana-litecoin-hedera-etfs-launch,11,4,7,116,keep,has_backlink|has_gsc_3m
372041,2025-10-28T13:56:54,strive-buys-72-btc-for-8-26m-lifting,publish,https://coincu.com/strive-buys-72-btc-for-8-26m-lifting,11,2,0,0,keep,has_backlink
372044,2025-10-28T13:51:21,investors-shift-gold-crypto,publish,https://coincu.com/investors-shift-gold-crypto,7,3,0,0,keep,has_backlink
372036,2025-10-28T13:38:07,eth-eyes-4250-after-flipping,publish,https://coincu.com/eth-eyes-4250-after-flipping,10,4,0,0,keep,has_backlink
372035,2025-10-28T13:20:07,france-national-bitcoin-reserves-bill,publish,https://coincu.com/france-national-bitcoin-reserves-bill,7,3,0,0,keep,has_backlink
372029,2025-10-28T13:17:08,trump-media-to-launch-prediction-markets,publish,https://coincu.com/trump-media-to-launch-prediction-markets,7,3,0,0,keep,has_backlink
372026,2025-10-28T13:00:53,oku-integrates-morpho-protocol-on-etherlink-bringing-advanced-lending-and-borrowing-to-tezos-l2,publish,https://coincu.com/oku-integrates-morpho-protocol-on-etherlink-bringing-advanced-lending-and-borrowing-to-tezos-l2,9,3,0,0,keep,has_backlink
372022,2025-10-28T12:22:39,sofi-profit-outlook-crypto-trading,publish,https://coincu.com/sofi-profit-outlook-crypto-trading,10,4,0,0,keep,has_backlink
372015,2025-10-28T11:53:20,trump-powell-fed-leadership-resignation,publish,https://coincu.com/trump-powell-fed-leadership-resignation,10,4,0,0,keep,has_backlink
372001,2025-10-28T11:17:11,circle-arc-blockchain-testnet-launch,publish,https://coincu.com/circle-arc-blockchain-testnet-launch,6,2,0,0,keep,has_backlink
371971,2025-10-28T11:00:00,innovate-ny-backs-andrew-cuomo-for-mayor-championing-public-benefit-stablecoins-with-a-779-million-annual-impact-for-new-york-families,publish,https://coincu.com/innovate-ny-backs-andrew-cuomo-for-mayor-championing-public-benefit-stablecoins-with-a-779-million-annual-impact-for-new-york-families,2,1,0,0,keep,has_backlink
371998,2025-10-28T10:53:04,paypal-openai-chatgpt-payments,publish,https://coincu.com/paypal-openai-chatgpt-payments,6,2,0,0,keep,has_backlink
371995,2025-10-28T10:18:24,fed-interest-rate-cut-october-2025,publish,https://coincu.com/fed-interest-rate-cut-october-2025,5,3,0,0,keep,has_backlink
371992,2025-10-28T09:47:53,grayscale-solana-trust-staking-launch,publish,https://coincu.com/grayscale-solana-trust-staking-launch,14,3,0,0,keep,has_backlink
371982,2025-10-28T09:16:42,citigroup-lowers-gold-price-target,publish,https://coincu.com/citigroup-lowers-gold-price-target,17,4,0,0,keep,has_backlink
371979,2025-10-28T08:48:24,metamask-multi-chain-support-expansion,publish,https://coincu.com/metamask-multi-chain-support-expansion,9,4,0,0,keep,has_backlink
371974,2025-10-28T08:41:09,mwx-to-launch-first-ai-token-marketplace-on-aerodrome-expanding-global-sme-access,publish,https://coincu.com/mwx-to-launch-first-ai-token-marketplace-on-aerodrome-expanding-global-sme-access,7,2,0,0,keep,has_backlink
371970,2025-10-28T08:14:12,feds-expected-rate-cut-crypto-impact,publish,https://coincu.com/feds-expected-rate-cut-crypto-impact,11,4,0,0,keep,has_backlink
371967,2025-10-28T07:48:46,bron-labs-launch-enhanced-security,publish,https://coincu.com/bron-labs-launch-enhanced-security,4,1,0,0,keep,has_backlink
371964,2025-10-28T07:21:19,upbit-lists-kernel-krw-trading,publish,https://coincu.com/upbit-lists-kernel-krw-trading,6,2,0,0,keep,has_backlink
371962,2025-10-28T07:02:07,citigroup-coinbase-crypto-partnership,publish,https://coincu.com/citigroup-coinbase-crypto-partnership,10,4,0,0,keep,has_backlink
371959,2025-10-28T06:23:23,fed-ends-quantitative-tightening,publish,https://coincu.com/fed-ends-quantitative-tightening,6,4,0,0,keep,has_backlink
371956,2025-10-28T05:54:01,kr1-listing-london-stock-exchange,publish,https://coincu.com/kr1-listing-london-stock-exchange,11,3,0,0,keep,has_backlink
371950,2025-10-28T04:49:49,402bridge-security-breach-private-key-leak,publish,https://coincu.com/402bridge-security-breach-private-key-leak,15,5,0,0,keep,has_backlink
371947,2025-10-28T04:21:22,metamask-multi-chain-accounts-launch,publish,https://coincu.com/metamask-multi-chain-accounts-launch,13,2,0,0,keep,has_backlink
371944,2025-10-28T03:43:27,yuga-labs-launch-koda-nexus,publish,https://coincu.com/yuga-labs-launch-koda-nexus,15,3,0,0,keep,has_backlink
371941,2025-10-28T03:16:51,coinbase-clanker-futures-launch,publish,https://coincu.com/coinbase-clanker-futures-launch,20,4,0,0,keep,has_backlink
371938,2025-10-28T03:04:09,south-korea-stablecoin-regulation,publish,https://coincu.com/south-korea-stablecoin-regulation,146,4,0,0,keep,has_backlink
371932,2025-10-28T01:37:43,usd1-enso-defi-integration,publish,https://coincu.com/usd1-enso-defi-integration,17,5,0,0,keep,has_backlink
371929,2025-10-28T01:05:46,us-senator-urges-crypto-laws,publish,https://coincu.com/us-senator-urges-crypto-laws,21,3,0,0,keep,has_backlink
371919,2025-10-28T00:40:51,solanas-yakovenko-questions-ethereum-l2,publish,https://coincu.com/solanas-yakovenko-questions-ethereum-l2,25,5,0,0,keep,has_backlink
371924,2025-10-28T00:36:44,trump-fed-chair-nomination-2023,publish,https://coincu.com/trump-fed-chair-nomination-2023,19,4,0,0,keep,has_backlink
371918,2025-10-28T00:04:54,litecoin-hbar-solana-etfs-nasdaq,publish,https://coincu.com/litecoin-hbar-solana-etfs-nasdaq,20,4,0,0,keep,has_backlink
371911,2025-10-27T23:41:59,ethzilla-sells-40m-in-eth-to-fund-share,publish,https://coincu.com/ethzilla-sells-40m-in-eth-to-fund-share,26,6,0,0,keep,has_backlink
371899,2025-10-27T23:08:06,solana-price-could-rally-to-210-as-etf,publish,https://coincu.com/solana-price-could-rally-to-210-as-etf,23,3,0,0,keep,has_backlink
371905,2025-10-27T23:06:39,gmgn-compensation-mev-attacks,publish,https://coincu.com/gmgn-compensation-mev-attacks,21,5,0,0,keep,has_backlink
371894,2025-10-27T22:42:45,is-metamask-preparing-for-its-long,publish,https://coincu.com/is-metamask-preparing-for-its-long,20,6,0,0,keep,has_backlink
371893,2025-10-27T22:35:24,x-security-key-rebinding-required,publish,https://coincu.com/x-security-key-rebinding-required,17,4,0,0,keep,has_backlink
371890,2025-10-27T22:06:14,ant-group-blockchain-trademarks-hk,publish,https://coincu.com/ant-group-blockchain-trademarks-hk,14,4,0,0,keep,has_backlink
371887,2025-10-27T21:35:43,ibm-dfns-digital-asset-platform,publish,https://coincu.com/ibm-dfns-digital-asset-platform,10,4,0,0,keep,has_backlink
371884,2025-10-27T21:07:00,semantic-layer-42-airdrop,publish,https://coincu.com/semantic-layer-42-airdrop,27,4,0,0,keep,has_backlink
371877,2025-10-27T20:35:50,china-us-framework-agreement,publish,https://coincu.com/china-us-framework-agreement,10,2,0,0,keep,has_backlink
371867,2025-10-27T19:08:05,swiss-bitcoin-app-relai-acquires-mica-license-in-france,publish,https://coincu.com/swiss-bitcoin-app-relai-acquires-mica-license-in-france,6,1,0,0,keep,has_backlink
371864,2025-10-27T19:07:16,canary-bitwise-crypto-etf-filings,publish,https://coincu.com/canary-bitwise-crypto-etf-filings,10,2,0,0,keep,has_backlink
371861,2025-10-27T18:35:38,morgan-stanley-forecasts-dollar-decline,publish,https://coincu.com/morgan-stanley-forecasts-dollar-decline,15,5,0,0,keep,has_backlink
371858,2025-10-27T18:07:39,spot-gold-price-drops-100,publish,https://coincu.com/spot-gold-price-drops-100,5,3,0,0,keep,has_backlink
371849,2025-10-27T17:36:01,coinbase-apollo-stablecoin-credit,publish,https://coincu.com/coinbase-apollo-stablecoin-credit,13,4,0,0,keep,has_backlink
371846,2025-10-27T17:08:06,solana-etf-tweet-deletion,publish,https://coincu.com/solana-etf-tweet-deletion,14,6,0,0,keep,has_backlink
371837,2025-10-27T16:51:55,bybit-hires-patricio-mesri-as-ceo-of-latam-as-demand-for-crypto-payments-and-stablecoins-gains-momentum,publish,https://coincu.com/bybit-hires-patricio-mesri-as-ceo-of-latam-as-demand-for-crypto-payments-and-stablecoins-gains-momentum,10,1,0,0,keep,has_backlink
371836,2025-10-27T16:35:06,ibm-digital-asset-haven-launch,publish,https://coincu.com/ibm-digital-asset-haven-launch,14,3,0,0,keep,has_backlink
371829,2025-10-27T16:30:30,3-most-bullish-tokens-today-as-ripple-prepares-to-raise-at-least-1-billion-to-buy-xrp,publish,https://coincu.com/3-most-bullish-tokens-today-as-ripple-prepares-to-raise-at-least-1-billion-to-buy-xrp,11,2,0,0,keep,has_backlink
371828,2025-10-27T16:06:32,citigroup-coinbase-crypto-payment-partnership,publish,https://coincu.com/citigroup-coinbase-crypto-payment-partnership,12,3,0,0,keep,has_backlink
371822,2025-10-27T15:46:44,strategys-45m-btc,publish,https://coincu.com/strategys-45m-btc,15,3,0,0,keep,has_backlink
371821,2025-10-27T15:36:22,fed-end-balance-sheet-reduction,publish,https://coincu.com/fed-end-balance-sheet-reduction,8,3,0,0,keep,has_backlink
371818,2025-10-27T15:08:37,china-us-trade-talks-2025,publish,https://coincu.com/china-us-trade-talks-2025,3,2,0,0,keep,has_backlink
371802,2025-10-27T14:35:35,fed-chair-finalists-current-list,publish,https://coincu.com/fed-chair-finalists-current-list,4,3,0,0,keep,has_backlink
371780,2025-10-27T14:03:07,dogecoin-eyes-0-265-target,publish,https://coincu.com/dogecoin-eyes-0-265-target,17,5,0,0,keep,has_backlink
371786,2025-10-27T13:35:35,megaeth-ico-raises-fifty-million,publish,https://coincu.com/megaeth-ico-raises-fifty-million,13,5,0,0,keep,has_backlink
371777,2025-10-27T13:07:24,chijet-300m-crypto-funding-pivot,publish,https://coincu.com/chijet-300m-crypto-funding-pivot,8,3,0,0,keep,has_backlink
371758,2025-10-27T11:34:46,trump-pardons-binance-founder-4,publish,https://coincu.com/trump-pardons-binance-founder-4,2,1,0,0,keep,has_backlink
371715,2025-10-27T10:20:00,bitcoin-megaphone-pattern-aiming-for-130k,publish,https://coincu.com/bitcoin-megaphone-pattern-aiming-for-130k,13,3,0,0,keep,has_backlink
371701,2025-10-27T09:22:18,chainlink-eyeing-19-70-resistance-zone,publish,https://coincu.com/chainlink-eyeing-19-70-resistance-zone,16,6,0,0,keep,has_backlink
371698,2025-10-27T09:07:04,federal-reserve-chair-candidates-finalized,publish,https://coincu.com/federal-reserve-chair-candidates-finalized,11,4,0,0,keep,has_backlink
371692,2025-10-27T08:06:07,pieverse-x402b-protocol-launch,publish,https://coincu.com/pieverse-x402b-protocol-launch,12,4,0,0,keep,has_backlink
371689,2025-10-27T07:51:40,oct-27-binance-alpha-users-claim-42-tokens-210-points,publish,https://coincu.com/oct-27-binance-alpha-users-claim-42-tokens-210-points,11,2,0,0,keep,has_backlink
371687,2025-10-27T07:34:38,us-china-trade-framework-agreement,publish,https://coincu.com/us-china-trade-framework-agreement,10,3,0,0,keep,has_backlink
371678,2025-10-27T06:36:37,china-us-trade-talks-consensus-2,publish,https://coincu.com/china-us-trade-talks-consensus-2,9,3,0,0,keep,has_backlink
371675,2025-10-27T06:30:59,oct-27-binance-alpha-users-claim-xnap-230-points,publish,https://coincu.com/oct-27-binance-alpha-users-claim-xnap-230-points,24,4,0,0,keep,has_backlink
371673,2025-10-27T06:05:45,trump-pardons-cz-crypto-impact,publish,https://coincu.com/trump-pardons-cz-crypto-impact,13,4,0,0,keep,has_backlink
371667,2025-10-27T05:06:29,cz-denies-caixin-report-claims,publish,https://coincu.com/cz-denies-caixin-report-claims,11,5,0,0,keep,has_backlink
371663,2025-10-27T04:05:25,coinbase-startup-blockchain-transformation,publish,https://coincu.com/coinbase-startup-blockchain-transformation,26,5,0,0,keep,has_backlink
371660,2025-10-27T03:36:29,silicon-valley-crypto-white-house,publish,https://coincu.com/silicon-valley-crypto-white-house,12,4,0,0,keep,has_backlink
371657,2025-10-27T03:05:29,gmgm-solana-mev-attack-compensation,publish,https://coincu.com/gmgm-solana-mev-attack-compensation,12,4,0,0,keep,has_backlink
371652,2025-10-27T02:35:41,us-china-preliminary-trade-consensus,publish,https://coincu.com/us-china-preliminary-trade-consensus,13,4,0,0,keep,has_backlink
371643,2025-10-27T02:34:17,top-3-coins-to-hold-in-2025-as-sharplink-sells-shares-to-buy-more-ethereum-eth,publish,https://coincu.com/top-3-coins-to-hold-in-2025-as-sharplink-sells-shares-to-buy-more-ethereum-eth,11,3,0,0,keep,has_backlink
371642,2025-10-27T02:04:57,trump-pardons-binance-cz-controversy,publish,https://coincu.com/trump-pardons-binance-cz-controversy,2,1,0,0,keep,has_backlink
371636,2025-10-27T01:05:33,ant-group-virtual-asset-trademarks,publish,https://coincu.com/ant-group-virtual-asset-trademarks,7,3,0,0,keep,has_backlink
371630,2025-10-27T00:04:35,us-cpi-signals-fed-rate-cuts,publish,https://coincu.com/us-cpi-signals-fed-rate-cuts,14,6,0,0,keep,has_backlink
371627,2025-10-26T23:35:42,bitcoin-bip-444-data-limits,publish,https://coincu.com/bitcoin-bip-444-data-limits,9,3,0,0,keep,has_backlink
371624,2025-10-26T23:04:59,nasdaq-futures-gain-tech-impact,publish,https://coincu.com/nasdaq-futures-gain-tech-impact,10,3,0,0,keep,has_backlink
371620,2025-10-26T22:05:12,straitsx-10m-funding-stablecoin-expansion,publish,https://coincu.com/straitsx-10m-funding-stablecoin-expansion,6,3,0,0,keep,has_backlink
371617,2025-10-26T21:34:23,jj-lin-discusses-with-vitalik-buterin,publish,https://coincu.com/jj-lin-discusses-with-vitalik-buterin,11,5,0,0,keep,has_backlink
371613,2025-10-26T20:34:49,ai-trading-contest-alibaba-leads,publish,https://coincu.com/ai-trading-contest-alibaba-leads,16,5,0,0,keep,has_backlink
371610,2025-10-26T20:06:04,us-thailand-trade-tariff-changes,publish,https://coincu.com/us-thailand-trade-tariff-changes,10,3,0,0,keep,has_backlink
371580,2025-10-26T20:00:00,from-whitelist-to-wealth-how-ipo-genie-is-reshaping-early-stage-investing,publish,https://coincu.com/from-whitelist-to-wealth-how-ipo-genie-is-reshaping-early-stage-investing,4,3,0,0,keep,has_backlink
371607,2025-10-26T19:35:07,china-us-trade-cooperation-talks,publish,https://coincu.com/china-us-trade-cooperation-talks,3,3,0,0,keep,has_backlink
371604,2025-10-26T19:05:27,us-china-basic-trade-consensus,publish,https://coincu.com/us-china-basic-trade-consensus,5,2,0,0,keep,has_backlink
371601,2025-10-26T18:36:19,btc-whale-short-position-risk,publish,https://coincu.com/btc-whale-short-position-risk,6,4,0,0,keep,has_backlink
371598,2025-10-26T18:06:24,investment-smart-money-wbtc-purchase,publish,https://coincu.com/investment-smart-money-wbtc-purchase,7,3,0,0,keep,has_backlink
371595,2025-10-26T17:37:56,bitmine-ethereum-accumulation-2025,publish,https://coincu.com/bitmine-ethereum-accumulation-2025,8,3,0,0,keep,has_backlink
371592,2025-10-26T17:04:42,kyrgyzstan-bnb-chain-stablecoin-launch,publish,https://coincu.com/kyrgyzstan-bnb-chain-stablecoin-launch,13,4,0,0,keep,has_backlink
371574,2025-10-26T17:00:00,spooky-gains-ahead-analysts-call-these-7-best-crypto-to-invest-in-before-the-full-moon,publish,https://coincu.com/spooky-gains-ahead-analysts-call-these-7-best-crypto-to-invest-in-before-the-full-moon,6,3,0,0,keep,has_backlink
371589,2025-10-26T16:36:03,bitcoin-liquidity-barometer-role-nydig,publish,https://coincu.com/bitcoin-liquidity-barometer-role-nydig,9,4,0,0,keep,has_backlink
371586,2025-10-26T16:05:17,polymarket-kalshi-lead-market,publish,https://coincu.com/polymarket-kalshi-lead-market,9,4,0,0,keep,has_backlink
371572,2025-10-26T15:35:24,glassnode-analysis-bitcoin-stabilization,publish,https://coincu.com/glassnode-analysis-bitcoin-stabilization,7,3,0,0,keep,has_backlink
371569,2025-10-26T15:04:42,binance-zhao-pardon-us-integration,publish,https://coincu.com/binance-zhao-pardon-us-integration,6,2,0,0,keep,has_backlink
371566,2025-10-26T14:35:45,bored-ape-yacht-club-series,publish,https://coincu.com/bored-ape-yacht-club-series,9,4,0,0,keep,has_backlink
371563,2025-10-26T14:06:03,zcash-arthur-hayes-price-rumors,publish,https://coincu.com/zcash-arthur-hayes-price-rumors,9,3,0,0,keep,has_backlink
371560,2025-10-26T13:35:11,china-us-economic-trade-consensus,publish,https://coincu.com/china-us-economic-trade-consensus,7,3,0,0,keep,has_backlink
371557,2025-10-26T13:05:37,china-us-trade-talks-kuala-lumpur,publish,https://coincu.com/china-us-trade-talks-kuala-lumpur,7,2,0,0,keep,has_backlink
371549,2025-10-26T12:42:54,sol-etf-crypto-pm-and-russian-reforms,publish,https://coincu.com/sol-etf-crypto-pm-and-russian-reforms,11,6,0,0,keep,has_backlink
371553,2025-10-26T12:35:40,binance-hires-dc-lobbyists,publish,https://coincu.com/binance-hires-dc-lobbyists,7,4,0,0,keep,has_backlink
371548,2025-10-26T12:05:12,bitcoin-exceeds-113k-whale-profits,publish,https://coincu.com/bitcoin-exceeds-113k-whale-profits,10,4,0,0,keep,has_backlink
371545,2025-10-26T11:35:09,michael-saylor-orange-dot-bitcoin,publish,https://coincu.com/michael-saylor-orange-dot-bitcoin,4,2,0,0,keep,has_backlink
371542,2025-10-26T11:07:03,stablecoin-usage-surges-us-regulation,publish,https://coincu.com/stablecoin-usage-surges-us-regulation,6,3,0,0,keep,has_backlink
371533,2025-10-26T10:50:17,btc-eyes-115-8kbut-can-it-break-113-4,publish,https://coincu.com/btc-eyes-115-8kbut-can-it-break-113-4,7,3,0,0,keep,has_backlink
371532,2025-10-26T10:35:58,trump-crypto-us-debt-claims,publish,https://coincu.com/trump-crypto-us-debt-claims,8,5,0,0,keep,has_backlink
371529,2025-10-26T10:05:37,us-treasury-inflation-policy-impact,publish,https://coincu.com/us-treasury-inflation-policy-impact,8,4,0,0,keep,has_backlink
371523,2025-10-26T09:35:19,china-us-trade-talks-consensus,publish,https://coincu.com/china-us-trade-talks-consensus,11,5,0,0,keep,has_backlink
371514,2025-10-26T09:31:11,softbank-clears-22-5b-for-openai-as,publish,https://coincu.com/softbank-clears-22-5b-for-openai-as,5,2,0,0,keep,has_backlink
371516,2025-10-26T09:05:19,us-vietnam-trade-agreement-framework,publish,https://coincu.com/us-vietnam-trade-agreement-framework,11,6,0,0,keep,has_backlink
371508,2025-10-26T08:58:55,xrp-weekly-cross-returns-next-stop,publish,https://coincu.com/xrp-weekly-cross-returns-next-stop,14,4,0,0,keep,has_backlink
371507,2025-10-26T08:35:14,china-financial-work-report-review,publish,https://coincu.com/china-financial-work-report-review,12,4,0,0,keep,has_backlink
371504,2025-10-26T08:04:57,valthos-funding-ai-biodefense,publish,https://coincu.com/valthos-funding-ai-biodefense,10,3,0,0,keep,has_backlink
371501,2025-10-26T07:35:37,giggle-academy-cryptocurrency-scam-warning,publish,https://coincu.com/giggle-academy-cryptocurrency-scam-warning,15,6,0,0,keep,has_backlink
371493,2025-10-26T07:05:28,whale-giggle-coins-binance-profit,publish,https://coincu.com/whale-giggle-coins-binance-profit,10,4,0,0,keep,has_backlink
371487,2025-10-26T06:06:42,straitsx-10m-stablecoin-expansion,publish,https://coincu.com/straitsx-10m-stablecoin-expansion,15,6,0,0,keep,has_backlink
371484,2025-10-26T05:35:10,reid-hoffman-cryptopunk-nft,publish,https://coincu.com/reid-hoffman-cryptopunk-nft,14,5,0,0,keep,has_backlink
371481,2025-10-26T05:04:52,binance-addresses-trading-platform-concerns,publish,https://coincu.com/binance-addresses-trading-platform-concerns,11,2,0,0,keep,has_backlink
371478,2025-10-26T04:35:05,ping-token-x402-surge,publish,https://coincu.com/ping-token-x402-surge,16,3,0,0,keep,has_backlink
371475,2025-10-26T04:05:06,ping-token-surges-70m-market-cap,publish,https://coincu.com/ping-token-surges-70m-market-cap,22,4,0,0,keep,has_backlink
371472,2025-10-26T03:34:56,ethereum-security-validator-risks,publish,https://coincu.com/ethereum-security-validator-risks,19,4,0,0,keep,has_backlink
371469,2025-10-26T03:05:15,ethereum-51-attack-security-notice,publish,https://coincu.com/ethereum-51-attack-security-notice,25,5,0,0,keep,has_backlink
371460,2025-10-26T01:35:36,limitless-token-surges-market-reactions,publish,https://coincu.com/limitless-token-surges-market-reactions,70,6,0,0,keep,has_backlink
371457,2025-10-26T01:04:43,kraken-q3-2025-revenue-ipo,publish,https://coincu.com/kraken-q3-2025-revenue-ipo,23,4,0,0,keep,has_backlink
371454,2025-10-26T00:35:55,ghana-cryptocurrency-regulation-december-2025,publish,https://coincu.com/ghana-cryptocurrency-regulation-december-2025,19,4,0,0,keep,has_backlink
371451,2025-10-26T00:05:23,ethzilla-ethereum-holdings-update,publish,https://coincu.com/ethzilla-ethereum-holdings-update,20,4,0,0,keep,has_backlink
371448,2025-10-25T23:34:49,erc-8004-ai-economic-entities,publish,https://coincu.com/erc-8004-ai-economic-entities,19,3,0,0,keep,has_backlink
371445,2025-10-25T23:05:17,binance-wallet-x402-token-discoveries,publish,https://coincu.com/binance-wallet-x402-token-discoveries,19,3,0,0,keep,has_backlink
371442,2025-10-25T22:34:22,trader-profit-ping-crypto,publish,https://coincu.com/trader-profit-ping-crypto,20,4,0,0,keep,has_backlink
371376,2025-10-25T22:00:00,how-ipo-genie-excels-in-crypto-presale-risk-mitigation,publish,https://coincu.com/how-ipo-genie-excels-in-crypto-presale-risk-mitigation,28,3,0,0,keep,has_backlink
371436,2025-10-25T21:35:18,giggle-fund-binance-listing,publish,https://coincu.com/giggle-fund-binance-listing,28,4,0,0,keep,has_backlink
371433,2025-10-25T21:05:31,bitcoin-vs-gold-sound-money-debate,publish,https://coincu.com/bitcoin-vs-gold-sound-money-debate,29,4,0,0,keep,has_backlink
371430,2025-10-25T20:35:57,core-scientific-q3-output-drop,publish,https://coincu.com/core-scientific-q3-output-drop,21,5,0,0,keep,has_backlink
371425,2025-10-25T20:05:37,china-poly-group-stablecoin-denial,publish,https://coincu.com/china-poly-group-stablecoin-denial,21,8,0,0,keep,has_backlink
371418,2025-10-25T19:34:35,rumble-tether-bitcoin-tipping-launch,publish,https://coincu.com/rumble-tether-bitcoin-tipping-launch,13,5,0,0,keep,has_backlink
371415,2025-10-25T19:05:09,citigroup-gemini-bullish-targets,publish,https://coincu.com/citigroup-gemini-bullish-targets,11,3,0,0,keep,has_backlink
371371,2025-10-25T19:00:00,best-cryptos-for-high-rois-why-blockchainfx-bfx-might-be-the-next-ethereum-level-opportunity,publish,https://coincu.com/best-cryptos-for-high-rois-why-blockchainfx-bfx-might-be-the-next-ethereum-level-opportunity,11,3,0,0,keep,has_backlink
371412,2025-10-25T18:35:29,depinsim-8-million-funding-blockchain-expansion,publish,https://coincu.com/depinsim-8-million-funding-blockchain-expansion,36,5,0,0,keep,has_backlink
371405,2025-10-25T18:06:25,rumble-bitcoin-tipping-launch,publish,https://coincu.com/rumble-bitcoin-tipping-launch,21,8,0,0,keep,has_backlink
371402,2025-10-25T17:35:32,tether-profit-2025-regulatory-plans,publish,https://coincu.com/tether-profit-2025-regulatory-plans,18,5,0,0,keep,has_backlink
371391,2025-10-25T17:07:42,solanas-bull-run-forecast-is-strong-but-ozak-ai-prediction-feels-stronger,publish,https://coincu.com/solanas-bull-run-forecast-is-strong-but-ozak-ai-prediction-feels-stronger,10,3,0,0,keep,has_backlink
371382,2025-10-25T16:35:24,falconx-whale-1030-btc-transfer,publish,https://coincu.com/falconx-whale-1030-btc-transfer,16,9,0,0,keep,has_backlink
371367,2025-10-25T16:06:38,china-poly-group-denies-stablecoin-connection,publish,https://coincu.com/china-poly-group-denies-stablecoin-connection,24,8,0,0,keep,has_backlink
371364,2025-10-25T15:36:40,binance-hires-washington-lobbyists,publish,https://coincu.com/binance-hires-washington-lobbyists,10,2,0,0,keep,has_backlink
371356,2025-10-25T14:35:17,bitcoin-whale-short-position,publish,https://coincu.com/bitcoin-whale-short-position,12,4,0,0,keep,has_backlink
371353,2025-10-25T14:05:33,trump-nominates-michael-selig-cftc,publish,https://coincu.com/trump-nominates-michael-selig-cftc,14,4,0,0,keep,has_backlink
371350,2025-10-25T13:36:49,stablecoin-use-2025-growth,publish,https://coincu.com/stablecoin-use-2025-growth,22,6,0,0,keep,has_backlink
371341,2025-10-25T13:16:43,bitcoin-profit-supply-rebounds-as-selling,publish,https://coincu.com/bitcoin-profit-supply-rebounds-as-selling,22,5,0,0,keep,has_backlink
371339,2025-10-25T12:34:09,binance-kyrgyzstan-bnb-stablecoin,publish,https://coincu.com/binance-kyrgyzstan-bnb-stablecoin,10,4,0,0,keep,has_backlink
371335,2025-10-25T12:16:40,multibank-group-and-khabib-nurmagomedov-launch-an-exclusive-worldwide-multi-billion-dollar-joint-venture-to-build-the-worlds-first-regulated-tokenized-sports-ecosystem,publish,https://coincu.com/multibank-group-and-khabib-nurmagomedov-launch-an-exclusive-worldwide-multi-billion-dollar-joint-venture-to-build-the-worlds-first-regulated-tokenized-sports-ecosystem,5,1,0,0,keep,has_backlink
371332,2025-10-25T12:07:17,tom-lee-bitcoin-price-drop,publish,https://coincu.com/tom-lee-bitcoin-price-drop,15,4,0,0,keep,has_backlink
371317,2025-10-25T11:36:29,blackrock-dumps-101m-eth-as-etf-outflows,publish,https://coincu.com/blackrock-dumps-101m-eth-as-etf-outflows,10,4,0,0,keep,has_backlink
371324,2025-10-25T11:34:29,ferrari-token-auction,publish,https://coincu.com/ferrari-token-auction,14,6,0,0,keep,has_backlink
371316,2025-10-25T11:06:42,federal-reserve-cuts-rates-tightening,publish,https://coincu.com/federal-reserve-cuts-rates-tightening,15,4,0,0,keep,has_backlink
371312,2025-10-25T10:07:17,coinbase-base-token-value-impact,publish,https://coincu.com/coinbase-base-token-value-impact,12,4,0,0,keep,has_backlink
371309,2025-10-25T09:35:57,us-fed-interest-rate-cuts-2023,publish,https://coincu.com/us-fed-interest-rate-cuts-2023,6,5,0,0,keep,has_backlink
371303,2025-10-25T09:35:10,whales-dump-70m-xrp-in-48-hrs,publish,https://coincu.com/whales-dump-70m-xrp-in-48-hrs,7,4,0,0,keep,has_backlink
371301,2025-10-25T09:05:14,ripple-acquires-hidden-road-rebrands,publish,https://coincu.com/ripple-acquires-hidden-road-rebrands,2,2,0,0,keep,has_backlink
371298,2025-10-25T08:35:30,bitcoin-resilience-largest-deleveraging,publish,https://coincu.com/bitcoin-resilience-largest-deleveraging,12,3,0,0,keep,has_backlink
371295,2025-10-25T08:05:30,jpmorgan-considers-crypto-collateral,publish,https://coincu.com/jpmorgan-considers-crypto-collateral,10,3,0,0,keep,has_backlink
371284,2025-10-25T06:05:26,binance-lists-giggle-fund-synfutures-2,publish,https://coincu.com/binance-lists-giggle-fund-synfutures-2,12,2,0,0,keep,has_backlink
371281,2025-10-25T05:35:11,us-september-cpi-market-expectations,publish,https://coincu.com/us-september-cpi-market-expectations,7,4,0,0,keep,has_backlink
371278,2025-10-25T05:05:16,september-cpi-impact-on-crypto,publish,https://coincu.com/september-cpi-impact-on-crypto,10,5,0,0,keep,has_backlink
371275,2025-10-25T04:35:05,trump-nominates-selig-cftc-chair,publish,https://coincu.com/trump-nominates-selig-cftc-chair,12,2,0,0,keep,has_backlink
371272,2025-10-25T04:05:16,polymarket-poly-token-airdrop,publish,https://coincu.com/polymarket-poly-token-airdrop,15,5,0,0,keep,has_backlink
371269,2025-10-25T03:35:38,binance-lists-giggle-fund-synfutures,publish,https://coincu.com/binance-lists-giggle-fund-synfutures,14,3,0,0,keep,has_backlink
371266,2025-10-25T03:05:02,tech-crypto-leaders-deny-trump-funding,publish,https://coincu.com/tech-crypto-leaders-deny-trump-funding,22,6,0,0,keep,has_backlink
371263,2025-10-25T02:34:55,ping-token-surpasses-60-million,publish,https://coincu.com/ping-token-surpasses-60-million,16,3,0,0,keep,has_backlink
371260,2025-10-25T02:05:49,x402-protocol-transaction-record,publish,https://coincu.com/x402-protocol-transaction-record,18,6,0,0,keep,has_backlink
371257,2025-10-25T01:35:12,poly-group-denies-hk-stablecoin,publish,https://coincu.com/poly-group-denies-hk-stablecoin,29,7,0,0,keep,has_backlink
371253,2025-10-25T00:35:01,tether-usat-stablecoin-rumble-investment,publish,https://coincu.com/tether-usat-stablecoin-rumble-investment,31,7,0,0,keep,has_backlink
371250,2025-10-25T00:04:45,ark-invest-quantum-eth-expansion,publish,https://coincu.com/ark-invest-quantum-eth-expansion,26,5,0,0,keep,has_backlink
371247,2025-10-24T23:35:12,cz-binance-trump-pardon-odds,publish,https://coincu.com/cz-binance-trump-pardon-odds,16,4,0,0,keep,has_backlink
371244,2025-10-24T23:05:14,polymarket-announces-poly-token-airdrop,publish,https://coincu.com/polymarket-announces-poly-token-airdrop,20,5,0,0,keep,has_backlink
371241,2025-10-24T22:35:00,qvac-genesis-i-synthetic-dataset-launch,publish,https://coincu.com/qvac-genesis-i-synthetic-dataset-launch,33,4,0,0,keep,has_backlink
371238,2025-10-24T22:05:27,jinshi-us-inflation-expectations,publish,https://coincu.com/jinshi-us-inflation-expectations,15,6,0,0,keep,has_backlink
371235,2025-10-24T21:35:29,us-cpi-data-delay-shutdown,publish,https://coincu.com/us-cpi-data-delay-shutdown,12,4,0,0,keep,has_backlink
371086,2025-10-24T21:00:00,top-5-reasons-web3-presales-may-outperform-vc-in-the-coming-years,publish,https://coincu.com/top-5-reasons-web3-presales-may-outperform-vc-in-the-coming-years,8,3,0,0,keep,has_backlink
371226,2025-10-24T20:05:19,crypto-stocks-coinbase-alts-gain,publish,https://coincu.com/crypto-stocks-coinbase-alts-gain,6,4,0,0,keep,has_backlink
371223,2025-10-24T19:35:24,michael-selig-cftc-crypto-leader,publish,https://coincu.com/michael-selig-cftc-crypto-leader,4,3,0,0,keep,has_backlink
371220,2025-10-24T19:04:53,cryptocom-us-trust-bank-license,publish,https://coincu.com/cryptocom-us-trust-bank-license,2,2,0,0,keep,has_backlink
371217,2025-10-24T18:35:05,trump-pardons-binance-founder-2,publish,https://coincu.com/trump-pardons-binance-founder-2,2,1,0,0,keep,has_backlink
371166,2025-10-24T18:15:00,shib-price-prediction-2025-bzil-leads-the-top-meme-coin-presales-this-week,publish,https://coincu.com/shib-price-prediction-2025-bzil-leads-the-top-meme-coin-presales-this-week,8,3,0,0,keep,has_backlink
371214,2025-10-24T18:04:43,crypto-bill-challenges-scandal-impacts,publish,https://coincu.com/crypto-bill-challenges-scandal-impacts,5,2,0,0,keep,has_backlink
371211,2025-10-24T17:36:10,federal-reserve-interest-rate-cut-cpi,publish,https://coincu.com/federal-reserve-interest-rate-cut-cpi,11,5,0,0,keep,has_backlink
371209,2025-10-24T17:34:21,cpi-rise-signals-rate-cut,publish,https://coincu.com/cpi-rise-signals-rate-cut,10,5,0,0,keep,has_backlink
371202,2025-10-24T17:12:03,avnt-hits-0-8739-is-the-1-18-target,publish,https://coincu.com/avnt-hits-0-8739-is-the-1-18-target,7,3,0,0,keep,has_backlink
371201,2025-10-24T17:05:37,tom-lee-bitcoin-price-drop-cycles,publish,https://coincu.com/tom-lee-bitcoin-price-drop-cycles,8,4,0,0,keep,has_backlink
371180,2025-10-24T16:47:57,solanas-bullish-signals-potential-for-260,publish,https://coincu.com/solanas-bullish-signals-potential-for-260,14,3,0,0,keep,has_backlink
371186,2025-10-24T16:34:55,bitcoin-50-percent-correction-warning,publish,https://coincu.com/bitcoin-50-percent-correction-warning,9,3,0,0,keep,has_backlink
371173,2025-10-24T16:06:12,us-cpi-impact-btc-eth,publish,https://coincu.com/us-cpi-impact-btc-eth,8,6,0,0,keep,has_backlink
371077,2025-10-24T16:00:00,dogecoin-price-recovery-and-shiba-inu-volume-drop-highlight-opportunity-in-next-100x-crypto-blockchainfx,publish,https://coincu.com/dogecoin-price-recovery-and-shiba-inu-volume-drop-highlight-opportunity-in-next-100x-crypto-blockchainfx,4,2,0,0,keep,has_backlink
371165,2025-10-24T15:35:46,tether-ceo-15-billion-profit,publish,https://coincu.com/tether-ceo-15-billion-profit,7,3,0,0,keep,has_backlink
371156,2025-10-24T15:06:27,zelle-global-expansion-stablecoin,publish,https://coincu.com/zelle-global-expansion-stablecoin,6,2,0,0,keep,has_backlink
371148,2025-10-24T14:56:25,old-bitcoin-wakes-up-will-1001-btc-rattle-the-market,publish,https://coincu.com/old-bitcoin-wakes-up-will-1001-btc-rattle-the-market,7,3,0,0,keep,has_backlink
371147,2025-10-24T14:36:05,ripple-acquires-hidden-road-launches,publish,https://coincu.com/ripple-acquires-hidden-road-launches,8,3,0,0,keep,has_backlink
371144,2025-10-24T14:06:45,market-inflation-fed-reaction,publish,https://coincu.com/market-inflation-fed-reaction,11,3,0,0,keep,has_backlink
371136,2025-10-24T14:00:48,dogecoin-eyes-0-25-only-if-0-18-holds,publish,https://coincu.com/dogecoin-eyes-0-25-only-if-0-18-holds,20,5,0,0,keep,has_backlink
371135,2025-10-24T13:35:22,white-house-cpi-speculation,publish,https://coincu.com/white-house-cpi-speculation,10,4,0,0,keep,has_backlink
371132,2025-10-24T13:05:21,chaincatcher-alibaba-cloud-partnership-5,publish,https://coincu.com/chaincatcher-alibaba-cloud-partnership-5,18,5,0,0,keep,has_backlink
371129,2025-10-24T12:35:32,september-cpi-data-market-impact,publish,https://coincu.com/september-cpi-data-market-impact,11,4,0,0,keep,has_backlink
371126,2025-10-24T12:06:26,polymarket-poly-token-us-app,publish,https://coincu.com/polymarket-poly-token-us-app,8,2,0,0,keep,has_backlink
371123,2025-10-24T11:35:52,china-pboc-digital-finance-growth,publish,https://coincu.com/china-pboc-digital-finance-growth,6,2,0,0,keep,has_backlink
371120,2025-10-24T11:04:51,jpmorgan-boosts-coinbase-stock,publish,https://coincu.com/jpmorgan-boosts-coinbase-stock,8,3,0,0,keep,has_backlink
371107,2025-10-24T10:37:02,x-layer-upgrade-okx-exchange-impact,publish,https://coincu.com/x-layer-upgrade-okx-exchange-impact,13,4,0,0,keep,has_backlink
371099,2025-10-24T10:23:59,sei-eyes-breakout-to-0-22-as-bullish,publish,https://coincu.com/sei-eyes-breakout-to-0-22-as-bullish,5,1,0,0,keep,has_backlink
371091,2025-10-24T09:54:50,bitcoin-signals-market-reset-with-63b-in,publish,https://coincu.com/bitcoin-signals-market-reset-with-63b-in,8,3,0,0,keep,has_backlink
371084,2025-10-24T09:36:12,jpmorgan-bitcoin-ethereum-collateral,publish,https://coincu.com/jpmorgan-bitcoin-ethereum-collateral,18,4,0,0,keep,has_backlink
371076,2025-10-24T09:06:43,fetch-ai-ocean-protocol-dispute-resolution,publish,https://coincu.com/fetch-ai-ocean-protocol-dispute-resolution,18,4,0,0,keep,has_backlink
371063,2025-10-24T08:46:36,xrp-forecast-potential-breakout-to-9-90,publish,https://coincu.com/xrp-forecast-potential-breakout-to-9-90,10,3,0,0,keep,has_backlink
371066,2025-10-24T08:35:17,pieverse-7m-web3-expansion,publish,https://coincu.com/pieverse-7m-web3-expansion,4,1,0,0,keep,has_backlink
371061,2025-10-24T08:05:55,jupiter-ico-platform-launch-2025,publish,https://coincu.com/jupiter-ico-platform-launch-2025,21,5,0,0,keep,has_backlink
371058,2025-10-24T07:34:56,gold-fund-inflows-crypto-outflows,publish,https://coincu.com/gold-fund-inflows-crypto-outflows,10,4,0,0,keep,has_backlink
371055,2025-10-24T07:06:54,prompt-injection-ai-browsers-risk,publish,https://coincu.com/prompt-injection-ai-browsers-risk,15,4,0,0,keep,has_backlink
371052,2025-10-24T06:36:18,north-korea-crypto-theft-msmt,publish,https://coincu.com/north-korea-crypto-theft-msmt,10,4,0,0,keep,has_backlink
371049,2025-10-24T06:05:31,fed-ends-balance-sheet-reduction,publish,https://coincu.com/fed-ends-balance-sheet-reduction,8,3,0,0,keep,has_backlink
371046,2025-10-24T05:35:46,blackrock-buidl-500m-polygon,publish,https://coincu.com/blackrock-buidl-500m-polygon,11,5,0,0,keep,has_backlink
371043,2025-10-24T05:35:21,oct-24-binance-alpha-users-claim-on-220-points,publish,https://coincu.com/oct-24-binance-alpha-users-claim-on-220-points,17,3,0,0,keep,has_backlink
371041,2025-10-24T05:05:32,okx-launches-apriori-futures-50x,publish,https://coincu.com/okx-launches-apriori-futures-50x,9,3,0,0,keep,has_backlink
371035,2025-10-24T04:06:02,trump-pardons-binance-founder-cz,publish,https://coincu.com/trump-pardons-binance-founder-cz,12,4,0,0,keep,has_backlink
371032,2025-10-24T03:36:16,blackrock-buidl-deployment-aptos-network,publish,https://coincu.com/blackrock-buidl-deployment-aptos-network,13,5,0,0,keep,has_backlink
371021,2025-10-24T02:34:07,unstoppable-momentum-how-ozak-ai-became-the-breakout-success-of-2025-with-3-7m-in-funding,publish,https://coincu.com/unstoppable-momentum-how-ozak-ai-became-the-breakout-success-of-2025-with-3-7m-in-funding,14,3,0,0,keep,has_backlink
371017,2025-10-24T02:27:36,ethereum-price-prediction-eth-could-reach-10000-before-bitcoin-hits-200k-but-this-crypto-has-even-bigger-short-term-upside,publish,https://coincu.com/ethereum-price-prediction-eth-could-reach-10000-before-bitcoin-hits-200k-but-this-crypto-has-even-bigger-short-term-upside,17,3,0,0,keep,has_backlink
371016,2025-10-24T02:05:03,stablecoin-chain-deposit-insider-trading,publish,https://coincu.com/stablecoin-chain-deposit-insider-trading,14,4,0,0,keep,has_backlink
371013,2025-10-24T01:35:13,us-crypto-bill-progress-despite-shutdown,publish,https://coincu.com/us-crypto-bill-progress-despite-shutdown,13,5,0,0,keep,has_backlink
371010,2025-10-24T01:04:54,coinbase-ceo-crypto-bill-progress,publish,https://coincu.com/coinbase-ceo-crypto-bill-progress,12,4,0,0,keep,has_backlink
371007,2025-10-24T00:35:51,stripe-ai-digital-assets-strategy,publish,https://coincu.com/stripe-ai-digital-assets-strategy,21,6,0,0,keep,has_backlink
371003,2025-10-23T23:36:36,kraken-ars-base-network-delay,publish,https://coincu.com/kraken-ars-base-network-delay,11,4,0,0,keep,has_backlink
370999,2025-10-23T22:35:04,robinhood-launches-hype-trading,publish,https://coincu.com/robinhood-launches-hype-trading,16,3,0,0,keep,has_backlink
370996,2025-10-23T22:04:40,monad-apriori-apr-airdrop-claim,publish,https://coincu.com/monad-apriori-apr-airdrop-claim,20,5,0,0,keep,has_backlink
370993,2025-10-23T21:35:29,plasma-european-expansion-italy-vasp,publish,https://coincu.com/plasma-european-expansion-italy-vasp,21,4,0,0,keep,has_backlink
370990,2025-10-23T21:04:45,trump-pardons-binance-cz-2,publish,https://coincu.com/trump-pardons-binance-cz-2,18,5,0,0,keep,has_backlink
370984,2025-10-23T20:33:54,trump-pardons-binance-cz-crypto-impact,publish,https://coincu.com/trump-pardons-binance-cz-crypto-impact,10,3,0,0,keep,has_backlink
370979,2025-10-23T20:04:58,trump-pardons-cz-crypto-policy-shift,publish,https://coincu.com/trump-pardons-cz-crypto-policy-shift,6,2,0,0,keep,has_backlink
370976,2025-10-23T19:36:06,14-year-dormant-bitcoin-wallet-moves,publish,https://coincu.com/14-year-dormant-bitcoin-wallet-moves,9,4,0,0,keep,has_backlink
370973,2025-10-23T19:05:18,bipartisan-cryptocurrency-legislation-sacks,publish,https://coincu.com/bipartisan-cryptocurrency-legislation-sacks,9,4,0,0,keep,has_backlink
370967,2025-10-23T18:34:37,us-jobless-claims-delay-crypto-impact,publish,https://coincu.com/us-jobless-claims-delay-crypto-impact,8,3,0,0,keep,has_backlink
370944,2025-10-23T18:30:00,whispers-from-crypto-whale-wallets-blockchainfx-emerges-as-the-top-crypto-coin-to-watch-in-2025,publish,https://coincu.com/whispers-from-crypto-whale-wallets-blockchainfx-emerges-as-the-top-crypto-coin-to-watch-in-2025,8,3,0,0,keep,has_backlink
370959,2025-10-23T18:06:02,chinese-us-presidents-meet-market-influence,publish,https://coincu.com/chinese-us-presidents-meet-market-influence,11,5,0,0,keep,has_backlink
370951,2025-10-23T17:34:56,trump-pardons-binance-cz,publish,https://coincu.com/trump-pardons-binance-cz,10,4,0,0,keep,has_backlink
370943,2025-10-23T17:06:28,farcaster-clanker-ai-meme-coins,publish,https://coincu.com/farcaster-clanker-ai-meme-coins,9,4,0,0,keep,has_backlink
370940,2025-10-23T16:35:14,kraken-500m-funding-2026-ipo,publish,https://coincu.com/kraken-500m-funding-2026-ipo,16,5,0,0,keep,has_backlink
370933,2025-10-23T16:16:53,cardano-price-prediction-15-drop-to,publish,https://coincu.com/cardano-price-prediction-15-drop-to,22,3,0,0,keep,has_backlink
370932,2025-10-23T16:05:52,crypto-ma-activity-q3-2025,publish,https://coincu.com/crypto-ma-activity-q3-2025,8,3,0,0,keep,has_backlink
370928,2025-10-23T16:04:19,trezor-launches-trezor-safe-7-first-hardware-wallet-with-transparent-secure-element,publish,https://coincu.com/trezor-launches-trezor-safe-7-first-hardware-wallet-with-transparent-secure-element,7,3,0,0,keep,has_backlink
370922,2025-10-23T15:43:33,trump-pardons-binance-founder-changpeng,publish,https://coincu.com/trump-pardons-binance-founder-changpeng,23,7,0,0,keep,has_backlink
370921,2025-10-23T15:35:55,trump-pardons-binance-founder,publish,https://coincu.com/trump-pardons-binance-founder,6,2,0,0,keep,has_backlink
370918,2025-10-23T15:04:22,gold-price-forecast-2026,publish,https://coincu.com/gold-price-forecast-2026,8,2,0,0,keep,has_backlink
370904,2025-10-23T14:06:14,bybit-meteora-spot-trading-solana,publish,https://coincu.com/bybit-meteora-spot-trading-solana,15,6,0,0,keep,has_backlink
370901,2025-10-23T13:35:30,white-house-crypto-legislation-2025,publish,https://coincu.com/white-house-crypto-legislation-2025,12,4,0,0,keep,has_backlink
370898,2025-10-23T13:05:46,japan-interest-rate-hike-2025-rumor,publish,https://coincu.com/japan-interest-rate-hike-2025-rumor,17,3,0,0,keep,has_backlink
370894,2025-10-23T13:01:30,studio-chain-launches-on-mainnet-for-entertainment-and-gaming,publish,https://coincu.com/studio-chain-launches-on-mainnet-for-entertainment-and-gaming,12,2,0,0,keep,has_backlink
370889,2025-10-23T12:59:37,bingx-launches-zero-fee-trading-for-btc-eth-and-bnb-with-daily-rewards,publish,https://coincu.com/bingx-launches-zero-fee-trading-for-btc-eth-and-bnb-with-daily-rewards,12,3,0,0,keep,has_backlink
370888,2025-10-23T12:36:55,polymarket-draftkings-prediction-market-launch,publish,https://coincu.com/polymarket-draftkings-prediction-market-launch,12,4,0,0,keep,has_backlink
370885,2025-10-23T12:05:14,hong-kong-solana-etf-approval,publish,https://coincu.com/hong-kong-solana-etf-approval,9,3,0,0,keep,has_backlink
370882,2025-10-23T11:35:01,ocean-exits-asi-governance-disputes,publish,https://coincu.com/ocean-exits-asi-governance-disputes,19,5,0,0,keep,has_backlink
370779,2025-10-23T11:26:33,bingx-spreads-love-through-the-campaign-one-light-a-thousand-hearts-donating-50000-to-flood-affected-communities-in-vietnam,publish,https://coincu.com/bingx-spreads-love-through-the-campaign-one-light-a-thousand-hearts-donating-50000-to-flood-affected-communities-in-vietnam,29,4,0,0,keep,has_backlink
370879,2025-10-23T11:05:59,eu-sanctions-a7a5-stablecoin-2,publish,https://coincu.com/eu-sanctions-a7a5-stablecoin-2,6,4,0,0,keep,has_backlink
370868,2025-10-23T10:34:33,eu-sanctions-a7a5-stablecoin,publish,https://coincu.com/eu-sanctions-a7a5-stablecoin,6,3,0,0,keep,has_backlink
370864,2025-10-23T10:04:36,t-rowe-price-active-crypto-etf,publish,https://coincu.com/t-rowe-price-active-crypto-etf,6,4,0,0,keep,has_backlink
370857,2025-10-23T09:58:49,dogecoin-range-bound-but-poised-for,publish,https://coincu.com/dogecoin-range-bound-but-poised-for,7,4,0,0,keep,has_backlink
370844,2025-10-23T09:06:05,btc-stocks-align-as-q4-earnings-mark,publish,https://coincu.com/btc-stocks-align-as-q4-earnings-mark,21,7,0,0,keep,has_backlink
370851,2025-10-23T09:05:45,ore-token-surge-solana-network,publish,https://coincu.com/ore-token-surge-solana-network,21,5,0,0,keep,has_backlink
370843,2025-10-23T08:34:21,bitcoin-sp500-moderate-correlation,publish,https://coincu.com/bitcoin-sp500-moderate-correlation,8,3,0,0,keep,has_backlink
370839,2025-10-23T08:06:27,bunni-hacker-revealed-by-analyst,publish,https://coincu.com/bunni-hacker-revealed-by-analyst,7,4,0,0,keep,has_backlink
370828,2025-10-23T08:05:02,hyperliquid-eyes-1b-raise,publish,https://coincu.com/hyperliquid-eyes-1b-raise,5,3,0,0,keep,has_backlink
370826,2025-10-23T08:03:58,hyperliquid-strategies-files-for-1b-ipo,publish,https://coincu.com/hyperliquid-strategies-files-for-1b-ipo,8,4,0,0,keep,has_backlink
370825,2025-10-23T07:35:45,peter-schiff-gold-tokenization-blockchain,publish,https://coincu.com/peter-schiff-gold-tokenization-blockchain,5,3,0,0,keep,has_backlink
370810,2025-10-23T07:13:10,ripples-chris-larsen-cashed-out-764m,publish,https://coincu.com/ripples-chris-larsen-cashed-out-764m,16,4,0,0,keep,has_backlink
370817,2025-10-23T07:06:05,china-us-trade-negotiations-2025,publish,https://coincu.com/china-us-trade-negotiations-2025,12,2,0,0,keep,has_backlink
370809,2025-10-23T06:35:06,wazirx-reopens-zero-fees-india,publish,https://coincu.com/wazirx-reopens-zero-fees-india,5,3,0,0,keep,has_backlink
370806,2025-10-23T05:35:28,t-rowe-price-crypto-etf-sec-filing,publish,https://coincu.com/t-rowe-price-crypto-etf-sec-filing,8,2,0,0,keep,has_backlink
370803,2025-10-23T05:04:30,sonic-labs-node-upgrade-2025,publish,https://coincu.com/sonic-labs-node-upgrade-2025,22,4,0,0,keep,has_backlink
370800,2025-10-23T04:34:29,insider-trading-aethir-impact,publish,https://coincu.com/insider-trading-aethir-impact,26,4,0,0,keep,has_backlink
370796,2025-10-23T03:34:37,singapore-bloom-web3-finance,publish,https://coincu.com/singapore-bloom-web3-finance,22,3,0,0,keep,has_backlink
370778,2025-10-23T03:04:35,us-inflation-fed-policy-2025,publish,https://coincu.com/us-inflation-fed-policy-2025,26,3,0,0,keep,has_backlink
370775,2025-10-23T02:35:09,us-national-debt-38-trillion-impact,publish,https://coincu.com/us-national-debt-38-trillion-impact,33,4,0,0,keep,has_backlink
370772,2025-10-23T02:06:03,google-quantum-chip-bitcoin-concerns,publish,https://coincu.com/google-quantum-chip-bitcoin-concerns,35,5,0,0,keep,has_backlink
370769,2025-10-23T01:34:47,trump-administration-quantum-stake,publish,https://coincu.com/trump-administration-quantum-stake,36,4,0,0,keep,has_backlink
370766,2025-10-23T01:03:48,google-quantum-chip-future-bitcoin-impact,publish,https://coincu.com/google-quantum-chip-future-bitcoin-impact,26,5,0,0,keep,has_backlink
370763,2025-10-23T00:34:12,t-rowe-price-crypto-etf-application,publish,https://coincu.com/t-rowe-price-crypto-etf-application,21,3,0,0,keep,has_backlink
370760,2025-10-23T00:04:21,crypto-leaders-market-structure-bill,publish,https://coincu.com/crypto-leaders-market-structure-bill,20,2,0,0,keep,has_backlink
370757,2025-10-22T23:39:03,us-federal-debt-surpasses-38-trillion-2,publish,https://coincu.com/us-federal-debt-surpasses-38-trillion-2,12,4,0,0,keep,has_backlink
370755,2025-10-22T23:35:15,us-federal-debt-surpasses-38-trillion,publish,https://coincu.com/us-federal-debt-surpasses-38-trillion,10,3,0,0,keep,has_backlink
370752,2025-10-22T23:04:38,us-treasury-sanctions-russia,publish,https://coincu.com/us-treasury-sanctions-russia,23,4,0,0,keep,has_backlink
370749,2025-10-22T22:34:57,aave-annual-token-buyback-plan,publish,https://coincu.com/aave-annual-token-buyback-plan,30,7,0,0,keep,has_backlink
370745,2025-10-22T21:34:06,robinhood-launches-bnb-trading,publish,https://coincu.com/robinhood-launches-bnb-trading,18,5,0,0,keep,has_backlink
370742,2025-10-22T21:05:22,limitless-lmts-token-launch,publish,https://coincu.com/limitless-lmts-token-launch,14,5,0,0,keep,has_backlink
370739,2025-10-22T20:34:57,us-china-trade-crypto-surge,publish,https://coincu.com/us-china-trade-crypto-surge,15,2,0,0,keep,has_backlink
370736,2025-10-22T20:04:51,blackrock-coinbase-crypto-transfer,publish,https://coincu.com/blackrock-coinbase-crypto-transfer,10,3,0,0,keep,has_backlink
370672,2025-10-22T20:00:00,avax-price-prediction-can-avax-hit-its-all-time-high-or-is-blockchainfx-the-best-crypto-to-buy-for-50x-gains,publish,https://coincu.com/avax-price-prediction-can-avax-hit-its-all-time-high-or-is-blockchainfx-the-best-crypto-to-buy-for-50x-gains,6,2,0,0,keep,has_backlink
370730,2025-10-22T19:34:20,kraken-q3-revenue-surges-ipo-plan,publish,https://coincu.com/kraken-q3-revenue-surges-ipo-plan,8,2,0,0,keep,has_backlink
370723,2025-10-22T19:04:15,coinbase-binance-bnb-listing,publish,https://coincu.com/coinbase-binance-bnb-listing,19,9,0,0,keep,has_backlink
370719,2025-10-22T18:04:46,falconx-acquires-21shares-crypto,publish,https://coincu.com/falconx-acquires-21shares-crypto,11,4,0,0,keep,has_backlink
370716,2025-10-22T17:34:56,15965-bitcoins-prince-group-wallet,publish,https://coincu.com/15965-bitcoins-prince-group-wallet,12,3,0,0,keep,has_backlink
370706,2025-10-22T17:03:59,fed-loses-adp-employment-data,publish,https://coincu.com/fed-loses-adp-employment-data,6,3,0,0,keep,has_backlink
370700,2025-10-22T16:43:01,house-of-doge-acquires-stake-in-hc-sierre,publish,https://coincu.com/house-of-doge-acquires-stake-in-hc-sierre,11,4,0,0,keep,has_backlink
370699,2025-10-22T16:34:22,crypto-market-expansion-a16z-report,publish,https://coincu.com/crypto-market-expansion-a16z-report,5,2,0,0,keep,has_backlink
370694,2025-10-22T16:05:44,a16z-crypto-urges-us-legislation,publish,https://coincu.com/a16z-crypto-urges-us-legislation,11,2,0,0,keep,has_backlink
370677,2025-10-22T15:50:24,a-beginners-guide-to-cryptocurrency-and-why-it-matters,publish,https://coincu.com/a-beginners-guide-to-cryptocurrency-and-why-it-matters,35,4,0,0,keep,has_backlink
370687,2025-10-22T15:36:27,trowe-price-crypto-etf-filing,publish,https://coincu.com/trowe-price-crypto-etf-filing,12,4,0,0,keep,has_backlink
370669,2025-10-22T14:34:04,bitcoin-dip-market-prediction-news,publish,https://coincu.com/bitcoin-dip-market-prediction-news,7,2,0,0,keep,has_backlink
370661,2025-10-22T14:04:17,mercer-cube-3-billion-merger,publish,https://coincu.com/mercer-cube-3-billion-merger,9,3,0,0,keep,has_backlink
370653,2025-10-22T13:34:09,mercer-park-cube-group-merger,publish,https://coincu.com/mercer-park-cube-group-merger,13,4,0,0,keep,has_backlink
370650,2025-10-22T13:05:42,robinhood-bnb-trading-launch,publish,https://coincu.com/robinhood-bnb-trading-launch,11,4,7,194,keep,has_backlink|has_gsc_3m
370647,2025-10-22T12:34:49,uk-fca-lawsuit-htx-illegal-promotions,publish,https://coincu.com/uk-fca-lawsuit-htx-illegal-promotions,5,3,0,0,keep,has_backlink
370644,2025-10-22T12:04:50,liechtenstein-blockchain-network-launch,publish,https://coincu.com/liechtenstein-blockchain-network-launch,12,4,0,0,keep,has_backlink
370619,2025-10-22T11:04:24,bitcoin-mvrv-ratio-suggests-bottom,publish,https://coincu.com/bitcoin-mvrv-ratio-suggests-bottom,4,2,0,0,keep,has_backlink
370608,2025-10-22T10:40:30,metamask-phantom-walletconnect-join,publish,https://coincu.com/metamask-phantom-walletconnect-join,6,3,0,0,keep,has_backlink
370603,2025-10-22T10:34:30,getblock-welcomes-users-affected-by-blastapi-shutdown-with-up-to-50-discount-on-pro-enterprise-plans,publish,https://coincu.com/getblock-welcomes-users-affected-by-blastapi-shutdown-with-up-to-50-discount-on-pro-enterprise-plans,5,2,0,0,keep,has_backlink
370424,2025-10-22T10:15:00,avax-and-sui-rally-while-mobu-hits-top-crypto-presales,publish,https://coincu.com/avax-and-sui-rally-while-mobu-hits-top-crypto-presales,11,3,27,27,keep,has_backlink|has_gsc_3m
370593,2025-10-22T10:04:48,falconx-acquires-21shares-expansion,publish,https://coincu.com/falconx-acquires-21shares-expansion,6,3,0,0,keep,has_backlink
370584,2025-10-22T09:34:18,russia-legalizes-crypto-trade,publish,https://coincu.com/russia-legalizes-crypto-trade,6,3,0,0,keep,has_backlink
370580,2025-10-22T09:05:31,siemens-b2c2-jpmorgan-blockchain-fx,publish,https://coincu.com/siemens-b2c2-jpmorgan-blockchain-fx,8,4,0,0,keep,has_backlink
370575,2025-10-22T09:01:21,oct-22-binance-alpha-users-claim-turtle-220-points,publish,https://coincu.com/oct-22-binance-alpha-users-claim-turtle-220-points,18,4,0,0,keep,has_backlink
370565,2025-10-22T08:37:36,hong-kong-approves-first-solana-spot-etf,publish,https://coincu.com/hong-kong-approves-first-solana-spot-etf,9,4,0,0,keep,has_backlink
370564,2025-10-22T08:33:49,fed-interest-rate-cut-speculation,publish,https://coincu.com/fed-interest-rate-cut-speculation,7,3,0,0,keep,has_backlink
370560,2025-10-22T08:04:20,btc-whale-market-volatility,publish,https://coincu.com/btc-whale-market-volatility,9,4,0,0,keep,has_backlink
370554,2025-10-22T07:53:24,aussivo-debuts-trust-first-cloud-infrastructure-at-blockchain-life-dubai,publish,https://coincu.com/aussivo-debuts-trust-first-cloud-infrastructure-at-blockchain-life-dubai,3,1,0,0,keep,has_backlink
370553,2025-10-22T07:34:27,japan-economic-package-inflation-crypto,publish,https://coincu.com/japan-economic-package-inflation-crypto,11,5,0,0,keep,has_backlink
370547,2025-10-22T07:04:54,binance-alpha-lists-apro-claim-airdrops-with-points-on-october-24,publish,https://coincu.com/binance-alpha-lists-apro-claim-airdrops-with-points-on-october-24,9,4,0,0,keep,has_backlink
370540,2025-10-22T07:02:59,sol-breaks-down-can-it-hold-the-184,publish,https://coincu.com/sol-breaks-down-can-it-hold-the-184,6,2,0,0,keep,has_backlink
370539,2025-10-22T06:34:31,standard-chartered-virtual-asset-etf-services,publish,https://coincu.com/standard-chartered-virtual-asset-etf-services,6,2,0,0,keep,has_backlink
370533,2025-10-22T05:34:12,upbit-clearpool-cpool-trading-integration,publish,https://coincu.com/upbit-clearpool-cpool-trading-integration,17,5,0,0,keep,has_backlink
370530,2025-10-22T05:05:02,trump-doj-compensation-demand,publish,https://coincu.com/trump-doj-compensation-demand,10,3,0,0,keep,has_backlink
370528,2025-10-22T05:03:15,trump-seeks-compensation-doj-investigations,publish,https://coincu.com/trump-seeks-compensation-doj-investigations,8,3,0,0,keep,has_backlink
370525,2025-10-22T04:33:56,hkex-crypto-treasury-regulation,publish,https://coincu.com/hkex-crypto-treasury-regulation,9,4,0,0,keep,has_backlink
370522,2025-10-22T04:04:59,ethereum-mass-adoption-strategy-2025,publish,https://coincu.com/ethereum-mass-adoption-strategy-2025,15,5,0,0,keep,has_backlink
370510,2025-10-22T03:03:22,hong-kong-blockchain-apec,publish,https://coincu.com/hong-kong-blockchain-apec,17,6,0,0,keep,has_backlink
370507,2025-10-22T02:34:52,aerodrome-aero-launch-token-base,publish,https://coincu.com/aerodrome-aero-launch-token-base,21,7,0,0,keep,has_backlink
370498,2025-10-22T02:15:00,this-1000x-presale-joins-the-top-cryptos-to-buy-now-list-after-raising-450k-ethereum-eth-and-cardano-ada-rally,publish,https://coincu.com/this-1000x-presale-joins-the-top-cryptos-to-buy-now-list-after-raising-450k-ethereum-eth-and-cardano-ada-rally,9,2,0,0,keep,has_backlink
370493,2025-10-22T01:05:00,bealls-inc-crypto-payments-flexa,publish,https://coincu.com/bealls-inc-crypto-payments-flexa,18,4,0,0,keep,has_backlink
370490,2025-10-22T00:35:28,asia-exchanges-block-crypto-treasury,publish,https://coincu.com/asia-exchanges-block-crypto-treasury,14,4,0,0,keep,has_backlink
370486,2025-10-21T23:33:09,openai-chatgpt-atlas-browser-launch,publish,https://coincu.com/openai-chatgpt-atlas-browser-launch,27,4,0,0,keep,has_backlink
370483,2025-10-21T23:03:58,arch-launches-taxshield-bitcoin-tax,publish,https://coincu.com/arch-launches-taxshield-bitcoin-tax,17,6,0,0,keep,has_backlink
370480,2025-10-21T22:33:37,upbit-synfutures-krw-usdt,publish,https://coincu.com/upbit-synfutures-krw-usdt,16,4,0,0,keep,has_backlink
370477,2025-10-21T22:05:11,sign-raises-25-5m-blockchain-growth,publish,https://coincu.com/sign-raises-25-5m-blockchain-growth,8,2,0,0,keep,has_backlink
370474,2025-10-21T21:33:55,circle-bridge-kit-usdc-launch,publish,https://coincu.com/circle-bridge-kit-usdc-launch,16,9,0,0,keep,has_backlink
370471,2025-10-21T20:34:45,ukraine-european-defense-agreement-2025,publish,https://coincu.com/ukraine-european-defense-agreement-2025,9,3,0,0,keep,has_backlink
370467,2025-10-21T19:34:44,arthur-hayes-hype-valuation-risks,publish,https://coincu.com/arthur-hayes-hype-valuation-risks,11,4,0,0,keep,has_backlink
370464,2025-10-21T19:04:25,spacex-btc-transfer-speculation,publish,https://coincu.com/spacex-btc-transfer-speculation,10,4,0,0,keep,has_backlink
370457,2025-10-21T18:35:00,jpmorgan-usd-decline-forecast,publish,https://coincu.com/jpmorgan-usd-decline-forecast,12,6,0,0,keep,has_backlink
370451,2025-10-21T18:04:11,coinbase-echo-acquisition,publish,https://coincu.com/coinbase-echo-acquisition,8,4,0,0,keep,has_backlink
370376,2025-10-21T18:02:47,opening-pandoras-box-how-regulatory-crackdowns-are-changing-crypto-licensing,publish,https://coincu.com/opening-pandoras-box-how-regulatory-crackdowns-are-changing-crypto-licensing,27,4,0,0,keep,has_backlink
370437,2025-10-21T17:34:27,federal-reserve-rate-cut-crypto-2,publish,https://coincu.com/federal-reserve-rate-cut-crypto-2,9,4,0,0,keep,has_backlink
370434,2025-10-21T17:04:45,fed-october-rate-cut-speculation,publish,https://coincu.com/fed-october-rate-cut-speculation,4,3,0,0,keep,has_backlink
370334,2025-10-21T17:00:00,cardano-monero-and-blockchainfx-best-cryptos-to-invest-in-2025,publish,https://coincu.com/cardano-monero-and-blockchainfx-best-cryptos-to-invest-in-2025,7,2,6,41,keep,has_backlink|has_gsc_3m
370431,2025-10-21T16:36:45,peace-plan-ukraine-russia-europe,publish,https://coincu.com/peace-plan-ukraine-russia-europe,13,2,0,0,keep,has_backlink
370429,2025-10-21T16:34:24,european-peace-plan-ukraine,publish,https://coincu.com/european-peace-plan-ukraine,15,3,0,0,keep,has_backlink
370422,2025-10-21T16:05:39,citigroup-gold-price-target-debate,publish,https://coincu.com/citigroup-gold-price-target-debate,10,2,0,0,keep,has_backlink
370416,2025-10-21T15:34:59,us-defense-blockchain-strategy,publish,https://coincu.com/us-defense-blockchain-strategy,12,3,0,0,keep,has_backlink
370413,2025-10-21T15:05:34,federal-reserve-lite-master-accounts,publish,https://coincu.com/federal-reserve-lite-master-accounts,4,2,0,0,keep,has_backlink
370406,2025-10-21T14:34:26,prediction-markets-us-election-trade-highs,publish,https://coincu.com/prediction-markets-us-election-trade-highs,7,4,0,0,keep,has_backlink
370398,2025-10-21T14:05:16,blackrock-urges-bitcoin-whales,publish,https://coincu.com/blackrock-urges-bitcoin-whales,17,7,0,0,keep,has_backlink
370368,2025-10-21T13:30:00,metaterra-expands-miracle-pay-momentum-with-your-wallet-your-ticket-campaign,publish,https://coincu.com/metaterra-expands-miracle-pay-momentum-with-your-wallet-your-ticket-campaign,10,4,0,0,keep,has_backlink
370383,2025-10-21T13:09:37,chainlink-set-for-rally-breakout-above-25-could-lead-to-100-target,publish,https://coincu.com/chainlink-set-for-rally-breakout-above-25-could-lead-to-100-target,13,5,0,0,keep,has_backlink
370380,2025-10-21T13:02:00,arb-drops-from-resistance,publish,https://coincu.com/arb-drops-from-resistance,5,3,0,0,keep,has_backlink
370371,2025-10-21T12:29:56,even-the-largest-btc-and-eth-holders-are-considering-flipping-part-of-their-stakes-into-ozak-ai-for-superior-gains,publish,https://coincu.com/even-the-largest-btc-and-eth-holders-are-considering-flipping-part-of-their-stakes-into-ozak-ai-for-superior-gains,8,3,0,0,keep,has_backlink
370365,2025-10-21T12:07:57,bingx-ai-master-hits-1-million-early-users-expanding-with-10-new-ai-personas,publish,https://coincu.com/bingx-ai-master-hits-1-million-early-users-expanding-with-10-new-ai-personas,7,1,0,0,keep,has_backlink
370364,2025-10-21T12:00:29,seventh-impressions-addresses-nailong-misuse,publish,https://coincu.com/seventh-impressions-addresses-nailong-misuse,11,3,0,0,keep,has_backlink
370356,2025-10-21T11:56:00,coinbase-acquires-echo-to-expand-onchain,publish,https://coincu.com/coinbase-acquires-echo-to-expand-onchain,9,2,0,0,keep,has_backlink
370350,2025-10-21T11:30:56,lubin-token-economy-linea-launch,publish,https://coincu.com/lubin-token-economy-linea-launch,15,5,0,0,keep,has_backlink
370315,2025-10-21T09:59:55,cme-fed-watch-predicts-rate-cut,publish,https://coincu.com/cme-fed-watch-predicts-rate-cut,8,4,0,0,keep,has_backlink
370305,2025-10-21T08:59:40,geopolitical-impact-crypto-warfare,publish,https://coincu.com/geopolitical-impact-crypto-warfare,10,4,0,0,keep,has_backlink
370296,2025-10-21T08:44:52,top-1-holders-steady-as-doge-eyes-1-30,publish,https://coincu.com/top-1-holders-steady-as-doge-eyes-1-30,14,4,0,0,keep,has_backlink
370295,2025-10-21T08:30:27,spot-gold-price-drops-below-4250,publish,https://coincu.com/spot-gold-price-drops-below-4250,9,4,0,0,keep,has_backlink
370290,2025-10-21T08:00:41,us-integrates-blockchain-defense-strategy,publish,https://coincu.com/us-integrates-blockchain-defense-strategy,16,5,0,0,keep,has_backlink
370283,2025-10-21T07:30:37,bithumb-lists-zora-recall-korean-won,publish,https://coincu.com/bithumb-lists-zora-recall-korean-won,12,3,0,0,keep,has_backlink
370280,2025-10-21T06:59:35,bank-of-japan-interest-rate-hike,publish,https://coincu.com/bank-of-japan-interest-rate-hike,14,4,0,0,keep,has_backlink
370276,2025-10-21T06:31:12,chaincatcher-china-base-network-growth,publish,https://coincu.com/chaincatcher-china-base-network-growth,6,3,0,0,keep,has_backlink
370273,2025-10-21T06:00:26,ai-trading-models-market-volatility,publish,https://coincu.com/ai-trading-models-market-volatility,24,6,0,0,keep,has_backlink
370270,2025-10-21T05:29:18,fed-considers-halting-qt-market-concerns,publish,https://coincu.com/fed-considers-halting-qt-market-concerns,16,4,0,0,keep,has_backlink
370267,2025-10-21T04:59:41,bank-japan-stablecoins-global-payments,publish,https://coincu.com/bank-japan-stablecoins-global-payments,9,3,0,0,keep,has_backlink
370264,2025-10-21T04:29:38,bitcoin-market-decline-defensive-trading-shift,publish,https://coincu.com/bitcoin-market-decline-defensive-trading-shift,12,3,0,0,keep,has_backlink
370261,2025-10-21T03:59:17,solana-early-share-sale-60-percent-drop,publish,https://coincu.com/solana-early-share-sale-60-percent-drop,7,3,0,0,keep,has_backlink
370258,2025-10-21T03:30:49,helium-shifts-hnt-buyback-strategy,publish,https://coincu.com/helium-shifts-hnt-buyback-strategy,19,7,0,0,keep,has_backlink
370255,2025-10-21T03:00:06,evernorth-nasdaq-spac-merger,publish,https://coincu.com/evernorth-nasdaq-spac-merger,12,4,0,0,keep,has_backlink
370249,2025-10-21T02:00:20,doodipals-relaunch-security-review,publish,https://coincu.com/doodipals-relaunch-security-review,12,4,0,0,keep,has_backlink
370246,2025-10-21T01:29:43,coinbase-resolves-aws-outage,publish,https://coincu.com/coinbase-resolves-aws-outage,13,3,0,0,keep,has_backlink
370243,2025-10-21T01:00:26,fedwatch-october-rate-cut-probability,publish,https://coincu.com/fedwatch-october-rate-cut-probability,16,6,0,0,keep,has_backlink
370237,2025-10-21T00:01:26,coinbase-bank-secrecy-act-proposal,publish,https://coincu.com/coinbase-bank-secrecy-act-proposal,14,4,0,0,keep,has_backlink
370234,2025-10-20T23:30:25,coinbase-purchases-up-only-nft,publish,https://coincu.com/coinbase-purchases-up-only-nft,29,5,0,0,keep,has_backlink
370231,2025-10-20T23:01:26,binance-cz-meme-coin-scam-warning-2,publish,https://coincu.com/binance-cz-meme-coin-scam-warning-2,18,6,0,0,keep,has_backlink
370228,2025-10-20T22:31:14,solana-investor-hype-profit,publish,https://coincu.com/solana-investor-hype-profit,25,5,0,0,keep,has_backlink
370222,2025-10-20T21:30:24,backpack-flash-crash-compensation,publish,https://coincu.com/backpack-flash-crash-compensation,25,7,0,0,keep,has_backlink
370219,2025-10-20T20:59:54,apple-stock-surge-tech-rally,publish,https://coincu.com/apple-stock-surge-tech-rally,18,6,0,0,keep,has_backlink
370216,2025-10-20T20:29:22,spot-gold-record-high-market,publish,https://coincu.com/spot-gold-record-high-market,13,5,0,0,keep,has_backlink
370213,2025-10-20T19:58:58,solana-chinese-name-sulala,publish,https://coincu.com/solana-chinese-name-sulala,9,3,0,0,keep,has_backlink
370210,2025-10-20T19:31:23,m2-capital-invests-in-avax-one,publish,https://coincu.com/m2-capital-invests-in-avax-one,18,9,0,0,keep,has_backlink
370207,2025-10-20T19:01:12,evernorth-spac-merger-nasdaq-2026,publish,https://coincu.com/evernorth-spac-merger-nasdaq-2026,13,5,0,0,keep,has_backlink
370204,2025-10-20T18:30:38,blackrock-bitcoin-etp-lse-launch,publish,https://coincu.com/blackrock-bitcoin-etp-lse-launch,6,3,0,0,keep,has_backlink
370201,2025-10-20T18:00:21,whale-bitcoin-short-1-21-billion,publish,https://coincu.com/whale-bitcoin-short-1-21-billion,17,3,0,0,keep,has_backlink
370136,2025-10-20T18:00:00,top-cryptos-to-buy-2025-why-blockchainfx-bfx-could-outshine-aster-and-solana-for-100x-gains,publish,https://coincu.com/top-cryptos-to-buy-2025-why-blockchainfx-bfx-could-outshine-aster-and-solana-for-100x-gains,20,4,0,0,keep,has_backlink
370198,2025-10-20T17:29:44,us-stock-crypto-market-stability,publish,https://coincu.com/us-stock-crypto-market-stability,6,1,0,0,keep,has_backlink
370195,2025-10-20T16:59:43,fed-stop-balance-sheet-reduction,publish,https://coincu.com/fed-stop-balance-sheet-reduction,12,3,0,0,keep,has_backlink
370192,2025-10-20T16:29:49,trump-china-tariff-crypto-impact,publish,https://coincu.com/trump-china-tariff-crypto-impact,19,4,0,0,keep,has_backlink
370189,2025-10-20T16:00:00,solana-cofounder-dex-prototype,publish,https://coincu.com/solana-cofounder-dex-prototype,10,4,0,0,keep,has_backlink
370182,2025-10-20T15:31:21,solana-announces-chinese-name-solala,publish,https://coincu.com/solana-announces-chinese-name-solala,9,3,0,0,keep,has_backlink
370176,2025-10-20T15:22:12,ripple-backed-evernorth-to-raise-1b,publish,https://coincu.com/ripple-backed-evernorth-to-raise-1b,8,3,0,0,keep,has_backlink
370175,2025-10-20T15:00:14,blockchain-com-spac-public-listing,publish,https://coincu.com/blockchain-com-spac-public-listing,6,4,0,0,keep,has_backlink
370163,2025-10-20T14:46:39,solana-shows-bullish-with-potential-250,publish,https://coincu.com/solana-shows-bullish-with-potential-250,4,3,0,0,keep,has_backlink
370130,2025-10-20T14:19:45,bitmine-now-holds-3-24m-eth-13-4b,publish,https://coincu.com/bitmine-now-holds-3-24m-eth-13-4b,8,4,0,0,keep,has_backlink
370158,2025-10-20T14:18:07,limitless-prediction-market-closes-10m-seed-round-ahead-of-lmts-token-launch,publish,https://coincu.com/limitless-prediction-market-closes-10m-seed-round-ahead-of-lmts-token-launch,7,3,0,0,keep,has_backlink
370131,2025-10-20T13:40:59,turtle-raises-an-additional-5-5m-to-expand-its-liquidity-distribution-network,publish,https://coincu.com/turtle-raises-an-additional-5-5m-to-expand-its-liquidity-distribution-network,1,1,0,0,keep,has_backlink
370129,2025-10-20T13:30:22,ethereum-paradigm-influence-warning,publish,https://coincu.com/ethereum-paradigm-influence-warning,5,3,0,0,keep,has_backlink
370121,2025-10-20T13:09:58,sui-surges-18b-monthly-dex-volume,publish,https://coincu.com/sui-surges-18b-monthly-dex-volume,10,7,0,0,keep,has_backlink
370120,2025-10-20T13:00:41,solana-perp-dex-percolator-news,publish,https://coincu.com/solana-perp-dex-percolator-news,8,5,14,436,keep,has_backlink|has_gsc_3m
370108,2025-10-20T12:56:44,strategy-buys-168-btc-lifting-total,publish,https://coincu.com/strategy-buys-168-btc-lifting-total,6,2,0,0,keep,has_backlink
370114,2025-10-20T12:53:08,bybit-card-honored-as-the-best-performing-crypto-card-by-mastercard-at-edge-2025,publish,https://coincu.com/bybit-card-honored-as-the-best-performing-crypto-card-by-mastercard-at-edge-2025,4,1,0,0,keep,has_backlink
370107,2025-10-20T12:31:07,barron-trump-crypto-fortune-scrutiny,publish,https://coincu.com/barron-trump-crypto-fortune-scrutiny,8,5,0,0,keep,has_backlink
370103,2025-10-20T12:02:45,jupiter-launches-ultra-v3-the-ultimate-trading-engine-for-solana,publish,https://coincu.com/jupiter-launches-ultra-v3-the-ultimate-trading-engine-for-solana,3,1,0,0,keep,has_backlink
370100,2025-10-20T12:00:34,vaneck-lido-staked-eth-etf-sec,publish,https://coincu.com/vaneck-lido-staked-eth-etf-sec,6,4,0,0,keep,has_backlink
370083,2025-10-20T11:30:03,ethereum-foundation-compensation-governance-critique,publish,https://coincu.com/ethereum-foundation-compensation-governance-critique,7,4,0,0,keep,has_backlink
370076,2025-10-20T11:12:09,30-wallets-withdraw-116-7m-in-link-from,publish,https://coincu.com/30-wallets-withdraw-116-7m-in-link-from,16,7,0,0,keep,has_backlink
370075,2025-10-20T10:59:22,independent-bitcoin-miner-block-reward,publish,https://coincu.com/independent-bitcoin-miner-block-reward,8,3,0,0,keep,has_backlink
370066,2025-10-20T10:17:06,dogecoin-rebounds-from-support-targets,publish,https://coincu.com/dogecoin-rebounds-from-support-targets,7,3,0,0,keep,has_backlink
370063,2025-10-20T10:00:24,federal-reserve-25-basis-point-cut-2,publish,https://coincu.com/federal-reserve-25-basis-point-cut-2,8,3,0,0,keep,has_backlink
370054,2025-10-20T09:32:07,bitcoin-key-support-market-update,publish,https://coincu.com/bitcoin-key-support-market-update,6,2,0,0,keep,has_backlink
370047,2025-10-20T08:29:51,aws-outage-hits-crypto-exchanges,publish,https://coincu.com/aws-outage-hits-crypto-exchanges,9,3,0,0,keep,has_backlink
370038,2025-10-20T08:28:58,btc-price-stability-could-fuel-long-term-surge-toward-120k-target,publish,https://coincu.com/btc-price-stability-could-fuel-long-term-surge-toward-120k-target,9,3,0,0,keep,has_backlink
370036,2025-10-20T08:00:45,gigglefund-donation-bnb,publish,https://coincu.com/gigglefund-donation-bnb,16,6,0,0,keep,has_backlink
370033,2025-10-20T07:29:54,binance-life-base-app-integration,publish,https://coincu.com/binance-life-base-app-integration,12,3,0,0,keep,has_backlink
370030,2025-10-20T06:58:58,us-government-shutdown-duration-record,publish,https://coincu.com/us-government-shutdown-duration-record,14,6,0,0,keep,has_backlink
370027,2025-10-20T06:47:34,oct-20-binance-alpha-claim-svsa-241-points,publish,https://coincu.com/oct-20-binance-alpha-claim-svsa-241-points,17,2,0,0,keep,has_backlink
370025,2025-10-20T06:29:24,handle-marketplace-premium-subscriptions,publish,https://coincu.com/handle-marketplace-premium-subscriptions,9,3,0,0,keep,has_backlink
370022,2025-10-20T05:59:23,vitalik-buterin-gkr-protocol-crypto,publish,https://coincu.com/vitalik-buterin-gkr-protocol-crypto,11,5,0,0,keep,has_backlink
370016,2025-10-20T05:00:09,cz-warns-meme-coin-scams,publish,https://coincu.com/cz-warns-meme-coin-scams,9,3,0,0,keep,has_backlink
370013,2025-10-20T04:29:19,binance-cz-meme-coin-scam-warning,publish,https://coincu.com/binance-cz-meme-coin-scam-warning,7,3,0,0,keep,has_backlink
370010,2025-10-20T03:59:41,ethereum-developer-warns-paradigm-influence,publish,https://coincu.com/ethereum-developer-warns-paradigm-influence,6,2,0,0,keep,has_backlink
370007,2025-10-20T03:30:13,wintermute-defi-liquidity-crisis,publish,https://coincu.com/wintermute-defi-liquidity-crisis,94,4,0,0,keep,has_backlink
370002,2025-10-20T03:20:25,finternet-2025-asia-digital-finance-summit,publish,https://coincu.com/finternet-2025-asia-digital-finance-summit,6,3,0,0,keep,has_backlink
369995,2025-10-20T02:30:37,crypto-leaders-senate-meeting-market,publish,https://coincu.com/crypto-leaders-senate-meeting-market,27,8,0,0,keep,has_backlink
369992,2025-10-20T02:01:32,elon-musk-x-username-marketplace,publish,https://coincu.com/elon-musk-x-username-marketplace,18,5,0,0,keep,has_backlink
369989,2025-10-20T01:29:45,pboc-holds-loan-prime-rates,publish,https://coincu.com/pboc-holds-loan-prime-rates,30,6,0,0,keep,has_backlink
369983,2025-10-20T01:19:38,shiba-inu-shib-and-little-pepe-lilpepe-emerge-as-top-meme-coins-to-buy-as-bitcoin-dominance-falls-to-57,publish,https://coincu.com/shiba-inu-shib-and-little-pepe-lilpepe-emerge-as-top-meme-coins-to-buy-as-bitcoin-dominance-falls-to-57,20,2,0,0,keep,has_backlink
369982,2025-10-20T00:59:18,ant-jd-halt-stablecoins-hong-kong,publish,https://coincu.com/ant-jd-halt-stablecoins-hong-kong,25,6,0,0,keep,has_backlink
369979,2025-10-20T00:29:46,federal-reserve-rate-cut-crypto,publish,https://coincu.com/federal-reserve-rate-cut-crypto,33,5,0,0,keep,has_backlink
369975,2025-10-19T23:29:47,twitter-handle-marketplace-launch,publish,https://coincu.com/twitter-handle-marketplace-launch,107,5,0,0,keep,has_backlink
369972,2025-10-19T22:59:17,wallet-withdraws-link-binance,publish,https://coincu.com/wallet-withdraws-link-binance,24,6,0,0,keep,has_backlink
369969,2025-10-19T22:29:20,binance-airdrop-security-update,publish,https://coincu.com/binance-airdrop-security-update,17,4,0,0,keep,has_backlink
369966,2025-10-19T21:58:59,eric-trump-crypto-blockchain-support,publish,https://coincu.com/eric-trump-crypto-blockchain-support,28,5,0,0,keep,has_backlink
369963,2025-10-19T21:29:18,binance-bans-accounts-illegal-tools,publish,https://coincu.com/binance-bans-accounts-illegal-tools,16,3,0,0,keep,has_backlink
369960,2025-10-19T20:58:54,jay-chou-bitcoin-dispute,publish,https://coincu.com/jay-chou-bitcoin-dispute,19,5,0,0,keep,has_backlink
369957,2025-10-19T20:29:24,jay-chou-bitcoin-magician-gone,publish,https://coincu.com/jay-chou-bitcoin-magician-gone,6,3,0,0,keep,has_backlink
369890,2025-10-19T20:00:00,missed-ripple-xrp-blockchainfx-bfx-is-gaining-big-attention-in-2025,publish,https://coincu.com/missed-ripple-xrp-blockchainfx-bfx-is-gaining-big-attention-in-2025,11,3,0,0,keep,has_backlink
369954,2025-10-19T19:59:27,hyperliquid-addresses-adl-system-rumors,publish,https://coincu.com/hyperliquid-addresses-adl-system-rumors,10,2,0,0,keep,has_backlink
369951,2025-10-19T19:29:48,alcatraz-prometheus-statue-proposal,publish,https://coincu.com/alcatraz-prometheus-statue-proposal,12,3,0,0,keep,has_backlink
369937,2025-10-19T19:01:17,ondo-eyes-2b-tvl-as-price-holds-0-67-and-targets-breakout-to-1-15,publish,https://coincu.com/ondo-eyes-2b-tvl-as-price-holds-0-67-and-targets-breakout-to-1-15,8,5,0,0,keep,has_backlink
369943,2025-10-19T18:59:27,four-meme-token-name-protection,publish,https://coincu.com/four-meme-token-name-protection,9,5,0,0,keep,has_backlink
369936,2025-10-19T18:29:18,parhelion-prometheus-statue-alcatraz,publish,https://coincu.com/parhelion-prometheus-statue-alcatraz,20,8,0,0,keep,has_backlink
369933,2025-10-19T18:21:10,jack-dorsey-bitcoin-money-block,publish,https://coincu.com/jack-dorsey-bitcoin-money-block,92,4,0,0,keep,has_backlink
369930,2025-10-19T17:59:25,tethers-donation-to-opensats-controversy,publish,https://coincu.com/tethers-donation-to-opensats-controversy,17,9,0,0,keep,has_backlink
369926,2025-10-19T17:29:28,shanghai-blockchain-applications-unveiled,publish,https://coincu.com/shanghai-blockchain-applications-unveiled,19,5,0,0,keep,has_backlink
369920,2025-10-19T16:59:47,new-wallet-high-leverage-loss,publish,https://coincu.com/new-wallet-high-leverage-loss,9,4,0,0,keep,has_backlink
369917,2025-10-19T16:28:53,jay-chou-missing-bitcoin-funds,publish,https://coincu.com/jay-chou-missing-bitcoin-funds,13,7,0,0,keep,has_backlink
369914,2025-10-19T16:21:01,astra-nova-market-breach,publish,https://coincu.com/astra-nova-market-breach,14,8,0,0,keep,has_backlink
369911,2025-10-19T16:00:15,major-token-unlocks-zro-xpl-scr,publish,https://coincu.com/major-token-unlocks-zro-xpl-scr,28,6,0,0,keep,has_backlink
369898,2025-10-19T15:52:02,xrp-breakout-confirmed,publish,https://coincu.com/xrp-breakout-confirmed,8,5,0,0,keep,has_backlink
369886,2025-10-19T12:30:17,michael-saylor-bitcoin-acquisition-hint,publish,https://coincu.com/michael-saylor-bitcoin-acquisition-hint,13,4,0,0,keep,has_backlink
369878,2025-10-19T12:28:22,ena-faces-rejection-td-signal-hints-drop,publish,https://coincu.com/ena-faces-rejection-td-signal-hints-drop,17,5,0,0,keep,has_backlink
369877,2025-10-19T12:00:16,buterin-cryptography-efficiency-ratio,publish,https://coincu.com/buterin-cryptography-efficiency-ratio,14,5,0,0,keep,has_backlink
369874,2025-10-19T11:28:38,bitcoin-risk-asset-gold,publish,https://coincu.com/bitcoin-risk-asset-gold,10,4,0,0,keep,has_backlink
369871,2025-10-19T10:59:51,hong-kong-stablecoin-risk-management,publish,https://coincu.com/hong-kong-stablecoin-risk-management,11,5,0,0,keep,has_backlink
369868,2025-10-19T10:29:47,automated-binance-alpha-trade-bots,publish,https://coincu.com/automated-binance-alpha-trade-bots,13,3,0,0,keep,has_backlink
369856,2025-10-19T10:02:28,bitcoin-deposit-surge-cools-as-market,publish,https://coincu.com/bitcoin-deposit-surge-cools-as-market,10,4,0,0,keep,has_backlink
369863,2025-10-19T09:59:26,andrew-kang-eth-btc-short-positions,publish,https://coincu.com/andrew-kang-eth-btc-short-positions,10,5,0,0,keep,has_backlink
369855,2025-10-19T09:29:22,hong-kong-digital-assets-global-forum,publish,https://coincu.com/hong-kong-digital-assets-global-forum,9,5,0,0,keep,has_backlink
369852,2025-10-19T09:00:24,astra-nova-token-repurchase-after-hack,publish,https://coincu.com/astra-nova-token-repurchase-after-hack,9,2,0,0,keep,has_backlink
369846,2025-10-19T07:59:25,cz-warned-scammer-username-changes,publish,https://coincu.com/cz-warned-scammer-username-changes,7,3,0,0,keep,has_backlink
369839,2025-10-19T07:58:16,ethereum-support-zone-holds,publish,https://coincu.com/ethereum-support-zone-holds,9,5,0,0,keep,has_backlink
369833,2025-10-19T05:59:04,trump-ai-video-protests,publish,https://coincu.com/trump-ai-video-protests,8,3,0,0,keep,has_backlink
369830,2025-10-19T05:29:35,crypto-sentiment-improves-index-rise,publish,https://coincu.com/crypto-sentiment-improves-index-rise,24,5,0,0,keep,has_backlink
369827,2025-10-19T05:00:04,japan-banks-invest-crypto,publish,https://coincu.com/japan-banks-invest-crypto,10,3,0,0,keep,has_backlink
369824,2025-10-19T04:29:29,tradetalent-8-million-ai-recruitment,publish,https://coincu.com/tradetalent-8-million-ai-recruitment,14,3,7,128,keep,has_backlink|has_gsc_3m
369821,2025-10-19T03:59:07,ant-jd-suspend-hk-stablecoins,publish,https://coincu.com/ant-jd-suspend-hk-stablecoins,13,3,0,0,keep,has_backlink
369818,2025-10-19T03:28:56,eric-trump-barron-usa-token-scam,publish,https://coincu.com/eric-trump-barron-usa-token-scam,12,3,0,0,keep,has_backlink
369815,2025-10-19T02:59:16,opensea-sea-token-launch-2026-2,publish,https://coincu.com/opensea-sea-token-launch-2026-2,24,7,0,0,keep,has_backlink
369812,2025-10-19T02:28:57,astra-nova-market-maker-hack,publish,https://coincu.com/astra-nova-market-maker-hack,18,5,3,304,keep,has_backlink|has_gsc_3m
369809,2025-10-19T01:58:52,galaxy-digital-growth-drivers,publish,https://coincu.com/galaxy-digital-growth-drivers,23,4,0,0,keep,has_backlink
369806,2025-10-19T01:29:37,meteora-jupiter-tge-liquidity-impact,publish,https://coincu.com/meteora-jupiter-tge-liquidity-impact,33,7,0,0,keep,has_backlink
369803,2025-10-19T00:59:12,hmrc-crypto-investors-tax-letters,publish,https://coincu.com/hmrc-crypto-investors-tax-letters,13,3,0,0,keep,has_backlink
369800,2025-10-19T00:28:55,uk-crypto-tax-compliance-increase,publish,https://coincu.com/uk-crypto-tax-compliance-increase,15,3,0,0,keep,has_backlink
369796,2025-10-18T23:28:57,mrbeast-crypto-financial-services,publish,https://coincu.com/mrbeast-crypto-financial-services,14,3,0,0,keep,has_backlink
369793,2025-10-18T22:59:41,whales-withdraw-44-million-ff-stake,publish,https://coincu.com/whales-withdraw-44-million-ff-stake,23,5,0,0,keep,has_backlink
369790,2025-10-18T22:29:02,arthur-hayes-crypto-equity-fund-2,publish,https://coincu.com/arthur-hayes-crypto-equity-fund-2,20,3,0,0,keep,has_backlink
369787,2025-10-18T21:59:14,binance-slerfusdt-chzusd-delisting,publish,https://coincu.com/binance-slerfusdt-chzusd-delisting,34,3,0,0,keep,has_backlink
369693,2025-10-18T21:30:00,smart-money-is-moving-from-bitcoin-hyper-to-blockchainfx-heres-why,publish,https://coincu.com/smart-money-is-moving-from-bitcoin-hyper-to-blockchainfx-heres-why,17,4,0,0,keep,has_backlink
369784,2025-10-18T21:29:33,binance-delisting-slerf-chzusd-futures,publish,https://coincu.com/binance-delisting-slerf-chzusd-futures,26,3,0,0,keep,has_backlink
369781,2025-10-18T20:59:16,trump-token-whale-movement,publish,https://coincu.com/trump-token-whale-movement,15,5,0,0,keep,has_backlink
369728,2025-10-18T20:36:01,arbitrum-shows-bullish-momentum-with-9-6b-tvl-as-price-eyes-2-43-target,publish,https://coincu.com/arbitrum-shows-bullish-momentum-with-9-6b-tvl-as-price-eyes-2-43-target,11,3,0,0,keep,has_backlink
369777,2025-10-18T20:28:59,astra-nova-raises-millions-web3-expansion,publish,https://coincu.com/astra-nova-raises-millions-web3-expansion,15,5,0,0,keep,has_backlink
369774,2025-10-18T19:59:13,arthur-hayes-crypto-equity-fund,publish,https://coincu.com/arthur-hayes-crypto-equity-fund,9,4,0,0,keep,has_backlink
369771,2025-10-18T19:29:34,jupiter-ultra-v3-trading-solana,publish,https://coincu.com/jupiter-ultra-v3-trading-solana,8,3,0,0,keep,has_backlink
369764,2025-10-18T19:28:54,ondo-holds-0-67-support-eyes-1-15-amid,publish,https://coincu.com/ondo-holds-0-67-support-eyes-1-15-amid,24,4,0,0,keep,has_backlink
369763,2025-10-18T18:59:42,jupiter-dex-ultra-v3-launch,publish,https://coincu.com/jupiter-dex-ultra-v3-launch,15,4,0,0,keep,has_backlink
369758,2025-10-18T18:29:11,huobi-founder-launches-ethereum-firm,publish,https://coincu.com/huobi-founder-launches-ethereum-firm,13,4,0,0,keep,has_backlink
369739,2025-10-18T18:00:00,zachxbt-warns-cz-potential-scam,publish,https://coincu.com/zachxbt-warns-cz-potential-scam,8,3,0,0,keep,has_backlink
369734,2025-10-18T17:30:03,bnb-chain-prediction-market-oracle,publish,https://coincu.com/bnb-chain-prediction-market-oracle,23,4,0,0,keep,has_backlink
369727,2025-10-18T16:59:06,zerobase-completes-zbt-airdrop,publish,https://coincu.com/zerobase-completes-zbt-airdrop,10,5,0,0,keep,has_backlink
369721,2025-10-18T15:59:21,cme-fedwatch-rate-cut-forecast,publish,https://coincu.com/cme-fedwatch-rate-cut-forecast,9,3,0,0,keep,has_backlink
369714,2025-10-18T15:46:11,xrp-eyes-3-40-breakout-4-80-target,publish,https://coincu.com/xrp-eyes-3-40-breakout-4-80-target,17,5,0,0,keep,has_backlink
369713,2025-10-18T15:30:05,white-house-ai-policy-shutdown,publish,https://coincu.com/white-house-ai-policy-shutdown,9,4,0,0,keep,has_backlink
369702,2025-10-18T15:12:27,sei-consolidation-hints-at-strong-upside-move-with-3-target-forecast,publish,https://coincu.com/sei-consolidation-hints-at-strong-upside-move-with-3-target-forecast,5,3,0,0,keep,has_backlink
369705,2025-10-18T15:00:02,bitcoin-mining-stocks-ai-shift,publish,https://coincu.com/bitcoin-mining-stocks-ai-shift,8,3,0,0,keep,has_backlink
369701,2025-10-18T14:30:40,tether-250k-donation-opensats,publish,https://coincu.com/tether-250k-donation-opensats,20,6,0,0,keep,has_backlink
369692,2025-10-18T14:00:30,aave-v4-expands-defi-collateral,publish,https://coincu.com/aave-v4-expands-defi-collateral,16,8,0,0,keep,has_backlink
369684,2025-10-18T13:54:57,sui-momentum-builds-fast,publish,https://coincu.com/sui-momentum-builds-fast,6,3,0,0,keep,has_backlink
369683,2025-10-18T13:29:56,tempo-raises-500m-series-a-stablecoin,publish,https://coincu.com/tempo-raises-500m-series-a-stablecoin,8,4,0,0,keep,has_backlink
369674,2025-10-18T13:11:24,solana-gearing-up-for-a-surge,publish,https://coincu.com/solana-gearing-up-for-a-surge,11,4,0,0,keep,has_backlink
369673,2025-10-18T12:59:43,trump-china-imports-tariffs,publish,https://coincu.com/trump-china-imports-tariffs,7,3,0,0,keep,has_backlink
369670,2025-10-18T12:29:17,hyperliquid-centralization-regulatory-risk,publish,https://coincu.com/hyperliquid-centralization-regulatory-risk,12,5,0,0,keep,has_backlink
369667,2025-10-18T11:59:41,uniswap-whale-transfers-to-wintermute,publish,https://coincu.com/uniswap-whale-transfers-to-wintermute,51,8,0,0,keep,has_backlink
369659,2025-10-18T11:40:40,ethereum-rebounds-as-bitmine-buys-279m,publish,https://coincu.com/ethereum-rebounds-as-bitmine-buys-279m,7,3,0,0,keep,has_backlink
369654,2025-10-18T11:11:27,billionaire-tim-draper-leads-3-2m-seed-round-for-ryder-to-replace-seed-phrases-with-tapsafe-recovery,publish,https://coincu.com/billionaire-tim-draper-leads-3-2m-seed-round-for-ryder-to-replace-seed-phrases-with-tapsafe-recovery,5,2,0,0,keep,has_backlink
369638,2025-10-18T11:07:20,bitcoin-poised-for-a-correction-to-100k-before-surging-toward-140k-highs,publish,https://coincu.com/bitcoin-poised-for-a-correction-to-100k-before-surging-toward-140k-highs,11,4,0,0,keep,has_backlink
369646,2025-10-18T10:58:53,huobi-founder-ethereum-trust,publish,https://coincu.com/huobi-founder-ethereum-trust,3,1,0,0,keep,has_backlink
369637,2025-10-18T10:29:29,altcoin-market-decline-forecast,publish,https://coincu.com/altcoin-market-decline-forecast,9,4,0,0,keep,has_backlink
369634,2025-10-18T09:59:54,sec-crypto-framework-innovation-boost,publish,https://coincu.com/sec-crypto-framework-innovation-boost,7,3,0,0,keep,has_backlink
369627,2025-10-18T09:28:45,deutsche-bank-gold-reserve-share,publish,https://coincu.com/deutsche-bank-gold-reserve-share,10,4,0,0,keep,has_backlink
369624,2025-10-18T08:59:05,eric-trump-blockchain-support,publish,https://coincu.com/eric-trump-blockchain-support,9,2,0,0,keep,has_backlink
369621,2025-10-18T08:30:28,binance-alpha-merlin-chain-airdrop,publish,https://coincu.com/binance-alpha-merlin-chain-airdrop,14,2,0,0,keep,has_backlink
369617,2025-10-18T07:29:30,opensea-sea-token-launch-2026,publish,https://coincu.com/opensea-sea-token-launch-2026,10,4,0,0,keep,has_backlink
369614,2025-10-18T07:01:05,us-jobless-claims-drop,publish,https://coincu.com/us-jobless-claims-drop,12,3,0,0,keep,has_backlink
369612,2025-10-18T06:58:39,us-jobless-claims-fall-oct-2023,publish,https://coincu.com/us-jobless-claims-fall-oct-2023,6,2,0,0,keep,has_backlink
369609,2025-10-18T06:29:17,binance-alpha-savannasurvival-listing,publish,https://coincu.com/binance-alpha-savannasurvival-listing,11,4,7,314,keep,has_backlink|has_gsc_3m
369606,2025-10-18T05:59:40,vitalik-buterin-efficiency-metric-crypto,publish,https://coincu.com/vitalik-buterin-efficiency-metric-crypto,11,4,0,0,keep,has_backlink
369603,2025-10-18T05:30:52,ethena-founder-wallet-accumulation,publish,https://coincu.com/ethena-founder-wallet-accumulation,9,3,0,0,keep,has_backlink
369600,2025-10-18T04:59:10,opensea-multi-chain-expansion,publish,https://coincu.com/opensea-multi-chain-expansion,12,4,0,0,keep,has_backlink
369597,2025-10-18T04:29:24,tom-lee-buying-ethereum-advice,publish,https://coincu.com/tom-lee-buying-ethereum-advice,12,4,0,0,keep,has_backlink
369593,2025-10-18T03:29:00,trump-xi-china-tariffs-talks,publish,https://coincu.com/trump-xi-china-tariffs-talks,26,4,0,0,keep,has_backlink
369590,2025-10-18T03:00:41,hackers-panic-sell-ethereum-losses,publish,https://coincu.com/hackers-panic-sell-ethereum-losses,30,3,0,0,keep,has_backlink
369586,2025-10-18T01:59:55,ondo-sec-nasdaq-tokenized-stocks,publish,https://coincu.com/ondo-sec-nasdaq-tokenized-stocks,46,7,0,0,keep,has_backlink
369580,2025-10-18T00:59:40,uk-stablecoin-regulations-2026,publish,https://coincu.com/uk-stablecoin-regulations-2026,37,4,0,0,keep,has_backlink
369577,2025-10-18T00:29:21,stripe-tempo-raises-500-million,publish,https://coincu.com/stripe-tempo-raises-500-million,27,2,0,0,keep,has_backlink
369574,2025-10-17T23:59:38,pboc-enhances-rmb-strategies,publish,https://coincu.com/pboc-enhances-rmb-strategies,22,4,0,0,keep,has_backlink
369571,2025-10-17T23:29:24,upbit-zerobase-trading-latest-update,publish,https://coincu.com/upbit-zerobase-trading-latest-update,17,4,0,0,keep,has_backlink
369568,2025-10-17T23:00:25,bill-gross-gold-momentum-warning,publish,https://coincu.com/bill-gross-gold-momentum-warning,22,4,0,0,keep,has_backlink
369565,2025-10-17T22:30:15,upbit-zero-base-zbt-launch,publish,https://coincu.com/upbit-zero-base-zbt-launch,23,3,0,0,keep,has_backlink
369562,2025-10-17T22:00:30,trump-tariff-market-impact-2025,publish,https://coincu.com/trump-tariff-market-impact-2025,22,3,0,0,keep,has_backlink
369559,2025-10-17T21:00:04,tempo-secures-500m-funding-round,publish,https://coincu.com/tempo-secures-500m-funding-round,25,4,0,0,keep,has_backlink
369556,2025-10-17T20:30:20,hyperliquid-centralization-concerns,publish,https://coincu.com/hyperliquid-centralization-concerns,37,9,0,0,keep,has_backlink
369553,2025-10-17T19:58:39,swiss-authority-fifa-token-complaint,publish,https://coincu.com/swiss-authority-fifa-token-complaint,15,6,0,0,keep,has_backlink
369550,2025-10-17T19:30:04,circle-mints-500-million-usdc-solana,publish,https://coincu.com/circle-mints-500-million-usdc-solana,13,3,0,0,keep,has_backlink
369547,2025-10-17T19:00:14,bitcoin-market-structure-2025,publish,https://coincu.com/bitcoin-market-structure-2025,10,3,0,0,keep,has_backlink
369544,2025-10-17T18:30:53,us-china-relations-trump-bitcoin,publish,https://coincu.com/us-china-relations-trump-bitcoin,7,3,0,0,keep,has_backlink
369541,2025-10-17T18:21:07,us-jobless-claims-decrease-shutdown,publish,https://coincu.com/us-jobless-claims-decrease-shutdown,11,3,0,0,keep,has_backlink
369518,2025-10-17T18:09:26,bnb-shows-strong-bullish-momentum-as-price-approaches-key-resistance-at-1300,publish,https://coincu.com/bnb-shows-strong-bullish-momentum-as-price-approaches-key-resistance-at-1300,21,9,53,160,keep,has_backlink|has_gsc_3m
369535,2025-10-17T18:00:51,us-seizes-billion-bitcoin-cambodia,publish,https://coincu.com/us-seizes-billion-bitcoin-cambodia,12,4,0,0,keep,has_backlink
369522,2025-10-17T17:54:17,huobi-founder-leads-1-billion-ethereum,publish,https://coincu.com/huobi-founder-leads-1-billion-ethereum,10,3,0,0,keep,has_backlink
369517,2025-10-17T17:29:28,french-acpr-crypto-compliance,publish,https://coincu.com/french-acpr-crypto-compliance,17,4,0,0,keep,has_backlink
369511,2025-10-17T17:28:35,how-tethers-new-wallet-toolkit-could,publish,https://coincu.com/how-tethers-new-wallet-toolkit-could,23,4,0,0,keep,has_backlink
369505,2025-10-17T17:08:38,doge-bulls-defend-0-18-is-0-09-next,publish,https://coincu.com/doge-bulls-defend-0-18-is-0-09-next,15,3,0,0,keep,has_backlink
369441,2025-10-17T17:00:00,snorter-gains-buzz-mutuum-finance-raises-millions-blockchainfx-bfx-confirms-real-world-trading-expansion,publish,https://coincu.com/snorter-gains-buzz-mutuum-finance-raises-millions-blockchainfx-bfx-confirms-real-world-trading-expansion,10,3,0,0,keep,has_backlink
369503,2025-10-17T16:59:18,fed-decision-flexibility-musalem,publish,https://coincu.com/fed-decision-flexibility-musalem,10,3,0,0,keep,has_backlink
369500,2025-10-17T16:31:32,tempo-series-a-funding-valued,publish,https://coincu.com/tempo-series-a-funding-valued,8,3,4,371,keep,has_backlink|has_gsc_3m
369496,2025-10-17T16:00:08,whale-bitcoin-record-holdings,publish,https://coincu.com/whale-bitcoin-record-holdings,7,2,0,0,keep,has_backlink
369484,2025-10-17T15:54:53,bingx-achieves-iso-27001-certification-setting-the-standard-for-web3-information-security,publish,https://coincu.com/bingx-achieves-iso-27001-certification-setting-the-standard-for-web3-information-security,3,2,0,0,keep,has_backlink
369487,2025-10-17T15:52:21,boj-uchida-possible-rate-hikes,publish,https://coincu.com/boj-uchida-possible-rate-hikes,3,2,0,0,keep,has_backlink
369474,2025-10-17T13:39:06,solana-cup-and-handle-breakout-signals-major-move-toward-1-30-target,publish,https://coincu.com/solana-cup-and-handle-breakout-signals-major-move-toward-1-30-target,9,4,0,0,keep,has_backlink
369480,2025-10-17T13:31:10,megaeth-ico-token-buyback,publish,https://coincu.com/megaeth-ico-token-buyback,5,2,0,0,keep,has_backlink
369473,2025-10-17T13:22:29,crypto-whale-156m-btc-eth-longs,publish,https://coincu.com/crypto-whale-156m-btc-eth-longs,7,2,0,0,keep,has_backlink
369469,2025-10-17T12:52:08,sharplink-gaming-coverage-ethereum,publish,https://coincu.com/sharplink-gaming-coverage-ethereum,10,3,0,0,keep,has_backlink
369460,2025-10-17T12:35:42,yzi-labs-launches-web3-ai-biotech,publish,https://coincu.com/yzi-labs-launches-web3-ai-biotech,10,5,0,0,keep,has_backlink
369464,2025-10-17T12:30:43,opensea-expands-crypto-trading-platform,publish,https://coincu.com/opensea-expands-crypto-trading-platform,8,3,0,0,keep,has_backlink
369459,2025-10-17T12:24:40,ethereum-solana-market-impact,publish,https://coincu.com/ethereum-solana-market-impact,9,3,0,0,keep,has_backlink
369456,2025-10-17T11:59:09,us-shutdown-fed-rate-cuts,publish,https://coincu.com/us-shutdown-fed-rate-cuts,16,3,0,0,keep,has_backlink
369453,2025-10-17T11:53:02,ibs-holdings-bitcoin-investment,publish,https://coincu.com/ibs-holdings-bitcoin-investment,13,3,0,0,keep,has_backlink
369448,2025-10-17T11:29:50,trump-xi-apec-summit-trade-tariffs,publish,https://coincu.com/trump-xi-apec-summit-trade-tariffs,19,4,0,0,keep,has_backlink
369440,2025-10-17T11:21:31,trump-crypto-profits-unverified,publish,https://coincu.com/trump-crypto-profits-unverified,10,2,0,0,keep,has_backlink
369430,2025-10-17T11:01:56,coinbase-asset-management-itrustcapital-partner-on-bitcoin-yield-strategy-for-iras,publish,https://coincu.com/coinbase-asset-management-itrustcapital-partner-on-bitcoin-yield-strategy-for-iras,7,2,0,0,keep,has_backlink
369436,2025-10-17T10:59:35,tether-freezes-13-million-usdt,publish,https://coincu.com/tether-freezes-13-million-usdt,20,7,0,0,keep,has_backlink
369428,2025-10-17T10:52:30,visa-institutional-on-chain-finance,publish,https://coincu.com/visa-institutional-on-chain-finance,11,4,0,0,keep,has_backlink
369423,2025-10-17T10:31:10,vix-highest-five-month-market-volatility,publish,https://coincu.com/vix-highest-five-month-market-volatility,9,3,0,0,keep,has_backlink
369417,2025-10-17T10:22:41,orderly-perpetual-rwa-trading-defi,publish,https://coincu.com/orderly-perpetual-rwa-trading-defi,15,3,0,0,keep,has_backlink
369414,2025-10-17T09:59:10,ethereum-developer-surge-2023,publish,https://coincu.com/ethereum-developer-surge-2023,16,5,0,0,keep,has_backlink
369410,2025-10-17T09:29:37,stock-indices-safe-haven-demand-rise,publish,https://coincu.com/stock-indices-safe-haven-demand-rise,14,5,0,0,keep,has_backlink
369393,2025-10-17T09:04:05,bitcoin-support-at-106k-107k-holding,publish,https://coincu.com/bitcoin-support-at-106k-107k-holding,16,3,0,0,keep,has_backlink
369392,2025-10-17T09:00:02,french-acpr-aml-checks-binance,publish,https://coincu.com/french-acpr-aml-checks-binance,12,2,0,0,keep,has_backlink
369389,2025-10-17T08:29:44,whale-btc-buy-order-october-2025,publish,https://coincu.com/whale-btc-buy-order-october-2025,14,4,0,0,keep,has_backlink
369380,2025-10-17T08:00:47,qmmm-collapse-sparks-oversight-calls,publish,https://coincu.com/qmmm-collapse-sparks-oversight-calls,7,2,0,0,keep,has_backlink
369379,2025-10-17T07:29:25,october-2025-crypto-crash-analysis,publish,https://coincu.com/october-2025-crypto-crash-analysis,16,4,0,0,keep,has_backlink
369375,2025-10-17T07:02:22,bank-japan-interest-rate-hike,publish,https://coincu.com/bank-japan-interest-rate-hike,13,4,0,0,keep,has_backlink
369372,2025-10-17T07:00:41,oct-17-binance-alpha-users-claim-subhub-220-points,publish,https://coincu.com/oct-17-binance-alpha-users-claim-subhub-220-points,11,3,5,113,keep,has_backlink|has_gsc_3m
369370,2025-10-17T06:33:25,oct-17-binance-alpha-claim-anome-220-points,publish,https://coincu.com/oct-17-binance-alpha-claim-anome-220-points,20,3,0,0,keep,has_backlink
369368,2025-10-17T05:59:54,bitcoin-bullish-market-structure,publish,https://coincu.com/bitcoin-bullish-market-structure,11,3,0,0,keep,has_backlink
369365,2025-10-17T05:50:22,florida-bitcoin-asset-allocation-2026,publish,https://coincu.com/florida-bitcoin-asset-allocation-2026,11,5,0,0,keep,has_backlink
369352,2025-10-17T05:36:09,xrp-eyes-2-50-as-ripple-expands,publish,https://coincu.com/xrp-eyes-2-50-as-ripple-expands,18,7,4,54,keep,has_backlink|has_gsc_3m
369359,2025-10-17T05:29:56,aave-whale-sells-usdc-exchange,publish,https://coincu.com/aave-whale-sells-usdc-exchange,14,4,0,0,keep,has_backlink
369287,2025-10-17T05:25:03,chainlink-forms-cup-and-handle-pattern-with-a-potential-165-rally-to-40-target,publish,https://coincu.com/chainlink-forms-cup-and-handle-pattern-with-a-potential-165-rally-to-40-target,13,4,0,0,keep,has_backlink
369348,2025-10-17T05:21:30,fed-kashkari-labor-market-risk,publish,https://coincu.com/fed-kashkari-labor-market-risk,10,3,0,0,keep,has_backlink
369344,2025-10-17T05:00:07,tether-freezes-usdt-ethereum-tron,publish,https://coincu.com/tether-freezes-usdt-ethereum-tron,106,9,0,0,keep,has_backlink
369341,2025-10-17T04:51:20,florida-bill-bitcoin-public-funds,publish,https://coincu.com/florida-bill-bitcoin-public-funds,95,4,0,0,keep,has_backlink
369338,2025-10-17T04:29:53,gold-record-sparks-bitcoin-speculation,publish,https://coincu.com/gold-record-sparks-bitcoin-speculation,16,4,0,0,keep,has_backlink
369335,2025-10-17T04:21:10,figment-acquires-rated-labs-analytics,publish,https://coincu.com/figment-acquires-rated-labs-analytics,9,2,0,0,keep,has_backlink
369332,2025-10-17T04:00:43,binance-lawsuit-insider-trading-crash,publish,https://coincu.com/binance-lawsuit-insider-trading-crash,94,5,0,0,keep,has_backlink
369329,2025-10-17T03:50:28,yzi-labs-temple-digital-investment,publish,https://coincu.com/yzi-labs-temple-digital-investment,15,5,0,0,keep,has_backlink
369326,2025-10-17T03:30:13,lubian-btc-theft-key-vulnerability,publish,https://coincu.com/lubian-btc-theft-key-vulnerability,16,4,0,0,keep,has_backlink
369322,2025-10-17T03:20:49,chainlink-realtime-oracle-megaeth,publish,https://coincu.com/chainlink-realtime-oracle-megaeth,14,3,0,0,keep,has_backlink
369318,2025-10-17T03:20:18,bitcoin-amsterdam-2025,publish,https://coincu.com/bitcoin-amsterdam-2025,15,5,0,0,keep,has_backlink
369305,2025-10-17T03:17:19,masterquant-revolution-how-quant-trading-and-autotrade-are-shaping-the-new-era-of-smart-investing,publish,https://coincu.com/masterquant-revolution-how-quant-trading-and-autotrade-are-shaping-the-new-era-of-smart-investing,14,4,0,0,keep,has_backlink
369311,2025-10-17T02:59:28,sec-tokenization-financial-privacy,publish,https://coincu.com/sec-tokenization-financial-privacy,9,3,0,0,keep,has_backlink
369299,2025-10-17T02:51:27,laos-crypto-mining-power-halt-2026,publish,https://coincu.com/laos-crypto-mining-power-halt-2026,11,4,0,0,keep,has_backlink
369296,2025-10-17T02:50:57,trump-putin-talks-no-crypto-impact,publish,https://coincu.com/trump-putin-talks-no-crypto-impact,5,3,0,0,keep,has_backlink
369293,2025-10-16T17:31:39,us-treasury-yield-crypto-impact,publish,https://coincu.com/us-treasury-yield-crypto-impact,9,4,0,0,keep,has_backlink
369285,2025-10-16T16:32:51,senate-funding-bill-crypto-impact,publish,https://coincu.com/senate-funding-bill-crypto-impact,7,3,0,0,keep,has_backlink
369277,2025-10-16T16:10:07,4-coins-ready-for-5x-gains-as-grayscales-ethereum-staking-triggers-bullish-wave,publish,https://coincu.com/4-coins-ready-for-5x-gains-as-grayscales-ethereum-staking-triggers-bullish-wave,5,2,0,0,keep,has_backlink
369276,2025-10-16T15:59:48,stablecoins-transform-cross-border-payments,publish,https://coincu.com/stablecoins-transform-cross-border-payments,17,5,0,0,keep,has_backlink
369265,2025-10-16T15:37:52,btc-dominance-breaks-down,publish,https://coincu.com/btc-dominance-breaks-down,7,3,0,0,keep,has_backlink
369257,2025-10-16T15:15:53,tether-donates-250000-to-opensats-to,publish,https://coincu.com/tether-donates-250000-to-opensats-to,13,5,0,0,keep,has_backlink
369256,2025-10-16T15:00:53,bitcoin-support-110k-investor-interest,publish,https://coincu.com/bitcoin-support-110k-investor-interest,7,1,0,0,keep,has_backlink
369248,2025-10-16T14:52:23,sol-faces-rejection-at-210,publish,https://coincu.com/sol-faces-rejection-at-210,11,4,0,0,keep,has_backlink
369221,2025-10-16T14:40:23,pengu-targets-0-035-as-price-looks-to-recover-above-the-key-0-026-level,publish,https://coincu.com/pengu-targets-0-035-as-price-looks-to-recover-above-the-key-0-026-level,12,2,0,0,keep,has_backlink
369238,2025-10-16T14:30:07,kraken-acquires-small-exchange-derivatives,publish,https://coincu.com/kraken-acquires-small-exchange-derivatives,15,2,0,0,keep,has_backlink
369230,2025-10-16T14:11:51,sui-bounces-at-2-55-but-heavy-sell-wall,publish,https://coincu.com/sui-bounces-at-2-55-but-heavy-sell-wall,18,5,0,0,keep,has_backlink
369228,2025-10-16T14:01:09,blackrock-bstbl-fund-launch,publish,https://coincu.com/blackrock-bstbl-fund-launch,10,1,0,0,keep,has_backlink
369220,2025-10-16T13:31:58,stablecoin-regulatory-measures-us-fed,publish,https://coincu.com/stablecoin-regulatory-measures-us-fed,9,2,0,0,keep,has_backlink
369217,2025-10-16T13:02:45,gold-price-impact-crypto-market,publish,https://coincu.com/gold-price-impact-crypto-market,8,3,0,0,keep,has_backlink
369213,2025-10-16T13:00:17,seascape-launches-first-tokenized-bnb-treasury-strategy-on-binance-smart-chain,publish,https://coincu.com/seascape-launches-first-tokenized-bnb-treasury-strategy-on-binance-smart-chain,13,3,0,0,keep,has_backlink
369203,2025-10-16T12:30:53,sei-stablecoin-volume-soars-to-13-8b,publish,https://coincu.com/sei-stablecoin-volume-soars-to-13-8b,4,2,0,0,keep,has_backlink
369208,2025-10-16T12:29:12,blackrock-genius-act-money-market-fund,publish,https://coincu.com/blackrock-genius-act-money-market-fund,6,3,0,0,keep,has_backlink
369200,2025-10-16T12:00:13,federal-reserve-25bp-rate-cut-impact,publish,https://coincu.com/federal-reserve-25bp-rate-cut-impact,7,3,0,0,keep,has_backlink
369195,2025-10-16T11:31:39,fed-governor-50bp-rate-cut,publish,https://coincu.com/fed-governor-50bp-rate-cut,14,4,0,0,keep,has_backlink
369188,2025-10-16T11:01:25,us-crypto-stocks-market-gains,publish,https://coincu.com/us-crypto-stocks-market-gains,8,3,0,0,keep,has_backlink
369185,2025-10-16T10:30:36,sec-crypto-remarks-unconfirmed,publish,https://coincu.com/sec-crypto-remarks-unconfirmed,7,1,0,0,keep,has_backlink
369177,2025-10-16T10:07:48,dogecoin-holds-0-19-support-eyes-0-33,publish,https://coincu.com/dogecoin-holds-0-19-support-eyes-0-33,6,3,0,0,keep,has_backlink
369176,2025-10-16T10:00:07,federal-reserve-interest-rate-shift,publish,https://coincu.com/federal-reserve-interest-rate-shift,13,6,0,0,keep,has_backlink
369148,2025-10-16T09:54:24,ethereum-key-to-surging-above-5k-lies-in-holding-the-4-1k-support-level,publish,https://coincu.com/ethereum-key-to-surging-above-5k-lies-in-holding-the-4-1k-support-level,7,3,0,0,keep,has_backlink
369164,2025-10-16T09:29:53,yzi-labs-invests-50m-better-payment-network,publish,https://coincu.com/yzi-labs-invests-50m-better-payment-network,7,4,0,0,keep,has_backlink
369152,2025-10-16T09:23:27,analysts-say-250k-bitcoin-target-may,publish,https://coincu.com/analysts-say-250k-bitcoin-target-may,6,3,0,0,keep,has_backlink
369151,2025-10-16T09:00:14,crypto-trader-short-profits,publish,https://coincu.com/crypto-trader-short-profits,14,5,0,0,keep,has_backlink
369147,2025-10-16T08:29:51,binance-suggests-coinbase-list-bnb-chain,publish,https://coincu.com/binance-suggests-coinbase-list-bnb-chain,15,5,0,0,keep,has_backlink
369135,2025-10-16T08:00:55,zhao-bnb-listing-exchange-competition,publish,https://coincu.com/zhao-bnb-listing-exchange-competition,9,4,0,0,keep,has_backlink
369128,2025-10-16T07:28:55,fed-beige-book-interest-cuts,publish,https://coincu.com/fed-beige-book-interest-cuts,8,4,0,0,keep,has_backlink
369125,2025-10-16T07:00:03,kraken-small-exchange-acquisition,publish,https://coincu.com/kraken-small-exchange-acquisition,5,2,0,0,keep,has_backlink
369122,2025-10-16T06:30:15,bitcoin-market-volatility-institutional-flows,publish,https://coincu.com/bitcoin-market-volatility-institutional-flows,11,5,0,0,keep,has_backlink
369119,2025-10-16T06:00:40,bittensor-subnet-mechanism-update,publish,https://coincu.com/bittensor-subnet-mechanism-update,11,4,0,0,keep,has_backlink
369116,2025-10-16T05:29:39,coinbase-bnb-listing-suggestion,publish,https://coincu.com/coinbase-bnb-listing-suggestion,11,6,0,0,keep,has_backlink
369113,2025-10-16T05:00:47,india-cbdc-over-crypto-focus,publish,https://coincu.com/india-cbdc-over-crypto-focus,9,4,0,0,keep,has_backlink
369106,2025-10-16T03:58:43,fed-unconventional-rate-cut-2023,publish,https://coincu.com/fed-unconventional-rate-cut-2023,14,4,0,0,keep,has_backlink
369100,2025-10-16T03:20:21,trust-summit-2025-nyc,publish,https://coincu.com/trust-summit-2025-nyc,10,4,0,0,keep,has_backlink
369095,2025-10-16T02:29:38,uk-bitcoin-scam-compensation-plan,publish,https://coincu.com/uk-bitcoin-scam-compensation-plan,12,6,0,0,keep,has_backlink
369092,2025-10-16T01:59:19,north-korean-npm-malware-blockchain,publish,https://coincu.com/north-korean-npm-malware-blockchain,9,3,0,0,keep,has_backlink
369089,2025-10-16T01:30:25,dota-2-youtube-hack-meme-coin,publish,https://coincu.com/dota-2-youtube-hack-meme-coin,9,4,0,0,keep,has_backlink
369086,2025-10-16T01:00:35,beige-book-us-economy-signals,publish,https://coincu.com/beige-book-us-economy-signals,9,4,0,0,keep,has_backlink
369083,2025-10-16T00:29:47,fed-rate-cuts-trade-tensions,publish,https://coincu.com/fed-rate-cuts-trade-tensions,11,4,0,0,keep,has_backlink
369077,2025-10-15T23:29:01,federal-reserve-beige-book-impact,publish,https://coincu.com/federal-reserve-beige-book-impact,3,2,0,0,keep,has_backlink
369074,2025-10-15T22:59:47,us-senate-rejects-bill-shutdown,publish,https://coincu.com/us-senate-rejects-bill-shutdown,6,2,0,0,keep,has_backlink
369071,2025-10-15T22:30:34,uniswap-critiques-centrally-exchanged-fees,publish,https://coincu.com/uniswap-critiques-centrally-exchanged-fees,15,7,0,0,keep,has_backlink
369068,2025-10-15T21:59:33,binance-he-yi-product-focus,publish,https://coincu.com/binance-he-yi-product-focus,9,4,0,0,keep,has_backlink
369065,2025-10-15T21:29:58,us-treasury-ai-job-impact,publish,https://coincu.com/us-treasury-ai-job-impact,11,3,0,0,keep,has_backlink
369058,2025-10-15T21:27:51,eric-trump-confirms-plans-to-tokenize,publish,https://coincu.com/eric-trump-confirms-plans-to-tokenize,38,10,0,0,keep,has_backlink
369051,2025-10-15T21:01:52,paxos-mints-300-trillion-in-pyusd-on,publish,https://coincu.com/paxos-mints-300-trillion-in-pyusd-on,23,5,0,0,keep,has_backlink
369050,2025-10-15T20:30:00,coinbase-adds-binance-coin-bnb,publish,https://coincu.com/coinbase-adds-binance-coin-bnb,15,3,0,0,keep,has_backlink
369047,2025-10-15T19:59:10,eric-trump-real-estate-tokenization,publish,https://coincu.com/eric-trump-real-estate-tokenization,12,4,0,0,keep,has_backlink
369034,2025-10-15T19:47:36,coinbase-confirms-bnb-listing,publish,https://coincu.com/coinbase-confirms-bnb-listing,8,2,0,0,keep,has_backlink
369040,2025-10-15T19:30:01,india-prioritizes-cbdc-over-cryptocurrencies,publish,https://coincu.com/india-prioritizes-cbdc-over-cryptocurrencies,7,2,0,0,keep,has_backlink
368955,2025-10-15T19:00:00,bridge-to-billions-5-coins-every-investor-should-watch-blockchainfx-leads-the-best-crypto-to-buy-now,publish,https://coincu.com/bridge-to-billions-5-coins-every-investor-should-watch-blockchainfx-leads-the-best-crypto-to-buy-now,7,3,0,0,keep,has_backlink
369037,2025-10-15T18:59:08,healthier-crypto-market-deleveraging,publish,https://coincu.com/healthier-crypto-market-deleveraging,10,4,0,0,keep,has_backlink
369033,2025-10-15T18:30:36,erebor-bank-crypto-sector-approval,publish,https://coincu.com/erebor-bank-crypto-sector-approval,13,4,0,0,keep,has_backlink
369030,2025-10-15T17:59:54,huione-group-okx-controls-sanctions,publish,https://coincu.com/huione-group-okx-controls-sanctions,3,1,0,0,keep,has_backlink
369021,2025-10-15T17:49:18,sei-breakout-alert,publish,https://coincu.com/sei-breakout-alert,5,3,0,0,keep,has_backlink
369020,2025-10-15T17:31:06,sologenic-finra-tokenized-stock-trading,publish,https://coincu.com/sologenic-finra-tokenized-stock-trading,12,6,0,0,keep,has_backlink
369017,2025-10-15T17:00:55,sony-connectia-trust-applies-charter,publish,https://coincu.com/sony-connectia-trust-applies-charter,6,3,0,0,keep,has_backlink
369010,2025-10-15T16:30:24,coinbase-omni-contracts-suspension,publish,https://coincu.com/coinbase-omni-contracts-suspension,16,4,0,0,keep,has_backlink
369006,2025-10-15T15:59:37,occ-approves-erebor-bank-crypto,publish,https://coincu.com/occ-approves-erebor-bank-crypto,4,1,0,0,keep,has_backlink
368994,2025-10-15T15:31:02,kraken-ink-launches-tydro-protocol,publish,https://coincu.com/kraken-ink-launches-tydro-protocol,6,3,0,0,keep,has_backlink
368989,2025-10-15T14:58:50,federal-reserve-urgency-rate-cuts,publish,https://coincu.com/federal-reserve-urgency-rate-cuts,5,2,0,0,keep,has_backlink
368982,2025-10-15T14:31:14,solotex-tokenized-stock-finra-approval,publish,https://coincu.com/solotex-tokenized-stock-finra-approval,5,1,0,0,keep,has_backlink
368979,2025-10-15T14:00:00,blackrock-asset-tokenization-strategy,publish,https://coincu.com/blackrock-asset-tokenization-strategy,19,5,0,0,keep,has_backlink
368976,2025-10-15T13:31:14,us-treasury-fed-chair-candidates,publish,https://coincu.com/us-treasury-fed-chair-candidates,15,3,0,0,keep,has_backlink
368969,2025-10-15T13:27:27,brevis-unveils-pico-prism-zkvm-enabling,publish,https://coincu.com/brevis-unveils-pico-prism-zkvm-enabling,11,3,0,0,keep,has_backlink
368963,2025-10-15T13:04:25,xmoney-launches-xmn-on-sui-expands-listings-across-global-exchanges,publish,https://coincu.com/xmoney-launches-xmn-on-sui-expands-listings-across-global-exchanges,10,2,0,0,keep,has_backlink
368960,2025-10-15T13:00:20,yellen-market-impact-uncertainty,publish,https://coincu.com/yellen-market-impact-uncertainty,8,1,0,0,keep,has_backlink
368939,2025-10-15T12:38:21,solana-shows-stability-around-200-as-market-eyes-potential-break-above-300,publish,https://coincu.com/solana-shows-stability-around-200-as-market-eyes-potential-break-above-300,8,1,0,0,keep,has_backlink
368940,2025-10-15T12:32:59,zeta-network-raises-231m-in-btc-backed,publish,https://coincu.com/zeta-network-raises-231m-in-btc-backed,7,2,0,0,keep,has_backlink
368946,2025-10-15T12:30:40,lubian-btc-transfer-doj-action,publish,https://coincu.com/lubian-btc-transfer-doj-action,7,3,0,0,keep,has_backlink
368929,2025-10-15T11:59:23,aligned-data-centers-ai-acquisition,publish,https://coincu.com/aligned-data-centers-ai-acquisition,9,5,0,0,keep,has_backlink
368906,2025-10-15T11:07:29,binance-launches-yield-basis,publish,https://coincu.com/binance-launches-yield-basis,5,1,0,0,keep,has_backlink
368898,2025-10-15T10:00:36,htx-dao-q3-token-burn-2025,publish,https://coincu.com/htx-dao-q3-token-burn-2025,8,4,0,0,keep,has_backlink
368894,2025-10-15T09:30:14,echo-megaeth-ico-launch-announcement,publish,https://coincu.com/echo-megaeth-ico-launch-announcement,5,2,0,0,keep,has_backlink
368881,2025-10-15T09:03:48,bitcoin-price-prediction-reclaim-119k,publish,https://coincu.com/bitcoin-price-prediction-reclaim-119k,8,4,0,0,keep,has_backlink
368880,2025-10-15T08:59:42,citigroup-tokenized-deposits-strategy,publish,https://coincu.com/citigroup-tokenized-deposits-strategy,12,5,0,0,keep,has_backlink
368870,2025-10-15T07:59:17,spot-gold-surges-us-fed-flexibility,publish,https://coincu.com/spot-gold-surges-us-fed-flexibility,3,2,0,0,keep,has_backlink
368867,2025-10-15T07:28:42,gold-historic-high-market-impact,publish,https://coincu.com/gold-historic-high-market-impact,4,2,0,0,keep,has_backlink
368859,2025-10-15T07:07:18,oct-15-binance-alpha-claim-wbai-220-points,publish,https://coincu.com/oct-15-binance-alpha-claim-wbai-220-points,11,2,0,0,keep,has_backlink
368857,2025-10-15T06:59:48,china-targets-myanmar-scam,publish,https://coincu.com/china-targets-myanmar-scam,8,4,0,0,keep,has_backlink
368842,2025-10-15T06:30:44,ethereum-eyes-10k-as-multi-year-resistance-turns-into-strong-support-level,publish,https://coincu.com/ethereum-eyes-10k-as-multi-year-resistance-turns-into-strong-support-level,2,1,0,0,keep,has_backlink
368851,2025-10-15T06:29:48,bhutan-ethereum-digital-id-system,publish,https://coincu.com/bhutan-ethereum-digital-id-system,7,3,0,0,keep,has_backlink
368841,2025-10-15T06:00:17,us-etf-inflows-2025-record-2,publish,https://coincu.com/us-etf-inflows-2025-record-2,8,3,0,0,keep,has_backlink
368838,2025-10-15T05:29:14,okx-aml-controls-huione-sanctions,publish,https://coincu.com/okx-aml-controls-huione-sanctions,8,5,0,0,keep,has_backlink
368835,2025-10-15T04:59:19,powell-rate-cut-labor-signals,publish,https://coincu.com/powell-rate-cut-labor-signals,10,3,0,0,keep,has_backlink
368832,2025-10-15T04:29:36,fed-rate-cut-crypto-volatility,publish,https://coincu.com/fed-rate-cut-crypto-volatility,19,6,0,0,keep,has_backlink
368829,2025-10-15T04:01:23,us-government-seizes-14-billion-bitcoin,publish,https://coincu.com/us-government-seizes-14-billion-bitcoin,34,6,0,0,keep,has_backlink
368825,2025-10-15T03:29:45,us-seizes-14-billion-bitcoin,publish,https://coincu.com/us-seizes-14-billion-bitcoin,39,9,0,0,keep,has_backlink
368822,2025-10-15T02:59:19,us-bill-crypto-401k-plans,publish,https://coincu.com/us-bill-crypto-401k-plans,14,4,0,0,keep,has_backlink
368819,2025-10-15T02:29:40,long-term-bond-yields-crypto-impact,publish,https://coincu.com/long-term-bond-yields-crypto-impact,9,4,0,0,keep,has_backlink
368816,2025-10-15T01:59:30,new-york-gold-price-all-time-high,publish,https://coincu.com/new-york-gold-price-all-time-high,7,2,0,0,keep,has_backlink
368808,2025-10-15T01:29:41,radcipher-announces-initiative-to-elevate-security-standards-in-web3,publish,https://coincu.com/radcipher-announces-initiative-to-elevate-security-standards-in-web3,9,3,0,0,keep,has_backlink
368804,2025-10-15T01:24:55,5-cryptos-to-add-to-your-portfolio-in-q4-titans-of-tomorrow-that-could-explode-25x-by-2026,publish,https://coincu.com/5-cryptos-to-add-to-your-portfolio-in-q4-titans-of-tomorrow-that-could-explode-25x-by-2026,9,3,0,0,keep,has_backlink
368800,2025-10-15T00:29:48,fed-powell-balance-sheet-end,publish,https://coincu.com/fed-powell-balance-sheet-end,7,2,0,0,keep,has_backlink
368797,2025-10-14T23:59:11,federal-reserve-collins-rate-cuts-2025,publish,https://coincu.com/federal-reserve-collins-rate-cuts-2025,5,2,0,0,keep,has_backlink
368790,2025-10-14T22:29:30,binance-400m-market-stability-initiative,publish,https://coincu.com/binance-400m-market-stability-initiative,5,1,0,0,keep,has_backlink
368781,2025-10-14T20:59:42,us-seizes-15b-bitcoin-scheme,publish,https://coincu.com/us-seizes-15b-bitcoin-scheme,1,1,0,0,keep,has_backlink
368770,2025-10-14T19:29:26,powell-comment-economic-boost-market,publish,https://coincu.com/powell-comment-economic-boost-market,5,1,0,0,keep,has_backlink
368738,2025-10-14T16:00:49,us-government-seizure-bitcoin-questions,publish,https://coincu.com/us-government-seizure-bitcoin-questions,2,1,0,0,keep,has_backlink
368735,2025-10-14T15:31:51,aave-transferred-galaxy-digital-otc,publish,https://coincu.com/aave-transferred-galaxy-digital-otc,2,1,0,0,keep,has_backlink
368705,2025-10-14T14:37:24,dogecoin-holds-0-16-support-and-eyes-a-rebound-toward-0-48-and-beyond,publish,https://coincu.com/dogecoin-holds-0-16-support-and-eyes-a-rebound-toward-0-48-and-beyond,16,1,0,0,keep,has_backlink
368688,2025-10-14T12:30:44,blackrock-ceo-bitcoin-digital-gold,publish,https://coincu.com/blackrock-ceo-bitcoin-digital-gold,2,2,0,0,keep,has_backlink
368684,2025-10-14T12:29:17,viabtc-unveils-enhanced-collateralized-loan-service-for-global-miners,publish,https://coincu.com/viabtc-unveils-enhanced-collateralized-loan-service-for-global-miners,1,1,0,0,keep,has_backlink
368673,2025-10-14T10:59:44,federal-reserve-usd-volatility-data-delay,publish,https://coincu.com/federal-reserve-usd-volatility-data-delay,3,1,0,0,keep,has_backlink
368666,2025-10-14T10:30:42,us-treasury-yield-drop-crypto,publish,https://coincu.com/us-treasury-yield-drop-crypto,5,1,0,0,keep,has_backlink
368663,2025-10-14T10:01:08,whales-profit-crypto-crash,publish,https://coincu.com/whales-profit-crypto-crash,1,1,0,0,keep,has_backlink
368618,2025-10-14T09:12:07,vietnam-tech-shark-nguyen-hoa-binh-charged-4-5-million-crypto-fraud,publish,https://coincu.com/vietnam-tech-shark-nguyen-hoa-binh-charged-4-5-million-crypto-fraud,3,2,0,0,keep,has_backlink
368647,2025-10-14T09:01:37,tether-wallet-development-kit-launch,publish,https://coincu.com/tether-wallet-development-kit-launch,2,1,0,0,keep,has_backlink
368623,2025-10-14T08:00:18,bitcoin-market-structural-integrity-etf-inflows,publish,https://coincu.com/bitcoin-market-structural-integrity-etf-inflows,3,2,0,0,keep,has_backlink
368608,2025-10-14T07:28:21,stellar-xlm-could-rally-to-1-if-0-30,publish,https://coincu.com/stellar-xlm-could-rally-to-1-if-0-30,2,2,0,0,keep,has_backlink
368607,2025-10-14T06:59:45,garrett-jin-btc-to-eth-switch,publish,https://coincu.com/garrett-jin-btc-to-eth-switch,1,1,0,0,keep,has_backlink
368593,2025-10-14T04:59:43,bitcoin-whale-short-market-turbulence,publish,https://coincu.com/bitcoin-whale-short-market-turbulence,1,1,0,0,keep,has_backlink
368587,2025-10-14T02:29:59,crypto-put-options-volatility-risk,publish,https://coincu.com/crypto-put-options-volatility-risk,26,5,0,0,keep,has_backlink
368584,2025-10-14T01:29:01,fed-rate-cuts-2025-paulson-support,publish,https://coincu.com/fed-rate-cuts-2025-paulson-support,12,3,0,0,keep,has_backlink
368574,2025-10-13T23:30:13,cz-debunks-photo-scam,publish,https://coincu.com/cz-debunks-photo-scam,18,3,0,0,keep,has_backlink
368570,2025-10-13T22:29:34,circle-focus-usdc-hong-kong,publish,https://coincu.com/circle-focus-usdc-hong-kong,23,6,0,0,keep,has_backlink
368554,2025-10-13T21:08:35,solana-stuck-between-resistance-and-support-as-254-target-looms,publish,https://coincu.com/solana-stuck-between-resistance-and-support-as-254-target-looms,10,3,0,0,keep,has_backlink
368561,2025-10-13T21:00:09,bnb-chain-45m-airdrop-memecoin-traders,publish,https://coincu.com/bnb-chain-45m-airdrop-memecoin-traders,8,3,0,0,keep,has_backlink
368549,2025-10-13T20:00:34,binance-usde-depeg-compensation,publish,https://coincu.com/binance-usde-depeg-compensation,12,6,0,0,keep,has_backlink
368538,2025-10-13T19:01:58,mike-selig-cftc-chairman-nomination,publish,https://coincu.com/mike-selig-cftc-chairman-nomination,3,2,0,0,keep,has_backlink
368519,2025-10-13T18:17:25,200k-xrpl-attackathon-launches-with,publish,https://coincu.com/200k-xrpl-attackathon-launches-with,4,3,0,0,keep,has_backlink
368520,2025-10-13T18:01:35,bitcoin-rebounds-strong-120k-breakout,publish,https://coincu.com/bitcoin-rebounds-strong-120k-breakout,1,1,0,0,keep,has_backlink
368512,2025-10-13T17:31:32,federal-reserve-2025-rate-cuts-powell,publish,https://coincu.com/federal-reserve-2025-rate-cuts-powell,11,4,0,0,keep,has_backlink
368500,2025-10-13T17:12:40,cftc-regulated-solana-and-xrp-options,publish,https://coincu.com/cftc-regulated-solana-and-xrp-options,3,2,0,0,keep,has_backlink
368475,2025-10-13T14:15:01,is-a-0-48-breakout-next-as-arbitrum-arb-dex-volume-hits-ath,publish,https://coincu.com/is-a-0-48-breakout-next-as-arbitrum-arb-dex-volume-hits-ath,5,2,0,0,keep,has_backlink
368404,2025-10-13T11:10:43,solana-price-rebounds-from-178-support-targets-210-as-meme-ecosystem-heats-up,publish,https://coincu.com/solana-price-rebounds-from-178-support-targets-210-as-meme-ecosystem-heats-up,6,4,0,0,keep,has_backlink
368418,2025-10-13T09:59:47,garrett-jin-btc-eth-shift,publish,https://coincu.com/garrett-jin-btc-eth-shift,8,3,0,0,keep,has_backlink
368408,2025-10-13T09:30:18,binance-euler-airdrop-alpha,publish,https://coincu.com/binance-euler-airdrop-alpha,9,4,0,0,keep,has_backlink
368396,2025-10-13T09:05:49,hyperliquid-activates-hip-3-upgrade,publish,https://coincu.com/hyperliquid-activates-hip-3-upgrade,5,2,0,0,keep,has_backlink
368401,2025-10-13T09:00:48,galaxy-digital-ai-data-center-expansion,publish,https://coincu.com/galaxy-digital-ai-data-center-expansion,3,1,0,0,keep,has_backlink
368365,2025-10-13T08:12:18,bnb-price-bounces-from-1087-support-turning-bullish-toward-1355-level-2,publish,https://coincu.com/bnb-price-bounces-from-1087-support-turning-bullish-toward-1355-level-2,0,0,11,125,keep,has_gsc_3m
368370,2025-10-13T07:49:46,dogecoin-eyes-rebound-as-macd-turns,publish,https://coincu.com/dogecoin-eyes-rebound-as-macd-turns,7,2,0,0,keep,has_backlink
368364,2025-10-13T07:29:41,solstice-usx-launch-200m-tvl,publish,https://coincu.com/solstice-usx-launch-200m-tvl,5,3,0,0,keep,has_backlink
368357,2025-10-13T06:59:41,bitcoin-stability-whale-accumulation,publish,https://coincu.com/bitcoin-stability-whale-accumulation,7,3,0,0,keep,has_backlink
368349,2025-10-13T06:29:49,dubai-boosts-virtual-assets-gdp,publish,https://coincu.com/dubai-boosts-virtual-assets-gdp,2,1,0,0,keep,has_backlink
368328,2025-10-13T05:59:24,cycle-ending-drop-btc-eth-stability,publish,https://coincu.com/cycle-ending-drop-btc-eth-stability,3,2,0,0,keep,has_backlink
368317,2025-10-13T05:29:30,crypto-funding-rates-low-2022,publish,https://coincu.com/crypto-funding-rates-low-2022,4,2,0,0,keep,has_backlink
368306,2025-10-13T04:00:10,hyperliquid-onchain-liquidation-transparency,publish,https://coincu.com/hyperliquid-onchain-liquidation-transparency,18,4,0,0,keep,has_backlink
368291,2025-10-12T23:59:08,trump-870m-bitcoin-media-group,publish,https://coincu.com/trump-870m-bitcoin-media-group,4,1,0,0,keep,has_backlink
368286,2025-10-12T23:01:05,binance-cz-bnb-market-strategy,publish,https://coincu.com/binance-cz-bnb-market-strategy,6,2,0,0,keep,has_backlink
368279,2025-10-12T22:04:23,ethena-usde-binance-price-swing,publish,https://coincu.com/ethena-usde-binance-price-swing,2,1,0,0,keep,has_backlink
368266,2025-10-12T19:59:46,bitmine-eth-position-unrealized-loss,publish,https://coincu.com/bitmine-eth-position-unrealized-loss,5,1,0,0,keep,has_backlink
368263,2025-10-12T19:30:20,bnb-record-high-market-growth,publish,https://coincu.com/bnb-record-high-market-growth,11,3,0,0,keep,has_backlink
368217,2025-10-12T18:00:00,top-5-best-cryptos-to-watch-this-quarter-ethereum-dogecoin-cardano-and-the-surprise-hit-blockchainfx,publish,https://coincu.com/top-5-best-cryptos-to-watch-this-quarter-ethereum-dogecoin-cardano-and-the-surprise-hit-blockchainfx,3,1,0,0,keep,has_backlink
368249,2025-10-12T16:30:32,crypto-leverage-reset-low-funding-rates,publish,https://coincu.com/crypto-leverage-reset-low-funding-rates,7,2,0,0,keep,has_backlink
368212,2025-10-12T15:01:26,crypto-market-liquidations-fed-policy,publish,https://coincu.com/crypto-market-liquidations-fed-policy,6,3,0,0,keep,has_backlink
368209,2025-10-12T14:49:51,bitcoin-ethereum-stability-altcoin-downturn,publish,https://coincu.com/bitcoin-ethereum-stability-altcoin-downturn,6,3,0,0,keep,has_backlink
368200,2025-10-12T12:55:25,bitcoin-demand-turns-negative-for-first-time-since-july,publish,https://coincu.com/bitcoin-demand-turns-negative-for-first-time-since-july,10,4,0,0,keep,has_backlink
368176,2025-10-11T23:07:14,xrp-shows-2017-deja-vu-as-new-cycle-builds,publish,https://coincu.com/xrp-shows-2017-deja-vu-as-new-cycle-builds,35,3,8,74,keep,has_backlink|has_gsc_3m
368168,2025-10-11T22:40:50,btc-price-prediction-rsi-tightens-as,publish,https://coincu.com/btc-price-prediction-rsi-tightens-as,46,5,0,0,keep,has_backlink
368158,2025-10-11T22:08:57,ethereum-price-prediction-will-3-3k-3-5k,publish,https://coincu.com/ethereum-price-prediction-will-3-3k-3-5k,24,5,0,0,keep,has_backlink
368108,2025-10-11T20:30:00,4-explosive-cryptos-bfx-avax-pepe-xrp-tipped-as-the-best-cryptos-to-buy-now,publish,https://coincu.com/4-explosive-cryptos-bfx-avax-pepe-xrp-tipped-as-the-best-cryptos-to-buy-now,3,1,0,0,keep,has_backlink
368135,2025-10-11T15:48:10,solana-crashes-to-182will-it-rebound,publish,https://coincu.com/solana-crashes-to-182will-it-rebound,14,5,0,0,keep,has_backlink
368131,2025-10-11T15:46:06,meme-coin-trader-who-made-7200000-profit-during-dogecoins-41-rally-in-q3-buys-new-coin-as-q4-starts,publish,https://coincu.com/meme-coin-trader-who-made-7200000-profit-during-dogecoins-41-rally-in-q3-buys-new-coin-as-q4-starts,4,2,0,0,keep,has_backlink
368081,2025-10-11T10:36:48,biggest-crypto-crash-ever,publish,https://coincu.com/biggest-crypto-crash-ever,9,4,0,0,keep,has_backlink
368068,2025-10-11T03:30:43,arthur-hayes-altcoin-liquidations,publish,https://coincu.com/arthur-hayes-altcoin-liquidations,19,4,0,0,keep,has_backlink
368065,2025-10-11T03:00:38,cosmos-flash-crash-binance-impact,publish,https://coincu.com/cosmos-flash-crash-binance-impact,20,5,0,0,keep,has_backlink
368062,2025-10-11T02:28:46,eugene-ng-strategy-change-volatility,publish,https://coincu.com/eugene-ng-strategy-change-volatility,22,4,0,0,keep,has_backlink
368050,2025-10-10T23:29:35,us-china-tariff-impact-tech-crypto,publish,https://coincu.com/us-china-tariff-impact-tech-crypto,19,4,0,0,keep,has_backlink
368048,2025-10-10T22:59:17,trump-increased-chinese-tariffs,publish,https://coincu.com/trump-increased-chinese-tariffs,12,4,0,0,keep,has_backlink
367907,2025-10-10T21:30:47,next-100x-crypto-top-traders-bet-on-blockchainfx-over-solana-and-ripple-for-viral-short-term-returns,publish,https://coincu.com/next-100x-crypto-top-traders-bet-on-blockchainfx-over-solana-and-ripple-for-viral-short-term-returns,4,1,0,0,keep,has_backlink
368040,2025-10-10T21:29:13,s-p-500-and-crypto-markets-plunge-ai-bubble-concerns,publish,https://coincu.com/s-p-500-and-crypto-markets-plunge-ai-bubble-concerns,9,3,0,0,keep,has_backlink
368025,2025-10-10T20:28:12,pengu-charts-signal-rally,publish,https://coincu.com/pengu-charts-signal-rally,4,1,0,0,keep,has_backlink
368024,2025-10-10T20:01:46,morgan-stanley-crypto-access,publish,https://coincu.com/morgan-stanley-crypto-access,5,1,0,0,keep,has_backlink
368009,2025-10-10T19:55:38,solana-eyes-226-229-breakout,publish,https://coincu.com/solana-eyes-226-229-breakout,12,3,0,0,keep,has_backlink
368018,2025-10-10T19:29:50,nasdaq-decline-crypto-impact,publish,https://coincu.com/nasdaq-decline-crypto-impact,11,4,0,0,keep,has_backlink
367998,2025-10-10T18:00:45,cz-bitcoin-leadership-reaffirmed,publish,https://coincu.com/cz-bitcoin-leadership-reaffirmed,7,2,0,0,keep,has_backlink
367987,2025-10-10T16:48:19,kalshi-raises-300-million-targets-global-expansion-amid-surging-prediction-market-growth,publish,https://coincu.com/kalshi-raises-300-million-targets-global-expansion-amid-surging-prediction-market-growth,5,2,0,0,keep,has_backlink
367945,2025-10-10T13:30:28,morgan-stanley-cryptocurrency-investment-access,publish,https://coincu.com/morgan-stanley-cryptocurrency-investment-access,11,4,0,0,keep,has_backlink
367936,2025-10-10T12:43:48,nov-12-binance-alpha-claim-eul-200-points,publish,https://coincu.com/nov-12-binance-alpha-claim-eul-200-points,6,3,0,0,keep,has_backlink
367928,2025-10-10T12:01:21,fed-rate-cut-labor-market,publish,https://coincu.com/fed-rate-cut-labor-market,10,4,0,0,keep,has_backlink
367925,2025-10-10T11:29:44,us-shutdown-prediction-markets-react,publish,https://coincu.com/us-shutdown-prediction-markets-react,9,3,0,0,keep,has_backlink
367918,2025-10-10T09:59:31,bitdeer-expands-bitcoin-mining,publish,https://coincu.com/bitdeer-expands-bitcoin-mining,10,4,0,0,keep,has_backlink
367886,2025-10-10T09:00:57,coinbase-ceo-defi-regulation-opposition,publish,https://coincu.com/coinbase-ceo-defi-regulation-opposition,8,3,0,0,keep,has_backlink
367840,2025-10-10T07:02:09,singapore-delays-crypto-rules-2027,publish,https://coincu.com/singapore-delays-crypto-rules-2027,4,3,0,0,keep,has_backlink
367826,2025-10-10T06:37:44,bullish-flag-formation-on-link-indicates-potential-breakout-to-54-target,publish,https://coincu.com/bullish-flag-formation-on-link-indicates-potential-breakout-to-54-target,16,2,0,0,keep,has_backlink
367831,2025-10-10T06:29:49,upbit-adds-infinit-krw-market,publish,https://coincu.com/upbit-adds-infinit-krw-market,21,2,0,0,keep,has_backlink
367819,2025-10-10T05:30:22,binance-cz-live-podcast-announcement,publish,https://coincu.com/binance-cz-live-podcast-announcement,9,2,0,0,keep,has_backlink
367816,2025-10-10T05:21:16,bitdeer-expands-mining-capacity-2025,publish,https://coincu.com/bitdeer-expands-mining-capacity-2025,13,3,0,0,keep,has_backlink
367813,2025-10-10T04:59:01,binance-founder-cz-podcast-appearance,publish,https://coincu.com/binance-founder-cz-podcast-appearance,10,3,0,0,keep,has_backlink
367808,2025-10-10T04:20:58,oct-12-binance-alpha-users-claim-corl-200-alpha-points,publish,https://coincu.com/oct-12-binance-alpha-users-claim-corl-200-alpha-points,11,2,0,0,keep,has_backlink
367806,2025-10-10T04:00:04,solana-tvl-record-42-billion,publish,https://coincu.com/solana-tvl-record-42-billion,18,5,0,0,keep,has_backlink
367798,2025-10-10T03:33:49,kerrisdale-shorts-bitmine-dat-concerns,publish,https://coincu.com/kerrisdale-shorts-bitmine-dat-concerns,12,4,0,0,keep,has_backlink
367794,2025-10-10T03:21:49,macau-digital-pataca-prototype,publish,https://coincu.com/macau-digital-pataca-prototype,10,3,0,0,keep,has_backlink
367791,2025-10-10T03:20:22,digital-assets-forum-2026,publish,https://coincu.com/digital-assets-forum-2026,11,5,0,0,keep,has_backlink
367789,2025-10-10T03:00:30,bnb-chain-wallet-bitcoin-reserves,publish,https://coincu.com/bnb-chain-wallet-bitcoin-reserves,12,6,0,0,keep,has_backlink
367784,2025-10-10T02:51:28,binance-bnb-chain-expansion-us-policy,publish,https://coincu.com/binance-bnb-chain-expansion-us-policy,15,6,0,0,keep,has_backlink
367781,2025-10-10T00:30:51,deutsche-bank-bitcoin-reserves-2030,publish,https://coincu.com/deutsche-bank-bitcoin-reserves-2030,11,4,0,0,keep,has_backlink
367778,2025-10-10T00:01:58,delayed-september-cpi-release,publish,https://coincu.com/delayed-september-cpi-release,13,5,0,0,keep,has_backlink
367776,2025-10-09T23:59:09,bls-cpi-data-release,publish,https://coincu.com/bls-cpi-data-release,8,3,0,0,keep,has_backlink
367773,2025-10-09T23:30:00,coinbase-mastercard-bvnk-stablecoin-acquisition,publish,https://coincu.com/coinbase-mastercard-bvnk-stablecoin-acquisition,10,3,0,0,keep,has_backlink
367765,2025-10-09T22:33:41,215m-btc-shorts-pile-up-on-binance-but,publish,https://coincu.com/215m-btc-shorts-pile-up-on-binance-but,32,3,0,0,keep,has_backlink
367764,2025-10-09T22:29:14,spot-gold-drops-impact-analysis,publish,https://coincu.com/spot-gold-drops-impact-analysis,12,4,0,0,keep,has_backlink
367761,2025-10-09T21:59:46,us-government-shutdown-crypto-impact-3,publish,https://coincu.com/us-government-shutdown-crypto-impact-3,102,4,0,0,keep,has_backlink
367754,2025-10-09T21:43:37,solana-price-prediction-210-204,publish,https://coincu.com/solana-price-prediction-210-204,10,4,0,0,keep,has_backlink
367750,2025-10-09T21:29:59,spot-silver-highs-market-turbulence,publish,https://coincu.com/spot-silver-highs-market-turbulence,9,3,0,0,keep,has_backlink
367747,2025-10-09T20:59:39,kerrisdale-short-bitmine-dat-decline,publish,https://coincu.com/kerrisdale-short-bitmine-dat-decline,7,2,0,0,keep,has_backlink
367744,2025-10-09T20:30:31,roger-ver-fraud-charges-update,publish,https://coincu.com/roger-ver-fraud-charges-update,8,3,0,0,keep,has_backlink
367737,2025-10-09T20:13:53,pumptober-crypto-market-dumps-but-big-rebound-expected-analysts-say,publish,https://coincu.com/pumptober-crypto-market-dumps-but-big-rebound-expected-analysts-say,19,3,0,0,keep,has_backlink
367733,2025-10-09T19:59:32,binance-japan-paypay-crypto-partnership,publish,https://coincu.com/binance-japan-paypay-crypto-partnership,4,1,0,0,keep,has_backlink
367730,2025-10-09T19:29:23,rezolve-ai-subsquid-acquisition,publish,https://coincu.com/rezolve-ai-subsquid-acquisition,9,3,0,0,keep,has_backlink
367711,2025-10-09T19:14:16,stellar-xlm-battles-at-0-37-breakout,publish,https://coincu.com/stellar-xlm-battles-at-0-37-breakout,5,2,0,0,keep,has_backlink
367708,2025-10-09T18:31:11,gaza-ceasefire-confusion-crypto-impact,publish,https://coincu.com/gaza-ceasefire-confusion-crypto-impact,10,3,0,0,keep,has_backlink
367702,2025-10-09T18:22:37,safety-shot-to-rebrand-as-bonk-inc,publish,https://coincu.com/safety-shot-to-rebrand-as-bonk-inc,23,10,0,0,keep,has_backlink
367700,2025-10-09T18:01:05,hyperscale-data-30-million-debt-reduction,publish,https://coincu.com/hyperscale-data-30-million-debt-reduction,12,4,0,0,keep,has_backlink
367683,2025-10-09T17:20:07,stream-soars-as-protocol-revenue-and-staking-rewards-reach-new-highs,publish,https://coincu.com/stream-soars-as-protocol-revenue-and-staking-rewards-reach-new-highs,10,3,0,0,keep,has_backlink
367674,2025-10-09T16:48:35,bybit-secures-uaes-first-virtual-asset-platform-operator-license-from-securities-and-commodities-authority,publish,https://coincu.com/bybit-secures-uaes-first-virtual-asset-platform-operator-license-from-securities-and-commodities-authority,3,1,0,0,keep,has_backlink
367665,2025-10-09T15:59:43,huang-licheng-crypto-losses,publish,https://coincu.com/huang-licheng-crypto-losses,8,4,0,0,keep,has_backlink
367649,2025-10-09T14:30:40,kerrisdale-capital-shorts-bitmine,publish,https://coincu.com/kerrisdale-capital-shorts-bitmine,6,1,0,0,keep,has_backlink
367642,2025-10-09T14:30:31,bitcoin-stuck-below-123-4k,publish,https://coincu.com/bitcoin-stuck-below-123-4k,9,2,0,0,keep,has_backlink
367630,2025-10-09T13:45:36,xrp-rejected-at-resistance,publish,https://coincu.com/xrp-rejected-at-resistance,11,2,4,16,keep,has_backlink|has_gsc_3m
367628,2025-10-09T12:59:32,ny-fed-williams-supports-rate-cuts,publish,https://coincu.com/ny-fed-williams-supports-rate-cuts,11,3,0,0,keep,has_backlink
367625,2025-10-09T12:29:43,cipherowl-raises-15m-ai-compliance,publish,https://coincu.com/cipherowl-raises-15m-ai-compliance,4,2,0,0,keep,has_backlink
367618,2025-10-09T10:29:32,hyperscale-data-30m-debt-reduction,publish,https://coincu.com/hyperscale-data-30m-debt-reduction,3,2,0,0,keep,has_backlink
367615,2025-10-09T10:00:21,federal-reserve-rate-cut-2025-2,publish,https://coincu.com/federal-reserve-rate-cut-2025-2,5,3,0,0,keep,has_backlink
367596,2025-10-09T09:30:05,dogecoin-path-to-2-28-could-lead-to-a-9-8,publish,https://coincu.com/dogecoin-path-to-2-28-could-lead-to-a-9-8,25,7,0,0,keep,has_backlink
367611,2025-10-09T09:29:57,luxembourg-sovereign-fund-bitcoin-etf,publish,https://coincu.com/luxembourg-sovereign-fund-bitcoin-etf,8,4,3,192,keep,has_backlink|has_gsc_3m
367591,2025-10-09T08:55:09,utility-over-meme-coins-heres-why-many-investors-are-swapping-out-dogecoin-and-shiba-inu-for-the-crypto-super-app-with-1000x-potential,publish,https://coincu.com/utility-over-meme-coins-heres-why-many-investors-are-swapping-out-dogecoin-and-shiba-inu-for-the-crypto-super-app-with-1000x-potential,5,2,0,0,keep,has_backlink
367589,2025-10-09T08:29:55,binance-giggleusdt-contract-confusion,publish,https://coincu.com/binance-giggleusdt-contract-confusion,10,3,0,0,keep,has_backlink
367583,2025-10-09T08:17:58,rome-launches-its-genesis-nft-collection-imperia-on-magic-eden-launchpad,publish,https://coincu.com/rome-launches-its-genesis-nft-collection-imperia-on-magic-eden-launchpad,3,1,0,0,keep,has_backlink
367571,2025-10-09T06:59:12,openai-chatgpt-platform-os,publish,https://coincu.com/openai-chatgpt-platform-os,16,4,0,0,keep,has_backlink
367568,2025-10-09T06:29:32,coinbase-introduces-dex-onchain-swaps,publish,https://coincu.com/coinbase-introduces-dex-onchain-swaps,12,2,0,0,keep,has_backlink
367565,2025-10-09T06:00:02,paypay-binance-japan-crypto-stake,publish,https://coincu.com/paypay-binance-japan-crypto-stake,6,1,0,0,keep,has_backlink
367562,2025-10-09T05:28:56,coinbase-crypto-staking-new-york,publish,https://coincu.com/coinbase-crypto-staking-new-york,13,3,0,0,keep,has_backlink
367559,2025-10-09T04:59:44,predictive-oncology-343m-ath-tokens,publish,https://coincu.com/predictive-oncology-343m-ath-tokens,17,3,0,0,keep,has_backlink
367556,2025-10-09T04:31:04,hong-kong-digital-renminbi-pilot,publish,https://coincu.com/hong-kong-digital-renminbi-pilot,8,2,0,0,keep,has_backlink
367553,2025-10-09T03:59:33,us-shutdown-projections-conflict,publish,https://coincu.com/us-shutdown-projections-conflict,17,3,0,0,keep,has_backlink
367550,2025-10-09T03:31:15,traditional-finance-debasement-trade,publish,https://coincu.com/traditional-finance-debasement-trade,14,4,0,0,keep,has_backlink
367548,2025-10-09T02:29:52,north-dakota-state-stablecoin-launch,publish,https://coincu.com/north-dakota-state-stablecoin-launch,21,4,0,0,keep,has_backlink
367497,2025-10-08T22:00:00,best-crypto-to-buy-now-whales-are-stacking-bnb-blockchainfx-and-ethena-as-prices-soar,publish,https://coincu.com/best-crypto-to-buy-now-whales-are-stacking-bnb-blockchainfx-and-ethena-as-prices-soar,3,2,0,0,keep,has_backlink
367544,2025-10-08T19:01:18,polymarket-ice-investment-valuation,publish,https://coincu.com/polymarket-ice-investment-valuation,8,3,0,0,keep,has_backlink
367541,2025-10-08T18:59:13,floki-funds-clean-water-wells-in-africa-through-partnership-with-wwfa,publish,https://coincu.com/floki-funds-clean-water-wells-in-africa-through-partnership-with-wwfa,4,1,0,0,keep,has_backlink
367537,2025-10-08T18:30:27,federal-reserve-maintains-interest-rate,publish,https://coincu.com/federal-reserve-maintains-interest-rate,13,3,0,0,keep,has_backlink
367534,2025-10-08T18:00:49,jupiter-ethena-jupusd-migration,publish,https://coincu.com/jupiter-ethena-jupusd-migration,17,4,0,0,keep,has_backlink
367528,2025-10-08T17:00:05,metamask-perpetual-trading-rewards,publish,https://coincu.com/metamask-perpetual-trading-rewards,8,3,0,0,keep,has_backlink
367441,2025-10-08T17:00:00,zero-knowledge-proof-whitelist-coming-soon-the-tech-solving-cryptos-biggest-trade-off-and-the-next-100x-crypto,publish,https://coincu.com/zero-knowledge-proof-whitelist-coming-soon-the-tech-solving-cryptos-biggest-trade-off-and-the-next-100x-crypto,3,1,0,0,keep,has_backlink
367516,2025-10-08T16:50:02,north-dakota-to-launch-usd-backed,publish,https://coincu.com/north-dakota-to-launch-usd-backed,7,3,0,0,keep,has_backlink
367507,2025-10-08T16:42:44,solana-holds-support-at-193-with-232-resistance-key-for-bullish-breakout,publish,https://coincu.com/solana-holds-support-at-193-with-232-resistance-key-for-bullish-breakout,4,2,0,0,keep,has_backlink
367512,2025-10-08T16:29:56,imf-fed-rate-cuts-impact,publish,https://coincu.com/imf-fed-rate-cuts-impact,5,3,0,0,keep,has_backlink
367505,2025-10-08T16:03:54,solana-375ai-5m-financing-round,publish,https://coincu.com/solana-375ai-5m-financing-round,4,1,0,0,keep,has_backlink
367491,2025-10-08T15:02:01,fed-approaches-interest-rate-cuts,publish,https://coincu.com/fed-approaches-interest-rate-cuts,11,3,0,0,keep,has_backlink
367484,2025-10-08T14:55:14,jupiter-and-ethena-partner-to-launch,publish,https://coincu.com/jupiter-and-ethena-partner-to-launch,24,5,0,0,keep,has_backlink
367477,2025-10-08T14:14:03,square-launches-bitcoin-payments-and,publish,https://coincu.com/square-launches-bitcoin-payments-and,11,3,0,0,keep,has_backlink
367469,2025-10-08T13:32:40,uk-lifts-ban-on-crypto-etns-opening-market-to-retail-investors,publish,https://coincu.com/uk-lifts-ban-on-crypto-etns-opening-market-to-retail-investors,5,1,0,0,keep,has_backlink
367471,2025-10-08T13:30:09,bnb-surpasses-xrp-market-cap-2,publish,https://coincu.com/bnb-surpasses-xrp-market-cap-2,12,4,4,39,keep,has_backlink|has_gsc_3m
367460,2025-10-08T12:57:25,sui-eyes-10-mark-as-on-chain-data-and-volume-drive-strong-momentum,publish,https://coincu.com/sui-eyes-10-mark-as-on-chain-data-and-volume-drive-strong-momentum,7,3,0,0,keep,has_backlink
367456,2025-10-08T12:29:56,bank-england-ai-market-warning,publish,https://coincu.com/bank-england-ai-market-warning,11,6,0,0,keep,has_backlink
367444,2025-10-08T12:00:01,bit-digital-ethereum-acquisition-2025,publish,https://coincu.com/bit-digital-ethereum-acquisition-2025,21,5,0,0,keep,has_backlink
367413,2025-10-08T11:32:53,bitcoin-support-near-123k-could-lead-to-a-surge-toward-135k-resistance,publish,https://coincu.com/bitcoin-support-near-123k-could-lead-to-a-surge-toward-135k-resistance,7,2,0,0,keep,has_backlink
367424,2025-10-08T11:30:54,alchemy-rootdata-top-100-2025,publish,https://coincu.com/alchemy-rootdata-top-100-2025,7,2,0,0,keep,has_backlink
367401,2025-10-08T11:13:48,eth-faces-key-test-will-it-break-4723,publish,https://coincu.com/eth-faces-key-test-will-it-break-4723,8,4,0,0,keep,has_backlink
367405,2025-10-08T10:30:46,hyperion-defi-expands-hype-holdings,publish,https://coincu.com/hyperion-defi-expands-hype-holdings,10,4,0,0,keep,has_backlink
367390,2025-10-08T09:54:37,hbar-hits-307b-volume,publish,https://coincu.com/hbar-hits-307b-volume,7,2,0,0,keep,has_backlink
367389,2025-10-08T09:00:37,tether-gold-market-cap-surges,publish,https://coincu.com/tether-gold-market-cap-surges,4,2,0,0,keep,has_backlink
367382,2025-10-08T08:54:17,heres-what-bnbs-price-would-be-if-it,publish,https://coincu.com/heres-what-bnbs-price-would-be-if-it,9,5,0,0,keep,has_backlink
367380,2025-10-08T08:03:05,hong-kong-crypto-regulation-update,publish,https://coincu.com/hong-kong-crypto-regulation-update,7,4,0,0,keep,has_backlink
367372,2025-10-08T06:59:11,faraday-future-meme-coin-rumor,publish,https://coincu.com/faraday-future-meme-coin-rumor,15,5,0,0,keep,has_backlink
367366,2025-10-08T05:30:12,polygon-network-upgrade-binance-bithumb,publish,https://coincu.com/polygon-network-upgrade-binance-bithumb,19,7,0,0,keep,has_backlink
367363,2025-10-08T05:01:46,binance-spot-trading-feast-october-2025,publish,https://coincu.com/binance-spot-trading-feast-october-2025,19,7,0,0,keep,has_backlink
367358,2025-10-08T03:28:58,bank-england-stablecoin-limits-exemption,publish,https://coincu.com/bank-england-stablecoin-limits-exemption,14,4,0,0,keep,has_backlink
367355,2025-10-08T03:00:48,meteora-met-tokenomics-launch,publish,https://coincu.com/meteora-met-tokenomics-launch,17,5,0,0,keep,has_backlink
367346,2025-10-08T01:29:57,redotpay-rootdata-2025-top-projects,publish,https://coincu.com/redotpay-rootdata-2025-top-projects,17,4,0,0,keep,has_backlink
367343,2025-10-08T00:59:09,blackrock-bitcoin-etf-surpasses-2,publish,https://coincu.com/blackrock-bitcoin-etf-surpasses-2,11,4,0,0,keep,has_backlink
367340,2025-10-08T00:29:55,us-senate-sixth-funding-vote-crypto-impact,publish,https://coincu.com/us-senate-sixth-funding-vote-crypto-impact,20,5,0,0,keep,has_backlink
367334,2025-10-07T23:30:28,prenetics-bitcoin-holdings-strategy,publish,https://coincu.com/prenetics-bitcoin-holdings-strategy,34,7,0,0,keep,has_backlink
367331,2025-10-07T22:58:39,meanwhile-raises-82m-for-btc-expansion,publish,https://coincu.com/meanwhile-raises-82m-for-btc-expansion,19,3,0,0,keep,has_backlink
367324,2025-10-07T21:35:03,kite-ai-rootdata-2025-recognition,publish,https://coincu.com/kite-ai-rootdata-2025-recognition,12,4,0,0,keep,has_backlink
367322,2025-10-07T21:30:32,kite-ai-rootdata-list-2025,publish,https://coincu.com/kite-ai-rootdata-list-2025,22,6,0,0,keep,has_backlink
367313,2025-10-07T21:15:18,cardano-eyes-wave-5-rally,publish,https://coincu.com/cardano-eyes-wave-5-rally,14,4,0,0,keep,has_backlink
367309,2025-10-07T21:00:36,hashkey-capital-2025-rootdata-list,publish,https://coincu.com/hashkey-capital-2025-rootdata-list,11,4,0,0,keep,has_backlink
367300,2025-10-07T20:57:57,10b-bitcoin-whale-moves-364m-btc-to,publish,https://coincu.com/10b-bitcoin-whale-moves-364m-btc-to,9,4,0,0,keep,has_backlink
367299,2025-10-07T20:32:22,sp-launch-digital-market-index,publish,https://coincu.com/sp-launch-digital-market-index,7,3,0,0,keep,has_backlink
367296,2025-10-07T19:58:45,ny-fed-reports-inflation-rise,publish,https://coincu.com/ny-fed-reports-inflation-rise,10,5,0,0,keep,has_backlink
367285,2025-10-07T19:35:57,sol-rebounds-from-220,publish,https://coincu.com/sol-rebounds-from-220,8,4,0,0,keep,has_backlink
367291,2025-10-07T19:31:27,tether-gold-xaut-hits-1-5-billion,publish,https://coincu.com/tether-gold-xaut-hits-1-5-billion,11,5,0,0,keep,has_backlink
367284,2025-10-07T19:00:02,smart-money-profits-palu-trade,publish,https://coincu.com/smart-money-profits-palu-trade,18,2,0,0,keep,has_backlink
367269,2025-10-07T17:00:10,bnb-surpasses-xrp-market-cap,publish,https://coincu.com/bnb-surpasses-xrp-market-cap,9,5,0,0,keep,has_backlink
367256,2025-10-07T16:48:34,ena-bounces-at-0-50-is-a-breakout-imminent,publish,https://coincu.com/ena-bounces-at-0-50-is-a-breakout-imminent,4,2,0,0,keep,has_backlink
367260,2025-10-07T16:30:09,ice-invests-polymarket-2billion,publish,https://coincu.com/ice-invests-polymarket-2billion,5,2,0,0,keep,has_backlink
367255,2025-10-07T16:01:18,crypto-market-liquidations-bitcoin-ethereum,publish,https://coincu.com/crypto-market-liquidations-bitcoin-ethereum,9,4,0,0,keep,has_backlink
367245,2025-10-07T15:00:23,alameda-ftx-wallets-crypto-assets,publish,https://coincu.com/alameda-ftx-wallets-crypto-assets,11,3,0,0,keep,has_backlink
367242,2025-10-07T14:31:36,unipcs-bsc-meme-coin-purchase,publish,https://coincu.com/unipcs-bsc-meme-coin-purchase,17,4,0,0,keep,has_backlink
367167,2025-10-07T14:00:00,forget-avalanche-resistance-cardano-price-prediction-hype-blockchainfx-could-be-the-next-exchange-giant,publish,https://coincu.com/forget-avalanche-resistance-cardano-price-prediction-hype-blockchainfx-could-be-the-next-exchange-giant,7,2,0,0,keep,has_backlink
367235,2025-10-07T13:59:41,binance-aster-new-financial-product,publish,https://coincu.com/binance-aster-new-financial-product,8,3,0,0,keep,has_backlink
367232,2025-10-07T13:31:28,bnb-smartmoney-positions-peak,publish,https://coincu.com/bnb-smartmoney-positions-peak,10,2,0,0,keep,has_backlink
367193,2025-10-07T11:30:28,musk-xai-ai-game-launch-2026,publish,https://coincu.com/musk-xai-ai-game-launch-2026,12,6,0,0,keep,has_backlink
367190,2025-10-07T11:01:07,hashkey-group-rootdata-top-100-2025,publish,https://coincu.com/hashkey-group-rootdata-top-100-2025,4,1,0,0,keep,has_backlink
367178,2025-10-07T09:44:46,oct-8-binance-alpha-users-claim-slimex-alpha-points,publish,https://coincu.com/oct-8-binance-alpha-users-claim-slimex-alpha-points,7,2,0,0,keep,has_backlink
367165,2025-10-07T08:59:45,pump-fun-million-buyback-impact,publish,https://coincu.com/pump-fun-million-buyback-impact,19,11,0,0,keep,has_backlink
367156,2025-10-07T08:29:14,bitcoin-record-rally-profit-taking,publish,https://coincu.com/bitcoin-record-rally-profit-taking,18,5,0,0,keep,has_backlink
367146,2025-10-07T07:29:33,whale-profits-dood-upbit-listing,publish,https://coincu.com/whale-profits-dood-upbit-listing,11,2,0,0,keep,has_backlink
367133,2025-10-07T06:43:55,pengu-rebounds-targeting-channel-top,publish,https://coincu.com/pengu-rebounds-targeting-channel-top,16,5,0,0,keep,has_backlink
367136,2025-10-07T06:29:59,binance-kgen-trading-airdrop-launch,publish,https://coincu.com/binance-kgen-trading-airdrop-launch,18,4,0,0,keep,has_backlink
367130,2025-10-07T06:09:05,india-launches-rbi-backed-digital,publish,https://coincu.com/india-launches-rbi-backed-digital,9,4,0,0,keep,has_backlink
367129,2025-10-07T05:59:27,bee-maps-32m-funding-solana,publish,https://coincu.com/bee-maps-32m-funding-solana,4,3,0,0,keep,has_backlink
367125,2025-10-07T05:45:04,oct-7-binance-alpha-users-claim-kgen-with-210-plus-points,publish,https://coincu.com/oct-7-binance-alpha-users-claim-kgen-with-210-plus-points,1,1,0,0,keep,has_backlink
367123,2025-10-07T05:28:43,bitcoin-gold-prices-correlation-2025,publish,https://coincu.com/bitcoin-gold-prices-correlation-2025,2,1,0,0,keep,has_backlink
367117,2025-10-07T03:59:02,strategy-pauses-bitcoin-acquisitions-profit,publish,https://coincu.com/strategy-pauses-bitcoin-acquisitions-profit,14,6,0,0,keep,has_backlink
367112,2025-10-07T02:59:26,sharplink-eth-strategy-profits,publish,https://coincu.com/sharplink-eth-strategy-profits,10,3,0,0,keep,has_backlink
367109,2025-10-07T02:29:15,china-gold-reserves-increase-september,publish,https://coincu.com/china-gold-reserves-increase-september,12,4,0,0,keep,has_backlink
367105,2025-10-07T01:00:14,gold-hits-4000-global-uncertainties,publish,https://coincu.com/gold-hits-4000-global-uncertainties,21,5,13,1030,keep,has_backlink|has_gsc_3m
367102,2025-10-07T00:28:11,schmid-opposes-further-rate-cuts,publish,https://coincu.com/schmid-opposes-further-rate-cuts,17,4,0,0,keep,has_backlink
367099,2025-10-06T23:59:01,coinbase-lists-linea-asset-roadmap,publish,https://coincu.com/coinbase-lists-linea-asset-roadmap,10,2,0,0,keep,has_backlink
367096,2025-10-06T22:58:46,nomura-laser-digital-galaxy-traders,publish,https://coincu.com/nomura-laser-digital-galaxy-traders,8,2,7,72,keep,has_backlink|has_gsc_3m
366996,2025-10-06T22:00:00,is-blockchainfx-the-best-crypto-for-2025-over-hyperliquid-and-worldcoin-experts-say-yes,publish,https://coincu.com/is-blockchainfx-the-best-crypto-for-2025-over-hyperliquid-and-worldcoin-experts-say-yes,3,1,0,0,keep,has_backlink
367083,2025-10-06T20:46:17,solana-company-accumulates-525m,publish,https://coincu.com/solana-company-accumulates-525m,3,3,0,0,keep,has_backlink
367082,2025-10-06T20:00:03,consensys-token-economy-metamask-infura,publish,https://coincu.com/consensys-token-economy-metamask-infura,6,3,0,0,keep,has_backlink
367079,2025-10-06T19:30:23,crypto-stocks-rise-bitcoin-surge,publish,https://coincu.com/crypto-stocks-rise-bitcoin-surge,18,4,0,0,keep,has_backlink
367074,2025-10-06T18:30:28,sign-protocol-rootdata-top-100,publish,https://coincu.com/sign-protocol-rootdata-top-100,4,2,0,0,keep,has_backlink
367071,2025-10-06T17:59:46,kite-ai-top-100-project,publish,https://coincu.com/kite-ai-top-100-project,8,5,0,0,keep,has_backlink
367067,2025-10-06T17:30:28,fedwatch-projects-rate-cut-october,publish,https://coincu.com/fedwatch-projects-rate-cut-october,9,3,0,0,keep,has_backlink
367051,2025-10-06T15:59:26,crypto-market-trends-2025-traders,publish,https://coincu.com/crypto-market-trends-2025-traders,9,5,0,0,keep,has_backlink
367023,2025-10-06T14:43:00,ondo-finance-acquires-oasis-pro-to-expand,publish,https://coincu.com/ondo-finance-acquires-oasis-pro-to-expand,28,7,0,0,keep,has_backlink
367022,2025-10-06T14:29:08,dormant-bitcoin-wallet-activation,publish,https://coincu.com/dormant-bitcoin-wallet-activation,11,5,0,0,keep,has_backlink
366954,2025-10-06T10:43:09,pengu-eyes-1-00-after-breaking-long-term-downtrend,publish,https://coincu.com/pengu-eyes-1-00-after-breaking-long-term-downtrend,13,3,0,0,keep,has_backlink
366943,2025-10-06T10:01:31,sui-set-to-explode,publish,https://coincu.com/sui-set-to-explode,11,4,0,0,keep,has_backlink
366940,2025-10-06T09:46:32,claps-casino-launches-visa-and-mastercard-payments,publish,https://coincu.com/claps-casino-launches-visa-and-mastercard-payments,2,1,0,0,keep,has_backlink
366936,2025-10-06T09:35:08,bc-game-news-backs-deccan-gladiators-as-title-sponsor-in-2025-abu-dhabi-t10-league,publish,https://coincu.com/bc-game-news-backs-deccan-gladiators-as-title-sponsor-in-2025-abu-dhabi-t10-league,5,1,0,0,keep,has_backlink
366924,2025-10-06T09:16:50,bnb-hits-1200-can-it-keep-soaring,publish,https://coincu.com/bnb-hits-1200-can-it-keep-soaring,8,4,0,0,keep,has_backlink
366918,2025-10-06T08:28:54,ustreasury-yields-rise-shutdown-impact,publish,https://coincu.com/ustreasury-yields-rise-shutdown-impact,14,5,0,0,keep,has_backlink
366898,2025-10-06T07:59:19,binance-aster-spot-trading-pairs,publish,https://coincu.com/binance-aster-spot-trading-pairs,7,3,0,0,keep,has_backlink
366884,2025-10-06T07:38:11,heres-what-has-been-fueling-bitcoins,publish,https://coincu.com/heres-what-has-been-fueling-bitcoins,13,4,0,0,keep,has_backlink
366890,2025-10-06T07:35:33,oct-8-binance-alpha-users-claim-pipe-200-points,publish,https://coincu.com/oct-8-binance-alpha-users-claim-pipe-200-points,11,4,0,0,keep,has_backlink
366887,2025-10-06T07:29:43,0g-labs-twitter-hacked-suspicious-links,publish,https://coincu.com/0g-labs-twitter-hacked-suspicious-links,10,4,0,0,keep,has_backlink
366876,2025-10-06T07:02:39,ondo-price-prediction-bulls-defend-0-86,publish,https://coincu.com/ondo-price-prediction-bulls-defend-0-86,10,4,0,0,keep,has_backlink
366881,2025-10-06T06:59:29,kite-ai-rootdata-list-2025-summit,publish,https://coincu.com/kite-ai-rootdata-list-2025-summit,17,4,0,0,keep,has_backlink
366874,2025-10-06T06:31:45,domain-name-liquidity-tokenization,publish,https://coincu.com/domain-name-liquidity-tokenization,11,4,0,0,keep,has_backlink
366869,2025-10-06T06:20:31,cbi-freezes-crypto-linked-to-122000,publish,https://coincu.com/cbi-freezes-crypto-linked-to-122000,13,4,0,0,keep,has_backlink
366868,2025-10-06T05:59:39,sosovalue-rootdata-top-100-summit,publish,https://coincu.com/sosovalue-rootdata-top-100-summit,8,2,0,0,keep,has_backlink
366864,2025-10-06T04:59:03,chaincatcher-crypto-2025-conference,publish,https://coincu.com/chaincatcher-crypto-2025-conference,10,4,0,0,keep,has_backlink
366850,2025-10-06T03:01:10,hong-kong-sfc-re-election-leung,publish,https://coincu.com/hong-kong-sfc-re-election-leung,16,4,0,0,keep,has_backlink
366847,2025-10-06T02:29:00,tom-lee-embraces-eth-criticism,publish,https://coincu.com/tom-lee-embraces-eth-criticism,24,5,0,0,keep,has_backlink
366844,2025-10-06T01:58:59,morgan-stanley-crypto-advisory,publish,https://coincu.com/morgan-stanley-crypto-advisory,36,7,0,0,keep,has_backlink
366838,2025-10-06T00:59:49,defillama-delists-aster-dex-concerns,publish,https://coincu.com/defillama-delists-aster-dex-concerns,23,4,0,0,keep,has_backlink
366832,2025-10-06T00:00:43,donut-ai-crypto-integration-summit,publish,https://coincu.com/donut-ai-crypto-integration-summit,31,4,0,0,keep,has_backlink
366829,2025-10-05T23:29:11,ai101-labs-web3-ai-inflection,publish,https://coincu.com/ai101-labs-web3-ai-inflection,18,3,0,0,keep,has_backlink
366826,2025-10-05T22:59:07,openmind-om1-ai-platform-launch,publish,https://coincu.com/openmind-om1-ai-platform-launch,22,7,0,0,keep,has_backlink
366823,2025-10-05T22:28:46,gensyn-ai-challenges-silicon-valley-summit,publish,https://coincu.com/gensyn-ai-challenges-silicon-valley-summit,22,5,0,0,keep,has_backlink
366820,2025-10-05T21:59:21,limitless-kaito-sale-oversubscribed,publish,https://coincu.com/limitless-kaito-sale-oversubscribed,23,9,0,0,keep,has_backlink
366814,2025-10-05T20:58:23,strategy-no-new-btc-purchase,publish,https://coincu.com/strategy-no-new-btc-purchase,21,5,0,0,keep,has_backlink
366811,2025-10-05T20:29:48,bitwise-aptos-etf-sec-filing,publish,https://coincu.com/bitwise-aptos-etf-sec-filing,16,3,0,0,keep,has_backlink
366808,2025-10-05T19:58:46,lighter-points-event-conclusion-announcement,publish,https://coincu.com/lighter-points-event-conclusion-announcement,16,4,0,0,keep,has_backlink
366802,2025-10-05T18:58:27,ethereum-og-deposits-kraken-20m,publish,https://coincu.com/ethereum-og-deposits-kraken-20m,9,3,0,0,keep,has_backlink
366799,2025-10-05T18:30:53,vitalik-buterin-memory-access-complexity,publish,https://coincu.com/vitalik-buterin-memory-access-complexity,11,3,0,0,keep,has_backlink
366796,2025-10-05T17:59:30,btc-fi-adoption-hurdles-survey,publish,https://coincu.com/btc-fi-adoption-hurdles-survey,10,2,0,0,keep,has_backlink
366793,2025-10-05T17:28:43,metamask-30-million-rewards-program,publish,https://coincu.com/metamask-30-million-rewards-program,12,4,0,0,keep,has_backlink
366790,2025-10-05T16:59:30,aster-surpasses-competitors-revenue-surge,publish,https://coincu.com/aster-surpasses-competitors-revenue-surge,11,3,8,115,keep,has_backlink|has_gsc_3m
366777,2025-10-05T16:32:29,xrp-price-surge-expected-to-reach-27,publish,https://coincu.com/xrp-price-surge-expected-to-reach-27,116,5,46,163,keep,has_backlink|has_gsc_3m
366773,2025-10-05T15:29:13,bitcoin-all-time-high-market-cap,publish,https://coincu.com/bitcoin-all-time-high-market-cap,11,3,0,0,keep,has_backlink
366767,2025-10-05T14:30:30,usd1-stablecoin-reserve-transparency-concerns,publish,https://coincu.com/usd1-stablecoin-reserve-transparency-concerns,9,4,0,0,keep,has_backlink
366761,2025-10-05T13:29:45,stablecoin-market-reaches-300-billion,publish,https://coincu.com/stablecoin-market-reaches-300-billion,14,4,0,0,keep,has_backlink
366758,2025-10-05T12:59:28,global-asset-demand-boost,publish,https://coincu.com/global-asset-demand-boost,15,5,0,0,keep,has_backlink
366752,2025-10-05T12:28:47,polymarket-us-government-shutdown-probability,publish,https://coincu.com/polymarket-us-government-shutdown-probability,19,5,0,0,keep,has_backlink
366747,2025-10-05T10:59:31,venezuela-usdt-hyperinflation-trend,publish,https://coincu.com/venezuela-usdt-hyperinflation-trend,21,7,0,0,keep,has_backlink
366737,2025-10-05T10:29:21,dogecoin-forms-cup-handle-as-whales,publish,https://coincu.com/dogecoin-forms-cup-handle-as-whales,31,4,0,0,keep,has_backlink
366736,2025-10-05T09:58:27,bitcoin-new-high-institutional-demand,publish,https://coincu.com/bitcoin-new-high-institutional-demand,11,6,0,0,keep,has_backlink
366733,2025-10-05T09:28:56,huang-licheng-aster-leverage-loss,publish,https://coincu.com/huang-licheng-aster-leverage-loss,13,5,0,0,keep,has_backlink
366724,2025-10-05T08:35:54,ripple-xrp-aims-for-new-aths-while-another-rising-crypto-aims-to-beat-asters-aster-record-with-quicker-100x-gains,publish,https://coincu.com/ripple-xrp-aims-for-new-aths-while-another-rising-crypto-aims-to-beat-asters-aster-record-with-quicker-100x-gains,0,0,6,62,keep,has_gsc_3m
366723,2025-10-05T08:29:45,trend-research-eth-binance,publish,https://coincu.com/trend-research-eth-binance,19,4,0,0,keep,has_backlink
366706,2025-10-05T06:58:22,openai-ceo-global-chip-partnership,publish,https://coincu.com/openai-ceo-global-chip-partnership,22,4,0,0,keep,has_backlink
366703,2025-10-05T05:58:52,crypto-market-optimism-chaincatcher-event,publish,https://coincu.com/crypto-market-optimism-chaincatcher-event,22,7,0,0,keep,has_backlink
366699,2025-10-05T05:28:50,metamask-rewards-program-mask-token,publish,https://coincu.com/metamask-rewards-program-mask-token,5,2,0,0,keep,has_backlink
366693,2025-10-05T04:29:24,bitcoin-predicted-to-soar-high,publish,https://coincu.com/bitcoin-predicted-to-soar-high,12,3,0,0,keep,has_backlink
366684,2025-10-05T02:59:25,tether-antalpha-200m-gold-token,publish,https://coincu.com/tether-antalpha-200m-gold-token,24,5,0,0,keep,has_backlink
366674,2025-10-05T01:59:02,abracadabra-money-hack-1-7m-loss,publish,https://coincu.com/abracadabra-money-hack-1-7m-loss,55,10,0,0,keep,has_backlink
366671,2025-10-05T01:28:26,discord-third-party-breach-impact,publish,https://coincu.com/discord-third-party-breach-impact,30,4,4,217,keep,has_backlink|has_gsc_3m
366668,2025-10-05T00:59:02,metamask-launches-reward-program,publish,https://coincu.com/metamask-launches-reward-program,24,4,0,0,keep,has_backlink
366653,2025-10-04T22:28:30,hype-price-prediction-as-open-interest,publish,https://coincu.com/hype-price-prediction-as-open-interest,32,5,0,0,keep,has_backlink
366659,2025-10-04T22:28:00,binance-kazakhstan-crypto-dialogue,publish,https://coincu.com/binance-kazakhstan-crypto-dialogue,26,3,0,0,keep,has_backlink
366652,2025-10-04T21:57:58,coinbase-base-delays-token-issue,publish,https://coincu.com/coinbase-base-delays-token-issue,37,4,0,0,keep,has_backlink
366647,2025-10-04T20:58:29,tether-antalpha-xaut-fundraising,publish,https://coincu.com/tether-antalpha-xaut-fundraising,36,7,0,0,keep,has_backlink
366640,2025-10-04T20:29:53,tether-gold-backed-investment-division,publish,https://coincu.com/tether-gold-backed-investment-division,31,5,0,0,keep,has_backlink
366637,2025-10-04T19:58:53,portuguese-arrested-bangkok-crypto-fraud,publish,https://coincu.com/portuguese-arrested-bangkok-crypto-fraud,15,4,0,0,keep,has_backlink
366634,2025-10-04T19:28:32,binance-lists-morpho-margin-trading,publish,https://coincu.com/binance-lists-morpho-margin-trading,41,7,0,0,keep,has_backlink
366631,2025-10-04T18:59:33,binance-cz-meme-coin-surge,publish,https://coincu.com/binance-cz-meme-coin-surge,35,7,0,0,keep,has_backlink
366620,2025-10-04T18:29:55,binance-launches-morpho-hodler-airdrop,publish,https://coincu.com/binance-launches-morpho-hodler-airdrop,22,3,0,0,keep,has_backlink
366615,2025-10-04T17:30:36,cme-group-24-7-crypto-trading,publish,https://coincu.com/cme-group-24-7-crypto-trading,6,2,0,0,keep,has_backlink
366603,2025-10-04T16:29:13,cme-group-247-crypto-trading,publish,https://coincu.com/cme-group-247-crypto-trading,12,4,0,0,keep,has_backlink
366589,2025-10-04T16:17:03,sei-nears-golden-cross-on-3-day-chart,publish,https://coincu.com/sei-nears-golden-cross-on-3-day-chart,12,3,0,0,keep,has_backlink
366598,2025-10-04T15:59:15,federal-reserve-speeches-jobs-report,publish,https://coincu.com/federal-reserve-speeches-jobs-report,15,4,0,0,keep,has_backlink
366591,2025-10-04T15:30:57,solana-leads-active-blockchain-addresses,publish,https://coincu.com/solana-leads-active-blockchain-addresses,17,7,0,0,keep,has_backlink
366587,2025-10-04T14:28:57,abracadabra-defi-hack-tornado-cash,publish,https://coincu.com/abracadabra-defi-hack-tornado-cash,15,7,0,0,keep,has_backlink
366583,2025-10-04T13:29:10,metamask-points-system-token-airdrop,publish,https://coincu.com/metamask-points-system-token-airdrop,11,4,0,0,keep,has_backlink
366580,2025-10-04T12:59:41,binance-kazakhstan-meeting-claims,publish,https://coincu.com/binance-kazakhstan-meeting-claims,7,2,0,0,keep,has_backlink
366556,2025-10-04T12:39:43,bnb-futures-signal-bullish-phase-eyes-on,publish,https://coincu.com/bnb-futures-signal-bullish-phase-eyes-on,11,4,0,0,keep,has_backlink
366561,2025-10-04T11:58:27,ethereum-leaders-token2049-strategies,publish,https://coincu.com/ethereum-leaders-token2049-strategies,12,5,0,0,keep,has_backlink
366553,2025-10-04T10:58:52,ethereum-fusaka-upgrade-scalability,publish,https://coincu.com/ethereum-fusaka-upgrade-scalability,9,5,0,0,keep,has_backlink
366538,2025-10-04T10:28:52,bitcoin-etf-demand-surge-us-interest-rates,publish,https://coincu.com/bitcoin-etf-demand-surge-us-interest-rates,7,3,0,0,keep,has_backlink
366532,2025-10-04T09:59:22,ethshanghai-2025-xiao-feng-speech,publish,https://coincu.com/ethshanghai-2025-xiao-feng-speech,8,4,0,0,keep,has_backlink
366521,2025-10-04T09:30:13,coinbase-occ-trust-charter-application-2,publish,https://coincu.com/coinbase-occ-trust-charter-application-2,7,4,0,0,keep,has_backlink
366513,2025-10-04T09:21:34,solana-could-see-a-surge-to-520,publish,https://coincu.com/solana-could-see-a-surge-to-520,12,6,0,0,keep,has_backlink
366512,2025-10-04T08:59:45,bitwise-aptos-etf-filing,publish,https://coincu.com/bitwise-aptos-etf-filing,8,4,0,0,keep,has_backlink
366509,2025-10-04T08:29:26,coinbase-occ-trust-charter-application,publish,https://coincu.com/coinbase-occ-trust-charter-application,12,5,0,0,keep,has_backlink
366503,2025-10-04T08:04:30,oct-6-binance-alpha-users-claim-lyn-alpha-points,publish,https://coincu.com/oct-6-binance-alpha-users-claim-lyn-alpha-points,8,3,0,0,keep,has_backlink
366500,2025-10-04T08:01:52,oct-5-binance-alpha-users-claim-cypr-alpha-points,publish,https://coincu.com/oct-5-binance-alpha-users-claim-cypr-alpha-points,9,3,0,0,keep,has_backlink
366493,2025-10-04T07:28:21,uk-fca-crypto-etn-ban-lift,publish,https://coincu.com/uk-fca-crypto-etn-ban-lift,7,4,0,0,keep,has_backlink
366490,2025-10-04T07:00:31,shibarium-recovery-relaunch-compensation-plans,publish,https://coincu.com/shibarium-recovery-relaunch-compensation-plans,20,5,0,0,keep,has_backlink
366483,2025-10-04T04:58:11,us-shutdown-treasury-option-volatility,publish,https://coincu.com/us-shutdown-treasury-option-volatility,15,4,0,0,keep,has_backlink
366480,2025-10-04T04:28:59,asia-pacific-stablecoin-boom,publish,https://coincu.com/asia-pacific-stablecoin-boom,18,5,0,0,keep,has_backlink
366477,2025-10-04T03:58:56,30-crypto-etf-sec-filings,publish,https://coincu.com/30-crypto-etf-sec-filings,14,6,0,0,keep,has_backlink
366474,2025-10-04T03:28:15,walmart-onepay-crypto-services-2025,publish,https://coincu.com/walmart-onepay-crypto-services-2025,10,4,0,0,keep,has_backlink
366471,2025-10-04T02:59:49,metamask-points-decentralization-rewards,publish,https://coincu.com/metamask-points-decentralization-rewards,13,4,0,0,keep,has_backlink
366451,2025-10-04T02:29:21,metamask-rewards-program-swap-bridging,publish,https://coincu.com/metamask-rewards-program-swap-bridging,8,2,0,0,keep,has_backlink
366448,2025-10-04T01:58:31,binance-morpho-airdrop-defi-opportunities,publish,https://coincu.com/binance-morpho-airdrop-defi-opportunities,9,3,0,0,keep,has_backlink
366443,2025-10-04T00:59:29,bored-ape-nfts-not-securities,publish,https://coincu.com/bored-ape-nfts-not-securities,18,5,0,0,keep,has_backlink
366440,2025-10-04T00:28:28,us-senate-funding-bill-failure,publish,https://coincu.com/us-senate-funding-bill-failure,31,7,0,0,keep,has_backlink
366437,2025-10-03T23:58:42,goldman-sachs-jobless-claims-rise,publish,https://coincu.com/goldman-sachs-jobless-claims-rise,7,1,0,0,keep,has_backlink
366434,2025-10-03T23:28:11,federal-reserve-september-unemployment-estimate,publish,https://coincu.com/federal-reserve-september-unemployment-estimate,17,4,0,0,keep,has_backlink
366431,2025-10-03T22:58:53,china-ai-enterprises-growth-2025,publish,https://coincu.com/china-ai-enterprises-growth-2025,43,5,0,0,keep,has_backlink
366380,2025-10-03T20:30:00,heres-why-experts-believe-blockchainfx-is-set-to-rival-ethereum-and-tron-as-the-best-crypto-to-buy-in-2025,publish,https://coincu.com/heres-why-experts-believe-blockchainfx-is-set-to-rival-ethereum-and-tron-as-the-best-crypto-to-buy-in-2025,10,2,0,0,keep,has_backlink
366411,2025-10-03T20:00:07,200m-liquidity-sits-above-200-opportunity,publish,https://coincu.com/200m-liquidity-sits-above-200-opportunity,9,3,0,0,keep,has_backlink
366419,2025-10-03T19:59:55,strategy-bitcoin-holdings-exceed-banks,publish,https://coincu.com/strategy-bitcoin-holdings-exceed-banks,13,4,0,0,keep,has_backlink
366405,2025-10-03T17:59:33,unverified-trump-statement-gaza,publish,https://coincu.com/unverified-trump-statement-gaza,8,3,0,0,keep,has_backlink
366379,2025-10-03T15:30:35,bitcoin-stability-etf-inflows,publish,https://coincu.com/bitcoin-stability-etf-inflows,11,4,0,0,keep,has_backlink
366361,2025-10-03T15:04:53,btc-breakout-sparks-rally,publish,https://coincu.com/btc-breakout-sparks-rally,19,5,0,0,keep,has_backlink
366371,2025-10-03T15:01:09,binance-morpho-integration-airdrop,publish,https://coincu.com/binance-morpho-integration-airdrop,11,4,0,0,keep,has_backlink
366358,2025-10-03T14:29:47,federal-reserve-milan-data-importance,publish,https://coincu.com/federal-reserve-milan-data-importance,10,3,0,0,keep,has_backlink
366316,2025-10-03T11:59:49,floki-price-prediction-as-token-secures,publish,https://coincu.com/floki-price-prediction-as-token-secures,10,3,0,0,keep,has_backlink
366322,2025-10-03T11:28:59,walmart-onepay-crypto-services,publish,https://coincu.com/walmart-onepay-crypto-services,12,3,0,0,keep,has_backlink
366315,2025-10-03T10:29:50,nomura-japan-crypto-expansion,publish,https://coincu.com/nomura-japan-crypto-expansion,12,3,0,0,keep,has_backlink
366304,2025-10-03T09:56:32,dogecoin-still-in-accumulation-zone-is-a,publish,https://coincu.com/dogecoin-still-in-accumulation-zone-is-a,29,6,0,0,keep,has_backlink
366302,2025-10-03T09:29:40,us-labor-data-fed-rate-cut,publish,https://coincu.com/us-labor-data-fed-rate-cut,16,4,0,0,keep,has_backlink
366284,2025-10-03T08:43:00,streamflow-generates-record-280000-in-september-as-stream-stakers-earn-over-62800,publish,https://coincu.com/streamflow-generates-record-280000-in-september-as-stream-stakers-earn-over-62800,4,1,0,0,keep,has_backlink
366270,2025-10-03T08:24:53,bnb-breaks-all-time-high-above-1100,publish,https://coincu.com/bnb-breaks-all-time-high-above-1100,19,4,0,0,keep,has_backlink
366226,2025-10-03T08:11:08,will-link-47-level-be-next-as-chainlink,publish,https://coincu.com/will-link-47-level-be-next-as-chainlink,16,3,0,0,keep,has_backlink
366276,2025-10-03T07:59:41,labor-statistics-shutdown-delays-data,publish,https://coincu.com/labor-statistics-shutdown-delays-data,24,5,0,0,keep,has_backlink
366263,2025-10-03T07:28:54,base-delays-token-release-2025,publish,https://coincu.com/base-delays-token-release-2025,17,5,0,0,keep,has_backlink
366258,2025-10-03T06:58:44,global-fund-inflows-cryptocurrency-interest,publish,https://coincu.com/global-fund-inflows-cryptocurrency-interest,15,5,0,0,keep,has_backlink
366214,2025-10-03T06:57:25,q3-recap,publish,https://coincu.com/q3-recap,7,3,0,0,keep,has_backlink
366225,2025-10-03T05:59:09,stablecoin-market-cap-300-billion,publish,https://coincu.com/stablecoin-market-cap-300-billion,14,2,0,0,keep,has_backlink
366222,2025-10-03T05:28:48,us-senate-vote-government-funding,publish,https://coincu.com/us-senate-vote-government-funding,7,3,0,0,keep,has_backlink
366218,2025-10-03T04:59:12,unity-patches-android-vulnerability,publish,https://coincu.com/unity-patches-android-vulnerability,10,4,0,0,keep,has_backlink
366213,2025-10-03T04:29:27,market-volatility-unverified-shutdown-reports,publish,https://coincu.com/market-volatility-unverified-shutdown-reports,4,2,0,0,keep,has_backlink
366210,2025-10-03T03:59:43,us-treasury-bitcoin-tax-changes,publish,https://coincu.com/us-treasury-bitcoin-tax-changes,14,4,0,0,keep,has_backlink
366207,2025-10-03T03:29:14,bnb-market-cap-hits-historical-high,publish,https://coincu.com/bnb-market-cap-hits-historical-high,9,3,0,0,keep,has_backlink
366204,2025-10-03T03:20:24,australian-crypto-convention-2025,publish,https://coincu.com/australian-crypto-convention-2025,11,6,0,0,keep,has_backlink
366196,2025-10-03T01:59:43,cme-group-record-crypto-volume,publish,https://coincu.com/cme-group-record-crypto-volume,14,4,0,0,keep,has_backlink
366193,2025-10-03T01:30:35,white-house-cftc-chairman-search,publish,https://coincu.com/white-house-cftc-chairman-search,15,3,0,0,keep,has_backlink
366190,2025-10-03T00:59:16,solana-treasury-dat-innovation,publish,https://coincu.com/solana-treasury-dat-innovation,11,4,0,0,keep,has_backlink
366184,2025-10-02T23:59:53,sidekick-binance-launch-trade-rush,publish,https://coincu.com/sidekick-binance-launch-trade-rush,24,4,0,0,keep,has_backlink
366181,2025-10-02T23:30:05,moonbirds-birb-token-solana-launch,publish,https://coincu.com/moonbirds-birb-token-solana-launch,35,4,0,0,keep,has_backlink
366178,2025-10-02T23:00:42,binance-kazakhstan-crypto-integration,publish,https://coincu.com/binance-kazakhstan-crypto-integration,8,3,0,0,keep,has_backlink
366165,2025-10-02T22:17:23,chainlink-dips-can-21-27-hold-as-wave-4,publish,https://coincu.com/chainlink-dips-can-21-27-hold-as-wave-4,11,4,0,0,keep,has_backlink
366170,2025-10-02T21:58:58,plasma-ceo-denies-xpl-sales-rumors,publish,https://coincu.com/plasma-ceo-denies-xpl-sales-rumors,11,4,0,0,keep,has_backlink
366160,2025-10-02T21:29:04,aptos-labs-launches-petra-vault,publish,https://coincu.com/aptos-labs-launches-petra-vault,18,8,0,0,keep,has_backlink
366157,2025-10-02T21:00:20,upbit-doublezero-2z-launch,publish,https://coincu.com/upbit-doublezero-2z-launch,18,6,0,0,keep,has_backlink
366154,2025-10-02T20:30:59,bitcoin-surges-solana-trade-volume,publish,https://coincu.com/bitcoin-surges-solana-trade-volume,7,2,0,0,keep,has_backlink
366151,2025-10-02T19:59:12,tether-launches-usat-stablecoin,publish,https://coincu.com/tether-launches-usat-stablecoin,10,4,0,0,keep,has_backlink
366148,2025-10-02T19:29:33,polymarket-reentry-us-market-cftc-clearance,publish,https://coincu.com/polymarket-reentry-us-market-cftc-clearance,7,3,0,0,keep,has_backlink
366145,2025-10-02T19:00:21,nubank-us-charter-crypto-expansion,publish,https://coincu.com/nubank-us-charter-crypto-expansion,10,3,0,0,keep,has_backlink
366105,2025-10-02T18:00:00,from-old-giant-to-next-gen-super-app-binance-vs-blockchainfx-which-is-the-top-crypto-to-invest-in-now,publish,https://coincu.com/from-old-giant-to-next-gen-super-app-binance-vs-blockchainfx-which-is-the-top-crypto-to-invest-in-now,7,2,0,0,keep,has_backlink
366139,2025-10-02T17:59:50,base-singapore-dollar-stablecoin-launch,publish,https://coincu.com/base-singapore-dollar-stablecoin-launch,14,4,0,0,keep,has_backlink
366135,2025-10-02T17:29:39,strive-semler-bitcoin-treasury-merger,publish,https://coincu.com/strive-semler-bitcoin-treasury-merger,16,5,0,0,keep,has_backlink
366119,2025-10-02T17:00:09,bitcoin-stabilization-etf-fund-resurgence,publish,https://coincu.com/bitcoin-stabilization-etf-fund-resurgence,22,5,0,0,keep,has_backlink
366085,2025-10-02T16:49:39,xrp-set-for-impulsive-move-toward-4-13,publish,https://coincu.com/xrp-set-for-impulsive-move-toward-4-13,10,4,0,0,keep,has_backlink
366084,2025-10-02T16:30:56,citibank-price-targets-bitcoin-ethereum,publish,https://coincu.com/citibank-price-targets-bitcoin-ethereum,4,1,4,44,keep,has_backlink|has_gsc_3m
366051,2025-10-02T07:01:09,codego-launches-whitelabel-devices-bringing-tokens-into-daily-life,publish,https://coincu.com/codego-launches-whitelabel-devices-bringing-tokens-into-daily-life,4,1,0,0,keep,has_backlink
366030,2025-10-01T20:58:17,sui-surges-above-3-37-resistance,publish,https://coincu.com/sui-surges-above-3-37-resistance,18,4,0,0,keep,has_backlink
366019,2025-10-01T17:46:15,solo-leveling-levels-up-korean-billion-dollar-megafranchise-goes-onchain-with-story,publish,https://coincu.com/solo-leveling-levels-up-korean-billion-dollar-megafranchise-goes-onchain-with-story,9,1,0,0,keep,has_backlink
365999,2025-10-01T14:28:22,mubite-and-bybit-host-landmark-crypto-prop-trading-tournament-in-prague,publish,https://coincu.com/mubite-and-bybit-host-landmark-crypto-prop-trading-tournament-in-prague,1,1,0,0,keep,has_backlink
365970,2025-10-01T14:07:22,solana-holds-above-205-targeting-230,publish,https://coincu.com/solana-holds-above-205-targeting-230,6,2,0,0,keep,has_backlink
365944,2025-10-01T12:56:21,polkadot-sui-etfs-appear-on-dtcc,publish,https://coincu.com/polkadot-sui-etfs-appear-on-dtcc,4,1,0,0,keep,has_backlink
365961,2025-10-01T12:51:46,simplefx-relaunches-first-deposit-bonus,publish,https://coincu.com/simplefx-relaunches-first-deposit-bonus,2,1,0,0,keep,has_backlink
365927,2025-10-01T12:17:00,bnb-surges-above-1000-targeting-3000,publish,https://coincu.com/bnb-surges-above-1000-targeting-3000,7,2,205,563,keep,has_backlink|has_gsc_3m
365887,2025-10-01T08:34:54,oct-11-gate-alpha-users-claim-strike-alpha-points,publish,https://coincu.com/oct-11-gate-alpha-users-claim-strike-alpha-points,11,1,0,0,keep,has_backlink
365884,2025-10-01T08:29:34,october-gate-alpha-users-claim-strike-with-alpha-points,publish,https://coincu.com/october-gate-alpha-users-claim-strike-with-alpha-points,12,2,0,0,keep,has_backlink
365878,2025-10-01T08:00:14,institutional-crypto-investment-2025,publish,https://coincu.com/institutional-crypto-investment-2025,23,6,0,0,keep,has_backlink
365865,2025-10-01T07:44:29,btc-breaks-114k-etfs-fuel-massive-rally,publish,https://coincu.com/btc-breaks-114k-etfs-fuel-massive-rally,18,5,0,0,keep,has_backlink
365864,2025-10-01T07:28:47,us-government-shutdown-economic-report-delays,publish,https://coincu.com/us-government-shutdown-economic-report-delays,13,4,0,0,keep,has_backlink
365857,2025-10-01T07:24:50,metaplanet-acquires-additional-5268-btc,publish,https://coincu.com/metaplanet-acquires-additional-5268-btc,10,4,0,0,keep,has_backlink
365856,2025-10-01T06:59:43,metaplanet-japan-increases-bitcoin-holdings,publish,https://coincu.com/metaplanet-japan-increases-bitcoin-holdings,6,2,0,0,keep,has_backlink
365841,2025-10-01T06:50:01,x1-ecochain-driving-the-next-wave-of-green-depin-infrastructure-with-x1nodes,publish,https://coincu.com/x1-ecochain-driving-the-next-wave-of-green-depin-infrastructure-with-x1nodes,8,4,0,0,keep,has_backlink
365845,2025-10-01T06:41:41,oct-3-binance-alpha-users-claim-p-alpha-points,publish,https://coincu.com/oct-3-binance-alpha-users-claim-p-alpha-points,6,3,0,0,keep,has_backlink
365835,2025-10-01T06:11:19,oct-3-binance-alpha-users-claim-evaa-alpha-points,publish,https://coincu.com/oct-3-binance-alpha-users-claim-evaa-alpha-points,7,3,0,0,keep,has_backlink
365829,2025-10-01T05:58:58,okx-ceo-promotes-self-custody-token2049,publish,https://coincu.com/okx-ceo-promotes-self-custody-token2049,6,4,0,0,keep,has_backlink
365826,2025-10-01T05:29:30,hayes-warns-france-capital-crisis,publish,https://coincu.com/hayes-warns-france-capital-crisis,9,5,0,0,keep,has_backlink
365818,2025-10-01T05:26:41,bulls-poised-to-squeeze-ton-shorts-after,publish,https://coincu.com/bulls-poised-to-squeeze-ton-shorts-after,6,3,0,0,keep,has_backlink
365807,2025-10-01T03:58:38,sec-blockchain-stock-trading-plan-2,publish,https://coincu.com/sec-blockchain-stock-trading-plan-2,4,2,0,0,keep,has_backlink
365803,2025-10-01T03:45:29,1inch-rebrands-to-reflect-broader-mission-uniting-defi-and-global-finance,publish,https://coincu.com/1inch-rebrands-to-reflect-broader-mission-uniting-defi-and-global-finance,3,1,0,0,keep,has_backlink
365800,2025-10-01T03:29:43,bitmine-ethereum-expansion-tom-lee,publish,https://coincu.com/bitmine-ethereum-expansion-tom-lee,14,7,0,0,keep,has_backlink
365797,2025-10-01T02:59:18,fed-interest-rate-cut-expected,publish,https://coincu.com/fed-interest-rate-cut-expected,15,4,0,0,keep,has_backlink
365787,2025-10-01T02:28:54,binance-announces-caas-model-institutional,publish,https://coincu.com/binance-announces-caas-model-institutional,6,3,0,0,keep,has_backlink
365784,2025-10-01T02:00:17,senate-vote-government-reopening,publish,https://coincu.com/senate-vote-government-reopening,15,4,0,0,keep,has_backlink
365781,2025-10-01T01:27:46,sec-blockchain-stock-trading-plan,publish,https://coincu.com/sec-blockchain-stock-trading-plan,6,5,0,0,keep,has_backlink
365778,2025-10-01T00:58:45,solana-spot-etf-approval-pending,publish,https://coincu.com/solana-spot-etf-approval-pending,10,5,0,0,keep,has_backlink
365775,2025-10-01T00:30:56,white-house-government-shutdown-impact,publish,https://coincu.com/white-house-government-shutdown-impact,19,7,0,0,keep,has_backlink
365769,2025-09-30T23:27:57,ig-group-fca-crypto-license,publish,https://coincu.com/ig-group-fca-crypto-license,6,3,0,0,keep,has_backlink
365766,2025-09-30T22:58:24,kulr-atm-offering-reduction,publish,https://coincu.com/kulr-atm-offering-reduction,7,3,0,0,keep,has_backlink
365763,2025-09-30T21:59:46,qualigen-raises-41-million-web3-shift,publish,https://coincu.com/qualigen-raises-41-million-web3-shift,9,3,0,0,keep,has_backlink
365738,2025-09-30T19:32:31,stripe-launches-open-issuance-for-custom,publish,https://coincu.com/stripe-launches-open-issuance-for-custom,10,4,0,0,keep,has_backlink
365751,2025-09-30T18:58:48,wormhole-reserve-tokenomics-reform,publish,https://coincu.com/wormhole-reserve-tokenomics-reform,22,6,0,0,keep,has_backlink
365747,2025-09-30T18:50:06,the-sandbox-ceo-robby-yung-unveils-vision-with-new-ai-web3-and-mobile-initiatives,publish,https://coincu.com/the-sandbox-ceo-robby-yung-unveils-vision-with-new-ai-web3-and-mobile-initiatives,8,1,0,0,keep,has_backlink
365744,2025-09-30T18:28:25,sec-stocks-trading-blockchain,publish,https://coincu.com/sec-stocks-trading-blockchain,9,3,0,0,keep,has_backlink
365741,2025-09-30T18:01:43,federal-reserve-2025-policy-easing,publish,https://coincu.com/federal-reserve-2025-policy-easing,10,4,0,0,keep,has_backlink
365737,2025-09-30T17:28:04,pendle-penpie-ethereum-hack-recovery,publish,https://coincu.com/pendle-penpie-ethereum-hack-recovery,27,11,0,0,keep,has_backlink
365734,2025-09-30T16:59:40,us-govt-shutdown-employee-furloughs,publish,https://coincu.com/us-govt-shutdown-employee-furloughs,12,3,0,0,keep,has_backlink
365693,2025-09-30T16:36:53,mnt-targets-breakout-to-3-00-and-beyond,publish,https://coincu.com/mnt-targets-breakout-to-3-00-and-beyond,10,3,0,0,keep,has_backlink
365727,2025-09-30T16:29:40,visa-stablecoin-cross-border-payments,publish,https://coincu.com/visa-stablecoin-cross-border-payments,7,2,0,0,keep,has_backlink
365681,2025-09-30T16:00:00,stablecoin-inflows-hit-46b-why-blockchainfx-with-1000x-potential-crowned-as-the-best-crypto-to-buy,publish,https://coincu.com/stablecoin-inflows-hit-46b-why-blockchainfx-with-1000x-potential-crowned-as-the-best-crypto-to-buy,7,1,0,0,keep,has_backlink
365696,2025-09-30T15:59:13,bloomberg-tokenized-stocks-etf-comparison,publish,https://coincu.com/bloomberg-tokenized-stocks-etf-comparison,8,2,0,0,keep,has_backlink
365679,2025-09-30T15:29:07,us-government-shutdown-odds-kalshi,publish,https://coincu.com/us-government-shutdown-odds-kalshi,19,4,0,0,keep,has_backlink
365674,2025-09-30T15:00:27,robinhood-offshore-prediction-markets,publish,https://coincu.com/robinhood-offshore-prediction-markets,9,2,0,0,keep,has_backlink
365659,2025-09-30T14:30:21,us-labor-jobless-claims-shutdown,publish,https://coincu.com/us-labor-jobless-claims-shutdown,23,5,0,0,keep,has_backlink
365645,2025-09-30T13:59:49,wormhole-launches-token-reserve,publish,https://coincu.com/wormhole-launches-token-reserve,11,4,0,0,keep,has_backlink
365610,2025-09-30T13:30:06,solana-holds-above-205-support-with-target-of-240-250-resistance-zone,publish,https://coincu.com/solana-holds-above-205-support-with-target-of-240-250-resistance-zone,7,3,0,0,keep,has_backlink
365635,2025-09-30T13:29:19,sec-stock-trading-crypto-rumors,publish,https://coincu.com/sec-stock-trading-crypto-rumors,8,4,0,0,keep,has_backlink
365617,2025-09-30T12:59:38,us-government-shutdown-permanent-layoffs,publish,https://coincu.com/us-government-shutdown-permanent-layoffs,8,4,0,0,keep,has_backlink
365608,2025-09-30T12:00:00,qian-zhimin-guilty-crypto-laundering,publish,https://coincu.com/qian-zhimin-guilty-crypto-laundering,6,2,0,0,keep,has_backlink
365601,2025-09-30T11:47:58,chainlink-and-swift-unlock-tokenized,publish,https://coincu.com/chainlink-and-swift-unlock-tokenized,11,4,0,0,keep,has_backlink
365600,2025-09-30T11:28:10,federal-reserve-balance-sheet-policy,publish,https://coincu.com/federal-reserve-balance-sheet-policy,6,2,0,0,keep,has_backlink
365592,2025-09-30T11:17:54,doge-hits-buy-wall-is-0-25-next-target,publish,https://coincu.com/doge-hits-buy-wall-is-0-25-next-target,7,3,0,0,keep,has_backlink
365590,2025-09-30T11:05:06,aug-4-binance-alpha-claim-dark-200-points,publish,https://coincu.com/aug-4-binance-alpha-claim-dark-200-points,9,3,0,0,keep,has_backlink
365588,2025-09-30T10:59:53,eu-considers-multi-issuer-stablecoin-ban,publish,https://coincu.com/eu-considers-multi-issuer-stablecoin-ban,12,3,0,0,keep,has_backlink
365585,2025-09-30T10:28:29,us-government-shutdown-risk-rise,publish,https://coincu.com/us-government-shutdown-risk-rise,13,4,0,0,keep,has_backlink
365582,2025-09-30T09:58:08,polymarket-us-shutdown-odds-rise,publish,https://coincu.com/polymarket-us-shutdown-odds-rise,12,2,0,0,keep,has_backlink
365552,2025-09-30T09:29:27,ltc-breakout-imminent,publish,https://coincu.com/ltc-breakout-imminent,19,5,0,0,keep,has_backlink
365564,2025-09-30T09:28:14,ethereum-bitmine-discussion-unverified,publish,https://coincu.com/ethereum-bitmine-discussion-unverified,13,4,0,0,keep,has_backlink
365547,2025-09-30T09:13:44,binance-altcoin-volume-share-hits-record,publish,https://coincu.com/binance-altcoin-volume-share-hits-record,15,4,0,0,keep,has_backlink
365546,2025-09-30T08:59:36,binance-margin-pair-removal-october-2025,publish,https://coincu.com/binance-margin-pair-removal-october-2025,11,2,0,0,keep,has_backlink
365537,2025-09-30T08:50:47,pump-breaks-resistance,publish,https://coincu.com/pump-breaks-resistance,13,3,0,0,keep,has_backlink
365523,2025-09-30T08:18:02,bydfi-highlights-buidl-ethos-during-newcastle-united-match-against-arsenal,publish,https://coincu.com/bydfi-highlights-buidl-ethos-during-newcastle-united-match-against-arsenal,5,1,0,0,keep,has_backlink
365518,2025-09-30T07:59:28,visa-stablecoins-cross-border-payments-pilot,publish,https://coincu.com/visa-stablecoins-cross-border-payments-pilot,12,4,0,0,keep,has_backlink
365515,2025-09-30T07:29:00,blackrock-bitcoin-etf-volume-rise,publish,https://coincu.com/blackrock-bitcoin-etf-volume-rise,15,4,0,0,keep,has_backlink
365512,2025-09-30T06:59:35,sec-withdraws-crypto-etf-filings,publish,https://coincu.com/sec-withdraws-crypto-etf-filings,8,2,0,0,keep,has_backlink
365509,2025-09-30T06:29:14,senate-bill-game-assets-regulation,publish,https://coincu.com/senate-bill-game-assets-regulation,13,4,0,0,keep,has_backlink
365506,2025-09-30T06:03:12,oct-15-binance-alpha-claim-dark-200-points,publish,https://coincu.com/oct-15-binance-alpha-claim-dark-200-points,12,3,0,0,keep,has_backlink
365504,2025-09-30T05:58:40,cftc-sec-crypto-harmonization,publish,https://coincu.com/cftc-sec-crypto-harmonization,11,3,0,0,keep,has_backlink
365501,2025-09-30T05:29:15,us-government-shutdown-crypto-impact,publish,https://coincu.com/us-government-shutdown-crypto-impact,16,5,0,0,keep,has_backlink
365498,2025-09-30T04:58:10,andre-cronje-flying-tulip-token-sale,publish,https://coincu.com/andre-cronje-flying-tulip-token-sale,14,3,0,0,keep,has_backlink
365495,2025-09-30T04:29:58,sec-crypto-regulation-plans,publish,https://coincu.com/sec-crypto-regulation-plans,22,5,0,0,keep,has_backlink
365491,2025-09-30T02:59:46,poland-strict-crypto-bill-senate,publish,https://coincu.com/poland-strict-crypto-bill-senate,32,5,0,0,keep,has_backlink
365487,2025-09-30T02:29:25,qian-zhimin-crypto-laundering-case,publish,https://coincu.com/qian-zhimin-crypto-laundering-case,38,6,0,0,keep,has_backlink
365484,2025-09-30T01:59:28,uk-us-taskforce-crypto-regulation,publish,https://coincu.com/uk-us-taskforce-crypto-regulation,24,4,0,0,keep,has_backlink
365481,2025-09-30T01:28:18,ice-raid-texas-bitcoin-facility,publish,https://coincu.com/ice-raid-texas-bitcoin-facility,21,3,0,0,keep,has_backlink
365478,2025-09-30T00:59:01,us-shutdown-congress-deadline,publish,https://coincu.com/us-shutdown-congress-deadline,22,3,0,0,keep,has_backlink
365475,2025-09-30T00:29:11,turkey-expands-financial-crime-powers,publish,https://coincu.com/turkey-expands-financial-crime-powers,18,4,0,0,keep,has_backlink
365472,2025-09-29T23:59:35,senate-vote-avert-shutdown,publish,https://coincu.com/senate-vote-avert-shutdown,17,3,0,0,keep,has_backlink
365469,2025-09-29T23:27:31,sec-cftc-cryptocurrency-regulation,publish,https://coincu.com/sec-cftc-cryptocurrency-regulation,23,4,0,0,keep,has_backlink
365466,2025-09-29T22:59:13,binance-launches-ca-service,publish,https://coincu.com/binance-launches-ca-service,18,2,0,0,keep,has_backlink
365463,2025-09-29T22:28:38,webx-hashkey-bitcoin-accumulation,publish,https://coincu.com/webx-hashkey-bitcoin-accumulation,13,3,0,0,keep,has_backlink
365460,2025-09-29T21:59:12,ethereum-gas-fees-surge-falcon-airdrop,publish,https://coincu.com/ethereum-gas-fees-surge-falcon-airdrop,9,4,0,0,keep,has_backlink
365454,2025-09-29T20:59:45,senate-stopgap-prevents-shutdown,publish,https://coincu.com/senate-stopgap-prevents-shutdown,15,5,0,0,keep,has_backlink
365451,2025-09-29T20:30:26,stablecoin-regulation-federal-reserve-occ,publish,https://coincu.com/stablecoin-regulation-federal-reserve-occ,23,3,0,0,keep,has_backlink
365446,2025-09-29T20:18:30,sec-suspends-trading-in-qmmm-after-stock,publish,https://coincu.com/sec-suspends-trading-in-qmmm-after-stock,10,3,4,43,keep,has_backlink|has_gsc_3m
365442,2025-09-29T19:28:42,blackrock-threatens-offshore-exchanges,publish,https://coincu.com/blackrock-threatens-offshore-exchanges,20,9,0,0,keep,has_backlink
365439,2025-09-29T18:58:29,us-shutdown-talks-crypto-risk,publish,https://coincu.com/us-shutdown-talks-crypto-risk,10,4,0,0,keep,has_backlink
365436,2025-09-29T18:28:36,fed-williams-advocates-rate-cuts,publish,https://coincu.com/fed-williams-advocates-rate-cuts,13,6,0,0,keep,has_backlink
365431,2025-09-29T17:59:24,zhao-changpeng-alleged-crypto-remarks,publish,https://coincu.com/zhao-changpeng-alleged-crypto-remarks,8,3,0,0,keep,has_backlink
365425,2025-09-29T17:29:14,us-government-shutdown-economic-data,publish,https://coincu.com/us-government-shutdown-economic-data,12,3,0,0,keep,has_backlink
365418,2025-09-29T17:00:04,flying-tulip-secures-200m-seed-funding,publish,https://coincu.com/flying-tulip-secures-200m-seed-funding,11,3,0,0,keep,has_backlink
365399,2025-09-29T16:28:36,andre-cronje-raises-200m-flying-tulip,publish,https://coincu.com/andre-cronje-raises-200m-flying-tulip,17,3,0,0,keep,has_backlink
365396,2025-09-29T15:59:54,us-shutdown-stalls-economic-data,publish,https://coincu.com/us-shutdown-stalls-economic-data,18,3,8,47,keep,has_backlink|has_gsc_3m
365390,2025-09-29T15:01:01,sec-withdraws-crypto-etf-applications,publish,https://coincu.com/sec-withdraws-crypto-etf-applications,7,3,0,0,keep,has_backlink
365376,2025-09-29T14:22:10,bnb-bulls-target-1050-to-1080,publish,https://coincu.com/bnb-bulls-target-1050-to-1080,12,3,0,0,keep,has_backlink
365360,2025-09-29T13:48:14,solana-etf-approval-soon,publish,https://coincu.com/solana-etf-approval-soon,7,2,0,0,keep,has_backlink
365354,2025-09-29T12:58:52,metamask-launches-perp-dex-rewards-2,publish,https://coincu.com/metamask-launches-perp-dex-rewards-2,6,2,0,0,keep,has_backlink
365346,2025-09-29T12:29:16,metamask-launches-perp-dex-rewards,publish,https://coincu.com/metamask-launches-perp-dex-rewards,5,3,0,0,keep,has_backlink
365338,2025-09-29T12:04:41,wbtc-strengthens-its-role-as-multichain-standard-for-bitcoin-in-defi,publish,https://coincu.com/wbtc-strengthens-its-role-as-multichain-standard-for-bitcoin-in-defi,27,1,0,0,keep,has_backlink
365335,2025-09-29T12:03:26,oct-1-binance-alpha-users-claim-truth-alpha-points,publish,https://coincu.com/oct-1-binance-alpha-users-claim-truth-alpha-points,9,4,0,0,keep,has_backlink
365333,2025-09-29T11:59:35,poland-sejm-crypto-act-passed,publish,https://coincu.com/poland-sejm-crypto-act-passed,11,3,0,0,keep,has_backlink
365326,2025-09-29T11:28:42,bitmine-immersion-ethereum-acquisition,publish,https://coincu.com/bitmine-immersion-ethereum-acquisition,8,5,0,0,keep,has_backlink
365313,2025-09-29T11:00:00,dubai-to-welcome-2000-global-ai-and-tech-leaders-at-the-inaugural-date-mena-this-november,publish,https://coincu.com/dubai-to-welcome-2000-global-ai-and-tech-leaders-at-the-inaugural-date-mena-this-november,4,1,0,0,keep,has_backlink
365323,2025-09-29T10:58:11,beth-hammack-inflation-forecast,publish,https://coincu.com/beth-hammack-inflation-forecast,11,5,0,0,keep,has_backlink
365320,2025-09-29T10:28:12,deapseek-v32-exp-release,publish,https://coincu.com/deapseek-v32-exp-release,7,4,0,0,keep,has_backlink
365303,2025-09-29T09:31:44,is-eth-about-to-boom-reserves-are,publish,https://coincu.com/is-eth-about-to-boom-reserves-are,11,6,0,0,keep,has_backlink
365309,2025-09-29T09:30:52,bithumb-confirms-fluid-cudis-listings,publish,https://coincu.com/bithumb-confirms-fluid-cudis-listings,26,6,0,0,keep,has_backlink
365302,2025-09-29T08:59:34,humidifi-solana-dex-5-57b-volume,publish,https://coincu.com/humidifi-solana-dex-5-57b-volume,15,4,0,0,keep,has_backlink
365289,2025-09-29T07:59:13,citigroup-stablecoin-prediction-2030-2,publish,https://coincu.com/citigroup-stablecoin-prediction-2030-2,10,4,0,0,keep,has_backlink
365254,2025-09-29T06:00:06,xrp-tests-support-after-double-bottom,publish,https://coincu.com/xrp-tests-support-after-double-bottom,9,3,0,0,keep,has_backlink
365262,2025-09-29T05:58:52,sec-semiannual-reporting-proposal,publish,https://coincu.com/sec-semiannual-reporting-proposal,20,4,0,0,keep,has_backlink
365253,2025-09-29T05:28:24,blue-sky-grid-bitcoin-trial-uk,publish,https://coincu.com/blue-sky-grid-bitcoin-trial-uk,18,4,0,0,keep,has_backlink
365250,2025-09-29T04:59:16,qnb-jpmorgan-blockchain-payments,publish,https://coincu.com/qnb-jpmorgan-blockchain-payments,25,4,0,0,keep,has_backlink
365240,2025-09-29T03:57:45,crypto-influencer-buy-hypurr-nfts,publish,https://coincu.com/crypto-influencer-buy-hypurr-nfts,31,6,0,0,keep,has_backlink
365237,2025-09-29T03:28:41,binance-aster-bnb-market-dynamics,publish,https://coincu.com/binance-aster-bnb-market-dynamics,32,5,0,0,keep,has_backlink
365230,2025-09-29T02:58:19,solana-remove-cu-limit,publish,https://coincu.com/solana-remove-cu-limit,22,5,0,0,keep,has_backlink
365218,2025-09-29T02:28:50,multiple-network-mtp-token-swap,publish,https://coincu.com/multiple-network-mtp-token-swap,51,9,0,0,keep,has_backlink
365213,2025-09-29T02:21:38,mitchell-demeter-appointed-ceo-of-sonic-labs-to-drive-global-growth-and-institutional-expansion,publish,https://coincu.com/mitchell-demeter-appointed-ceo-of-sonic-labs-to-drive-global-growth-and-institutional-expansion,6,1,0,0,keep,has_backlink
365210,2025-09-29T01:58:59,crypto-sentiment-index-neutral-50,publish,https://coincu.com/crypto-sentiment-index-neutral-50,39,7,0,0,keep,has_backlink
365206,2025-09-29T01:48:50,true-global-ventures-portfolio-company-gcex-group-acquires-global-block-to-accelerate-growth-amongst-wealth-asset-managers,publish,https://coincu.com/true-global-ventures-portfolio-company-gcex-group-acquires-global-block-to-accelerate-growth-amongst-wealth-asset-managers,3,1,0,0,keep,has_backlink
365203,2025-09-29T01:29:07,token-unlock-op-sui-market-impact,publish,https://coincu.com/token-unlock-op-sui-market-impact,31,5,0,0,keep,has_backlink
365200,2025-09-29T00:57:53,softbank-ark-investments-tether-fundraising,publish,https://coincu.com/softbank-ark-investments-tether-fundraising,39,11,0,0,keep,has_backlink
365197,2025-09-28T23:58:15,babylon-reduces-inflation-new-program,publish,https://coincu.com/babylon-reduces-inflation-new-program,41,8,0,0,keep,has_backlink
365194,2025-09-28T23:28:09,qian-zhimin-bitcoin-laundering-trial,publish,https://coincu.com/qian-zhimin-bitcoin-laundering-trial,39,4,0,0,keep,has_backlink
365191,2025-09-28T22:58:09,cathie-wood-hyperliquid-solana-insights,publish,https://coincu.com/cathie-wood-hyperliquid-solana-insights,37,5,0,0,keep,has_backlink
365188,2025-09-28T22:27:37,coinup-nasdaq-times-square,publish,https://coincu.com/coinup-nasdaq-times-square,31,6,0,0,keep,has_backlink
365185,2025-09-28T21:28:17,aster-binance-dynamic-bnb-ecosystem-impact,publish,https://coincu.com/aster-binance-dynamic-bnb-ecosystem-impact,26,5,0,0,keep,has_backlink
365182,2025-09-28T20:57:49,tim-cook-crypto-assets,publish,https://coincu.com/tim-cook-crypto-assets,31,8,0,0,keep,has_backlink
365179,2025-09-28T20:27:36,tim-cook-bitcoin-ethereum-holding,publish,https://coincu.com/tim-cook-bitcoin-ethereum-holding,23,7,0,0,keep,has_backlink
365176,2025-09-28T19:58:48,mira-network-airdrop-site-inaccessible,publish,https://coincu.com/mira-network-airdrop-site-inaccessible,11,4,0,0,keep,has_backlink
365173,2025-09-28T19:28:34,theta-capital-200m-blockchain-fund,publish,https://coincu.com/theta-capital-200m-blockchain-fund,37,5,0,0,keep,has_backlink
365170,2025-09-28T18:57:25,scilex-bitcoin-investment-completion,publish,https://coincu.com/scilex-bitcoin-investment-completion,19,9,0,0,keep,has_backlink
365167,2025-09-28T18:28:16,hyperdrive-thbill-wallet-exploit,publish,https://coincu.com/hyperdrive-thbill-wallet-exploit,15,6,0,0,keep,has_backlink
365164,2025-09-28T17:58:04,aster-dex-binance-influence,publish,https://coincu.com/aster-dex-binance-influence,9,3,0,0,keep,has_backlink
365154,2025-09-28T15:58:23,aave-plasma-chain-deposits,publish,https://coincu.com/aave-plasma-chain-deposits,27,10,0,0,keep,has_backlink
365151,2025-09-28T15:27:41,us-shutdown-odds-political-talks,publish,https://coincu.com/us-shutdown-odds-political-talks,12,5,0,0,keep,has_backlink
365131,2025-09-28T14:28:48,cz-affirms-aster-dex-involvement,publish,https://coincu.com/cz-affirms-aster-dex-involvement,13,3,0,0,keep,has_backlink
365128,2025-09-28T13:58:25,strategy-inc-bitcoin-acquisition-september-2025,publish,https://coincu.com/strategy-inc-bitcoin-acquisition-september-2025,18,4,0,0,keep,has_backlink
365108,2025-09-28T12:28:59,microbiome-dao-account-compromised-security-alert,publish,https://coincu.com/microbiome-dao-account-compromised-security-alert,65,3,0,0,keep,has_backlink
365079,2025-09-28T12:05:54,btc-nearing-extreme-fear-possible-local,publish,https://coincu.com/btc-nearing-extreme-fear-possible-local,19,3,0,0,keep,has_backlink
365099,2025-09-28T11:58:02,crypto-markets-volatility-us-government-shutdown,publish,https://coincu.com/crypto-markets-volatility-us-government-shutdown,14,4,0,0,keep,has_backlink
365091,2025-09-28T11:52:45,sol-bounces-at-200-support,publish,https://coincu.com/sol-bounces-at-200-support,14,4,0,0,keep,has_backlink
365090,2025-09-28T11:28:52,sep-30-binance-alpha-users-claim-vfy-alpha-points,publish,https://coincu.com/sep-30-binance-alpha-users-claim-vfy-alpha-points,13,3,0,0,keep,has_backlink
365078,2025-09-28T10:57:33,falcon-finance-token-claim-reward,publish,https://coincu.com/falcon-finance-token-claim-reward,14,5,0,0,keep,has_backlink
365069,2025-09-28T10:28:55,hyperliquid-launches-permissionless-spot-assets,publish,https://coincu.com/hyperliquid-launches-permissionless-spot-assets,12,3,0,0,keep,has_backlink
365063,2025-09-28T09:27:58,swift-ethereum-linea-tests-bnp-bny,publish,https://coincu.com/swift-ethereum-linea-tests-bnp-bny,12,3,0,0,keep,has_backlink
365060,2025-09-28T08:57:39,federal-reserve-meetings-potential-delays,publish,https://coincu.com/federal-reserve-meetings-potential-delays,10,2,0,0,keep,has_backlink
365057,2025-09-28T08:28:23,citigroup-stablecoin-forecast-2030,publish,https://coincu.com/citigroup-stablecoin-forecast-2030,9,2,0,0,keep,has_backlink
365047,2025-09-28T08:03:21,sui-holds-key-support-next-stop-3-68,publish,https://coincu.com/sui-holds-key-support-next-stop-3-68,9,4,0,0,keep,has_backlink
365051,2025-09-28T07:57:56,solana-token-creation-decline,publish,https://coincu.com/solana-token-creation-decline,18,4,0,0,keep,has_backlink
365046,2025-09-28T07:28:54,vitalik-buterin-sells-puppies-meme-coins,publish,https://coincu.com/vitalik-buterin-sells-puppies-meme-coins,23,5,0,0,keep,has_backlink
365043,2025-09-28T06:58:28,hyperdrive-security-exploit-fix,publish,https://coincu.com/hyperdrive-security-exploit-fix,9,3,0,0,keep,has_backlink
365036,2025-09-28T04:57:40,apple-ceo-confirms-crypto-holdings,publish,https://coincu.com/apple-ceo-confirms-crypto-holdings,11,5,0,0,keep,has_backlink
365033,2025-09-28T04:28:16,xpl-open-interest-record-high,publish,https://coincu.com/xpl-open-interest-record-high,24,4,0,0,keep,has_backlink
365030,2025-09-28T03:58:04,chaincatcher-alibaba-cloud-ethereum-etf,publish,https://coincu.com/chaincatcher-alibaba-cloud-ethereum-etf,16,6,0,0,keep,has_backlink
365024,2025-09-28T02:58:08,tether-softbank-private-funding-round,publish,https://coincu.com/tether-softbank-private-funding-round,8,4,0,0,keep,has_backlink
365010,2025-09-28T02:28:21,solana-etf-staking-support-update,publish,https://coincu.com/solana-etf-staking-support-update,56,7,0,0,keep,has_backlink
364993,2025-09-27T20:30:00,dogecoin-price-prediction-can-doge-return-to-all-time-high-investors-are-choosing-blockchainfx-for-100-roi,publish,https://coincu.com/dogecoin-price-prediction-can-doge-return-to-all-time-high-investors-are-choosing-blockchainfx-for-100-roi,5,2,0,0,keep,has_backlink
365007,2025-09-27T18:28:13,upbit-volume-drop-xpl-leads,publish,https://coincu.com/upbit-volume-drop-xpl-leads,15,5,0,0,keep,has_backlink
364991,2025-09-27T18:00:00,1000-invested-into-bfx-today-could-be-50000-in-2026-why-this-new-crypto-outshines-xrp-and-sol,publish,https://coincu.com/1000-invested-into-bfx-today-could-be-50000-in-2026-why-this-new-crypto-outshines-xrp-and-sol,2,1,0,0,keep,has_backlink
365004,2025-09-27T17:59:17,etherfi-ethfi-buyback-strategy,publish,https://coincu.com/etherfi-ethfi-buyback-strategy,12,4,0,0,keep,has_backlink
365001,2025-09-27T17:29:51,euphoria-x-account-phishing-warning,publish,https://coincu.com/euphoria-x-account-phishing-warning,13,5,0,0,keep,has_backlink
364996,2025-09-27T16:58:20,binance-launches-mira-trading-features,publish,https://coincu.com/binance-launches-mira-trading-features,17,4,0,0,keep,has_backlink
364989,2025-09-27T16:28:49,solana-treasury-key-corporates-stake,publish,https://coincu.com/solana-treasury-key-corporates-stake,22,6,0,0,keep,has_backlink
364986,2025-09-27T15:58:44,terawulf-3-billion-data-center,publish,https://coincu.com/terawulf-3-billion-data-center,11,5,0,0,keep,has_backlink
364983,2025-09-27T14:28:31,hyperliquid-exploit-700k-loss,publish,https://coincu.com/hyperliquid-exploit-700k-loss,22,5,0,0,keep,has_backlink
364980,2025-09-27T13:59:04,okx-kaitousdt-settlement-frequency-update,publish,https://coincu.com/okx-kaitousdt-settlement-frequency-update,15,4,0,0,keep,has_backlink
364977,2025-09-27T13:28:16,pop-culture-share-sale-bitcoin-expansion,publish,https://coincu.com/pop-culture-share-sale-bitcoin-expansion,19,5,0,0,keep,has_backlink
364974,2025-09-27T12:58:49,swift-ethereum-l2-bank-pilot,publish,https://coincu.com/swift-ethereum-l2-bank-pilot,24,4,0,0,keep,has_backlink
364968,2025-09-27T11:58:09,fed-talks-us-shutdown-threat,publish,https://coincu.com/fed-talks-us-shutdown-threat,20,2,0,0,keep,has_backlink
364962,2025-09-27T10:58:28,ethereum-treasuries-face-valuation-drop,publish,https://coincu.com/ethereum-treasuries-face-valuation-drop,14,3,0,0,keep,has_backlink
364959,2025-09-27T10:28:50,hyperliquid-launches-hype-usdh-trading,publish,https://coincu.com/hyperliquid-launches-hype-usdh-trading,10,3,0,0,keep,has_backlink
364951,2025-09-27T10:21:47,bitcoin-stuck-at-109k,publish,https://coincu.com/bitcoin-stuck-at-109k,12,4,0,0,keep,has_backlink
364949,2025-09-27T09:28:59,hong-kong-explores-cbdc-tokenized-bonds,publish,https://coincu.com/hong-kong-explores-cbdc-tokenized-bonds,14,4,0,0,keep,has_backlink
364946,2025-09-27T08:58:15,chaincatcher-alibaba-cloud-web3-partnership-10,publish,https://coincu.com/chaincatcher-alibaba-cloud-web3-partnership-10,4,1,0,0,keep,has_backlink
364943,2025-09-27T08:29:49,vanguard-considers-cryptocurrency-etfs,publish,https://coincu.com/vanguard-considers-cryptocurrency-etfs,15,4,0,0,keep,has_backlink
364940,2025-09-27T07:58:37,chaincatcher-event-ethereum-etf-outflows,publish,https://coincu.com/chaincatcher-event-ethereum-etf-outflows,20,4,0,0,keep,has_backlink
364937,2025-09-27T07:55:05,sep-27-binance-alpha-users-claim-goated-point,publish,https://coincu.com/sep-27-binance-alpha-users-claim-goated-point,7,2,0,0,keep,has_backlink
364930,2025-09-27T07:54:36,eth-eyes-price-discovery-after-breakout,publish,https://coincu.com/eth-eyes-price-discovery-after-breakout,20,4,0,0,keep,has_backlink
364929,2025-09-27T07:29:50,bitcoin-surge-dovish-fed-chair,publish,https://coincu.com/bitcoin-surge-dovish-fed-chair,25,6,0,0,keep,has_backlink
364926,2025-09-27T06:59:58,hyperliquid-apex-contract-leverage-launch,publish,https://coincu.com/hyperliquid-apex-contract-leverage-launch,29,8,0,0,keep,has_backlink
364923,2025-09-27T06:29:21,kraken-20-billion-valuation-ipo,publish,https://coincu.com/kraken-20-billion-valuation-ipo,21,4,0,0,keep,has_backlink
364913,2025-09-27T04:57:36,swift-blockchain-messaging-pilot-linea,publish,https://coincu.com/swift-blockchain-messaging-pilot-linea,20,3,0,0,keep,has_backlink
364910,2025-09-27T04:28:28,tom-lee-ethereum-focus-bullish-outlook,publish,https://coincu.com/tom-lee-ethereum-focus-bullish-outlook,21,3,0,0,keep,has_backlink
364907,2025-09-27T03:59:03,zhiyun-international-bitcoin-purchase,publish,https://coincu.com/zhiyun-international-bitcoin-purchase,27,10,0,0,keep,has_backlink
364904,2025-09-27T03:28:53,institutional-whale-acquires-431000-eth,publish,https://coincu.com/institutional-whale-acquires-431000-eth,20,4,0,0,keep,has_backlink
364901,2025-09-27T02:57:59,kraken-funding-ipo-2025-plans,publish,https://coincu.com/kraken-funding-ipo-2025-plans,21,5,0,0,keep,has_backlink
364898,2025-09-27T02:28:56,eric-trump-buy-dip-crypto-event,publish,https://coincu.com/eric-trump-buy-dip-crypto-event,22,4,0,0,keep,has_backlink
364895,2025-09-27T01:58:04,softbank-ark-tether-funding-talks,publish,https://coincu.com/softbank-ark-tether-funding-talks,27,7,0,0,keep,has_backlink
364892,2025-09-27T01:29:32,solana-etfs-filed-for-approval,publish,https://coincu.com/solana-etfs-filed-for-approval,21,5,0,0,keep,has_backlink
364889,2025-09-27T00:59:24,aave-founder-sells-ethena-tokens,publish,https://coincu.com/aave-founder-sells-ethena-tokens,33,11,0,0,keep,has_backlink
364883,2025-09-26T23:57:21,us-core-pce-august-2025,publish,https://coincu.com/us-core-pce-august-2025,11,4,0,0,keep,has_backlink
364880,2025-09-26T23:29:04,ftx-1-6-billion-creditor-distribution,publish,https://coincu.com/ftx-1-6-billion-creditor-distribution,16,4,0,0,keep,has_backlink
364777,2025-09-26T23:00:00,why-blockchainfx-bfx-at-0-025-beats-remittix-4500-could-grow-to-243k-with-bfx-top-crypto-coins-right-now,publish,https://coincu.com/why-blockchainfx-bfx-at-0-025-beats-remittix-4500-could-grow-to-243k-with-bfx-top-crypto-coins-right-now,7,2,0,0,keep,has_backlink
364877,2025-09-26T22:58:38,binance-resumes-plasma-xpl-airdrop,publish,https://coincu.com/binance-resumes-plasma-xpl-airdrop,15,3,0,0,keep,has_backlink
364874,2025-09-26T22:29:27,xpl-token-whale-investment,publish,https://coincu.com/xpl-token-whale-investment,14,4,0,0,keep,has_backlink
364871,2025-09-26T21:59:05,binance-alpha-chainopera-ai-launch,publish,https://coincu.com/binance-alpha-chainopera-ai-launch,13,3,0,0,keep,has_backlink
364868,2025-09-26T21:29:27,plasma-xpl-token-launch,publish,https://coincu.com/plasma-xpl-token-launch,23,5,0,0,keep,has_backlink
364865,2025-09-26T21:00:29,plasma-token-launch-neobank,publish,https://coincu.com/plasma-token-launch-neobank,31,8,0,0,keep,has_backlink
364862,2025-09-26T20:28:26,cloudflare-net-dollar-stablecoin-ai,publish,https://coincu.com/cloudflare-net-dollar-stablecoin-ai,27,4,0,0,keep,has_backlink
364859,2025-09-26T19:59:11,kucoin-aml-fine-fintrac,publish,https://coincu.com/kucoin-aml-fine-fintrac,15,5,0,0,keep,has_backlink
364850,2025-09-26T19:39:26,aster-targets-1-65-to-1-55-support-zone,publish,https://coincu.com/aster-targets-1-65-to-1-55-support-zone,11,4,0,0,keep,has_backlink
364852,2025-09-26T19:28:40,tether-softbank-ark-funding-round,publish,https://coincu.com/tether-softbank-ark-funding-round,13,4,0,0,keep,has_backlink
364847,2025-09-26T18:58:46,vanguard-explores-crypto-etf-access,publish,https://coincu.com/vanguard-explores-crypto-etf-access,19,4,0,0,keep,has_backlink
364840,2025-09-26T17:59:01,us-core-pce-crypto-impact,publish,https://coincu.com/us-core-pce-crypto-impact,12,4,0,0,keep,has_backlink
364832,2025-09-26T17:30:00,fed-crypto-impact-rate-cut,publish,https://coincu.com/fed-crypto-impact-rate-cut,11,5,0,0,keep,has_backlink
364829,2025-09-26T16:59:59,digital-renminbi-launch-shanghai,publish,https://coincu.com/digital-renminbi-launch-shanghai,24,5,0,0,keep,has_backlink
364806,2025-09-26T16:22:17,inj-dips-into-key-buy-zone,publish,https://coincu.com/inj-dips-into-key-buy-zone,6,5,0,0,keep,has_backlink
364802,2025-09-26T16:22:12,dogecoin-faces-23-drop-as-bulls-eye-0-25,publish,https://coincu.com/dogecoin-faces-23-drop-as-bulls-eye-0-25,2,2,0,0,keep,has_backlink
364756,2025-09-26T15:35:40,bitcoin-ma200-retest-sparks-optimism,publish,https://coincu.com/bitcoin-ma200-retest-sparks-optimism,17,5,0,0,keep,has_backlink
364754,2025-09-26T14:37:22,lys-labs-moves-beyond-data-and-aims-to-become-the-operating-system-for-automated-global-finance,publish,https://coincu.com/lys-labs-moves-beyond-data-and-aims-to-become-the-operating-system-for-automated-global-finance,7,1,0,0,keep,has_backlink
364726,2025-09-26T10:59:24,sol-price-prediction-as-osprey-invests-15m,publish,https://coincu.com/sol-price-prediction-as-osprey-invests-15m,11,4,0,0,keep,has_backlink
364725,2025-09-26T10:53:16,sep-29-binance-alpha-users-claim-ff-alpha-points,publish,https://coincu.com/sep-29-binance-alpha-users-claim-ff-alpha-points,7,2,0,0,keep,has_backlink
364719,2025-09-26T10:09:29,sep-30-binance-alpha-users-claim-eden-alpha-points,publish,https://coincu.com/sep-30-binance-alpha-users-claim-eden-alpha-points,11,6,0,0,keep,has_backlink
364717,2025-09-26T10:05:14,sep-29-binance-alpha-users-claim-ff,publish,https://coincu.com/sep-29-binance-alpha-users-claim-ff,7,3,0,0,keep,has_backlink
364713,2025-09-26T09:45:53,kraken-secures-500m-to-accelerate-ipo,publish,https://coincu.com/kraken-secures-500m-to-accelerate-ipo,9,4,0,0,keep,has_backlink
364701,2025-09-26T07:03:21,sep-26-binance-alpha-users-claim-hana-200-points,publish,https://coincu.com/sep-26-binance-alpha-users-claim-hana-200-points,6,2,0,0,keep,has_backlink
364456,2025-09-25T23:13:08,top-5-free-crypto-mining-apps-to-use-in-2025-earn-bitcoin-boost-efficiency-and-cut-costs,publish,https://coincu.com/top-5-free-crypto-mining-apps-to-use-in-2025-earn-bitcoin-boost-efficiency-and-cut-costs,18,4,11,1178,keep,has_backlink|has_gsc_3m
364047,2025-09-25T23:06:43,top-5-crypto-presale-coins-to-watch-in-2025-execution-hype-and-utility,publish,https://coincu.com/top-5-crypto-presale-coins-to-watch-in-2025-execution-hype-and-utility,10,4,15,347,keep,has_backlink|has_gsc_3m
364694,2025-09-25T22:23:27,us-agencies-ai-xai-gsa-agreement,publish,https://coincu.com/us-agencies-ai-xai-gsa-agreement,26,7,0,0,keep,has_backlink
364591,2025-09-25T22:00:00,top-4-altcoins-experts-say-could-100x-in-2025,publish,https://coincu.com/top-4-altcoins-experts-say-could-100x-in-2025,9,3,0,0,keep,has_backlink
364691,2025-09-25T21:54:09,redotpay-unicorn-stablecoin-funding,publish,https://coincu.com/redotpay-unicorn-stablecoin-funding,22,4,0,0,keep,has_backlink
364688,2025-09-25T21:23:33,pop-culture-bitcoin-fund-expansion,publish,https://coincu.com/pop-culture-bitcoin-fund-expansion,9,3,0,0,keep,has_backlink
364673,2025-09-25T21:09:33,solana-faces-pressure-as-price-tests-200,publish,https://coincu.com/solana-faces-pressure-as-price-tests-200,7,2,0,0,keep,has_backlink
364678,2025-09-25T20:54:47,andrew-kang-bets-ethereum-decline,publish,https://coincu.com/andrew-kang-bets-ethereum-decline,10,4,0,0,keep,has_backlink
364666,2025-09-25T20:50:25,dogecoin-price-approaches-0-25-key-resistance-with-1-target-ahead,publish,https://coincu.com/dogecoin-price-approaches-0-25-key-resistance-with-1-target-ahead,5,3,0,0,keep,has_backlink
364665,2025-09-25T20:26:28,blockchain-sp500-fund-launch,publish,https://coincu.com/blockchain-sp500-fund-launch,11,5,0,0,keep,has_backlink
364662,2025-09-25T19:55:00,securitize-apollo-fund-sei-network,publish,https://coincu.com/securitize-apollo-fund-sei-network,16,8,0,0,keep,has_backlink
364657,2025-09-25T18:55:53,fed-reserve-shrinks-reserves-crypto,publish,https://coincu.com/fed-reserve-shrinks-reserves-crypto,12,3,0,0,keep,has_backlink
364589,2025-09-25T18:30:00,next-100x-coin-why-blockchainfx-bfx-could-outshine-polkadot-chainlink-and-bnb,publish,https://coincu.com/next-100x-coin-why-blockchainfx-bfx-could-outshine-polkadot-chainlink-and-bnb,8,2,0,0,keep,has_backlink
364645,2025-09-25T18:25:29,nasdaq-sp500-drop-crypto-volatility,publish,https://coincu.com/nasdaq-sp500-drop-crypto-volatility,11,3,0,0,keep,has_backlink
364634,2025-09-25T17:55:32,blackfort-pay-launches-redefining-the-future-of-digital-payments,publish,https://coincu.com/blackfort-pay-launches-redefining-the-future-of-digital-payments,3,1,0,0,keep,has_backlink
364632,2025-09-25T17:25:41,plasma-xpl-surpasses-cosmos-atom,publish,https://coincu.com/plasma-xpl-surpasses-cosmos-atom,9,3,0,0,keep,has_backlink
364620,2025-09-25T16:55:18,bitcoin-ism-index-cycle-extension,publish,https://coincu.com/bitcoin-ism-index-cycle-extension,7,2,0,0,keep,has_backlink
364610,2025-09-25T16:25:15,federal-reserve-september-2025-rate-cut,publish,https://coincu.com/federal-reserve-september-2025-rate-cut,8,2,0,0,keep,has_backlink
364606,2025-09-25T15:55:06,jeffrey-wilcke-eth-transfer-kraken,publish,https://coincu.com/jeffrey-wilcke-eth-transfer-kraken,13,4,0,0,keep,has_backlink
364595,2025-09-25T15:25:01,cloudflare-net-dollar-stablecoin-launch,publish,https://coincu.com/cloudflare-net-dollar-stablecoin-launch,14,3,0,0,keep,has_backlink
364579,2025-09-25T15:01:19,chainlink-breakout-setup-targets-100,publish,https://coincu.com/chainlink-breakout-setup-targets-100,10,4,0,0,keep,has_backlink
364584,2025-09-25T14:56:08,influencer-xpl-airdrop-claims,publish,https://coincu.com/influencer-xpl-airdrop-claims,6,1,0,0,keep,has_backlink
364574,2025-09-25T14:24:49,fed-shifts-focus-employment,publish,https://coincu.com/fed-shifts-focus-employment,9,3,0,0,keep,has_backlink
364561,2025-09-25T14:06:34,melanion-capital-launches-first-private,publish,https://coincu.com/melanion-capital-launches-first-private,8,2,0,0,keep,has_backlink
364564,2025-09-25T13:55:31,hashdex-etf-launch-nasdaq,publish,https://coincu.com/hashdex-etf-launch-nasdaq,23,4,0,0,keep,has_backlink
364545,2025-09-25T13:29:47,declining-bitcoin-inflows-suggestshifting,publish,https://coincu.com/declining-bitcoin-inflows-suggestshifting,6,3,0,0,keep,has_backlink
364558,2025-09-25T13:24:10,us-jobless-claims-drop-hiring-pace,publish,https://coincu.com/us-jobless-claims-drop-hiring-pace,4,2,0,0,keep,has_backlink
364551,2025-09-25T12:55:13,us-jobless-claims-economic-forecasts,publish,https://coincu.com/us-jobless-claims-economic-forecasts,12,4,0,0,keep,has_backlink
364539,2025-09-25T12:25:45,white-house-cftc-chair-candidates,publish,https://coincu.com/white-house-cftc-chair-candidates,5,2,0,0,keep,has_backlink
364532,2025-09-25T11:57:29,hong-kong-sfc-biaypay-warning,publish,https://coincu.com/hong-kong-sfc-biaypay-warning,12,3,0,0,keep,has_backlink
364511,2025-09-25T11:24:38,bitcoin-ism-index-future-prediction,publish,https://coincu.com/bitcoin-ism-index-future-prediction,8,3,0,0,keep,has_backlink
364502,2025-09-25T10:54:25,gcex-globalblock-wealth-management,publish,https://coincu.com/gcex-globalblock-wealth-management,9,3,0,0,keep,has_backlink
364472,2025-09-25T10:42:41,ena-price-prediction-as-m2-capital,publish,https://coincu.com/ena-price-prediction-as-m2-capital,7,3,0,0,keep,has_backlink
364478,2025-09-25T09:25:31,abraxas-expands-short-positions,publish,https://coincu.com/abraxas-expands-short-positions,9,3,0,0,keep,has_backlink
364464,2025-09-25T08:54:57,redotpay-unicorn-funding-round,publish,https://coincu.com/redotpay-unicorn-funding-round,7,3,4,77,keep,has_backlink|has_gsc_3m
364461,2025-09-25T08:34:57,sep-27-binance-alpha-users-claim-light-goated,publish,https://coincu.com/sep-27-binance-alpha-users-claim-light-goated,9,4,0,0,keep,has_backlink
364459,2025-09-25T08:26:25,redotpay-47-million-unicorn-status,publish,https://coincu.com/redotpay-47-million-unicorn-status,7,3,0,0,keep,has_backlink
364455,2025-09-25T07:54:36,digital-rmb-center-launch-shanghai,publish,https://coincu.com/digital-rmb-center-launch-shanghai,8,2,0,0,keep,has_backlink
364452,2025-09-25T07:25:28,euro-stablecoin-mica-initiative-banks,publish,https://coincu.com/euro-stablecoin-mica-initiative-banks,9,4,0,0,keep,has_backlink
364447,2025-09-25T06:56:12,european-banks-euro-stablecoin-launch,publish,https://coincu.com/european-banks-euro-stablecoin-launch,10,4,0,0,keep,has_backlink
364435,2025-09-25T03:50:29,genius-future-summit-2025,publish,https://coincu.com/genius-future-summit-2025,12,4,0,0,keep,has_backlink
364433,2025-09-25T03:20:21,unchained-summit-2026-dubai,publish,https://coincu.com/unchained-summit-2026-dubai,14,5,0,0,keep,has_backlink
364384,2025-09-24T21:30:00,5-top-crypto-to-invest-in-2025-from-bnb-to-blockchainfx-who-holds-the-crown,publish,https://coincu.com/5-top-crypto-to-invest-in-2025-from-bnb-to-blockchainfx-who-holds-the-crown,6,3,0,0,keep,has_backlink
364428,2025-09-24T19:06:45,solstice-adopts-chainlink-ccip-on-solana,publish,https://coincu.com/solstice-adopts-chainlink-ccip-on-solana,35,6,0,0,keep,has_backlink
364417,2025-09-24T18:32:42,wlfi-bounces-hard,publish,https://coincu.com/wlfi-bounces-hard,11,3,0,0,keep,has_backlink
364409,2025-09-24T18:07:11,ena-eyes-10-strong-bullish-momentum,publish,https://coincu.com/ena-eyes-10-strong-bullish-momentum,9,3,0,0,keep,has_backlink
364396,2025-09-24T17:08:33,sei-bullish-retest-nears-0-35-support,publish,https://coincu.com/sei-bullish-retest-nears-0-35-support,7,2,0,0,keep,has_backlink
364400,2025-09-24T16:44:17,mnts-bybit-era-one-all-powerful-asset-across-two-ecosystems,publish,https://coincu.com/mnts-bybit-era-one-all-powerful-asset-across-two-ecosystems,5,1,0,0,keep,has_backlink
364362,2025-09-24T15:09:24,bitcoin-support-holds-at-109-5k,publish,https://coincu.com/bitcoin-support-holds-at-109-5k,5,2,0,0,keep,has_backlink
364366,2025-09-24T14:50:40,dogecoin-holds-0-24,publish,https://coincu.com/dogecoin-holds-0-24,7,4,0,0,keep,has_backlink
364356,2025-09-24T14:36:08,top-10-coins-struggle-heres-why-bnb-is,publish,https://coincu.com/top-10-coins-struggle-heres-why-bnb-is,12,3,0,0,keep,has_backlink
364330,2025-09-24T13:48:30,ethereum-retests-4060,publish,https://coincu.com/ethereum-retests-4060,6,2,0,0,keep,has_backlink
364312,2025-09-24T11:38:04,chainup-wins-top-crypto-compliance-technology-honor-at-thomson-reuters-presented-awards,publish,https://coincu.com/chainup-wins-top-crypto-compliance-technology-honor-at-thomson-reuters-presented-awards,3,1,0,0,keep,has_backlink
364301,2025-09-24T11:23:38,xrp-set-for-lift-off-as-consolidation-end,publish,https://coincu.com/xrp-set-for-lift-off-as-consolidation-end,9,3,0,0,keep,has_backlink
364299,2025-09-24T09:56:43,sep-24-binance-alpha-users-claim-gain-210-points,publish,https://coincu.com/sep-24-binance-alpha-users-claim-gain-210-points,5,1,0,0,keep,has_backlink
364287,2025-09-24T06:03:04,sep-26-binance-alpha-users-claim-mira-hana-airdrop-points,publish,https://coincu.com/sep-26-binance-alpha-users-claim-mira-hana-airdrop-points,13,4,0,0,keep,has_backlink
364281,2025-09-24T02:42:24,crypto-market-fatigue-concerns,publish,https://coincu.com/crypto-market-fatigue-concerns,23,7,0,0,keep,has_backlink
364273,2025-09-24T02:12:50,fitell-solana-financial-strategy-launch,publish,https://coincu.com/fitell-solana-financial-strategy-launch,17,5,0,0,keep,has_backlink
364270,2025-09-24T01:40:18,grayscale-ethereum-trusts-sec-approval,publish,https://coincu.com/grayscale-ethereum-trusts-sec-approval,19,6,0,0,keep,has_backlink
364267,2025-09-24T01:11:24,grayscale-ethereum-trust-nyse-listing,publish,https://coincu.com/grayscale-ethereum-trust-nyse-listing,19,4,0,0,keep,has_backlink
364264,2025-09-24T00:41:47,cftc-tokenized-collateral-launch,publish,https://coincu.com/cftc-tokenized-collateral-launch,19,4,0,0,keep,has_backlink
364261,2025-09-24T00:17:43,cftc-tokenized-collateral-derivatives,publish,https://coincu.com/cftc-tokenized-collateral-derivatives,24,5,0,0,keep,has_backlink
364258,2025-09-23T23:41:05,white-house-reviews-josh-sterling-cftc,publish,https://coincu.com/white-house-reviews-josh-sterling-cftc,21,6,0,0,keep,has_backlink
364255,2025-09-23T23:11:09,fitell-100m-solana-treasury-launch,publish,https://coincu.com/fitell-100m-solana-treasury-launch,22,4,0,0,keep,has_backlink
364252,2025-09-23T22:40:16,josh-sterling-cftc-chair-consideration,publish,https://coincu.com/josh-sterling-cftc-chair-consideration,21,5,0,0,keep,has_backlink
364249,2025-09-23T22:09:51,fed-independence-rate-change-2025,publish,https://coincu.com/fed-independence-rate-change-2025,26,5,0,0,keep,has_backlink
364246,2025-09-23T21:39:42,fed-rate-cuts-impact-2025,publish,https://coincu.com/fed-rate-cuts-impact-2025,16,3,0,0,keep,has_backlink
364243,2025-09-23T21:10:03,fed-economic-policy-inflation-labor-impact,publish,https://coincu.com/fed-economic-policy-inflation-labor-impact,9,3,0,0,keep,has_backlink
364240,2025-09-23T20:41:15,blackrock-crypto-etf-revenue-record,publish,https://coincu.com/blackrock-crypto-etf-revenue-record,19,9,0,0,keep,has_backlink
364237,2025-09-23T20:10:28,morgan-stanley-zero-hash-crypto-trading,publish,https://coincu.com/morgan-stanley-zero-hash-crypto-trading,10,3,0,0,keep,has_backlink
364234,2025-09-23T19:39:34,fed-rate-cut-debate-inflation,publish,https://coincu.com/fed-rate-cut-debate-inflation,12,4,0,0,keep,has_backlink
364231,2025-09-23T19:12:28,fed-cuts-rate-powell-economic-risks,publish,https://coincu.com/fed-cuts-rate-powell-economic-risks,19,5,0,0,keep,has_backlink
364213,2025-09-23T19:03:05,sui-breakout-signals-epic-move-to-8,publish,https://coincu.com/sui-breakout-signals-epic-move-to-8,9,4,0,0,keep,has_backlink
364217,2025-09-23T18:50:02,cz-rejects-ft-report-on-yzilabs-denies,publish,https://coincu.com/cz-rejects-ft-report-on-yzilabs-denies,8,3,0,0,keep,has_backlink
364216,2025-09-23T18:40:59,upbit-bithumb-suspend-uxlink-security,publish,https://coincu.com/upbit-bithumb-suspend-uxlink-security,15,3,0,0,keep,has_backlink
364212,2025-09-23T18:12:39,binance-lists-hemi-product-integrations,publish,https://coincu.com/binance-lists-hemi-product-integrations,10,3,0,0,keep,has_backlink
364209,2025-09-23T17:41:16,importers-bear-tariff-costs,publish,https://coincu.com/importers-bear-tariff-costs,17,4,0,0,keep,has_backlink
364206,2025-09-23T17:10:16,powell-asset-prices-interest-rates,publish,https://coincu.com/powell-asset-prices-interest-rates,15,4,0,0,keep,has_backlink
364203,2025-09-23T16:41:20,senate-banking-committee-crypto-delay,publish,https://coincu.com/senate-banking-committee-crypto-delay,8,2,0,0,keep,has_backlink
364198,2025-09-23T16:12:32,avantis-avnt-rewards-launch,publish,https://coincu.com/avantis-avnt-rewards-launch,20,7,0,0,keep,has_backlink
364176,2025-09-23T15:57:00,solana-tests-key-218-support,publish,https://coincu.com/solana-tests-key-218-support,8,3,0,0,keep,has_backlink
364169,2025-09-23T15:11:34,scilex-bitcoin-deal-tariff-rumors,publish,https://coincu.com/scilex-bitcoin-deal-tariff-rumors,5,3,0,0,keep,has_backlink
364146,2025-09-23T14:26:01,dogecoin-set-for-bullish-breakout,publish,https://coincu.com/dogecoin-set-for-bullish-breakout,10,4,0,0,keep,has_backlink
364135,2025-09-23T14:08:32,feds-cut-will-hit-bank-accounts-crypto-to-keep-earning-interest,publish,https://coincu.com/feds-cut-will-hit-bank-accounts-crypto-to-keep-earning-interest,4,1,0,0,keep,has_backlink
364134,2025-09-23T13:42:19,fed-cuts-rates-labor-inflation,publish,https://coincu.com/fed-cuts-rates-labor-inflation,10,5,0,0,keep,has_backlink
364131,2025-09-23T13:11:56,sec-cftc-crypto-innovation-exemption,publish,https://coincu.com/sec-cftc-crypto-innovation-exemption,3,2,0,0,keep,has_backlink
364128,2025-09-23T13:05:09,sep-25-binance-alpha-users-claim-xpl-alpha-points,publish,https://coincu.com/sep-25-binance-alpha-users-claim-xpl-alpha-points,10,4,0,0,keep,has_backlink
364118,2025-09-23T12:40:03,fnality-global-settlement-funding-expansion,publish,https://coincu.com/fnality-global-settlement-funding-expansion,2,1,0,0,keep,has_backlink
364107,2025-09-23T12:11:01,plasma-mainnet-beta-record-liquidity,publish,https://coincu.com/plasma-mainnet-beta-record-liquidity,8,3,0,0,keep,has_backlink
364102,2025-09-23T12:01:38,boerse-stuttgart-digital-expands-into-spain,publish,https://coincu.com/boerse-stuttgart-digital-expands-into-spain,8,3,0,0,keep,has_backlink
364096,2025-09-23T11:23:53,will-link-price-rebound-as-whales-buy,publish,https://coincu.com/will-link-price-rebound-as-whales-buy,23,5,0,0,keep,has_backlink
364095,2025-09-23T11:10:22,uxlink-token-migration-after-breach,publish,https://coincu.com/uxlink-token-migration-after-breach,9,2,0,0,keep,has_backlink
364087,2025-09-23T10:43:33,bydfi-joins-korea-blockchain-week-2025-kbw2025-deepening-web3-engagement,publish,https://coincu.com/bydfi-joins-korea-blockchain-week-2025-kbw2025-deepening-web3-engagement,8,1,0,0,keep,has_backlink
364083,2025-09-23T10:39:57,fnality-raises-136m-blockchain-expansion,publish,https://coincu.com/fnality-raises-136m-blockchain-expansion,23,5,0,0,keep,has_backlink
364080,2025-09-23T10:35:04,sep-25-binance-alpha-claim-dark-200-points,publish,https://coincu.com/sep-25-binance-alpha-claim-dark-200-points,13,2,0,0,keep,has_backlink
364063,2025-09-23T10:15:01,hype-price-falls-but-hyperliquid-still,publish,https://coincu.com/hype-price-falls-but-hyperliquid-still,15,4,0,0,keep,has_backlink
364073,2025-09-23T10:09:39,fed-reserve-rate-cuts-impact-markets,publish,https://coincu.com/fed-reserve-rate-cuts-impact-markets,10,2,0,0,keep,has_backlink
364056,2025-09-23T09:39:50,federal-reserve-rate-cut-crypto-impact,publish,https://coincu.com/federal-reserve-rate-cut-crypto-impact,13,5,0,0,keep,has_backlink
364042,2025-09-23T09:11:30,etfs-sell-363m-in-bitcoin-as-blackrock,publish,https://coincu.com/etfs-sell-363m-in-bitcoin-as-blackrock,29,5,0,0,keep,has_backlink
364050,2025-09-23T09:10:07,crypto-wealth-increase-2025,publish,https://coincu.com/crypto-wealth-increase-2025,14,5,0,0,keep,has_backlink
364036,2025-09-23T08:10:22,hong-kong-crypto-fraud-task-force,publish,https://coincu.com/hong-kong-crypto-fraud-task-force,19,7,0,0,keep,has_backlink
364033,2025-09-23T07:40:16,fed-governor-milan-rate-talk,publish,https://coincu.com/fed-governor-milan-rate-talk,17,4,0,0,keep,has_backlink
364028,2025-09-23T07:10:20,crypto-liquidation-risk-matrixport-analysis,publish,https://coincu.com/crypto-liquidation-risk-matrixport-analysis,12,4,0,0,keep,has_backlink
364024,2025-09-23T07:06:09,moonbirds-and-azuki-ip-coming-to-verse8-as-ai-native-game-platform-integrates-with-story,publish,https://coincu.com/moonbirds-and-azuki-ip-coming-to-verse8-as-ai-native-game-platform-integrates-with-story,3,1,0,0,keep,has_backlink
364010,2025-09-23T05:40:29,binance-launches-hemi-protocol,publish,https://coincu.com/binance-launches-hemi-protocol,13,5,0,0,keep,has_backlink
364007,2025-09-23T05:10:07,hsbc-tokenized-deposits-ant-international,publish,https://coincu.com/hsbc-tokenized-deposits-ant-international,19,6,0,0,keep,has_backlink
363998,2025-09-23T04:09:42,anhui-court-tether-ruling,publish,https://coincu.com/anhui-court-tether-ruling,20,7,0,0,keep,has_backlink
363994,2025-09-23T03:20:25,dark-prague-2025,publish,https://coincu.com/dark-prague-2025,23,5,0,0,keep,has_backlink
363989,2025-09-23T02:41:25,hyperliquid-proposes-hype-supply-reduction,publish,https://coincu.com/hyperliquid-proposes-hype-supply-reduction,21,3,0,0,keep,has_backlink
363978,2025-09-23T02:10:16,hype-token-supply-reduction,publish,https://coincu.com/hype-token-supply-reduction,30,4,0,0,keep,has_backlink
363975,2025-09-23T01:40:58,ena-treasury-withdrawals-43-million,publish,https://coincu.com/ena-treasury-withdrawals-43-million,52,5,0,0,keep,has_backlink
363966,2025-09-23T00:11:17,nvidia-openai-investment-market-impact,publish,https://coincu.com/nvidia-openai-investment-market-impact,127,4,0,0,keep,has_backlink
363960,2025-09-22T23:11:19,fed-mester-caution-inflation-concerns,publish,https://coincu.com/fed-mester-caution-inflation-concerns,32,7,0,0,keep,has_backlink
363957,2025-09-22T22:41:38,portal-bitcoin-mainnet-launch-2025,publish,https://coincu.com/portal-bitcoin-mainnet-launch-2025,26,5,0,0,keep,has_backlink
363954,2025-09-22T22:09:59,futu-tiger-china-account-restrictions,publish,https://coincu.com/futu-tiger-china-account-restrictions,17,4,0,0,keep,has_backlink
363947,2025-09-22T21:40:38,plasma-defi-stablecoin-banking-card,publish,https://coincu.com/plasma-defi-stablecoin-banking-card,19,5,0,0,keep,has_backlink
363944,2025-09-22T21:10:02,strive-semler-bitcoin-acquisition,publish,https://coincu.com/strive-semler-bitcoin-acquisition,9,3,0,0,keep,has_backlink
363941,2025-09-22T20:40:56,federal-reserve-rate-cuts-impact,publish,https://coincu.com/federal-reserve-rate-cuts-impact,120,5,0,0,keep,has_backlink
363935,2025-09-22T19:41:20,fed-enforces-genius-stablecoin-ban,publish,https://coincu.com/fed-enforces-genius-stablecoin-ban,12,4,0,0,keep,has_backlink
363917,2025-09-22T19:24:24,sei-defi-ecosystem-grows-68-to-600m,publish,https://coincu.com/sei-defi-ecosystem-grows-68-to-600m,7,4,0,0,keep,has_backlink
363914,2025-09-22T18:40:01,federal-reserve-interest-rate-cut-3,publish,https://coincu.com/federal-reserve-interest-rate-cut-3,14,6,0,0,keep,has_backlink
363911,2025-09-22T18:11:57,stablecoin-genius-act-restrictions,publish,https://coincu.com/stablecoin-genius-act-restrictions,87,8,0,0,keep,has_backlink
363900,2025-09-22T17:13:14,federal-reserve-rate-policy-shift,publish,https://coincu.com/federal-reserve-rate-policy-shift,7,4,0,0,keep,has_backlink
363893,2025-09-22T16:40:19,altcoin-market-bitcoin-dominance-update,publish,https://coincu.com/altcoin-market-bitcoin-dominance-update,15,5,0,0,keep,has_backlink
363890,2025-09-22T16:12:30,layerzero-50m-token-buyback,publish,https://coincu.com/layerzero-50m-token-buyback,117,6,0,0,keep,has_backlink
363886,2025-09-22T15:41:14,gold-price-reaches-record-high,publish,https://coincu.com/gold-price-reaches-record-high,18,5,0,0,keep,has_backlink
363856,2025-09-22T14:11:08,fed-no-rate-cuts-inflation-concerns,publish,https://coincu.com/fed-no-rate-cuts-inflation-concerns,9,2,0,0,keep,has_backlink
363844,2025-09-22T13:40:31,stable-integrates-paypal-pyusd,publish,https://coincu.com/stable-integrates-paypal-pyusd,18,5,0,0,keep,has_backlink
363797,2025-09-22T13:30:00,jakarta-sets-the-stage-for-a-people-powered-revolutionthe-world-hr-summit-indonesia-lands-on-november-26-2025,publish,https://coincu.com/jakarta-sets-the-stage-for-a-people-powered-revolutionthe-world-hr-summit-indonesia-lands-on-november-26-2025,8,2,0,0,keep,has_backlink
363839,2025-09-22T13:11:38,paypal-invests-stable-pyusd-transactions,publish,https://coincu.com/paypal-invests-stable-pyusd-transactions,16,6,0,0,keep,has_backlink
363824,2025-09-22T12:39:46,strive-inc-semler-scientific-bitcoin,publish,https://coincu.com/strive-inc-semler-scientific-bitcoin,7,3,0,0,keep,has_backlink
363813,2025-09-22T12:10:40,helius-medical-solana-acquisition,publish,https://coincu.com/helius-medical-solana-acquisition,5,1,0,0,keep,has_backlink
363810,2025-09-22T11:41:58,agriforce-transforms-focuses-avax,publish,https://coincu.com/agriforce-transforms-focuses-avax,14,2,0,0,keep,has_backlink
363798,2025-09-22T11:15:52,hyperliquid-hype-slumps-9-as-marketshare,publish,https://coincu.com/hyperliquid-hype-slumps-9-as-marketshare,11,4,0,0,keep,has_backlink
363787,2025-09-22T10:12:43,sep-24-binance-alpha-users-claim-gain-points,publish,https://coincu.com/sep-24-binance-alpha-users-claim-gain-points,14,4,0,0,keep,has_backlink
363782,2025-09-22T10:08:41,sep-23-binance-alpha-users-claim-xan-alpha-points,publish,https://coincu.com/sep-23-binance-alpha-users-claim-xan-alpha-points,13,3,0,0,keep,has_backlink
363775,2025-09-22T09:40:01,binance-launches-0g-token-trading,publish,https://coincu.com/binance-launches-0g-token-trading,9,4,0,0,keep,has_backlink
363772,2025-09-22T09:35:25,sep-22-gate-alpha-claim-ovpp-120-points,publish,https://coincu.com/sep-22-gate-alpha-claim-ovpp-120-points,8,4,0,0,keep,has_backlink
363755,2025-09-22T08:40:50,okx-delists-lunc-ustc-pairs,publish,https://coincu.com/okx-delists-lunc-ustc-pairs,53,7,0,0,keep,has_backlink
363746,2025-09-22T08:11:06,crypto-market-billion-liquidations,publish,https://coincu.com/crypto-market-billion-liquidations,20,5,0,0,keep,has_backlink
363663,2025-09-22T08:00:00,heres-why-blockchainfx-could-move-ahead-of-hyperliquid-and-solana-as-the-best-crypto-to-buy-in-2025,publish,https://coincu.com/heres-why-blockchainfx-could-move-ahead-of-hyperliquid-and-solana-as-the-best-crypto-to-buy-in-2025,4,2,0,0,keep,has_backlink
363736,2025-09-22T07:51:16,btc-battles-114k-118k-as-supply,publish,https://coincu.com/btc-battles-114k-118k-as-supply,28,5,0,0,keep,has_backlink
363728,2025-09-22T07:34:13,primexbt-expands-crypto-futures-with-101-new-coins-delivering-best-in-class-trading-conditions,publish,https://coincu.com/primexbt-expands-crypto-futures-with-101-new-coins-delivering-best-in-class-trading-conditions,3,1,0,0,keep,has_backlink
363720,2025-09-22T07:16:40,sep-22-binance-alpha-227-points,publish,https://coincu.com/sep-22-binance-alpha-227-points,3,2,0,0,keep,has_backlink
363717,2025-09-22T07:10:41,eu-digital-euro-roadmap-2028-2,publish,https://coincu.com/eu-digital-euro-roadmap-2028-2,8,5,0,0,keep,has_backlink
363714,2025-09-22T07:09:59,sep-22-binance-alpha-0g-227-points,publish,https://coincu.com/sep-22-binance-alpha-0g-227-points,5,4,0,0,keep,has_backlink
363704,2025-09-22T06:40:18,gold-record-high-federal-reserve,publish,https://coincu.com/gold-record-high-federal-reserve,14,5,0,0,keep,has_backlink
363701,2025-09-22T06:11:36,arthur-hayes-hype-token-sale,publish,https://coincu.com/arthur-hayes-hype-token-sale,13,3,0,0,keep,has_backlink
363698,2025-09-22T05:10:32,federal-reserve-policy-outlook,publish,https://coincu.com/federal-reserve-policy-outlook,11,4,0,0,keep,has_backlink
363686,2025-09-22T03:39:38,fed-speeches-crypto-market-watch,publish,https://coincu.com/fed-speeches-crypto-market-watch,13,6,0,0,keep,has_backlink
363678,2025-09-22T03:10:25,cryptocurrency-market-value-drops-60-billion,publish,https://coincu.com/cryptocurrency-market-value-drops-60-billion,18,6,0,0,keep,has_backlink
363675,2025-09-22T02:40:13,huajian-digital-rwa-asset-initiatives,publish,https://coincu.com/huajian-digital-rwa-asset-initiatives,29,6,0,0,keep,has_backlink
363003,2025-09-22T01:00:00,do-you-know-that-scamcoin-launches-to-tell-the-truth-every-other-project-avoids,publish,https://coincu.com/do-you-know-that-scamcoin-launches-to-tell-the-truth-every-other-project-avoids,10,3,0,0,keep,has_backlink
363647,2025-09-21T23:40:01,trump-musk-reconcile-charlie-kirk-memorial,publish,https://coincu.com/trump-musk-reconcile-charlie-kirk-memorial,18,5,0,0,keep,has_backlink
363643,2025-09-21T20:41:03,china-convicts-four-crypto-laundering,publish,https://coincu.com/china-convicts-four-crypto-laundering,14,3,0,0,keep,has_backlink
363640,2025-09-21T20:09:59,ethereum-whale-kraken-transfer,publish,https://coincu.com/ethereum-whale-kraken-transfer,24,5,0,0,keep,has_backlink
363634,2025-09-21T18:10:22,okx-new-strategy-web3-trading,publish,https://coincu.com/okx-new-strategy-web3-trading,22,5,0,0,keep,has_backlink
363631,2025-09-21T17:40:27,astr-whale-leveraged-loss-collateral,publish,https://coincu.com/astr-whale-leveraged-loss-collateral,20,5,0,0,keep,has_backlink
363628,2025-09-21T17:09:53,monad-token-whales-market-listing,publish,https://coincu.com/monad-token-whales-market-listing,10,3,0,0,keep,has_backlink
363622,2025-09-21T16:09:34,huang-licheng-high-leverage-losses,publish,https://coincu.com/huang-licheng-high-leverage-losses,9,3,0,0,keep,has_backlink
363619,2025-09-21T15:40:15,arthur-hayes-hype-tokens-sale,publish,https://coincu.com/arthur-hayes-hype-tokens-sale,21,5,0,0,keep,has_backlink
363608,2025-09-21T15:10:07,htx-launches-trucerts-blockchain-system,publish,https://coincu.com/htx-launches-trucerts-blockchain-system,39,6,0,0,keep,has_backlink
363605,2025-09-21T14:40:47,usdt-market-cap-record-rise,publish,https://coincu.com/usdt-market-cap-record-rise,16,3,0,0,keep,has_backlink
363602,2025-09-21T14:11:01,cz-follower-growth-question-binance,publish,https://coincu.com/cz-follower-growth-question-binance,14,6,0,0,keep,has_backlink
363599,2025-09-21T13:39:29,aster-project-apx-token-migration,publish,https://coincu.com/aster-project-apx-token-migration,23,5,0,0,keep,has_backlink
363596,2025-09-21T13:10:36,michael-saylor-bitcoin-tracker-update-2,publish,https://coincu.com/michael-saylor-bitcoin-tracker-update-2,13,2,0,0,keep,has_backlink
363593,2025-09-21T12:39:57,jefferies-crypto-early-internet-phase,publish,https://coincu.com/jefferies-crypto-early-internet-phase,16,3,0,0,keep,has_backlink
363579,2025-09-21T11:40:07,ronin-treasury-ron-buyback,publish,https://coincu.com/ronin-treasury-ron-buyback,31,9,0,0,keep,has_backlink
363571,2025-09-21T11:32:35,dogecoin-pullback-near-0-27,publish,https://coincu.com/dogecoin-pullback-near-0-27,8,3,0,0,keep,has_backlink
363569,2025-09-21T11:09:01,coinbase-plans-crypto-super-app,publish,https://coincu.com/coinbase-plans-crypto-super-app,9,4,0,0,keep,has_backlink
363566,2025-09-21T10:39:29,michael-saylor-bitcoin-price-growth,publish,https://coincu.com/michael-saylor-bitcoin-price-growth,10,5,0,0,keep,has_backlink
363563,2025-09-21T10:09:38,finary-secures-funding-expands-crypto,publish,https://coincu.com/finary-secures-funding-expands-crypto,11,4,0,0,keep,has_backlink
363557,2025-09-21T09:10:06,binance-0g-airdrop-trading-launch,publish,https://coincu.com/binance-0g-airdrop-trading-launch,8,4,0,0,keep,has_backlink
363554,2025-09-21T08:39:28,nft-market-rebound-ethereum-sales-rise,publish,https://coincu.com/nft-market-rebound-ethereum-sales-rise,29,6,0,0,keep,has_backlink
363547,2025-09-21T08:10:46,metamask-hyperliquid-integration-trading,publish,https://coincu.com/metamask-hyperliquid-integration-trading,7,3,0,0,keep,has_backlink
363544,2025-09-21T07:39:55,ethereum-address-remarkable-apx-returns,publish,https://coincu.com/ethereum-address-remarkable-apx-returns,19,6,0,0,keep,has_backlink
363538,2025-09-21T07:07:19,sep-23-binance-alpha-users-claim-0g-alpha-points,publish,https://coincu.com/sep-23-binance-alpha-users-claim-0g-alpha-points,10,5,0,0,keep,has_backlink
363536,2025-09-21T06:09:50,faraday-future-invests-in-cxc10,publish,https://coincu.com/faraday-future-invests-in-cxc10,24,5,0,0,keep,has_backlink
363533,2025-09-21T05:40:11,wlf-advisor-ogle-aster-position,publish,https://coincu.com/wlf-advisor-ogle-aster-position,18,4,0,0,keep,has_backlink
363530,2025-09-21T05:19:13,sep-21-gate-alpha-claim-myx-160-points,publish,https://coincu.com/sep-21-gate-alpha-claim-myx-160-points,22,6,0,0,keep,has_backlink
363528,2025-09-21T05:09:46,us-government-shutdown-senate-standoff,publish,https://coincu.com/us-government-shutdown-senate-standoff,23,6,0,0,keep,has_backlink
363525,2025-09-21T04:40:00,pump-fun-outpaces-hyperliquid-revenue,publish,https://coincu.com/pump-fun-outpaces-hyperliquid-revenue,20,6,0,0,keep,has_backlink
363519,2025-09-21T03:39:24,aster-token-withdrawal-wallet-analysis,publish,https://coincu.com/aster-token-withdrawal-wallet-analysis,17,4,54,187,keep,has_backlink|has_gsc_3m
363516,2025-09-21T03:20:16,crypto-assets-conference-2026,publish,https://coincu.com/crypto-assets-conference-2026,24,7,0,0,keep,has_backlink
363514,2025-09-21T03:09:54,okx-on-chain-contract-launch-delay,publish,https://coincu.com/okx-on-chain-contract-launch-delay,19,5,0,0,keep,has_backlink
363511,2025-09-21T03:09:01,sep-23-binance-alpha-users-claim-bless-points,publish,https://coincu.com/sep-23-binance-alpha-users-claim-bless-points,12,4,0,0,keep,has_backlink
363506,2025-09-21T02:10:07,okx-weekly-boost-events-layer2,publish,https://coincu.com/okx-weekly-boost-events-layer2,22,5,0,0,keep,has_backlink
363503,2025-09-21T01:39:55,ethereum-sustainable-low-risk-defi,publish,https://coincu.com/ethereum-sustainable-low-risk-defi,21,6,0,0,keep,has_backlink
363500,2025-09-21T01:10:08,arthur-hayes-crypto-rise-treasury,publish,https://coincu.com/arthur-hayes-crypto-rise-treasury,30,6,0,0,keep,has_backlink
363497,2025-09-21T00:40:09,arthur-hayes-cryptos-growth-prediction,publish,https://coincu.com/arthur-hayes-cryptos-growth-prediction,25,5,0,0,keep,has_backlink
363494,2025-09-20T23:39:20,faraday-future-qualigen-crypto-pivot,publish,https://coincu.com/faraday-future-qualigen-crypto-pivot,27,5,0,0,keep,has_backlink
363491,2025-09-20T23:10:33,hong-kong-crypto-scam-investigation,publish,https://coincu.com/hong-kong-crypto-scam-investigation,27,5,0,0,keep,has_backlink
363488,2025-09-20T22:39:47,wlf-wlfi-token-buyback-plan,publish,https://coincu.com/wlf-wlfi-token-buyback-plan,26,6,0,0,keep,has_backlink
363485,2025-09-20T21:39:07,faraday-future-qlgn-crypto-investment,publish,https://coincu.com/faraday-future-qlgn-crypto-investment,23,5,0,0,keep,has_backlink
363482,2025-09-20T21:08:56,bytedance-adhere-chinese-laws-tiktok,publish,https://coincu.com/bytedance-adhere-chinese-laws-tiktok,21,5,0,0,keep,has_backlink
363479,2025-09-20T20:40:25,trump-lawsuit-dismissed-ny-times,publish,https://coincu.com/trump-lawsuit-dismissed-ny-times,18,5,0,0,keep,has_backlink
363339,2025-09-20T20:30:00,3-crypto-projects-ready-to-explode-blockchainfx-tapzi-and-coldware,publish,https://coincu.com/3-crypto-projects-ready-to-explode-blockchainfx-tapzi-and-coldware,9,3,0,0,keep,has_backlink
363458,2025-09-20T20:09:49,ld-capital-rebrands-liquid-capital,publish,https://coincu.com/ld-capital-rebrands-liquid-capital,13,4,0,0,keep,has_backlink
363455,2025-09-20T19:39:40,finary-series-b-paypal-ventures,publish,https://coincu.com/finary-series-b-paypal-ventures,18,5,0,0,keep,has_backlink
363452,2025-09-20T19:09:00,metaplanet-stock-buybacks-btc-strategy,publish,https://coincu.com/metaplanet-stock-buybacks-btc-strategy,18,5,0,0,keep,has_backlink
363441,2025-09-20T18:45:01,sui-builds-momentum,publish,https://coincu.com/sui-builds-momentum,20,6,0,0,keep,has_backlink
363447,2025-09-20T18:40:09,curve-allegations-haowi-onekey-legal,publish,https://coincu.com/curve-allegations-haowi-onekey-legal,17,5,0,0,keep,has_backlink
363439,2025-09-20T18:09:17,coinbase-ceo-assists-kevin-durant,publish,https://coincu.com/coinbase-ceo-assists-kevin-durant,13,4,0,0,keep,has_backlink
363421,2025-09-20T17:10:53,federal-reserve-interest-rates-market-reactions,publish,https://coincu.com/federal-reserve-interest-rates-market-reactions,21,4,0,0,keep,has_backlink
363400,2025-09-20T15:42:05,chainlink-link-on-track-for-30,publish,https://coincu.com/chainlink-link-on-track-for-30,9,4,0,0,keep,has_backlink
363412,2025-09-20T15:41:19,crypto-market-liquidations-impact,publish,https://coincu.com/crypto-market-liquidations-impact,17,4,0,0,keep,has_backlink
363405,2025-09-20T15:10:07,durant-coinbase-account-restored,publish,https://coincu.com/durant-coinbase-account-restored,15,4,0,0,keep,has_backlink
363388,2025-09-20T14:09:23,trump-gold-card-visa-program,publish,https://coincu.com/trump-gold-card-visa-program,17,5,0,0,keep,has_backlink
363385,2025-09-20T13:41:18,whale-strategic-hedging-aster-trade,publish,https://coincu.com/whale-strategic-hedging-aster-trade,14,4,0,0,keep,has_backlink
363382,2025-09-20T13:10:32,binance-alpha-froggie-airdrop-live,publish,https://coincu.com/binance-alpha-froggie-airdrop-live,11,4,0,0,keep,has_backlink
363378,2025-09-20T12:09:53,faraday-future-investment-qualigen-crypto,publish,https://coincu.com/faraday-future-investment-qualigen-crypto,9,4,0,0,keep,has_backlink
363366,2025-09-20T11:22:12,dogecoin-price-prediction-rsi-support,publish,https://coincu.com/dogecoin-price-prediction-rsi-support,24,7,0,0,keep,has_backlink
363365,2025-09-20T11:09:46,coinbase-super-app-crypto-banking,publish,https://coincu.com/coinbase-super-app-crypto-banking,6,3,0,0,keep,has_backlink
363334,2025-09-20T10:29:15,xrp-shows-strength-after-10-months-of,publish,https://coincu.com/xrp-shows-strength-after-10-months-of,10,3,0,0,keep,has_backlink
363333,2025-09-20T10:09:50,bitgo-ipo-nyse-listing-2025,publish,https://coincu.com/bitgo-ipo-nyse-listing-2025,6,2,0,0,keep,has_backlink
363324,2025-09-20T09:11:18,anchorage-digital-fed-master-account,publish,https://coincu.com/anchorage-digital-fed-master-account,8,4,0,0,keep,has_backlink
363312,2025-09-20T08:50:08,bullish-signal-ethereum-whales-stack-eth,publish,https://coincu.com/bullish-signal-ethereum-whales-stack-eth,15,6,0,0,keep,has_backlink
363308,2025-09-20T07:42:02,ftx-third-distribution-creditors,publish,https://coincu.com/ftx-third-distribution-creditors,6,2,0,0,keep,has_backlink
363305,2025-09-20T07:10:04,trump-gold-card-immigration-program,publish,https://coincu.com/trump-gold-card-immigration-program,16,5,0,0,keep,has_backlink
363302,2025-09-20T06:39:57,ftx-billion-creditor-distribution-2025,publish,https://coincu.com/ftx-billion-creditor-distribution-2025,14,5,0,0,keep,has_backlink
363299,2025-09-20T06:10:17,sec-financial-report-disclosure-reform,publish,https://coincu.com/sec-financial-report-disclosure-reform,10,3,0,0,keep,has_backlink
363296,2025-09-20T05:40:28,metamask-hyperliquid-perpetual-integration,publish,https://coincu.com/metamask-hyperliquid-perpetual-integration,9,4,0,0,keep,has_backlink
363293,2025-09-20T05:09:59,crypto-market-index-drop-analysis,publish,https://coincu.com/crypto-market-index-drop-analysis,35,5,0,0,keep,has_backlink
363290,2025-09-20T04:43:03,sep-20-gate-alpha-users-claim-wod-alpha-points,publish,https://coincu.com/sep-20-gate-alpha-users-claim-wod-alpha-points,29,2,0,0,keep,has_backlink
363284,2025-09-20T04:10:05,coinbase-morpho-decentralized-lending-launch,publish,https://coincu.com/coinbase-morpho-decentralized-lending-launch,15,4,0,0,keep,has_backlink
363281,2025-09-20T03:40:35,eu-sanctions-russia-cryptocurrency-ban,publish,https://coincu.com/eu-sanctions-russia-cryptocurrency-ban,10,5,0,0,keep,has_backlink
363278,2025-09-20T03:09:42,rabby-wallet-token-launch-survey,publish,https://coincu.com/rabby-wallet-token-launch-survey,5,2,0,0,keep,has_backlink
363272,2025-09-20T02:10:07,gensler-crypto-enforcement-defends-regulations,publish,https://coincu.com/gensler-crypto-enforcement-defends-regulations,8,4,0,0,keep,has_backlink
363269,2025-09-20T01:40:10,hong-kong-crypto-scam-eth-2025,publish,https://coincu.com/hong-kong-crypto-scam-eth-2025,5,4,0,0,keep,has_backlink
363266,2025-09-20T01:11:00,bitgo-ipo-nyse-listing,publish,https://coincu.com/bitgo-ipo-nyse-listing,8,4,0,0,keep,has_backlink
363260,2025-09-20T00:10:15,milan-promotes-quick-rate-cuts,publish,https://coincu.com/milan-promotes-quick-rate-cuts,28,5,0,0,keep,has_backlink
363253,2025-09-19T22:40:01,upbit-lists-four-new-tokens,publish,https://coincu.com/upbit-lists-four-new-tokens,20,4,0,0,keep,has_backlink
363247,2025-09-19T21:41:39,circle-mints-usdc-solana-network-2,publish,https://coincu.com/circle-mints-usdc-solana-network-2,12,6,0,0,keep,has_backlink
363238,2025-09-19T21:16:30,x-uncovers-bribery-ring-tied-to-crypto,publish,https://coincu.com/x-uncovers-bribery-ring-tied-to-crypto,10,4,0,0,keep,has_backlink
363232,2025-09-19T20:28:07,ftx-to-release-1-6b-in-third-payout-to,publish,https://coincu.com/ftx-to-release-1-6b-in-third-payout-to,10,3,0,0,keep,has_backlink
363217,2025-09-19T19:10:24,us-house-passes-stopgap-bill,publish,https://coincu.com/us-house-passes-stopgap-bill,10,3,0,0,keep,has_backlink
363205,2025-09-19T18:44:52,solana-whale-buys-11233-sol,publish,https://coincu.com/solana-whale-buys-11233-sol,14,4,0,0,keep,has_backlink
363202,2025-09-19T18:11:07,coinbase-base-token-issuance-exploration,publish,https://coincu.com/coinbase-base-token-issuance-exploration,9,5,0,0,keep,has_backlink
363195,2025-09-19T17:40:10,xi-trump-china-us-trade-relations,publish,https://coincu.com/xi-trump-china-us-trade-relations,11,3,0,0,keep,has_backlink
363181,2025-09-19T16:11:24,hyperliquid-surges-revenue-competitors,publish,https://coincu.com/hyperliquid-surges-revenue-competitors,17,4,0,0,keep,has_backlink
363173,2025-09-19T15:40:37,federal-reserve-milan-threatens-exit-trump,publish,https://coincu.com/federal-reserve-milan-threatens-exit-trump,7,4,0,0,keep,has_backlink
363150,2025-09-19T14:27:56,live-crypto-presale-12x-returns-on-launch-rwa-rewards-and-a-2-5-million-giveaway,publish,https://coincu.com/live-crypto-presale-12x-returns-on-launch-rwa-rewards-and-a-2-5-million-giveaway,12,3,0,0,keep,has_backlink
363118,2025-09-19T10:56:28,dogecoin-and-one-ethereum-coin-under-0-0025-named-most-important-meme-coins-in-2025-heres-how-one-could-35x-your-wealth,publish,https://coincu.com/dogecoin-and-one-ethereum-coin-under-0-0025-named-most-important-meme-coins-in-2025-heres-how-one-could-35x-your-wealth,7,1,0,0,keep,has_backlink
363111,2025-09-19T10:23:04,september-19-gate-alpha-users-claim-ovpp-alpha-points,publish,https://coincu.com/september-19-gate-alpha-users-claim-ovpp-alpha-points,9,3,0,0,keep,has_backlink
363109,2025-09-19T10:15:19,sep-19-gate-alpha-users-claim-ovpp-120-points,publish,https://coincu.com/sep-19-gate-alpha-users-claim-ovpp-120-points,7,2,0,0,keep,has_backlink
363094,2025-09-19T09:05:10,sept-20-binance-alpha-users-claim-ko,publish,https://coincu.com/sept-20-binance-alpha-users-claim-ko,6,3,0,0,keep,has_backlink
363057,2025-09-19T08:23:21,btc-nears-ath,publish,https://coincu.com/btc-nears-ath,12,5,0,0,keep,has_backlink
363056,2025-09-19T07:45:24,sep-19-binance-alpha-users-claim-aop-200-points,publish,https://coincu.com/sep-19-binance-alpha-users-claim-aop-200-points,4,2,0,0,keep,has_backlink
363049,2025-09-19T07:39:53,matrixport-bitcoin-economic-resilience,publish,https://coincu.com/matrixport-bitcoin-economic-resilience,13,4,0,0,keep,has_backlink
363046,2025-09-19T07:10:25,yunfeng-web3-leadership-jiang-guofei,publish,https://coincu.com/yunfeng-web3-leadership-jiang-guofei,4,3,0,0,keep,has_backlink
363040,2025-09-19T06:08:57,bank-japan-sell-etf-jreit,publish,https://coincu.com/bank-japan-sell-etf-jreit,11,3,0,0,keep,has_backlink
363037,2025-09-19T05:40:11,pump-fun-app-user-growth-2025,publish,https://coincu.com/pump-fun-app-user-growth-2025,16,4,0,0,keep,has_backlink
363030,2025-09-19T05:02:43,bybit-becomes-first-crypto-exchange-to-partner-with-qnb-group-and-dmz-finance-to-accept-qcdt-unlocking-institutional-access-to-digital-assets,publish,https://coincu.com/bybit-becomes-first-crypto-exchange-to-partner-with-qnb-group-and-dmz-finance-to-accept-qcdt-unlocking-institutional-access-to-digital-assets,13,1,0,0,keep,has_backlink
363020,2025-09-19T04:39:41,coinbase-defi-lending-morpho,publish,https://coincu.com/coinbase-defi-lending-morpho,143,7,0,0,keep,has_backlink
363014,2025-09-19T04:10:02,bank-japan-rates-crypto-impact,publish,https://coincu.com/bank-japan-rates-crypto-impact,20,6,0,0,keep,has_backlink
363011,2025-09-19T03:40:30,goldman-sachs-boe-rate-cut-2025,publish,https://coincu.com/goldman-sachs-boe-rate-cut-2025,14,4,0,0,keep,has_backlink
363002,2025-09-19T02:39:33,chaincatcher-alibaba-cloud-blockchain,publish,https://coincu.com/chaincatcher-alibaba-cloud-blockchain,33,5,0,0,keep,has_backlink
362999,2025-09-19T02:09:39,hong-kong-virtual-asset-accounting,publish,https://coincu.com/hong-kong-virtual-asset-accounting,17,6,0,0,keep,has_backlink
362993,2025-09-19T01:10:50,us-lawmakers-sec-crypto-listings,publish,https://coincu.com/us-lawmakers-sec-crypto-listings,15,4,0,0,keep,has_backlink
362984,2025-09-18T23:38:16,paypal-expands-pyusd-blockchains,publish,https://coincu.com/paypal-expands-pyusd-blockchains,37,7,0,0,keep,has_backlink
362981,2025-09-18T23:09:48,coinbase-usdc-lending-high-yield,publish,https://coincu.com/coinbase-usdc-lending-high-yield,42,7,0,0,keep,has_backlink
362931,2025-09-18T23:00:00,grvt-raises-19m-to-pioneer-privacy-first-onchain-finance-and-unlock-trillion-dollar-markets,publish,https://coincu.com/grvt-raises-19m-to-pioneer-privacy-first-onchain-finance-and-unlock-trillion-dollar-markets,10,1,0,0,keep,has_backlink
362978,2025-09-18T22:40:50,rcpm-crypto-seizure-tradeogre,publish,https://coincu.com/rcpm-crypto-seizure-tradeogre,22,5,0,0,keep,has_backlink
362975,2025-09-18T22:09:08,us-crypto-stocks-gains-market,publish,https://coincu.com/us-crypto-stocks-gains-market,141,5,0,0,keep,has_backlink
362969,2025-09-18T21:36:28,warsaw-stock-exchange-launches-first,publish,https://coincu.com/warsaw-stock-exchange-launches-first,55,7,0,0,keep,has_backlink
362968,2025-09-18T21:10:14,plasma-tge-mainnet-launch-september,publish,https://coincu.com/plasma-tge-mainnet-launch-september,18,5,0,0,keep,has_backlink
362965,2025-09-18T20:39:49,plasma-mainnet-launch-stablecoin-liquidity,publish,https://coincu.com/plasma-mainnet-launch-stablecoin-liquidity,15,3,0,0,keep,has_backlink
362962,2025-09-18T20:09:30,plasma-mainnet-launch-xpl-token,publish,https://coincu.com/plasma-mainnet-launch-xpl-token,16,4,0,0,keep,has_backlink
362955,2025-09-18T20:06:43,paypal-expands-pyusd0-to-sei-tron-and,publish,https://coincu.com/paypal-expands-pyusd0-to-sei-tron-and,40,14,0,0,keep,has_backlink
362954,2025-09-18T19:40:18,solmate-rebrand-300m-sol-treasury,publish,https://coincu.com/solmate-rebrand-300m-sol-treasury,21,6,0,0,keep,has_backlink
362951,2025-09-18T19:11:21,solmate-manages-300m-solana-uae,publish,https://coincu.com/solmate-manages-300m-solana-uae,13,4,0,0,keep,has_backlink
362948,2025-09-18T18:40:01,solmate-300m-sol-treasury-uae,publish,https://coincu.com/solmate-300m-sol-treasury-uae,20,5,0,0,keep,has_backlink
362937,2025-09-18T17:40:44,crypto-lending-expansion-prediction,publish,https://coincu.com/crypto-lending-expansion-prediction,144,6,0,0,keep,has_backlink
362929,2025-09-18T17:10:14,sec-crypto-etf-listing-standard,publish,https://coincu.com/sec-crypto-etf-listing-standard,12,5,0,0,keep,has_backlink
362915,2025-09-18T16:18:41,solana-breakout-rally-target-320,publish,https://coincu.com/solana-breakout-rally-target-320,14,5,0,0,keep,has_backlink
362919,2025-09-18T16:11:45,trump-supreme-court-dismiss-fed,publish,https://coincu.com/trump-supreme-court-dismiss-fed,12,4,0,0,keep,has_backlink
362914,2025-09-18T15:41:21,paypal-pyusd-launches-stellar,publish,https://coincu.com/paypal-pyusd-launches-stellar,15,5,0,0,keep,has_backlink
362906,2025-09-18T15:14:42,brera-holdings-renames-to-solmate,publish,https://coincu.com/brera-holdings-renames-to-solmate,5,3,0,0,keep,has_backlink
362894,2025-09-18T14:34:37,dogecoin-forms-5-wave-diagonal,publish,https://coincu.com/dogecoin-forms-5-wave-diagonal,18,5,0,0,keep,has_backlink
362893,2025-09-18T14:12:00,trump-investment-claim-economists-skeptical,publish,https://coincu.com/trump-investment-claim-economists-skeptical,8,3,0,0,keep,has_backlink
362882,2025-09-18T13:41:47,jpmorgan-dovish-rate-guidance,publish,https://coincu.com/jpmorgan-dovish-rate-guidance,14,3,0,0,keep,has_backlink
362850,2025-09-18T12:16:36,the-breakthrough-of-3-the-development-of-sjmine-on-xrp,publish,https://coincu.com/the-breakthrough-of-3-the-development-of-sjmine-on-xrp,2,1,0,0,keep,has_backlink
362841,2025-09-18T12:01:15,investors-rotate-in-q3-flows-shift-to-sol,publish,https://coincu.com/investors-rotate-in-q3-flows-shift-to-sol,13,3,0,0,keep,has_backlink
362840,2025-09-18T11:39:30,nvidia-intel-chip-partnership,publish,https://coincu.com/nvidia-intel-chip-partnership,14,4,0,0,keep,has_backlink
362829,2025-09-18T11:12:10,heres-what-analysts-say-about-xrps-next,publish,https://coincu.com/heres-what-analysts-say-about-xrps-next,15,4,0,0,keep,has_backlink
362834,2025-09-18T11:10:04,north-korean-hackers-crypto-loss,publish,https://coincu.com/north-korean-hackers-crypto-loss,11,3,0,0,keep,has_backlink
362828,2025-09-18T10:39:50,koscom-korean-won-stablecoin-trademark,publish,https://coincu.com/koscom-korean-won-stablecoin-trademark,10,4,0,0,keep,has_backlink
362818,2025-09-18T10:09:50,bank-japan-interest-rate-2025,publish,https://coincu.com/bank-japan-interest-rate-2025,10,4,0,0,keep,has_backlink
362813,2025-09-18T09:39:51,bhutan-bitcoin-wallet-transfer,publish,https://coincu.com/bhutan-bitcoin-wallet-transfer,9,3,0,0,keep,has_backlink
362798,2025-09-18T08:40:08,binance-alpha-launches-deagentai-aia,publish,https://coincu.com/binance-alpha-launches-deagentai-aia,8,6,0,0,keep,has_backlink
362790,2025-09-18T08:36:32,btc-leverage-builds-near-120k,publish,https://coincu.com/btc-leverage-builds-near-120k,17,7,0,0,keep,has_backlink
362769,2025-09-18T07:09:14,sept-18-gate-alpha-users-claim-pump-156-alpha-points,publish,https://coincu.com/sept-18-gate-alpha-users-claim-pump-156-alpha-points,7,4,0,0,keep,has_backlink
362763,2025-09-18T06:39:31,binance-warns-north-korean-hackers,publish,https://coincu.com/binance-warns-north-korean-hackers,11,6,0,0,keep,has_backlink
362751,2025-09-18T06:10:02,binance-warning-north-korean-hacker-tactics,publish,https://coincu.com/binance-warning-north-korean-hacker-tactics,13,6,0,0,keep,has_backlink
362747,2025-09-18T05:40:50,asic-stablecoin-distribution-exemption,publish,https://coincu.com/asic-stablecoin-distribution-exemption,14,4,0,0,keep,has_backlink
362744,2025-09-18T05:11:01,federal-reserve-2025-rate-cuts,publish,https://coincu.com/federal-reserve-2025-rate-cuts,22,6,0,0,keep,has_backlink
362741,2025-09-18T04:39:57,nomura-fed-rate-cut-forecast-2025,publish,https://coincu.com/nomura-fed-rate-cut-forecast-2025,20,5,0,0,keep,has_backlink
362734,2025-09-18T04:07:42,sep-19-binance-alpha-users-claim-aop,publish,https://coincu.com/sep-19-binance-alpha-users-claim-aop,10,6,0,0,keep,has_backlink
362732,2025-09-18T03:40:16,jup-stakers-met-airdrop-announcement,publish,https://coincu.com/jup-stakers-met-airdrop-announcement,21,6,0,0,keep,has_backlink
362729,2025-09-18T03:09:46,ripple-dbs-fullerton-tokenized-fund,publish,https://coincu.com/ripple-dbs-fullerton-tokenized-fund,13,5,0,0,keep,has_backlink
362726,2025-09-18T02:40:39,hong-kong-fed-rate-cuts-2025,publish,https://coincu.com/hong-kong-fed-rate-cuts-2025,32,6,0,0,keep,has_backlink
362720,2025-09-18T01:41:06,powell-clarifies-fed-dual-mandate,publish,https://coincu.com/powell-clarifies-fed-dual-mandate,118,7,0,0,keep,has_backlink
362717,2025-09-18T00:40:20,hong-kong-monetary-authority-rate,publish,https://coincu.com/hong-kong-monetary-authority-rate,44,6,0,0,keep,has_backlink
362714,2025-09-18T00:09:55,sec-faster-etp-listings,publish,https://coincu.com/sec-faster-etp-listings,31,5,0,0,keep,has_backlink
362708,2025-09-17T23:09:13,fed-rate-cut-employment-increase,publish,https://coincu.com/fed-rate-cut-employment-increase,31,5,0,0,keep,has_backlink
362702,2025-09-17T22:09:47,fed-rate-cut-tariff-impact-powell,publish,https://coincu.com/fed-rate-cut-tariff-impact-powell,26,5,0,0,keep,has_backlink
362699,2025-09-17T21:39:29,gold-silver-prices-drop-powell,publish,https://coincu.com/gold-silver-prices-drop-powell,20,5,0,0,keep,has_backlink
362696,2025-09-17T21:10:06,chaincatcher-rootdata-crypto2025-conference,publish,https://coincu.com/chaincatcher-rootdata-crypto2025-conference,27,4,0,0,keep,has_backlink
362693,2025-09-17T20:39:22,fed-cuts-rates-economic-risks,publish,https://coincu.com/fed-cuts-rates-economic-risks,19,4,0,0,keep,has_backlink
362687,2025-09-17T19:40:39,fed-labor-market-rate-decision,publish,https://coincu.com/fed-labor-market-rate-decision,18,3,0,0,keep,has_backlink
362684,2025-09-17T19:11:55,powell-2-percent-inflation-target,publish,https://coincu.com/powell-2-percent-inflation-target,17,5,0,0,keep,has_backlink
362673,2025-09-17T18:48:08,eth-nearing-descending-broadening-wedge,publish,https://coincu.com/eth-nearing-descending-broadening-wedge,12,6,0,0,keep,has_backlink
362671,2025-09-17T18:13:31,fed-2025-rate-cut-impact,publish,https://coincu.com/fed-2025-rate-cut-impact,15,6,0,0,keep,has_backlink
362668,2025-09-17T17:40:56,cross-border-qr-code-payment-trial,publish,https://coincu.com/cross-border-qr-code-payment-trial,14,4,0,0,keep,has_backlink
362659,2025-09-17T17:09:53,federal-reserve-half-point-rate-cut,publish,https://coincu.com/federal-reserve-half-point-rate-cut,7,4,0,0,keep,has_backlink
362638,2025-09-17T15:11:51,blackrock-boosts-us-stocks-ai,publish,https://coincu.com/blackrock-boosts-us-stocks-ai,9,3,0,0,keep,has_backlink
362632,2025-09-17T14:39:53,cme-solana-xrp-futures-launch,publish,https://coincu.com/cme-solana-xrp-futures-launch,3,2,0,0,keep,has_backlink
362626,2025-09-17T14:11:19,real-estate-mortgage-controversy-investigation,publish,https://coincu.com/real-estate-mortgage-controversy-investigation,5,4,0,0,keep,has_backlink
362597,2025-09-17T12:08:55,bullish-nydfs-license-expansion,publish,https://coincu.com/bullish-nydfs-license-expansion,9,3,0,0,keep,has_backlink
362581,2025-09-17T11:38:05,binance-records-2b-stablecoin-inflows,publish,https://coincu.com/binance-records-2b-stablecoin-inflows,30,4,0,0,keep,has_backlink
362577,2025-09-17T11:09:28,uk-fca-crypto-regulations-2025,publish,https://coincu.com/uk-fca-crypto-regulations-2025,21,4,0,0,keep,has_backlink
362568,2025-09-17T10:22:54,bybit-q3-2025-asset-allocation-report-stablecoin-holdings-drop-as-investors-pivot-to-sol-xrp-and-altcoins,publish,https://coincu.com/bybit-q3-2025-asset-allocation-report-stablecoin-holdings-drop-as-investors-pivot-to-sol-xrp-and-altcoins,9,1,0,0,keep,has_backlink
362564,2025-09-17T10:09:29,metaplanet-bitcoin-investment-october,publish,https://coincu.com/metaplanet-bitcoin-investment-october,11,2,0,0,keep,has_backlink
362552,2025-09-17T09:40:22,tether-profit-usat-token-strategy,publish,https://coincu.com/tether-profit-usat-token-strategy,6,3,0,0,keep,has_backlink
362548,2025-09-17T09:27:04,flipster-partners-with-wlfi-to-advance-global-stablecoin-adoption-through-usd1-integration,publish,https://coincu.com/flipster-partners-with-wlfi-to-advance-global-stablecoin-adoption-through-usd1-integration,2,1,0,0,keep,has_backlink
362504,2025-09-17T09:01:58,xrp-soars-to-3-90-before-rejection,publish,https://coincu.com/xrp-soars-to-3-90-before-rejection,14,5,0,0,keep,has_backlink
362529,2025-09-17T08:39:52,pump-fun-3-297m-buyback,publish,https://coincu.com/pump-fun-3-297m-buyback,12,4,0,0,keep,has_backlink
362519,2025-09-17T08:23:13,btc-trades-7-above-st-cost-basis-eyes,publish,https://coincu.com/btc-trades-7-above-st-cost-basis-eyes,24,6,0,0,keep,has_backlink
362514,2025-09-17T08:10:18,metaplanet-expands-bitcoin-business,publish,https://coincu.com/metaplanet-expands-bitcoin-business,15,6,0,0,keep,has_backlink
362497,2025-09-17T07:11:41,sec-delays-bitcoin-etf-decision,publish,https://coincu.com/sec-delays-bitcoin-etf-decision,3,1,0,0,keep,has_backlink
362489,2025-09-17T06:08:36,insight-investment-fed-rate-impact,publish,https://coincu.com/insight-investment-fed-rate-impact,8,5,0,0,keep,has_backlink
362486,2025-09-17T05:40:15,hong-kong-tokenization-policy-2025,publish,https://coincu.com/hong-kong-tokenization-policy-2025,15,4,0,0,keep,has_backlink
362483,2025-09-17T05:10:46,b-strategy-bnb-1-billion-treasury,publish,https://coincu.com/b-strategy-bnb-1-billion-treasury,14,7,0,0,keep,has_backlink
362480,2025-09-17T04:40:23,hong-kong-gold-tokenization-push,publish,https://coincu.com/hong-kong-gold-tokenization-push,18,4,0,0,keep,has_backlink
362477,2025-09-17T04:08:54,keyrock-turing-capital-acquisition,publish,https://coincu.com/keyrock-turing-capital-acquisition,12,3,0,0,keep,has_backlink
362474,2025-09-17T03:40:48,malta-esma-crypto-regulation,publish,https://coincu.com/malta-esma-crypto-regulation,17,5,0,0,keep,has_backlink
362465,2025-09-17T03:19:29,falconx-withdraws-98m-in-sol,publish,https://coincu.com/falconx-withdraws-98m-in-sol,12,4,0,0,keep,has_backlink
362460,2025-09-17T02:40:26,nothing-raises-200-million-series-c,publish,https://coincu.com/nothing-raises-200-million-series-c,14,4,0,0,keep,has_backlink
362457,2025-09-17T02:09:29,google-ai-payment-protocol-launch,publish,https://coincu.com/google-ai-payment-protocol-launch,114,5,0,0,keep,has_backlink
362453,2025-09-17T01:10:11,trump-nyt-lawsuit-memecoin-impact,publish,https://coincu.com/trump-nyt-lawsuit-memecoin-impact,30,7,0,0,keep,has_backlink
362450,2025-09-17T00:39:28,tether-us-stablecoin-market-return,publish,https://coincu.com/tether-us-stablecoin-market-return,119,8,0,0,keep,has_backlink
362447,2025-09-17T00:10:06,sec-delays-truth-social-etf,publish,https://coincu.com/sec-delays-truth-social-etf,15,6,0,0,keep,has_backlink
362444,2025-09-16T23:39:09,bitwise-files-stablecoin-etf,publish,https://coincu.com/bitwise-files-stablecoin-etf,98,5,0,0,keep,has_backlink
362441,2025-09-16T23:09:58,binance-doj-settlement-oversight-reduction,publish,https://coincu.com/binance-doj-settlement-oversight-reduction,14,5,0,0,keep,has_backlink
362429,2025-09-16T21:10:16,keyrock-acquires-turing-capital,publish,https://coincu.com/keyrock-acquires-turing-capital,23,5,0,0,keep,has_backlink
362415,2025-09-16T19:36:43,are-fed-rate-cuts-really-confirmed-for,publish,https://coincu.com/are-fed-rate-cuts-really-confirmed-for,15,7,0,0,keep,has_backlink
362402,2025-09-16T19:33:54,solana-bulls-eye-1000-as-stablecoin-flow,publish,https://coincu.com/solana-bulls-eye-1000-as-stablecoin-flow,19,4,0,0,keep,has_backlink
362407,2025-09-16T19:11:15,figure-ai-raises-1-billion-funding,publish,https://coincu.com/figure-ai-raises-1-billion-funding,2,1,0,0,keep,has_backlink
362401,2025-09-16T18:41:45,polkadot-phase-2-referendum-1721,publish,https://coincu.com/polkadot-phase-2-referendum-1721,30,9,0,0,keep,has_backlink
362394,2025-09-16T18:11:35,federal-reserve-governors-dissent,publish,https://coincu.com/federal-reserve-governors-dissent,21,4,0,0,keep,has_backlink
362387,2025-09-16T17:59:35,uk-and-us-prepare-crypto-regulation,publish,https://coincu.com/uk-and-us-prepare-crypto-regulation,11,6,0,0,keep,has_backlink
362374,2025-09-16T17:21:44,chainlink-joins-aethirs-ai-unbundled,publish,https://coincu.com/chainlink-joins-aethirs-ai-unbundled,35,10,0,0,keep,has_backlink
362365,2025-09-16T16:32:57,pump-fun-achieves-3-12m-daily-revenue,publish,https://coincu.com/pump-fun-achieves-3-12m-daily-revenue,9,4,0,0,keep,has_backlink
362362,2025-09-16T16:04:57,coinlocally-expands-its-ecosystem-with-native-coin-learn-to-earn-academy-and-global-kol-network,publish,https://coincu.com/coinlocally-expands-its-ecosystem-with-native-coin-learn-to-earn-academy-and-global-kol-network,3,1,0,0,keep,has_backlink
362360,2025-09-16T16:01:12,zircuit-launches-495k-grants-program-to-accelerate-web3-super-apps,publish,https://coincu.com/zircuit-launches-495k-grants-program-to-accelerate-web3-super-apps,5,1,0,0,keep,has_backlink
362357,2025-09-16T15:42:22,fed-enhances-powell-role-market,publish,https://coincu.com/fed-enhances-powell-role-market,17,4,0,0,keep,has_backlink
362340,2025-09-16T15:09:11,christopher-waller-federal-reserve-board,publish,https://coincu.com/christopher-waller-federal-reserve-board,13,3,0,0,keep,has_backlink
362317,2025-09-16T14:06:10,kintsu-launches-shype-on-hyperliquid,publish,https://coincu.com/kintsu-launches-shype-on-hyperliquid,6,1,0,0,keep,has_backlink
362299,2025-09-16T13:03:24,griffin-ai-officially-launches-agent-builder-with-15000-community-built-agents,publish,https://coincu.com/griffin-ai-officially-launches-agent-builder-with-15000-community-built-agents,5,1,0,0,keep,has_backlink
362290,2025-09-16T12:54:59,sep-18-binance-alpha-users-claim-bard-alpha-points,publish,https://coincu.com/sep-18-binance-alpha-users-claim-bard-alpha-points,7,2,0,0,keep,has_backlink
362276,2025-09-16T12:09:55,openbank-crypto-trading-germany-launch,publish,https://coincu.com/openbank-crypto-trading-germany-launch,13,5,0,0,keep,has_backlink
362269,2025-09-16T11:10:54,orqo-ripple-rlusd-yield-services,publish,https://coincu.com/orqo-ripple-rlusd-yield-services,8,3,0,0,keep,has_backlink
362266,2025-09-16T11:02:59,sep-18-binance-alpha-users-claim-aia,publish,https://coincu.com/sep-18-binance-alpha-users-claim-aia,6,3,3,196,keep,has_backlink|has_gsc_3m
362254,2025-09-16T11:00:00,h-mining-the-fastest-growing-mining-company-that-lets-you-easily-earn-5600-from-your-phone,publish,https://coincu.com/h-mining-the-fastest-growing-mining-company-that-lets-you-easily-earn-5600-from-your-phone,4,1,0,0,keep,has_backlink
362247,2025-09-16T10:18:59,sei-charts-hint-at-rebound,publish,https://coincu.com/sei-charts-hint-at-rebound,13,3,0,0,keep,has_backlink
362233,2025-09-16T09:09:56,hype-whale-unstakes-107m-crypto,publish,https://coincu.com/hype-whale-unstakes-107m-crypto,11,3,0,0,keep,has_backlink
362149,2025-09-16T02:10:34,sep-16-binance-alpha-users-claim-vlr-alpha-points,publish,https://coincu.com/sep-16-binance-alpha-users-claim-vlr-alpha-points,5,3,0,0,keep,has_backlink
362137,2025-09-15T19:14:46,avnt-expansion-ahead,publish,https://coincu.com/avnt-expansion-ahead,16,6,0,0,keep,has_backlink
362123,2025-09-15T16:04:22,dogecoin-surges-to-0-307,publish,https://coincu.com/dogecoin-surges-to-0-307,15,5,0,0,keep,has_backlink
362114,2025-09-15T14:48:43,gonka-launches-a-decentralized-network-redefining-ai-compute,publish,https://coincu.com/gonka-launches-a-decentralized-network-redefining-ai-compute,5,1,0,0,keep,has_backlink
362100,2025-09-15T13:58:39,ethereum-eye-new-ath-with-4880-breakout,publish,https://coincu.com/ethereum-eye-new-ath-with-4880-breakout,37,4,0,0,keep,has_backlink
362083,2025-09-15T10:04:10,galaxy-digital-buys-1-2m-solana,publish,https://coincu.com/galaxy-digital-buys-1-2m-solana,7,5,0,0,keep,has_backlink
362069,2025-09-15T08:47:11,btc-spot-volumes-halve-as-cex-trading,publish,https://coincu.com/btc-spot-volumes-halve-as-cex-trading,26,4,0,0,keep,has_backlink
362065,2025-09-15T07:55:02,sep-15-gate-alpha-users-claim-wai-110-points,publish,https://coincu.com/sep-15-gate-alpha-users-claim-wai-110-points,7,4,0,0,keep,has_backlink
362029,2025-09-14T15:19:28,sui-breakout-holds-strong,publish,https://coincu.com/sui-breakout-holds-strong,16,4,0,0,keep,has_backlink
362015,2025-09-13T23:15:59,solana-surges-above-230-support-level,publish,https://coincu.com/solana-surges-above-230-support-level,51,4,0,0,keep,has_backlink
362014,2025-09-13T13:20:39,sep-16-binance-alpha-users-claim-mrln-alpha-points,publish,https://coincu.com/sep-16-binance-alpha-users-claim-mrln-alpha-points,10,4,0,0,keep,has_backlink
362005,2025-09-13T10:10:54,sei-surges-30-next-stop-0-49,publish,https://coincu.com/sei-surges-30-next-stop-0-49,9,4,0,0,keep,has_backlink
361996,2025-09-13T08:55:15,btc-soars-higher-while-open-interest,publish,https://coincu.com/btc-soars-higher-while-open-interest,31,5,0,0,keep,has_backlink
361976,2025-09-13T03:50:26,cosmoverse-2025-split,publish,https://coincu.com/cosmoverse-2025-split,35,6,0,0,keep,has_backlink
361974,2025-09-13T03:20:15,crypto-invest-summit-2025,publish,https://coincu.com/crypto-invest-summit-2025,28,4,0,0,keep,has_backlink
361968,2025-09-12T20:31:58,sui-ready-for-breakout,publish,https://coincu.com/sui-ready-for-breakout,18,4,0,0,keep,has_backlink
361943,2025-09-12T15:56:28,solana-blasts-past-240,publish,https://coincu.com/solana-blasts-past-240,21,6,0,0,keep,has_backlink
361939,2025-09-12T14:18:37,polymarket-chainlink-prediction-integration,publish,https://coincu.com/polymarket-chainlink-prediction-integration,24,5,0,0,keep,has_backlink
361933,2025-09-12T14:07:07,solana-sol-price-breaks-out-amid-institutional-accumulation-while-new-coin-under-1-stands-out-with-evm-layer-2-edge,publish,https://coincu.com/solana-sol-price-breaks-out-amid-institutional-accumulation-while-new-coin-under-1-stands-out-with-evm-layer-2-edge,2,1,0,0,keep,has_backlink
361927,2025-09-12T13:48:49,gemini-ipo-bitcoin-gold-potential,publish,https://coincu.com/gemini-ipo-bitcoin-gold-potential,3,2,0,0,keep,has_backlink
361908,2025-09-12T12:41:22,sep-12-gate-alpha-users-claim-aa-token-alpha-points,publish,https://coincu.com/sep-12-gate-alpha-users-claim-aa-token-alpha-points,9,2,0,0,keep,has_backlink
361894,2025-09-12T11:49:05,modstealer-malware-threat-crypto-users,publish,https://coincu.com/modstealer-malware-threat-crypto-users,13,4,0,0,keep,has_backlink
361876,2025-09-12T11:30:57,ethena-ena-price-faces-pressure,publish,https://coincu.com/ethena-ena-price-faces-pressure,15,5,0,0,keep,has_backlink
361882,2025-09-12T11:19:59,morgan-stanley-fed-rate-cuts-2025,publish,https://coincu.com/morgan-stanley-fed-rate-cuts-2025,22,4,0,0,keep,has_backlink
361849,2025-09-12T09:08:55,sep-15-binance-alpha-users-claim-zkc-alpha-points,publish,https://coincu.com/sep-15-binance-alpha-users-claim-zkc-alpha-points,5,3,0,0,keep,has_backlink
361847,2025-09-12T08:48:43,chaincatcher-rwa-value-29-billion,publish,https://coincu.com/chaincatcher-rwa-value-29-billion,10,3,0,0,keep,has_backlink
361833,2025-09-12T07:48:33,dtcc-lists-fidelity-solana-etf,publish,https://coincu.com/dtcc-lists-fidelity-solana-etf,8,3,0,0,keep,has_backlink
361830,2025-09-12T07:19:29,binance-launch-xpinusdt-contract,publish,https://coincu.com/binance-launch-xpinusdt-contract,0,0,3,83,keep,has_gsc_3m
361816,2025-09-12T06:18:20,modstealer-malware-crypto-wallets,publish,https://coincu.com/modstealer-malware-crypto-wallets,13,6,0,0,keep,has_backlink
361812,2025-09-12T05:47:32,malware-targets-crypto-wallets,publish,https://coincu.com/malware-targets-crypto-wallets,14,6,0,0,keep,has_backlink
361809,2025-09-12T05:18:07,crypto-rate-cut-market-impact,publish,https://coincu.com/crypto-rate-cut-market-impact,26,5,0,0,keep,has_backlink
361806,2025-09-12T04:47:58,ethereum-developer-pay-gap-risks,publish,https://coincu.com/ethereum-developer-pay-gap-risks,15,4,0,0,keep,has_backlink
361800,2025-09-12T03:47:52,next-technology-reverse-stock-split,publish,https://coincu.com/next-technology-reverse-stock-split,7,3,0,0,keep,has_backlink
361797,2025-09-12T03:20:19,hodlween-2025,publish,https://coincu.com/hodlween-2025,20,3,0,0,keep,has_backlink
361789,2025-09-12T02:18:21,inflation-indicator-divergence-crypto-impact,publish,https://coincu.com/inflation-indicator-divergence-crypto-impact,24,4,0,0,keep,has_backlink
361780,2025-09-12T00:48:39,chinese-internet-firms-cryptocurrency-exit,publish,https://coincu.com/chinese-internet-firms-cryptocurrency-exit,19,4,0,0,keep,has_backlink
361774,2025-09-11T23:47:58,fidelity-canary-dtcc-etf-rumors,publish,https://coincu.com/fidelity-canary-dtcc-etf-rumors,23,4,3,239,keep,has_backlink|has_gsc_3m
361771,2025-09-11T23:16:57,gemini-ipo-rumors-confirmation-absent,publish,https://coincu.com/gemini-ipo-rumors-confirmation-absent,31,3,0,0,keep,has_backlink
361762,2025-09-11T21:48:46,starknet-bitcoin-staking-mainnet-launch,publish,https://coincu.com/starknet-bitcoin-staking-mainnet-launch,209,6,0,0,keep,has_backlink
361759,2025-09-11T21:17:58,ethereum-core-developer-pay-gap,publish,https://coincu.com/ethereum-core-developer-pay-gap,20,4,0,0,keep,has_backlink
361756,2025-09-11T20:48:19,avalanche-foundation-avax-funding-initiative,publish,https://coincu.com/avalanche-foundation-avax-funding-initiative,12,6,0,0,keep,has_backlink
361734,2025-09-11T19:52:25,here-is-solana-price-as-galaxy-digital,publish,https://coincu.com/here-is-solana-price-as-galaxy-digital,14,4,0,0,keep,has_backlink
361730,2025-09-11T19:39:08,chainlink-partners-with-ubs-and-digift,publish,https://coincu.com/chainlink-partners-with-ubs-and-digift,9,4,0,0,keep,has_backlink
361723,2025-09-11T18:18:25,ant-group-longxin-ant-chain-trust,publish,https://coincu.com/ant-group-longxin-ant-chain-trust,15,4,0,0,keep,has_backlink
361717,2025-09-11T17:18:21,ecb-interest-rate-hold-impact,publish,https://coincu.com/ecb-interest-rate-hold-impact,20,3,0,0,keep,has_backlink
361714,2025-09-11T16:48:02,gold-record-high-economic-concerns,publish,https://coincu.com/gold-record-high-economic-concerns,13,5,0,0,keep,has_backlink
361696,2025-09-11T15:17:49,ethereum-hack-usdc-tornado-cash,publish,https://coincu.com/ethereum-hack-usdc-tornado-cash,4,3,0,0,keep,has_backlink
361670,2025-09-11T13:47:43,fed-rate-cut-speculation-boosts-crypto,publish,https://coincu.com/fed-rate-cut-speculation-boosts-crypto,25,4,0,0,keep,has_backlink
361665,2025-09-11T13:18:26,us-jobless-claims-cryptocurrency-impact,publish,https://coincu.com/us-jobless-claims-cryptocurrency-impact,11,3,0,0,keep,has_backlink
361655,2025-09-11T13:01:08,eth-cme-futures-open-interest-hits-record,publish,https://coincu.com/eth-cme-futures-open-interest-hits-record,6,1,0,0,keep,has_backlink
361645,2025-09-11T12:17:46,stablecoin-boom-dfns-growth-challenges,publish,https://coincu.com/stablecoin-boom-dfns-growth-challenges,18,3,0,0,keep,has_backlink
361642,2025-09-11T12:01:01,sep-13-binance-alpha-users-claim-stbl-sufficient-points,publish,https://coincu.com/sep-13-binance-alpha-users-claim-stbl-sufficient-points,8,2,0,0,keep,has_backlink
361622,2025-09-11T10:47:28,chinese-firms-exit-hk-stablecoin-market,publish,https://coincu.com/chinese-firms-exit-hk-stablecoin-market,4,2,0,0,keep,has_backlink
361614,2025-09-11T10:18:12,hong-kong-crypto-asset-classification-2026,publish,https://coincu.com/hong-kong-crypto-asset-classification-2026,9,3,0,0,keep,has_backlink
361610,2025-09-11T10:03:35,kucoin-partners-with-golf-icon-adam-scott-as-global-brand-ambassador,publish,https://coincu.com/kucoin-partners-with-golf-icon-adam-scott-as-global-brand-ambassador,10,1,0,0,keep,has_backlink
361584,2025-09-11T09:24:45,billy-the-mascot-of-base-is-now-trading-live-on-base-chain,publish,https://coincu.com/billy-the-mascot-of-base-is-now-trading-live-on-base-chain,2,1,0,0,keep,has_backlink
361583,2025-09-11T09:18:02,figure-technologies-ipo-pricing,publish,https://coincu.com/figure-technologies-ipo-pricing,12,4,0,0,keep,has_backlink
361573,2025-09-11T09:09:39,miners-hold-btc-reserves-as-inflows-drop,publish,https://coincu.com/miners-hold-btc-reserves-as-inflows-drop,38,5,0,0,keep,has_backlink
361572,2025-09-11T08:47:35,august-inflation-fed-rate-cut,publish,https://coincu.com/august-inflation-fed-rate-cut,2,1,0,0,keep,has_backlink
361562,2025-09-11T07:17:09,ant-group-token-economy-focus,publish,https://coincu.com/ant-group-token-economy-focus,4,3,0,0,keep,has_backlink
361548,2025-09-11T05:47:48,us-cpi-data-market-impact,publish,https://coincu.com/us-cpi-data-market-impact,21,4,0,0,keep,has_backlink
361545,2025-09-11T05:17:55,hong-kong-crypto-regulations-basel,publish,https://coincu.com/hong-kong-crypto-regulations-basel,19,5,0,0,keep,has_backlink
361541,2025-09-11T04:18:20,sec-delays-franklin-solana-etf,publish,https://coincu.com/sec-delays-franklin-solana-etf,19,5,0,0,keep,has_backlink
361538,2025-09-11T03:48:46,genius-act-stablecoin-compliance-2026,publish,https://coincu.com/genius-act-stablecoin-compliance-2026,12,4,0,0,keep,has_backlink
361535,2025-09-11T03:20:18,tge-summit-2025-new-york-city,publish,https://coincu.com/tge-summit-2025-new-york-city,18,5,0,0,keep,has_backlink
361530,2025-09-11T02:48:34,inspector-general-reviews-bls-challenges,publish,https://coincu.com/inspector-general-reviews-bls-challenges,21,4,0,0,keep,has_backlink
361527,2025-09-11T02:18:13,sec-ethereum-etf-postponement,publish,https://coincu.com/sec-ethereum-etf-postponement,25,6,0,0,keep,has_backlink
361524,2025-09-11T01:48:01,project-crypto-unified-regulations,publish,https://coincu.com/project-crypto-unified-regulations,24,3,0,0,keep,has_backlink
361521,2025-09-11T01:17:43,binance-franklin-templeton-partnership,publish,https://coincu.com/binance-franklin-templeton-partnership,27,3,0,0,keep,has_backlink
361518,2025-09-11T00:47:58,quintenz-texts-winklevoss-cftc-nomination,publish,https://coincu.com/quintenz-texts-winklevoss-cftc-nomination,15,5,0,0,keep,has_backlink
361515,2025-09-11T00:18:16,wlfi-solana-project-wings-launch,publish,https://coincu.com/wlfi-solana-project-wings-launch,25,5,0,0,keep,has_backlink
361509,2025-09-10T23:18:12,vaneck-hyperliquid-etf-us-europe,publish,https://coincu.com/vaneck-hyperliquid-etf-us-europe,215,4,0,0,keep,has_backlink
361506,2025-09-10T22:47:43,sec-delays-fidelity-ethereum-etf,publish,https://coincu.com/sec-delays-fidelity-ethereum-etf,15,5,0,0,keep,has_backlink
361500,2025-09-10T21:17:54,sec-warning-meme-coin-investors,publish,https://coincu.com/sec-warning-meme-coin-investors,16,4,0,0,keep,has_backlink
361476,2025-09-10T19:17:57,sec-delays-ethereum-etf-decision-2,publish,https://coincu.com/sec-delays-ethereum-etf-decision-2,13,4,0,0,keep,has_backlink
361470,2025-09-10T18:18:43,linea-airdrop-distributes-tokens,publish,https://coincu.com/linea-airdrop-distributes-tokens,15,6,0,0,keep,has_backlink
361456,2025-09-10T17:17:55,sec-atkins-crypto-regulations,publish,https://coincu.com/sec-atkins-crypto-regulations,12,5,0,0,keep,has_backlink
361443,2025-09-10T16:47:38,trump-court-block-fed-chair,publish,https://coincu.com/trump-court-block-fed-chair,8,3,0,0,keep,has_backlink
361440,2025-09-10T16:17:51,zhao-dong-reportedly-released-impact,publish,https://coincu.com/zhao-dong-reportedly-released-impact,8,4,0,0,keep,has_backlink
361437,2025-09-10T15:47:32,linea-ecosystem-tokenomics-update,publish,https://coincu.com/linea-ecosystem-tokenomics-update,14,6,0,0,keep,has_backlink
361427,2025-09-10T15:18:33,us-inspector-general-labor-data-review,publish,https://coincu.com/us-inspector-general-labor-data-review,13,4,0,0,keep,has_backlink
361410,2025-09-10T14:19:25,miran-nomination-fed-approval,publish,https://coincu.com/miran-nomination-fed-approval,16,3,0,0,keep,has_backlink
361375,2025-09-10T13:49:09,sui-bullish-breakout-could-spark-momentum,publish,https://coincu.com/sui-bullish-breakout-could-spark-momentum,11,3,0,0,keep,has_backlink
361403,2025-09-10T13:47:40,trump-demands-fed-rate-cuts,publish,https://coincu.com/trump-demands-fed-rate-cuts,10,3,0,0,keep,has_backlink
361356,2025-09-10T13:33:05,dogecoin-surges-above-0-23,publish,https://coincu.com/dogecoin-surges-above-0-23,16,2,0,0,keep,has_backlink
361351,2025-09-10T12:48:23,cpi-report-us-market-impact,publish,https://coincu.com/cpi-report-us-market-impact,9,3,0,0,keep,has_backlink
361336,2025-09-10T12:20:09,sec-chairman-unifies-crypto-framework,publish,https://coincu.com/sec-chairman-unifies-crypto-framework,15,4,0,0,keep,has_backlink
361311,2025-09-10T09:56:40,sep-12-binance-alpha-users-claim-ub-alpha-points,publish,https://coincu.com/sep-12-binance-alpha-users-claim-ub-alpha-points,4,2,0,0,keep,has_backlink
361301,2025-09-10T08:41:31,eth-breakout-looms-as-symmetricaltriangle,publish,https://coincu.com/eth-breakout-looms-as-symmetricaltriangle,9,5,0,0,keep,has_backlink
361300,2025-09-10T08:13:15,sep-10-gate-alpha-users-claim-pump-with-points,publish,https://coincu.com/sep-10-gate-alpha-users-claim-pump-with-points,8,4,0,0,keep,has_backlink
361239,2025-09-09T16:15:16,myx-finance-airdrop-sybil-attack,publish,https://coincu.com/myx-finance-airdrop-sybil-attack,9,4,0,0,keep,has_backlink
361230,2025-09-09T16:10:13,dogecoin-set-for-breakout,publish,https://coincu.com/dogecoin-set-for-breakout,29,5,0,0,keep,has_backlink
361228,2025-09-09T15:43:38,duckdb-npm-account-compromised-malware,publish,https://coincu.com/duckdb-npm-account-compromised-malware,9,3,0,0,keep,has_backlink
361216,2025-09-09T13:43:57,figure-ipo-693m-nasdaq-figr,publish,https://coincu.com/figure-ipo-693m-nasdaq-figr,10,5,0,0,keep,has_backlink
361208,2025-09-09T12:44:26,trump-crypto-advisor-stablecoin-laws,publish,https://coincu.com/trump-crypto-advisor-stablecoin-laws,8,4,0,0,keep,has_backlink
361199,2025-09-09T12:39:23,hyperliquid-hype-breaks-out,publish,https://coincu.com/hyperliquid-hype-breaks-out,9,4,0,0,keep,has_backlink
361198,2025-09-09T12:15:15,dogecoin-etf-launch-us-market,publish,https://coincu.com/dogecoin-etf-launch-us-market,27,6,0,0,keep,has_backlink
361194,2025-09-09T12:13:31,house-of-doge-and-bitstamp-by-robinhood-announce-strategic-partnership-for-nysezone-treasury,publish,https://coincu.com/house-of-doge-and-bitstamp-by-robinhood-announce-strategic-partnership-for-nysezone-treasury,6,1,0,0,keep,has_backlink
361191,2025-09-09T11:45:40,cftc-evaluates-overseas-crypto-platforms,publish,https://coincu.com/cftc-evaluates-overseas-crypto-platforms,18,4,0,0,keep,has_backlink
361173,2025-09-09T10:17:12,bipartisan-crypto-market-regulation-framework,publish,https://coincu.com/bipartisan-crypto-market-regulation-framework,8,3,0,0,keep,has_backlink
361161,2025-09-09T09:47:23,sec-cftc-crypto-regulation-roundtables,publish,https://coincu.com/sec-cftc-crypto-regulation-roundtables,10,3,0,0,keep,has_backlink
361147,2025-09-09T08:43:43,upbit-giwa-ethereum-layer2-wallet,publish,https://coincu.com/upbit-giwa-ethereum-layer2-wallet,26,6,0,0,keep,has_backlink
361114,2025-09-09T06:43:47,us-money-markets-growth-potential-crypto,publish,https://coincu.com/us-money-markets-growth-potential-crypto,24,5,0,0,keep,has_backlink
361107,2025-09-09T06:14:02,usdcnh-rate-drops-influences-crypto,publish,https://coincu.com/usdcnh-rate-drops-influences-crypto,10,5,0,0,keep,has_backlink
361100,2025-09-09T05:20:21,next-block-expo-2026-warsaw,publish,https://coincu.com/next-block-expo-2026-warsaw,18,3,0,0,keep,has_backlink
361098,2025-09-09T05:14:39,sec-canary-spot-sei-etf-application,publish,https://coincu.com/sec-canary-spot-sei-etf-application,28,6,0,0,keep,has_backlink
361095,2025-09-09T04:50:18,desci-boston-2025,publish,https://coincu.com/desci-boston-2025,20,5,0,0,keep,has_backlink
361090,2025-09-09T04:20:22,blockchain-expert-conference-2025,publish,https://coincu.com/blockchain-expert-conference-2025,18,3,0,0,keep,has_backlink
361080,2025-09-09T03:50:17,wow-summit-hong-kong-2025,publish,https://coincu.com/wow-summit-hong-kong-2025,15,4,0,0,keep,has_backlink
361078,2025-09-09T03:43:09,inversion-capital-26m-seed-round,publish,https://coincu.com/inversion-capital-26m-seed-round,20,6,3,92,keep,has_backlink|has_gsc_3m
361074,2025-09-09T03:20:16,tum-blockchain-conference-2025,publish,https://coincu.com/tum-blockchain-conference-2025,20,5,0,0,keep,has_backlink
361071,2025-09-09T03:13:22,federal-reserve-rate-cut-selloff,publish,https://coincu.com/federal-reserve-rate-cut-selloff,27,4,0,0,keep,has_backlink
361055,2025-09-09T00:43:51,bitcoin-custody-bill-congress,publish,https://coincu.com/bitcoin-custody-bill-congress,16,4,0,0,keep,has_backlink
361052,2025-09-09T00:13:40,sec-roundtable-crypto-regulation-privacy,publish,https://coincu.com/sec-roundtable-crypto-regulation-privacy,39,4,0,0,keep,has_backlink
361049,2025-09-08T23:42:59,trump-bls-data-flaws-report,publish,https://coincu.com/trump-bls-data-flaws-report,42,6,0,0,keep,has_backlink
361040,2025-09-08T22:12:46,ethzilla-102246-eth-treasury,publish,https://coincu.com/ethzilla-102246-eth-treasury,11,4,0,0,keep,has_backlink
361037,2025-09-08T21:43:13,eightco-worldcoin-treasury-250m,publish,https://coincu.com/eightco-worldcoin-treasury-250m,11,4,0,0,keep,has_backlink
361028,2025-09-08T21:39:55,sei-eyes-0-38-breakout,publish,https://coincu.com/sei-eyes-0-38-breakout,10,4,0,0,keep,has_backlink
361024,2025-09-08T20:42:58,coinshares-nasdaq-move-vine-hill,publish,https://coincu.com/coinshares-nasdaq-move-vine-hill,15,6,0,0,keep,has_backlink
361021,2025-09-08T20:13:32,kazakhstan-announces-digital-asset-fund,publish,https://coincu.com/kazakhstan-announces-digital-asset-fund,16,5,0,0,keep,has_backlink
361015,2025-09-08T19:13:05,us-etf-inflows-2025-record,publish,https://coincu.com/us-etf-inflows-2025-record,27,5,0,0,keep,has_backlink
361006,2025-09-08T19:11:40,chainlink-needs-a-5-wave-move,publish,https://coincu.com/chainlink-needs-a-5-wave-move,6,3,0,0,keep,has_backlink
361005,2025-09-08T18:43:38,grayscale-chainlink-etf-filing,publish,https://coincu.com/grayscale-chainlink-etf-filing,13,4,0,0,keep,has_backlink
360998,2025-09-08T17:44:01,coinbase-spx6900-flock-trade,publish,https://coincu.com/coinbase-spx6900-flock-trade,14,4,0,0,keep,has_backlink
360995,2025-09-08T17:13:58,bitmine-13-million-octo-acquisition,publish,https://coincu.com/bitmine-13-million-octo-acquisition,15,4,0,0,keep,has_backlink
360987,2025-09-08T16:43:33,eightco-holdings-stock-surges,publish,https://coincu.com/eightco-holdings-stock-surges,15,5,0,0,keep,has_backlink
360983,2025-09-08T16:15:23,bybits-wsot-achieves-new-guinness-world-records-title-with-highest-number-of-online-trading-participants-in-a-day,publish,https://coincu.com/bybits-wsot-achieves-new-guinness-world-records-title-with-highest-number-of-online-trading-participants-in-a-day,2,1,0,0,keep,has_backlink
360980,2025-09-08T16:14:14,sec-reviews-canary-spot-staked-sei-etf,publish,https://coincu.com/sec-reviews-canary-spot-staked-sei-etf,18,7,0,0,keep,has_backlink
360977,2025-09-08T15:44:31,blackrock-eth-btc-coinbase-transfer,publish,https://coincu.com/blackrock-eth-btc-coinbase-transfer,19,5,0,0,keep,has_backlink
360969,2025-09-08T15:16:04,binance-bsc-trading-event-announcement,publish,https://coincu.com/binance-bsc-trading-event-announcement,10,4,0,0,keep,has_backlink
360957,2025-09-08T15:12:49,ena-breakout-coming,publish,https://coincu.com/ena-breakout-coming,10,4,0,0,keep,has_backlink
360956,2025-09-08T14:45:20,bitcoin-institutional-hedging-skew-index,publish,https://coincu.com/bitcoin-institutional-hedging-skew-index,28,5,0,0,keep,has_backlink
360940,2025-09-08T13:18:43,crypto-investment-product-outflow,publish,https://coincu.com/crypto-investment-product-outflow,17,3,0,0,keep,has_backlink
360935,2025-09-08T13:08:19,nasdaq-sec-tokenized-stock-trading,publish,https://coincu.com/nasdaq-sec-tokenized-stock-trading,5,2,0,0,keep,has_backlink
360931,2025-09-08T13:00:13,hasheds-shardlab-signs-strategic-partnership-with-thailands-largest-digital-asset-exchange-bitkub,publish,https://coincu.com/hasheds-shardlab-signs-strategic-partnership-with-thailands-largest-digital-asset-exchange-bitkub,4,1,0,0,keep,has_backlink
360916,2025-09-08T11:17:25,hong-kong-stablecoin-licenses-banks,publish,https://coincu.com/hong-kong-stablecoin-licenses-banks,16,5,0,0,keep,has_backlink
360895,2025-09-08T10:21:45,bybit-resumes-full-access-for-indian-users-reinforces-commitment-to-compliance-and-crypto-inclusion,publish,https://coincu.com/bybit-resumes-full-access-for-indian-users-reinforces-commitment-to-compliance-and-crypto-inclusion,2,1,0,0,keep,has_backlink
360884,2025-09-08T10:04:23,sep-10-binance-alpha-users-claim-pop-alpha-points,publish,https://coincu.com/sep-10-binance-alpha-users-claim-pop-alpha-points,3,2,0,0,keep,has_backlink
360882,2025-09-08T09:44:55,circle-native-usdc-cctp-hyperliquid,publish,https://coincu.com/circle-native-usdc-cctp-hyperliquid,19,4,0,0,keep,has_backlink
360862,2025-09-08T08:45:59,bitcoin-illiquid-supply-august-2025,publish,https://coincu.com/bitcoin-illiquid-supply-august-2025,9,3,0,0,keep,has_backlink
360851,2025-09-08T08:15:53,federal-reserve-independence-emphasized,publish,https://coincu.com/federal-reserve-independence-emphasized,30,4,0,0,keep,has_backlink
360846,2025-09-08T08:07:13,sep-8-binance-alpha-users-claim-open-220-alpha-points,publish,https://coincu.com/sep-8-binance-alpha-users-claim-open-220-alpha-points,9,6,0,0,keep,has_backlink
360833,2025-09-08T07:44:08,binance-futures-wlfiusdc-contract,publish,https://coincu.com/binance-futures-wlfiusdc-contract,9,4,0,0,keep,has_backlink
360815,2025-09-08T07:13:32,eu-19th-sanctions-russia,publish,https://coincu.com/eu-19th-sanctions-russia,11,5,0,0,keep,has_backlink
360810,2025-09-08T06:42:41,nemo-protocol-hack-sui-network,publish,https://coincu.com/nemo-protocol-hack-sui-network,19,8,8,315,keep,has_backlink|has_gsc_3m
360793,2025-09-08T04:43:18,us-labor-market-fed-policy,publish,https://coincu.com/us-labor-market-fed-policy,43,7,0,0,keep,has_backlink
360683,2025-09-08T02:44:11,binance-alpha-saros-trading-event,publish,https://coincu.com/binance-alpha-saros-trading-event,20,5,0,0,keep,has_backlink
360680,2025-09-08T02:12:34,south-korea-crypto-real-estate,publish,https://coincu.com/south-korea-crypto-real-estate,15,3,0,0,keep,has_backlink
360665,2025-09-07T23:13:02,galaxy-digital-sol-deposits,publish,https://coincu.com/galaxy-digital-sol-deposits,26,5,0,0,keep,has_backlink
360662,2025-09-07T22:43:32,nft-market-volume-drop,publish,https://coincu.com/nft-market-volume-drop,41,6,0,0,keep,has_backlink
360659,2025-09-07T22:13:29,wlfi-price-manipulation-investigation,publish,https://coincu.com/wlfi-price-manipulation-investigation,145,5,0,0,keep,has_backlink
360653,2025-09-07T21:12:52,ethereum-whale-wallet-transfer-bitfinex,publish,https://coincu.com/ethereum-whale-wallet-transfer-bitfinex,7,4,0,0,keep,has_backlink
360650,2025-09-07T20:43:41,jupiter-liquidity-pool-surpasses-billion,publish,https://coincu.com/jupiter-liquidity-pool-surpasses-billion,36,10,0,0,keep,has_backlink
360647,2025-09-07T20:13:18,hyperlabs-redistribution-hype-security,publish,https://coincu.com/hyperlabs-redistribution-hype-security,13,4,0,0,keep,has_backlink
360644,2025-09-07T19:43:14,futurecrest-spac-ipo-filed-nasdaq,publish,https://coincu.com/futurecrest-spac-ipo-filed-nasdaq,14,5,0,0,keep,has_backlink
360641,2025-09-07T19:12:40,tether-invests-bitcoin-xxi,publish,https://coincu.com/tether-invests-bitcoin-xxi,20,4,0,0,keep,has_backlink
360638,2025-09-07T18:43:12,cryptocurrency-token-unlocks-september-2025,publish,https://coincu.com/cryptocurrency-token-unlocks-september-2025,49,5,0,0,keep,has_backlink
360634,2025-09-07T17:43:14,ark-invest-bitmine-holdings-boost,publish,https://coincu.com/ark-invest-bitmine-holdings-boost,26,5,0,0,keep,has_backlink
360631,2025-09-07T17:12:41,cathie-wood-calls-rate-cuts,publish,https://coincu.com/cathie-wood-calls-rate-cuts,19,4,0,0,keep,has_backlink
360623,2025-09-07T16:42:38,futurecrest-acquisition-crypto-focus,publish,https://coincu.com/futurecrest-acquisition-crypto-focus,9,4,0,0,keep,has_backlink
360616,2025-09-07T16:13:29,fidelity-fdit-surpasses-200-million-aum,publish,https://coincu.com/fidelity-fdit-surpasses-200-million-aum,10,3,0,0,keep,has_backlink
360613,2025-09-07T15:43:57,tether-bitcoin-holdings-confirmation,publish,https://coincu.com/tether-bitcoin-holdings-confirmation,214,7,0,0,keep,has_backlink
360610,2025-09-07T15:28:49,fed-independence-nomination-hearings,publish,https://coincu.com/fed-independence-nomination-hearings,7,4,0,0,keep,has_backlink
360607,2025-09-07T14:44:55,bitcoin-quantum-threat-nakamoto-return,publish,https://coincu.com/bitcoin-quantum-threat-nakamoto-return,14,5,0,0,keep,has_backlink
360601,2025-09-07T13:43:33,bitcoin-mining-difficulty-new-high-2,publish,https://coincu.com/bitcoin-mining-difficulty-new-high-2,22,4,0,0,keep,has_backlink
360598,2025-09-07T13:13:12,semler-scientific-bitcoin-strategy,publish,https://coincu.com/semler-scientific-bitcoin-strategy,14,4,0,0,keep,has_backlink
360595,2025-09-07T13:02:16,sep-9-binance-alpha-users-claim-avnt-alpha-points,publish,https://coincu.com/sep-9-binance-alpha-users-claim-avnt-alpha-points,8,3,0,0,keep,has_backlink
360593,2025-09-07T12:42:38,jerome-powell-fed-rate-cuts-signal,publish,https://coincu.com/jerome-powell-fed-rate-cuts-signal,28,6,0,0,keep,has_backlink
360590,2025-09-07T12:13:09,polkadot-2-major-network-update,publish,https://coincu.com/polkadot-2-major-network-update,39,3,5,302,keep,has_backlink|has_gsc_3m
360581,2025-09-07T12:00:41,bitcoin-poised-for-another-rally-as,publish,https://coincu.com/bitcoin-poised-for-another-rally-as,28,5,0,0,keep,has_backlink
360580,2025-09-07T11:42:43,venezuelans-adopt-usdt-amid-inflation,publish,https://coincu.com/venezuelans-adopt-usdt-amid-inflation,174,3,0,0,keep,has_backlink
360577,2025-09-07T11:12:56,numeraire-tvl-discrepancy-revealed,publish,https://coincu.com/numeraire-tvl-discrepancy-revealed,21,9,0,0,keep,has_backlink
360568,2025-09-07T10:53:35,sui-overtakes-base-in-dex-aggregator,publish,https://coincu.com/sui-overtakes-base-in-dex-aggregator,18,6,0,0,keep,has_backlink
360567,2025-09-07T10:42:41,stablecoinx-530-million-nasdaq-listing,publish,https://coincu.com/stablecoinx-530-million-nasdaq-listing,23,4,0,0,keep,has_backlink
360564,2025-09-07T10:12:30,faraday-future-crypto-strategy-2025,publish,https://coincu.com/faraday-future-crypto-strategy-2025,10,3,0,0,keep,has_backlink
360552,2025-09-07T09:42:43,china-stablecoin-risk-research,publish,https://coincu.com/china-stablecoin-risk-research,13,5,0,0,keep,has_backlink
360545,2025-09-07T09:12:56,bitcoin-peak-monetary-policy-insight,publish,https://coincu.com/bitcoin-peak-monetary-policy-insight,12,4,0,0,keep,has_backlink
360538,2025-09-07T08:12:57,japan-pm-suga-resignation,publish,https://coincu.com/japan-pm-suga-resignation,20,4,0,0,keep,has_backlink
360535,2025-09-07T07:43:40,wlfi-token-manipulation-exchange-probe,publish,https://coincu.com/wlfi-token-manipulation-exchange-probe,16,4,0,0,keep,has_backlink
360526,2025-09-07T06:12:57,sec-cftc-cryptocurrency-committee-bill,publish,https://coincu.com/sec-cftc-cryptocurrency-committee-bill,33,5,0,0,keep,has_backlink
360520,2025-09-07T04:12:33,michael-saylor-bloomberg-billionaires-index,publish,https://coincu.com/michael-saylor-bloomberg-billionaires-index,62,7,0,0,keep,has_backlink
360517,2025-09-07T03:42:25,fidelity-tokenized-fund-200m-ethereum,publish,https://coincu.com/fidelity-tokenized-fund-200m-ethereum,58,8,0,0,keep,has_backlink
360511,2025-09-07T02:43:13,ethereum-foundation-transfers-4000-eth,publish,https://coincu.com/ethereum-foundation-transfers-4000-eth,81,6,0,0,keep,has_backlink
360508,2025-09-07T02:13:00,avantis-avnt-token-airdrop-checker-launch,publish,https://coincu.com/avantis-avnt-token-airdrop-checker-launch,49,5,0,0,keep,has_backlink
360505,2025-09-07T01:42:41,tesla-ai-chip-unification,publish,https://coincu.com/tesla-ai-chip-unification,72,5,0,0,keep,has_backlink
360495,2025-09-06T23:42:59,do-kwon-penthouse-refund-denied,publish,https://coincu.com/do-kwon-penthouse-refund-denied,46,7,0,0,keep,has_backlink
360492,2025-09-06T23:12:38,sharplink-stake-ethereum-linea,publish,https://coincu.com/sharplink-stake-ethereum-linea,36,5,0,0,keep,has_backlink
360480,2025-09-06T22:51:59,solana-dex-surpasses-750m-addresses,publish,https://coincu.com/solana-dex-surpasses-750m-addresses,13,4,0,0,keep,has_backlink
360486,2025-09-06T22:42:35,liang-xinjun-joins-cloud-finance,publish,https://coincu.com/liang-xinjun-joins-cloud-finance,28,5,0,0,keep,has_backlink
360479,2025-09-06T22:12:43,hong-kong-third-digital-bond-2025,publish,https://coincu.com/hong-kong-third-digital-bond-2025,30,5,0,0,keep,has_backlink
360470,2025-09-06T20:42:45,faraday-future-crypto-strategy-update,publish,https://coincu.com/faraday-future-crypto-strategy-update,24,6,0,0,keep,has_backlink
360467,2025-09-06T20:13:20,alt5-sigma-wlfi-treasury-boost,publish,https://coincu.com/alt5-sigma-wlfi-treasury-boost,50,8,0,0,keep,has_backlink
360464,2025-09-06T19:43:15,cleancore-175m-doge-treasury,publish,https://coincu.com/cleancore-175m-doge-treasury,43,8,0,0,keep,has_backlink
360460,2025-09-06T18:42:08,fg-nexus-ethereum-strategy-2,publish,https://coincu.com/fg-nexus-ethereum-strategy-2,17,6,0,0,keep,has_backlink
360457,2025-09-06T18:12:32,faraday-future-crypto-strategy-launch,publish,https://coincu.com/faraday-future-crypto-strategy-launch,18,5,0,0,keep,has_backlink
360454,2025-09-06T17:42:09,alt5-sigma-wlfi-holdings-update,publish,https://coincu.com/alt5-sigma-wlfi-holdings-update,20,9,0,0,keep,has_backlink
360451,2025-09-06T17:13:16,firefly-token-launch-mask-network,publish,https://coincu.com/firefly-token-launch-mask-network,27,9,0,0,keep,has_backlink
360445,2025-09-06T16:13:30,market-volatility-inflation-fed-rate,publish,https://coincu.com/market-volatility-inflation-fed-rate,21,5,0,0,keep,has_backlink
360424,2025-09-06T14:19:42,sui-double-bottom-signals-potential-surge,publish,https://coincu.com/sui-double-bottom-signals-potential-surge,7,5,0,0,keep,has_backlink
360430,2025-09-06T14:14:39,hyperlabs-hype-token-reallocation,publish,https://coincu.com/hyperlabs-hype-token-reallocation,21,7,0,0,keep,has_backlink
360423,2025-09-06T13:42:45,wuxi-court-virtual-us-dollars-case,publish,https://coincu.com/wuxi-court-virtual-us-dollars-case,20,4,0,0,keep,has_backlink
360417,2025-09-06T12:43:26,fujian-legal-seminar-digital-currency,publish,https://coincu.com/fujian-legal-seminar-digital-currency,10,4,0,0,keep,has_backlink
360401,2025-09-06T10:14:39,trump-exempts-metals-from-tariffs,publish,https://coincu.com/trump-exempts-metals-from-tariffs,19,3,0,0,keep,has_backlink
360397,2025-09-06T09:43:55,trump-supports-hassett-fed-chair,publish,https://coincu.com/trump-supports-hassett-fed-chair,18,5,0,0,keep,has_backlink
360379,2025-09-06T09:13:03,ark-invest-bitmine-ethereum-strategy,publish,https://coincu.com/ark-invest-bitmine-ethereum-strategy,19,6,0,0,keep,has_backlink
360376,2025-09-06T08:43:50,beijing-financier-assets-seized,publish,https://coincu.com/beijing-financier-assets-seized,18,4,0,0,keep,has_backlink
360373,2025-09-06T08:14:56,jpmorgan-strategist-rate-cuts-impact,publish,https://coincu.com/jpmorgan-strategist-rate-cuts-impact,16,4,0,0,keep,has_backlink
360370,2025-09-06T07:42:51,federal-reserve-september-rate-cut-3,publish,https://coincu.com/federal-reserve-september-rate-cut-3,16,4,0,0,keep,has_backlink
360367,2025-09-06T07:13:20,sec-cftc-joint-crypto-regulation,publish,https://coincu.com/sec-cftc-joint-crypto-regulation,16,2,0,0,keep,has_backlink
360361,2025-09-06T06:12:10,trump-media-acquires-cronos-tokens,publish,https://coincu.com/trump-media-acquires-cronos-tokens,17,8,0,0,keep,has_backlink
360358,2025-09-06T05:43:01,crypto-ma-2025-prediction,publish,https://coincu.com/crypto-ma-2025-prediction,15,4,0,0,keep,has_backlink
360355,2025-09-06T05:13:55,planc-bitcoin-etf-market-shift,publish,https://coincu.com/planc-bitcoin-etf-market-shift,21,4,0,0,keep,has_backlink
360353,2025-09-06T05:12:59,sep-6-gate-alpha-users-claim-bsu-125-points,publish,https://coincu.com/sep-6-gate-alpha-users-claim-bsu-125-points,21,5,0,0,keep,has_backlink
360350,2025-09-06T04:42:33,sec-cftc-propose-247-trading,publish,https://coincu.com/sec-cftc-propose-247-trading,29,5,0,0,keep,has_backlink
360347,2025-09-06T04:12:37,german-movie2k-bitcoin-unseized,publish,https://coincu.com/german-movie2k-bitcoin-unseized,26,6,0,0,keep,has_backlink
360340,2025-09-06T02:42:35,chaincatcher-alibaba-cloud-web3-infrastructure-2,publish,https://coincu.com/chaincatcher-alibaba-cloud-web3-infrastructure-2,32,5,0,0,keep,has_backlink
360337,2025-09-06T02:13:06,sec-delays-grayscale-polkadot-etf-2,publish,https://coincu.com/sec-delays-grayscale-polkadot-etf-2,37,8,0,0,keep,has_backlink
360331,2025-09-06T01:16:24,trump-tariff-reduction-agreement,publish,https://coincu.com/trump-tariff-reduction-agreement,22,4,0,0,keep,has_backlink
360329,2025-09-06T01:13:20,trump-import-tariffs-adjustment,publish,https://coincu.com/trump-import-tariffs-adjustment,45,5,0,0,keep,has_backlink
360326,2025-09-06T00:43:27,sol-strategies-nasdaq-solana-listing,publish,https://coincu.com/sol-strategies-nasdaq-solana-listing,31,6,0,0,keep,has_backlink
360323,2025-09-06T00:12:43,trump-fed-chair-shortlist,publish,https://coincu.com/trump-fed-chair-shortlist,23,4,0,0,keep,has_backlink
360317,2025-09-05T22:42:46,sharplink-nasdaq-compliance-eth,publish,https://coincu.com/sharplink-nasdaq-compliance-eth,26,4,0,0,keep,has_backlink
360314,2025-09-05T22:13:12,trump-media-cro-token-acquisition,publish,https://coincu.com/trump-media-cro-token-acquisition,24,8,0,0,keep,has_backlink
360311,2025-09-05T21:43:28,trump-fed-chair-nominee-impact,publish,https://coincu.com/trump-fed-chair-nominee-impact,21,5,0,0,keep,has_backlink
360289,2025-09-05T20:16:54,xrp-strengthens-with-sec-clarity,publish,https://coincu.com/xrp-strengthens-with-sec-clarity,10,4,0,0,keep,has_backlink
360301,2025-09-05T20:13:26,trump-thumzup-crypto-investment,publish,https://coincu.com/trump-thumzup-crypto-investment,17,6,0,0,keep,has_backlink
360297,2025-09-05T19:43:18,yingyu-universe-invests-guofu-quantum,publish,https://coincu.com/yingyu-universe-invests-guofu-quantum,17,6,0,0,keep,has_backlink
360288,2025-09-05T19:13:16,ispecimen-digital-asset-treasury-solana,publish,https://coincu.com/ispecimen-digital-asset-treasury-solana,14,3,0,0,keep,has_backlink
360285,2025-09-05T18:43:07,bofa-fed-rate-cuts-2025,publish,https://coincu.com/bofa-fed-rate-cuts-2025,16,5,0,0,keep,has_backlink
360281,2025-09-05T18:13:46,sec-cftc-crypto-regulatory-roundtable-2025,publish,https://coincu.com/sec-cftc-crypto-regulatory-roundtable-2025,7,3,0,0,keep,has_backlink
360278,2025-09-05T17:43:12,sec-cftc-regulated-perpetual-swaps,publish,https://coincu.com/sec-cftc-regulated-perpetual-swaps,8,3,0,0,keep,has_backlink
360275,2025-09-05T17:15:35,eric-trump-memoir-news,publish,https://coincu.com/eric-trump-memoir-news,5,2,0,0,keep,has_backlink
360263,2025-09-05T16:14:05,federal-reserve-independence-crypto-impact,publish,https://coincu.com/federal-reserve-independence-crypto-impact,9,4,0,0,keep,has_backlink
360217,2025-09-05T14:13:10,sec-cftc-crypto-regulation-roundtable,publish,https://coincu.com/sec-cftc-crypto-regulation-roundtable,14,4,0,0,keep,has_backlink
360208,2025-09-05T13:01:02,sep-8-binance-alpha-users-claim-mirror-alpha-points,publish,https://coincu.com/sep-8-binance-alpha-users-claim-mirror-alpha-points,10,3,0,0,keep,has_backlink
360198,2025-09-05T12:14:58,deutsche-bank-job-data-warning,publish,https://coincu.com/deutsche-bank-job-data-warning,14,4,0,0,keep,has_backlink
360191,2025-09-05T11:43:48,hyperliquid-spot-trading-optimization,publish,https://coincu.com/hyperliquid-spot-trading-optimization,12,4,0,0,keep,has_backlink
360185,2025-09-05T11:13:54,bullish-europe-german-crypto-license,publish,https://coincu.com/bullish-europe-german-crypto-license,11,4,0,0,keep,has_backlink
360166,2025-09-05T09:15:04,strategy-inc-sp500-bitcoin,publish,https://coincu.com/strategy-inc-sp500-bitcoin,9,4,0,0,keep,has_backlink
360150,2025-09-05T08:13:11,bitmine-to-issue-shares-nyse-american,publish,https://coincu.com/bitmine-to-issue-shares-nyse-american,20,6,4,81,keep,has_backlink|has_gsc_3m
360134,2025-09-05T08:00:00,unveiling-the-standout-features-of-bingx-exchange,publish,https://coincu.com/unveiling-the-standout-features-of-bingx-exchange,5,1,0,0,keep,has_backlink
360125,2025-09-05T07:00:00,top-5-most-trusted-crypto-exchanges-today-which-is-the-smart-choice-for-investors,publish,https://coincu.com/top-5-most-trusted-crypto-exchanges-today-which-is-the-smart-choice-for-investors,2,1,0,0,keep,has_backlink
360115,2025-09-05T06:30:00,what-is-bingx-an-overview-of-the-bingx-exchange,publish,https://coincu.com/what-is-bingx-an-overview-of-the-bingx-exchange,3,1,0,0,keep,has_backlink
360098,2025-09-05T03:50:27,catch-forum-2025-zug,publish,https://coincu.com/catch-forum-2025-zug,11,3,0,0,keep,has_backlink
360093,2025-09-05T03:20:18,breaking-depin-the-physical-ai-unconference,publish,https://coincu.com/breaking-depin-the-physical-ai-unconference,9,2,0,0,keep,has_backlink
359976,2025-09-04T14:49:25,invromining-launches-ai-cloud-mining-infrastructure-introducing-multi-asset-modules-for-btc-eth-doge-and-more,publish,https://coincu.com/invromining-launches-ai-cloud-mining-infrastructure-introducing-multi-asset-modules-for-btc-eth-doge-and-more,4,1,0,0,keep,has_backlink
359921,2025-09-04T10:08:58,coinw-celebrates-8-years-of-commitment-with-15m-users-and-trillions-in-trading-volume,publish,https://coincu.com/coinw-celebrates-8-years-of-commitment-with-15m-users-and-trillions-in-trading-volume,9,1,0,0,keep,has_backlink
359643,2025-09-03T12:39:16,bybit-card-launches-in-europe-with-unmatched-20-cashback,publish,https://coincu.com/bybit-card-launches-in-europe-with-unmatched-20-cashback,2,1,0,0,keep,has_backlink
359587,2025-09-03T09:04:48,sep-5-binance-alpha-users-claim-shards,publish,https://coincu.com/sep-5-binance-alpha-users-claim-shards,8,4,0,0,keep,has_backlink
359415,2025-09-02T14:54:07,three-bitcoin-blocks-mined-last-month-with-no-hardware-via-nicehash-easymining,publish,https://coincu.com/three-bitcoin-blocks-mined-last-month-with-no-hardware-via-nicehash-easymining,5,1,0,0,keep,has_backlink
359347,2025-09-02T10:53:56,bybit-wsot-2025-attracts-quadruple-squads-as-8m-main-competition-commences,publish,https://coincu.com/bybit-wsot-2025-attracts-quadruple-squads-as-8m-main-competition-commences,2,1,0,0,keep,has_backlink
359310,2025-09-02T08:28:24,primexbt-launches-empowering-traders-to-succeed-campaign-leading-a-new-era-of-trading,publish,https://coincu.com/primexbt-launches-empowering-traders-to-succeed-campaign-leading-a-new-era-of-trading,2,1,0,0,keep,has_backlink
359168,2025-09-01T08:00:43,apr-10-binance-alpha-users-claim-dark-200-points,publish,https://coincu.com/apr-10-binance-alpha-users-claim-dark-200-points,5,2,0,0,keep,has_backlink
359158,2025-09-01T07:01:00,sep-2-binance-alpha-users-claim-somi-200-points,publish,https://coincu.com/sep-2-binance-alpha-users-claim-somi-200-points,3,2,0,0,keep,has_backlink
358422,2025-08-28T14:03:12,gcl-subsidiary-2game-digital-partners-with-kucoin-pay-to-accept-secure-crypto-payments-in-real-time,publish,https://coincu.com/gcl-subsidiary-2game-digital-partners-with-kucoin-pay-to-accept-secure-crypto-payments-in-real-time,3,1,0,0,keep,has_backlink
358406,2025-08-28T13:00:28,falcon-finance-establishes-onchain-insurance-fund-with-initial-10-million-contribution,publish,https://coincu.com/falcon-finance-establishes-onchain-insurance-fund-with-initial-10-million-contribution,2,1,0,0,keep,has_backlink
358193,2025-08-27T16:00:18,avalanche-picks-funtico-as-its-indie-gaming-platform,publish,https://coincu.com/avalanche-picks-funtico-as-its-indie-gaming-platform,9,1,0,0,keep,has_backlink
357974,2025-08-27T03:02:59,bitcoin-summit-2025-hong-kong,publish,https://coincu.com/bitcoin-summit-2025-hong-kong,14,3,0,0,keep,has_backlink
357924,2025-08-26T21:11:46,origin-summit-debuts-in-seoul-during-kbw-as-flagship-gathering-on-ip-ai-and-the-next-era-of-blockchain-enabled-real-world-assets,publish,https://coincu.com/origin-summit-debuts-in-seoul-during-kbw-as-flagship-gathering-on-ip-ai-and-the-next-era-of-blockchain-enabled-real-world-assets,4,1,0,0,keep,has_backlink
357863,2025-08-26T16:03:41,solana-predicted-to-overtake-xrp-before-cycle-top-but-sol-ripple-holders-are-diversifying-elsewhere-for-bigger-roi,publish,https://coincu.com/solana-predicted-to-overtake-xrp-before-cycle-top-but-sol-ripple-holders-are-diversifying-elsewhere-for-bigger-roi,5,1,0,0,keep,has_backlink
357834,2025-08-26T13:51:20,newcastle-united-announce-multi-year-partnership-with-bydfi,publish,https://coincu.com/newcastle-united-announce-multi-year-partnership-with-bydfi,3,1,0,0,keep,has_backlink
357459,2025-08-25T15:20:58,bingx-partners-with-chelsea-fc-for-the-third-consecutive-season,publish,https://coincu.com/bingx-partners-with-chelsea-fc-for-the-third-consecutive-season,4,1,0,0,keep,has_backlink
357193,2025-08-24T17:06:38,chainlink-near-25-as-golden-cross-and,publish,https://coincu.com/chainlink-near-25-as-golden-cross-and,14,4,0,0,keep,has_backlink
357165,2025-08-24T16:05:52,sol-bulls-defend-180,publish,https://coincu.com/sol-bulls-defend-180,10,3,0,0,keep,has_backlink
357143,2025-08-24T13:52:05,xrp-targets-3-60-after-drop,publish,https://coincu.com/xrp-targets-3-60-after-drop,21,3,0,0,keep,has_backlink
357136,2025-08-24T12:57:49,dogecoin-price-prediction-elliott-wave,publish,https://coincu.com/dogecoin-price-prediction-elliott-wave,10,3,0,0,keep,has_backlink
357115,2025-08-24T10:38:06,200000-eth-withdrawn-from-exchanges,publish,https://coincu.com/200000-eth-withdrawn-from-exchanges,11,2,0,0,keep,has_backlink
357046,2025-08-24T03:02:50,stablecoin-conference-2025,publish,https://coincu.com/stablecoin-conference-2025,10,2,0,0,keep,has_backlink
356901,2025-08-23T14:07:24,whale-accumulates-1841-2-btc,publish,https://coincu.com/whale-accumulates-1841-2-btc,16,2,0,0,keep,has_backlink
356856,2025-08-23T10:24:36,trump-doubles-down-on-ethereum-5m-added,publish,https://coincu.com/trump-doubles-down-on-ethereum-5m-added,8,2,0,0,keep,has_backlink
356840,2025-08-23T08:45:15,chainlink-rockets-19-weekly,publish,https://coincu.com/chainlink-rockets-19-weekly,11,2,0,0,keep,has_backlink
356807,2025-08-23T03:02:52,vienna-blockchain-week-2025,publish,https://coincu.com/vienna-blockchain-week-2025,28,4,0,0,keep,has_backlink
356770,2025-08-22T23:17:03,xrp-price-holds-strong-around-3-05,publish,https://coincu.com/xrp-price-holds-strong-around-3-05,14,2,0,0,keep,has_backlink
356712,2025-08-22T16:25:40,doge-drops-7-weekly,publish,https://coincu.com/doge-drops-7-weekly,24,4,0,0,keep,has_backlink
356674,2025-08-22T13:45:15,qnt-dreams-of-millions-clash,publish,https://coincu.com/qnt-dreams-of-millions-clash,17,3,0,0,keep,has_backlink
356638,2025-08-22T10:27:57,sui-hits-4b-transaction-blocks,publish,https://coincu.com/sui-hits-4b-transaction-blocks,5,2,0,0,keep,has_backlink
356626,2025-08-22T10:15:00,bingx-welcomes-100-affiliates-to-bingxperience-bali-2025-strengthening-community-ties-and-openness,publish,https://coincu.com/bingx-welcomes-100-affiliates-to-bingxperience-bali-2025-strengthening-community-ties-and-openness,2,1,0,0,keep,has_backlink
356589,2025-08-22T08:06:54,bnb-market-cap-crushes-rolls-royce,publish,https://coincu.com/bnb-market-cap-crushes-rolls-royce,5,3,0,0,keep,has_backlink
356520,2025-08-21T20:54:17,xrp-targets-10-strong-support-at-2,publish,https://coincu.com/xrp-targets-10-strong-support-at-2,15,2,0,0,keep,has_backlink
356130,2025-08-21T13:00:00,moonbeam-and-n3mus-launch-glmillionaire-a-high-stakes-onchain-gaming-tournament-with-1-million-glmr-in-prize-money,publish,https://coincu.com/moonbeam-and-n3mus-launch-glmillionaire-a-high-stakes-onchain-gaming-tournament-with-1-million-glmr-in-prize-money,11,1,0,0,keep,has_backlink
356423,2025-08-21T12:20:01,2-8m-in-bitcoin-vanishes-in-police,publish,https://coincu.com/2-8m-in-bitcoin-vanishes-in-police,2,2,0,0,keep,has_backlink
356413,2025-08-21T12:01:25,ethereum-price-eyes-4877-ath,publish,https://coincu.com/ethereum-price-eyes-4877-ath,4,2,0,0,keep,has_backlink
356400,2025-08-21T10:29:34,kanyes-yzy-coin-skyrockets-to-3b,publish,https://coincu.com/kanyes-yzy-coin-skyrockets-to-3b,5,2,0,0,keep,has_backlink
356106,2025-08-21T08:00:00,sui-foundation-allocates-to-xaum-as-tokenized-gold-goes-live-on-sui-network,publish,https://coincu.com/sui-foundation-allocates-to-xaum-as-tokenized-gold-goes-live-on-sui-network,8,1,0,0,keep,has_backlink
356360,2025-08-21T06:39:38,whales-grab-100m-ada-in-24h-is-a-rally-coming,publish,https://coincu.com/whales-grab-100m-ada-in-24h-is-a-rally-coming,6,2,0,0,keep,has_backlink
356270,2025-08-20T19:28:12,dogecoin-2024-patterns-forecast-0-49-doge,publish,https://coincu.com/dogecoin-2024-patterns-forecast-0-49-doge,34,3,0,0,keep,has_backlink
356211,2025-08-20T14:40:36,ethereum-etfs-see-430m-outflow-amid,publish,https://coincu.com/ethereum-etfs-see-430m-outflow-amid,28,3,0,0,keep,has_backlink
356202,2025-08-20T14:11:32,bnb-price-upside-tvl-reaches-13-4b,publish,https://coincu.com/bnb-price-upside-tvl-reaches-13-4b,7,2,0,0,keep,has_backlink
356173,2025-08-20T14:00:00,cwt-vs-cardano-and-bonk-top-crypto-gainers-with-real-time-opportunities,publish,https://coincu.com/cwt-vs-cardano-and-bonk-top-crypto-gainers-with-real-time-opportunities,9,2,0,0,keep,has_backlink
356159,2025-08-20T12:08:04,solana-cup-handle-pattern-2500-target,publish,https://coincu.com/solana-cup-handle-pattern-2500-target,5,2,0,0,keep,has_backlink
356140,2025-08-20T11:36:22,is-mnt-set-for-a-steep-fall-after-1-40,publish,https://coincu.com/is-mnt-set-for-a-steep-fall-after-1-40,7,3,0,0,keep,has_backlink
356090,2025-08-20T07:24:19,xrp-whales-sell-470m-tokens-in-10-days,publish,https://coincu.com/xrp-whales-sell-470m-tokens-in-10-days,5,2,8,100,keep,has_backlink|has_gsc_3m
356024,2025-08-19T21:29:28,bitcoin-price-pauses-as-etf-and-corporate-demand-growth-slows,publish,https://coincu.com/bitcoin-price-pauses-as-etf-and-corporate-demand-growth-slows,29,3,0,0,keep,has_backlink
355992,2025-08-19T18:23:56,pengu-set-for-macro-w5-breakout,publish,https://coincu.com/pengu-set-for-macro-w5-breakout,7,2,0,0,keep,has_backlink
355968,2025-08-19T16:04:58,sui-slides-to-3-51,publish,https://coincu.com/sui-slides-to-3-51,5,2,0,0,keep,has_backlink
355009,2025-08-19T13:00:00,dcent-wallet-and-doppler-finance-partner-to-bring-institutional-grade-xrp-yield-to-users,publish,https://coincu.com/dcent-wallet-and-doppler-finance-partner-to-bring-institutional-grade-xrp-yield-to-users,6,1,0,0,keep,has_backlink
355887,2025-08-19T11:36:41,40-percent-swing-ahead-dogecoin,publish,https://coincu.com/40-percent-swing-ahead-dogecoin,37,3,0,0,keep,has_backlink
355866,2025-08-19T10:40:34,could-this-be-the-year-of-bank-issued-stablecoins-watch-it-unfold-at-merge-madrid,publish,https://coincu.com/could-this-be-the-year-of-bank-issued-stablecoins-watch-it-unfold-at-merge-madrid,5,2,0,0,keep,has_backlink
355836,2025-08-19T08:54:02,ethereum-spot-etfs-see-197-million-outflows-as-6000-targets-loom,publish,https://coincu.com/ethereum-spot-etfs-see-197-million-outflows-as-6000-targets-loom,8,2,0,0,keep,has_backlink
355837,2025-08-19T08:16:37,179m-in-btc-bought-by-one-whale,publish,https://coincu.com/179m-in-btc-bought-by-one-whale,11,2,0,0,keep,has_backlink
355801,2025-08-19T03:02:58,hong-kong-web3-festival-2026,publish,https://coincu.com/hong-kong-web3-festival-2026,18,4,0,0,keep,has_backlink
355733,2025-08-18T17:51:45,hype-set-for-39,publish,https://coincu.com/hype-set-for-39,5,2,0,0,keep,has_backlink
355688,2025-08-18T14:49:23,solana-hits-175-as-triple-bottom-pattern-points-to-bullish-momentum,publish,https://coincu.com/solana-hits-175-as-triple-bottom-pattern-points-to-bullish-momentum,6,2,0,0,keep,has_backlink
355657,2025-08-18T12:33:56,dogecoin-drops-5,publish,https://coincu.com/dogecoin-drops-5,10,2,0,0,keep,has_backlink
355650,2025-08-18T11:49:03,crypto-dumps-5-10-key-reasons-behind,publish,https://coincu.com/crypto-dumps-5-10-key-reasons-behind,10,2,0,0,keep,has_backlink
355515,2025-08-17T16:26:50,bitcoin-marks-1000-day-bull-run-as-eth,publish,https://coincu.com/bitcoin-marks-1000-day-bull-run-as-eth,37,4,0,0,keep,has_backlink
355428,2025-08-17T03:32:51,nft-paris-2026,publish,https://coincu.com/nft-paris-2026,25,3,0,0,keep,has_backlink
355423,2025-08-17T03:02:48,agents-day-token2049-sg-2025,publish,https://coincu.com/agents-day-token2049-sg-2025,23,3,0,0,keep,has_backlink
355411,2025-08-17T02:04:48,xrp-price-prediction-ripple-still-a-strong-long-term-bet-but-sui-sui-and-this-penny-crypto-might-skyrocket-1000-sooner,publish,https://coincu.com/xrp-price-prediction-ripple-still-a-strong-long-term-bet-but-sui-sui-and-this-penny-crypto-might-skyrocket-1000-sooner,17,2,0,0,keep,has_backlink
355311,2025-08-16T17:49:21,dogecoin-ascending-wedge-pattern-sparks-optimism-as-grayscale-seeks-etf-approval,publish,https://coincu.com/dogecoin-ascending-wedge-pattern-sparks-optimism-as-grayscale-seeks-etf-approval,19,3,0,0,keep,has_backlink
355325,2025-08-16T17:48:23,bitcoin-stumbles-post-ath-but-160k,publish,https://coincu.com/bitcoin-stumbles-post-ath-but-160k,6,2,0,0,keep,has_backlink
355213,2025-08-16T04:32:43,bitcoin-2026-las-vegas,publish,https://coincu.com/bitcoin-2026-las-vegas,12,4,0,0,keep,has_backlink
355208,2025-08-16T04:02:50,bitcoin-mena-2025-abu-dhabi,publish,https://coincu.com/bitcoin-mena-2025-abu-dhabi,12,3,0,0,keep,has_backlink
355116,2025-08-15T15:34:08,xrp-set-to-explode,publish,https://coincu.com/xrp-set-to-explode,5,2,0,0,keep,has_backlink
354830,2025-08-14T11:55:46,qf-network-confirms-q4-2025-mainnet-launch-to-redefine-layer-1-blockchain-performance,publish,https://coincu.com/qf-network-confirms-q4-2025-mainnet-launch-to-redefine-layer-1-blockchain-performance,2,1,0,0,keep,has_backlink
354782,2025-08-14T09:16:50,ethereum-whales-buy-153k-eth-as-whale-activity-hits-monthly-high,publish,https://coincu.com/ethereum-whales-buy-153k-eth-as-whale-activity-hits-monthly-high,10,3,0,0,keep,has_backlink
354561,2025-08-13T10:52:51,dogecoin-pullback-at-0-2496-could-lead-to-0-27-resistance-breakout,publish,https://coincu.com/dogecoin-pullback-at-0-2496-could-lead-to-0-27-resistance-breakout,6,2,0,0,keep,has_backlink
354503,2025-08-13T06:25:00,bitcoin-leverage-hits-5-year-high-as-etf,publish,https://coincu.com/bitcoin-leverage-hits-5-year-high-as-etf,29,5,0,0,keep,has_backlink
354499,2025-08-13T05:32:44,ethwomen-2025-florida,publish,https://coincu.com/ethwomen-2025-florida,9,3,0,0,keep,has_backlink
354397,2025-08-12T18:44:59,do-kwon-pleads-guilty-to-two-charges,publish,https://coincu.com/do-kwon-pleads-guilty-to-two-charges,12,5,0,0,keep,has_backlink
354399,2025-08-12T18:31:08,ethereum-open-interest-tops-10b-as,publish,https://coincu.com/ethereum-open-interest-tops-10b-as,20,5,0,0,keep,has_backlink
354385,2025-08-12T17:32:00,bit-origin-has-increased-its-dogecoin,publish,https://coincu.com/bit-origin-has-increased-its-dogecoin,7,3,0,0,keep,has_backlink
354362,2025-08-12T16:42:53,whales-load-up-on-solana-as-170-level-sets-stage-for-205,publish,https://coincu.com/whales-load-up-on-solana-as-170-level-sets-stage-for-205,10,2,0,0,keep,has_backlink
352712,2025-08-12T09:25:19,what-is-suilend-sui-lending-protocol,publish,https://coincu.com/what-is-suilend-sui-lending-protocol,23,5,0,0,keep,has_backlink
354171,2025-08-12T03:02:52,wyoming-blockchain-symposium-2025,publish,https://coincu.com/wyoming-blockchain-symposium-2025,16,4,0,0,keep,has_backlink
354095,2025-08-11T19:31:06,flokis-valhalla-mmorpg-storms-u-s-television-with-60-day-national-commercial-blitz,publish,https://coincu.com/flokis-valhalla-mmorpg-storms-u-s-television-with-60-day-national-commercial-blitz,6,1,0,0,keep,has_backlink
354032,2025-08-11T15:00:12,axiom-sets-200m-revenue-record-pushing-solana-closer-to-400-target,publish,https://coincu.com/axiom-sets-200m-revenue-record-pushing-solana-closer-to-400-target,4,2,0,0,keep,has_backlink
353939,2025-08-11T05:02:51,ethtokyo-2025,publish,https://coincu.com/ethtokyo-2025,13,4,0,0,keep,has_backlink
353925,2025-08-11T04:02:50,japan-blockchain-week-2025,publish,https://coincu.com/japan-blockchain-week-2025,11,5,0,0,keep,has_backlink
353875,2025-08-10T21:06:56,bitcoin-could-hit-133k-if-it-holds-112k,publish,https://coincu.com/bitcoin-could-hit-133k-if-it-holds-112k,45,3,0,0,keep,has_backlink
353869,2025-08-10T20:11:17,can-xrp-rally-to-28-as-analysts-predict,publish,https://coincu.com/can-xrp-rally-to-28-as-analysts-predict,30,4,0,0,keep,has_backlink
353860,2025-08-10T19:07:06,ethereum-price-tops-4200-passes,publish,https://coincu.com/ethereum-price-tops-4200-passes,33,3,0,0,keep,has_backlink
353527,2025-08-08T21:00:00,top-4-top-presale-coins-to-keep-on-your-radar-now,publish,https://coincu.com/top-4-top-presale-coins-to-keep-on-your-radar-now,38,2,0,0,keep,has_backlink
353054,2025-08-06T20:25:30,cosmos-health-secures-300m-to-launch,publish,https://coincu.com/cosmos-health-secures-300m-to-launch,20,7,0,0,keep,has_backlink
352879,2025-08-06T03:02:48,stablecoin-nyc-2025,publish,https://coincu.com/stablecoin-nyc-2025,12,3,0,0,keep,has_backlink
352773,2025-08-05T14:45:35,onyc-launches-on-kamino-unlocking-real-world-yield-and-collateral-utility-in-solana-defi,publish,https://coincu.com/onyc-launches-on-kamino-unlocking-real-world-yield-and-collateral-utility-in-solana-defi,15,1,0,0,keep,has_backlink
352648,2025-08-05T05:00:00,1234-are-whales-leaving-solana-for-good-heres-where-the-big-wallets-are-moving-now,publish,https://coincu.com/1234-are-whales-leaving-solana-for-good-heres-where-the-big-wallets-are-moving-now,10,2,0,0,keep,has_backlink
352617,2025-08-04T22:32:43,cftc-launches-crypto-sprint-to-enable,publish,https://coincu.com/cftc-launches-crypto-sprint-to-enable,19,4,0,0,keep,has_backlink
352452,2025-08-04T08:24:46,cardano-approves-71m-for-core-upgrades,publish,https://coincu.com/cardano-approves-71m-for-core-upgrades,15,7,0,0,keep,has_backlink
351859,2025-07-31T16:25:58,new-whales-trigger-8b-bitcoin-selloff,publish,https://coincu.com/new-whales-trigger-8b-bitcoin-selloff,9,5,0,0,keep,has_backlink
351567,2025-07-30T08:37:46,unlocking-opportunities-in-fintech-web3-at-africas-premier-finance-summit,publish,https://coincu.com/unlocking-opportunities-in-fintech-web3-at-africas-premier-finance-summit,12,2,0,0,keep,has_backlink
351508,2025-07-29T21:29:38,sec-approves-in-kind-redemptions-for-spot,publish,https://coincu.com/sec-approves-in-kind-redemptions-for-spot,33,5,0,0,keep,has_backlink
351451,2025-07-29T14:23:23,queens-park-rangers-and-tokenfi-announces-new-partnership,publish,https://coincu.com/queens-park-rangers-and-tokenfi-announces-new-partnership,2,1,0,0,keep,has_backlink
351432,2025-07-29T13:01:35,deepsnitch-introduces-five-specialized-ai-agents-as-token-presale-goes-live,publish,https://coincu.com/deepsnitch-introduces-five-specialized-ai-agents-as-token-presale-goes-live,4,1,0,0,keep,has_backlink
351372,2025-07-29T06:00:00,12345-solana-price-prediction-does-sol-rally-to-250-or-is-a-long-ride-to-150-in-store,publish,https://coincu.com/12345-solana-price-prediction-does-sol-rally-to-250-or-is-a-long-ride-to-150-in-store,8,2,0,0,keep,has_backlink
351360,2025-07-29T03:02:21,consensus-2026-miami,publish,https://coincu.com/consensus-2026-miami,10,5,0,0,keep,has_backlink
351254,2025-07-28T03:32:21,consensus-hong-kong-2026,publish,https://coincu.com/consensus-hong-kong-2026,9,4,0,0,keep,has_backlink
351131,2025-07-27T05:32:26,webx2025-tokyo,publish,https://coincu.com/webx2025-tokyo,11,5,0,0,keep,has_backlink
350958,2025-07-26T05:02:17,stablecoin-summit-2025-singapore,publish,https://coincu.com/stablecoin-summit-2025-singapore,13,3,0,0,keep,has_backlink
350955,2025-07-26T04:32:14,dna-house-token2049-sg-2025,publish,https://coincu.com/dna-house-token2049-sg-2025,8,3,0,0,keep,has_backlink
350948,2025-07-26T04:02:19,hack-seasons-conference-singapore-2025,publish,https://coincu.com/hack-seasons-conference-singapore-2025,11,3,0,0,keep,has_backlink
350926,2025-07-26T03:32:18,token2049-week-singapore-2025-side-events,publish,https://coincu.com/token2049-week-singapore-2025-side-events,11,4,0,0,keep,has_backlink
350921,2025-07-26T03:02:19,multichain-day-token2049-sg-2025,publish,https://coincu.com/multichain-day-token2049-sg-2025,10,3,0,0,keep,has_backlink
350930,2025-07-25T23:00:00,12345-shiba-inu-and-pi-network-fall-out-of-favor-but-remittix-continues-explosive-growth-passing-17m-in-ico,publish,https://coincu.com/12345-shiba-inu-and-pi-network-fall-out-of-favor-but-remittix-continues-explosive-growth-passing-17m-in-ico,2,1,0,0,keep,has_backlink
350929,2025-07-25T21:00:00,12345-dogecoin-price-prediction-can-doge-still-turn-1000-into-100000-or-is-this-coin-your-better-bet,publish,https://coincu.com/12345-dogecoin-price-prediction-can-doge-still-turn-1000-into-100000-or-is-this-coin-your-better-bet,2,1,0,0,keep,has_backlink
350809,2025-07-25T13:09:36,spheron-to-launch-tge-with-spon-token-tier-1-listings,publish,https://coincu.com/spheron-to-launch-tge-with-spon-token-tier-1-listings,6,1,0,0,keep,has_backlink
350754,2025-07-25T07:24:58,mexc-research-every-second-gen-z-trader-now-relies-on-ai-for-crypto-trading-decisions,publish,https://coincu.com/mexc-research-every-second-gen-z-trader-now-relies-on-ai-for-crypto-trading-decisions,4,1,0,0,keep,has_backlink
350733,2025-07-25T04:02:15,solana-apex-singapore-2025,publish,https://coincu.com/solana-apex-singapore-2025,0,0,3,213,keep,has_gsc_3m
350601,2025-07-24T14:01:03,bullish-macd-flash-is-doge-set-to-hit-0-70-next,publish,https://coincu.com/bullish-macd-flash-is-doge-set-to-hit-0-70-next,15,4,0,0,keep,has_backlink
350508,2025-07-24T08:54:42,tether-freezes-1-6m-in-usdt-linked-to,publish,https://coincu.com/tether-freezes-1-6m-in-usdt-linked-to,33,6,0,0,keep,has_backlink
350495,2025-07-24T06:58:17,solana-capacity-increase-proposal,publish,https://coincu.com/solana-capacity-increase-proposal,4,3,0,0,keep,has_backlink
350476,2025-07-24T05:02:21,paris-blockchain-week-2026,publish,https://coincu.com/paris-blockchain-week-2026,8,3,0,0,keep,has_backlink
350466,2025-07-24T04:28:23,us-holds-198000-btc-no-sales,publish,https://coincu.com/us-holds-198000-btc-no-sales,16,4,0,0,keep,has_backlink
350445,2025-07-24T02:27:38,joe-mccann-accelerate-solana-treasury,publish,https://coincu.com/joe-mccann-accelerate-solana-treasury,19,8,0,0,keep,has_backlink
350436,2025-07-24T00:58:13,tether-us-strategy-stablecoins,publish,https://coincu.com/tether-us-strategy-stablecoins,546,3,0,0,keep,has_backlink
350430,2025-07-23T23:27:39,trump-tariffs-global-trade-negotiations,publish,https://coincu.com/trump-tariffs-global-trade-negotiations,554,4,0,0,keep,has_backlink
350418,2025-07-23T20:58:11,u-power-iotex-tokenize-assets,publish,https://coincu.com/u-power-iotex-tokenize-assets,46,7,0,0,keep,has_backlink
350415,2025-07-23T20:28:51,wlfi-vaulta-web3-banking-partnership,publish,https://coincu.com/wlfi-vaulta-web3-banking-partnership,18,4,0,0,keep,has_backlink
350390,2025-07-23T17:58:09,speaker-johnson-fed-reform,publish,https://coincu.com/speaker-johnson-fed-reform,551,3,0,0,keep,has_backlink
350365,2025-07-23T15:14:47,multibank-io-partners-with-fireblocks-and-mavryk-to-launch-10b-real-estate-tokenization-platform,publish,https://coincu.com/multibank-io-partners-with-fireblocks-and-mavryk-to-launch-10b-real-estate-tokenization-platform,1,1,0,0,keep,has_backlink
350352,2025-07-23T13:58:19,chaincatcher-alibaba-volcano-web3-collaboration,publish,https://coincu.com/chaincatcher-alibaba-volcano-web3-collaboration,6,2,0,0,keep,has_backlink
350321,2025-07-23T09:52:57,arthur-hayes-cryptopunks-vs-ethereum,publish,https://coincu.com/arthur-hayes-cryptopunks-vs-ethereum,5,3,0,0,keep,has_backlink
350314,2025-07-23T09:22:27,coinshares-eu-mica-license-approved,publish,https://coincu.com/coinshares-eu-mica-license-approved,7,3,0,0,keep,has_backlink
350284,2025-07-23T06:22:20,binance-coa-token-airdrop,publish,https://coincu.com/binance-coa-token-airdrop,31,2,0,0,keep,has_backlink
350195,2025-07-22T19:53:30,western-union-stablecoin-move,publish,https://coincu.com/western-union-stablecoin-move,5,1,0,0,keep,has_backlink
350149,2025-07-22T13:53:01,us-congress-crypto-market-draft,publish,https://coincu.com/us-congress-crypto-market-draft,3,1,0,0,keep,has_backlink
350101,2025-07-22T09:21:40,safepal-1inch-hardware-wallet,publish,https://coincu.com/safepal-1inch-hardware-wallet,4,1,0,0,keep,has_backlink
350028,2025-07-22T03:52:13,stablecoinx-360m-ena-token-acquisition,publish,https://coincu.com/stablecoinx-360m-ena-token-acquisition,3,1,0,0,keep,has_backlink
349990,2025-07-21T22:22:32,profusa-bitcoin-investment-plan,publish,https://coincu.com/profusa-bitcoin-investment-plan,6,1,0,0,keep,has_backlink
349986,2025-07-21T21:52:36,trump-media-bitcoin-investment,publish,https://coincu.com/trump-media-bitcoin-investment,4,1,0,0,keep,has_backlink
349817,2025-07-21T01:47:08,hong-kong-stablecoin-licensing-2025,publish,https://coincu.com/hong-kong-stablecoin-licensing-2025,6,1,0,0,keep,has_backlink
349793,2025-07-20T21:47:08,binance-alpha-airdrop-announcement,publish,https://coincu.com/binance-alpha-airdrop-announcement,0,0,3,93,keep,has_gsc_3m
349772,2025-07-20T18:16:42,jpmorgan-tokenized-deposits-analysis,publish,https://coincu.com/jpmorgan-tokenized-deposits-analysis,3,1,0,0,keep,has_backlink
349765,2025-07-20T16:46:16,21shares-crypto-index-etfs-sec-2,publish,https://coincu.com/21shares-crypto-index-etfs-sec-2,2,1,0,0,keep,has_backlink
349750,2025-07-20T14:17:17,uk-bitcoin-sale-contractor-framework,publish,https://coincu.com/uk-bitcoin-sale-contractor-framework,6,1,0,0,keep,has_backlink
349721,2025-07-20T10:17:46,ethereum-etf-inflows-record-21b,publish,https://coincu.com/ethereum-etf-inflows-record-21b,3,1,0,0,keep,has_backlink
349686,2025-07-20T07:46:13,qian-fenglei-investment-scheme,publish,https://coincu.com/qian-fenglei-investment-scheme,0,0,4,38,keep,has_gsc_3m
349557,2025-07-19T10:45:51,qian-fenglei-investment-scheme-hong-kong,publish,https://coincu.com/qian-fenglei-investment-scheme-hong-kong,0,0,5,167,keep,has_gsc_3m
349447,2025-07-18T18:39:34,whales-scoop-up-1-08b-in-dogecoin-in-48-hours,publish,https://coincu.com/whales-scoop-up-1-08b-in-dogecoin-in-48-hours,2,1,0,0,keep,has_backlink
344025,2025-06-18T13:03:24,pi-network-crashes-15-in-a-week-now-below-0-54,publish,https://coincu.com/pi-network-crashes-15-in-a-week-now-below-0-54,2,1,0,0,keep,has_backlink
249111,2025-06-18T08:32:56,free-bitcoin-code,publish,https://coincu.com/free-bitcoin-code,0,0,59,978,keep,has_gsc_3m
342825,2025-06-12T09:02:27,tencent-acquire-nexon-15-billion,publish,https://coincu.com/tencent-acquire-nexon-15-billion,1,1,0,0,keep,has_backlink
342823,2025-06-12T09:00:19,tencent-nexon-gaming-acquisition,publish,https://coincu.com/tencent-nexon-gaming-acquisition,1,1,0,0,keep,has_backlink
269678,2025-06-11T04:56:54,top-10-biggest-rug-pull-projects,publish,https://coincu.com/top-10-biggest-rug-pull-projects,1,1,0,0,keep,has_backlink
157388,2025-06-10T08:22:57,top-5-dex-on-solana-update,publish,https://coincu.com/top-5-dex-on-solana-update,1,1,0,0,keep,has_backlink
224432,2025-06-03T07:54:30,top-5-best-crypto-telegram-bots,publish,https://coincu.com/top-5-best-crypto-telegram-bots,0,0,29,1775,keep,has_gsc_3m
227179,2025-06-02T11:02:22,top-bridge-projects-on-layerzero,publish,https://coincu.com/top-bridge-projects-on-layerzero,1,1,0,0,keep,has_backlink
340913,2025-05-31T21:55:59,bitcoin-themed-reality-show-satoshi-game,publish,https://coincu.com/bitcoin-themed-reality-show-satoshi-game,1,1,0,0,keep,has_backlink
340437,2025-05-29T07:56:48,north-korean-lazarus-targets-investors,publish,https://coincu.com/north-korean-lazarus-targets-investors,2,1,0,0,keep,has_backlink
223112,2025-05-28T08:23:41,top-5-best-crypto-mining-apps,publish,https://coincu.com/top-5-best-crypto-mining-apps,0,0,5,780,keep,has_gsc_3m
287620,2025-05-28T03:28:05,ton-place-review,publish,https://coincu.com/ton-place-review,0,0,3,118,keep,has_gsc_3m
296385,2025-05-26T17:50:34,how-malone-lams-greed-exposed-230m-crypto-scam,publish,https://coincu.com/how-malone-lams-greed-exposed-230m-crypto-scam,0,0,4,1262,keep,has_gsc_3m
251508,2025-05-26T10:54:35,bitstarz-bonus-code,publish,https://coincu.com/bitstarz-bonus-code,0,0,4,13872,keep,has_gsc_3m
339518,2025-05-24T22:55:28,ember-sword-blockchain-game-closure,publish,https://coincu.com/ember-sword-blockchain-game-closure,1,1,0,0,keep,has_backlink
339033,2025-05-22T05:55:42,voyagames-web3-funding-craftworld,publish,https://coincu.com/voyagames-web3-funding-craftworld,1,1,0,0,keep,has_backlink
337175,2025-05-12T11:00:38,brevis-to-power-intelligent-ux-on-pancakeswap-infinity,publish,https://coincu.com/brevis-to-power-intelligent-ux-on-pancakeswap-infinity,1,1,0,0,keep,has_backlink
336929,2025-05-11T03:53:26,sui-network-tvl-growth-may-2025,publish,https://coincu.com/sui-network-tvl-growth-may-2025,4,1,0,0,keep,has_backlink
336180,2025-05-07T15:54:16,sec-ethereum-security-dispute,publish,https://coincu.com/sec-ethereum-security-dispute,6,2,0,0,keep,has_backlink
335729,2025-05-05T04:54:35,malaysia-blockchain-week-2025,publish,https://coincu.com/malaysia-blockchain-week-2025,2,1,0,0,keep,has_backlink
334643,2025-04-27T19:51:53,arbitrum-nvidia-ai-partnership,publish,https://coincu.com/arbitrum-nvidia-ai-partnership,1,1,0,0,keep,has_backlink
333948,2025-04-23T22:21:13,bitradex-raises-12m-ai-trading,publish,https://coincu.com/bitradex-raises-12m-ai-trading,0,0,5,470,keep,has_gsc_3m
333849,2025-04-23T10:21:50,buffett-us-treasury-control-increase,publish,https://coincu.com/buffett-us-treasury-control-increase,1,1,0,0,keep,has_backlink
330442,2025-04-05T04:00:00,apertum-gets-rewarded-as-fastest-growing-blockchain-community,publish,https://coincu.com/apertum-gets-rewarded-as-fastest-growing-blockchain-community,29,19,0,0,keep,has_backlink
304670,2025-01-31T13:06:43,the-winna-vip-program-unlock-exclusive-rewards-and-perks,publish,https://coincu.com/the-winna-vip-program-unlock-exclusive-rewards-and-perks,0,0,17,315,keep,has_gsc_3m
295488,2024-12-05T15:38:19,german-government-loses-2-4-billion,publish,https://coincu.com/german-government-loses-2-4-billion,1,1,0,0,keep,has_backlink
295362,2024-12-05T09:51:39,top-reactions-to-bitcoin-reaching-100000,publish,https://coincu.com/top-reactions-to-bitcoin-reaching-100000,1,1,0,0,keep,has_backlink
295287,2024-12-04T18:54:17,new-sec-chair-appointed-by-donald-trump,publish,https://coincu.com/new-sec-chair-appointed-by-donald-trump,1,1,0,0,keep,has_backlink
295140,2024-12-04T08:53:25,cz-binance-hints-bnb-via-toy-story-tweet,publish,https://coincu.com/cz-binance-hints-bnb-via-toy-story-tweet,1,1,0,0,keep,has_backlink
295134,2024-12-04T08:09:32,solana-etf-takes-spotlight-as-sec-approval,publish,https://coincu.com/solana-etf-takes-spotlight-as-sec-approval,1,1,0,0,keep,has_backlink
295009,2024-12-03T14:24:11,vitalik-buterin-ethereum-wallet-future,publish,https://coincu.com/vitalik-buterin-ethereum-wallet-future,1,1,0,0,keep,has_backlink
294996,2024-12-03T13:50:47,bitcoin-miner-mara-expands-mining,publish,https://coincu.com/bitcoin-miner-mara-expands-mining,1,1,0,0,keep,has_backlink
294794,2024-12-02T13:41:01,wisdomtree-spot-xrp-etf-seeks-sec-approval,publish,https://coincu.com/wisdomtree-spot-xrp-etf-seeks-sec-approval,1,1,0,0,keep,has_backlink
294739,2024-12-02T06:18:29,bitcoin-spot-etf-outflows-reach-138m,publish,https://coincu.com/bitcoin-spot-etf-outflows-reach-138m,1,1,0,0,keep,has_backlink
294709,2024-12-02T02:21:06,xrp-market-cap-has-now-surpassed-usdt,publish,https://coincu.com/xrp-market-cap-has-now-surpassed-usdt,1,1,0,0,keep,has_backlink
294635,2024-12-01T08:36:38,cbdcs-vs-instant-payment-systems-gain-central,publish,https://coincu.com/cbdcs-vs-instant-payment-systems-gain-central,2,1,0,0,keep,has_backlink
294463,2024-11-29T17:31:05,meme-coin-pepe-and-sol-supported-by-bitstamp,publish,https://coincu.com/meme-coin-pepe-and-sol-supported-by-bitstamp,1,1,0,0,keep,has_backlink
294457,2024-11-29T16:36:47,japanese-fsa-crypto-warnings-target-5-exchanges,publish,https://coincu.com/japanese-fsa-crypto-warnings-target-5-exchanges,2,1,0,0,keep,has_backlink
294304,2024-11-29T02:49:00,coinbase-usdc-earn-program-stops,publish,https://coincu.com/coinbase-usdc-earn-program-stops,1,1,0,0,keep,has_backlink
293826,2024-11-26T05:42:24,phantom-wallet-adds-base-network-expanding,publish,https://coincu.com/phantom-wallet-adds-base-network-expanding,1,1,0,0,keep,has_backlink
293815,2024-11-26T03:30:54,world-liberty-financial-investment-justin-sun,publish,https://coincu.com/world-liberty-financial-investment-justin-sun,1,1,0,0,keep,has_backlink
283829,2024-09-24T00:26:00,patrick-bet-david-net-worth,publish,https://coincu.com/patrick-bet-david-net-worth,100,100,0,0,keep,has_backlink
272089,2024-08-13T14:00:00,federated-multichain-network-apex-fusion-launching-public-testnet,publish,https://coincu.com/federated-multichain-network-apex-fusion-launching-public-testnet,2,1,0,0,keep,has_backlink
264844,2024-06-23T16:06:38,zksync-token-airdrop-for-holders,publish,https://coincu.com/zksync-token-airdrop-for-holders,1,1,0,0,keep,has_backlink
264782,2024-06-22T04:12:11,consensys-sec-lawsuit-continues-2,publish,https://coincu.com/consensys-sec-lawsuit-continues-2,1,1,0,0,keep,has_backlink
264771,2024-06-22T02:54:01,standard-chartered-crypto-trading-desk,publish,https://coincu.com/standard-chartered-crypto-trading-desk,1,1,0,0,keep,has_backlink
264649,2024-06-21T03:46:29,coinbase-ad-campaign-to-boost-latino-voters,publish,https://coincu.com/coinbase-ad-campaign-to-boost-latino-voters,1,1,0,0,keep,has_backlink
264498,2024-06-20T03:07:12,consensys-sec-lawsuit-continues,publish,https://coincu.com/consensys-sec-lawsuit-continues,1,1,0,0,keep,has_backlink
264017,2024-06-17T04:23:48,fed-interest-rate-cut-forecasted,publish,https://coincu.com/fed-interest-rate-cut-forecasted,1,1,0,0,keep,has_backlink
264004,2024-06-17T03:56:16,binance-zk-listing-launched,publish,https://coincu.com/binance-zk-listing-launched,1,1,0,0,keep,has_backlink
263998,2024-06-16T09:37:25,layerzero-witch-list-introduced-false-positives-reviewed-in-24-hours,publish,https://coincu.com/layerzero-witch-list-introduced-false-positives-reviewed-in-24-hours,1,1,0,0,keep,has_backlink
263975,2024-06-16T05:02:29,biden-administration-bitcoin-roundtable,publish,https://coincu.com/biden-administration-bitcoin-roundtable,1,1,0,0,keep,has_backlink
263956,2024-06-16T03:59:25,layerzero-token-airdrop-rules,publish,https://coincu.com/layerzero-token-airdrop-rules,1,1,0,0,keep,has_backlink
263876,2024-06-15T03:09:00,ethereum-etf-s-1-expected-approved,publish,https://coincu.com/ethereum-etf-s-1-expected-approved,1,1,0,0,keep,has_backlink
263767,2024-06-14T04:05:57,curve-founder-michael-egorov-improving-platform,publish,https://coincu.com/curve-founder-michael-egorov-improving-platform,1,1,0,0,keep,has_backlink
263738,2024-06-14T03:10:05,zksync-token-airdrop-will-be-launched,publish,https://coincu.com/zksync-token-airdrop-will-be-launched,1,1,0,0,keep,has_backlink
263736,2024-06-14T02:43:23,bitcoin-whale-wallets-with-over-1000-btc,publish,https://coincu.com/bitcoin-whale-wallets-with-over-1000-btc,1,1,0,0,keep,has_backlink
263586,2024-06-13T03:36:17,coinbase-ceo-brian-armstrong-meets-with-senators,publish,https://coincu.com/coinbase-ceo-brian-armstrong-meets-with-senators,1,1,0,0,keep,has_backlink
263579,2024-06-13T02:56:57,paxos-workforce-cut-affects-20,publish,https://coincu.com/paxos-workforce-cut-affects-20,1,1,0,0,keep,has_backlink
263117,2024-06-09T14:33:32,token-unlocks-data-release-over-240-million,publish,https://coincu.com/token-unlocks-data-release-over-240-million,1,1,0,0,keep,has_backlink
263112,2024-06-09T14:10:33,ethereum-layer-2-protocol-loopring-security,publish,https://coincu.com/ethereum-layer-2-protocol-loopring-security,1,1,0,0,keep,has_backlink
263045,2024-06-08T03:17:20,okx-wallet-transactions-trigger-chaos-btc-fees,publish,https://coincu.com/okx-wallet-transactions-trigger-chaos-btc-fees,1,1,0,0,keep,has_backlink
263031,2024-06-08T02:46:37,bitcoin-network-fees-suddenly-increased,publish,https://coincu.com/bitcoin-network-fees-suddenly-increased,1,1,0,0,keep,has_backlink
262927,2024-06-07T03:17:33,gamestop-gme-surge-is-back,publish,https://coincu.com/gamestop-gme-surge-is-back,1,1,0,0,keep,has_backlink
262916,2024-06-07T01:11:38,new-proshares-spot-ethereum-etf,publish,https://coincu.com/new-proshares-spot-ethereum-etf,1,1,0,0,keep,has_backlink
262910,2024-06-07T00:29:28,kraken-pre-ipo-fund-raising-round-launched,publish,https://coincu.com/kraken-pre-ipo-fund-raising-round-launched,1,1,0,0,keep,has_backlink
262726,2024-06-06T03:21:10,cosmos-hub-outage-causes-downtime-for-4-hours,publish,https://coincu.com/cosmos-hub-outage-causes-downtime-for-4-hours,1,1,0,0,keep,has_backlink
262720,2024-06-06T00:57:37,paxos-usdl-stablecoin-offering-5-apy-launched,publish,https://coincu.com/paxos-usdl-stablecoin-offering-5-apy-launched,1,1,0,0,keep,has_backlink
262513,2024-06-05T03:44:38,optimism-about-fed-rate-cut,publish,https://coincu.com/optimism-about-fed-rate-cut,1,1,0,0,keep,has_backlink
262294,2024-06-04T02:55:04,state-of-wisconsin-investment-board-bitcoin-etfs,publish,https://coincu.com/state-of-wisconsin-investment-board-bitcoin-etfs,1,1,0,0,keep,has_backlink
262282,2024-06-04T02:20:23,cftcs-digital-assets-subcommittee-member-aptos,publish,https://coincu.com/cftcs-digital-assets-subcommittee-member-aptos,1,1,0,0,keep,has_backlink
262081,2024-06-03T03:44:00,matter-labs-trademark-application-withdrawn,publish,https://coincu.com/matter-labs-trademark-application-withdrawn,1,1,0,0,keep,has_backlink
262076,2024-06-03T03:16:15,notcoin-network-transaction-spikes,publish,https://coincu.com/notcoin-network-transaction-spikes,1,1,0,0,keep,has_backlink
262060,2024-06-02T04:53:18,velocore-hack-causes-lose-10-million,publish,https://coincu.com/velocore-hack-causes-lose-10-million,1,1,0,0,keep,has_backlink
262047,2024-06-02T04:35:09,tether-in-hong-kong-could-make-a-comeback,publish,https://coincu.com/tether-in-hong-kong-could-make-a-comeback,1,1,0,0,keep,has_backlink
262003,2024-06-01T04:53:10,congresss-crypto-custody-bill-vetoed-by-biden,publish,https://coincu.com/congresss-crypto-custody-bill-vetoed-by-biden,1,1,0,0,keep,has_backlink
261994,2024-06-01T03:58:32,bybits-vatp-application-license-in-hk,publish,https://coincu.com/bybits-vatp-application-license-in-hk,1,1,0,0,keep,has_backlink
261986,2024-06-01T03:09:27,binances-founder-sentence-now-executed,publish,https://coincu.com/binances-founder-sentence-now-executed,1,1,0,0,keep,has_backlink
261909,2024-05-31T04:06:54,luna-foundation-guard-crypto-transfers,publish,https://coincu.com/luna-foundation-guard-crypto-transfers,1,1,0,0,keep,has_backlink
261893,2024-05-31T03:37:46,sei-airdrop-checker-is-now-updated,publish,https://coincu.com/sei-airdrop-checker-is-now-updated,1,1,0,0,keep,has_backlink
261540,2024-05-29T04:04:12,second-sei-airdrop-distribute-to-active-users,publish,https://coincu.com/second-sei-airdrop-distribute-to-active-users,1,1,0,0,keep,has_backlink
261383,2024-05-28T04:00:15,fantom-meme-season-campaign-launched,publish,https://coincu.com/fantom-meme-season-campaign-launched,1,1,0,0,keep,has_backlink
261207,2024-05-26T04:41:18,aptos-user-transactions-sets-new-record,publish,https://coincu.com/aptos-user-transactions-sets-new-record,1,1,0,0,keep,has_backlink
261111,2024-05-25T05:28:38,bitcoin-purchased-by-etfs-this-week,publish,https://coincu.com/bitcoin-purchased-by-etfs-this-week,1,1,0,0,keep,has_backlink
261098,2024-05-25T04:32:22,bitcoin-long-term-holders-for-over-3-years,publish,https://coincu.com/bitcoin-long-term-holders-for-over-3-years,1,1,0,0,keep,has_backlink
261091,2024-05-25T04:09:05,chinas-digital-asset-ban-remains-ignored,publish,https://coincu.com/chinas-digital-asset-ban-remains-ignored,1,1,0,0,keep,has_backlink
261078,2024-05-25T03:29:29,bitgo-lawsuit-against-galaxy-digital,publish,https://coincu.com/bitgo-lawsuit-against-galaxy-digital,1,1,0,0,keep,has_backlink
260369,2024-05-22T03:06:49,donald-trumps-presidential-campaign,publish,https://coincu.com/donald-trumps-presidential-campaign,1,1,0,0,keep,has_backlink
260111,2024-05-21T03:05:19,gala-ethereum-contract-exploit,publish,https://coincu.com/gala-ethereum-contract-exploit,1,1,0,0,keep,has_backlink
260094,2024-05-21T00:20:34,spot-ethereum-etf-approval-sec-faster-19b-4,publish,https://coincu.com/spot-ethereum-etf-approval-sec-faster-19b-4,1,1,0,0,keep,has_backlink
259878,2024-05-19T15:38:59,tornado-cash-ruling-casts-dark-shadow-market,publish,https://coincu.com/tornado-cash-ruling-casts-dark-shadow-market,1,1,0,0,keep,has_backlink
259862,2024-05-19T14:29:38,india-sebi-and-central-bank-clash-over-crypto,publish,https://coincu.com/india-sebi-and-central-bank-clash-over-crypto,1,1,0,0,keep,has_backlink
259842,2024-05-19T03:49:28,pumpfun-attacker-was-arrested,publish,https://coincu.com/pumpfun-attacker-was-arrested,1,1,0,0,keep,has_backlink
259830,2024-05-19T03:06:10,kraken-usdt-support-now-continues,publish,https://coincu.com/kraken-usdt-support-now-continues,1,1,0,0,keep,has_backlink
259757,2024-05-18T03:40:30,notcoin-first-campaigns-prepared-to-launch,publish,https://coincu.com/notcoin-first-campaigns-prepared-to-launch,1,1,0,0,keep,has_backlink
259743,2024-05-18T02:35:35,controversial-coinbase-outage-identified,publish,https://coincu.com/controversial-coinbase-outage-identified,1,1,0,0,keep,has_backlink
259598,2024-05-17T03:43:02,bitcoin-supply-on-exchanges-falling-to-new-lows,publish,https://coincu.com/bitcoin-supply-on-exchanges-falling-to-new-lows,1,1,0,0,keep,has_backlink
259579,2024-05-17T03:06:42,chainlink-fund-tokenization-pilot-successful,publish,https://coincu.com/chainlink-fund-tokenization-pilot-successful,1,1,0,0,keep,has_backlink
259573,2024-05-17T02:41:06,controversial-sec-crypto-asset-accounting-rule,publish,https://coincu.com/controversial-sec-crypto-asset-accounting-rule,1,1,0,0,keep,has_backlink
259378,2024-05-16T01:32:19,boothbay-bitcoin-etf-investment,publish,https://coincu.com/boothbay-bitcoin-etf-investment,1,1,0,0,keep,has_backlink
258962,2024-05-14T03:09:45,gamestop-stock-price-surges-as-meme-stock-frenzy,publish,https://coincu.com/gamestop-stock-price-surges-as-meme-stock-frenzy,1,1,0,0,keep,has_backlink
258921,2024-05-13T14:14:45,gamestop-soars-90-66-tripping-fourth-circuit,publish,https://coincu.com/gamestop-soars-90-66-tripping-fourth-circuit,1,1,0,0,keep,has_backlink
258906,2024-05-13T13:59:10,notcoin-exchange-deposits-ending-tomorrow,publish,https://coincu.com/notcoin-exchange-deposits-ending-tomorrow,1,1,0,0,keep,has_backlink
258883,2024-05-13T13:19:20,bitfinex-and-el-salvador-token-bond-tourism,publish,https://coincu.com/bitfinex-and-el-salvador-token-bond-tourism,1,1,0,0,keep,has_backlink
258719,2024-05-12T11:07:37,dormant-bitcoin-wallets-awaken-after-10-7-years,publish,https://coincu.com/dormant-bitcoin-wallets-awaken-after-10-7-years,1,1,0,0,keep,has_backlink
258637,2024-05-11T17:19:00,linea-lxp-distribution-is-now-delayed,publish,https://coincu.com/linea-lxp-distribution-is-now-delayed,1,1,0,0,keep,has_backlink
258575,2024-05-11T04:04:09,debank-has-connected-to-okx-web3-wallet,publish,https://coincu.com/debank-has-connected-to-okx-web3-wallet,1,1,0,0,keep,has_backlink
258568,2024-05-11T03:42:59,phishing-group-returns-stolen-crypto-66-88m,publish,https://coincu.com/phishing-group-returns-stolen-crypto-66-88m,1,1,0,0,keep,has_backlink
258550,2024-05-10T16:03:42,bitcoin-lightning-payments-accepted-candy-jets,publish,https://coincu.com/bitcoin-lightning-payments-accepted-candy-jets,1,1,0,0,keep,has_backlink
258462,2024-05-10T04:28:28,ton-phishing-message-fools-users,publish,https://coincu.com/ton-phishing-message-fools-users,1,1,0,0,keep,has_backlink
258439,2024-05-10T02:57:46,pantera-capital-ton-investment-is-largest-fund,publish,https://coincu.com/pantera-capital-ton-investment-is-largest-fund,1,1,0,0,keep,has_backlink
253507,2024-04-03T10:26:22,okx-referral-code-59061816-earn-mystery-boxes,publish,https://coincu.com/okx-referral-code-59061816-earn-mystery-boxes,0,0,3,745,keep,has_gsc_3m
221765,2024-04-02T08:13:46,top-5-socialfi-projects,publish,https://coincu.com/top-5-socialfi-projects,1,1,0,0,keep,has_backlink
251007,2024-03-22T13:39:11,how-to-find-your-trust-wallet-recovery-phrase,publish,https://coincu.com/how-to-find-your-trust-wallet-recovery-phrase,0,0,4,903,keep,has_gsc_3m
250225,2024-03-11T22:00:27,team-behind-top-lending-protocol-launches-suilend-on-sui,publish,https://coincu.com/team-behind-top-lending-protocol-launches-suilend-on-sui,8,1,0,0,keep,has_backlink
248937,2024-03-06T09:48:01,unstable-diffusion-review,publish,https://coincu.com/unstable-diffusion-review,0,0,3,1708,keep,has_gsc_3m
249402,2024-03-05T10:56:09,how-to-sign-up-an-okx-account-step-by-step-guide,publish,https://coincu.com/how-to-sign-up-an-okx-account-step-by-step-guide,0,0,4,503,keep,has_gsc_3m
245292,2024-01-29T07:23:28,carl-runefelt-net-worth-how-he-built-his-wealth,publish,https://coincu.com/carl-runefelt-net-worth-how-he-built-his-wealth,0,0,4,1433,keep,has_gsc_3m
240061,2024-01-02T17:13:49,how-to-use-walletdat-file,publish,https://coincu.com/how-to-use-walletdat-file,0,0,28,1595,keep,has_gsc_3m
239920,2024-01-02T17:13:32,how-to-buy-crypto-with-amex,publish,https://coincu.com/how-to-buy-crypto-with-amex,0,0,3,1278,keep,has_gsc_3m
239443,2023-12-25T01:26:34,ethereum-price-prediction-for-2024-2025-2026-2030,publish,https://coincu.com/ethereum-price-prediction-for-2024-2025-2026-2030,0,0,11,124,keep,has_gsc_3m
235916,2023-12-25T00:26:44,bitcoin-price-prediction-for-2024-2025-2026-2030,publish,https://coincu.com/bitcoin-price-prediction-for-2024-2025-2026-2030,0,0,4,278,keep,has_gsc_3m
239304,2023-12-22T11:24:29,96-com-review-the-best-online-casino-sportsbook,publish,https://coincu.com/96-com-review-the-best-online-casino-sportsbook,1,1,3,129,keep,has_backlink|has_gsc_3m
229834,2023-11-21T08:06:30,staking,publish,https://coincu.com/staking,2,1,0,0,keep,has_backlink
229450,2023-11-21T07:58:19,mining,publish,https://coincu.com/mining,8,1,45,47,keep,has_backlink|has_gsc_3m
229420,2023-11-21T07:56:53,market,publish,https://coincu.com/market,6,2,0,0,keep,has_backlink
229278,2023-11-21T07:11:06,gamefi,publish,https://coincu.com/gamefi,2,1,0,0,keep,has_backlink
229179,2023-11-21T06:46:17,defi,publish,https://coincu.com/defi,2,1,0,0,keep,has_backlink
229164,2023-11-21T05:18:16,currency,publish,https://coincu.com/currency,1,1,0,0,keep,has_backlink
229071,2023-11-21T05:10:13,cash,publish,https://coincu.com/cash,1,1,0,0,keep,has_backlink
229023,2023-11-21T05:06:52,blockchain,publish,https://coincu.com/blockchain,2,1,0,0,keep,has_backlink
228926,2023-11-21T04:45:16,altcoin,publish,https://coincu.com/altcoin,2,1,0,0,keep,has_backlink
228913,2023-11-21T04:44:21,airdrop,publish,https://coincu.com/airdrop,2,1,0,0,keep,has_backlink
187982,2023-10-22T06:33:57,eigenlayer-review-the-first-restaking-ethereum,publish,https://coincu.com/eigenlayer-review-the-first-restaking-ethereum,1,1,0,0,keep,has_backlink
165045,2023-10-22T06:31:27,bkex-review-higher-value-of-digital-asset,publish,https://coincu.com/bkex-review-higher-value-of-digital-asset,0,0,11,601,keep,has_gsc_3m
189473,2023-10-21T14:35:06,taiko-zkevm-solution-high-compatibility,publish,https://coincu.com/taiko-zkevm-solution-high-compatibility,1,1,0,0,keep,has_backlink
173576,2023-10-21T13:35:03,quickswap-v3-new-outstanding-layer-2-dex,publish,https://coincu.com/quickswap-v3-new-outstanding-layer-2-dex,5,1,0,0,keep,has_backlink
169705,2023-10-21T12:58:36,btcex-review-a-2023-user-friendly-interface,publish,https://coincu.com/btcex-review-a-2023-user-friendly-interface,0,0,4,474,keep,has_gsc_3m
24021,2023-10-16T11:08:05,big-time,publish,https://coincu.com/big-time,1,1,0,0,keep,has_backlink
200823,2023-07-07T01:52:37,do-kwon-drained-18-73m-usdc-5292-btc-moved,publish,https://coincu.com/do-kwon-drained-18-73m-usdc-5292-btc-moved,1,1,0,0,keep,has_backlink
200127,2023-07-05T04:48:19,do-kwon-transfers-163-million-worth-of-bitcoin,publish,https://coincu.com/do-kwon-transfers-163-million-worth-of-bitcoin,1,1,0,0,keep,has_backlink
199009,2023-06-30T03:25:02,baycs-new-game-hv-mtl-forge-ready,publish,https://coincu.com/baycs-new-game-hv-mtl-forge-ready,2,1,0,0,keep,has_backlink
189385,2023-05-24T02:41:48,coinbase-new-wallet-service-on-ethereum,publish,https://coincu.com/coinbase-new-wallet-service-on-ethereum,1,1,0,0,keep,has_backlink
182362,2023-04-19T03:52:10,metamask-denies-security-issues,publish,https://coincu.com/metamask-denies-security-issues,1,1,0,0,keep,has_backlink
175948,2023-03-23T14:37:37,uae-central-bank-expands-cbdc-strategy,publish,https://coincu.com/uae-central-bank-expands-cbdc-strategy,2,1,0,0,keep,has_backlink
168819,2023-02-22T00:06:46,mastercard-accept-crypto-payments-usdc,publish,https://coincu.com/mastercard-accept-crypto-payments-usdc,1,1,0,0,keep,has_backlink
168302,2023-02-19T11:12:48,voyager-unsecured-creditors-sbf-witness,publish,https://coincu.com/voyager-unsecured-creditors-sbf-witness,1,1,0,0,keep,has_backlink
167972,2023-02-18T02:55:55,former-ftx-chief-nishad-singh-criminals,publish,https://coincu.com/former-ftx-chief-nishad-singh-criminals,1,1,0,0,keep,has_backlink
167777,2023-02-17T02:14:38,platypus-attacked-flash-loans-losing-9m,publish,https://coincu.com/platypus-attacked-flash-loans-losing-9m,1,1,0,0,keep,has_backlink
167508,2023-02-15T18:36:14,the-sec-shut-off-crypto-charles-gasparino,publish,https://coincu.com/the-sec-shut-off-crypto-charles-gasparino,1,1,0,0,keep,has_backlink
167373,2023-02-15T07:17:10,keyfi-founder-banned-transferring-assets,publish,https://coincu.com/keyfi-founder-banned-transferring-assets,1,1,0,0,keep,has_backlink
167158,2023-02-14T07:04:28,paxos-treasury-destroyed-over-400m-busd,publish,https://coincu.com/paxos-treasury-destroyed-over-400m-busd,1,1,0,0,keep,has_backlink
166853,2023-02-13T00:46:56,coinbase-ceo-announcing-to-happily-defend,publish,https://coincu.com/coinbase-ceo-announcing-to-happily-defend,1,1,0,0,keep,has_backlink
166575,2023-02-11T18:56:54,aave-community-vote-sfrxeth,publish,https://coincu.com/aave-community-vote-sfrxeth,1,1,0,0,keep,has_backlink
152067,2022-12-15T03:50:49,fed-interest-rate-0-5-bitcoin-no-clear,publish,https://coincu.com/fed-interest-rate-0-5-bitcoin-no-clear,1,1,0,0,keep,has_backlink
152039,2022-12-15T02:29:56,bitgo-declines-to-unwind-3000-wbtc-alameda,publish,https://coincu.com/bitgo-declines-to-unwind-3000-wbtc-alameda,1,1,0,0,keep,has_backlink
150005,2022-12-08T02:23:33,court-rejects-wemades-wemixs-delisting,publish,https://coincu.com/court-rejects-wemades-wemixs-delisting,1,1,0,0,keep,has_backlink
145590,2022-11-24T01:43:41,fed-cut-interest-rate-50-next-month,publish,https://coincu.com/fed-cut-interest-rate-50-next-month,1,1,0,0,keep,has_backlink
144904,2022-11-22T01:26:01,binance-refuses-invest-in-genesis,publish,https://coincu.com/binance-refuses-invest-in-genesis,1,1,0,0,keep,has_backlink
135900,2022-10-22T08:31:20,metaplex-to-launch-new-nft-asset,publish,https://coincu.com/metaplex-to-launch-new-nft-asset,1,1,0,0,keep,has_backlink
120450,2022-08-27T09:56:23,what-is-merit-circlemc,publish,https://coincu.com/what-is-merit-circlemc,1,1,0,0,keep,has_backlink
119243,2022-08-22T15:21:00,imf-reports-increasing-correlation-asian,publish,https://coincu.com/imf-reports-increasing-correlation-asian,1,1,0,0,keep,has_backlink
