url,title,h1,content_bucket,status_code,indexability,word_count,meta_description_len,clicks,impressions,ctr,position,ref_domains,backlinks,in_live_sitemap,heuristic_action,confidence,priority,reason
https://coincu.com/us-lawmakers-demand-release-binance-executives/,US Lawmakers Demand Release Binance Executives by Nigerian Government!,US Lawmakers Demand Release Binance Executives by Nigerian Government!,news,200,Indexable,2066,189,0,0,,,0,0,yes,delete,high,P1,no_signal
https://coincu.com/us-lawmakers/,US Lawmakers Wants To Stop Crypto Companies Access To Banking,US Lawmakers Wants To Stop Crypto Companies Access To Banking,news,200,Indexable,2129,160,0,0,,,0,0,yes,delete,high,P1,no_signal
https://coincu.com/us-legislators-delays-crypto-tax/,US Legislators Delays Crypto Tax Rules For Crypto Brokers,US Legislators Delays Crypto Tax Rules For Crypto Brokers,news,200,Indexable,2229,116,0,0,,,0,0,yes,delete,high,P1,no_signal
https://coincu.com/us-legislators-to-remove-gensler/,US Legislators Introduce Laws To Remove Gensler With Harsh Crypto Policy,US Legislators Introduce Laws To Remove Gensler With Harsh Crypto Policy,news,200,Indexable,2164,106,0,0,,,0,0,yes,delete,high,P1,no_signal
https://coincu.com/us-leverage-5x-etf-proposal/,US Leverage Surges with New 5x ETF Proposal,US Leverage Surges with New 5x ETF Proposal,news,200,Indexable,2127,78,0,0,,,0,0,yes,delete,high,P1,no_signal
https://coincu.com/us-long-term-unemployment-record/,U.S. Long-term Unemployment Soars to Record High,U.S. Long-term Unemployment Soars to Record High,news,200,Indexable,2282,90,0,0,,,0,0,yes,delete,high,P1,no_signal
https://coincu.com/us-man-lawsuit-39000-dormant-bitcoin-addresses/,"US Man Sues Two Companies Over Ownership of 39,000+ Dormant Bitcoin Addresses","US Man Sues Two Companies Over Ownership of 39,000+ Dormant Bitcoin Addresses",news,200,Indexable,3026,173,0,0,,,0,0,yes,delete,high,P1,no_signal
https://coincu.com/us-march-ppi-release-macron-paris-blockchain-week/,"US March PPI Release, Macron Speech at Paris Blockchain Week","US March PPI Release, Macron Speech at Paris Blockchain Week",news,200,Indexable,2803,142,0,0,,,0,0,yes,delete,high,P1,no_signal
https://coincu.com/us-may-cpi-impact-crypto-markets/,U.S. May CPI Data Release Anticipated by Crypto Markets,U.S. May CPI Data Release Anticipated by Crypto Markets,news,200,Indexable,2146,83,0,0,,,0,0,yes,delete,high,P1,no_signal
https://coincu.com/us-millennials-own-crypto-than-mutual-funds/,US Millennials Own More Crypto Than Mutual Funds,US Millennials Own More Crypto Than Mutual Funds,news,200,Indexable,2130,156,0,0,,,0,0,yes,delete,high,P1,no_signal
https://coincu.com/us-non-farm-employment-report-q3-gdp-pce-data/,"US Non Farm Employment Report, Q3 GDP & PCE Data Release This Week","US Non Farm Employment Report, Q3 GDP & PCE Data Release This Week",news,200,Indexable,2184,144,0,0,,,0,0,yes,delete,high,P1,no_signal
https://coincu.com/us-non-farm-payrolls-november-2024-rise-by-227k/,US Non-Farm Payrolls November 2024 Rise By 227K Exceeding Forecasts,US Non-Farm Payrolls November 2024 Rise By 227K Exceeding Forecasts,news,200,Indexable,2006,161,0,0,,,0,0,yes,delete,high,P1,no_signal
https://coincu.com/us-nonfarm-employment-up-by-175000-in-april/,"US Nonfarm Employment Up by 175,000 in April, Unemployment Rate Hits 3.9%","US Nonfarm Employment Up by 175,000 in April, Unemployment Rate Hits 3.9%",news,200,Indexable,2275,128,0,0,,,0,0,yes,delete,high,P1,no_signal
https://coincu.com/us-occ-warns-crypto/,US OCC Warns Of The Dangers Of Cryptocurrencies To Banks,US OCC Warns Of The Dangers Of Cryptocurrencies To Banks,news,200,Indexable,2040,278,0,0,,,0,0,yes,delete,high,P1,no_signal
https://coincu.com/us-october-jobs-surge-to-233k-q3-gdp-growth/,"US October Jobs Surge to 233K, Q3 GDP Growth Falls Below Expectations","US October Jobs Surge to 233K, Q3 GDP Growth Falls Below Expectations",news,200,Indexable,2131,137,0,0,,,0,0,yes,delete,high,P1,no_signal
https://coincu.com/us-office-of-foreign-assets-control-ofac/,US Office of Foreign Assets Control (OFAC),US Office of Foreign Assets Control (OFAC),news,200,Indexable,2115,145,0,0,,,0,0,yes,delete,high,P1,no_signal
https://coincu.com/us-options-exchange-cboe-margined-bitcoin/,US Options Exchange Cboe To Promote Margined Bitcoin And Ethereum Futures,US Options Exchange Cboe To Promote Margined Bitcoin And Ethereum Futures,news,200,Indexable,2131,101,0,0,,,0,0,yes,delete,high,P1,no_signal
https://coincu.com/us-pce-core-inflation-increased-4-7/,"US PCE Core Inflation Grew 4.7%, Market Concerned About Fed Rate Hike","US PCE Core Inflation Grew 4.7%, Market Concerned About Fed Rate Hike",news,200,Indexable,2183,126,0,0,,,0,0,yes,delete,high,P1,no_signal
https://coincu.com/us-pce-inflation-continues-to-increase/,"US PCE Inflation Continues to Increase by 2.7%, Bitcoin Stabilizes At $64,000","US PCE Inflation Continues to Increase by 2.7%, Bitcoin Stabilizes At $64,000",news,200,Indexable,2096,134,0,0,,,0,0,yes,delete,high,P1,no_signal
https://coincu.com/us-pce-inflation-fell-to-2-6-bitcoin-in-market/,"US PCE Inflation Fell To 2.6%, Bitcoin Remains Unfazed In Market","US PCE Inflation Fell To 2.6%, Bitcoin Remains Unfazed In Market",news,200,Indexable,2058,143,0,0,,,0,0,yes,delete,high,P1,no_signal
https://coincu.com/us-president-elect-trump-promote-bitcoin/,US President-elect Trump Will Promote Strategic Bitcoin Reserve In 2025,US President-elect Trump Will Promote Strategic Bitcoin Reserve In 2025,news,200,Indexable,2097,102,0,0,,,0,0,yes,delete,high,P1,no_signal
https://coincu.com/us-president-eliminate-tax-loopholes-crypto/,US President Calls To Eliminate Tax Loopholes For Wealthy Crypto Investors,US President Calls To Eliminate Tax Loopholes For Wealthy Crypto Investors,news,200,Indexable,2153,150,0,0,,,0,0,yes,delete,high,P1,no_signal
https://coincu.com/us-presidential-election-bitcoin-stands-firmly/,"After US Presidential Election, Bitcoin Still Stands Firmly Above $90,000","After US Presidential Election, Bitcoin Still Stands Firmly Above $90,000",news,200,Indexable,2104,110,0,0,,,0,0,yes,delete,high,P1,no_signal
https://coincu.com/us-presidential-election-drives-bitcoin-price/,"US Presidential Election Drives Bitcoin Price Back to $70,000","US Presidential Election Drives Bitcoin Price Back to $70,000",news,200,Indexable,2148,102,0,0,,,0,0,yes,delete,high,P1,no_signal
https://coincu.com/us-presidential-election-heats-up-btc-price/,US Presidential Election Heats Up BTC Price With Expectations of Trump Win,US Presidential Election Heats Up BTC Price With Expectations of Trump Win,news,200,Indexable,2229,162,0,0,,,0,0,yes,delete,high,P1,no_signal
https://coincu.com/us-prohibits-cryptocurrency-owners/,US Prohibits Crypto Owners From Working On Government Policies,US Prohibits Crypto Owners From Working On Government Policies,news,200,Indexable,1981,137,0,0,,,0,0,yes,delete,high,P1,no_signal
https://coincu.com/us-prosecutors-indict-3-men-violent-crypto-robberies-6-5m/,U.S. Indicts 3 Men in $6.5M Violent Crypto Robbery Case,U.S. Indicts 3 Men in $6.5M Violent Crypto Robbery Case,news,200,Indexable,2573,144,0,0,,,0,0,yes,delete,high,P1,no_signal
https://coincu.com/us-prosecutors-sec-ftx-fallout/,US Prosecutors And SEC Step Up Information Collection On Key Persons In FTX Fallout,US Prosecutors And SEC Step Up Information Collection On Key Persons In FTX Fallout,news,200,Indexable,2132,138,0,0,,,0,0,yes,delete,high,P1,no_signal
https://coincu.com/us-q3-gdp-revised-to-2-8-as-jobless/,US Q3 GDP Revised To 2.8% As Jobless Claims Hit 213K,US Q3 GDP Revised To 2.8% As Jobless Claims Hit 213K,news,200,Indexable,2078,150,0,0,,,0,0,yes,delete,high,P1,no_signal
https://coincu.com/us-recessed-0-9-gdp-bitcoin-stand-out/,"US Economy Recessed With -0.9% GDP, Bitcoin Seems to Stand Out","US Economy Recessed With -0.9% GDP, Bitcoin Seems to Stand Out",news,200,Indexable,1985,155,0,0,,,0,0,yes,delete,high,P1,no_signal
https://coincu.com/us-regulators-approve-bank-custody-for-bitcoin-and-crypto-assets/,US Regulators Approve Bank Custody for Bitcoin and Crypto Assets,US Regulators Approve Bank Custody for Bitcoin and Crypto Assets,news,200,Indexable,2177,121,0,0,,,0,0,yes,delete,high,P1,no_signal
https://coincu.com/us-regulators-caution-banks/,US Regulators Caution Banks On The Risks Of Crypto Liquidity,US Regulators Caution Banks On The Risks Of Crypto Liquidity,news,200,Indexable,2127,158,0,0,,,0,0,yes,delete,high,P1,no_signal
https://coincu.com/us-regulators-direct-oversight-crypto/,U.S. Regulators Want More Direct Oversight Of Crypto Exchanges And Regulation Of Stablecoins,U.S. Regulators Want More Direct Oversight Of Crypto Exchanges And Regulation Of Stablecoins,news,200,Indexable,2057,219,0,0,,,0,0,yes,delete,high,P1,no_signal
https://coincu.com/us-regulators-reduce-capital-buffers/,US Regulators Plan to Reduce Capital Buffers for Large Banks,US Regulators Plan to Reduce Capital Buffers for Large Banks,news,200,Indexable,2181,102,0,0,,,0,0,yes,delete,high,P1,no_signal
https://coincu.com/us-regulators-warming-spot-bitcoin-etfs-approval/,US Regulators Warming Idea Of Spot Bitcoin ETFs Approval: Report,US Regulators Warming Idea Of Spot Bitcoin ETFs Approval: Report,news,200,Indexable,2171,237,0,0,,,0,0,yes,delete,high,P1,no_signal
https://coincu.com/us-regulatory-zigzag-closure-zksync-lite/,"US Regulatory Pressure Forces ZigZag Exchange Closure, zkSync Lite Emerges as Alternative!","US Regulatory Pressure Forces ZigZag Exchange Closure, zkSync Lite Emerges as Alternative!",news,200,Indexable,2199,73,0,0,,,0,0,yes,delete,high,P1,no_signal
https://coincu.com/us-representative-mchenry-praises-paypal/,US Representative McHenry Praises PayPal's Groundbreaking Stablecoin Launch,US Representative McHenry Praises PayPal’s Groundbreaking Stablecoin Launch,news,200,Indexable,2103,111,0,0,,,0,0,yes,delete,high,P1,no_signal
https://coincu.com/us-representatives-lead-new-bitcoin-group/,Two Former US Representatives To Lead New Bitcoin Policy Group,Two Former US Representatives To Lead New Bitcoin Policy Group,news,200,Indexable,2234,96,0,0,,,0,0,yes,delete,high,P1,no_signal
https://coincu.com/us-republicans-competing-stablecoin-sec/,US Republicans Competing For Stablecoin Oversight From SEC In New Draft,US Republicans Competing For Stablecoin Oversight From SEC In New Draft,news,200,Indexable,2228,227,0,0,,,0,0,yes,delete,high,P1,no_signal
https://coincu.com/us-russia-black-sea-navigation/,U.S. and Russia Agree on Black Sea Navigation Safety,U.S. and Russia Agree on Black Sea Navigation Safety,news,200,Indexable,2162,103,0,0,,,0,0,yes,delete,high,P1,no_signal
https://coincu.com/us-sec-chairman-gensler-early-2025-resignation/,US SEC Chairman Gensler Faces Early 2025 Resignation Rumors!,US SEC Chairman Gensler Faces Early 2025 Resignation Rumors!,news,200,Indexable,2105,74,0,0,,,0,0,yes,delete,high,P1,no_signal
https://coincu.com/us-sec-coinbase-listing-approval/,"US SEC Clarifies Coinbase Listing Approval, Stresses Regulatory Requirements","US SEC Clarifies Coinbase Listing Approval, Stresses Regulatory Requirements",news,200,Indexable,2128,166,0,0,,,0,0,yes,delete,high,P1,no_signal
https://coincu.com/us-sec-concerned-binanceus-violation/,SEC Accuses Binance.US Is Breaching Agreements Set Forth In Lawsuit,SEC Accuses Binance.US Is Breaching Agreements Set Forth In Lawsuit,news,200,Indexable,2077,149,0,0,,,0,0,yes,delete,high,P1,no_signal
https://coincu.com/us-sec-deems-filecoin-a-security-grayscale/,US SEC Deems Filecoin A Security But Grayscale Disagrees,US SEC Deems Filecoin A Security But Grayscale Disagrees,news,200,Indexable,2102,100,0,0,,,0,0,yes,delete,high,P1,no_signal
https://coincu.com/us-sec-lag-crypto-regulations/,SEC Chairman Addresses U.S. Lag in Cryptocurrency Regulations,SEC Chairman Addresses U.S. Lag in Cryptocurrency Regulations,news,200,Indexable,2115,97,0,0,,,0,0,yes,delete,high,P1,no_signal
https://coincu.com/us-sec-set-to-reject-spot-ether-etfs/,US SEC Set to Reject Spot Ether ETFs: Crypto Investors Beware!,US SEC Set to Reject Spot Ether ETFs: Crypto Investors Beware!,news,200,Indexable,2212,203,0,0,,,0,0,yes,delete,high,P1,no_signal
https://coincu.com/us-sec-signals-appeal-court-ripple-xrp-case/,US SEC Signals Appeal To Overturn Court Judgment In Ripple (XRP) Case - Coincu - Latest Cryptocurrency News and Analysis 1,US SEC Signals Appeal To Overturn Court Judgment In Ripple (XRP) Case,news,200,Indexable,2114,171,0,0,,,0,0,yes,delete,high,P1,no_signal
https://coincu.com/us-secret-service-agent-ftx/,Former US Secret Service Agent Helps Conceal The Identity Of FTX Creditors,Former US Secret Service Agent Helps Conceal The Identity Of FTX Creditors,news,200,Indexable,2182,97,0,0,,,0,0,yes,delete,high,P1,no_signal
https://coincu.com/us-securities-regulator-looks-wall-street/,US Securities Regulator Looks Into Wall Street's Crypto Custody,US Securities Regulator Looks Into Wall Street’s Crypto Custody,news,200,Indexable,2176,225,0,0,,,0,0,yes,delete,high,P1,no_signal
https://coincu.com/us-seize-580m-crypto-global-scam/,US Authorities Seize $580M in Crypto Linked to Global Scam Networks,US Authorities Seize $580M in Crypto Linked to Global Scam Networks,news,200,Indexable,2178,130,0,0,,,0,0,yes,delete,high,P1,no_signal
https://coincu.com/us-senate-advances-crypto-aml-rules/,US Senate Advances Crypto AML Rules In Landmark Defense Budget Amendment,US Senate Advances Crypto AML Rules In Landmark Defense Budget Amendment,news,200,Indexable,2335,58,0,0,,,0,0,yes,delete,high,P1,no_signal
https://coincu.com/us-senate-appropriations-bill-passed/,US Senate Approves Appropriations Bill to Avert Shutdown,US Senate Approves Appropriations Bill to Avert Shutdown,news,200,Indexable,2102,118,0,0,,,0,0,yes,delete,high,P1,no_signal
https://coincu.com/us-senate-approves-debt-limit-suspension/,"US Senate Approves Debt Limit Suspension, Market May Be Volatile In The Near Term","US Senate Approves Debt Limit Suspension, Market May Be Volatile In The Near Term",news,200,Indexable,2188,135,0,0,,,0,0,yes,delete,high,P1,no_signal
https://coincu.com/us-senate-approves-funding-bill/,U.S. Senate Passes Continuing Appropriations Bill to Fund Government,U.S. Senate Passes Continuing Appropriations Bill to Fund Government,news,200,Indexable,2126,115,0,0,,,0,0,yes,delete,high,P1,no_signal
https://coincu.com/us-senate-banking-chair-banning-crypto/,US Senate Banking Chair Floats Possibility Of Banning Crypto,US Senate Banking Chair Floats Possibility Of Banning Crypto,news,200,Indexable,2334,156,0,0,,,0,0,yes,delete,high,P1,no_signal
https://coincu.com/us-senate-banking-committee-apple-google/,US Senate Banking Committee Asks Apple And Google Provide Info On Fake Crypto Apps,US Senate Banking Committee Asks Apple And Google Provide Info On Fake Crypto Apps,news,200,Indexable,2414,157,0,0,,,0,0,yes,delete,high,P1,no_signal
https://coincu.com/us-senate-banking-committee-crypto-subcommittee/,US Senate Banking Committee Is Promoting First Crypto Subcommittee,US Senate Banking Committee Is Promoting First Crypto Subcommittee,news,200,Indexable,2092,111,0,0,,,0,0,yes,delete,high,P1,no_signal
https://coincu.com/us-senate-banking-committee-members-file-more-than-100-amendments-to-crypto-bill/,U.S. Senate Banking Committee Files 100+ Amendments to Crypto Bill,U.S. Senate Banking Committee Files 100+ Amendments to Crypto Bill,news,200,Indexable,2489,149,0,0,,,0,0,yes,delete,high,P1,no_signal
https://coincu.com/us-senate-divided-defi-developer-exemptions-encryption-bill-blocked/,U.S. Senate Split on DeFi Developer Exemptions as Encryption Bill Stalls,U.S. Senate Split on DeFi Developer Exemptions as Encryption Bill Stalls,news,200,Indexable,2331,168,0,0,,,0,0,yes,delete,high,P1,no_signal
https://coincu.com/us-senate-funds-government-shutdown/,U.S. Senate Passes Funding Bill to End Shutdown,U.S. Senate Passes Funding Bill to End Shutdown,news,200,Indexable,2120,93,0,0,,,0,0,yes,delete,high,P1,no_signal
https://coincu.com/us-senate-genius-act-stablecoin/,U.S. Senate Advances Stablecoin Regulation with GENIUS Act Passage,U.S. Senate Advances Stablecoin Regulation with GENIUS Act Passage,news,200,Indexable,2319,156,0,0,,,0,0,yes,delete,high,P1,no_signal
https://coincu.com/us-senate-genius-stablecoin-act/,U.S. Senate Moves Forward with GENIUS Stablecoin Act,U.S. Senate Moves Forward with GENIUS Stablecoin Act,news,200,Indexable,2265,93,0,0,,,0,0,yes,delete,high,P1,no_signal
https://coincu.com/us-senate-proposes-new-bill-defi/,U.S. Senate Proposes New Bill To Regulate DeFi With Strong AML Measures,U.S. Senate Proposes New Bill To Regulate DeFi With Strong AML Measures,news,200,Indexable,2427,157,0,0,,,0,0,yes,delete,high,P1,no_signal
https://coincu.com/us-senate-seeks-input-on-taxation-challenge/,US Senate Seeks Input From Digital Asset Community On Taxation Challenge,US Senate Seeks Input From Digital Asset Community On Taxation Challenge,news,200,Indexable,2154,70,0,0,,,0,0,yes,delete,high,P1,no_signal
https://coincu.com/us-senate-shifts-crypto-regulation/,U.S. Senate Proposes Shift from SEC to CFTC for Crypto Regulation,U.S. Senate Proposes Shift from SEC to CFTC for Crypto Regulation,news,200,Indexable,2191,105,0,0,,,0,0,yes,delete,high,P1,no_signal
https://coincu.com/us-senate-unveils-crypto-market-structure/,US Senate Unveils Crypto Market Structure Bill with Key Provisions,Digital Asset Market Clarity Act Sets New Framework for US Crypto Oversight,news,200,Indexable,1898,155,0,0,,,0,0,yes,delete,high,P1,no_signal
https://coincu.com/us-senate-vote-polymarket-odds/,U.S. Senate Vote Boosts Polymarket Government Reopening Odds,U.S. Senate Vote Boosts Polymarket Government Reopening Odds,news,200,Indexable,2124,95,0,0,,,0,0,yes,delete,high,P1,no_signal
https://coincu.com/us-senates-warren-unveils-sham-crypto-audit/,Senator Elizabeth Warren Unveils ‘Sham’ Crypto Audit Scheme,Senator Elizabeth Warren Unveils ‘Sham’ Crypto Audit Scheme,news,200,Indexable,2299,115,0,0,,,0,0,yes,delete,high,P1,no_signal
https://coincu.com/us-senator-cynthia-lummis-defend-crypto/,US Senator Cynthia Lummis Defends Crypto Against Money Laundering Allegations,US Senator Cynthia Lummis Defends Crypto Against Money Laundering Allegations,news,200,Indexable,2110,129,0,0,,,0,0,yes,delete,high,P1,no_signal
https://coincu.com/us-senator-cynthia-lummis-protect-bitcoin/,US Senator Cynthia Lummis Speaks Out To Protect Bitcoin Against Biden's Dictatorship,US Senator Cynthia Lummis Speaks Out To Protect Bitcoin Against Biden’s Dictatorship,news,200,Indexable,2079,134,0,0,,,0,0,yes,delete,high,P1,no_signal
https://coincu.com/us-senator-predicts-bitcoin-and-digital-assets/,US Senator Predicts Bitcoin and Digital Assets’ Explosive Rise in 2025,US Senator Predicts Bitcoin and Digital Assets’ Explosive Rise in 2025,news,200,Indexable,2117,102,0,0,,,0,0,yes,delete,high,P1,no_signal
https://coincu.com/us-senator-proposed-bill/,US Senator Proposed Bill To Protect Crypto Exchanges From SEC Enforcement Actions,US Senator Proposed Bill To Protect Crypto Exchanges From SEC Enforcement Actions,news,200,Indexable,2016,150,0,0,,,0,0,yes,delete,high,P1,no_signal
https://coincu.com/us-senator-says-a-pro-crypto-army-in-congress/,"US Senator Cynthia Lummis Says ""We are Building A Pro-crypto Army in Congress""",US Senator Cynthia Lummis Says “We are Building A Pro-crypto Army in Congress”,news,200,Indexable,2126,116,0,0,,,0,0,yes,delete,high,P1,no_signal
https://coincu.com/us-senator-ted-cruz-cbdc-ban-bill/,US Senator Ted Cruz Introduces CBDC Development Ban Bill - Coincu - Latest Cryptocurrency News and Analysis 1,US Senator Ted Cruz Introduces CBDC Development Ban Bill,news,200,Indexable,2043,151,0,0,,,0,0,yes,delete,high,P1,no_signal
https://coincu.com/us-senators-accuse-binance/,US Senators Accuse Binance Of Being A Hotspot For Legal Violation,US Senators Accuse Binance Of Being A Hotspot For Legal Violation,news,200,Indexable,2132,264,0,0,,,0,0,yes,delete,high,P1,no_signal
https://coincu.com/us-senators-commit-to-forward-crypto-bill/,US Senators Commit To Forward The Crypto Bill Despite The FTX Collapse,US Senators Commit To Forward The Crypto Bill Despite The FTX Collapse,news,200,Indexable,2178,70,0,0,,,0,0,yes,delete,high,P1,no_signal
https://coincu.com/us-senators-propose-cybersecurity-bill/,US Senators Propose Cybersecurity Bill,US Senators Propose Cybersecurity Bill Supports Crypto Firms Share Threat Info,news,200,Indexable,1967,150,0,0,,,0,0,yes,delete,high,P1,no_signal
https://coincu.com/us-shutdown-digital-assets-impact/,U.S. Government Shutdown Looms: Potential Impact on Digital Assets,U.S. Government Shutdown Looms: Potential Impact on Digital Assets,news,200,Indexable,2103,127,0,0,,,0,0,yes,delete,high,P1,no_signal
https://coincu.com/us-shutdown-employment-report-delay/,U.S. Government Shutdown Threatens Delay in September Employment Report,U.S. Government Shutdown Threatens Delay in September Employment Report,news,200,Indexable,2295,148,0,0,,,0,0,yes,delete,high,P1,no_signal
https://coincu.com/us-shutdown-ends-economic-data/,"U.S. Shutdown Ends, Key Economic Data Delayed","U.S. Shutdown Ends, Key Economic Data Delayed",news,200,Indexable,2095,119,0,0,,,0,0,yes,delete,high,P1,no_signal
https://coincu.com/us-shutdown-odds-polymarket/,Polymarket Predicts 78% Odds of U.S. Shutdown by January 31,Polymarket Predicts 78% Odds of U.S. Shutdown by January 31,news,200,Indexable,2043,127,0,0,,,0,0,yes,delete,high,P1,no_signal
https://coincu.com/us-shutdown-probability-71-polymarket/,U.S. Government Shutdown Probability at 71% on Polymarket,U.S. Government Shutdown Probability at 71% on Polymarket,news,200,Indexable,2070,108,0,0,,,0,0,yes,delete,high,P1,no_signal
https://coincu.com/us-shutdown-resolution-talks/,U.S. Government Shutdown Nears Resolution Talks Intensify,U.S. Government Shutdown Nears Resolution Talks Intensify,news,200,Indexable,2133,98,0,0,,,0,0,yes,delete,high,P1,no_signal
https://coincu.com/us-shutdown-risk-bitcoin-volatility/,U.S. Shutdown Risk Spurs Bitcoin Volatility Concerns,U.S. Shutdown Risk Spurs Bitcoin Volatility Concerns,news,200,Indexable,2223,107,0,0,,,0,0,yes,delete,high,P1,no_signal
https://coincu.com/us-sol-spot-etf-single-day-net-inflow-11-453-million/,Data: U.S. SOL Spot ETF Single-Day Net Inflow Reaches $11.453 Million,Data: U.S. SOL Spot ETF Single-Day Net Inflow Reaches $11.453 Million,news,200,Indexable,2628,148,0,0,,,0,0,yes,delete,high,P1,no_signal
https://coincu.com/us-south-korea-japan-north-korea-hackers/,"US, South Korea, Japan Confront North Korea Hackers Trilaterally!","US, South Korea, Japan Confront North Korea Hackers Trilaterally!",news,200,Indexable,2142,167,0,0,,,0,0,yes,delete,high,P1,no_signal
https://coincu.com/us-spot-bitcoin-etf-initial-inflow/,US Spot Bitcoin ETF Initial Inflow Is Expected To Be $1 Billion,US Spot Bitcoin ETF Initial Inflow Is Expected To Be $1 Billion,news,200,Indexable,2134,127,0,0,,,0,0,yes,delete,high,P1,no_signal
https://coincu.com/us-spot-bitcoin-etfs-995-5-million-weekly-net-outflows-ethereum-etfs-255-2-million-losses/,U.S. Spot Bitcoin ETFs Post $995.5M Weekly Outflows as Ethereum ETFs Lose $255.2M,U.S. Spot Bitcoin ETFs Post $995.5M Weekly Outflows as Ethereum ETFs Lose $255.2M,news,200,Indexable,2553,161,0,0,,,0,0,yes,delete,high,P1,no_signal
https://coincu.com/us-spot-bitcoin-etfs-extend-inflows-streak/,US Spot Bitcoin ETFs Extend Inflows Streak With $105.8M Inflows,US Spot Bitcoin ETFs Extend Inflows Streak With $105.8M Inflows,news,200,Indexable,2077,136,0,0,,,0,0,yes,delete,high,P1,no_signal
https://coincu.com/us-spot-bitcoin-etfs-now-hold-more-than-satoshi/,US Spot Bitcoin ETFs Now Hold More BTC Than Satoshi,US Spot Bitcoin ETFs Now Hold More BTC Than Satoshi,news,200,Indexable,2120,129,0,0,,,0,0,yes,delete,high,P1,no_signal
https://coincu.com/us-spot-ether-etfs-32-577-million-net-outflows-nine-day-streak/,US Spot Ether ETFs See $32.577M Net Outflows as Nine-Day Streak Continues,US Spot Ether ETFs See $32.577M Net Outflows as Nine-Day Streak Continues,news,200,Indexable,2725,150,0,0,,,0,0,yes,delete,high,P1,no_signal
https://coincu.com/us-spot-ethereum-etf-launches-with-massive-10-3b/,US Spot Ethereum ETF Launches with Massive $10.3B Asset Surge!,US Spot Ethereum ETF Launches with Massive $10.3B Asset Surge!,news,200,Indexable,2156,98,0,0,,,0,0,yes,delete,high,P1,no_signal
https://coincu.com/us-spot-sol-etfs-daily-net-inflows-6-5063-million/,U.S. Spot SOL ETFs Record $6.5063M Daily Inflows,U.S. Spot SOL ETFs Record $6.5063M Daily Inflows,news,200,Indexable,2553,163,0,0,,,0,0,yes,delete,high,P1,no_signal
https://coincu.com/us-spot-sol-etfs-post-1-1736m-single-day-net-outflows/,U.S. Spot SOL ETFs Post $1.1736M in Single-Day Net Outflows,U.S. Spot SOL ETFs Post $1.1736M in Single-Day Net Outflows,news,200,Indexable,2469,138,0,0,,,0,0,yes,delete,high,P1,no_signal
https://coincu.com/us-stablecoin-bill-is-being-promoted/,US Stablecoin Bill Is Being Promoted To Pass By 2024,US Stablecoin Bill Is Being Promoted To Pass By 2024,news,200,Indexable,2082,128,0,0,,,0,0,yes,delete,high,P1,no_signal
https://coincu.com/us-stock-plunge-apple-microsoft-nvidia-down-big/,"US Stock Plunge: Apple, Microsoft, Nvidia Down Big, JPMorgan Sees Bargains!","US Stock Plunge: Apple, Microsoft, Nvidia Down Big, JPMorgan Sees Bargains!",news,200,Indexable,2115,124,0,0,,,0,0,yes,delete,high,P1,no_signal
https://coincu.com/us-stock-surge-dow-nasdaq-crypto/,"US Stock Surge During Dow, Nasdaq Gains Remains Unfelt in Crypto","US Stock Surge During Dow, Nasdaq Gains Remains Unfelt in Crypto",news,200,Indexable,2186,79,0,0,,,0,0,yes,delete,high,P1,no_signal
https://coincu.com/us-stocks-close-crypto-sectors-rise-hood-1035/,"U.S. Stocks Close Higher as Crypto Stocks Surge, HOOD +10.35%","U.S. Stocks Close Higher as Crypto Stocks Surge, HOOD +10.35%",news,200,Indexable,2892,145,0,0,,,0,0,yes,delete,high,P1,no_signal
https://coincu.com/us-stocks-close-mixed-crypto-sector-crcl-falls-9-34/,"U.S. Stocks End Mixed as Crypto Equities Diverge, CRCL Drops 9.34%","U.S. Stocks End Mixed as Crypto Equities Diverge, CRCL Drops 9.34%",news,200,Indexable,3064,173,0,0,,,0,0,yes,delete,high,P1,no_signal
https://coincu.com/us-stocks-crypto-market-stability/,Modest Gains in U.S. Stocks Spark Crypto Market Stability,Modest Gains in U.S. Stocks Spark Crypto Market Stability,news,200,Indexable,2331,133,0,0,,,0,0,yes,delete,high,P1,no_signal
https://coincu.com/us-stocks-crypto-reactions/,U.S. Stock Market Surges as Crypto Flows React,U.S. Stock Market Surges as Crypto Flows React,news,200,Indexable,2082,82,0,0,,,0,0,yes,delete,high,P1,no_signal
https://coincu.com/us-stocks-mixed-crypto-sector-tron-up-11-37/,U.S. Stocks Mixed as TRON Jumps 11.37% in Crypto Sector,U.S. Stocks Mixed as TRON Jumps 11.37% in Crypto Sector,news,200,Indexable,3008,179,0,0,,,0,0,yes,delete,high,P1,no_signal
https://coincu.com/us-stocks-open-mixed-crypto-stocks-rise-bitmine-gains/,"U.S. Stocks Open Mixed as Crypto Stocks Rise, BitMine Gains 2.37%","U.S. Stocks Open Mixed as Crypto Stocks Rise, BitMine Gains 2.37%",news,200,Indexable,2642,167,0,0,,,0,0,yes,delete,high,P1,no_signal
https://coincu.com/us-strikes-iran-nuclear-sites/,U.S. Strikes on Iran's Nuclear Sites Confirmed,U.S. Strikes on Iran’s Nuclear Sites Confirmed,news,200,Indexable,2146,87,0,0,,,0,0,yes,delete,high,P1,no_signal
https://coincu.com/us-taxes-30-electricity-bitcoin-mining/,"US Taxes 30% With Electricity Used For Bitcoin Mining, BTC Price Plunge 7.5%","US Taxes 30% With Electricity Used For Bitcoin Mining, BTC Price Plunge 7.5%",news,200,Indexable,2158,147,0,0,,,0,0,yes,delete,high,P1,no_signal
https://coincu.com/us-treasury-advises-powell-firing/,U.S. Treasury Advises Against Removing Fed Chair Powell,U.S. Treasury Advises Against Removing Fed Chair Powell,news,200,Indexable,2224,110,0,0,,,0,0,yes,delete,high,P1,no_signal
https://coincu.com/us-treasury-crypto-etp-tax-staking/,U.S. Treasury Clarifies Crypto ETP Tax Rules for Staking,U.S. Treasury Clarifies Crypto ETP Tax Rules for Staking,news,200,Indexable,2155,103,0,0,,,0,0,yes,delete,high,P1,no_signal
https://coincu.com/us-treasury-deputy-russia-exploits-tethers-usdt/,US Treasury Deputy Claims Russia Exploits Tether's USDT!,US Treasury Deputy Claims Russia Exploits Tether’s USDT!,news,200,Indexable,2145,174,0,0,,,0,0,yes,delete,high,P1,no_signal
https://coincu.com/us-treasury-designate-tornado-cash/,US Treasury Department Continues To Designate Tornado Cash,US Treasury Department Continues To Designate Tornado Cash,news,200,Indexable,2064,155,0,0,,,0,0,yes,delete,high,P1,no_signal
https://coincu.com/us-treasury-federal-reserve-rate/,U.S. Treasury Comments on Federal Reserve's Rate Decisions,U.S. Treasury Comments on Federal Reserve’s Rate Decisions,news,200,Indexable,2127,138,0,0,,,0,0,yes,delete,high,P1,no_signal
https://coincu.com/us-treasury-first-draft-genius-act-rules-public-comment/,U.S. Treasury Releases First Draft GENIUS Act Rules for Public Comment,U.S. Treasury Releases First Draft GENIUS Act Rules for Public Comment,news,200,Indexable,3113,194,0,0,,,0,0,yes,delete,high,P1,no_signal
https://coincu.com/us-treasury-interest-rate-cut/,U.S. Treasury Secretary Signals Possible Interest Rate Cut,U.S. Treasury Secretary Signals Possible Interest Rate Cut,news,200,Indexable,2143,97,0,0,,,0,0,yes,delete,high,P1,no_signal
https://coincu.com/us-treasury-investigates-cbdc/,US Treasury Investigates The Privacy Risks Of CBDC,US Treasury Investigates The Privacy Risks Of CBDC,news,200,Indexable,2197,120,0,0,,,0,0,yes,delete,high,P1,no_signal
https://coincu.com/us-treasury-irs-digital-asset-broker/,U.S. Treasury And IRS Introduce Proposed Regulations For Digital Asset Broker Reporting,U.S. Treasury And IRS Introduce Proposed Regulations For Digital Asset Broker Reporting,news,200,Indexable,2073,137,0,0,,,0,0,yes,delete,high,P1,no_signal
https://coincu.com/us-treasury-proposed-aml-sanctions-rules-stablecoin-issuers/,U.S. Treasury to Propose AML and Sanctions Rules for Stablecoin Issuers,U.S. Treasury to Propose AML and Sanctions Rules for Stablecoin Issuers,news,200,Indexable,3014,148,0,0,,,0,0,yes,delete,high,P1,no_signal
https://coincu.com/us-treasury-referendum/,US Treasury Department To Hold Referendum On President Biden's Executive Order,US Treasury Department To Hold Referendum On President Biden’s Executive Order,news,200,Indexable,2130,157,0,0,,,0,0,yes,delete,high,P1,no_signal
https://coincu.com/us-treasury-sanctions-drug-trafficker-crypto-money-laundering/,U.S. Treasury Sanctions Drug Trafficker Over Crypto Money Laundering,U.S. Treasury Sanctions Drug Trafficker Over Crypto Money Laundering,news,200,Indexable,2483,178,0,0,,,0,0,yes,delete,high,P1,no_signal
https://coincu.com/us-treasury-secretary-janet-yellen-warns/,US Treasury Secretary Janet Yellen Warns Sanctions Could Undermine US Dollar,US Treasury Secretary Janet Yellen Warns Sanctions Could Undermine US Dollar,news,200,Indexable,2128,150,0,0,,,0,0,yes,delete,high,P1,no_signal
https://coincu.com/us-treasury-secretary-urges-congress-to-speed-up-crypto-market-structure-legislation/,Treasury Secretary Pushes Congress on Crypto Market Bill,Treasury Secretary Pushes Congress on Crypto Market Bill,news,200,Indexable,2662,165,0,0,,,0,0,yes,delete,high,P1,no_signal
https://coincu.com/us-treasury-singapore-stablecoin-talks/,U.S. Treasury and Singapore Discuss Adoption of Stablecoins,U.S. Treasury and Singapore Discuss Adoption of Stablecoins,news,200,Indexable,2141,111,0,0,,,0,0,yes,delete,high,P1,no_signal
https://coincu.com/us-treasury-solicits-public-comments/,US Treasury Department Solicits Public Comments On Cryptocurrency Regulation,US Treasury Department Solicits Public Comments On Cryptocurrency Regulation,news,200,Indexable,2055,158,0,0,,,0,0,yes,delete,high,P1,no_signal
https://coincu.com/us-treasury-stablecoin-rulemaking/,US Treasury Launches Rulemaking for Stablecoin Regulation,US Treasury Launches Rulemaking for Stablecoin Regulation,news,200,Indexable,2194,104,0,0,,,0,0,yes,delete,high,P1,no_signal
https://coincu.com/us-treasury-tax-regulations-2025/,U.S. Treasury Proposes New Tax Relief Regulations,U.S. Treasury Proposes New Tax Relief Regulations,news,200,Indexable,2200,84,0,0,,,0,0,yes,delete,high,P1,no_signal
https://coincu.com/us-treasury-transactions-elon-musk/,US Treasury Transactions Need to Increase Transparency with Blockchain: Elon Musk,US Treasury Transactions Need to Increase Transparency with Blockchain: Elon Musk,news,200,Indexable,2007,131,0,0,,,0,0,yes,delete,high,P1,no_signal
https://coincu.com/us-treasury-warning-about-defi/,US Treasury Warning About Risks Of DeFi Used For Fraud And Money Laundering,US Treasury Warning About Risks Of DeFi Used For Fraud And Money Laundering,news,200,Indexable,2224,157,0,0,,,0,0,yes,delete,high,P1,no_signal
https://coincu.com/us-treasury-yield-impact-cryptocurrency/,U.S. Treasury Yield Hits Highest Since November 2023,U.S. Treasury Yield Hits Highest Since November 2023,news,200,Indexable,2154,75,0,0,,,0,0,yes,delete,high,P1,no_signal
https://coincu.com/us-treasury-yield-tariff-suspension/,U.S. 10-Year Treasury Yield Surges to 4.525% Amid Tariff Suspension,U.S. 10-Year Treasury Yield Surges to 4.525% Amid Tariff Suspension,news,200,Indexable,2072,118,0,0,,,0,0,yes,delete,high,P1,no_signal
https://coincu.com/us-trustee-celsius-not-allowed-withdraw/,US Trustee Arguing That Celsius Should Not Be Allowed To Withdraw Customer Funds,US Trustee Arguing That Celsius Should Not Be Allowed To Withdraw Customer Funds,news,200,Indexable,2086,147,0,0,,,0,0,yes,delete,high,P1,no_signal
https://coincu.com/us-trustee-disagrees-with-ftx/,U.S. Trustee Disagrees With FTX's Selected Lawyers,U.S. Trustee Disagrees With FTX’s Selected Lawyers,news,200,Indexable,2324,154,0,0,,,0,0,yes,delete,high,P1,no_signal
https://coincu.com/us-unemployment-claims-drop-slightly-below/,US Unemployment Claims Drop Slightly Below Expectations,US Unemployment Claims Drop Slightly Below Expectations,news,200,Indexable,2001,138,0,0,,,0,0,yes,delete,high,P1,no_signal
https://coincu.com/us-unemployment-claims-surge-to-229000/,"US Unemployment Claims Surge to 229,000, Exceeding Market Expectations","US Unemployment Claims Surge to 229,000, Exceeding Market Expectations",news,200,Indexable,2126,113,0,0,,,0,0,yes,delete,high,P1,no_signal
https://coincu.com/us-unemployment-rate-falls-to-3-5-236k-jobs/,US Unemployment Rate Falls To 3.5% With 236k Jobs Added In March,US Unemployment Rate Falls To 3.5% With 236k Jobs Added In March,news,200,Indexable,2130,140,0,0,,,0,0,yes,delete,high,P1,no_signal
https://coincu.com/us-vp-genius-act-stablecoin-use/,U.S. Vice President Supports GENIUS Act for Stablecoin Expansion,U.S. Vice President Supports GENIUS Act for Stablecoin Expansion,news,200,Indexable,2211,96,0,0,,,0,0,yes,delete,high,P1,no_signal
https://coincu.com/us-warning-pig-butchering-crypto-scam/,US Authorities Issue Warning Regarding The Alarmingly Popular 'Pig Butchering' Crypto Scam,US Authorities Issue Warning Regarding The Alarmingly Popular ‘Pig Butchering’ Crypto Scam,news,200,Indexable,2357,151,0,0,,,0,0,yes,delete,high,P1,no_signal
https://coincu.com/us-xrp-spot-etf-1-463-million-single-day-net-inflow/,US XRP Spot ETF Records $1.463M Single-Day Net Inflow,US XRP Spot ETF Records $1.463M Single-Day Net Inflow,news,200,Indexable,2765,153,0,0,,,0,0,yes,delete,high,P1,no_signal
https://coincu.com/us-xrp-spot-etf-750400-single-day-net-inflows/,"U.S. XRP Spot ETF Sees $750,400 Single-Day Net Inflows","U.S. XRP Spot ETF Sees $750,400 Single-Day Net Inflows",news,200,Indexable,2403,161,0,0,,,0,0,yes,delete,high,P1,no_signal
https://coincu.com/us184-has-been-seized-from-unpaid-tax/,Unpaid Taxed crypto Has Been seized up to US$184 Million,US$184 Million Has Been Confiscated Due To Unpaid Taxed Crypto In South Korean,news,200,Indexable,1920,145,0,0,,,0,0,yes,delete,high,P1,no_signal
https://coincu.com/usbtc-acquires-celsius-assets-mining-giant/,USBTC Acquires Celsius Assets With Ambition To Be The Next Mining Giant - Coincu - Latest Cryptocurrency News and Analysis 1,USBTC Acquires Celsius Assets With Ambition To Be The Next Mining Giant,news,200,Indexable,2052,137,0,0,,,0,0,yes,delete,high,P1,no_signal
https://coincu.com/usd-index-record-decline-2025/,U.S. Dollar Index Sees Record Decline Under Trump's 2025 Term,U.S. Dollar Index Sees Record Decline Under Trump’s 2025 Term,news,200,Indexable,2290,108,0,0,,,0,0,yes,delete,high,P1,no_signal
https://coincu.com/usd1-on-binance-unlocks-235m-wlfi-rewards/,USD1 on Binance Unlocks 235M WLFI Rewards,USD1 on Binance Unlocks 235M WLFI Rewards,news,200,Indexable,1950,132,0,0,,,0,0,yes,delete,high,P1,no_signal
https://coincu.com/usda-bitcoin-backed-stablecoin-hits-700m-tvl/,USDa Bitcoin-Backed Stablecoin Hits $700M TVL Milestone,USDa Bitcoin-Backed Stablecoin Hits $700M TVL Milestone,news,200,Indexable,2033,152,0,0,,,0,0,yes,delete,high,P1,no_signal
https://coincu.com/usdc-and-eurc-stablecoin-rebrand/,Circle Enhances Clarity With USDC And EURC Stablecoin Rebrand,Circle Enhances Clarity With USDC And EURC Stablecoin Rebrand,news,200,Indexable,2115,163,0,0,,,0,0,yes,delete,high,P1,no_signal
https://coincu.com/usdc-circulation-fell-1-7-billion-7-days/,USDC Circulation Fell by $1.7B in 7 Days: What It Means,USDC Circulation Fell by $1.7B in 7 Days: What It Means,news,200,Indexable,2598,182,0,0,,,0,0,yes,delete,high,P1,no_signal
https://coincu.com/usdc-circulation-soars-with-2-6b-growth/,USDC Circulation Soars with $2.6B Growth in Just 7 Days!,USDC Circulation Soars with $2.6B Growth in Just 7 Days,news,200,Indexable,2051,170,0,0,,,0,0,yes,delete,high,P1,no_signal
https://coincu.com/usdc-doption-is-lagging-outside-coinbase-us/,USDC Doption Is Lagging Outside Of The Coinbase US,USDC Doption Is Lagging Outside Of The Coinbase US,news,200,Indexable,2007,158,0,0,,,0,0,yes,delete,high,P1,no_signal
https://coincu.com/usdc-economy-2024-report/,USDC Economy 2024 Report Shows Positive Growth Of USDC,USDC Economy 2024 Report Shows Positive Growth Of USDC,news,200,Indexable,2077,145,0,0,,,0,0,yes,delete,high,P1,no_signal
https://coincu.com/usdc-exchange-inflows-hit-1-33b-highest/,"USDC Exchange Inflows Hit $1.33B, Highest in Over Four Years","USDC Exchange Inflows Hit $1.33B, Highest in Over Four Years",news,200,Indexable,1894,157,0,0,,,0,0,yes,delete,high,P1,no_signal
https://coincu.com/usdc-gains-momentum-backed-by-binance-blackrock/,Market Overview (Dec 9 – Dec 15): USDC Gains Momentum Backed by Binance and BlackRock,Market Overview (Dec 9 – Dec 15): USDC Gains Momentum Backed by Binance and BlackRock,news,200,Indexable,2439,139,0,0,,,0,0,yes,delete,high,P1,no_signal
https://coincu.com/usdc-goes-live-on-xrp-ledger-in-bold-move-to-dominate-global-crypto-payments/,USDC Goes Live on XRP Ledger in Bold Move to Dominate Global Crypto Payments,USDC Goes Live on XRP Ledger in Bold Move to Dominate Global Crypto Payments,news,200,Indexable,2101,135,0,0,,,0,0,yes,delete,high,P1,no_signal
https://coincu.com/usdc-is-now-accessible-on-op-mainnet/,USDC Is Now Accessible on OP Mainnet for Crypto Enthusiasts!,USDC Is Now Accessible on OP Mainnet for Crypto Enthusiasts!,news,200,Indexable,2073,71,0,0,,,0,0,yes,delete,high,P1,no_signal
https://coincu.com/usdc-issuer-circle-views-hong-kong/,USDC Issuer Circle Views Hong Kong as Important Market for Expansion,USDC Issuer Circle Views Hong Kong as Important Market for Expansion,news,200,Indexable,2104,144,0,0,,,0,0,yes,delete,high,P1,no_signal
https://coincu.com/usdc-leaving-binance-reaches-1-billion/,USDC Leaving Binance Reaches $1 Billion Per Day,USDC Leaving Binance Reaches $1 Billion Per Day,news,200,Indexable,1863,95,0,0,,,0,0,yes,delete,high,P1,no_signal
https://coincu.com/usdc-on-aptos-mainnet-launch-with-direct-access/,USDC On Aptos Mainnet Launches With Direct Access,USDC On Aptos Mainnet Launches With Direct Access,news,200,Indexable,2032,163,0,0,,,0,0,yes,delete,high,P1,no_signal
https://coincu.com/usdc-on-benji-investments-support-now-available/,USDC on Benji Investments Support Now Available,USDC on Benji Investments Support Now Available,news,200,Indexable,2082,128,0,0,,,0,0,yes,delete,high,P1,no_signal
https://coincu.com/usdc-on-tron-blockchain-is-discontinued-support/,USDC On TRON Blockchain Is Now Discontinued Support,USDC On TRON Blockchain Is Now Discontinued Support,news,200,Indexable,2126,93,0,0,,,0,0,yes,delete,high,P1,no_signal
https://coincu.com/usdc-on-zksync-will-launch-soon/,USDC On zkSync Will Launch Soon to Expand DeFi Liquidity,USDC On zkSync Will Launch Soon to Expand DeFi Liquidity,news,200,Indexable,2094,142,0,0,,,0,0,yes,delete,high,P1,no_signal
https://coincu.com/usdc-polygon-launch-475-billion-in-transactions/,USDC Polygon Launch: $475 Billion In Transactions And Rising Trends,USDC Polygon Launch: $475 Billion In Transactions And Rising Trends,news,200,Indexable,2070,145,0,0,,,0,0,yes,delete,high,P1,no_signal
https://coincu.com/usdc-record-circulation-75-billion/,USDC Stablecoin Circulation Reaches Record High at $75 Billion,USDC Stablecoin Circulation Reaches Record High at $75 Billion,news,200,Indexable,2165,71,0,0,,,0,0,yes,delete,high,P1,no_signal
https://coincu.com/usdc-stablecoin-repegged-to-1/,"USDC Stablecoin Repegged To $1, Boosting Your Crypto Portfolio","USDC Stablecoin Repegged To $1, Boosting Your Crypto Portfolio",news,200,Indexable,2170,134,0,0,,,0,0,yes,delete,high,P1,no_signal
https://coincu.com/usdc-supply-plummets-by-200m-leaving-markets/,"USDC Supply Plummets by $200M, Leaving Markets In Awe","USDC Supply Plummets by $200M, Leaving Markets In Awe",news,200,Indexable,2048,123,0,0,,,0,0,yes,delete,high,P1,no_signal
https://coincu.com/usdc-surpasses-usdt-market-growth/,Circle's USDC Surpasses Tether in Market Capitalization Growth,Circle’s USDC Surpasses Tether in Market Capitalization Growth,news,200,Indexable,2157,99,0,0,,,0,0,yes,delete,high,P1,no_signal
https://coincu.com/usdc-traders-bet-on-possible-rebound/,USDC Traders Bet On Possible Rebound After Stablecoin Falls To All-time Lows Of 90 Cents,USDC Traders Bet On Possible Rebound After Stablecoin Falls To All-time Lows Of 90 Cents,news,200,Indexable,2156,161,0,0,,,0,0,yes,delete,high,P1,no_signal
https://coincu.com/usdc-treasury-burn-55-million/,USDC Treasury Executes 55 Million USDC Token Burn,USDC Treasury Executes 55 Million USDC Token Burn,news,200,Indexable,2130,87,0,0,,,0,0,yes,delete,high,P1,no_signal
https://coincu.com/usdc-treasury-burns-74-4-million-usdc/,"USDC Treasury Burns 74.4 Million USDC, Boosting Market Confidence!","USDC Treasury Burns 74.4 Million USDC, Boosting Market Confidence!",news,200,Indexable,2175,151,0,0,,,0,0,yes,delete,high,P1,no_signal
https://coincu.com/usdc-treasury-mints-750-million-solana/,USDC Treasury Mints $750 Million on Solana Amid Increasing Demand,USDC Treasury Mints $750 Million on Solana Amid Increasing Demand,news,200,Indexable,2070,127,0,0,,,0,0,yes,delete,high,P1,no_signal
https://coincu.com/usdc-treasury-unleashes-250m-usdc-on-solana/,USDC Treasury Unleashes 250M USDC on Solana Network!,USDC Treasury Unleashes 250M USDC on Solana Network!,news,200,Indexable,2038,166,0,0,,,0,0,yes,delete,high,P1,no_signal
https://coincu.com/usdc-whale-holdings-percentage-two-years/,USDC Whale Holdings Percentage At Its Lowest Level In Nearly Two Years,USDC Whale Holdings Percentage At Its Lowest Level In Nearly Two Years,news,200,Indexable,2082,158,0,0,,,0,0,yes,delete,high,P1,no_signal
https://coincu.com/usdc-witnesses-1-6-billion-decrease-circulation/,"USDC Witnesses $1.6 Billion Decrease in Circulation in 30 Days, USDT Sees 0.8% Increase","USDC Witnesses $1.6 Billion Decrease in Circulation in 30 Days, USDT Sees 0.8% Increase",news,200,Indexable,2122,193,0,0,,,0,0,yes,delete,high,P1,no_signal
https://coincu.com/usdd-approaches-1-after-two-weeks/,Tron's USDD Approaches $1 After Two Weeks Riding Around $0.92,Tron’s USDD Approaches $1 After Two Weeks Riding Around $0.92,news,200,Indexable,2042,154,0,0,,,0,0,yes,delete,high,P1,no_signal
https://coincu.com/usde-stable-despite-ongoing-trade-war-volatility/,USDe Stable Despite Ongoing Trade War Volatility,USDe Stable Despite Ongoing Trade War Volatility,news,200,Indexable,2030,163,0,0,,,0,0,yes,delete,high,P1,no_signal
https://coincu.com/usdn-will-no-longer-exist/,"USDN Will No Longer Exist, Instead Of It Is WIXT Not Be Forced To Peg To $1","USDN Will No Longer Exist, Instead Of It Is WIXT Not Be Forced To Peg To $1",news,200,Indexable,2068,153,0,0,,,0,0,yes,delete,high,P1,no_signal
https://coincu.com/usdpt-stablecoin-debuts-western-union/,Western Union Launches USDPT Stablecoin on Solana Blockchain,Western Union Launches USDPT Stablecoin on Solana Blockchain,news,200,Indexable,2185,137,0,0,,,0,0,yes,delete,high,P1,no_signal
https://coincu.com/usdr-decouples-from-eurr-as-eurr-falls-20/,USDR Decouples From EURR as EURR Falls 20%,USDR Decouples From EURR as EURR Falls 20%,news,200,Indexable,2590,153,0,0,,,0,0,yes,delete,high,P1,no_signal
https://coincu.com/usdt-and-usdc-supply-increased/,USDT and USDC Supply Increased by Nearly $3 Billion in a Week,USDT and USDC Supply Increased by Nearly $3 Billion in a Week,news,200,Indexable,2145,138,0,0,,,0,0,yes,delete,high,P1,no_signal
https://coincu.com/usdt-conversation-telegram-platform/,USDT Is Accepted To Send Via Conversation On The Telegram Platform,USDT Is Accepted To Send Via Conversation On The Telegram Platform,news,200,Indexable,2060,84,0,0,,,0,0,yes,delete,high,P1,no_signal
https://coincu.com/usdt-daily-net-inflow-surges-past-1-3-billion/,USDT Daily Net Inflow Surges Past $1.3 Billion,USDT Daily Net Inflow Surges Past $1.3 Billion,news,200,Indexable,2084,139,0,0,,,0,0,yes,delete,high,P1,no_signal
https://coincu.com/usdt-depegs-again-strong-selling-to-usdc-dai/,USDT Depegs Again Due To Strong Selling To USDC & DAI,USDT Depegs Again Due To Strong Selling To USDC & DAI,news,200,Indexable,1928,109,0,0,,,0,0,yes,delete,high,P1,no_signal
https://coincu.com/usdt-on-ton-blockchain-prepares-to-launch/,USDT On TON Blockchain Prepares To Launch With $10 Million Tokens,USDT On TON Blockchain Prepares To Launch With $10 Million Tokens,news,200,Indexable,2102,112,0,0,,,0,0,yes,delete,high,P1,no_signal
https://coincu.com/usdt-trading-volume-explodes-over-110-billion/,USDT Trading Volume Explodes: Over $110 Billion In 24 hours,USDT Trading Volume Explodes: Over $110 Billion In 24 hours,news,200,Indexable,2064,139,0,0,,,0,0,yes,delete,high,P1,no_signal
https://coincu.com/usdt-usdd-frax-stablecoins-criticized-light/,"USDT, USDD, FRAX? Stablecoins Criticized In Light Of Market Uncertainty","USDT, USDD, FRAX? Stablecoins Criticized In Light Of Market Uncertainty",news,200,Indexable,2078,234,0,0,,,0,0,yes,delete,high,P1,no_signal
https://coincu.com/usdt-withdrawal-fees-surge-amid-regulatory/,USDT Withdrawal Fees Surge Amid Regulatory Ambiguity,USDT Withdrawal Fees Surge Amid Regulatory Ambiguity,news,200,Indexable,2116,75,0,0,,,0,0,yes,delete,high,P1,no_signal
https://coincu.com/usdt0-launches-tempo-payment-chain-cross-chain-usd-liquidity/,USDT0 Launches on Tempo Payment Chain to Expand Cross-Chain USD Liquidity,USDT0 Launches on Tempo Payment Chain to Expand Cross-Chain USD Liquidity,news,200,Indexable,3097,171,0,0,,,0,0,yes,delete,high,P1,no_signal
https://coincu.com/use-debank-for-tracking-crypto-whales/,Debank: The Comprehensive DeFi Dashboard for Tracking Crypto Whales,Debank: The Comprehensive DeFi Dashboard for Tracking Crypto Whales,news,200,Indexable,2485,259,0,0,,,0,0,yes,delete,high,P1,no_signal
https://coincu.com/user-lost-25m-on-renzo-due-to-wrong-address/,User lost $25M on Renzo due to wrong transfer address,User Lost $25M on Renzo Due To Wrong Transfer Address,news,200,Indexable,2145,145,0,0,,,0,0,yes,delete,high,P1,no_signal
https://coincu.com/users-3commas-api-leaked-1-6m-stolen/,User's 3COMMAS API Leaked And $1.6 Million Stolen From FTX,User’s 3COMMAS API Leaked And $1.6 Million Stolen From FTX,news,200,Indexable,1989,153,0,0,,,0,0,yes,delete,high,P1,no_signal
https://coincu.com/users-can-buy-ens-domain-with-fiat/,Web3 Users Can Now Easily Buy ENS Domain With Fiat,Web3 Users Can Now Easily Buy ENS Domain With Fiat,news,200,Indexable,2154,122,0,0,,,0,0,yes,delete,high,P1,no_signal
https://coincu.com/users-ftx-might-get-about-1-of-their-assets/,Users FTX Might Only Get About 1 % Of Their Assets,Users FTX Might Only Get About 1 % Of Their Assets,news,200,Indexable,2111,153,0,0,,,0,0,yes,delete,high,P1,no_signal
https://coincu.com/users-withdrawn-20-7b-after-ftx-crash/,Users Withdrawn At Least $20.7 Billion From CEX After FTX Crash,Users Withdrawn At Least $20.7 Billion From CEX After FTX Crash,news,200,Indexable,2103,151,0,0,,,0,0,yes,delete,high,P1,no_signal
https://coincu.com/using-bitcoin-hire-assassins-kill-husband/,"Using Bitcoin To Hire Assassins To Kill Her Husband, Woman Sentenced To 10 Years In Jail","Using Bitcoin To Hire Assassins To Kill Her Husband, Woman Sentenced To 10 Years In Jail",news,200,Indexable,2004,153,0,0,,,0,0,yes,delete,high,P1,no_signal
https://coincu.com/using-bitcoin-to-predict-winner-euro-2024/,Using Bitcoin to Predict the Winner of Euro 2024,Using Bitcoin to Predict the Winner of Euro 2024,news,200,Indexable,2775,195,0,0,,,0,0,yes,delete,high,P1,no_signal
https://coincu.com/usual-protocol-usd0-will-be-stabilized/,Usual Protocol USD0 Will Be Stabilized With New Floor Price Mechanism,Usual Protocol USD0 Will Be Stabilized With New Floor Price Mechanism,news,200,Indexable,2106,118,0,0,,,0,0,yes,delete,high,P1,no_signal
https://coincu.com/utah-crypto-bill-now-has-initial-approval/,Utah Crypto Bill Now Has Initial Approval,Utah Crypto Bill Now Has Initial Approval,news,200,Indexable,2074,126,0,0,,,0,0,yes,delete,high,P1,no_signal
https://coincu.com/utopia-labs-revolutionizes-usdc-payments/,"Utopia Labs Revolutionizes USDC Payments, Bypassing CEX: Report","Utopia Labs Revolutionizes USDC Payments, Bypassing CEX: Report",news,200,Indexable,2137,166,0,0,,,0,0,yes,delete,high,P1,no_signal
https://coincu.com/utorg-raises-5-million/,Crypto Payment Company Utorg Raises $5 Million In Seed Round Led By Dragonfly,Crypto Payment Company Utorg Raises $5 Million In Seed Round Led By Dragonfly,news,200,Indexable,1984,157,0,0,,,0,0,yes,delete,high,P1,no_signal
https://coincu.com/utxo-stack-funding-completes-series-a-round/,UTXO Stack Funding Completes Series A Round Valued at $50M,UTXO Stack Funding Completes Series A Round Valued at $50M,news,200,Indexable,2100,169,0,0,,,0,0,yes,delete,high,P1,no_signal
https://coincu.com/uwu-lend-exploit-causes-loss-20-million/,UwU Lend Exploit Causes Platform Loss of Nearly $20 Million,UwU Lend Exploit Causes Platform Loss of Nearly $20 Million,news,200,Indexable,2070,92,0,0,,,0,0,yes,delete,high,P1,no_signal
https://coincu.com/uwu-lend-hack-manipulation-of-the-price-oracle/,PeckShield Exposes UwU Lend Hack Was The Manipulation of The Price Oracle!,PeckShield Exposes UwU Lend Hack Was The Manipulation of The Price Oracle!,press_release_like,200,Indexable,2173,69,0,0,,,0,0,yes,delete,high,P1,event_pr_signal
https://coincu.com/uwu-lend-has-hacked-again-losses-reach-3-72-m/,"UwU Lend Has Hacked Again, Losses Reach $3.72 Million","UwU Lend Has Hacked Again, Losses Reach $3.72 Million",news,200,Indexable,2186,52,0,0,,,0,0,yes,delete,high,P1,no_signal
https://coincu.com/uxd-protocol-given-back-its-tokens/,UXD Protocol Given Back Its Tokens From Mango Markets Exploit,UXD Protocol Given Back Its Tokens From Mango Markets Exploit,news,200,Indexable,2134,157,0,0,,,0,0,yes,delete,high,P1,no_signal
https://coincu.com/uzbekistan-banks-launch-crypto-cards/,Uzbekistan's Banks Launch Mastercard-backed Crypto Cards With Positive Move,Uzbekistan’s Banks Launch Mastercard-backed Crypto Cards With Positive Move,news,200,Indexable,2135,148,0,0,,,0,0,yes,delete,high,P1,no_signal
https://coincu.com/uzbekistan-good-conditions-for-crypto/,Uzbekistan Creates Good Conditions For Crypto Development With Tax Free,Uzbekistan Creates Good Conditions For Crypto Development With Tax Free,news,200,Indexable,2125,111,0,0,,,0,0,yes,delete,high,P1,no_signal
https://coincu.com/uzbekistan-passed-a-law/,Uzbekistan Passed A Law Requiring Crypto-trading Companies To Pay Fees,Uzbekistan Passed A Law Requiring Crypto-trading Companies To Pay Fees,news,200,Indexable,2143,157,0,0,,,0,0,yes,delete,high,P1,no_signal
https://coincu.com/uzbekistans-president-legalizes-and-taxes-crypto/,Uzbekistan's President Legalizes and Taxes Cryptocurrency,Uzbekistan’s President Legalizes and Taxes Cryptocurrency,news,200,Indexable,2125,145,0,0,,,0,0,yes,delete,high,P1,no_signal
https://coincu.com/v-ventures-seeks-to-acquire-90-of-zipmex/,V Ventures Seeks To Acquire 90% Of Zipmex,V Ventures Seeks To Acquire 90% Of Zipmex,news,200,Indexable,1954,217,0,0,,,0,0,yes,delete,high,P1,no_signal
https://coincu.com/validator/,Validator,Validator,news,200,Indexable,2140,152,0,0,,,0,0,yes,delete,high,P1,no_signal
https://coincu.com/validiums-and-optimiums-do-not-layer-2-l2beat/,"Validiums And Optimiums Do Not Belong To Layer 2, L2Beat States","Validiums And Optimiums Do Not Belong To Layer 2, L2Beat States",news,200,Indexable,2063,161,0,0,,,0,0,yes,delete,high,P1,no_signal
https://coincu.com/valkyrie-added-74-million/,Valkyrie Added $74 Million In Fresh Capital To Two Of Its Crypto-Focused Trusts,Valkyrie Added $74 Million In Fresh Capital To Two Of Its Crypto-Focused Trusts,news,200,Indexable,2066,155,0,0,,,0,0,yes,delete,high,P1,no_signal
https://coincu.com/valkyrie-apply-to-open-a-spot-bitcoin-etf/,Valkyrie Quickly Apply To Open A Spot Bitcoin ETF - Coincu - Latest Cryptocurrency News and Analysis 1,Valkyrie Quickly Apply To Open A Spot Bitcoin ETF,news,200,Indexable,2169,178,0,0,,,0,0,yes,delete,high,P1,no_signal
https://coincu.com/valkyrie-ether-futures-now-suspended/,Valkyrie Ether Futures Now Suspended Until SEC Approval,Valkyrie Ether Futures Now Suspended Until SEC Approval,news,200,Indexable,2108,137,0,0,,,0,0,yes,delete,high,P1,no_signal
https://coincu.com/valkyrie-ethereum-futures-etf/,Valkyrie Ethereum Futures ETF Receives U.S. SEC Approval To Launch Next Week,Valkyrie Ethereum Futures ETF Receives U.S. SEC Approval To Launch Next Week,news,200,Indexable,2105,110,0,0,,,0,0,yes,delete,high,P1,no_signal
https://coincu.com/valkyrie-lowers-fees-to-0-49-in-bitcoin-spot-etf/,Valkyrie Lowers Fees to 0.49% In Update To Its Bitcoin Spot ETF S-1 Filing,Valkyrie Lowers Fees to 0.49% In Update To Its Bitcoin Spot ETF S-1 Filing,news,200,Indexable,2174,243,0,0,,,0,0,yes,delete,high,P1,no_signal
https://coincu.com/valkyrie-ready-to-fund-gbtc/,Valkyrie Ready To Fund Grayscale Bitcoin Trust In Crisis,Valkyrie Ready To Fund Grayscale Bitcoin Trust In Crisis,news,200,Indexable,2238,149,0,0,,,0,0,yes,delete,high,P1,no_signal
https://coincu.com/valkyrie-set-launch-spot-bitcoin-etfs-wednesday/,"Valkyrie Set to Launch Spot Bitcoin ETFs Wednesday, Trading Challenges Await!","Valkyrie Set to Launch Spot Bitcoin ETFs Wednesday, Trading Challenges Await!",news,200,Indexable,2115,166,0,0,,,0,0,yes,delete,high,P1,no_signal
https://coincu.com/valkyrie-spot-bitcoin-etf-4th-amendment/,Valkyrie Spot Bitcoin ETF Continues To Signal Positivity With 4th Amendment,Valkyrie Spot Bitcoin ETF Continues To Signal Positivity With 4th Amendment,news,200,Indexable,2142,92,0,0,,,0,0,yes,delete,high,P1,no_signal
https://coincu.com/valkyrie-spot-bitcoin-etf-management-fee/,Valkyrie Spot Bitcoin ETF Will Include 0.8% Management Fee When Launched,Valkyrie Spot Bitcoin ETF Will Include 0.8% Management Fee When Launched,news,200,Indexable,2128,147,0,0,,,0,0,yes,delete,high,P1,no_signal
https://coincu.com/valkyrie-submits-new-ethereum-futures-etf/,Valkyrie Sparks Excitement With New Ethereum Futures ETF Application,Valkyrie Sparks Excitement With New Ethereum Futures ETF Application,news,200,Indexable,2090,76,0,0,,,0,0,yes,delete,high,P1,no_signal
https://coincu.com/valkyrie-to-re-file-bitcoin-spot-etf/,BREAKING: Valkyrie Investments In Bold Move To Re-file Bitcoin Spot ETF Application,BREAKING: Valkyrie Investments In Bold Move To Re-file Bitcoin Spot ETF Application,news,200,Indexable,2291,140,0,0,,,0,0,yes,delete,high,P1,no_signal
https://coincu.com/valkyrie-updated-bitcoin-futures-etf-filing/,Valkyrie Updated Bitcoin Futures ETF Filing Effective Date To October 20,Valkyrie Updated Bitcoin Futures ETF Filing Effective Date To October 20,news,200,Indexable,2134,95,0,0,,,0,0,yes,delete,high,P1,no_signal
https://coincu.com/valkyries-bitcoin-futures-etf-tradfi-memes/,Valkyrie's Bitcoin Futures ETF Inspired By TradFi Memes,Valkyrie’s Bitcoin Futures ETF Inspired By TradFi Memes,news,200,Indexable,2303,197,0,0,,,0,0,yes,delete,high,P1,no_signal
https://coincu.com/valkyries-bold-move-converting-bitcoin-etf/,Valkyrie's Bold Move: Converting Bitcoin Strategy ETF To Include Ether,Valkyrie’s Bold Move: Converting Bitcoin Strategy ETF To Include Ether,news,200,Indexable,2108,158,0,0,,,0,0,yes,delete,high,P1,no_signal
https://coincu.com/valour-cayman-sees-increase-in-aum/,Valour Cayman Sees Increase In AUM By 44% From Beginning Of 2023,Valour Cayman Sees Increase In AUM By 44% From Beginning Of 2023,news,200,Indexable,2122,145,0,0,,,0,0,yes,delete,high,P1,no_signal
https://coincu.com/vancouver-bitcoin-proposal-financial-potential/,Vancouver Bitcoin Proposal With New Financial Potential to Be Considered on December 11,Vancouver Bitcoin Proposal With New Financial Potential to Be Considered on December 11,news,200,Indexable,2106,92,0,0,,,0,0,yes,delete,high,P1,no_signal
https://coincu.com/vancouver-bitcoin-proposal-has-now-been-approved/,Vancouver Bitcoin Proposal Has Now Been Approved by City Council,Vancouver Bitcoin Proposal Has Now Been Approved by City Council,news,200,Indexable,2107,145,0,0,,,0,0,yes,delete,high,P1,no_signal
https://coincu.com/vancouver-mayor-aims-bitcoin-friendly-vancouver/,Vancouver Mayor Aims To Establish Bitcoin-Friendly Vancouver,Vancouver Mayor Aims To Establish Bitcoin-Friendly Vancouver,news,200,Indexable,2007,157,0,0,,,0,0,yes,delete,high,P1,no_signal
https://coincu.com/vaneck-ai-robots-powering-meme-coins/,VanEck AI Robots Powering Meme Coins at Peak Consciousness,VanEck AI Robots Powering Meme Coins at Peak Consciousness,news,200,Indexable,2082,143,0,0,,,0,0,yes,delete,high,P1,no_signal
https://coincu.com/vaneck-avalanche-etf-gets-moving-forward/,VanEck Avalanche ETF Gets Moving Forward With New S-1 Filing,VanEck Avalanche ETF Gets Moving Forward With New S-1 Filing,news,200,Indexable,2135,121,0,0,,,0,0,yes,delete,high,P1,no_signal
https://coincu.com/vaneck-bitcoin-etf-is-placed-homepage/,VanEck Bitcoin ETF Is Now Placed In An Important Position On Its Homepage,VanEck Bitcoin ETF Is Now Placed In An Important Position On Its Homepage,news,200,Indexable,2064,125,0,0,,,0,0,yes,delete,high,P1,no_signal
https://coincu.com/vaneck-bitcoin-etf-launch-in-australia/,VanEck Bitcoin ETF Will Launch in Australia on June 20,VanEck Bitcoin ETF Will Launch in Australia on June 20,news,200,Indexable,2092,162,0,0,,,0,0,yes,delete,high,P1,no_signal
https://coincu.com/vaneck-bitcoin-etf-remain-free-of-sponsor-fees/,VanEck Bitcoin ETF Will Remain Free of Sponsor Fees Until 2026,VanEck Bitcoin ETF Will Remain Free of Sponsor Fees Until 2026,news,200,Indexable,2123,130,0,0,,,0,0,yes,delete,high,P1,no_signal
https://coincu.com/vaneck-bitcoin-etf-starts-trading-australia/,VanEck Bitcoin ETF Now Opens Opportunities for Investors on Major Australian Exchange,VanEck Bitcoin ETF Now Opens Opportunities for Investors on Major Australian Exchange,news,200,Indexable,2113,103,0,0,,,0,0,yes,delete,high,P1,no_signal
https://coincu.com/vaneck-ceo-dashes-hope-for-ethereum-etf-approval/,VanEck CEO Dashes Hope for Ethereum ETF Approval Before May Deadline!,VanEck CEO Dashes Hope for Ethereum ETF Approval Before May Deadline!,news,200,Indexable,2161,138,0,0,,,0,0,yes,delete,high,P1,no_signal
https://coincu.com/vaneck-ceo-expects-bitcoin-soaring-new-heights/,VanEck CEO Expects Bitcoin Soaring to New Heights Soon!,VanEck CEO Expects Bitcoin Soaring to New Heights Soon!,news,200,Indexable,2101,103,0,0,,,0,0,yes,delete,high,P1,no_signal
https://coincu.com/vaneck-ceo-passionately-bullish-bitcoin/,VanEck CEO Passionately Advocates 'Bullish Bitcoin' amidst Looming Fed Policy Shift!,VanEck CEO Passionately Advocates ‘Bullish Bitcoin’ amidst Looming Fed Policy Shift!,news,200,Indexable,2154,222,0,0,,,0,0,yes,delete,high,P1,no_signal
https://coincu.com/vaneck-ceo-predicts-bitcoin-market-cap-of-gold/,VanEck CEO Predicts Bitcoin Will Reach Half the Market Cap of Gold!,VanEck CEO Predicts Bitcoin Will Reach Half the Market Cap of Gold!,news,200,Indexable,2160,127,0,0,,,0,0,yes,delete,high,P1,no_signal
https://coincu.com/vaneck-commits-10-of-ethereum-etf-gains/,VanEck Commits 10% of Ethereum ETF Gains for a Decade of Core Support,VanEck Commits 10% of Ethereum ETF Gains for a Decade of Core Support,news,200,Indexable,2199,96,0,0,,,0,0,yes,delete,high,P1,no_signal
https://coincu.com/vaneck-crypto-fund-launched/,VanEck Crypto Fund Launched With $30 Million Raised,VanEck Crypto Fund Launched With $30 Million Raised,news,200,Indexable,2178,103,0,0,,,0,0,yes,delete,high,P1,no_signal
https://coincu.com/vaneck-cuts-spot-etf-fee-to-0-2-160-price-rally/,VanEck Cuts Spot ETF Fee To 0.2% Following A 160% Price Rally,VanEck Cuts Spot ETF Fee To 0.2% Following A 160% Price Rally,news,200,Indexable,2123,117,0,0,,,0,0,yes,delete,high,P1,no_signal
https://coincu.com/vaneck-delists-bitcoin-strategy-etf-amid-sec/,VanEck Delists Bitcoin Strategy ETF Amid SEC Approved Spot Bitcoin ETF Launch!,VanEck Delists Bitcoin Strategy ETF Amid SEC Approved Spot Bitcoin ETF Launch!,news,200,Indexable,2148,115,0,0,,,0,0,yes,delete,high,P1,no_signal
https://coincu.com/vaneck-ethereum-futures-etf-closure-turn-to-ethv/,VanEck Ethereum Futures ETF Closure As Investors Turn To Spot ETHV,VanEck Ethereum Futures ETF Closure As Investors Turn To Spot ETHV,news,200,Indexable,2060,159,0,0,,,0,0,yes,delete,high,P1,no_signal
https://coincu.com/vaneck-ethereum-strategy-etf-launched/,VanEck Ethereum Strategy ETF Now Launched To Expand Investment Possibilities,VanEck Ethereum Strategy ETF Now Launched To Expand Investment Possibilities,news,200,Indexable,2085,138,0,0,,,0,0,yes,delete,high,P1,no_signal
https://coincu.com/vaneck-files-8-a-form-for-spot-eth-etf/,VanEck Files 8-A Form For Spot ETH ETF: Bloomberg Analyst,VanEck Files 8-A Form For Spot ETH ETF: Bloomberg Analyst,news,200,Indexable,2101,150,0,0,,,0,0,yes,delete,high,P1,no_signal
https://coincu.com/vaneck-files-for-spot-bnb-etf-with-sec/,"VanEck Files for Spot BNB ETF with SEC, Plans Nasdaq Listing","VanEck Files for Spot BNB ETF with SEC, Plans Nasdaq Listing",news,200,Indexable,2053,121,0,0,,,0,0,yes,delete,high,P1,no_signal
https://coincu.com/vaneck-grayscale-bnb-etf-amendments-same-day/,VanEck and Grayscale Submit BNB ETF Amendments on the Same Day,VanEck and Grayscale Submit BNB ETF Amendments on the Same Day,news,200,Indexable,2675,176,0,0,,,0,0,yes,delete,high,P1,no_signal
https://coincu.com/vaneck-matthew-sigel-bitcoin-all-time-high-12-months/,VanEck's Matthew Sigel Says Bitcoin Could Hit ATH in 12 Months,VanEck’s Matthew Sigel Says Bitcoin Could Hit ATH in 12 Months,news,200,Indexable,2342,134,0,0,,,0,0,yes,delete,high,P1,no_signal
https://coincu.com/vaneck-meme-coin-index-launched/,VanEck Meme Coin Index Launched With 6 Tokens Tracked,VanEck Meme Coin Index Launched With 6 Tokens Tracked,news,200,Indexable,2094,148,0,0,,,0,0,yes,delete,high,P1,no_signal
https://coincu.com/vaneck-nft-marketplace-launched/,VanEck NFT Marketplace Launched With Unique Features,VanEck NFT Marketplace Launched With Unique Features,news,200,Indexable,2090,83,0,0,,,0,0,yes,delete,high,P1,no_signal
https://coincu.com/vaneck-predicts-bitcoin-to-hit-2-9-m-by-2050/,VanEck Predicts Bitcoin To Hit $2.9 Million By 2050,VanEck Predicts Bitcoin To Hit $2.9 Million By 2050,news,200,Indexable,2104,128,0,0,,,0,0,yes,delete,high,P1,no_signal
https://coincu.com/vaneck-pyth-etn-now-available-in-europe/,VanEck Pyth ETN Now Available in Europe,VanEck Pyth ETN Now Available in Europe,news,200,Indexable,2149,112,0,0,,,0,0,yes,delete,high,P1,no_signal
https://coincu.com/vaneck-registration-spot-bitcoin-etf-with-sec/,VanEck Filed Registration of Securities For Their Spot Bitcoin ETF With SEC Form 8-A,VanEck Filed Registration of Securities For Their Spot Bitcoin ETF With SEC Form 8-A,news,200,Indexable,2118,139,0,0,,,0,0,yes,delete,high,P1,no_signal
https://coincu.com/vaneck-releases-new-spot-bitcoin-etf-commercial/,VanEck Releases New spot Bitcoin ETF Commercial!,VanEck Releases New spot Bitcoin ETF Commercial!,news,200,Indexable,2156,112,0,0,,,0,0,yes,delete,high,P1,no_signal
https://coincu.com/vaneck-renames-gaming-etf-to-focus-on/,"VanEck Renames Gaming ETF to Focus on ""Degen Economy"" Sector","VanEck to Rename Gaming ETF, Shifting Focus to ‘Degen Economy’ in 2026",news,200,Indexable,2079,147,0,0,,,0,0,yes,delete,high,P1,no_signal
https://coincu.com/vaneck-solana-etf-application-shows-risks/,VanEck Solana ETF Application Shows Potential Risks Causing Market Crisis,VanEck Solana ETF Application Shows Potential Risks Causing Market Crisis,news,200,Indexable,2207,127,0,0,,,0,0,yes,delete,high,P1,no_signal
https://coincu.com/vaneck-solana-etf-sec-filing/,VanEck Files Solana ETF Launch Documents with SEC,VanEck Files Solana ETF Launch Documents with SEC,news,200,Indexable,2149,72,0,0,,,0,0,yes,delete,high,P1,no_signal
https://coincu.com/vaneck-solana-etf-vsol-launches-with/,VanEck Solana ETF (VSOL) Launches with Fee Waiver and Staking Exposure,VanEck Solana ETF (VSOL) Launches with Fee Waiver and Staking Exposure,press_release_like,200,Indexable,2045,134,0,0,,,0,0,yes,delete,high,P1,event_pr_signal
https://coincu.com/vaneck-solana-etn-in-europe-supports-staking/,VanEck Solana ETN in Europe Now Supports Staking Service,VanEck Solana ETN in Europe Now Supports Staking Service,news,200,Indexable,2163,106,0,0,,,0,0,yes,delete,high,P1,no_signal
https://coincu.com/vaneck-spot-bitcoin-etf-filed-new-amended/,"VanEck Spot Bitcoin ETF Filed New Amended Form S-1, Ticker Called ""HODL""","VanEck Spot Bitcoin ETF Filed New Amended Form S-1, Ticker Called “HODL”",news,200,Indexable,2068,137,0,0,,,0,0,yes,delete,high,P1,no_signal
https://coincu.com/vaneck-spot-bitcoin-etf-revised/,VanEck Spot Bitcoin ETF Was Revised Last Minute To Prepare For Boom,VanEck Spot Bitcoin ETF Was Revised Last Minute To Prepare For Boom,news,200,Indexable,2142,118,0,0,,,0,0,yes,delete,high,P1,no_signal
https://coincu.com/vaneck-spot-bitcoin-etf-trading-fees/,"VanEck Spot Bitcoin ETF Trading Fees Will Be Cut To Zero Until March 31, 2025","VanEck Spot Bitcoin ETF Trading Fees Will Be Cut To Zero Until March 31, 2025",news,200,Indexable,2159,128,0,0,,,0,0,yes,delete,high,P1,no_signal
https://coincu.com/vaneck-spot-bitcoin-etf-trading-volume/,VanEck Spot Bitcoin ETF Trading Volume Increased 14 Times In Just One Day,VanEck Spot Bitcoin ETF Trading Volume Increased 14 Times In Just One Day,news,200,Indexable,2125,104,0,0,,,0,0,yes,delete,high,P1,no_signal
https://coincu.com/vaneck-spot-ethereum-etf-was-filed/,VanEck Spot Ethereum ETF Was Filed New S-1A Document,VanEck Spot Ethereum ETF Was Filed New S-1A Document,news,200,Indexable,2066,137,0,0,,,0,0,yes,delete,high,P1,no_signal
https://coincu.com/vaneck-spot-ethereum-etf-was-updated/,"VanEck Spot Ethereum ETF Was Updated With S-1 Form, Approval Nears","VanEck Spot Ethereum ETF Was Updated With S-1 Form, Approval Nears",news,200,Indexable,2118,110,0,0,,,0,0,yes,delete,high,P1,no_signal
https://coincu.com/vaneck-spot-solana-etf-proposed/,"VanEck Spot Solana ETF Proposed, New Boost for Crypto Industry","VanEck Spot Solana ETF Proposed, New Boost for Crypto Industry",news,200,Indexable,2144,94,0,0,,,0,0,yes,delete,high,P1,no_signal
https://coincu.com/vaneck-sui-etn-now-available-for-europe-region/,VanEck Sui ETN Now Available For Europe Region,VanEck Sui ETN Now Available For Europe Region,news,200,Indexable,2149,145,0,0,,,0,0,yes,delete,high,P1,no_signal
https://coincu.com/vanecks-new-bitcoin-etf-commercial/,VanEck's New Bitcoin ETF Commercial Continues To Excite The Community,VanEck’s New Bitcoin ETF Commercial Continues To Excite The Community,news,200,Indexable,2111,134,0,0,,,0,0,yes,delete,high,P1,no_signal
https://coincu.com/vanecks-spot-ethereum-etfs-launch-fee-battles/,VanEck's spot Ethereum ETFs Poised for Launch Amid Fee Battles!,VanEck’s spot Ethereum ETFs Poised for Launch Amid Fee Battles!,news,200,Indexable,2301,49,0,0,,,0,0,yes,delete,high,P1,no_signal
https://coincu.com/vanguard-allegedly-supports-crypto-etfs/,Vanguard Allegedly Supports Crypto ETFs Without Confirmation,Vanguard Allegedly Supports Crypto ETFs Without Confirmation,news,200,Indexable,2142,104,0,0,,,0,0,yes,delete,high,P1,no_signal
https://coincu.com/vanguard-allows-crypto-etf-trading/,Vanguard Opens Platform for Crypto Asset ETFs and Mutual Funds,Vanguard Opens Platform for Crypto Asset ETFs and Mutual Funds,news,200,Indexable,2140,81,0,0,,,0,0,yes,delete,high,P1,no_signal
https://coincu.com/vanguard-bitcoin-etfs-are-no-longer-supported/,Vanguard Bitcoin ETFs Are No Longer Supported On The Platform,Vanguard Bitcoin ETFs Are No Longer Supported On The Platform,news,200,Indexable,2102,108,0,0,,,0,0,yes,delete,high,P1,no_signal
https://coincu.com/vanguard-group-bitcoin-etf-not-be-launched/,Vanguard Group Bitcoin ETF Will Not Be Launched Because Of Intrinsic Value,Vanguard Group Bitcoin ETF Will Not Be Launched Because Of Intrinsic Value,news,200,Indexable,2110,111,0,0,,,0,0,yes,delete,high,P1,no_signal
https://coincu.com/vanguard-group-invests-over-500m-bitcoin-mining/,"Vanguard Group Invests Over $500M In Bitcoin Mining, Signals Crypto Boom: Report","Vanguard Group Invests Over $500M In Bitcoin Mining, Signals Crypto Boom: Report",news,200,Indexable,2107,156,0,0,,,0,0,yes,delete,high,P1,no_signal
https://coincu.com/vanguard-groups-bitcoin-etf-boom/,Vanguard Group's Bold Stand Against Crypto Sparks Controversy Amid Bitcoin ETF Boom!,Vanguard Group’s Bold Stand Against Crypto Sparks Controversy Amid Bitcoin ETF Boom!,news,200,Indexable,2194,142,0,0,,,0,0,yes,delete,high,P1,no_signal
https://coincu.com/vanguard-salim-ramji-ceo-amid-bitcoin-etfs-ban/,Vanguard Appoints BlackRock's Salim Ramji as CEO Amid Bitcoin ETFs Ban!,Vanguard Appoints BlackRock’s Salim Ramji as CEO Amid Bitcoin ETFs Ban!,news,200,Indexable,2205,158,0,0,,,0,0,yes,delete,high,P1,no_signal
https://coincu.com/vanguard-spot-bitcoin-etf-never-backed/,Vanguard Spot Bitcoin ETF Will Never Be Backed,Vanguard Spot Bitcoin ETF Will Never Be Backed,news,200,Indexable,2097,146,0,0,,,0,0,yes,delete,high,P1,no_signal
https://coincu.com/vantage-introduces-an-enhanced-app-with-a-seamless-all-in-one-trading-experience/,Vantage Introduces an Enhanced App with a Seamless All-in-One Trading Experience,Vantage Introduces an Enhanced App with a Seamless All-in-One Trading Experience,news,200,Indexable,2485,46,0,0,,,0,0,yes,delete,high,P1,no_signal
https://coincu.com/vara-grants-license-blockchaincom/,VARA Grants Regulatory License To Blockchain.com,VARA Grants Regulatory License To Blockchain.com,news,200,Indexable,2003,157,0,0,,,0,0,yes,delete,high,P1,no_signal
https://coincu.com/vara-leadership-change-steer-regulatory-in-dubai/,VARA Leadership Change Steers Crypto Regulatory in Dubai,VARA Leadership Change Steers Crypto Regulatory Landscape in Dubai,news,200,Indexable,2083,157,0,0,,,0,0,yes,delete,high,P1,no_signal
https://coincu.com/vara-network-supported-by-coinbase/,Layer 1 Vara Network Will Be Supported By Coinbase,Layer 1 Vara Network Will Be Supported By Coinbase,news,200,Indexable,2100,110,0,0,,,0,0,yes,delete,high,P1,no_signal
https://coincu.com/variant-fund-launches-accelerator-program/,Variant Fund Launches Accelerator Program To Drive Growth Web3,Variant Fund Launches Accelerator Program To Drive Growth Web3,news,200,Indexable,2047,172,0,0,,,0,0,yes,delete,high,P1,no_signal
https://coincu.com/vauld-applied-for-extended-protection/,Crypto Lender Vauld Applied For Extended Protection Against Creditors,Crypto Lender Vauld Applied For Extended Protection Against Creditors,news,200,Indexable,2043,153,0,0,,,0,0,yes,delete,high,P1,no_signal
https://coincu.com/vauld-disagrees-with-indian-freeze-assets/,Vauld Claims It Disagrees With The Indian Order To Freeze Assets,Vauld Claims It Disagrees With The Indian Order To Freeze Assets,news,200,Indexable,2111,158,0,0,,,0,0,yes,delete,high,P1,no_signal
https://coincu.com/vauld-extended-creditor-term-february-28/,Vauld Approved Extended Creditor Protection Term To February 28,Vauld Approved Extended Creditor Protection Term To February 28,news,200,Indexable,2116,156,0,0,,,0,0,yes,delete,high,P1,no_signal
https://coincu.com/vauld-follow-trend-blocks-withdrawals/,"Vauld ""Follows The Trend"" Blocks Withdrawals",Vauld “Follows The Trend” Blocks Withdrawals,news,200,Indexable,2121,156,0,0,,,0,0,yes,delete,high,P1,no_signal
https://coincu.com/vauld-seeks-safeguard-from-creditors/,Cryptocurrency Lender Vauld Seeks Safeguard From Creditors,Cryptocurrency Lender Vauld Seeks Safeguard From Creditors,news,200,Indexable,2011,158,0,0,,,0,0,yes,delete,high,P1,no_signal
https://coincu.com/vauld-shortfall-70m-in-letter-to-creditors/,Vauld Has Disclosed A Shortfall Of $70M In A Letter To Creditors,Vauld Has Disclosed A Shortfall Of $70M In A Letter To Creditors,news,200,Indexable,2048,155,0,0,,,0,0,yes,delete,high,P1,no_signal
https://coincu.com/vauld-was-stuck-10-million-on-ftx/,Crypto Lender Vauld Was Stuck $10 Million On FTX,Crypto Lender Vauld Was Stuck $10 Million On FTX,news,200,Indexable,1897,140,0,0,,,0,0,yes,delete,high,P1,no_signal
https://coincu.com/vault-announces-4m-fund-raising-round/,FanDuel Co-Founders' New Music Format VAULT Announces $4 Million Fund-Raising Round,FanDuel Co-Founders’ New Music Format VAULT Announces $4 Million Fund-Raising Round,news,200,Indexable,2189,260,0,0,,,0,0,yes,delete,high,P1,no_signal
https://coincu.com/vault-zero-unlocks-new-possibilities-in-ai-and-blockchain-innovation/,Vault Zero Unlocks New Possibilities in AI and Blockchain Innovation,Vault Zero Unlocks New Possibilities in AI and Blockchain Innovation,news,200,Indexable,2328,298,0,0,,,0,0,yes,delete,high,P1,no_signal
https://coincu.com/vc-financing-for-web3/,VC Financing For Web3 Hits Its Lowest Level This Quarter,VC Financing For Web3 Hits Its Lowest Level This Quarter,news,200,Indexable,2067,104,0,0,,,0,0,yes,delete,high,P1,no_signal
https://coincu.com/vc-founders-summit-2024/,VC Founders Summit 2024: Dominate the Venture Capital World!,VC Founders Summit 2024: Dominate the Venture Capital World!,press_release_like,200,Indexable,1990,151,0,0,,,0,0,yes,delete,high,P1,event_pr_signal
https://coincu.com/vc-paradigm-expands-investment-past-crypto/,Crypto VC Paradigm Expands Investment Scope Past Crypto,Crypto VC Paradigm Expands Investment Scope Past Crypto,news,200,Indexable,2134,205,0,0,,,0,0,yes,delete,high,P1,no_signal
https://coincu.com/vc-spectra-spct-safe-haven-dogecoin-ethereum/,"As Dogecoin (DOGE) & Ethereum (ETH) Tumble, Is VC Spectra (SPCT) the Safe Haven Investors Need?","As Dogecoin (DOGE) & Ethereum (ETH) Tumble, Is VC Spectra (SPCT) the Safe Haven Investors Need?",news,200,Indexable,2215,112,0,0,,,0,0,yes,delete,high,P1,no_signal
https://coincu.com/vcs-crypto-funding-in-june-hits-lowest-2-years/,"VCs Steps Back, Crypto Funding Amount In June Hits Lowest In 2 Years: Report","VCs Steps Back, Crypto Funding Amount In June Hits Lowest In 2 Years: Report",news,200,Indexable,2154,162,0,0,,,0,0,yes,delete,high,P1,no_signal
https://coincu.com/vcs-invested-1-2-billion-outlives-nfts-defi/,"VCs Invested $1.2 Billion In This Industry Alone This Year, It Outlives NFTs And DeFi","VCs Invested $1.2 Billion In This Industry Alone This Year, It Outlives NFTs And DeFi",news,200,Indexable,1976,139,0,0,,,0,0,yes,delete,high,P1,no_signal
https://coincu.com/veax-closes-1-2-million-pre-seed-round/,NEAR-based Trading Protocol Veax Closes $1.2 Million Pre-Seed Round,NEAR-based Trading Protocol Veax Closes $1.2 Million Pre-Seed Round,news,200,Indexable,2019,132,0,0,,,0,0,yes,delete,high,P1,no_signal
https://coincu.com/vechains-historic-upgrade-launches/,VeChain's Historic Upgrade Launches,VeChain’s Historic Upgrade Launches,news,200,Indexable,1965,157,0,0,,,0,0,yes,delete,high,P1,no_signal
https://coincu.com/veelive-the-future-of-digital-ownership-and-wealth-creation-in-the-metaverse/,Veelive: The Future of Digital Ownership and Wealth Creation in the Metaverse,Veelive: The Future of Digital Ownership and Wealth Creation in the Metaverse,news,200,Indexable,2663,192,0,0,,,0,0,yes,delete,high,P1,no_signal
https://coincu.com/velodrome-proposed-as-stg-hub-on-optimism/,The Leading DEX Velodrome Proposed As STG Hub On Optimism 1,The Leading DEX Velodrome Proposed As STG Hub On Optimism,news,200,Indexable,2119,139,0,0,,,0,0,yes,delete,high,P1,no_signal
https://coincu.com/velodrome-stolen-350k-own-member/,"Velodrome Was Stolen $350,000 By Their Own Member","Velodrome Was Stolen $350,000 By Their Own Member",news,200,Indexable,1946,152,0,0,,,0,0,yes,delete,high,P1,no_signal
https://coincu.com/velodromes-gabagool-eth/,Velodrome's Gabagool.eth Admits Taking Project Money Due To Trade Loss,Velodrome’s Gabagool.eth Admits Taking Project Money Due To Trade Loss,news,200,Indexable,2087,156,0,0,,,0,0,yes,delete,high,P1,no_signal
https://coincu.com/velodromes-tvl-alchemy/,"Velodrome’s TVL: ve(3,3) Mechanism, veVELO Distribution And Bribery","Velodrome’s TVL: ve(3,3) Mechanism, veVELO Distribution And Bribery",news,200,Indexable,3144,157,0,0,,,0,0,yes,delete,high,P1,no_signal
https://coincu.com/venezuela-arrests-21-people-in-crypto-oil/,Venezuela Arrests 21 People In Crypto-oil Scandal,Venezuela Arrests 21 People In Crypto-oil Scandal,news,200,Indexable,2105,183,0,0,,,0,0,yes,delete,high,P1,no_signal
https://coincu.com/venezuelan-crypto-mining-blocked/,Venezuelan Crypto Mining Farms Blocked Amid Energy Crisis,Venezuelan Crypto Mining Farms Blocked Amid Energy Crisis,news,200,Indexable,2165,139,0,0,,,0,0,yes,delete,high,P1,no_signal
https://coincu.com/venezuelas-crypto-authority-wanted/,Venezuela's Crypto Authority Wanted With $5 Million Bounty,Venezuela’s Crypto Authority Wanted With $5 Million Bounty,news,200,Indexable,2187,141,0,0,,,0,0,yes,delete,high,P1,no_signal
https://coincu.com/venmo-paypal-and-cashapp/,"Venmo, PayPal, And CashApp And Third-Party Payment Networks Proposed Tax Threshold Raise","Venmo, PayPal, And CashApp And Third-Party Payment Networks Proposed Tax Threshold Raise",news,200,Indexable,2130,216,0,0,,,0,0,yes,delete,high,P1,no_signal
https://coincu.com/venmo-us-users-now-support-crypto-purchases/,Venmo US Users Now Support Crypto Purchases Through MoonPay,Venmo US Users Now Support Crypto Purchases Through MoonPay,news,200,Indexable,2113,147,0,0,,,0,0,yes,delete,high,P1,no_signal
https://coincu.com/venom-expands-into-india-with-dual-listings-on-wazirx-and-coindcx/,"Venom Expands into Mumbai, India with Dual Listings on WazirX and CoinDCX","Venom Expands into Mumbai, India with Dual Listings on WazirX and CoinDCX",news,200,Indexable,2243,40,0,0,,,0,0,yes,delete,high,P1,no_signal
https://coincu.com/venus-protocol-11m-recovery-phishing/,Venus Protocol Returns $11.4M in Phishing Attack Recovery,Venus Protocol Returns $11.4M in Phishing Attack Recovery,news,200,Indexable,2216,111,0,0,,,0,0,yes,delete,high,P1,no_signal
https://coincu.com/venus-protocol-pauses-forces-liquidation-after-phishing/,"Venus Protocol pauses, forces liquidation after phishing","Venus Protocol pauses, forces liquidation after phishing",news,200,Indexable,2252,166,0,0,,,0,0,yes,delete,high,P1,no_signal
https://coincu.com/venus-protocol-ready-bnb-liquidation/,Venus Protocol Ready For BNB Liquidation At $220,Venus Protocol Ready For BNB Liquidation At $220,news,200,Indexable,2189,148,0,0,,,0,0,yes,delete,high,P1,no_signal
https://coincu.com/verde-asset-management-puts-faith-in-bitcoin/,Verde Asset Management Puts Faith in Bitcoin Before Trump Wins,Verde Asset Management Puts Faith in Bitcoin Before Trump Wins,news,200,Indexable,2138,102,0,0,,,0,0,yes,delete,high,P1,no_signal
https://coincu.com/verify-shytoshi-kusama-lead-shib-developer/,"Verify Shytoshi Kusama The Lead SHIB Developer, Per SHIB Army's Request On Twitter","Verify Shytoshi Kusama The Lead SHIB Developer, Per SHIB Army’s Request On Twitter",news,200,Indexable,1929,158,0,0,,,0,0,yes,delete,high,P1,no_signal
https://coincu.com/veritaseum-capital-accuses-coinbases/,Veritaseum Capital Accuses Coinbase's Infringing Patents,Veritaseum Capital Accuses Coinbase’s Infringing Patent,news,200,Indexable,1966,104,0,0,,,0,0,yes,delete,high,P1,no_signal
https://coincu.com/vesting-period/,Vesting Period,Vesting Period,news,200,Indexable,2109,113,0,0,,,0,0,yes,delete,high,P1,no_signal
https://coincu.com/veteran-crypto-investor-raises-4-49m-dai-selling/,"Veteran Crypto Investor Raises 4.49M DAI Selling 2,720 WETH","Veteran Crypto Investor Raises 4.49M DAI Selling 2,720 WETH",news,200,Indexable,2159,125,0,0,,,0,0,yes,delete,high,P1,no_signal
https://coincu.com/vgx-soars-8-about-blackrock-voyager-acquisition/,VGX Soars 8% After The Fake News About BlackRock-Voyager Acquisition,VGX Soars 8% After The Fake News About BlackRock-Voyager Acquisition,news,200,Indexable,2088,120,0,0,,,0,0,yes,delete,high,P1,no_signal
https://coincu.com/vice-president-kamala-harris-backs-crypto/,Vice President Kamala Harris Backs Crypto With New Plan,Vice President Kamala Harris Backs Crypto With New Plan,news,200,Indexable,2110,121,0,0,,,0,0,yes,delete,high,P1,no_signal
https://coincu.com/vice-president-kamala-harris-to-promote-crypto/,Vice President Kamala Harris to Promote Crypto With Supportive Measures,Vice President Kamala Harris to Promote Crypto With Supportive Measures,news,200,Indexable,2115,96,0,0,,,0,0,yes,delete,high,P1,no_signal
https://coincu.com/vice-president-kamala-harris-to-support-crypto/,Vice President Kamala Harris Vows to Support Crypto If Elected in 2024,Vice President Kamala Harris Vows to Support Crypto If Elected in 2024,news,200,Indexable,2140,119,0,0,,,0,0,yes,delete,high,P1,no_signal
https://coincu.com/vice-president-kamala-harrisfor-pushing-crypto/,Vice President Kamala Harris Is a New Candidate for Pushing Crypto in US,Vice President Kamala Harris Is a New Candidate for Pushing Crypto in US,news,200,Indexable,2114,110,0,0,,,0,0,yes,delete,high,P1,no_signal
https://coincu.com/victory-securities-for-crypto-investments/,Hong Kong Regulator Greenlights Victory Securities For Crypto Investments,Hong Kong Regulator Greenlights Victory Securities For Crypto Investments,news,200,Indexable,2173,134,0,0,,,0,0,yes,delete,high,P1,no_signal
https://coincu.com/video-2014-google-ceo-praising-bitcoin/,A Video From 2014 Shows Former Google CEO Praising Bitcoin,A Video From 2014 Shows Former Google CEO Praising Bitcoin,news,200,Indexable,2220,157,0,0,,,0,0,yes,delete,high,P1,no_signal
https://coincu.com/videotutor-11m-seed-round-complete/,VideoTutor Completes $11M Seed Round Led by YZi Labs,VideoTutor Completes $11M Seed Round Led by YZi Labs,news,200,Indexable,1914,123,0,0,,,0,0,yes,delete,high,P1,no_signal
https://coincu.com/videotutor-secures-11-million-funding/,AI Startup VideoTutor Secures $11 Million in Seed Funding,AI Startup VideoTutor Secures $11 Million in Seed Funding,news,200,Indexable,2166,78,0,0,,,0,0,yes,delete,high,P1,no_signal
https://coincu.com/vietnam-crypto-asset-pilot-domestic-trading-regulation/,Vietnam Plans Crypto Asset Pilot to Regulate Domestic Trading,Vietnam Plans Crypto Asset Pilot to Regulate Domestic Trading,news,200,Indexable,2938,158,0,0,,,0,0,yes,delete,high,P1,no_signal
https://coincu.com/vietnam-crypto-trading-pilot-2027/,Vietnam Embarks on Five-Year Crypto Trading Pilot Program,Vietnam Embarks on Five-Year Crypto Trading Pilot Program,news,200,Indexable,2125,126,0,0,,,0,0,yes,delete,high,P1,no_signal
https://coincu.com/vietnam-fintech-revolution-summit-2023/,Vietnam Fintech Revolution Summit 2023,Vietnam Fintech Revolution Summit 2023,press_release_like,200,Indexable,2073,150,0,0,,,0,0,yes,delete,high,P1,event_pr_signal
https://coincu.com/vietnam-is-the-leading-country/,Vietnam Is The Leading Country In The 2022 Global Cryptocurrency Adoption Index,Vietnam Is The Leading Country In The 2022 Global Cryptocurrency Adoption Index,news,200,Indexable,2128,153,0,0,,,0,0,yes,delete,high,P1,no_signal
https://coincu.com/vietnam-ranks-first-in-crypto-ownership/,Vietnam Ranks First In Crypto Ownership,Vietnam Ranks First In Crypto Ownership,news,200,Indexable,2099,140,0,0,,,0,0,yes,delete,high,P1,no_signal
https://coincu.com/vietnam-thailand-crypto-trading-hotspots/,Vietnam And Thailand Become Cryptocurrency Trading Hotspots In ASEAN,Vietnam And Thailand Become Cryptocurrency Trading Hotspots In ASEAN,news,200,Indexable,2098,199,0,0,,,0,0,yes,delete,high,P1,no_signal
https://coincu.com/vietnam-worlds-highest-crypto-acceptance/,Vietnam Becomes The World's Highest Crypto Acceptance Country,Vietnam Becomes The World’s Highest Crypto Acceptance Country,news,200,Indexable,2136,153,0,0,,,0,0,yes,delete,high,P1,no_signal
https://coincu.com/vietnamese-calls-regulation-crypto-assets/,Vietnamese Prime Minister Calls For Regulation On Crypto Assets,Vietnamese Prime Minister Calls For Regulation On Crypto Assets,news,200,Indexable,1939,155,0,0,,,0,0,yes,delete,high,P1,no_signal
https://coincu.com/vietnamese-cybercrime-group-indicted-in-us/,Vietnamese Cybercrime Group Indicted in US for $71M Crypto Hacking Scheme,Vietnamese Cybercrime Group Indicted in US for $71M Crypto Hacking Scheme,news,200,Indexable,2132,140,0,0,,,0,0,yes,delete,high,P1,no_signal
https://coincu.com/vietnams-blockchain-human-resources/,Vietnam's Company Is Promoting Blockchain Human Resources Training,Vietnam’s Company Is Promoting Blockchain Human Resources Training,news,200,Indexable,1974,301,0,0,,,0,0,yes,delete,high,P1,no_signal
https://coincu.com/vietnams-crypto-surge/,Vietnam's Crypto Surge: A Beacon of Growth Amidst Global Economic Challenges,Vietnam’s Crypto Surge: A Beacon of Growth Amidst Global Economic Challenges,news,200,Indexable,2179,112,0,0,,,0,0,yes,delete,high,P1,no_signal
https://coincu.com/virginia-crypto-mining-legislation/,Virginia Crypto Mining Legislation Aims To Promote Crypto Companies To Grow,Virginia Crypto Mining Legislation Aims To Promote Crypto Companies To Grow,news,200,Indexable,2114,118,0,0,,,0,0,yes,delete,high,P1,no_signal
https://coincu.com/virtual-asset-industry-in-hong-kongn/,Virtual Asset Industry Is Continuously Promoted To Develop In Hong Kong,Virtual Asset Industry Is Continuously Promoted To Develop In Hong Kong,news,200,Indexable,2095,153,0,0,,,0,0,yes,delete,high,P1,no_signal
https://coincu.com/virtual-private-network-vpn/,Virtual Private Network (VPN),Virtual Private Network (VPN),news,200,Indexable,2472,175,0,0,,,0,0,yes,delete,high,P1,no_signal
https://coincu.com/virtualness-raises-over-8-million/,Web3 Platform Virtualness Raises Over $8 Million With Polygon Ventures Involved,Web3 Platform Virtualness Raises Over $8 Million With Polygon Ventures Involved,news,200,Indexable,1960,180,0,0,,,0,0,yes,delete,high,P1,no_signal
https://coincu.com/visa-allows-to-pay-ethereum-gas-fee/,Visa Allows To Pay Ethereum Gas Fees With Credit Cards in Successful Test,Visa Allows To Pay Ethereum Gas Fees With Credit Cards in Successful Test,news,200,Indexable,1979,102,0,0,,,0,0,yes,delete,high,P1,no_signal
https://coincu.com/visa-and-mastercard-exit-crypto-projects/,Shockwaves in Crypto World as Visa and Mastercard Exit Crypto Projects,Shockwaves in Crypto World as Visa and Mastercard Exit Crypto Projects,news,200,Indexable,2133,193,0,0,,,0,0,yes,delete,high,P1,no_signal
https://coincu.com/visa-approved-alchemy-pay-service-provider/,Visa Has Approved Alchemy Pay As An Official Service Provider For Cryptocurrency Purchase In 173 Countries,Visa Has Approved Alchemy Pay As An Official Service Provider For Cryptocurrency Purchase In 173 Countries,news,200,Indexable,2053,158,0,0,,,0,0,yes,delete,high,P1,no_signal
https://coincu.com/visa-bvnk-stablecoin-partnership/,Visa Partners with BVNK to Integrate Stablecoin Payments,Visa Partners with BVNK to Integrate Stablecoin Payments,news,200,Indexable,2155,140,0,0,,,0,0,yes,delete,high,P1,no_signal
https://coincu.com/visa-introduces-a-unique-no-limit-card/,Visa Introduces A Unique 'No-Limit' Bitcoin Card In The UAE.,Visa Introduces A Unique ‘No-Limit’ Bitcoin Card In The UAE.,news,200,Indexable,2086,152,0,0,,,0,0,yes,delete,high,P1,no_signal
https://coincu.com/visa-recruits-employees/,Visa Recruits Employees With Passionate About The Web3 Stack Of Technologies,Visa Recruits Employees With Passionate About The Web3 Stack Of Technologies,news,200,Indexable,2107,109,0,0,,,0,0,yes,delete,high,P1,no_signal
https://coincu.com/visa-solana-blockchain-for-high-speed-stablecoin/,Visa Utilizes Solana Blockchain For High-Speed Stablecoin Settlement With 400 TPS,Visa Utilizes Solana Blockchain For High-Speed Stablecoin Settlement With 400 TPS,news,200,Indexable,2070,186,0,0,,,0,0,yes,delete,high,P1,no_signal
https://coincu.com/visa-termination-with-ftx/,Visa Termination Of Partnership With FTX,Visa Termination Of Partnership With FTX,news,200,Indexable,1948,198,0,0,,,0,0,yes,delete,high,P1,no_signal
https://coincu.com/visa-tokenized-asset-platform-launched-2/,Visa Tokenized Asset Platform Launched With Plans to Expand by 2025,Visa Tokenized Asset Platform Launched With Plans to Expand by 2025,news,200,Indexable,2145,147,0,0,,,0,0,yes,delete,high,P1,no_signal
https://coincu.com/visa-tokenized-asset-platform-launched/,Visa Tokenized Asset Platform Launched to Promote Blockchain Networks,Visa Tokenized Asset Platform Launched to Promote Blockchain Networks,news,200,Indexable,2120,139,0,0,,,0,0,yes,delete,high,P1,no_signal
https://coincu.com/vitadao-vita-increases-60-firm-4-1-million/,VitaDAO (VITA) Increases By 60% As The Firm Announcing $4.1 Million Fundraising,VitaDAO (VITA) Increases By 60% As The Firm Announcing $4.1 Million Fundraising,news,200,Indexable,2201,313,0,0,,,0,0,yes,delete,high,P1,no_signal
https://coincu.com/vitalik-advocates-for-enhanced-dao-membership/,Vitalik Advocates for Enhanced DAO Membership Accessibility,Vitalik Advocates for Enhanced DAO Membership Accessibility,news,200,Indexable,2151,105,0,0,,,0,0,yes,delete,high,P1,no_signal
https://coincu.com/vitalik-buterin-3-key-ethereums-success/,Vitalik Buterin Highlights 3 Key Transitions For Ethereum's Success,Vitalik Buterin Highlights 3 Key Transitions For Ethereum’s Success,news,200,Indexable,2073,165,0,0,,,0,0,yes,delete,high,P1,no_signal
https://coincu.com/vitalik-buterin-99-eth-turkey-earthquake/,Vitalik Buterin Contributes 99 ETH To The Turkey Earthquake Charity Fund,Vitalik Buterin Contributes 99 ETH To The Turkey Earthquake Charity Fund,news,200,Indexable,2082,156,0,0,,,0,0,yes,delete,high,P1,no_signal
https://coincu.com/vitalik-buterin-account-setup-at-hashkey-global/,Vitalik Buterin Reportedly Initiates Offline Account Setup at Hashkey Global!,Vitalik Buterin Reportedly Initiates Offline Account Setup at Hashkey Global!,news,200,Indexable,2082,125,0,0,,,0,0,yes,delete,high,P1,no_signal
https://coincu.com/vitalik-buterin-admits-recent-hack/,Vitalik Buterin Admits Recent X Account Hack Was Due To SIM Swap Attack,Vitalik Buterin Admits Recent X Account Hack Was Due To SIM Swap Attack,news,200,Indexable,2133,126,0,0,,,0,0,yes,delete,high,P1,no_signal
https://coincu.com/vitalik-buterin-and-polygon-lead-the-charge/,Vitalik Buterin And Polygon Co-Founder Lead The Charge With $100M Donation to COVID-19 Research,Vitalik Buterin And Polygon Co-Founder Lead The Charge With $100M Donation to COVID-19 Research,news,200,Indexable,2377,181,0,0,,,0,0,yes,delete,high,P1,no_signal
https://coincu.com/vitalik-buterin-backs-kakarot-zkevm/,Vitalik Buterin Backs Kakarot zkEVM: A Ethereum Scaling Solution,Vitalik Buterin Backs Kakarot zkEVM: A Ethereum Scaling Solution,news,200,Indexable,2233,171,0,0,,,0,0,yes,delete,high,P1,no_signal
https://coincu.com/vitalik-buterin-charity-donation-from-moodeng/,Vitalik Buterin Charity Donation from MOODENG Token Sale,Vitalik Buterin Charity Donation from MOODENG Token Sale,news,200,Indexable,1951,166,0,0,,,0,0,yes,delete,high,P1,no_signal
https://coincu.com/vitalik-buterin-claims-xrp-lost-protected/,Vitalik Buterin Claims XRP Has Lost Its Right To Be Protected,Vitalik Buterin Claims XRP Has Lost Its Right To Be Protected,news,200,Indexable,2102,195,0,0,,,0,0,yes,delete,high,P1,no_signal
https://coincu.com/vitalik-buterin-cleaned-up-25t-shit-tokens/,"Vitalik Buterin ""Cleaned Up"" 25 Trillion SHIT Tokens",Vitalik Buterin “Cleaned Up” 25 Trillion SHIT Tokens,news,200,Indexable,1915,159,0,0,,,0,0,yes,delete,high,P1,no_signal
https://coincu.com/vitalik-buterin-clients-bellatrix-upgrade/,Vitalik Buterin Encourages Node Operators To Update Clients Before To The Bellatrix Upgrade,Vitalik Buterin Encourages Node Operators To Update Clients Before To The Bellatrix Upgrade,news,200,Indexable,2316,154,0,0,,,0,0,yes,delete,high,P1,no_signal
https://coincu.com/vitalik-buterin-concerned-bitcoins-security/,Vitalik Buterin Is Concerned About Bitcoin’s Security,Vitalik Buterin Is Concerned About Bitcoin’s Security,news,200,Indexable,2283,121,0,0,,,0,0,yes,delete,high,P1,no_signal
https://coincu.com/vitalik-buterin-criticizes-ethw-hard-fork/,"Vitalik Buterin Criticizes Them For ""Trying To Make A Quick Buck"" In Support Of The ETHW Hard Fork",Vitalik Buterin Criticizes Them For “Trying To Make A Quick Buck” In Support Of The ETHW Hard Fork,news,200,Indexable,2239,157,0,0,,,0,0,yes,delete,high,P1,no_signal
https://coincu.com/vitalik-buterin-criticizes-iggy-azaleas-mother/,Vitalik Buterin Criticizes Iggy Azalea's MOTHER Token Over Celebrity Trend,Vitalik Buterin Criticizes Iggy Azalea’s MOTHER Token Over Celebrity Trend,news,200,Indexable,2132,164,0,0,,,0,0,yes,delete,high,P1,no_signal
https://coincu.com/vitalik-buterin-critiques-worldcoins-solution/,Vitalik Buterin Critiques Worldcoin's Iris-Scanning Proof-of-Personhood Solution,Vitalik Buterin Critiques Worldcoin’s Iris-Scanning Proof-of-Personhood Solution,news,200,Indexable,2428,126,0,0,,,0,0,yes,delete,high,P1,no_signal
https://coincu.com/vitalik-buterin-dissatisfied-coindesks-rank/,"Vitalik Buterin Is ""Dissatisfied"" With CoinDesk's Ranking Of The Top 50 Crypto Personalities For 2022",Vitalik Buterin Is “Dissatisfied” With CoinDesk’s Ranking Of The Top 50 Crypto Personalities For 2022,news,200,Indexable,1931,158,0,0,,,0,0,yes,delete,high,P1,no_signal
https://coincu.com/vitalik-buterin-dogecoin-zcash-move-pos/,Vitalik Buterin Hopes Dogecoin And Zcash All Move To PoS,Vitalik Buterin Hopes Dogecoin And Zcash All Move To PoS,news,200,Indexable,2032,155,0,0,,,0,0,yes,delete,high,P1,no_signal
https://coincu.com/vitalik-buterin-donate-ukraine-tornado-cash/,Vitalik Buterin Claims To Have Donated To Ukraine Via Tornado Cash,Vitalik Buterin Claims To Have Donated To Ukraine Via Tornado Cash,news,200,Indexable,2087,151,0,0,,,0,0,yes,delete,high,P1,no_signal
https://coincu.com/vitalik-buterin-donates-20-million-doge/,Vitalik Buterin Donates Another 20 Million DOGE To Dogecoin Foundation,Vitalik Buterin Donates Another 20 Million DOGE To Dogecoin Foundation,news,200,Indexable,2091,154,0,0,,,0,0,yes,delete,high,P1,no_signal
https://coincu.com/vitalik-buterin-donates-500-eth-coinbase-prime/,Vitalik Buterin Donates 500 ETH ($1.1M) to Coinbase Prime,Vitalik Buterin Donates 500 ETH ($1.1M) to Coinbase Prime,news,200,Indexable,2139,131,0,0,,,0,0,yes,delete,high,P1,no_signal
https://coincu.com/vitalik-buterin-envisions-a-new-future/,Vitalik Buterin Envisions A New Decentralized Future For Ethereum And Web3,Vitalik Buterin Envisions A New Decentralized Future For Ethereum And Web3,news,200,Indexable,2118,102,0,0,,,0,0,yes,delete,high,P1,no_signal
https://coincu.com/vitalik-buterin-ethereum-eth-withdrawal/,"Vitalik Buterin Withdraws 16,384 ETH for Ethereum Goals","Vitalik Buterin Withdraws 16,384 ETH for Ethereum Goals",news,200,Indexable,2163,113,0,0,,,0,0,yes,delete,high,P1,no_signal
https://coincu.com/vitalik-buterin-ethereum-future-summit/,Vitalik Buterin Outlines Ethereum's Future at Global Summit,Vitalik Buterin Outlines Ethereum’s Future at Global Summit,press_release_like,200,Indexable,2187,176,0,0,,,0,0,yes,delete,high,P1,event_pr_signal
https://coincu.com/vitalik-buterin-helped-solana/,Vitalik Buterin Helped Solana Out Of 22 Month Low With A Tweet,Vitalik Buterin Helped Solana Out Of 22 Month Low With A Tweet,news,200,Indexable,2102,145,0,0,,,0,0,yes,delete,high,P1,no_signal
https://coincu.com/vitalik-buterin-highlights-the-bullish-2023/,Vitalik Buterin Highlights The Bullish In 2023,Vitalik Buterin Highlights The Bullish In 2023,news,200,Indexable,2163,176,0,0,,,0,0,yes,delete,high,P1,no_signal
https://coincu.com/vitalik-buterin-highlights-three-core/,Vitalik Buterin Highlights Three Core Flaws in Decentralized Stablecoins,Vitalik Buterin Highlights Three Core Flaws in Decentralized Stablecoins,news,200,Indexable,2093,143,0,0,,,0,0,yes,delete,high,P1,no_signal
https://coincu.com/vitalik-buterin-layer-2-solutions/,Vitalik Buterin: Layer 2 Solutions Really Haven't Reduced The Burden On Layer 1,Vitalik Buterin: Layer 2 Solutions Really Haven’t Reduced The Burden On Layer 1,news,200,Indexable,2098,96,0,0,,,0,0,yes,delete,high,P1,no_signal
https://coincu.com/vitalik-buterin-makes-jokes-meme-token/,"Vitalik Buterin Makes Jokes About Meme Token, Prices Soar 5,500% in 12 Hours","Vitalik Buterin Makes Jokes About Meme Token, Prices Soar 5,500% in 12 Hours",news,200,Indexable,2120,156,0,0,,,0,0,yes,delete,high,P1,no_signal
https://coincu.com/vitalik-buterin-move-3000-eth-to-address-vb-2/,"Vitalik Buterin Big Move With 3,000 ETH From Address ""vitalik.eth"" To Address ""Vb 2""","Vitalik Buterin Big Move With 3,000 ETH From Address “vitalik.eth” To Address “Vb 2”",news,200,Indexable,2040,142,0,0,,,0,0,yes,delete,high,P1,no_signal
https://coincu.com/vitalik-buterin-new-ethereum-roadmap/,Vitalik Buterin Announced New Ethereum Roadmap With Some Major Changes,Vitalik Buterin Announced New Ethereum Roadmap With Some Major Changes,news,200,Indexable,2040,259,0,0,,,0,0,yes,delete,high,P1,no_signal
https://coincu.com/vitalik-buterin-polygon-praise-shib-donation/,Vitalik Buterin Lauds Polygon's Role in Ethereum Ecosystem,Vitalik Buterin Lauds Polygon’s Role in Ethereum Ecosystem,news,200,Indexable,2133,115,0,0,,,0,0,yes,delete,high,P1,no_signal
https://coincu.com/vitalik-buterin-predicts-meta-metaverse/,"Vitalik Buterin Predicts That The Facebook Metaverse ""Will Misfire""",Vitalik Buterin Predicts That The Facebook Metaverse “Will Misfire”,news,200,Indexable,1974,110,0,0,,,0,0,yes,delete,high,P1,no_signal
https://coincu.com/vitalik-buterin-rare-sells-500-mkr-for-350-eth/,Vitalik Buterin Rare Move: Sells 500 MKR For 350 ETH On CoWswap,Vitalik Buterin Rare Move: Sells 500 MKR For 350 ETH On CoWswap,news,200,Indexable,1985,145,0,0,,,0,0,yes,delete,high,P1,no_signal
https://coincu.com/vitalik-buterin-recently-deposited-2-09m-strk/,Vitalik Buterin Recently Deposited 2.09M STRK on Binance,Vitalik Buterin Recently Deposited 2.09M STRK on Binance,news,200,Indexable,1986,148,0,0,,,0,0,yes,delete,high,P1,no_signal
https://coincu.com/vitalik-buterin-researches-solution/,Vitalik Buterin Researches Solution For Privacy In Ethereum,Vitalik Buterin Researches Solution For Privacy In Ethereum,news,200,Indexable,2488,143,0,0,,,0,0,yes,delete,high,P1,no_signal
https://coincu.com/vitalik-buterin-says-ethereum-should/,"Vitalik Buterin Says Ethereum Should Scale Bandwidth, Not Speed","Vitalik Buterin Says Ethereum Should Scale Bandwidth, Not Speed",news,200,Indexable,2100,157,0,0,,,0,0,yes,delete,high,P1,no_signal
https://coincu.com/vitalik-buterin-second-kind-fraud/,Vitalik Buterin: 'The Second Kind Of Fraud Cuts Deeper Than The First',Vitalik Buterin: ‘The Second Kind Of Fraud Cuts Deeper Than The First’,news,200,Indexable,1997,152,0,0,,,0,0,yes,delete,high,P1,no_signal
https://coincu.com/vitalik-buterin-slams-us-crypto-policy/,Vitalik Buterin Slams US Crypto Policy And Stands with Attacked Projects,Vitalik Buterin Slams US Crypto Policy And Stands with Attacked Projects,news,200,Indexable,2250,202,0,0,,,0,0,yes,delete,high,P1,no_signal
https://coincu.com/vitalik-buterin-sold-eth-no-personal-gain-2018/,Vitalik Buterin Sold ETH: No Personal Gain from ETH Sales Since 2018!,Vitalik Buterin Sold ETH: No Personal Gain from ETH Sales Since 2018!,news,200,Indexable,2148,193,0,0,,,0,0,yes,delete,high,P1,no_signal
https://coincu.com/vitalik-buterin-solu-eth-holders-challenges/,Vitalik Buterin Announcing 3 Solutions Regarding ETH Holder's Challenges With RAI,Vitalik Buterin Announcing 3 Solutions Regarding ETH Holder’s Challenges With RAI,news,200,Indexable,2194,167,0,0,,,0,0,yes,delete,high,P1,no_signal
https://coincu.com/vitalik-buterin-something-important-happen/,"Vitalik Buterin Says ""Something Important Is About To Happen""",Vitalik Buterin Says “Something Important Is About To Happen”,news,200,Indexable,2127,108,0,0,,,0,0,yes,delete,high,P1,no_signal
https://coincu.com/vitalik-buterin-talks-against-transferable/,Vitalik Buterin Talks Against Transferable Governance,Vitalik Buterin Talks Against Transferable Governance,news,200,Indexable,2114,153,0,0,,,0,0,yes,delete,high,P1,no_signal
https://coincu.com/vitalik-buterin-terra-luna/,Vitalik Buterin: Terra LUNA Was Just Fundamentally Bad Economics,Vitalik Buterin: Terra LUNA Was Just Fundamentally Bad Economics,news,200,Indexable,2192,153,0,0,,,0,0,yes,delete,high,P1,no_signal
https://coincu.com/vitalik-buterin-three-significant-crypto/,Vitalik Buterin “Reveals” Three Significant Crypto Prospects In 2023,Vitalik Buterin “Reveals” Three Significant Crypto Prospects In 2023,news,200,Indexable,2150,152,0,0,,,0,0,yes,delete,high,P1,no_signal
https://coincu.com/vitalik-buterin-transfers-3-12-million-eth/,Vitalik Buterin Transfers $3.12 Million ETH to the Exchange Amid Market Decline,Vitalik Buterin Transfers $3.12 Million ETH to the Exchange Amid Market Decline,news,200,Indexable,2161,98,0,0,,,0,0,yes,delete,high,P1,no_signal
https://coincu.com/vitalik-buterin-transfers-600-eth-to-coinbase/,"Vitalik Buterin Transfers 600 Ethereum to Coinbase, Shaking Markets","Vitalik Buterin Transfers 600 Ethereum to Coinbase, Shaking Markets",news,200,Indexable,2078,149,0,0,,,0,0,yes,delete,high,P1,no_signal
https://coincu.com/vitalik-buterin-transfers-across-layer-2-network/,Vitalik Buterin Advocates for Decentralized Protocol for Asset Transfers Across Layer 2 Network,Vitalik Buterin Advocates for Decentralized Protocol for Asset Transfers Across Layer 2 Network,news,200,Indexable,2199,173,0,0,,,0,0,yes,delete,high,P1,no_signal
https://coincu.com/vitalik-buterin-unleashes-ordinals-and-brc-20/,Vitalik Buterin Unleashes Ordinals and BRC-20 Tokens Against Bitcoin's Stagnation,Vitalik Buterin Unleashes Ordinals and BRC-20 Tokens Against Bitcoin’s Stagnation,news,200,Indexable,2259,150,0,0,,,0,0,yes,delete,high,P1,no_signal
https://coincu.com/vitalik-buterin-unveils-ethereum-consensus/,Vitalik Buterin Unveils Ethereum Consensus Limitations,Vitalik Buterin Unveils Ethereum Consensus Limitations,news,200,Indexable,2275,232,0,0,,,0,0,yes,delete,high,P1,no_signal
https://coincu.com/vitalik-buterin-unveils-ethereum-feature/,Vitalik Buterin Unveils New Ethereum Feature,Vitalik Buterin Unveils New Ethereum Feature,news,200,Indexable,2074,156,0,0,,,0,0,yes,delete,high,P1,no_signal
https://coincu.com/vitalik-buterin-unveils-ethereum-purge-protocol/,Vitalik Buterin Unveils Ethereum 'Purge' Strategy to Simplify Protocol and Boost Security!,Vitalik Buterin Unveils Ethereum ‘Purge’ Strategy to Simplify Protocol and Boost Security!,news,200,Indexable,2157,150,0,0,,,0,0,yes,delete,high,P1,no_signal
https://coincu.com/vitalik-buterin-urges-algorithm-transparency-to-defend-free-speech/,Vitalik Buterin Urges Algorithm Transparency to Defend Free Speech,Vitalik Buterin Urges Algorithm Transparency to Defend Free Speech,news,200,Indexable,2086,156,0,0,,,0,0,yes,delete,high,P1,no_signal
https://coincu.com/vitalik-buterin-zk-rollups-ethereum-scaling/,Vitalik Buterin: ZK-Rollups Will Soon Beat Optimistic In The Ethereum Scaling War,Vitalik Buterin: ZK-Rollups Will Soon Beat Optimistic In The Ethereum Scaling War,news,200,Indexable,1980,152,0,0,,,0,0,yes,delete,high,P1,no_signal
https://coincu.com/vitalik-buterin/,Vitalik Buterin,Vitalik Buterin,news,200,Indexable,2287,216,0,0,,,0,0,yes,delete,high,P1,no_signal
https://coincu.com/vitalik-buterins-view-on-privacy-amid-concerns/,Vitalik Buterin's View On Privacy Amid Global Facial Recognition Concerns,Vitalik Buterin’s View On Privacy Amid Global Facial Recognition Concerns,news,200,Indexable,2082,95,0,0,,,0,0,yes,delete,high,P1,no_signal
https://coincu.com/vitalik-buterins-x-account-suspected-of-hacked/,Vitalik Buterin's X Account Suspected Of Being Hacked And Posting Phishing Links 1,Vitalik Buterin’s X Account Suspected Of Being Hacked And Posting Phishing Links,news,200,Indexable,2120,166,0,0,,,0,0,yes,delete,high,P1,no_signal
https://coincu.com/vitalik-coinbase-transfer-another-400-eth/,Vitalik Coinbase Transfer: Another 400 ETH ($0.63M) Now Moves To Coinbase,Vitalik Coinbase Transfer: Another 400 ETH ($0.63M) Now Moves To Coinbase,news,200,Indexable,2061,145,0,0,,,0,0,yes,delete,high,P1,no_signal
https://coincu.com/vitalik-endorses-reddits-bold-contributor/,Vitalik Endorses Reddit's Bold Contributor Revolution Unveiled on Warpcast!,Vitalik Endorses Reddit’s Bold Contributor Revolution Unveiled on Warpcast!,news,200,Indexable,2194,111,0,0,,,0,0,yes,delete,high,P1,no_signal
https://coincu.com/vitalik-envisions-mars-layer-2-in-the-zk-tech/,Vitalik Envisions Mars Layer 2 in the ZK Technology Era,Vitalik Envisions Mars Layer 2 in the ZK Technology Era,news,200,Indexable,2210,155,0,0,,,0,0,yes,delete,high,P1,no_signal
https://coincu.com/vitalik-eth-bridges-32e-with-patron-nfts-minted/,Vitalik.eth Bridges 32 ETH To Base With Patron NFTs Minted,Vitalik.eth Bridges 32 ETH To Base With Patron NFTs Minted,news,200,Indexable,2014,154,0,0,,,0,0,yes,delete,high,P1,no_signal
https://coincu.com/vitalik-ethereum-enshrinement-complex-tradeoff/,Vitalik Ethereum Enshrinement: The Risky And Complex Tradeoff In Protocol,Vitalik Ethereum Enshrinement: The Risky And Complex Tradeoff In Protocol,news,200,Indexable,2039,131,0,0,,,0,0,yes,delete,high,P1,no_signal
https://coincu.com/vitalik-ethereum-foundation-streamline-operations-reduce-eth-sales/,Vitalik Says Ethereum Foundation Will Streamline Operations and Reduce ETH Sales,Vitalik Says Ethereum Foundation Will Streamline Operations and Reduce ETH Sales,news,200,Indexable,2507,175,0,0,,,0,0,yes,delete,high,P1,no_signal
https://coincu.com/vitalik-goals-to-ethereum-splurge-phase/,Vitalik Reveals Bold New Goals to Revolutionize Ethereum Splurge Phase,Vitalik Reveals Bold New Goals to Revolutionize Ethereum Splurge Phase,news,200,Indexable,2130,158,0,0,,,0,0,yes,delete,high,P1,no_signal
https://coincu.com/vitalik-interests-5-things-eth-ecosystem/,Vitalik Interests These 5 Essential Things Of The ETH Application Ecosystem,Vitalik Interests These 5 Essential Things Of The ETH Application Ecosystem,news,200,Indexable,2474,291,0,0,,,0,0,yes,delete,high,P1,no_signal
https://coincu.com/vitalik-rarimo-freedom-tool-voting-russia/,Vitalik Introduces Rarimo Freedom Tool For Voting Citizens In Russia,Vitalik Introduces Rarimo Freedom Tool For Voting Citizens In Russia,news,200,Indexable,2073,177,0,0,,,0,0,yes,delete,high,P1,no_signal
https://coincu.com/vitalik-returns-251000-rai-on-maker/,"Vitalik Returns 251,000 RAI on Maker, Details Inside!","Vitalik Returns 251,000 RAI on Maker, Details Inside!",news,200,Indexable,2070,91,0,0,,,0,0,yes,delete,high,P1,no_signal
https://coincu.com/vitalik-reveals-the-beautiful-vision/,Vitalik Reveals The Beautiful Vision Of Cryptocurrency In 2023 And More,Vitalik Reveals The Beautiful Vision Of Cryptocurrency In 2023 And More,news,200,Indexable,2123,157,0,0,,,0,0,yes,delete,high,P1,no_signal
https://coincu.com/vitalik-unleashes-powerful-ethereum-upgrades/,"Vitalik Unleashes Powerful Ethereum Upgrades, Finality and Staking Simplified!","Vitalik Unleashes Powerful Ethereum Upgrades, Finality and Staking Simplified!",news,200,Indexable,2142,145,0,0,,,0,0,yes,delete,high,P1,no_signal
https://coincu.com/vitaliks-tech-future-outlook-ai-unique-careful/,Vitalik's Tech Future Outlook: AI Launch Is Worth Being Uniquely Careful,Vitalik’s Tech Future Outlook: AI Launch Is Worth Being Uniquely Careful,news,200,Indexable,2120,236,0,0,,,0,0,yes,delete,high,P1,no_signal
https://coincu.com/vivek-ramaswamy-bitcoin-in-us-politics/,Breaking News: Vivek Ramaswamy Paves The Way For Bitcoin In US Politics!,Breaking News: Vivek Ramaswamy Paves The Way For Bitcoin In US Politics!,news,200,Indexable,2221,170,0,0,,,0,0,yes,delete,high,P1,no_signal
https://coincu.com/volatility-shares-leveraged-ethereum-etf/,Volatility Shares Leveraged Ethereum ETF Now Launched,Volatility Shares Leveraged Ethereum ETF Now Launched,news,200,Indexable,2079,111,0,0,,,0,0,yes,delete,high,P1,no_signal
https://coincu.com/volatility-shares-solana-etfs/,Volatility Shares Solana ETFs With Up To 2x Leverage Proposed With SEC,Volatility Shares Solana ETFs With Up To 2x Leverage Proposed With SEC,news,200,Indexable,2059,129,0,0,,,0,0,yes,delete,high,P1,no_signal
https://coincu.com/voldex-completes-a-round-of-investment/,Game Studio Voldex Completes A Round Of Investment Led By a16z,Game Studio Voldex Completes A Round Of Investment Led By a16z,news,200,Indexable,2078,94,0,0,,,0,0,yes,delete,high,P1,no_signal
https://coincu.com/voters-four-swing-states-own-digital-assets/,Nearly One In Five Voters Across Four Swing States Own Digital Assets,Nearly One In Five Voters Across Four Swing States Own Digital Assets,news,200,Indexable,2077,160,0,0,,,0,0,yes,delete,high,P1,no_signal
https://coincu.com/voyager-allowed-1-6m-to-retain-employees/,Voyager Allowed $1.6M To Retain Employees,Voyager Allowed $1.6M To Retain Employees,news,200,Indexable,2072,158,0,0,,,0,0,yes,delete,high,P1,no_signal
https://coincu.com/voyager-approved-return-270m-to-customers/,Voyager Approved By Court To Return $270 Million To Customers,Voyager Approved By Court To Return $270 Million To Customers,news,200,Indexable,2060,158,0,0,,,0,0,yes,delete,high,P1,no_signal
https://coincu.com/voyager-ask-court-350m-customer-withdrawals/,Voyager Asks Bankruptcy Court To Handle Over $350M In Customer Withdrawals,Voyager Asks Bankruptcy Court To Handle Over $350M In Customer Withdrawals,news,200,Indexable,2007,143,0,0,,,0,0,yes,delete,high,P1,no_signal
https://coincu.com/voyager-bankruptcy-alameda-research-1-cause/,"Voyager Bankruptcy, Alameda Research Borrows $377M Is One Cause","Voyager Bankruptcy, Alameda Research Borrows $377M Is One Cause",news,200,Indexable,2013,156,0,0,,,0,0,yes,delete,high,P1,no_signal
https://coincu.com/voyager-cfo-resigned-pursue-opportunity/,Voyager CFO Resigned To Pursue Another Opportunity,Voyager CFO Resigned To Pursue Another Opportunity,news,200,Indexable,1911,155,0,0,,,0,0,yes,delete,high,P1,no_signal
https://coincu.com/voyager-cheated-customers-insurance/,"Voyager Cheated Customers With $250,000 Insurance From FDIC","Voyager Cheated Customers With $250,000 Insurance From FDIC",news,200,Indexable,2239,157,0,0,,,0,0,yes,delete,high,P1,no_signal
https://coincu.com/voyager-creditors-may-be-optimistic/,Voyager Creditors May Be Optimistic With Refunds In Next Weeks,Voyager Creditors May Be Optimistic With Refunds In Next Weeks,news,200,Indexable,2148,98,0,0,,,0,0,yes,delete,high,P1,no_signal
https://coincu.com/voyager-crypto-exchange-to-pay-1-1m-legal-fees/,Breaking: Voyager Crypto Exchange to Pay $1.1M in Legal Fees!,Breaking: Voyager Crypto Exchange to Pay $1.1M in Legal Fees!,news,200,Indexable,2148,148,0,0,,,0,0,yes,delete,high,P1,no_signal
https://coincu.com/voyager-customers-can-recover-72-of-frozen/,Voyager Customers Can Recover 72% Of Frozen Cryptocurrencies If Sale Deal To FTX US Is Made,Voyager Customers Can Recover 72% Of Frozen Cryptocurrencies If Sale Deal To FTX US Is Made,news,200,Indexable,2099,153,0,0,,,0,0,yes,delete,high,P1,no_signal
https://coincu.com/voyager-digital-and-binance-us-preliminary/,Voyager Digital And Binance.US Acquisition Received Preliminary Approval Amidst National Security Investigation,Voyager Digital And Binance.US Acquisition Received Preliminary Approval Amidst National Security Investigation,news,200,Indexable,2462,151,0,0,,,0,0,yes,delete,high,P1,no_signal
https://coincu.com/voyager-digital-cash-crypto-creditor/,Voyager Digital: Expect Some Cash Or Crypto Back For The Creditor Reimbursement Plan,Voyager Digital: Expect Some Cash Or Crypto Back For The Creditor Reimbursement Plan,news,200,Indexable,2123,75,0,0,,,0,0,yes,delete,high,P1,no_signal
https://coincu.com/voyager-digital-creditors-deny-alamedas/,Voyager Digital Creditors Deny Alameda's Request For $446 Million,Voyager Digital Creditors Deny Alameda’s Request For $446 Million,news,200,Indexable,2070,258,0,0,,,0,0,yes,delete,high,P1,no_signal
https://coincu.com/voyager-digital-files-for-bankruptcy/,Voyager Digital Files For Bankruptcy,Voyager Digital Files For Bankruptcy,news,200,Indexable,2315,158,0,0,,,0,0,yes,delete,high,P1,no_signal
https://coincu.com/voyager-digital-provide-update/,Voyager Digital Provide Update On Reorganization Plan,Voyager Digital Provide Update On Reorganization Plan,news,200,Indexable,2018,147,0,0,,,0,0,yes,delete,high,P1,no_signal
https://coincu.com/voyager-digital-suspends-trading/,"Voyager Digital Suspends Trading, Sediments, And Withdrawals","Voyager Digital Suspends Trading, Sediments, And Withdrawals",news,200,Indexable,2160,157,0,0,,,0,0,yes,delete,high,P1,no_signal
https://coincu.com/voyager-digital-users-compensation-june-1/,Voyager Digital Users Expect To Receive Initial Compensation Before June 1,Voyager Digital Users Expect To Receive Initial Compensation Before June 1,news,200,Indexable,2116,158,0,0,,,0,0,yes,delete,high,P1,no_signal
https://coincu.com/voyager-digital-will-undertake-september-13/,Voyager Digital Will Undertake An Asset Auction On September 13 After Declaring Bankruptcy,Voyager Digital Will Undertake An Asset Auction On September 13 After Declaring Bankruptcy,news,200,Indexable,2128,147,0,0,,,0,0,yes,delete,high,P1,no_signal
https://coincu.com/voyager-digitals-creditor-asked-for-trustee/,Voyager Digital's Creditor Asked For A New Trustee Due To Fraud Concerns,Voyager Digital’s Creditor Asked For A New Trustee Due To Fraud Concerns,news,200,Indexable,2212,160,0,0,,,0,0,yes,delete,high,P1,no_signal
https://coincu.com/voyager-looks-for-strategic-alternatives/,"Voyager Looks For ""Strategic Alternatives"", After Pausing Withdrawals","Voyager Looks For “Strategic Alternatives”, After Pausing Withdrawals",news,200,Indexable,2019,154,0,0,,,0,0,yes,delete,high,P1,no_signal
https://coincu.com/voyager-no-assets-transferred-to-ftx/,Voyager Claims No Assets Transferred To FTX,Voyager Claims No Assets Transferred To FTX,news,200,Indexable,1927,157,0,0,,,0,0,yes,delete,high,P1,no_signal
https://coincu.com/voyager-objects-to-sec-judgment/,Voyager Objects To SEC Judgment Claims VGX Token Is Security As $1.02 Billion Binance's Deal,Voyager Objects To SEC Judgment Claims VGX Token Is Security As $1.02 Billion Binance’s Deal,news,200,Indexable,2270,149,0,0,,,0,0,yes,delete,high,P1,no_signal
https://coincu.com/voyager-recover-user-money-binance-us/,Voyager Digital Plans To Recover User Money Through Binance.US Accounts,Voyager Digital Plans To Recover User Money Through Binance.US Accounts,news,200,Indexable,2156,157,0,0,,,0,0,yes,delete,high,P1,no_signal
https://coincu.com/voyager-rejects-alamedas-proposal-buy-back/,"Voyager Rejects Alameda's Buy Back Proposal Because It ""May Harm Customers""",Voyager Rejects Alameda’s Buy Back Proposal Because It “May Harm Customers”,news,200,Indexable,2135,157,0,0,,,0,0,yes,delete,high,P1,no_signal
https://coincu.com/voyager-sent-30-88-million-to-coinbase/,Voyager Sent 30.88 Million Encrypted Assets To Coinbase,Voyager Sent 30.88 Million Encrypted Assets To Coinbase,news,200,Indexable,2053,157,0,0,,,0,0,yes,delete,high,P1,no_signal
https://coincu.com/voyager-supports-users-to-transfer-crypto/,Voyager Supports Users To Transfer Crypto After Platform Reopen In 30 Days,Voyager Supports Users To Transfer Crypto After Platform Reopen In 30 Days,news,200,Indexable,2198,168,0,0,,,0,0,yes,delete,high,P1,no_signal
https://coincu.com/voyager-to-binance-us-approved-by-the-doj/,Billions Dollars Deal Of Voyager To Binance.US Has Been Approved By The DOJ,Billions Dollars Deal Of Voyager To Binance.US Has Been Approved By The DOJ,news,200,Indexable,2065,163,0,0,,,0,0,yes,delete,high,P1,no_signal
https://coincu.com/voyager-token-1289-million-usdc-circle-usd/,Voyager Concludes Token Sale: Transfers 12.89 Million USDC To Circle For USD,Voyager Concludes Token Sale: Transfers 12.89 Million USDC To Circle For USD,news,200,Indexable,2024,180,0,0,,,0,0,yes,delete,high,P1,no_signal
https://coincu.com/voyager-token-soars-70/,Voyager Token Soars 70% As Binance US Bid Purchase The Crypto Lender,Voyager Token Soars 70% As Binance US Bid Purchase The Crypto Lender,news,200,Indexable,1976,182,0,0,,,0,0,yes,delete,high,P1,no_signal
https://coincu.com/voyager-two-options-recovery-assets-1-334b/,Voyager Offers Customers Two Options For Recovery Of Assets Worth $1.334B,Voyager Offers Customers Two Options For Recovery Of Assets Worth $1.334B,news,200,Indexable,2110,106,0,0,,,0,0,yes,delete,high,P1,no_signal
https://coincu.com/voyager-ucc-determine-asset-pricing/,Voyager UCC Will Determine The Company' Asset Pricing Set For Early March 2023,Voyager UCC Will Determine The Company’ Asset Pricing Set For Early March 2023,news,200,Indexable,2161,234,0,0,,,0,0,yes,delete,high,P1,no_signal
https://coincu.com/voyager-unloads-assets-on-coinbase-for-4-days/,"Voyager Unloads Assets on Coinbase for 4 Days, Igniting Speculation","Voyager Unloads Assets on Coinbase for 4 Days, Igniting Speculation",news,200,Indexable,2133,65,0,0,,,0,0,yes,delete,high,P1,no_signal
https://coincu.com/voyager-unsecured-creditors-sbf-witness/,Voyager Unsecured Creditors Committee Requests SBF Remote Witness Feb 23,Voyager Unsecured Creditors Committee Requests SBF Remote Witness Feb 23,news,200,Indexable,2046,213,0,0,,,0,0,yes,delete,high,P1,no_signal
https://coincu.com/voyager-users-are-unlikely-to-recover/,Voyager Users Are Unlikely To Recover 100% Of Their Investment.,Voyager Users Are Unlikely To Recover 100% Of Their Investment.,news,200,Indexable,2019,134,0,0,,,0,0,yes,delete,high,P1,no_signal
https://coincu.com/voyager-users-withdraw-35-cryptocurrency/,Voyager Allows Users To Withdraw Within 35% Cryptocurrency Limit This Month,Voyager Allows Users To Withdraw Within 35% Cryptocurrency Limit This Month,news,200,Indexable,2141,175,0,0,,,0,0,yes,delete,high,P1,no_signal
https://coincu.com/voyager-withdrawing-final-tokens-to-compensation/,Voyager Withdrawing Final Tokens To Switch To Fiat Compensation - Coincu - Latest Cryptocurrency News and Analysis 1,Voyager Withdrawing Final Tokens To Switch To Fiat Compensation,news,200,Indexable,2033,127,0,0,,,0,0,yes,delete,high,P1,no_signal
https://coincu.com/voyager-witnesses-250m-net-asset-outflow-post/,Voyager Witnesses $250M Net Asset Outflow Post Withdrawal Restart,Voyager Witnesses $250M Net Asset Outflow Post Withdrawal Restart,news,200,Indexable,2201,137,0,0,,,0,0,yes,delete,high,P1,no_signal
https://coincu.com/voyager-wont-sue-its-executives/,Voyager Won't Sue Its Executives Who Approved A Risky Loan To 3AC,Voyager Won’t Sue Its Executives Who Approved A Risky Loan To 3AC,news,200,Indexable,2195,152,0,0,,,0,0,yes,delete,high,P1,no_signal
https://coincu.com/voyagers-bankruptcy-revealed-secrets-sbf/,Voyager's Bankruptcy Filing Revealed The Secrets Of Sam Bankman-Fried?,Voyager’s Bankruptcy Filing Revealed The Secrets Of Sam Bankman-Fried?,news,200,Indexable,2133,149,0,0,,,0,0,yes,delete,high,P1,no_signal
https://coincu.com/voyagers-creditors-reach-agreement/,Voyager's Creditors Now Reach A Settlement Agreement With FTX/Alameda,Voyager’s Creditors Now Reach A Settlement Agreement With FTX/Alameda,news,200,Indexable,2153,150,0,0,,,0,0,yes,delete,high,P1,no_signal
https://coincu.com/voyagers-massive-crypto-move-usdc/,Voyager's Massive Crypto Move: Exchange Transfer And USDC Withdrawal!,Voyager’s Massive Crypto Move: Exchange Transfer And USDC Withdrawal!,news,200,Indexable,2206,156,0,0,,,0,0,yes,delete,high,P1,no_signal
https://coincu.com/voyagers-plan-removes-lending-platform/,"Voyager's ""Alternative"" Restructuring Plan Removes Lending Platform",Voyager’s “Alternative” Restructuring Plan Removes Lending Platform,news,200,Indexable,2063,155,0,0,,,0,0,yes,delete,high,P1,no_signal
https://coincu.com/vrrb-labs-raises-1-4-million/,VRRB Labs Raises $1.4 Million In Pre-seed Round To Launch Decentralized Protocol,VRRB Labs Raises $1.4 Million In Pre-seed Round To Launch Decentralized Protocol,news,200,Indexable,2144,86,0,0,,,0,0,yes,delete,high,P1,no_signal
https://coincu.com/vulnerability-avalanche-to-lose-24-million/,An Ethereum Core Dev Discovered Vulnerability That Could Cause Avalanche To Lose $24 Million,An Ethereum Core Dev Discovered Vulnerability That Could Cause Avalanche To Lose $24 Million,news,200,Indexable,2015,153,0,0,,,0,0,yes,delete,high,P1,no_signal
https://coincu.com/vyper-copycat-attack-hits-bnb-smart-chain-73k/,"Devastating Vyper Copycat Attack Hits BNB Smart Chain, $73K Exploited!","Devastating Vyper Copycat Attack Hits BNB Smart Chain, $73K Exploited!",news,200,Indexable,2150,149,0,0,,,0,0,yes,delete,high,P1,no_signal
https://coincu.com/wall-street-crypto-to-win-more-battles-with-sec/,Wall Street Crypto Is Poised To Win More Battles With SEC: Report,Wall Street Crypto Is Poised To Win More Battles With SEC: Report,news,200,Indexable,2102,148,0,0,,,0,0,yes,delete,high,P1,no_signal
https://coincu.com/wall-street-eyes-ethereum-spot-etf-bets-eth-13-6/,Wall Street Eyes Ethereum: Spot ETF Bets Boost ETH 13.6%,Wall Street Eyes Ethereum: Spot ETF Bets Boost ETH 13.6%,news,200,Indexable,2077,169,0,0,,,0,0,yes,delete,high,P1,no_signal
https://coincu.com/wall-street-pepe-eyes-binance-why-pepeto-could-be-the-next-memecoin-phenomenon/,Wall Street Pepe Eyes Binance: Why Pepeto Could Be the Next Memecoin Phenomenon,Wall Street Pepe Eyes Binance: Why Pepeto Could Be the Next Memecoin Phenomenon,news,200,Indexable,2267,115,0,0,,,0,0,yes,delete,high,P1,no_signal
https://coincu.com/wall-street-pepe-is-gone-pepeto-leads-the-next-100x-memecoin-surge-toward-binance/,Wall Street Pepe Is Gone—Pepeto Leads the Next 100x Memecoin Surge Toward Binance!,Wall Street Pepe Is Gone—Pepeto Leads the Next 100x Memecoin Surge Toward Binance!,news,200,Indexable,2204,101,0,0,,,0,0,yes,delete,high,P1,no_signal
https://coincu.com/wall-street-private-equity-tokenization-on/,Wall Street Giants Test Private Equity Tokenization On Blockchain,Wall Street Giants Test Private Equity Tokenization On Blockchain,news,200,Indexable,2051,143,0,0,,,0,0,yes,delete,high,P1,no_signal
https://coincu.com/wall-street-support-empowers-ethereum/,Wall Street Support Empowers Ethereum Despite Bitcoin's Dominance,Wall Street Support Empowers Ethereum Despite Bitcoin’s Dominance,news,200,Indexable,2207,120,0,0,,,0,0,yes,delete,high,P1,no_signal
https://coincu.com/wall-street-surges-ahead-crypto-spot-etf-launch/,Wall Street Surges Ahead with Exciting Crypto Spot ETF Launch,Wall Street Surges Ahead with Exciting Crypto Spot ETF Launch,news,200,Indexable,2179,140,0,0,,,0,0,yes,delete,high,P1,no_signal
https://coincu.com/wall-street-trump-economic-policy/,Wall Street Leaders Withdraw Support for Trump's Economic Policies,Wall Street Leaders Withdraw Support for Trump’s Economic Policies,news,200,Indexable,2038,121,0,0,,,0,0,yes,delete,high,P1,no_signal
https://coincu.com/wallitiq-wltq-is-the-crypto-sleeper-pick-of-the-decade-heres-why-legendary-billionaire-whales-are-betting-big/,WallitIQ (WLTQ) Is The Crypto Sleeper Pick Of The Decade Here's Why Legendary Billionaire Whales Are Betting Big!,WallitIQ (WLTQ) Is The Crypto Sleeper Pick Of The Decade Here’s Why Legendary Billionaire Whales Are Betting Big!,news,200,Indexable,2489,127,0,0,,,0,0,yes,delete,high,P1,no_signal
https://coincu.com/wallstreetbets-meme-coin-plummets/,WallStreetBets Meme Coin Plummets 90% As Insider Alleged Rugpull,WallStreetBets Meme Coin Plummets 90% As Insider Alleged Rugpull,news,200,Indexable,2356,150,0,0,,,0,0,yes,delete,high,P1,no_signal
https://coincu.com/want-the-floki-ico-gains-btfd-coin-is-the-opportunity-youve-been-waiting-for/,Want the Floki ICO Gains? BTFD Coin Is the Opportunity You’ve Been Waiting For,Want the Floki ICO Gains? BTFD Coin Is the Opportunity You’ve Been Waiting For,news,200,Indexable,2615,208,0,0,,,0,0,yes,delete,high,P1,no_signal
https://coincu.com/warden-announces-the-artificial-intelligence-blockchain-interface-aibi/,Warden announces the Artificial Intelligence Blockchain Interface (AIBI),Warden announces the Artificial Intelligence Blockchain Interface (AIBI),news,200,Indexable,2163,60,0,0,,,0,0,yes,delete,high,P1,no_signal
https://coincu.com/warner-bros-launch-lord-of-the-rings-nfts/,Warner Bros Partners With Blockchain Company Eluvio To Launch ‘Lord Of The Rings’ NFTs,Warner Bros Partners With Blockchain Company Eluvio To Launch ‘Lord Of The Rings’ NFTs,news,200,Indexable,2056,186,0,0,,,0,0,yes,delete,high,P1,no_signal
https://coincu.com/warner-music-group-partner-opensea/,Warner Music Group Partners With OpenSea To Expand Web3 Opportunities For Artists,Warner Music Group Partners With OpenSea To Expand Web3 Opportunities For Artists,news,200,Indexable,1978,150,0,0,,,0,0,yes,delete,high,P1,no_signal
https://coincu.com/warner-music-group-promote-metaverse/,Warner Music Group Looking For Employees To Promote Metaverse Field,Warner Music Group Looking For Employees To Promote Metaverse Field,news,200,Indexable,1907,119,0,0,,,0,0,yes,delete,high,P1,no_signal
https://coincu.com/warner-music-partners-with-polygon/,Warner Music Partners With Polygon To Support Web3 Music Projects,Warner Music Partners With Polygon To Support Web3 Music Projects,news,200,Indexable,2054,112,0,0,,,0,0,yes,delete,high,P1,no_signal
https://coincu.com/warren-buffett-backed-nubank-has-1-million/,Warren Buffett-Backed Nubank Has 1 Million Cryptocurrency Users,Warren Buffett-Backed Nubank Has 1 Million Cryptocurrency Users,news,200,Indexable,2174,145,0,0,,,0,0,yes,delete,high,P1,no_signal
https://coincu.com/warren-buffett-still-has-bitcoin-tron-ceo/,"Warren Buffett Still Has Bitcoin, According To The Tron CEO","Warren Buffett Still Has Bitcoin, According To The Tron CEO",news,200,Indexable,2155,124,0,0,,,0,0,yes,delete,high,P1,no_signal
https://coincu.com/warren-champions-crusade-crypto-criminals/,Warren Champions Uniting Crusade Against Crypto Criminals,Warren Champions Uniting Crusade Against Crypto Criminals,news,200,Indexable,2229,138,0,0,,,0,0,yes,delete,high,P1,no_signal
https://coincu.com/warren-davidson-bill-to-remove-gary-gensler/,Warren Davidson Officially Introduces Bill To Remove Gary Gensler,Warren Davidson Officially Introduces Bill To Remove Gary Gensler,news,200,Indexable,2160,222,0,0,,,0,0,yes,delete,high,P1,no_signal
https://coincu.com/warren-davidson-challenges-sec-chair/,Rep. Warren Davidson Challenges SEC Chair Following Grayscale's Victory,Rep. Warren Davidson Challenges SEC Chair Following Grayscale’s Victory,news,200,Indexable,2131,98,0,0,,,0,0,yes,delete,high,P1,no_signal
https://coincu.com/warren-introduced-anti-money-laundering/,"US Senators Warren, Marshall Introduced Digital Asset Anti-Money Laundering Act","US Senators Warren, Marshall Introduced Digital Asset Anti-Money Laundering Act",news,200,Indexable,2043,192,0,0,,,0,0,yes,delete,high,P1,no_signal
https://coincu.com/warsaw-stock-exchange-launches-first/,Warsaw Stock Exchange Launches First Bitcoin ETF in Europe,Warsaw Stock Exchange Launches First Bitcoin ETF in Europe,news,200,Indexable,2036,172,0,0,,,0,0,yes,delete,high,P1,no_signal
https://coincu.com/warsh-fed-chair-nomination-market/,"Kevin Warsh Nominated for Fed Chair, Markets Anticipate Changes","Kevin Warsh Nominated for Fed Chair, Markets Anticipate Changes",news,200,Indexable,2152,128,0,0,,,0,0,yes,delete,high,P1,no_signal
https://coincu.com/wasabi-protocol-final-user-compensation-plan-pending-security-incident/,Wasabi Protocol Says Final User Compensation Plan Still Pending After Security Incident,Wasabi Protocol Says Final User Compensation Plan Still Pending After Security Incident,news,200,Indexable,2609,168,0,0,,,0,0,yes,delete,high,P1,no_signal
https://coincu.com/wasabi-protocol-no-final-user-compensation-plan-security-response/,Wasabi Protocol Says No Final Compensation Plan in Security Response,Wasabi Protocol Says No Final Compensation Plan in Security Response,news,200,Indexable,2461,162,0,0,,,0,0,yes,delete,high,P1,no_signal
https://coincu.com/watchdog-worldcoin-project-biometric-data/,German Data Watchdog Investigates Worldcoin Project Over Biometric Data Concerns,German Data Watchdog Investigates Worldcoin Project Over Biometric Data Concerns,news,200,Indexable,2075,173,0,0,,,0,0,yes,delete,high,P1,no_signal
https://coincu.com/waters-disappointed-bankman-fried/,Maxine Waters Disappointed That Bankman-Fried Was Arrested Too Early,Maxine Waters Disappointed That Bankman-Fried Was Arrested Too Early,news,200,Indexable,2193,67,0,0,,,0,0,yes,delete,high,P1,no_signal
https://coincu.com/waves-denied-daxa-investment-risk-claims/,"WAVES Denied DAXA Investment Risk Claims, It Not Affected By USDN","WAVES Denied DAXA Investment Risk Claims, It Not Affected By USDN",news,200,Indexable,1985,173,0,0,,,0,0,yes,delete,high,P1,no_signal
https://coincu.com/waves-founder-launch-new-stablecoin/,Waves Founder To Launch New Stablecoin,Waves Founder To Launch New Stablecoin,news,200,Indexable,2326,157,0,0,,,0,0,yes,delete,high,P1,no_signal
https://coincu.com/waves-founder-releases-waves-20/,Waves Founder Releases Waves 2.0 Plan With New Stablecoin,Waves Founder Releases Waves 2.0 Plan With New Stablecoin,news,200,Indexable,2199,157,0,0,,,0,0,yes,delete,high,P1,no_signal
https://coincu.com/waves-labs-97-6-month-cyberattack-last-year/,Waves Labs Lost 97% Of Its Value In A 6-Month Cyberattack Last Year,Waves Labs Lost 97% Of Its Value In A 6-Month Cyberattack Last Year,news,200,Indexable,2067,76,0,0,,,0,0,yes,delete,high,P1,no_signal
https://coincu.com/waves-usdn-has-dropped-to-0-789-are-stablecoins-losing-value/,Waves USDN Has Dropped To $0.789. Are Stablecoins Losing Value?,Waves USDN Has Dropped To $0.789. Are Stablecoins Losing Value?,news,200,Indexable,1858,119,0,0,,,0,0,yes,delete,high,P1,no_signal
https://coincu.com/waves-was-accused-of-ponzi/,"Waves Was Accused Of ""Ponzi"" When USDN Continuously Depeg",Waves Was Accused Of “Ponzi” When USDN Continuously Depeg,news,200,Indexable,1874,398,0,0,,,0,0,yes,delete,high,P1,no_signal
https://coincu.com/way-network-trustless-transactions/,Way Network: Trustless Transactions To Enhance Security Against Attacks,Way Network: Trustless Transactions To Enhance Security Against Attacks,news,200,Indexable,3330,239,0,0,,,0,0,yes,delete,high,P1,no_signal
https://coincu.com/wazirx-allowed-to-reopen-banking/,WazirX Allowed To Reopen Banking After Account Freeze Lifted,WazirX Allowed To Reopen Banking After Account Freeze Lifted,news,200,Indexable,2088,155,0,0,,,0,0,yes,delete,high,P1,no_signal
https://coincu.com/wazirx-binance-580-78-million-wrx/,WazirX: Binance Controls 580.78 Million WRX Tokens,WazirX: Binance Controls 580.78 Million WRX Tokens,news,200,Indexable,2138,152,0,0,,,0,0,yes,delete,high,P1,no_signal
https://coincu.com/wazirx-collaborates-with-the-sandbox/,"WazirX Collaborates With The Sandbox To Launch ""Learn And Earn"" Campaign",WazirX Collaborates With The Sandbox To Launch “Learn And Earn” Campaign,news,200,Indexable,2085,202,0,0,,,0,0,yes,delete,high,P1,no_signal
https://coincu.com/wazirx-creditor-list-and-balance-snapshot/,Exciting Insights: WazirX Creditor List and Balance Snapshot Revealed,WazirX Creditor List and Balance Snapshot Unveiled,news,200,Indexable,2114,140,0,0,,,0,0,yes,delete,high,P1,no_signal
https://coincu.com/wazirx-cyber-attack-not-related-to-binance/,WazirX Cyber Attack And The Stolen Funds Are Not Related To Binance,WazirX Cyber Attack And The Stolen Funds Are Not Related To Binance,news,200,Indexable,2098,93,0,0,,,0,0,yes,delete,high,P1,no_signal
https://coincu.com/wazirx-cyber-attack-police-investigation/,WazirX Cyber Attack Sparks Major Police Investigation!,WazirX Cyber Attack Sparks Major Police Investigation!,news,200,Indexable,2171,125,0,0,,,0,0,yes,delete,high,P1,no_signal
https://coincu.com/wazirx-exchange-hack-update/,WazirX Exchange Hack Update: INR Withdrawals to be Opened in Phases,WazirX Exchange Hack Update: INR Withdrawals to be Opened in Phases,news,200,Indexable,2130,164,0,0,,,0,0,yes,delete,high,P1,no_signal
https://coincu.com/wazirx-hacked-230-million-stolen-shib-and-floki/,"WazirX Hacked: $230 Million Stolen, SHIB and FLOKI Worth Millions For Sale!","WazirX Hacked: $230 Million Stolen, SHIB and FLOKI Worth Millions For Sale!",news,200,Indexable,2233,125,0,0,,,0,0,yes,delete,high,P1,no_signal
https://coincu.com/wazirx-hacker-address-moves-crypto-to-tornado/,WazirX Hacker Address Moves $6.5M Stolen Crypto To Tornado,WazirX Hacker Address Moves $6.5M Stolen Crypto To Tornado,news,200,Indexable,2115,116,0,0,,,0,0,yes,delete,high,P1,no_signal
https://coincu.com/wazirx-lays-off-150-market-tax-policy/,WazirX Lays Off 150 Employees Due To Market Pressures and India's Harsh Tax Policy,WazirX Lays Off 150 Employees Due To Market Pressures and India’s Harsh Tax Policy,news,200,Indexable,2174,171,0,0,,,0,0,yes,delete,high,P1,no_signal
https://coincu.com/wazirx-recovery-token-launched/,WazirX Recovery Token Launched for Outstanding Debt Repayment,WazirX Recovery Token Launched for Outstanding Debt Repayment,news,200,Indexable,2107,109,0,0,,,0,0,yes,delete,high,P1,no_signal
https://coincu.com/wazirx-stolen-funds-payout-secures-85-recovery/,WazirX Stolen Funds Payout Secures 85% Recovery,WazirX Stolen Funds Payout Secures 85% Recovery,news,200,Indexable,2325,156,0,0,,,0,0,yes,delete,high,P1,no_signal
https://coincu.com/wazirx-withdrawal-management-poll/,WazirX Withdrawal Management Poll Faces Backlash Over Loss Distribution Plan,WazirX Withdrawal Management Poll Faces Backlash Over Loss Distribution Plan,news,200,Indexable,2165,147,0,0,,,0,0,yes,delete,high,P1,no_signal
https://coincu.com/wazirx-withdrawals-reopened-users-reaccess-funds/,WazirX Withdrawals Reopened: Users Can Now Reaccess Funds!,WazirX Withdrawals Reopened: Users Can Now Reaccess Funds!,news,200,Indexable,2169,114,0,0,,,0,0,yes,delete,high,P1,no_signal
https://coincu.com/wbs-dubai-2024-revolutionising-the-world-of-web3/,WBS Dubai 2024: Revolutionising the Digital World of Web3.0,WBS Dubai 2024: Revolutionising the Digital World of Web3.0,news,200,Indexable,2173,250,0,0,,,0,0,yes,delete,high,P1,no_signal
https://coincu.com/wbtc-dao-switches-new-multisig/,WBTC DAO Switches To A New Multisig Smart Contract To Replace FTX,WBTC DAO Switches To A New Multisig Smart Contract To Replace FTX,news,200,Indexable,2123,154,0,0,,,0,0,yes,delete,high,P1,no_signal
https://coincu.com/wbtc-depeg-due-to-incident-alameda-research/,"WBTC Depeg, Concerns Due To Incident Alameda Research","WBTC Depeg, Concerns Due To Incident Alameda Research",news,200,Indexable,2206,130,0,0,,,0,0,yes,delete,high,P1,no_signal
https://coincu.com/wcaroline-ellison-testify-against-sbf/,Will Caroline Ellison Testify Against Sam Bankman-Fried?,Will Caroline Ellison Testify Against Sam Bankman-Fried?,news,200,Indexable,2100,154,0,0,,,0,0,yes,delete,high,P1,no_signal
https://coincu.com/wct-token-launches-binance-backing-127m-staked/,WCT Token Launches With Binance Backing and 127M Staked,WCT Token Launches With Binance Backing and 127M Staked,news,200,Indexable,2547,147,0,0,,,0,0,yes,delete,high,P1,no_signal
https://coincu.com/we-are-now-in-a-crime-season-wf-co-founder/,"We Are Now in a ""Crime Season"", Says WF Co-Founder Andrei Grachev","We Are Now in a “Crime Season”, Says WF Co-Founder Andrei Grachev",news,200,Indexable,2166,141,0,0,,,0,0,yes,delete,high,P1,no_signal
https://coincu.com/wealth-management-firms-bitcoin-etf-holdings/,Wealth Management Firms' Bitcoin ETF Holdings Expected to Increase After Halving,Wealth Management Firms’ Bitcoin ETF Holdings Expected to Increase After Halving,news,200,Indexable,2091,138,0,0,,,0,0,yes,delete,high,P1,no_signal
https://coincu.com/web-3-0-saw-losses-of-over-718000000/,"Web 3.0 Saw Losses Of Over $718,000,000 In The Second Quarter Of This Year","Web 3.0 Saw Losses Of Over $718,000,000 In The Second Quarter Of This Year",news,200,Indexable,2158,158,0,0,,,0,0,yes,delete,high,P1,no_signal
https://coincu.com/web-3-ai-investors-continue-to-choose-dubai/,"Web 3 & AI Investors Continue to Choose Dubai as Their New Home in 2025, But Why?","Web 3 & AI Investors Continue to Choose Dubai as Their New Home in 2025, But Why?",news,200,Indexable,2263,124,0,0,,,0,0,yes,delete,high,P1,no_signal
https://coincu.com/web3-38million-sbi-group/,The Japanese' Web3 Fund Raised $38 Million With The Assistance Of SBI Group,The Japanese’ Web3 Fund Raised $38 Million With The Assistance Of SBI Group,news,200,Indexable,2054,197,0,0,,,0,0,yes,delete,high,P1,no_signal
https://coincu.com/web3-ai-professionals-choose-dubai-as-new-home/,"Web 3 & AI Professionals Choose Dubai as New Home, But Why?","Web 3 & AI Professionals Choose Dubai as New Home, But Why?",news,200,Indexable,2338,112,0,0,,,0,0,yes,delete,high,P1,no_signal
https://coincu.com/web3-app-blackbird-raises-24m/,Web3 App Blackbird Successfully Raises $24M Led By a16z,Web3 App Blackbird Successfully Raises $24M Led By a16z,news,200,Indexable,2116,109,0,0,,,0,0,yes,delete,high,P1,no_signal
https://coincu.com/web3-application-iterative-logic/,Web3 Application Iterative Logic And Value Opportunities Based On Builder Economics,Web3 Application Iterative Logic And Value Opportunities Based On Builder Economics,news,200,Indexable,4763,149,0,0,,,0,0,yes,delete,high,P1,no_signal
https://coincu.com/web3-big-reshuffle/,Web3 Big Reshuffle: East Advances West Retreat,Web3 Big Reshuffle: East Advances West Retreat,news,200,Indexable,5068,81,0,0,,,0,0,yes,delete,high,P1,no_signal
https://coincu.com/web3-builders-apis-prevent-financial-crimes/,Web3 Builders Release 5 APIs To Prevent Financial Crimes From Occurring In Web3,Web3 Builders Release 5 APIs To Prevent Financial Crimes From Occurring In Web3,news,200,Indexable,2095,119,0,0,,,0,0,yes,delete,high,P1,no_signal
https://coincu.com/web3-builders-look-to-alternate-growth-model-with-bnb-chain-as-bear-market-funding-drops-by-84/,Web3 Builders Look to Alternate Growth Model with BNB Chain as Bear Market Funding Drops by 84%,Web3 Builders Look to Alternate Growth Model with BNB Chain as Bear Market Funding Drops by 84%,news,200,Indexable,2507,42,0,0,,,0,0,yes,delete,high,P1,no_signal
https://coincu.com/web3-community-nounsdao/,NounsDAO Is Creating NFT Comic Book Series,NounsDAO Is Creating NFT Comic Book Series,news,200,Indexable,2019,229,0,0,,,0,0,yes,delete,high,P1,no_signal
https://coincu.com/web3-companies-alliance-devcon/,Web3 Companies Alliance Launches Privacy Legal Defense Fund At DevCon,Web3 Companies Alliance Launches Privacy Legal Defense Fund At DevCon,news,200,Indexable,2057,210,0,0,,,0,0,yes,delete,high,P1,no_signal
https://coincu.com/web3-festival-unveils-2026-speaker-lineup-featuring-leaders-from-blackrock-okx-solana-sharplink-and-ondo/,"Web3 Festival Unveils 2026 Speaker Lineup, Featuring Leaders from BlackRock, OKX, Solana, Sharplink and Ondo","Web3 Festival Unveils 2026 Speaker Lineup, Featuring Leaders from BlackRock, OKX, Solana, Sharplink and Ondo",news,200,Indexable,2532,129,0,0,,,0,0,yes,delete,high,P1,no_signal
https://coincu.com/web3-foundation-400-projects-polkadot/,Web3 Foundation Funds 400 Projects On Polkadot,Web3 Foundation Funds 400 Projects On Polkadot,news,200,Indexable,2089,157,0,0,,,0,0,yes,delete,high,P1,no_signal
https://coincu.com/web3-gaming-on-sui/,Why Web3 Gaming on Sui Is Gaining Massive Traction,Why Web3 Gaming on Sui Is Gaining Massive Traction,news,200,Indexable,3963,148,0,0,,,0,0,yes,delete,high,P1,no_signal
https://coincu.com/web3-hub-davos/,Web3 Hub Davos 2024: Set To Elevate Discourse On Blockchain Technology,Web3 Hub Davos 2024: Set To Elevate Discourse On Blockchain Technology,news,200,Indexable,2133,112,0,0,,,0,0,yes,delete,high,P1,no_signal
https://coincu.com/web3-leader-yuga-labs-roar-acquisition/,Web3 Leader Yuga Labs Strengthens Metaverse Position With Roar Acquisition,Web3 Leader Yuga Labs Strengthens Metaverse Position With Roar Acquisition,news,200,Indexable,2273,140,0,0,,,0,0,yes,delete,high,P1,no_signal
https://coincu.com/web3-platforms-12-billion-hacks-rug-pulls/,Web3 Platforms Lose Over $1.2 Billion To Hacks And Rug Pulls In 2023,Web3 Platforms Lose Over $1.2 Billion To Hacks And Rug Pulls In 2023,news,200,Indexable,2001,151,0,0,,,0,0,yes,delete,high,P1,no_signal
https://coincu.com/web3-protocol-gateway-now-raises-4-2-mil/,Web3 Protocol Gateway Now Raises $4.2 Million Led By Reciprocal Ventures,Web3 Protocol Gateway Now Raises $4.2 Million Led By Reciprocal Ventures,news,200,Indexable,2165,239,0,0,,,0,0,yes,delete,high,P1,no_signal
https://coincu.com/web3-security-numen-cyber-team-up-with-cobo/,Web3 Security Firm Numen Cyber Teams Up With Cobo For Recovery Services,Web3 Security Firm Numen Cyber Teams Up With Cobo For Recovery Services,news,200,Indexable,2132,345,0,0,,,0,0,yes,delete,high,P1,no_signal
https://coincu.com/web3-security-report-2024/,Web3 Security Report 2024: DeFi Strengthens as CeFi Struggles,Web3 Security Report 2024: DeFi Strengthens as CeFi Struggles,news,200,Indexable,2076,101,0,0,,,0,0,yes,delete,high,P1,no_signal
https://coincu.com/web3-solana-seeker-smartphone/,Web3 Solana Seeker Smartphone Officially Introduced,Web3 Solana Seeker Smartphone Officially Introduced,news,200,Indexable,2183,166,0,0,,,0,0,yes,delete,high,P1,no_signal
https://coincu.com/web3-standard-grc-20-introduced/,Web3 Standard GRC-20 Introduced to Enhance DApps Interoperability,Web3 Standard GRC-20 Introduced to Enhance DApps Interoperability,news,200,Indexable,2079,104,0,0,,,0,0,yes,delete,high,P1,no_signal
https://coincu.com/web3-starbucks-odysseys-beta-now-available/,Web3 Platform at Starbucks Odyssey's Beta Version Is Now Available,Web3 Platform at Starbucks Odyssey’s Beta Version Is Now Available,news,200,Indexable,2049,156,0,0,,,0,0,yes,delete,high,P1,no_signal
https://coincu.com/web3-tales-shaping-the-future-of-defi/,Web3 Tales: Shaping the Future of DeFi with Innovation and Diversity,Web3 Tales: Shaping the Future of DeFi with Innovation and Diversity,news,200,Indexable,1959,123,0,0,,,0,0,yes,delete,high,P1,no_signal
https://coincu.com/web3-venture-lead-capital1-mil/,Web3 Venture Capital Firm - Lead Capital Announced The Establishment Of A$1 Million Ecological Fund,Web3 Venture Capital Firm – Lead Capital Announced The Establishment Of A$1 Million Ecological Fund,news,200,Indexable,1876,151,0,0,,,0,0,yes,delete,high,P1,no_signal
https://coincu.com/web3-ventures-investment-q1-2023-down-80/,"Web3 Ventures Investment Q1/2023 About $2.8B, Down 80% YoY: Report","Web3 Ventures Investment Q1/2023 About $2.8B, Down 80% YoY: Report",news,200,Indexable,2070,127,0,0,,,0,0,yes,delete,high,P1,no_signal
https://coincu.com/web3bay-arweave-helium-emerging-titans-in-the-crypto-world/,"The Economic Potential of Web3: A Closer Look at Web3Bay, Arweave, & Helium","The Economic Potential of Web3: A Closer Look at Web3Bay, Arweave, & Helium",news,200,Indexable,2253,202,0,0,,,0,0,yes,delete,high,P1,no_signal
https://coincu.com/web3bay-arweave-helium-the-next-big-crypto-giants/,"Why Web3Bay, Arweave, & Helium Are The Top Altcoins For 2025?","Why Web3Bay, Arweave, & Helium Are The Top Altcoins For 2025?",news,200,Indexable,2371,160,0,0,,,0,0,yes,delete,high,P1,no_signal
https://coincu.com/web3bay-decentralized-shopping-with-complete-data-control-dual-payments/,Why Shop Anywhere Else? Web3Bay Offers Ultimate Data Control & Payment Flexibility!,Why Shop Anywhere Else? Web3Bay Offers Ultimate Data Control & Payment Flexibility!,news,200,Indexable,2363,220,0,0,,,0,0,yes,delete,high,P1,no_signal
https://coincu.com/web3bay-is-it-the-next-amazon-of-crypto-discover-its-edge-with-cardano-avalanche/,Is Web3Bay the New Amazon of Crypto? Here’s Why It's a Contender in E-Commerce; Get the Latest on Cardano & Avalanche,Is Web3Bay the New Amazon of Crypto? Here’s Why It’s a Contender in E-Commerce; Get the Latest on Cardano & Avalanche,news,200,Indexable,2289,180,0,0,,,0,0,yes,delete,high,P1,no_signal
https://coincu.com/web3bay-prepares-for-e-commerce-shift-during-crypto-surge/,Web3Bay Prepares for E-Commerce Shift During Crypto Surge - Could It Be the Missing Link?,Web3Bay Prepares for E-Commerce Shift During Crypto Surge – Could It Be the Missing Link?,news,200,Indexable,2352,170,0,0,,,0,0,yes,delete,high,P1,no_signal
https://coincu.com/web3bays-cross-chain-integration-strategy-could-trigger-massive-adoption-heres-why/,Web3Bay’s Cross-Chain Integration Strategy Could Trigger Massive Adoption—Here’s Why,Web3Bay’s Cross-Chain Integration Strategy Could Trigger Massive Adoption—Here’s Why,news,200,Indexable,2698,170,0,0,,,0,0,yes,delete,high,P1,no_signal
https://coincu.com/websea-hong-kong-web3-carnival-2026-first-level-sponsor/,Websea Joins Hong Kong Web3 Carnival 2026 as First-Level Sponsor,Websea Joins Hong Kong Web3 Carnival 2026 as First-Level Sponsor,news,200,Indexable,2632,168,0,0,,,0,0,yes,delete,high,P1,no_signal
https://coincu.com/webx-2024-in-japan-a-two-day-gathering-of-companies-venturing-into-web3-led-by-the-anime-industry/,"WebX 2024 in JAPAN: A Two-Day Gathering of Companies Venturing into Web3, Led by the Anime Industry","WebX 2024 in JAPAN: A Two-Day Gathering of Companies Venturing into Web3, Led by the Anime Industry",news,200,Indexable,2216,125,0,0,,,0,0,yes,delete,high,P1,no_signal
https://coincu.com/weex-2024-annual-report-over-5-million-users-daily-trading-volume-exceeds-5-billion-team-expands-to-500/,"WEEX 2024 Annual Report: Over 5 Million Users, Daily Trading Volume Exceeds $5 Billion, Team Expands to 500+","WEEX 2024 Annual Report: Over 5 Million Users, Daily Trading Volume Exceeds $5 Billion, Team Expands to 500+",news,200,Indexable,2398,85,0,0,,,0,0,yes,delete,high,P1,no_signal
https://coincu.com/weex-partners-with-michael-owen-to-champion-their-revolutionary-crypto-trading-experiences/,WEEX Partners with Michael Owen to Champion Their Revolutionary Crypto Trading Experiences,WEEX Partners with Michael Owen to Champion Their Revolutionary Crypto Trading Experiences,news,200,Indexable,2270,141,0,0,,,0,0,yes,delete,high,P1,no_signal
https://coincu.com/wef-launch-crypto-sustainability-coalition/,WEF Launches Crypto Sustainability Coalition To Assess The Role Of Web3 Technologies,WEF Launches Crypto Sustainability Coalition To Assess The Role Of Web3 Technologies,news,200,Indexable,2050,166,0,0,,,0,0,yes,delete,high,P1,no_signal
https://coincu.com/weird-korean-account-used-by-ftx/,'Weird Korean Account' Used By FTX To Hide Alameda Liabilities: CFTC Complaint,‘Weird Korean Account’ Used By FTX To Hide Alameda Liabilities: CFTC Complaint,news,200,Indexable,2220,270,0,0,,,0,0,yes,delete,high,P1,no_signal
https://coincu.com/wells-fargo-eth-etf-holdings-rise-q1-filing/,Wells Fargo ETH ETF Holdings Rise in Q1 Filing,Wells Fargo ETH ETF Holdings Rise in Q1 Filing,news,200,Indexable,2527,137,0,0,,,0,0,yes,delete,high,P1,no_signal
https://coincu.com/wells-fargo-forced-to-pay-1b-in-shareholder/,Wells Fargo Forced To Pay $1B In Shareholder Lawsuit Victory,Wells Fargo Forced To Pay $1B In Shareholder Lawsuit Victory,news,200,Indexable,2267,121,0,0,,,0,0,yes,delete,high,P1,no_signal
https://coincu.com/wells-fargo-scandal-needs-more-attention/,"Wells Fargo Scandal Needs More Attention, According To The CEO Of Ripple","Wells Fargo Scandal Needs More Attention, According To The CEO Of Ripple",news,200,Indexable,2164,316,0,0,,,0,0,yes,delete,high,P1,no_signal
https://coincu.com/wemade-investigated-for-wemix-tokens/,WeMade Investigated For Controversial Financial Technique Involving WEMIX Tokens,WeMade Investigated For Controversial Financial Technique Involving WEMIX Tokens,news,200,Indexable,2272,111,0,0,,,0,0,yes,delete,high,P1,no_signal
https://coincu.com/wemade-redlab-unleash-web3-mmorpg-global-pre-registration-open-for-aug-2025/,WEMADE & Redlab Unleash Web3 MMORPG – Global Pre-Registration Open for Aug 2025,WEMADE & Redlab Unleash Web3 MMORPG – Global Pre-Registration Open for Aug 2025,news,200,Indexable,2286,35,0,0,,,0,0,yes,delete,high,P1,no_signal
https://coincu.com/wemade-to-fix-wemix-token/,Wemade To Fix WEMIX Token After Being Warned By Exchanges,Wemade To Fix WEMIX Token After Being Warned By Exchanges,news,200,Indexable,1984,242,0,0,,,0,0,yes,delete,high,P1,no_signal
https://coincu.com/wemade-under-investigation/,BREAKING: WeMade Accused Of Fraud In The Latest Investigation Of The Korean Prosecutors,BREAKING: WeMade Accused Of Fraud In The Latest Investigation Of The Korean Prosecutors,news,200,Indexable,2216,173,0,0,,,0,0,yes,delete,high,P1,no_signal
https://coincu.com/wemade-unveils-blockchain-project/,Wemade Unveils New Blockchain Project WeKonomy,Wemade Unveils New Blockchain Project WeKonomy,news,200,Indexable,1941,157,0,0,,,0,0,yes,delete,high,P1,no_signal
https://coincu.com/wemix-deflation-policy-after-delisting/,WEMIX Implemented Deflation Policy After Delisting On 4 Korean Exchanges,WEMIX Implemented Deflation Policy After Delisting On 4 Korean Exchanges,news,200,Indexable,1843,149,0,0,,,0,0,yes,delete,high,P1,no_signal
https://coincu.com/wemix-in-talks-with-binance/,WEMIX In Talks With Binance To Secure Community Assets,WEMIX In Talks With Binance To Secure Community Assets,news,200,Indexable,2119,157,0,0,,,0,0,yes,delete,high,P1,no_signal
https://coincu.com/wemix-scandal-escalates/,WEMIX Scandal Escalates: South Korean Authorities Seize 2 Companies Involved,WEMIX Scandal Escalates: South Korean Authorities Seize 2 Companies Involved,news,200,Indexable,2116,138,0,0,,,0,0,yes,delete,high,P1,no_signal
https://coincu.com/wemix-token-plunge-60-crash-after-delisting/,WEMIX Token Plunge: 60% Crash After Korean Delisting,WEMIX Token Plunge: 60% Crash After Korean Delisting,news,200,Indexable,2234,152,0,0,,,0,0,yes,delete,high,P1,no_signal
https://coincu.com/werent-there-for-slerfs-irresistible-ico-btfd/,Weren’t There for SLERF’s Irresistible ICO? BTFD Coin’s Presale Can Be Your Second Shot at Crypto Greatness,Weren’t There for SLERF’s Irresistible ICO? BTFD Coin’s Presale Can Be Your Second Shot at Crypto Greatness,news,200,Indexable,2525,154,0,0,,,0,0,yes,delete,high,P1,no_signal
https://coincu.com/western-union-expand-crypto-industry/,Western Union To Expand To Crypto Industry With Its 3 Trademark Applications,Western Union To Expand To Crypto Industry With Its 3 Trademark Applications,news,200,Indexable,2094,149,0,0,,,0,0,yes,delete,high,P1,no_signal
https://coincu.com/western-union-solana-stablecoin-plan-2026/,Western Union Plans Stablecoin Launch on Solana by 2026,Western Union Plans Stablecoin Launch on Solana by 2026,news,200,Indexable,2139,104,0,0,,,0,0,yes,delete,high,P1,no_signal
https://coincu.com/western-union-stablecoin-remittance-pilot/,Western Union Trials Stablecoin System for Remittance Innovation,Western Union Trials Stablecoin System for Remittance Innovation,news,200,Indexable,2086,128,0,0,,,0,0,yes,delete,high,P1,no_signal
https://coincu.com/wex-appears-10000-btc-transfer/,"Defunct Crypto Exchange Wex Appears 10,000 BTC Transfer","Defunct Crypto Exchange Wex Appears 10,000 BTC Transfer",news,200,Indexable,2053,158,0,0,,,0,0,yes,delete,high,P1,no_signal
https://coincu.com/whale-100-million-stablecoins-binance-days/,A Giant Whale Transfers Over 100 Million Stablecoins To Binance In Two Days,A Giant Whale Transfers Over 100 Million Stablecoins To Binance In Two Days,news,200,Indexable,2147,99,0,0,,,0,0,yes,delete,high,P1,no_signal
https://coincu.com/whale-3-64-million-arb-tokens-3-27-million/,Crypto Whale Acquires 3.64 Million ARB Tokens Worth $3.27 Million,Crypto Whale Acquires 3.64 Million ARB Tokens Worth $3.27 Million,news,200,Indexable,1973,120,0,0,,,0,0,yes,delete,high,P1,no_signal
https://coincu.com/whale-3107-wbtc-92-2-million-boosts-holdings/,"Giant Whale Goes Long On 3,107 WBTC In Value $92.2 Million, Boosts Holdings on Compound and Aave","Giant Whale Goes Long On 3,107 WBTC In Value $92.2 Million, Boosts Holdings on Compound and Aave",news,200,Indexable,1888,96,0,0,,,0,0,yes,delete,high,P1,no_signal
https://coincu.com/whale-accumulates-45000-ethereum-on-binance/,"Whale Accumulates 45,000 Ethereum On Binance: Lookonchain Report","Whale Accumulates 45,000 Ethereum On Binance: Lookonchain Report",news,200,Indexable,2132,146,0,0,,,0,0,yes,delete,high,P1,no_signal
https://coincu.com/whale-address-withdrawals-9689-eth-16-million/,"Whale Address Continues Massive ETH Withdrawals With 9,689 ETH Worth Nearly $16 Million From Binance","Whale Address Continues Massive ETH Withdrawals With 9,689 ETH Worth Nearly $16 Million From Binance",news,200,Indexable,2007,131,0,0,,,0,0,yes,delete,high,P1,no_signal
https://coincu.com/whale-alert-70m-usdt-move-bitfinex-tether/,Whale Alert: $70M USDT Move Unleashes Exciting Bitfinex-Tether Chain Reactions,Whale Alert: $70M USDT Move Unleashes Exciting Bitfinex-Tether Chain Reactions,news,200,Indexable,2164,103,0,0,,,0,0,yes,delete,high,P1,no_signal
https://coincu.com/whale-alert-transfer-of-19974-eth-coinbase/,"Whale Alert: Massive Transfer of 19,974 ETH Worth $37.5 Million to Coinbase","Whale Alert: Massive Transfer of 19,974 ETH Worth $37.5 Million to Coinbase",news,200,Indexable,2153,100,0,0,,,0,0,yes,delete,high,P1,no_signal
https://coincu.com/whale-bitcoin-trades-market-views/,Whales' Bitcoin Trades Reveal Diverging Market Views,Whales’ Bitcoin Trades Reveal Diverging Market Views,news,200,Indexable,2154,148,0,0,,,0,0,yes,delete,high,P1,no_signal
https://coincu.com/whale-buying-pressure-shib-trigger-rally/,Will Whale Buying Pressure On SHIB Be Enough To Trigger A Rally?,Will Whale Buying Pressure On SHIB Be Enough To Trigger A Rally?,news,200,Indexable,2127,114,0,0,,,0,0,yes,delete,high,P1,no_signal
https://coincu.com/whale-buys-4-7m-aave/,"Whale Buys $4.7M AAVE, Breakout to $165 Ahead?","Whale Buys $4.7M AAVE, Breakout to $165 Ahead?",news,200,Indexable,2172,106,0,0,,,0,0,yes,delete,high,P1,no_signal
https://coincu.com/whale-buys-aster-market-movement/,"Whale Accumulates ASTER, Sparking Market Speculation","Whale Accumulates ASTER, Sparking Market Speculation",news,200,Indexable,2137,94,0,0,,,0,0,yes,delete,high,P1,no_signal
https://coincu.com/whale-buys-goat-using-2m-usdc-from-binance/,Whale Buys GOAT Using $2M USDC from Binance,Whale Buys GOAT Using $2M USDC from Binance,news,200,Indexable,2095,155,0,0,,,0,0,yes,delete,high,P1,no_signal
https://coincu.com/whale-buys-pepe-tokens-after-musks-post/,Whale Buys 555 Billion PEPE Tokens After Musk's Post,Coincidence? Whale Buys 555 Billion PEPE Tokens After Musk’s Post,news,200,Indexable,2178,112,0,0,,,0,0,yes,delete,high,P1,no_signal
https://coincu.com/whale-deposit-35m-bnb-preparing-buy-arkm/,Giant Whale Deposit $35M BNB To Binance Predicted Preparing To Buy $ARKM,Giant Whale Deposit $35M BNB To Binance Predicted Preparing To Buy $ARKM,news,200,Indexable,2122,132,0,0,,,0,0,yes,delete,high,P1,no_signal
https://coincu.com/whale-deposited-4-5m-worldcoin-price-soars/,Whale Deposited 4.5M Worldcoin (WLD) To 3 Exchanges As Price Soars More Than 27%,Whale Deposited 4.5M Worldcoin (WLD) To 3 Exchanges As Price Soars More Than 27%,news,200,Indexable,2108,103,0,0,,,0,0,yes,delete,high,P1,no_signal
https://coincu.com/whale-deposits-imx-kraken-surge-of-35-in-price/,Whale Deposits IMX To Kraken After A Surge Of 35% In Price,Whale Deposits IMX To Kraken After A Surge Of 35% In Price,news,200,Indexable,2037,176,0,0,,,0,0,yes,delete,high,P1,no_signal
https://coincu.com/whale-dumps-27116-comp-on-binance/,"Whale Dumps 27,116 COMP on Binance, Surprises Crypto Enthusiasts!","Whale Dumps 27,116 COMP on Binance, Surprises Crypto Enthusiasts!",news,200,Indexable,2147,95,0,0,,,0,0,yes,delete,high,P1,no_signal
https://coincu.com/whale-executes-massive-8-million-dydx-withdrawal/,Whale Executes Massive $8 Million DYDX Withdrawal from Binance in 7 Hours!,Whale Executes Massive $8 Million DYDX Withdrawal from Binance in 7 Hours!,news,200,Indexable,2184,221,0,0,,,0,0,yes,delete,high,P1,no_signal
https://coincu.com/whale-leveraged-short-hyperliquid-hype/,Whale Opens 10x Leveraged Short on HyperLiquid HYPE,Whale Opens 10x Leveraged Short on HyperLiquid HYPE,news,200,Indexable,2133,90,0,0,,,0,0,yes,delete,high,P1,no_signal
https://coincu.com/whale-loses-49k-due-to-fake-bitcoin-spot-etf/,Whale Loses $49k in 10 Minutes due to Fake Bitcoin Spot ETF,"Believe on Fake Bitcoin Spot ETF News, Whale Loses $49,000 in 10 Minutes",news,200,Indexable,2047,127,0,0,,,0,0,yes,delete,high,P1,no_signal
https://coincu.com/whale-makes-deposit-of-462-million-rdnt/,"Whale Makes Significant Deposit of 4.62 Million RDNT Tokens, Facing Loss Despite Token Value Surge",Whale Makes Significant Deposit of 4.62 Million RDNT Tokens on Binance,news,200,Indexable,2043,128,0,0,,,0,0,yes,delete,high,P1,no_signal
https://coincu.com/whale-moves-3-trillion-shiba-inu-shib/,Crypto Whale Suddenly Moves 3 Trillion Shiba Inu (SHIB) Worth At $38 Million USD,Crypto Whale Suddenly Moves 3 Trillion Shiba Inu (SHIB) Worth At $38 Million USD,news,200,Indexable,2144,132,0,0,,,0,0,yes,delete,high,P1,no_signal
https://coincu.com/whale-moves-31-15m-in-link-as-chainlink-hits-26-for-first-time-in-7-months/,Whale Moves $31.15M in LINK as Chainlink Hits $26 for First Time in 7 Months,Whale Moves $31.15M in LINK as Chainlink Hits $26 for First Time in 7 Months,news,200,Indexable,2182,117,0,0,,,0,0,yes,delete,high,P1,no_signal
https://coincu.com/whale-moves-408m-in-ethereum-as-price-holds/,"Whale Moves $408M in Ethereum as Price Holds Near $2,600: Is a Drop Coming?","Whale Moves $408M in Ethereum as Price Holds Near $2,600: Is a Drop Coming?",news,200,Indexable,2143,116,0,0,,,0,0,yes,delete,high,P1,no_signal
https://coincu.com/whale-scoops-50m-in-aster-as-price-hits/,Whale Scoops $50M in Aster as Price Hits New ATH of $2.26,Whale Scoops $50M in Aster as Price Hits New ATH of $2.26,news,200,Indexable,2017,154,0,0,,,0,0,yes,delete,high,P1,no_signal
https://coincu.com/whale-sells-35000-eth-in-3-days-at-2066-average-price/,"Whale Sells 35,000 ETH in 3 Days at $2,066 Average Price","Whale Sells 35,000 ETH in 3 Days at $2,066 Average Price",news,200,Indexable,2671,174,0,0,,,0,0,yes,delete,high,P1,no_signal
https://coincu.com/whale-sold-73-92-million-usdc/,"A Giant Whale Has Sold 73.92 Million USDC, Resulting In A 6.14 Million US Dollar Loss","A Giant Whale Has Sold 73.92 Million USDC, Resulting In A 6.14 Million US Dollar Loss",news,200,Indexable,2091,123,0,0,,,0,0,yes,delete,high,P1,no_signal
https://coincu.com/whale-stake-11m-via-bitget-liquidity-staking-sol/,Whale Staked $1.1M in SOL via Bitget Liquidity Staking SOL,Whale Staked $1.1M in SOL via Bitget Liquidity Staking SOL,news,200,Indexable,1940,154,0,0,,,0,0,yes,delete,high,P1,no_signal
https://coincu.com/whale-stakes-60m-solana/,Whale Address Stakes Over $60M in Solana,Whale Address Stakes Over $60M in Solana,news,200,Indexable,2066,81,0,0,,,0,0,yes,delete,high,P1,no_signal
https://coincu.com/whale-transferred-114-9-billion-shiba-inu/,A Mysterious Whale Transferred 114.9 Billion Shiba Inu,A Mysterious Whale Transferred 114.9 Billion Shiba Inu,news,200,Indexable,1939,91,0,0,,,0,0,yes,delete,high,P1,no_signal
https://coincu.com/whale-transfers-61216-eth-to-kraken-hibernation/,"Big Whale Suddenly Transfers All 61,216 ETH To Kraken After 8 Years Of Hibernation","Big Whale Suddenly Transfers All 61,216 ETH To Kraken After 8 Years Of Hibernation",news,200,Indexable,2002,131,0,0,,,0,0,yes,delete,high,P1,no_signal
https://coincu.com/whale-transfers-8000-eth-binance-czsamsunsb-eth/,"Whale Transfers 8,000 ETH To Binance Linked To czsamsunsb.eth Address: Report","Whale Transfers 8,000 ETH To Binance Linked To czsamsunsb.eth Address: Report",news,200,Indexable,1944,141,0,0,,,0,0,yes,delete,high,P1,no_signal
https://coincu.com/whale-unstakes-hype-profit/,Whale Unstakes $107M HYPE Tokens for Potential Profit,Whale Unstakes $107M HYPE Tokens for Potential Profit,news,200,Indexable,2162,82,0,0,,,0,0,yes,delete,high,P1,no_signal
https://coincu.com/whale-usdt-deposit-aster-withdrawal/,"Whale Deposits $45M USDT, Withdraws 7.14M ASTER Tokens","Whale Deposits $45M USDT, Withdraws 7.14M ASTER Tokens",news,200,Indexable,1948,111,0,0,,,0,0,yes,delete,high,P1,no_signal
https://coincu.com/whale-withdraws-116m-trb-ignites-market/,"Whale Withdraws $116M TRB, Ignites Market Speculation Storm","Whale Withdraws $116M TRB, Ignites Market Speculation Storm",news,200,Indexable,2127,82,0,0,,,0,0,yes,delete,high,P1,no_signal
https://coincu.com/whale-withdrew-219000-link-from-binance-worth-2-08-million/,"Whale Withdraws 219,000 LINK From Binance Worth $2.08M, On-Chain Data Shows","Whale Withdraws 219,000 LINK From Binance Worth $2.08M, On-Chain Data Shows",news,200,Indexable,2547,150,0,0,,,0,0,yes,delete,high,P1,no_signal
https://coincu.com/whaleplay-beta-launch-next-level-social-igaming-platform/,WhalePlay Beta Launch: Next-Level Social iGaming Platform,WhalePlay Beta Launch: Next-Level Social iGaming Platform,news,200,Indexable,2218,54,0,0,,,0,0,yes,delete,high,P1,no_signal
https://coincu.com/whales-4-72-million-crv-tokens-binance-to-convex/,Two Whales Move 4.72 Million CRV Tokens Worth $2.11 Million From Binance To Convex,Two Whales Move 4.72 Million CRV Tokens Worth $2.11 Million From Binance To Convex,news,200,Indexable,1991,136,0,0,,,0,0,yes,delete,high,P1,no_signal
https://coincu.com/whales-48-million-shib-shibarium-launch/,"Ahead Of Shibarium Launch Speculation, Whales Invest $48 Million In SHIB","Ahead Of Shibarium Launch Speculation, Whales Invest $48 Million In SHIB",news,200,Indexable,1818,159,0,0,,,0,0,yes,delete,high,P1,no_signal
https://coincu.com/whales-766-million-eth-withdrawn-risky-perp/,Whale's High-Stakes Moves: $7.66 Million ETH Withdrawn and Risky PERP Investment,Whale’s High-Stakes Moves: $7.66 Million ETH Withdrawn and Risky PERP Investment,news,200,Indexable,1968,186,0,0,,,0,0,yes,delete,high,P1,no_signal
https://coincu.com/whales-825-billion-pepe-tokens-sold-at-a-loss/,Whale's Selling Spree: 825 Billion PEPE Tokens Sold At A Loss,Whale’s Selling Spree: 825 Billion PEPE Tokens Sold At A Loss,news,200,Indexable,2024,188,0,0,,,0,0,yes,delete,high,P1,no_signal
https://coincu.com/whales-abandon-dogecoin/,Whales Abandon Dogecoin? Big Transactions Plunge 86%,Whales Abandon Dogecoin? Big Transactions Plunge 86%,news,200,Indexable,2160,123,0,0,,,0,0,yes,delete,high,P1,no_signal
https://coincu.com/whales-accumulate-13-m-chainlink-tokens/,Whales Accumulate 13 Million Chainlink LINK Tokens,Whales Accumulate 13 Million Chainlink LINK Tokens in Just One Week,news,200,Indexable,2208,98,0,0,,,0,0,yes,delete,high,P1,no_signal
https://coincu.com/whales-accumulate-50-million-xrp/,Whales Accumulate Over 50 Million XRP in One Week Signaling Possible Price Movement,Whales Accumulate Over 50 Million XRP in One Week Signaling Possible Price Movement,news,200,Indexable,2226,109,0,0,,,0,0,yes,delete,high,P1,no_signal
https://coincu.com/whales-accumulate-makerdao-tokens/,Whales Continuously Accumulate MakerDAO Tokens In An Aggressive Price Increase,Whales Continuously Accumulate MakerDAO Tokens In An Aggressive Price Increase,news,200,Indexable,1909,148,0,0,,,0,0,yes,delete,high,P1,no_signal
https://coincu.com/whales-and-retail-investors-aligned-as-bitcoin/,Whales and Retail Investors Aligned as Bitcoin Holding Pattern Signals Strong Control,Whales and Retail Investors Aligned as Bitcoin Holding Pattern Signals Strong Control,news,200,Indexable,2253,157,0,0,,,0,0,yes,delete,high,P1,no_signal
https://coincu.com/whales-are-focusing-on-ftt/,"Whales Are Focusing On FTT As Bitcoin Hits $22,000","Whales Are Focusing On FTT As Bitcoin Hits $22,000",news,200,Indexable,2013,138,0,0,,,0,0,yes,delete,high,P1,no_signal
https://coincu.com/whales-are-loading-aster/,"Whales Are Loading ASTER, Will Price Explode to $1?","Whales Are Loading ASTER, Will Price Explode to $1?",news,200,Indexable,2135,123,0,0,,,0,0,yes,delete,high,P1,no_signal
https://coincu.com/whales-boost-arb-token/,Whales Boost ARB Token When Continuously Accumulated With Price Aggression,Whales Boost ARB Token When Continuously Accumulated With Price Aggression,news,200,Indexable,1988,162,0,0,,,0,0,yes,delete,high,P1,no_signal
https://coincu.com/whales-buy-80-7m-in-solana-as-sol/,Whales Buy $80.7M in Solana as $SOL Targets $225,Whales Buy $80.7M in Solana as $SOL Targets $225,news,200,Indexable,2111,145,0,0,,,0,0,yes,delete,high,P1,no_signal
https://coincu.com/whales-dump-3b-doge/,Whales Dump 3B $DOGE: Is a Major Crash Coming?,Whales Dump 3B $DOGE: Is a Major Crash Coming?,news,200,Indexable,2189,119,0,0,,,0,0,yes,delete,high,P1,no_signal
https://coincu.com/whales-profit-aster-surge-leverage/,Whales Reap Over $6.7M from ASTER Surge,Whales Reap Over $6.7M from ASTER Surge,news,200,Indexable,2107,77,0,0,,,0,0,yes,delete,high,P1,no_signal
https://coincu.com/whales-recently-buy-mkr-for-3730-eth/,"Whales Recently Buy MKR For 3,730 ETH, Bull Run Is Approaching","Whales Recently Buy MKR For 3,730 ETH, Bull Run Is Approaching",news,200,Indexable,1909,83,0,0,,,0,0,yes,delete,high,P1,no_signal
https://coincu.com/whales-sell-140m-ada-as-cardano-eyes-1-86/,Whales Sell 140M ADA as Cardano Eyes $1.86 for Potential 260% Gain,Whales Sell 140M ADA as Cardano Eyes $1.86 for Potential 260% Gain,news,200,Indexable,2217,99,0,0,,,0,0,yes,delete,high,P1,no_signal
https://coincu.com/whales-shock-crypto-market-with-pepe-eth-swap/,Whales Shock Crypto Market With $PEPE and $ETH Swap,Whales Shock Crypto Market With $PEPE and $ETH Swap,news,200,Indexable,2137,145,0,0,,,0,0,yes,delete,high,P1,no_signal
https://coincu.com/whales-strategic-moves-pepe-with-320-eth/,Whale's Strategic Moves: Accumulating $PEPE with 320 $ETH Purchase Worth $529K,Whale’s Strategic Moves: Accumulating $PEPE with 320 $ETH Purchase Worth $529K,news,200,Indexable,2136,183,0,0,,,0,0,yes,delete,high,P1,no_signal
https://coincu.com/whales-target-arb-for-long-term-gains-with-potential-10x-return-to-2-43/,Whales Target ARB for Long-Term Gains with Potential 10x Return to $2.43,Whales Target ARB for Long-Term Gains with Potential 10x Return to $2.43,news,200,Indexable,2178,135,0,0,,,0,0,yes,delete,high,P1,no_signal
https://coincu.com/whales-transfer-8m-arb-to-binance/,"Whales Transfer $8M ARB to Binance, Stirring Excitement","Whales Transfer $8M ARB to Binance, Stirring Excitement",news,200,Indexable,2028,102,0,0,,,0,0,yes,delete,high,P1,no_signal
https://coincu.com/whampoa-group-invests-for-crypto-fund/,Whampoa Group Invests $100 Million For Crypto Venture Fund,Whampoa Group Invests $100 Million For Crypto Venture Fund,news,200,Indexable,2171,158,0,0,,,0,0,yes,delete,high,P1,no_signal
https://coincu.com/whampoa-group-strengthens-bahrain-digital-bank/,Whampoa Group Strengthens Bahrain Digital Bank with Top Talent from JPMorgan!,Whampoa Group Strengthens Bahrain Digital Bank with Top Talent from JPMorgan!,news,200,Indexable,2123,196,0,0,,,0,0,yes,delete,high,P1,no_signal
https://coincu.com/wharton-professor-urges-0-75-fed-rate-cut-now/,Wharton Professor Urges Emergency 0.75% FED Rate Cut Now!,Wharton Professor Urges Emergency 0.75% FED Rate Cut Now!,news,200,Indexable,2070,96,0,0,,,0,0,yes,delete,high,P1,no_signal
https://coincu.com/what-are-the-ethereum-goals/,What Are The Ethereum Blockchain's Long-Term Goals?,What Are The Ethereum Blockchain’s Long-Term Goals?,news,200,Indexable,2020,156,0,0,,,0,0,yes,delete,high,P1,no_signal
https://coincu.com/what-bill-gates-thinks-web3-metaverse-2023/,What Illustrious Billionaire Bill Gates Thinks About Web3 And Metaverse In 2023?,What Illustrious Billionaire Bill Gates Thinks About Web3 And Metaverse In 2023?,news,200,Indexable,2051,216,0,0,,,0,0,yes,delete,high,P1,no_signal
https://coincu.com/what-can-1-bitcoin-buy/,What Can 1 Bitcoin Buy in 2026?,What Can 1 Bitcoin Buy? A Real-World Guide to BTC Purchasing Power,news,200,Indexable,4734,189,0,0,,,0,0,yes,delete,high,P1,no_signal
https://coincu.com/what-comes-after-the-ordi-tokens-remarkable-rise/,Exploring the Crypto Horizon: What Comes Next After the ORDI Token's Remarkable Rise?,Exploring the Crypto Horizon: What Comes Next After the ORDI Token’s Remarkable Rise?,news,200,Indexable,2191,110,0,0,,,0,0,yes,delete,high,P1,no_signal
https://coincu.com/what-drives-crypto-cap-up-15/,What Drives Crypto Market Cap Up 15% Over The Last Week,What Drives Crypto Market Cap Up 15% Over The Last Week,news,200,Indexable,2344,136,0,0,,,0,0,yes,delete,high,P1,no_signal
https://coincu.com/what-happens-to-your-crypto-when-you-die/,What Happens To Your Crypto When You Die?,What Happens To Your Crypto When You Die?,news,200,Indexable,2149,157,0,0,,,0,0,yes,delete,high,P1,no_signal
https://coincu.com/what-has-canto-to-make-its-big-step-up-in-the-past/,What Has Canto To Make Its Big Step Up In The Past?,What Has Canto To Make Its Big Step Up In The Past?,news,200,Indexable,2970,165,0,0,,,0,0,yes,delete,high,P1,no_signal
https://coincu.com/what-led-to-algofis-shutdown-into-largest-defi/,What Led To Algofi's Shutdown? A Look Into The Largest DeFi Protocol's Demise,What Led To Algofi’s Shutdown? A Look Into The Largest DeFi Protocol’s Demise,news,200,Indexable,2178,152,0,0,,,0,0,yes,delete,high,P1,no_signal
https://coincu.com/what-makes-a-crypto-exchange-truly-private-an-analysis-through-the-lens-of-stealthex/,What Makes a Crypto Exchange Truly Private? An Analysis Through the Lens of StealthEX,What Makes a Crypto Exchange Truly Private? An Analysis Through the Lens of StealthEX,news,200,Indexable,3237,139,0,0,,,0,0,yes,delete,high,P1,no_signal
https://coincu.com/what-makes-cardano-stronger/,What Makes Cardano Blockchain Stronger In 2023,What Makes Cardano Blockchain Stronger In 2023,news,200,Indexable,3259,346,0,0,,,0,0,yes,delete,high,P1,no_signal
https://coincu.com/what-new-breakthrough-does-zksync-make-to-become-the-leader-of-zk-rollup/,What New Breakthrough Does zkSync Make To Become The Leader Of ZK Rollup?,What New Breakthrough Does zkSync Make To Become The Leader Of ZK Rollup?,news,200,Indexable,2944,115,0,0,,,0,0,yes,delete,high,P1,no_signal
https://coincu.com/what-sam-bankman-fried-say/,What Would Sam Bankman-Fried Say If He Testifies Before Congress?,What Would Sam Bankman-Fried Say If He Testifies Before Congress?,news,200,Indexable,2180,220,0,0,,,0,0,yes,delete,high,P1,no_signal
https://coincu.com/what-to-anticipate-bitcoin-in-the-future/,Impending Lows Market Participants Explain What To Anticipate From Bitcoin In The Near Future,Impending Lows Market Participants Explain What To Anticipate From Bitcoin In The Near Future,news,200,Indexable,2346,155,0,0,,,0,0,yes,delete,high,P1,no_signal
https://coincu.com/what-to-expect-from-ethereum/,What To Expect From Ethereum After The Merge Is Successfully Deployed?,What To Expect From Ethereum After The Merge Is Successfully Deployed?,news,200,Indexable,2554,150,0,0,,,0,0,yes,delete,high,P1,no_signal
https://coincu.com/what-will-cardano-do-at-the-0-3-resistance/,What Will Cardano Do At The $0.3 Resistance?,What Will Cardano Do At The $0.3 Resistance?,news,200,Indexable,2103,125,0,0,,,0,0,yes,delete,high,P1,no_signal
https://coincu.com/what-you-need-to-know-about-binance-loans/,Binance Loans: What You Need To Know?,Binance Loans: What You Need To Know?,news,200,Indexable,2274,154,0,0,,,0,0,yes,delete,high,P1,no_signal
https://coincu.com/whats-attractive-about-vela-exchange/,What's Attractive About Vela Exchange To Surprise The Community?,What’s Attractive About Vela Exchange To Surprise The Community?,news,200,Indexable,3220,154,0,0,,,0,0,yes,delete,high,P1,no_signal
https://coincu.com/whats-so-great-about-kraken-nft/,What's So Great About Kraken NFT With Zero Gas Fees?,What’s So Great About Kraken NFT With Zero Gas Fees?,news,200,Indexable,2997,273,0,0,,,0,0,yes,delete,high,P1,no_signal
https://coincu.com/whats-so-special-about-phoenix-labs/,What's Special About Phoenix Labs And Its New Spark Protocol In MakerDAO? - Coincu - Latest Cryptocurrency News and Analysis 1,What’s Special About Phoenix Labs And Its New Spark Protocol In MakerDAO?,news,200,Indexable,2918,212,0,0,,,0,0,yes,delete,high,P1,no_signal
https://coincu.com/whatsapp-is-down-worldwide-bitcoin/,WhatsApp Is Down Worldwide Bitcoin Is Never Down,WhatsApp Is Down Worldwide Bitcoin Is Never Down,news,200,Indexable,2019,158,0,0,,,0,0,yes,delete,high,P1,no_signal
https://coincu.com/whatsapp-telegram-contain-malware/,Trojanized WhatsApp And Telegram Contain Malware To Steal Crypto Funds,Trojanized WhatsApp And Telegram Contain Malware To Steal Crypto Funds,news,200,Indexable,2285,141,0,0,,,0,0,yes,delete,high,P1,no_signal
https://coincu.com/when-bitcoin-reaches-15000-buy-the-dip/,"When Bitcoin Reaches $18,000, Chinese Investors Could ""Buy The Dip""","When Bitcoin Reaches $18,000, Chinese Investors Could “Buy The Dip”",news,200,Indexable,2110,155,0,0,,,0,0,yes,delete,high,P1,no_signal
https://coincu.com/when-will-shiba-inu-price-hit-0-01-0-1-and-1-goldman-sachs-analysts-make-the-case-for-this-cheap-altcoins-55000-breakout-potential/,"When Will Shiba Inu Price Hit $0.01, $0.1, And $1? Goldman Sachs Analysts Make The Case For This Cheap Altcoin's 55,000% Breakout Potential","When Will Shiba Inu Price Hit $0.01, $0.1, And $1? Goldman Sachs Analysts Make The Case For This Cheap Altcoin’s 55,000% Breakout Potential",news,200,Indexable,2468,164,0,0,,,0,0,yes,delete,high,P1,no_signal
https://coincu.com/where-do-jonesdao-high-returns-come-from/,"Occupy 28% Of GLP Market Share, Where Do Jonesdao's High Returns Come From?","Occupy 28% Of GLP Market Share, Where Do Jonesdao’s High Returns Come From?",news,200,Indexable,3500,88,0,0,,,0,0,yes,delete,high,P1,no_signal
https://coincu.com/which-altcoin-will-dominate-the-2024-crypto-marathon-experts-bet-on-this-cardano-rival-for-a-50x-portfolio-boost/,Which Altcoin Will Dominate the 2024 Crypto Marathon? Experts Bet on This Cardano Rival For a 50x Portfolio Boost,Which Altcoin Will Dominate the 2024 Crypto Marathon? Experts Bet on This Cardano Rival For a 50x Portfolio Boost,news,200,Indexable,2322,160,0,0,,,0,0,yes,delete,high,P1,no_signal
https://coincu.com/which-crypto-coins-used-the-most-in-online-poker/,Which Crypto Coins Are Used the Most in Online Poker? - Coincu - Latest Cryptocurrency News and Analysis,Which Crypto Coins Are Used the Most in Online Poker?,news,200,Indexable,2530,132,0,0,,,0,0,yes,delete,high,P1,no_signal
https://coincu.com/which-is-easier-to-trade-for-beginners-forex-or-crypto/,"Which is Easier to Trade for Beginners, Forex or Crypto?","Which is Easier to Trade for Beginners, Forex or Crypto?",news,200,Indexable,3056,172,0,0,,,0,0,yes,delete,high,P1,no_signal
https://coincu.com/while-105-million-shiba-inu-are-removed/,"While 105 Million Shiba Inu Are Removed, A New SHIB Burn Portal Is Found","While 105 Million Shiba Inu Are Removed, A New SHIB Burn Portal Is Found",news,200,Indexable,2013,154,0,0,,,0,0,yes,delete,high,P1,no_signal
https://coincu.com/white-house-aim-crypto-in-economic-report/,White House Takes Aim At Crypto In Economic Report,White House Takes Aim At Crypto In Economic Report,news,200,Indexable,2213,100,0,0,,,0,0,yes,delete,high,P1,no_signal
https://coincu.com/white-house-backs-repeal-of-irs-defi-broker-rule/,White House Backs Repeal of IRS DeFi Broker Rule in Major Win for Crypto Industry,White House Backs Repeal of IRS DeFi Broker Rule in Major Win for Crypto Industry,news,200,Indexable,2444,142,0,0,,,0,0,yes,delete,high,P1,no_signal
https://coincu.com/white-house-crypto-sacks-bitcoin-future/,White House Crypto Director David Sacks Declares Blockchain Future,White House Crypto Director David Sacks Declares Blockchain Future,news,200,Indexable,2047,113,0,0,,,0,0,yes,delete,high,P1,no_signal
https://coincu.com/white-house-crypto-summit-industry-figures/,White House Crypto Summit Will Feature Many Important Industry Figures,White House Crypto Summit Will Feature Many Important Industry Figures,press_release_like,200,Indexable,2324,106,0,0,,,0,0,yes,delete,high,P1,event_pr_signal
https://coincu.com/white-house-distributed-ledgers/,White House Put Distributed Ledger Technology on Boosting Priority List,White House Put Distributed Ledger Technology on Boosting Priority List,news,200,Indexable,2122,86,0,0,,,0,0,yes,delete,high,P1,no_signal
https://coincu.com/white-house-introduces-crypto-framework/,The White House Introduces First Crypto Regulatory Framework,The White House Introduces First Crypto Regulatory Framework,news,200,Indexable,2321,153,0,0,,,0,0,yes,delete,high,P1,no_signal
https://coincu.com/white-house-public-comment-on-crypto-assets/,White House Requests Public Comment On Crypto Assets As Upcoming Policies In 2023,White House Requests Public Comment On Crypto Assets As Upcoming Policies In 2023,news,200,Indexable,2112,136,0,0,,,0,0,yes,delete,high,P1,no_signal
https://coincu.com/white-house-speaks-out-about-ftx/,White House Speaks Out About FTX Case,White House Speaks Out About FTX Case,news,200,Indexable,1942,155,0,0,,,0,0,yes,delete,high,P1,no_signal
https://coincu.com/white-house-summit-snubs-charles-hoskinson/,White House Crypto Summit Snubs Cardano co-founder Charles Hoskinson Left Off Guest List,White House Crypto Summit Snubs Cardano co-founder Charles Hoskinson Left Off Guest List,press_release_like,200,Indexable,2336,109,0,0,,,0,0,yes,delete,high,P1,event_pr_signal
https://coincu.com/white-house-tightens-crypto-mining/,White House Tightens Crypto Mining With Clean Energy,White House Tightens Crypto Mining With Clean Energy,news,200,Indexable,2133,119,0,0,,,0,0,yes,delete,high,P1,no_signal
https://coincu.com/whitebit-achieves-3-year-agreement/,WhiteBIT Achieves 3-Year Agreement With National Football Team Of Ukraine,WhiteBIT Achieves 3-Year Agreement With National Football Team Of Ukraine,news,200,Indexable,2112,153,0,0,,,0,0,yes,delete,high,P1,no_signal
https://coincu.com/whitebit-partnering-with-fc-barcelona/,Crypto Exchange WhiteBIT Partnering With FC Barcelona,Crypto Exchange WhiteBIT Partnering With FC Barcelona,news,200,Indexable,2154,128,0,0,,,0,0,yes,delete,high,P1,no_signal
https://coincu.com/who-are-the-leaders-in-lending-category/,Who Are The Leaders In Lending Category & What Are They Developing In 2022?,Who Are The Leaders In Lending Category & What Are They Developing In 2022?,news,200,Indexable,2630,148,0,0,,,0,0,yes,delete,high,P1,no_signal
https://coincu.com/who-led-to-bitcoins-drop-21000/,"Who Led To Bitcoin's Drop $21,000? Willy Woo Describes","Who Led To Bitcoin’s Drop $21,000? Willy Woo Describes",news,200,Indexable,2202,156,0,0,,,0,0,yes,delete,high,P1,no_signal
https://coincu.com/who-owns-huobi-exchange-the-need-clarity/,Who Owns Huobi Exchange? The Need For Clarity In The Cryptocurrency Industry,Who Owns Huobi Exchange? The Need For Clarity In The Cryptocurrency Industry,news,200,Indexable,1984,180,0,0,,,0,0,yes,delete,high,P1,no_signal
https://coincu.com/who-owns-the-most-bitcoin-updated-dec-2024/,Who Owns The Most Bitcoin? (Updated December 2024),Who Owns The Most Bitcoin? (Updated December 2024),news,200,Indexable,2950,136,0,0,,,0,0,yes,delete,high,P1,no_signal
https://coincu.com/who-threw-away-hundreds-of-millions-crypto/,People Who Threw Away Hundreds Of Millions Dollars Crypto,People Who Threw Away Hundreds Of Millions Dollars Crypto,news,200,Indexable,2576,123,0,0,,,0,0,yes,delete,high,P1,no_signal
https://coincu.com/wholecoiners-bitcoin-up-40000/,"Bitcoin Wholecoiners Up 40,000 Since June Drop Started","Bitcoin Wholecoiners Up 40,000 Since June Drop Started",news,200,Indexable,2074,148,0,0,,,0,0,yes,delete,high,P1,no_signal
https://coincu.com/whopping-plummet-address-1-48m-in-meme-tokens/,Whopping Plummet: Address Dumps $1.48M in Meme Tokens Within Hours!,Whopping Plummet: Address Dumps $1.48M in Meme Tokens Within Hours!,news,200,Indexable,2207,185,0,0,,,0,0,yes,delete,high,P1,no_signal
https://coincu.com/why-acx-token-is-up-150-today-december-6/,This Is Why ACX Token Is Up 150% Today – December 6,This Is Why ACX Token Is Up 150% Today – December 6,news,200,Indexable,2199,163,0,0,,,0,0,yes,delete,high,P1,no_signal
https://coincu.com/why-aptos-apt-increased-by-150/,Why Aptos (APT) Increased By 150%?,Why Aptos (APT) Increased By 150%?,news,200,Indexable,1988,156,0,0,,,0,0,yes,delete,high,P1,no_signal
https://coincu.com/why-are-shiba-inu-holders-currently-bearish-meme-market-becomes-oversaturated-as-new-rtx-set-for-explosive-gains-in-january/,Why Are Shiba Inu Holders Currently Bearish? Meme Market Becomes Oversaturated As New $RTX Set For Explosive Gains In January,Why Are Shiba Inu Holders Currently Bearish? Meme Market Becomes Oversaturated As New $RTX Set For Explosive Gains In January,news,200,Indexable,2311,197,0,0,,,0,0,yes,delete,high,P1,no_signal
https://coincu.com/why-can-starknet-become-a-dark-horse/,Why Can StarkNet Become A Dark Horse In The Layer 2 Race?,Why Can StarkNet Become A Dark Horse In The Layer 2 Race?,news,200,Indexable,2998,155,0,0,,,0,0,yes,delete,high,P1,no_signal
https://coincu.com/why-chainlink-is-leaving-competitors/,Why Chainlink Is Leaving Competitors In The Dust?,Why Chainlink Is Leaving Competitors In The Dust?,news,200,Indexable,2912,124,0,0,,,0,0,yes,delete,high,P1,no_signal
https://coincu.com/why-chainlink-price-spiked-in-24-hours/,Why Chainlink Price Spiked In 24 Hours?,Why Chainlink Price Spiked In 24 Hours?,news,200,Indexable,2065,157,0,0,,,0,0,yes,delete,high,P1,no_signal
https://coincu.com/why-cry-over-eos-qubetics-tics-is-the-next-crypto-superstar/,Why Cry Over EOS? Qubetics ($TICS) Is the Next Crypto Superstar!,Why Cry Over EOS? Qubetics ($TICS) Is the Next Crypto Superstar!,news,200,Indexable,2454,118,0,0,,,0,0,yes,delete,high,P1,no_signal
https://coincu.com/why-crypto-influencers-and-analysts-are-watching-floppypepe-closely-for-180x-surge/,Why Crypto Influencers And Analysts Are Watching FloppyPepe Closely For 180X Surge,Why Crypto Influencers And Analysts Are Watching FloppyPepe Closely For 180X Surge,news,200,Indexable,2457,151,0,0,,,0,0,yes,delete,high,P1,no_signal
https://coincu.com/why-crypto-spike-when-us-gdp-q2-0-9/,Why Did Crypto Prices Spike When US GDP Q2 -0.9% And Fed Raised Interest Rates?,Why Did Crypto Prices Spike When US GDP Q2 -0.9% And Fed Raised Interest Rates?,news,200,Indexable,2334,156,0,0,,,0,0,yes,delete,high,P1,no_signal
https://coincu.com/why-decentralized-hosting-is-the-future/,Why Decentralized Hosting Is The Future Of The Internet?,Why Decentralized Hosting Is The Future Of The Internet?,news,200,Indexable,3772,112,0,0,,,0,0,yes,delete,high,P1,no_signal
https://coincu.com/why-digital-humans-are-the-future-of-brand-interaction-and-customer-service/,Why Digital Humans Are the Future of Brand Interaction and Customer Service,Why Digital Humans Are the Future of Brand Interaction and Customer Service,news,200,Indexable,2543,186,0,0,,,0,0,yes,delete,high,P1,no_signal
https://coincu.com/why-ethereum-investors-are-concerned/,Why Ethereum Investors Are Still Concerned Despite ETH's Recent 9% Gain,Why Ethereum Investors Are Still Concerned Despite ETH’s Recent 9% Gain,news,200,Indexable,2152,148,0,0,,,0,0,yes,delete,high,P1,no_signal
https://coincu.com/why-ethereum-is-clearly-a-security/,Why Ethereum Is Clearly A Security,Why Ethereum Is Clearly A Security,news,200,Indexable,2138,154,0,0,,,0,0,yes,delete,high,P1,no_signal
https://coincu.com/why-ethereums-eth-2016-level-supply/,Why Ethereum's (ETH) 2016-Level Supply Could Spark a Rally,Why Ethereum’s (ETH) 2016-Level Supply Could Spark a Rally,news,200,Indexable,2034,114,0,0,,,0,0,yes,delete,high,P1,no_signal
https://coincu.com/why-floppypepe-fppe-could-surpass-spot-bitcoin-etfs-daily-inflow-of-171-million/,Why FloppyPepe (FPPE) Could Surpass Spot Bitcoin ETFs Daily Inflow Of $171 Million,Why FloppyPepe (FPPE) Could Surpass Spot Bitcoin ETFs Daily Inflow Of $171 Million,news,200,Indexable,2389,124,0,0,,,0,0,yes,delete,high,P1,no_signal
https://coincu.com/why-investors-are-choosing-pepeto-over-pengu-in-2025/,Pulling Out From PENGU? Try PEPETO Instead,Pulling Out From PENGU? Try PEPETO Instead,news,200,Indexable,2315,123,0,0,,,0,0,yes,delete,high,P1,no_signal
https://coincu.com/why-is-arbitrum-dominance-optimism/,Why Is Arbitrum Having Certain Dominance Against Optimism?,Why Is Arbitrum Having Certain Dominance Against Optimism?,news,200,Indexable,3027,139,0,0,,,0,0,yes,delete,high,P1,no_signal
https://coincu.com/why-is-cryptocurrency-still-not-regulated-in-vietnam/,Why is Cryptocurrency Still Not Regulated in Vietnam?,Why is Cryptocurrency Still Not Regulated in Vietnam?,news,200,Indexable,2272,157,0,0,,,0,0,yes,delete,high,P1,no_signal
https://coincu.com/why-is-freemint-nft-so-hot/,Why Is Freemint NFT So Hot?,Why Is Freemint NFT So Hot?,news,200,Indexable,2419,110,0,0,,,0,0,yes,delete,high,P1,no_signal
https://coincu.com/why-is-moodeng-surged-nearly-100-today/,Why Is MOODENG Surged Nearly 100% Today?,Why Is MOODENG Surged Nearly 100% Today?,news,200,Indexable,2154,155,0,0,,,0,0,yes,delete,high,P1,no_signal
https://coincu.com/why-is-the-pepe-frog-version-popular/,"With 230,000 Mintings, Why Is The Pepe Frog Version Of Checks NFT Popular Lately?","With 230,000 Mintings, Why Is The Pepe Frog Version Of Checks NFT Popular Lately?",news,200,Indexable,3161,153,0,0,,,0,0,yes,delete,high,P1,no_signal
https://coincu.com/why-ledgers-function-cause-controversy/,Why Did Ledger's New Recover Function Cause Controversy?,Why Did Ledger’s New Recover Function Cause Controversy?,news,200,Indexable,3658,158,0,0,,,0,0,yes,delete,high,P1,no_signal
https://coincu.com/why-litecoins-latest-move-is-turning-heads/,Why Litecoin's Latest Move is Turning Heads in the Crypto World?,Why Litecoin’s Latest Move is Turning Heads in the Crypto World?,news,200,Indexable,2041,149,0,0,,,0,0,yes,delete,high,P1,no_signal
https://coincu.com/why-metaverse-has-potential-p1/,Why Metaverse Has Potential For Venture Capital Companies? (Part 1),Why Metaverse Has Potential For Venture Capital Companies? (Part 1),news,200,Indexable,2190,106,0,0,,,0,0,yes,delete,high,P1,no_signal
https://coincu.com/why-metaverse-has-potential-p2/,Why Metaverse Has Potential For Venture Capital Companies? (Part 2),Why Metaverse Has Potential For Venture Capital Companies? (Part 2),news,200,Indexable,2157,109,0,0,,,0,0,yes,delete,high,P1,no_signal
https://coincu.com/why-metaverse-has-potential-p3/,Why Metaverse Has Potential For Venture Capital Companies? (Part 3),Why Metaverse Has Potential For Venture Capital Companies? (Part 3),news,200,Indexable,2219,135,0,0,,,0,0,yes,delete,high,P1,no_signal
https://coincu.com/why-monero-xmr-is-untraceable/,Why Monero (XMR) is untraceable?,Why Monero (XMR) is untraceable?,news,200,Indexable,2349,170,0,0,,,0,0,yes,delete,high,P1,no_signal
https://coincu.com/why-peanut-the-squirrel-pnut-surged-400-a-day/,Why Peanut the Squirrel (PNUT) Surged 400% in a Single Day?,Why Peanut the Squirrel (PNUT) Surged 400% in a Single Day?,news,200,Indexable,2205,146,0,0,,,0,0,yes,delete,high,P1,no_signal
https://coincu.com/why-qubetics-could-be-the-next-crypto-to-hit-1-while-polkadots-breakout-and-near-protocols-bitcoin-focus-steal-the-spotlight/,Why Qubetics Is Seen as the Next Crypto to Hit $1 While Polkadot’s Triangle Pattern and Near Protocol’s DeFi Revolution Dominate the Market,Why Qubetics Is Seen as the Next Crypto to Hit $1 While Polkadot’s Triangle Pattern and Near Protocol’s DeFi Revolution Dominate the Market,news,200,Indexable,2826,167,0,0,,,0,0,yes,delete,high,P1,no_signal
https://coincu.com/why-skilled-developers-are-charting-the-course-of-web3/,Why Skilled Developers are Charting the Course of Web3,Why Skilled Developers are Charting the Course of Web3,news,200,Indexable,2461,110,0,0,,,0,0,yes,delete,high,P1,no_signal
https://coincu.com/why-smart-investors-are-comparing-pepeto-to-shiba-inu/,Why Smart Investors Are Comparing Pepeto to Shiba Inu,Why Smart Investors Are Comparing Pepeto to Shiba Inu,news,200,Indexable,2274,117,0,0,,,0,0,yes,delete,high,P1,no_signal
https://coincu.com/why-solana-network-increasingly-popular/,Why Solana Network Increasingly Popular?,Why Solana Network Increasingly Popular?,news,200,Indexable,2570,157,0,0,,,0,0,yes,delete,high,P1,no_signal
https://coincu.com/why-support-dydx-leaving-eth-2/,Why Support dYdX Leaving ETH To Build Its Own Chain?,Why Support dYdX Leaving ETH To Build Its Own Chain?,news,200,Indexable,2547,4,0,0,,,0,0,yes,delete,high,P1,no_signal
https://coincu.com/why-the-bitcoin-blockchain-cannot-hacked/,The Reason Why The Bitcoin Blockchain Cannot Be Hacked,The Reason Why The Bitcoin Blockchain Cannot Be Hacked,news,200,Indexable,2125,155,0,0,,,0,0,yes,delete,high,P1,no_signal
https://coincu.com/why-the-viral-catslap-trend-proves-dogeball-is-the-most-popular-crypto-for-1000x-seekers/,Why the Viral CatSlap Trend Proves DOGEBALL is the Most Popular Crypto for 1000x Seekers,Why the Viral CatSlap Trend Proves DOGEBALL is the Most Popular Crypto for 1000x Seekers,news,200,Indexable,3131,148,0,0,,,0,0,yes,delete,high,P1,no_signal
https://coincu.com/why-xrp-surged-400-in-the-past-month/,Why XRP Surged 400% in the Past Month?,Why XRP Surged 400% in the Past Month?,news,200,Indexable,2096,144,0,0,,,0,0,yes,delete,high,P1,no_signal
https://coincu.com/why-you-should-pay-close-attention-bitcoin/,Why You Should Pay Close Attention to Bitcoin This Week?,Why You Should Pay Close Attention to Bitcoin This Week?,news,200,Indexable,2133,151,0,0,,,0,0,yes,delete,high,P1,no_signal
https://coincu.com/wife-of-binance-exec-tigran-gambaryan/,Wife of Binance Exec Tigran Gambaryan Now Calls for Help from US,Wife of Binance Exec Tigran Gambaryan Now Calls for Help from US,news,200,Indexable,2145,112,0,0,,,0,0,yes,delete,high,P1,no_signal
https://coincu.com/wiki-finance-expo-bangkok-2024/,Wiki Finance Expo Bangkok 2024 to Showcase Asia's Fintech Prowess,Wiki Finance Expo Bangkok 2024 to Showcase Asia’s Fintech Prowess,press_release_like,200,Indexable,2161,116,0,0,,,0,0,yes,delete,high,P1,event_pr_signal
https://coincu.com/wiki-finance-expo-hong-kong-2024-is-coming-in-may/,Wiki Finance Expo Hong Kong 2024 Is Coming in May!,Wiki Finance Expo Hong Kong 2024 Is Coming in May!,press_release_like,200,Indexable,2115,157,0,0,,,0,0,yes,delete,high,P1,event_pr_signal
https://coincu.com/wiki-finance-expo-hong-kong-2024/,Wiki Finance Expo Hong Kong 2024 Unites Fintech Innovators and Industry Titans,Wiki Finance Expo Hong Kong 2024 Unites Fintech Innovators and Industry Titans,press_release_like,200,Indexable,2068,156,0,0,,,0,0,yes,delete,high,P1,event_pr_signal
https://coincu.com/will-apecoin-hold-the-2-price/,Will ApeCoin Hold The $2 Price To Get Through The Crisis?,Will ApeCoin Hold The $2 Price To Get Through The Crisis?,news,200,Indexable,2070,134,0,0,,,0,0,yes,delete,high,P1,no_signal
https://coincu.com/will-avalanche-avax-see-a-bullish-sign-2023/,Will Avalanche (AVAX) See A Bullish Sign In 2023?,Will Avalanche (AVAX) See A Bullish Sign In 2023?,news,200,Indexable,2090,164,0,0,,,0,0,yes,delete,high,P1,no_signal
https://coincu.com/will-bitcoin-crash-if-etf-fails-decision-the-sec/,Will Bitcoin Crash If ETF Fails After The Final Decision Of The SEC?,Will Bitcoin Crash If ETF Fails After The Final Decision Of The SEC?,news,200,Indexable,3562,209,0,0,,,0,0,yes,delete,high,P1,no_signal
https://coincu.com/will-bitcoin-crash-or-soar-past-105k-in-2024/,Will Bitcoin Crash or Soar Past $105K in 2024?,Will Bitcoin Crash or Soar Past $105K in 2024?,news,200,Indexable,2565,138,0,0,,,0,0,yes,delete,high,P1,no_signal
https://coincu.com/will-bitcoin-hit-100k-by-year-end-as-hopes-rise/,Will Bitcoin Hit 100K by Year-End as Hopes Rise?,Will Bitcoin Hit 100K by Year-End as Hopes Rise?,news,200,Indexable,2125,128,0,0,,,0,0,yes,delete,high,P1,no_signal
https://coincu.com/will-bitcoin-to-the-moon-soon/,"Will Bitcoin ""To The Moon"" Soon?",Will Bitcoin “To The Moon” Soon?,news,200,Indexable,2159,155,0,0,,,0,0,yes,delete,high,P1,no_signal
https://coincu.com/will-blockchain-still-exist/,Will Blockchain Still Exist In The Coming Years With Overwhelming Trends?,Will Blockchain Still Exist In The Coming Years With Overwhelming Trends?,news,200,Indexable,3279,384,0,0,,,0,0,yes,delete,high,P1,no_signal
https://coincu.com/will-brian-quintenz-redefine-crypto-rules/,Will Brian Quintenz Redefine Crypto Rules at the CFTC Helm?,Will Brian Quintenz Redefine Crypto Rules at the CFTC Helm?,news,200,Indexable,2259,125,0,0,,,0,0,yes,delete,high,P1,no_signal
https://coincu.com/will-degods-and-y00ts-break-through/,Will Degods And y00ts Break Through When Moving Into New Homes?,Will Degods And y00ts Break Through When Moving Into New Homes?,news,200,Indexable,2926,158,0,0,,,0,0,yes,delete,high,P1,no_signal
https://coincu.com/will-ethereum-ecosystem-explode/,Will Ethereum Ecosystem Applications Explode Again In 2023?,Will Ethereum Ecosystem Applications Explode Again In 2023?,news,200,Indexable,3912,134,0,0,,,0,0,yes,delete,high,P1,no_signal
https://coincu.com/will-ethereum-have-a-chance/,Crypto Events Worth Noting In March. Will Ethereum Have A Good Chance To Explode Again?,Crypto Events Worth Noting In March. Will Ethereum Have A Good Chance To Explode Again?,news,200,Indexable,3199,239,0,0,,,0,0,yes,delete,high,P1,no_signal
https://coincu.com/will-ethereum-hold-critical-support-at-1600/,"Will Ethereum Hold Critical Support At $1,600?","Will Ethereum Hold Critical Support At $1,600?",news,200,Indexable,2090,104,0,0,,,0,0,yes,delete,high,P1,no_signal
https://coincu.com/will-ethereum-overtake-bitcoin/,Will Ethereum Overtake Bitcoin?,Will Ethereum Overtake Bitcoin?,news,200,Indexable,2094,151,0,0,,,0,0,yes,delete,high,P1,no_signal
https://coincu.com/will-layer-2-shibarium-overcome-difficulties/,Will Layer 2 Shibarium Overcome Difficulties To Create New Breakthrough For Shiba Inu?,Will Layer 2 Shibarium Overcome Difficulties To Create New Breakthrough For Shiba Inu?,news,200,Indexable,2923,299,0,0,,,0,0,yes,delete,high,P1,no_signal
https://coincu.com/will-link-47-level-be-next-as-chainlink/,"Will LINK $47 Level Be Next as Chainlink Adds 1,963 Addresses?","Will LINK $47 Level Be Next as Chainlink Adds 1,963 Addresses?",news,200,Indexable,2065,162,0,0,,,0,0,yes,delete,high,P1,no_signal
https://coincu.com/will-link-price-rebound-as-whales-buy/,Will LINK Price Rebound as Whales Buy 800K LINK in Dip?,Will LINK Price Rebound as Whales Buy 800K LINK in Dip?,news,200,Indexable,2033,145,0,0,,,0,0,yes,delete,high,P1,no_signal
https://coincu.com/will-mpeppe-mpepe-thrive-admist-the-largest-pepe-short-liquidation-in-history-experts-say-yes/,Will Mpeppe (MPEPE) Thrive Admist the Largest PEPE Short Liquidation in History? Experts Say Yes!,Will Mpeppe (MPEPE) Thrive Admist the Largest PEPE Short Liquidation in History? Experts Say Yes!,news,200,Indexable,2409,202,0,0,,,0,0,yes,delete,high,P1,no_signal
https://coincu.com/will-nft-ticketing-be-good-medicine/,Can NFT+Ticketing Be Good Medicine For Diseases That Plague In Ticketing Market?,Can NFT+Ticketing Be Good Medicine For Diseases That Plague In Ticketing Market?,news,200,Indexable,4437,154,0,0,,,0,0,yes,delete,high,P1,no_signal
https://coincu.com/will-solana-sol-and-mpeppe-mpepe-outperform-the-market-in-july-2024/,Will Solana (SOL) and Mpeppe (MPEPE) Outperform the Market in July 2024?,Will Solana (SOL) and Mpeppe (MPEPE) Outperform the Market in July 2024?,news,200,Indexable,2394,196,0,0,,,0,0,yes,delete,high,P1,no_signal
https://coincu.com/will-sui-price-break-out/,Will Sui Price Break Out to Create a New Growth Wave?,Will Sui Price Break Out to Create a New Growth Wave?,news,200,Indexable,2213,119,0,0,,,0,0,yes,delete,high,P1,no_signal
https://coincu.com/will-the-fed-be-cautious/,Will The Fed Be Cautious With A Crisis Market At Its Next Meeting?,Will The Fed Be Cautious With A Crisis Market At Its Next Meeting?,news,200,Indexable,3003,150,0,0,,,0,0,yes,delete,high,P1,no_signal
https://coincu.com/will-tom-brady-comeback/,"After The Crisis Of FTX, Will Tom Brady Make A Comeback In Encryption?","After The Crisis Of FTX, Will Tom Brady Make A Comeback In Encryption?",news,200,Indexable,3635,158,0,0,,,0,0,yes,delete,high,P1,no_signal
https://coincu.com/will-worldcoin-return-to-1-price-zone/,Will Worldcoin Return to $1 Price Zone Thanks to World Network's Visa Partnership?,Will Worldcoin Return to $1 Price Zone Thanks to World Network’s Visa Partnership?,news,200,Indexable,2246,160,0,0,,,0,0,yes,delete,high,P1,no_signal
https://coincu.com/will-xrp-soar-as-pepeto-expands-its-market-influence/,XRP Set to Moon Amidst PEPETO Presale,XRP Set to Moon Amidst PEPETO Presale,news,200,Indexable,2358,134,0,0,,,0,0,yes,delete,high,P1,no_signal
https://coincu.com/williams-inflation-employment-risks-balance-rates-unchanged/,"Williams Says Inflation, Jobs Risks Support Steady Rates","Williams Says Inflation, Jobs Risks Support Steady Rates",news,200,Indexable,2956,154,0,0,,,0,0,yes,delete,high,P1,no_signal
https://coincu.com/williams-racing-and-kraken-unite/,Williams Racing And Kraken Unite To Bring NFT Magic To Formula One,Williams Racing And Kraken Unite To Bring NFT Magic To Formula One,news,200,Indexable,2150,110,0,0,,,0,0,yes,delete,high,P1,no_signal
https://coincu.com/williams-rising-energy-prices-fed-dual-mandate/,Fed's Williams Says Rising Energy Prices Threaten Both Sides of Dual Mandate,Fed’s Williams Says Rising Energy Prices Threaten Both Sides of Dual Mandate,news,200,Indexable,3203,157,0,0,,,0,0,yes,delete,high,P1,no_signal
https://coincu.com/willy-woo-paper-btc-to-real-btc-ratio-token2049/,Willy Woo Reveals Paper BTC To Real BTC Ratio Of 20 In Token2049 Speech,Willy Woo Reveals Paper BTC To Real BTC Ratio Of 20%-30% In Token2049 Speech,news,200,Indexable,2082,170,0,0,,,0,0,yes,delete,high,P1,no_signal
https://coincu.com/winklevoss-bombshell-allegations-against-dcg/,Winklevoss Drops Bombshell Allegations Against DCG With Fraud And Lies,Winklevoss Drops Bombshell Allegations Against DCG With Fraud And Lies,news,200,Indexable,2292,124,0,0,,,0,0,yes,delete,high,P1,no_signal
https://coincu.com/winklevoss-lend-gemini-100m/,Winklevoss Brothers Lend Gemini $100 Million During Recession,Winklevoss Brothers Lend Gemini $100 Million During Recession,news,200,Indexable,2039,189,0,0,,,0,0,yes,delete,high,P1,no_signal
https://coincu.com/winklevoss-twins-loan-100m-to-gemini/,Winklevoss Twins Loan $100M To Gemini Amid Crypto Market Downturn,Winklevoss Twins Loan $100M To Gemini Amid Crypto Market Downturn,news,200,Indexable,2127,186,0,0,,,0,0,yes,delete,high,P1,no_signal
https://coincu.com/winklevoss-twins-take-gemini-public/,Winklevoss Twins Take Gemini Public as Losses Mount,Winklevoss Twins Take Gemini Public as Losses Mount,news,200,Indexable,2137,130,0,0,,,0,0,yes,delete,high,P1,no_signal
https://coincu.com/winrar-vulnerability-cryptocurrency-beware/,"WinRAR Has Remote Code Execution Vulnerability, Cryptocurrency Users Beware","WinRAR Has Remote Code Execution Vulnerability, Cryptocurrency Users Beware",news,200,Indexable,1992,131,0,0,,,0,0,yes,delete,high,P1,no_signal
https://coincu.com/wintermute-attacked-due-leaked-private-key/,Wintermute Attacked Due To Leaked Private Key,Wintermute Attacked Due To Leaked Private Key,news,200,Indexable,2051,152,0,0,,,0,0,yes,delete,high,P1,no_signal
https://coincu.com/wintermute-becomes-one-ribbon-borrowers/,Wintermute Becomes One Of Ribbon Lend's First Two Borrowers,Wintermute Becomes One Of Ribbon Lend’s First Two Borrowers,news,200,Indexable,2049,153,0,0,,,0,0,yes,delete,high,P1,no_signal
https://coincu.com/wintermute-ceo-full-update-160m-dollar-hack/,Wintermute CEO Full Update About 160 Million Dollar Hack,Wintermute CEO Full Update About 160 Million Dollar Hack,news,200,Indexable,2146,145,0,0,,,0,0,yes,delete,high,P1,no_signal
https://coincu.com/wintermute-defi-liquidity-crisis/,Wintermute Faces Liquidity Imbalance During DeFi Market Crisis,Wintermute Faces Liquidity Imbalance During DeFi Market Crisis,news,200,Indexable,2160,108,0,0,,,0,0,yes,delete,high,P1,no_signal
https://coincu.com/wintermute-deposits-7-58-m-in-babydoge-to-cex/,Wintermute Deposits Nearly $7.58 Million in BABYDOGE to CEX,Wintermute Deposits Nearly $7.58 Million in BABYDOGE to CEX,news,200,Indexable,2077,144,0,0,,,0,0,yes,delete,high,P1,no_signal
https://coincu.com/wintermute-fundraising-300-with-tencent-report/,Wintermute Fundraising Aims For $200-300 Million With Tencent: Report,Wintermute Fundraising Aims For $200-300 Million With Tencent: Report,news,200,Indexable,2058,145,0,0,,,0,0,yes,delete,high,P1,no_signal
https://coincu.com/wintermute-loses-160m-defi-hack/,Wintermute Loses $160M In The Most Recent DeFi Hack,Wintermute Loses $160M In The Most Recent DeFi Hack,news,200,Indexable,2111,111,0,0,,,0,0,yes,delete,high,P1,no_signal
https://coincu.com/wintermute-paid-96-million/,Wintermute Paid $96 Million Debt For TrueFi,Wintermute Paid $96 Million Debt For TrueFi,news,200,Indexable,2016,157,0,0,,,0,0,yes,delete,high,P1,no_signal
https://coincu.com/wintermute-prepares-for-2023s-biggest-op-tokens-unlock-event/,Wintermute Prepares For 2023's Biggest OP Tokens Unlock Event,Wintermute Prepares For 2023’s Biggest OP Tokens Unlock Event,news,200,Indexable,2219,95,0,0,,,0,0,yes,delete,high,P1,no_signal
https://coincu.com/wintermute-trading-accused-celsius-scam/,Wintermute Trading Accused Of Helping Celsius CEO Scam Investors: Report,Wintermute Trading Accused Of Helping Celsius CEO Scam Investors: Report,news,200,Indexable,2198,254,0,0,,,0,0,yes,delete,high,P1,no_signal
https://coincu.com/wintermute-trading-transfers-5-08m/,Breaking: Wintermute Trading Transfers $5.08M Worth of $DYDX to Exchanges,BREAKING: Wintermute Trading Transfers $5.08M Worth of DYDX to Exchanges,news,200,Indexable,2148,234,0,0,,,0,0,yes,delete,high,P1,no_signal
https://coincu.com/wintermute-transfers-2-46m-op-to-bolster-binance/,Wintermute Transfers $2.46M OP to Bolster Binance Holdings,Wintermute Transfers $2.46M OP to Bolster Binance Holdings,news,200,Indexable,2094,80,0,0,,,0,0,yes,delete,high,P1,no_signal
https://coincu.com/wintermute-transfers-7m-blur-across-coinbase/,"Wintermute Transfers $7M BLUR Across Coinbase, OKX, Kraken!","Wintermute Transfers $7M BLUR Across Coinbase, OKX, Kraken!",news,200,Indexable,2133,102,0,0,,,0,0,yes,delete,high,P1,no_signal
https://coincu.com/wirex-and-utorg-bring-seamless-crypto-to-card-spending-to-2m-users-worldwide/,Wirex and Utorg Bring Seamless Crypto-to-Card Spending to 2M+ Users Worldwide,Wirex and Utorg Bring Seamless Crypto-to-Card Spending to 2M+ Users Worldwide,news,200,Indexable,2413,37,0,0,,,0,0,yes,delete,high,P1,no_signal
https://coincu.com/wirex-the-pioneer-of-web3-payments/,Wirex: The Pioneer of Web3 Payments,Wirex: The Pioneer of Web3 Payments,news,200,Indexable,3228,95,0,0,,,0,0,yes,delete,high,P1,no_signal
https://coincu.com/wisconsin-investment-holds-ishares-bitcoin-etf/,Wisconsin Investment Council Holds $99 Million in iShares Bitcoin ETF!,Wisconsin Investment Council Holds $99 Million in iShares Bitcoin ETF!,news,200,Indexable,2175,183,0,0,,,0,0,yes,delete,high,P1,no_signal
https://coincu.com/wisdomtree-choose-avalanche-subnet/,"WisdomTree, T. Rowe Price Choose Avalanche Subnet For Trading Testing","WisdomTree, T. Rowe Price Choose Avalanche Subnet For Trading Testing",news,200,Indexable,2283,132,0,0,,,0,0,yes,delete,high,P1,no_signal
https://coincu.com/wisdomtree-crypto-asset-holdings-fell-36/,WisdomTree Crypto Asset Holdings Fell 36% In Third Quarter,WisdomTree Crypto Asset Holdings Fell 36% In Third Quarter,news,200,Indexable,2029,157,0,0,,,0,0,yes,delete,high,P1,no_signal
https://coincu.com/wisdomtree-crypto-services-approved-in-new-york/,WisdomTree Crypto Services Now Approved to Operate In New York,WisdomTree Crypto Services Now Approved to Operate In New York,news,200,Indexable,2081,87,0,0,,,0,0,yes,delete,high,P1,no_signal
https://coincu.com/wisdomtree-enters-spot-bitcoin-etf-race/,Big Asset Management Wisdomtree Enters Spot Bitcoin ETF Race - Coincu - Latest Cryptocurrency News and Analysis 1,Big Asset Management Wisdomtree Enters Spot Bitcoin ETF Race,news,200,Indexable,2110,145,0,0,,,0,0,yes,delete,high,P1,no_signal
https://coincu.com/wisdomtree-etf-rejected-by-sec-again/,WisdomTree Bitcoin Spot ETF Application Rejected By SEC Again,WisdomTree Bitcoin Spot ETF Application Rejected By SEC Again,news,200,Indexable,1963,137,0,0,,,0,0,yes,delete,high,P1,no_signal
https://coincu.com/wisdomtree-ethereum-trust-s-1-filing/,WisdomTree Ethereum Trust S-1 Filing Has Now Been Withdrawn,WisdomTree Ethereum Trust S-1 Filing Has Now Been Withdrawn,news,200,Indexable,2079,124,0,0,,,0,0,yes,delete,high,P1,no_signal
https://coincu.com/wisdomtree-expands-tokenized-fund-access/,WisdomTree Expands Tokenized Fund Access to Solana in Multichain Push,WisdomTree Expands Tokenized Fund Access to Solana in Multichain Push,news,200,Indexable,2076,149,0,0,,,0,0,yes,delete,high,P1,no_signal
https://coincu.com/wisdomtree-nine-new-blockchain-funds/,WisdomTree Announces Nine New Blockchain-Enabled Funds,WisdomTree Announces Nine New Blockchain-Enabled Funds,news,200,Indexable,1988,137,0,0,,,0,0,yes,delete,high,P1,no_signal
https://coincu.com/wisdomtree-physical-btc-and-ethereum-etps-on-lse/,WisdomTree Lists Physical Bitcoin and Ethereum ETPs on London Stock Exchange!,WisdomTree Lists Physical Bitcoin and Ethereum ETPs on London Stock Exchange!,news,200,Indexable,2161,126,0,0,,,0,0,yes,delete,high,P1,no_signal
https://coincu.com/wisdomtree-revised-spot-bitcoin-etf-filling/,WisdomTree Now Submits Revised Spot Bitcoin ETF Filling To Seek SEC's Approval,WisdomTree Now Submits Revised Spot Bitcoin ETF Filling To Seek SEC’s Approval,news,200,Indexable,2036,190,0,0,,,0,0,yes,delete,high,P1,no_signal
https://coincu.com/wisdomtree-spot-bitcoin-etf-drops-fee/,Wisdomtree Spot Bitcoin ETF Drops Fee To 0.3% In New S-1 Filing,Wisdomtree Spot Bitcoin ETF Drops Fee To 0.3% In New S-1 Filing,news,200,Indexable,2119,140,0,0,,,0,0,yes,delete,high,P1,no_signal
https://coincu.com/wisdomtree-spot-bitcoin-etf-liste-dtcc/,WisdomTree Spot Bitcoin ETF Is Now Listed On The DTCC To Prepare For The Coming Boom,WisdomTree Spot Bitcoin ETF Is Now Listed On The DTCC To Prepare For The Coming Boom,news,200,Indexable,2150,129,0,0,,,0,0,yes,delete,high,P1,no_signal
https://coincu.com/wisdomtree-spot-xrp-etf-seeks-sec-approval/,WisdomTree Spot XRP ETF Seeks SEC Approval With S-1 Application,WisdomTree Spot XRP ETF Seeks SEC Approval With S-1 Application,news,200,Indexable,2103,136,0,0,,,0,0,yes,delete,high,P1,no_signal
https://coincu.com/wisdomtree-tokenized-funds-solana/,WisdomTree Expands Tokenized Funds to Solana Blockchain,WisdomTree Expands Tokenized Funds to Solana Blockchain,news,200,Indexable,2190,114,0,0,,,0,0,yes,delete,high,P1,no_signal
https://coincu.com/withdrawal-binance-abu-dhabi-license-application/,Withdrawal Of New Binance Abu Dhabi License Application Doesn't Affect The Exchange,Withdrawal Of New Binance Abu Dhabi License Application Doesn’t Affect The Exchange,news,200,Indexable,2103,150,0,0,,,0,0,yes,delete,high,P1,no_signal
https://coincu.com/witnesses-sam-bankman-fried-proposal-rejected/,7 Expert Witnesses In Sam Bankman-Fried Proposal All Rejected By DOJ,7 Expert Witnesses In Sam Bankman-Fried Proposal All Rejected By DOJ,news,200,Indexable,2020,137,0,0,,,0,0,yes,delete,high,P1,no_signal
https://coincu.com/wix-partner-triplea-allow-cryptocurrency/,Wix Partnered With TripleA To Allow Its Merchants To Pay With Cryptocurrency,Wix Partnered With TripleA To Allow Its Merchants To Pay With Cryptocurrency,news,200,Indexable,2087,153,0,0,,,0,0,yes,delete,high,P1,no_signal
https://coincu.com/wizzwoods-10m-series-a-animoca-ivc/,"Wizzwoods Secures $10M Series A, Led by Animoca and IVC","Wizzwoods Secures $10M Series A, Led by Animoca and IVC",news,200,Indexable,2003,98,0,0,,,0,0,yes,delete,high,P1,no_signal
https://coincu.com/wld-recovery-falling-wedge-eye-0-62/,"WLD Shows Recovery Near Falling Wedge Support, Aiming for $0.62 and Beyond","WLD Shows Recovery Near Falling Wedge Support, Aiming for $0.62 and Beyond",news,200,Indexable,2169,116,0,0,,,0,0,yes,delete,high,P1,no_signal
https://coincu.com/wld-whale-scores-91-gain/,"WLD Whale Scores 91% Gain, Moves $9.3M to Binance","WLD Whale Scores 91% Gain, Moves $9.3M to Binance",news,200,Indexable,2117,108,0,0,,,0,0,yes,delete,high,P1,no_signal
https://coincu.com/wlf-advisor-ogle-aster-position/,WLFI Advisor Ogle Reopens ASTER Long Position with 3x Leverage,WLFI Advisor Ogle Reopens ASTER Long Position with 3x Leverage,news,200,Indexable,2120,89,0,0,,,0,0,yes,delete,high,P1,no_signal
https://coincu.com/wlf-wlfi-token-buyback-plan/,World Liberty Financial Approves WLFI Token Buyback Plan,World Liberty Financial Approves WLFI Token Buyback Plan,news,200,Indexable,2147,79,0,0,,,0,0,yes,delete,high,P1,no_signal
https://coincu.com/wlfi-bounces-hard/,"WLFI Bounces Hard, Is a Massive Rally Incoming?","WLFI Bounces Hard, Is a Massive Rally Incoming?",news,200,Indexable,2199,108,0,0,,,0,0,yes,delete,high,P1,no_signal
https://coincu.com/wlfi-exchange-trading-approved/,WLFI Token Approved for Exchange Trading After Community Vote,WLFI Token Approved for Exchange Trading After Community Vote,news,200,Indexable,2071,67,0,0,,,0,0,yes,delete,high,P1,no_signal
https://coincu.com/wlfi-forms-perfect-cup-and-handle-pattern/,WLFI Forms Perfect Cup and Handle Pattern with 50% Rally Target Ahead,WLFI Forms Perfect Cup and Handle Pattern with 50% Rally Target Ahead,news,200,Indexable,2137,122,0,0,,,0,0,yes,delete,high,P1,no_signal
https://coincu.com/wlfi-surge-eth-short-squeeze/,"WLFI Surge: Yi Lihua Backs Buybacks, ETH Faces Short Squeeze","WLFI Surge: Yi Lihua Backs Buybacks, ETH Faces Short Squeeze",news,200,Indexable,2126,110,0,0,,,0,0,yes,delete,high,P1,no_signal
https://coincu.com/wlfi-token-expenditure-debate/,World Liberty Financial Faces Token Expenditure Debate Over USD1 Plan,World Liberty Financial Faces Token Expenditure Debate Over USD1 Plan,news,200,Indexable,2165,104,0,0,,,0,0,yes,delete,high,P1,no_signal
https://coincu.com/wlfi-token-set-to-trade-by-late-august/,WLFI Token Set to Trade by Late August Following Overwhelming Community Approval,WLFI Token Set to Trade by Late August Following Overwhelming Community Approval,news,200,Indexable,2132,118,0,0,,,0,0,yes,delete,high,P1,no_signal
https://coincu.com/wlfi-tokens-tradable-soon/,WLFI Tokens Set for Trading After Community Approval,WLFI Tokens Set for Trading After Community Approval,news,200,Indexable,2166,115,0,0,,,0,0,yes,delete,high,P1,no_signal
https://coincu.com/wlfi-transfers-binance-market/,WLFI Transfers $14.19 Million to Binance Amid Market Fluctuations,WLFI Transfers $14.19 Million to Binance Amid Market Fluctuations,news,200,Indexable,2125,100,0,0,,,0,0,yes,delete,high,P1,no_signal
https://coincu.com/wlfi-under-fireanalyst-warns-hyperliquid/,WLFI Under Fire: Analyst Warns Hyperliquid Could Be Next,WLFI Under Fire: Analyst Warns Hyperliquid Could Be Next,news,200,Indexable,2077,118,0,0,,,0,0,yes,delete,high,P1,no_signal
https://coincu.com/wlfs-usd1-stablecoin-approved-abroad/,"WLF’s USD1 Stablecoin Approved Abroad, Under Fire in U.S.","WLF’s USD1 Stablecoin Approved Abroad, Under Fire in U.S.",news,200,Indexable,2079,118,0,0,,,0,0,yes,delete,high,P1,no_signal
https://coincu.com/women-are-still-very-optimistic/,Women Are Still Very Optimistic About The Current Crypto Market,Women Are Still Very Optimistic About The Current Crypto Market,news,200,Indexable,2098,153,0,0,,,0,0,yes,delete,high,P1,no_signal
https://coincu.com/wondering-about-opinions-of-genz-on-web3/,Wondering About Opinions Of GenZ On Web3 Impact Of FTX,Wondering About Opinions Of GenZ On Web3 Impact Of FTX,news,200,Indexable,3928,54,0,0,,,0,0,yes,delete,high,P1,no_signal
https://coincu.com/woori-bank-will-launch-metaverse/,Woori Bank Will Launch 3D Metaverse Banking Service For Small Businesses,Woori Bank Will Launch 3D Metaverse Banking Service For Small Businesses,news,200,Indexable,1962,200,0,0,,,0,0,yes,delete,high,P1,no_signal
https://coincu.com/work-axelar-integrates-with-celo/,Cross-chain Interoperability Network Axelar Integrates With Celo,Cross-chain Interoperability Network Axelar Integrates With Celo,news,200,Indexable,1939,158,0,0,,,0,0,yes,delete,high,P1,no_signal
https://coincu.com/workers-accept-cryptocurrency/,Workers In Unstable Economies Are More Inclined To Accept Cryptocurrency Payments: 2022 Report,Workers In Unstable Economies Are More Inclined To Accept Cryptocurrency Payments: 2022 Report,news,200,Indexable,2116,144,0,0,,,0,0,yes,delete,high,P1,no_signal
https://coincu.com/world-app-sees-3x-increase-worldcoin-launch/,World App Sees 3X Increase In Active Users Following Worldcoin Launch,World App Sees 3X Increase In Active Users Following Worldcoin Launch,news,200,Indexable,2035,164,0,0,,,0,0,yes,delete,high,P1,no_signal
https://coincu.com/world-app-surpasses-500k-transactions-24-hours/,World App Surpasses 500K Transactions in 24 Hours!,World App Surpasses 500K Transactions in 24 Hours!,news,200,Indexable,2151,191,0,0,,,0,0,yes,delete,high,P1,no_signal
https://coincu.com/world-blockchain-summit-bangkok-2023-blockchain/,World Blockchain Summit Bangkok 2023: Transforming Businesses With Blockchain,World Blockchain Summit Bangkok 2023: Transforming Businesses With Blockchain,press_release_like,200,Indexable,1924,160,0,0,,,0,0,yes,delete,high,P1,event_pr_signal
https://coincu.com/world-crypto-forum-january-15-19-2024/,"World Crypto Forum January 15-19, 2024 Unveils Future of Blockchain!","World Crypto Forum January 15-19, 2024 Unveils Future of Blockchain!",news,200,Indexable,2010,75,0,0,,,0,0,yes,delete,high,P1,no_signal
https://coincu.com/world-cup-crypto-scams-are-increasing/,World Cup Crypto Scams Are Increasing,World Cup Crypto Scams Are Increasing,news,200,Indexable,2305,134,0,0,,,0,0,yes,delete,high,P1,no_signal
https://coincu.com/world-datacentre-summit-vietnam-2026/,"World Datacentre Summit Vietnam 2026 Opens Sponsorship, Speaking, and Exhibition Opportunities","World Datacentre Summit Vietnam 2026 Opens Sponsorship, Speaking, and Exhibition Opportunities",press_release_like,200,Indexable,2056,284,0,0,,,0,0,yes,delete,high,P1,event_pr_signal
https://coincu.com/world-economic-forum-benefits-cbdc/,World Economic Forum Clarifies The Benefits Of Using CBDC,World Economic Forum Clarifies The Benefits Of Using CBDC,news,200,Indexable,2128,158,0,0,,,0,0,yes,delete,high,P1,no_signal
https://coincu.com/world-id-holders-can-delete-ids/,World ID Holders Can Delete IDs To Enhance Personal Data Security,World ID Holders Can Delete IDs To Enhance Personal Data Security,news,200,Indexable,2158,121,0,0,,,0,0,yes,delete,high,P1,no_signal
https://coincu.com/world-id-integrated-into-web3-platforms-pip/,World ID Integrated Into Web3 Platforms pip To Accelerate Digital Identity Development,World ID Integrated Into Web3 Platforms pip To Accelerate Digital Identity Development,news,200,Indexable,2009,134,0,0,,,0,0,yes,delete,high,P1,no_signal
https://coincu.com/world-id-passport-credential-pilot/,World Network Pilots World ID Passport Credential Across 4 Nations,World Network Pilots World ID Passport Credential Across 4 Nations,news,200,Indexable,2134,125,0,0,,,0,0,yes,delete,high,P1,no_signal
https://coincu.com/world-id-verification-carried-out-in-singapore/,World ID Verification Can Now Be Carried Out In Singapore Through Innovative Orb,World ID Verification Can Now Be Carried Out In Singapore Through Innovative Orb,news,200,Indexable,2103,127,0,0,,,0,0,yes,delete,high,P1,no_signal
https://coincu.com/world-id-verification-service-in-malaysia/,World ID Verification Service Now Supported In Malaysia,World ID Verification Service Now Supported In Malaysia,news,200,Indexable,2084,155,0,0,,,0,0,yes,delete,high,P1,no_signal
https://coincu.com/world-liberty-financial-boosts-ether-holdings/,World Liberty Financial Boosts Ether Holdings as Crypto Market Falls,World Liberty Financial Boosts Ether Holdings as Crypto Market Falls,news,200,Indexable,2210,144,0,0,,,0,0,yes,delete,high,P1,no_signal
https://coincu.com/world-liberty-financial-bought-130m-eth/,World Liberty Financial Bought Nearly $130M Worth of ETH in 7 Days,World Liberty Financial Bought Nearly $130M Worth of ETH in 7 Days,news,200,Indexable,2183,116,0,0,,,0,0,yes,delete,high,P1,no_signal
https://coincu.com/world-liberty-financial-completes-raising-250m/,Trump-Backed World Liberty Financial Completes Raising $250 Million in Second Token Sale,Trump-Backed World Liberty Financial Completes Raising $250 Million in Second Token Sale,news,200,Indexable,2263,157,0,0,,,0,0,yes,delete,high,P1,no_signal
https://coincu.com/world-liberty-financial-could-receive-10m/,World Liberty Financial Could Receive $10M Investment From Frax With Aim To Expand DeFi,World Liberty Financial Could Receive $10M Investment From Frax With Aim To Expand DeFi,news,200,Indexable,2085,159,0,0,,,0,0,yes,delete,high,P1,no_signal
https://coincu.com/world-liberty-financial-expands-portfolio/,"World Liberty Financial Expands Portfolio With LINK, TRX and AAVE","World Liberty Financial Expands Portfolio With LINK, TRX and AAVE",news,200,Indexable,2080,137,0,0,,,0,0,yes,delete,high,P1,no_signal
https://coincu.com/world-liberty-financial-forced-lower-fundraising/,World Liberty Financial Forced to Lower Fundraising Level by 90%,World Liberty Financial Forced to Lower Fundraising Level by 90%,news,200,Indexable,2118,134,0,0,,,0,0,yes,delete,high,P1,no_signal
https://coincu.com/world-liberty-financial-hits-100k-whitelists/,World Liberty Financial Hits 100K Whitelists Ahead of Token Launch,World Liberty Financial Hits 100K Whitelists Ahead of Token Launch,news,200,Indexable,2101,149,0,0,,,0,0,yes,delete,high,P1,no_signal
https://coincu.com/world-liberty-financial-integrates-chainlink/,World Liberty Financial Integrates Chainlink To Secure On-chain Data,World Liberty Financial Integrates Chainlink To Secure On-chain Data,news,200,Indexable,2087,149,0,0,,,0,0,yes,delete,high,P1,no_signal
https://coincu.com/world-liberty-financial-investment-justin-sun/,World Liberty Financial Receives Investment From Justin Sun,World Liberty Financial Receives Investment From Justin Sun,news,200,Indexable,2126,124,0,0,,,0,0,yes,delete,high,P1,no_signal
https://coincu.com/world-liberty-financial-is-almost-finishing/,World Liberty Financial Is Almost Finishing Its Token Sale,World Liberty Financial Is Almost Finishing Its Token Sale,news,200,Indexable,2216,144,0,0,,,0,0,yes,delete,high,P1,no_signal
https://coincu.com/world-liberty-financial-issue-warnings/,World Liberty Financial Continues to Issue Warnings About Scam Project,World Liberty Financial Continues to Issue Warnings About Scam Project,news,200,Indexable,2155,113,0,0,,,0,0,yes,delete,high,P1,no_signal
https://coincu.com/world-liberty-financial-linked-to-hacked/,World Liberty Financial Linked to Hacked DeFi Project Dough Finance,World Liberty Financial Linked to Hacked DeFi Project Dough Finance,news,200,Indexable,2076,133,0,0,,,0,0,yes,delete,high,P1,no_signal
https://coincu.com/world-liberty-financial-opens-kyc-for-wlfi-token/,World Liberty Financial Opens KYC For WLFI Token Sale,World Liberty Financial Opens KYC For WLFI Token Sale,news,200,Indexable,1947,163,0,0,,,0,0,yes,delete,high,P1,no_signal
https://coincu.com/world-liberty-financial-partnership-with-binance/,"World Liberty Financial Reportedly Considering Partnership With Binance, CZ Denies","World Liberty Financial Reportedly Considering Partnership With Binance, CZ Denies",news,200,Indexable,2304,121,0,0,,,0,0,yes,delete,high,P1,no_signal
https://coincu.com/world-liberty-financial-partnership-with-ethena/,World Liberty Financial Entered Into a Strategic Partnership with Ethena,World Liberty Financial Entered Into a Strategic Partnership with Ethena,news,200,Indexable,2082,104,0,0,,,0,0,yes,delete,high,P1,no_signal
https://coincu.com/world-liberty-financial-plans-strategic-reserve/,"World Liberty Financial Plans on Creating a ""Strategic Reserve"" with Tokens Bought",World Liberty Financial Plans on Creating a “Strategic Reserve” with Tokens Bought,news,200,Indexable,2144,137,0,0,,,0,0,yes,delete,high,P1,no_signal
https://coincu.com/world-liberty-financial-reached-15000-holders/,"World Liberty Financial Has Now Reached 15,000 Token Holders","World Liberty Financial Has Now Reached 15,000 Token Holders",news,200,Indexable,2144,138,0,0,,,0,0,yes,delete,high,P1,no_signal
https://coincu.com/world-liberty-financial-rejects-media-allegation/,"World Liberty Financial Rejects Media Allegations, Defends Crypto Project","World Liberty Financial Rejects Media Allegations, Defends Crypto Project",news,200,Indexable,2209,143,0,0,,,0,0,yes,delete,high,P1,no_signal
https://coincu.com/world-liberty-financial-seeks-crypto-token-swap/,Trump-Backed World Liberty Financial Seeks Major Crypto Token Swap Deals,Trump-Backed World Liberty Financial Seeks Major Crypto Token Swap Deals,news,200,Indexable,2133,140,0,0,,,0,0,yes,delete,high,P1,no_signal
https://coincu.com/world-liberty-financial-shifts-8m/,World Liberty Financial Shifts $8M From WBTC Into Ethereum,World Liberty Financial Shifts $8M From WBTC Into Ethereum,news,200,Indexable,2143,138,0,0,,,0,0,yes,delete,high,P1,no_signal
https://coincu.com/world-liberty-financial-stablecoin-adoption/,World Liberty Financial Emphasizes Security and Stablecoin Adoption,World Liberty Financial Emphasizes Security and Stablecoin Adoption,news,200,Indexable,2120,130,0,0,,,0,0,yes,delete,high,P1,no_signal
https://coincu.com/world-liberty-financial-sui-strategic-reserve/,World Liberty Financial Partners with Sui to Establish SUI Strategic Reserve,World Liberty Financial Partners with Sui to Establish SUI Strategic Reserve,news,200,Indexable,2337,118,0,0,,,0,0,yes,delete,high,P1,no_signal
https://coincu.com/world-liberty-financial-token-sale-ends-590m/,"World Liberty Financial Token Sale Ends, Raises $590M","World Liberty Financial Token Sale Ends, Raises $590M",news,200,Indexable,2325,146,0,0,,,0,0,yes,delete,high,P1,no_signal
https://coincu.com/world-liberty-financial-trx-acquisition/,World Liberty Financial Boosts Reserves with TRX Acquisition,World Liberty Financial Boosts Reserves with TRX Acquisition,news,200,Indexable,2104,153,0,0,,,0,0,yes,delete,high,P1,no_signal
https://coincu.com/world-liberty-financial-will-launch-a-token-sale/,World Liberty Financial Will Launch a Token Sale on October 15,World Liberty Financial Will Launch a Token Sale on October 15,news,200,Indexable,2145,126,0,0,,,0,0,yes,delete,high,P1,no_signal
https://coincu.com/world-liberty-financial-will-launch-token-sale/,World Liberty Financial Will Launch Token Sale To Raise $300 Million,World Liberty Financial Will Launch Token Sale To Raise $300 Million,news,200,Indexable,2152,122,0,0,,,0,0,yes,delete,high,P1,no_signal
https://coincu.com/world-liberty-financial-will-launch-token/,World Liberty Financial Will Launch Token With 63% For Public Sale,World Liberty Financial Will Launch Token With 63% For Public Sale,news,200,Indexable,2196,116,0,0,,,0,0,yes,delete,high,P1,no_signal
https://coincu.com/world-liberty-financials-token-launch-issues/,World Liberty Financial’s Token Launch Faces Major Issues,World Liberty Financial’s Token Launch Faces Major Issues,news,200,Indexable,2162,156,0,0,,,0,0,yes,delete,high,P1,no_signal
https://coincu.com/worldcoin-account-sales-investigation-singapore/,Worldcoin Account Sales Under Investigation In Singapore Over Security Risk,Worldcoin Account Sales Under Investigation In Singapore Over Security Risk,news,200,Indexable,2149,89,0,0,,,0,0,yes,delete,high,P1,no_signal
https://coincu.com/worldcoin-ban-in-spain-announced/,Worldcoin Ban In Spain Announced With 72 Hour Deadline,Worldcoin Ban In Spain Announced With 72 Hour Deadline,news,200,Indexable,2106,151,0,0,,,0,0,yes,delete,high,P1,no_signal
https://coincu.com/worldcoin-circulating-supply-111-million-tokens/,Worldcoin Circulating Supply Revealed 111 Million Tokens Available: Report,Worldcoin Circulating Supply Revealed 111 Million Tokens Available: Report,news,200,Indexable,2126,137,0,0,,,0,0,yes,delete,high,P1,no_signal
https://coincu.com/worldcoin-continues-to-face-new-challenge/,Worldcoin Continues To Face New Challenge In Germany,Worldcoin Continues To Face New Challenge In Germany,news,200,Indexable,2136,100,0,0,,,0,0,yes,delete,high,P1,no_signal
https://coincu.com/worldcoin-creates-new-breakthrough/,Worldcoin Creates New Breakthrough When Launched In Germany,Worldcoin Creates New Breakthrough When Launched In Germany,news,200,Indexable,2222,128,0,0,,,0,0,yes,delete,high,P1,no_signal
https://coincu.com/worldcoin-distributed-90-million-wld-token-to/,Worldcoin Distributed 90 Million WLD Token To 10 New Addresses,Worldcoin Distributed 90 Million WLD Token To 10 New Addresses,news,200,Indexable,1968,108,0,0,,,0,0,yes,delete,high,P1,no_signal
https://coincu.com/worldcoin-faces-suspension-in-kenya/,Worldcoin Faces Suspension In Kenya Amidst Data Privacy Concerns,Worldcoin Faces Suspension In Kenya Amidst Data Privacy Concerns,news,200,Indexable,2432,152,0,0,,,0,0,yes,delete,high,P1,no_signal
https://coincu.com/worldcoin-fined-for-data-violations-by-korea/,Worldcoin Fined For Data Violations By South Korea Over Privacy Breach,Worldcoin Fined For Data Violations By South Korea Over Privacy Breach,news,200,Indexable,2031,147,0,0,,,0,0,yes,delete,high,P1,no_signal
https://coincu.com/worldcoin-foundation-orb-softwares-open-source/,Worldcoin Foundation Unveils Orb Software's Open Source Core!,Worldcoin Foundation Unveils Orb Software’s Open Source Core!,news,200,Indexable,2155,105,0,0,,,0,0,yes,delete,high,P1,no_signal
https://coincu.com/worldcoin-is-creating-excitement/,Worldcoin Is Creating Excitement From Crypto Community,Worldcoin Is Creating Excitement From Crypto Community,news,200,Indexable,2468,152,0,0,,,0,0,yes,delete,high,P1,no_signal
https://coincu.com/worldcoin-launches-world-id-2-0-with-advanced/,Worldcoin Launches World ID 2.0 with Advanced Multi-Verification System!,Worldcoin Launches World ID 2.0 with Advanced Multi-Verification System!,news,200,Indexable,2146,227,0,0,,,0,0,yes,delete,high,P1,no_signal
https://coincu.com/worldcoin-makes-a-new-breakthrough/,Worldcoin Makes A New Breakthrough In Identity Authentication With World ID,Worldcoin Makes A New Breakthrough In Identity Authentication With World ID,news,200,Indexable,2169,94,0,0,,,0,0,yes,delete,high,P1,no_signal
https://coincu.com/worldcoin-makes-strides-in-scaling-web3-optimism/,Worldcoin Makes Strides In Scaling Web3 On The Optimism Superchain,Worldcoin Makes Strides In Scaling Web3 On The Optimism Superchain,news,200,Indexable,2114,148,0,0,,,0,0,yes,delete,high,P1,no_signal
https://coincu.com/worldcoin-now-announced-wld-tokenomics/,Worldcoin Now Announced WLD Tokenomics With 143 Million In Circulation,Worldcoin Now Announced WLD Tokenomics With 143 Million In Circulation,news,200,Indexable,2604,128,0,0,,,0,0,yes,delete,high,P1,no_signal
https://coincu.com/worldcoin-open-source-project-iris/,Worldcoin Open Source Project IRIS Launched To Promote Transparency,Worldcoin Open Source Project IRIS Launched To Promote Transparency,news,200,Indexable,2086,143,0,0,,,0,0,yes,delete,high,P1,no_signal
https://coincu.com/worldcoin-operators-assert-legal-compliance/,Worldcoin Operators Assert Legal Compliance Amid Rising Legal Challenge,Worldcoin Operators Assert Legal Compliance Amid Rising Legal Challenge,news,200,Indexable,2078,86,0,0,,,0,0,yes,delete,high,P1,no_signal
https://coincu.com/worldcoin-personal-custody-is-deployed/,Worldcoin Personal Custody Is Deployed To Reinforce Data Security And User Trust,Worldcoin Personal Custody Is Deployed To Reinforce Data Security And User Trust,news,200,Indexable,2109,116,0,0,,,0,0,yes,delete,high,P1,no_signal
https://coincu.com/worldcoin-project-grant-on-chain-traffic-surge/,Worldcoin Project Grant Processing Slowed by On-Chain Traffic Surge!,Worldcoin Project Grant Processing Slowed by On-Chain Traffic Surge!,news,200,Indexable,2129,139,0,0,,,0,0,yes,delete,high,P1,no_signal
https://coincu.com/worldcoin-project-now-launches-on-binance/,OpenAI CEO's Ambitious Crypto Worldcoin Project Now Launches Token On Binance,OpenAI CEO’s Ambitious Crypto Worldcoin Project Now Launches Token On Binance,news,200,Indexable,2404,158,0,0,,,0,0,yes,delete,high,P1,no_signal
https://coincu.com/worldcoin-proves-critics-wrong-altman-japan/,"Worldcoin Proves Critics Wrong, Altman Highlights Japan Triumph","Worldcoin Proves Critics Wrong, Altman Highlights Japan Triumph",news,200,Indexable,2201,55,0,0,,,0,0,yes,delete,high,P1,no_signal
https://coincu.com/worldcoin-rebranding-announced/,Worldcoin Rebranding Announced With Important Tech Updates,Worldcoin Rebranding Announced With Important Tech Updates,news,200,Indexable,2141,101,0,0,,,0,0,yes,delete,high,P1,no_signal
https://coincu.com/worldcoin-secures-10-million-wld-loan-extension/,Worldcoin Secures 10 Million WLD Loan Extension Amidst Financial Challenges!,Worldcoin Secures 10 Million WLD Loan Extension Amidst Financial Challenges!,news,200,Indexable,2117,131,0,0,,,0,0,yes,delete,high,P1,no_signal
https://coincu.com/worldcoin-security-audit-reports-92-6-fixed/,"Worldcoin Released Security Audit Reports, 92.6% Security Issues Fixed","Worldcoin Released Security Audit Reports, 92.6% Security Issues Fixed",news,200,Indexable,2038,140,0,0,,,0,0,yes,delete,high,P1,no_signal
https://coincu.com/worldcoin-smpc-system/,Worldcoin SMPC System Was Launched To Enhance Privacy Safeguards,Worldcoin SMPC System Was Launched To Enhance Privacy Safeguards,news,200,Indexable,2094,115,0,0,,,0,0,yes,delete,high,P1,no_signal
https://coincu.com/worldcoin-sparks-frenzy-in-kenya/,Worldcoin Sparks Frenzy In Kenya: Free Tokens for Eye-Scanning Verification,Worldcoin Sparks Frenzy In Kenya: Free Tokens for Eye-Scanning Verification,news,200,Indexable,2465,168,0,0,,,0,0,yes,delete,high,P1,no_signal
https://coincu.com/worldcoin-suspends-spanish-operations/,Worldcoin Suspends Spanish Operations amid Data Protection Investigation!,Worldcoin Suspends Spanish Operations amid Data Protection Investigation!,news,200,Indexable,2135,173,0,0,,,0,0,yes,delete,high,P1,no_signal
https://coincu.com/worldcoin-system-design-praised-by-buterin/,Worldcoin System Design Was Praised Amazing By Vitalik Buterin,Worldcoin System Design Was Praised Amazing By Vitalik Buterin,news,200,Indexable,2100,120,0,0,,,0,0,yes,delete,high,P1,no_signal
https://coincu.com/worldcoin-token-lockups-extended-to-5-years/,Worldcoin Token Lockups Now Extended for Early Investors and Team Members to 5 Years,Worldcoin Token Lockups Now Extended for Early Investors and Team Members to 5 Years,news,200,Indexable,2101,96,0,0,,,0,0,yes,delete,high,P1,no_signal
https://coincu.com/worldcoin-token-openai-ceo-sam-altman/,Worldcoin Token Launch Led By OpenAI CEO Sam Altman,Worldcoin Token Launch Led By OpenAI CEO Sam Altman,news,200,Indexable,2106,104,0,0,,,0,0,yes,delete,high,P1,no_signal
https://coincu.com/worldcoin-unveils-new-nft-collectible/,Worldcoin Unveils New NFT Collectible To Celebrate The Launch Of WLD Token,Worldcoin Unveils New NFT Collectible To Celebrate The Launch Of WLD Token,news,200,Indexable,2331,134,0,0,,,0,0,yes,delete,high,P1,no_signal
https://coincu.com/worldcoin-wld-claim-deadline-extended-july-2025/,Worldcoin WLD Claim Deadline Extended To July 2025,Worldcoin WLD Claim Deadline Extended To July 2025,news,200,Indexable,2020,134,0,0,,,0,0,yes,delete,high,P1,no_signal
https://coincu.com/worldcoin-world-id-will-be-launched-on-solana/,Worldcoin World ID Will Be Launched on Solana Soon,Worldcoin World ID Will Be Launched on Solana Soon,news,200,Indexable,2110,110,0,0,,,0,0,yes,delete,high,P1,no_signal
https://coincu.com/worldcoins-controversy-french-privacy-watchdog/,Worldcoin's Controversy: French Privacy Watchdog Investigates Ambitious Project,Worldcoin’s Controversy: French Privacy Watchdog Investigates Ambitious Project,news,200,Indexable,2246,166,0,0,,,0,0,yes,delete,high,P1,no_signal
https://coincu.com/worldcoins-launch-even-unconfirmed/,Worldcoin's Launch Happens Even When Bavaria Data Watchdog Unconfirmed: Report,Worldcoin’s Launch Happens Even When Bavaria Data Watchdog Unconfirmed: Report,news,200,Indexable,2080,94,0,0,,,0,0,yes,delete,high,P1,no_signal
https://coincu.com/worldcoins-world-chain-prioritize-scalability/,Worldcoin's World Chain Will Prioritize Improving Scalability For Clients,Worldcoin’s World Chain Will Prioritize Improving Scalability For Clients,news,200,Indexable,2082,133,0,0,,,0,0,yes,delete,high,P1,no_signal
https://coincu.com/worldcoins-world-id-sdk-is-now-available/,Worldcoin's World ID SDK Is Now Available For Global Developers,Worldcoin’s World ID SDK Is Now Available For Global Developers,news,200,Indexable,2347,83,0,0,,,0,0,yes,delete,high,P1,no_signal
https://coincu.com/worlds-first-spot-xrp-etf-now-approved-in-brazil/,World’s First Spot XRP ETF Now Approved in Brazil,World’s First Spot XRP ETF Now Approved in Brazil,news,200,Indexable,2246,144,0,0,,,0,0,yes,delete,high,P1,no_signal
https://coincu.com/worlds-richest-wealth-decline/,Stock Market Tariffs Cause Record $536B Wealth Decline,Stock Market Tariffs Cause Record $536B Wealth Decline,news,200,Indexable,2246,68,0,0,,,0,0,yes,delete,high,P1,no_signal
https://coincu.com/wormhole-deployed-to-the-aptoslabs/,Wormhole Deployed Its Generic Messaging Layer To The AptosLabs Devnet,Wormhole Deployed Its Generic Messaging Layer To The AptosLabs Devnet,news,200,Indexable,1986,157,0,0,,,0,0,yes,delete,high,P1,no_signal
https://coincu.com/wormhole-fundraising-round-reaches-225m/,"Wormhole Fundraising Round Reaches $225M, Becoming The Largest Crypto Financing In 2023","Wormhole Fundraising Round Reaches $225M, Becoming The Largest Crypto Financing In 2023",news,200,Indexable,2096,155,0,0,,,0,0,yes,delete,high,P1,no_signal
https://coincu.com/wormhole-gateway-seamless-cosmos-chain/,Wormhole Launches Groundbreaking Gateway For Seamless Cosmos Application Chain Integration,Wormhole Launches Groundbreaking Gateway For Seamless Cosmos Application Chain Integration,news,200,Indexable,2085,117,0,0,,,0,0,yes,delete,high,P1,no_signal
https://coincu.com/wormhole-governance-staking-w-token-holders/,Wormhole Governance Staking Is Now Live For W Token Holders,Wormhole Governance Staking Is Now Live For W Token Holders,news,200,Indexable,2093,152,0,0,,,0,0,yes,delete,high,P1,no_signal
https://coincu.com/wormhole-hacker-moves-46-million/,Wormhole Hacker Moves $46 Million In Stolen Money,Wormhole Hacker Moves $46 Million In Stolen Money,news,200,Indexable,2289,255,0,0,,,0,0,yes,delete,high,P1,no_signal
https://coincu.com/wormhole-integrates-usdc-across-blockchains/,Wormhole Now Integrates USDC Across Blockchains With Circle's CCTP Support,Wormhole Now Integrates USDC Across Blockchains With Circle’s CCTP Support,news,200,Indexable,1955,250,0,0,,,0,0,yes,delete,high,P1,no_signal
https://coincu.com/wormhole-network-exploiter-is-defi-degen/,"Wormhole Network Exploiter Is DeFi Degen, Swapping Over $157M Of ETH For stETH And Levering Up","Wormhole Network Exploiter Is DeFi Degen, Swapping Over $157M Of ETH For stETH And Levering Up",news,200,Indexable,2265,256,0,0,,,0,0,yes,delete,high,P1,no_signal
https://coincu.com/wormhole-x-account-was-suspended/,"Wormhole X Account Was Suspended, Making The Community Suspicious","Wormhole X Account Was Suspended, Making The Community Suspicious",news,200,Indexable,2115,106,0,0,,,0,0,yes,delete,high,P1,no_signal
https://coincu.com/wow-summit-hong-kong-unveils-groundbreaking/,WOW Summit Hong Kong 2024 Unveils Groundbreaking Concepts and Influential Voices,WOW Summit Hong Kong 2024 Unveils Groundbreaking Concepts and Influential Voices,press_release_like,200,Indexable,2099,131,0,0,,,0,0,yes,delete,high,P1,event_pr_signal
https://coincu.com/wrapped-ethereum-insolvency-joke/,Wrapped Ethereum Insolvency Joke Infuriated Twitter Community,Wrapped Ethereum Insolvency Joke Infuriated Twitter Community,news,200,Indexable,2282,157,0,0,,,0,0,yes,delete,high,P1,no_signal
https://coincu.com/wrapped-xrp-listed-on-solana-defi-usage/,"Wrapped XRP Lists on Solana, Expanding DeFi Use Cases","Wrapped XRP Lists on Solana, Expanding DeFi Use Cases",news,200,Indexable,3028,135,0,0,,,0,0,yes,delete,high,P1,no_signal
https://coincu.com/write-down-have-adverse-effect-on-temasek/,Will The Write Down Of Investment In FTX Have Adverse Effect On Temasek?,Will The Write Down Of Investment In FTX Have Adverse Effect On Temasek?,news,200,Indexable,2139,157,0,0,,,0,0,yes,delete,high,P1,no_signal
https://coincu.com/wsj-crypto-article-gets-corrected/,WSJ Crypto Article Controversy About Funding Report On Hamas Was Corrected,WSJ Crypto Article Controversy About Funding Report On Hamas Was Corrected,news,200,Indexable,2122,127,0,0,,,0,0,yes,delete,high,P1,no_signal
https://coincu.com/wsj-tether-report-draws-strong-criticism/,WSJ Tether Report Draws Strong Criticism From Company,WSJ Tether Report Draws Strong Criticism From Company,news,200,Indexable,2112,141,0,0,,,0,0,yes,delete,high,P1,no_signal
https://coincu.com/wxt-price-surges-101-weex-users-surpass-5-million/,WXT Price Surges 101% WEEX Users Surpass 5 Million,WXT Price Surges 101% WEEX Users Surpass 5 Million,news,200,Indexable,2275,103,0,0,,,0,0,yes,delete,high,P1,no_signal
https://coincu.com/wyre-closed-users-withdraw-before-july-14/,"Wyre Closed Soon, Users Can Withdraw Assets Before July 14","Wyre Closed Soon, Users Can Withdraw Assets Before July 14",news,200,Indexable,2115,144,0,0,,,0,0,yes,delete,high,P1,no_signal
https://coincu.com/wyre-lifted-90-customer-withdrawal-limit/,Wyre Lifted The 90% Customer Withdrawal Limit After Receiving New Funding,Wyre Lifted The 90% Customer Withdrawal Limit After Receiving New Funding,news,200,Indexable,2190,114,0,0,,,0,0,yes,delete,high,P1,no_signal
https://coincu.com/wyre-limits-withdrawals-90-of-their-funds/,Wyre Now Limits Customers Daily Withdrawals To Less Than 90% Of Their Funds,Wyre Now Limits Customers Daily Withdrawals To Less Than 90% Of Their Funds,news,200,Indexable,2167,174,0,0,,,0,0,yes,delete,high,P1,no_signal
https://coincu.com/x-licensed-payment-remittance-mississippi/,X (Twitter) Licensed New Payment Service Remittance In Mississippi - Coincu - Latest Cryptocurrency News and Analysis 1,X (Twitter) Licensed New Payment Service Remittance In Mississippi,news,200,Indexable,1994,128,0,0,,,0,0,yes,delete,high,P1,no_signal
https://coincu.com/x-platform-denies-crypto-promotion-ban/,"X Platform Denies Crypto Promotion Ban, Policy Misunderstood","X Platform Denies Crypto Promotion Ban, Policy Misunderstood",news,200,Indexable,2035,128,0,0,,,0,0,yes,delete,high,P1,no_signal
https://coincu.com/x-twitter-lower-interactive-requirement-15m-5m/,X (Twitter) Lower The Interactive Requirement From 15M To 5M To Get Rewards,X (Twitter) Lower The Interactive Requirement From 15M To 5M To Get Rewards,news,200,Indexable,2091,150,0,0,,,0,0,yes,delete,high,P1,no_signal
https://coincu.com/x2y2-keeps-creator-rroyalties/,X2Y2 Keeps Executing Creator Royalties Returns,X2Y2 Keeps Executing Creator Royalties Returns,news,200,Indexable,1789,155,0,0,,,0,0,yes,delete,high,P1,no_signal
https://coincu.com/x2y2-launches-lending-nft-feature/,X2Y2 Launches Lending NFT Feature With 0% Fees,X2Y2 Launches Lending NFT Feature With 0% Fees,news,200,Indexable,1923,189,0,0,,,0,0,yes,delete,high,P1,no_signal
https://coincu.com/x2y2-launches-peer-to-peer-nft-loan/,X2Y2 Launches Peer-to-Peer NFT Loan Functionality,X2Y2 Launches Peer-to-Peer NFT Loan Functionality,news,200,Indexable,2007,158,0,0,,,0,0,yes,delete,high,P1,no_signal
https://coincu.com/x402-usdc-breach-impact/,"Theft of 17,693 USDC from x402 Cross-Chain Protocol","Theft of 17,693 USDC from x402 Cross-Chain Protocol",news,200,Indexable,2117,80,0,0,,,0,0,yes,delete,high,P1,no_signal
https://coincu.com/xai-integrated-into-x-platform/,xAI Integrated into X Platform and be Standalone Application,xAI Integrated into X Platform and Available as a Standalone Application,news,200,Indexable,2079,152,0,0,,,0,0,yes,delete,high,P1,no_signal
https://coincu.com/xalts-raise-6-million/,Crypto Investment Startup Xalts Raise $6 Million Led By Citi Ventures,Crypto Investment Startup Xalts Raise $6 Million Led By Citi Ventures,news,200,Indexable,2213,154,0,0,,,0,0,yes,delete,high,P1,no_signal
https://coincu.com/xapo-bank-bitcoin-backed-mortgage-loans/,Xapo Bank Introduces Bitcoin-Backed Mortgage Loans for Long-Term Holders,Xapo Bank Introduces Bitcoin-Backed Mortgage Loans for Long-Term Holders,news,200,Indexable,2301,131,0,0,,,0,0,yes,delete,high,P1,no_signal
https://coincu.com/xapo-bank-reopens-usdc/,Xapo Bank Reopens USDC Deposits Amid The Remaining Crisis,Xapo Bank Reopens USDC Deposits Amid The Remaining Crisis,news,200,Indexable,2115,185,0,0,,,0,0,yes,delete,high,P1,no_signal
https://coincu.com/xapo-european-broker-license-expanding-stock/,"Xapo Secures European Broker License, Expanding Stock Offerings Beyond Apple","Xapo Secures European Broker License, Expanding Stock Offerings Beyond Apple",news,200,Indexable,2211,211,0,0,,,0,0,yes,delete,high,P1,no_signal
https://coincu.com/xen-crypto-on-bsc-chain-1-53m-addresses/,XEN Crypto Launched On BSC Chain More Than 1.53 Million Addresses Currently Participating,XEN Crypto Launched On BSC Chain More Than 1.53 Million Addresses Currently Participating,news,200,Indexable,2012,158,0,0,,,0,0,yes,delete,high,P1,no_signal
https://coincu.com/xen-crypto-takes-36-ethereum-gas/,Xen Crypto Takes 22.91% Of Ethereum Network GAS Consumption,Xen Crypto Takes 22.91% Of Ethereum Network GAS Consumption,news,200,Indexable,1887,154,0,0,,,0,0,yes,delete,high,P1,no_signal
https://coincu.com/xen-miners-burn-gas-ethereum-to-zero/,"XEN Miners Burn Gas, Ethereum Issuance Decreases To Zero","XEN Miners Burn Gas, Ethereum Issuance Decreases To Zero",news,200,Indexable,2123,158,0,0,,,0,0,yes,delete,high,P1,no_signal
https://coincu.com/xen-token-spike-170-within-24-hours/,XEN Token Spike 170% Within 24 Hours,XEN Token Spike 170% Within 24 Hours,news,200,Indexable,1926,155,0,0,,,0,0,yes,delete,high,P1,no_signal
https://coincu.com/xiang-xiang-unicoin-arrested-in-jpex-case-report/,Xiang Xiang Unicoin Arrested By Hong Kong Police In JPEX Case: Report,Xiang Xiang Unicoin Arrested By Hong Kong Police In JPEX Case: Report,news,200,Indexable,2035,165,0,0,,,0,0,yes,delete,high,P1,no_signal
https://coincu.com/xlm-approaches-key-support-near-0-17/,XLM Approaches Key Support Near $0.17 as Bulls Set Sights on Next Surge: Where Next?,XLM Approaches Key Support Near $0.17 as Bulls Set Sights on Next Surge: Where Next?,news,200,Indexable,2149,120,0,0,,,0,0,yes,delete,high,P1,no_signal
https://coincu.com/xlm-bullish-outlook-and-support-levels/,XLM Bullish Outlook Grows as Price Maintains Trendline Support Levels,XLM Bullish Outlook Grows as Price Maintains Trendline Support Levels,news,200,Indexable,2161,154,0,0,,,0,0,yes,delete,high,P1,no_signal
https://coincu.com/xlm-bulls-charge/,XLM Bulls Charge: Is $0.50 the Next Stop After $0.38?,XLM Bulls Charge: Is $0.50 the Next Stop After $0.38?,news,200,Indexable,2173,104,0,0,,,0,0,yes,delete,high,P1,no_signal
https://coincu.com/xlm-charts-right-shoulder/,"XLM Charts Right Shoulder, Is Stellar Ready for a Trend Reversal?","XLM Charts Right Shoulder, Is Stellar Ready for a Trend Reversal?",news,200,Indexable,2138,113,0,0,,,0,0,yes,delete,high,P1,no_signal
https://coincu.com/xlm-charts-send-mixed-signals/,Stellar (XLM) Price at Crossroads as Charts Send Mixed Signals,Stellar (XLM) Price at Crossroads as Charts Send Mixed Signals,news,200,Indexable,2070,130,0,0,,,0,0,yes,delete,high,P1,no_signal
https://coincu.com/xlm-gains-speed-is-a-breakout-to-0-385/,$XLM Gains Speed: Is a Breakout to $0.385 Next?,XLM Gains Speed: Is a Breakout to $0.385 Next?,news,200,Indexable,2147,110,0,0,,,0,0,yes,delete,high,P1,no_signal
https://coincu.com/xlm-hits-target-zone-breakout-above/,XLM Hits Target Zone: Breakout Above $0.255 Coming?,XLM Hits Target Zone: Breakout Above $0.255 Coming?,news,200,Indexable,2204,109,0,0,,,0,0,yes,delete,high,P1,no_signal
https://coincu.com/xlm-price-watch-0-148-support-eyeing-key-resistance-at-0-166-for-breakout/,XLM Price Watch $0.148 Support Eyeing Key Resistance at $0.166 for Breakout,XLM Price Watch $0.148 Support Eyeing Key Resistance at $0.166 for Breakout,news,200,Indexable,2108,130,0,0,,,0,0,yes,delete,high,P1,no_signal
https://coincu.com/xlm-rebounds-at-0-16/,XLM Rebounds at $0.16: Multi-Year Resistance Finally Cracked?,XLM Rebounds at $0.16: Multi-Year Resistance Finally Cracked?,news,200,Indexable,2239,132,0,0,,,0,0,yes,delete,high,P1,no_signal
https://coincu.com/xmr-eyes-big-move-from-key-490-support/,XMR Eyes Big Move from Key $490 Support Level,XMR Eyes Big Move from Key $490 Support Level,news,200,Indexable,2121,125,0,0,,,0,0,yes,delete,high,P1,no_signal
https://coincu.com/xmr-soars-16-off-support/,XMR Soars 16% Off Support After Massive Drop,XMR Soars 16% Off Support After Massive Drop,news,200,Indexable,2101,95,0,0,,,0,0,yes,delete,high,P1,no_signal
https://coincu.com/xmr-targets-514-518-as-ema200-esistance/,XMR Targets $514–$518 as EMA200 Resistance Holds Price,XMR Targets $514–$518 as EMA200 Resistance Holds Price in Check,news,200,Indexable,2172,119,0,0,,,0,0,yes,delete,high,P1,no_signal
https://coincu.com/xrp-army-is-driving-token-to-190b-market-cap/,XRP Army Is Driving Token to Nearly $190 Billion Market Cap,XRP Army Is Driving Token to Nearly $190 Billion Market Cap,news,200,Indexable,2079,123,0,0,,,0,0,yes,delete,high,P1,no_signal
https://coincu.com/xrp-at-2-16-after-dex-volume-jumps-770/,XRP at $2.16 After DEX Volume Jumps 770% Overnight,XRP at $2.16 After 770% DEX Surge — Reversal Ahead?,news,200,Indexable,2209,117,0,0,,,0,0,yes,delete,high,P1,no_signal
https://coincu.com/xrp-attorney-clarifies-decision-axes-ripple/,XRP Attorney Clarifies Decision Axes Ripple From New York's Greenlist,XRP Attorney Clarifies Decision Axes Ripple From New York’s Greenlist,news,200,Indexable,2164,162,0,0,,,0,0,yes,delete,high,P1,no_signal
https://coincu.com/xrp-below-55-ema/,"XRP Below 55 EMA, Is a Breakout Weeks Away?","XRP Below 55 EMA, Is a Breakout Weeks Away?",news,200,Indexable,2217,114,0,0,,,0,0,yes,delete,high,P1,no_signal
https://coincu.com/xrp-blasts-past-targets/,"XRP Blasts Past Targets, Can It Break Through $2.16 Next?","XRP Blasts Past Targets, Can It Break Through $2.16 Next?",news,200,Indexable,2190,114,0,0,,,0,0,yes,delete,high,P1,no_signal
https://coincu.com/xrp-bounce-was-a-trap/,XRP Bounce Was a Trap? Analyst Predicts Drop to August Lows,XRP Bounce Was a Trap? Analyst Predicts Drop to August Lows,news,200,Indexable,2231,98,0,0,,,0,0,yes,delete,high,P1,no_signal
https://coincu.com/xrp-bounces-back-is-3-50-the-next-stop/,XRP Bounces Back: Is $3.50 the Next Stop?,XRP Bounces Back: Is $3.50 the Next Stop?,news,200,Indexable,2162,109,0,0,,,0,0,yes,delete,high,P1,no_signal
https://coincu.com/xrp-breakout-sets-4-50-target/,XRP Breakout Sets $4.50 Target as 1.2B Tokens Surge on Exchanges,XRP Breakout Sets $4.50 Target as 1.2B Tokens Surge on Exchanges,news,200,Indexable,2189,81,0,0,,,0,0,yes,delete,high,P1,no_signal
https://coincu.com/xrp-bullish-outlook-target-range-3-7-3-8/,XRP Bullish Outlook Continues with a Target of $3.8 Ahead,XRP Bullish Outlook Continues with a Target Range of $3.7 to $3.8 Ahead,news,200,Indexable,2152,120,0,0,,,0,0,yes,delete,high,P1,no_signal
https://coincu.com/xrp-bulls-eye-1-92-breakout-amid-bullish/,XRP Bulls Eye $1.92 Breakout Amid Bullish Divergence,XRP Bulls Eye $1.92 Breakout Amid Bullish Divergence,news,200,Indexable,2021,124,0,0,,,0,0,yes,delete,high,P1,no_signal
https://coincu.com/xrp-buy-alert-td-signal-hints-at-weekend/,XRP Buy Alert: TD Signal Hints at Weekend Price Surge,XRP Buy Alert: TD Signal Hints at Weekend Price Surge,news,200,Indexable,2190,144,0,0,,,0,0,yes,delete,high,P1,no_signal
https://coincu.com/xrp-chart-signals-4-80-target/,"XRP Chart Signals $4.80 Target, Breakout Imminent?","XRP Chart Signals $4.80 Target, Breakout Imminent?",news,200,Indexable,2140,105,0,0,,,0,0,yes,delete,high,P1,no_signal
https://coincu.com/xrp-community-anticipates-an-incredibly/,XRP Community Anticipates An Incredibly Favorable Price With The Impending Release Of Smart Contracts On XRPL,XRP Community Anticipates An Incredibly Favorable Price With The Impending Release Of Smart Contracts On XRPL,news,200,Indexable,2138,155,0,0,,,0,0,yes,delete,high,P1,no_signal
https://coincu.com/xrp-continues-to-lead-other-altcoins/,"XRP Continues To Lead Other Altcoins, Achieves Major Milestones This Week","XRP Continues To Lead Other Altcoins, Achieves Major Milestones This Week",news,200,Indexable,1894,153,0,0,,,0,0,yes,delete,high,P1,no_signal
https://coincu.com/xrp-crash-coming-all-eyes-on-nov-24-etf/,XRP Crash Coming? All Eyes on Nov 24 ETF Decision,XRP Crash Coming? All Eyes on Nov 24 ETF Decision,news,200,Indexable,2171,126,0,0,,,0,0,yes,delete,high,P1,no_signal
https://coincu.com/xrp-crashes-2-4-to-2-14-as-volume-tanks-39/,XRP Slips 2.4% to $2.14 as Volume Tanks 39%,XRP Crashes 2.4% to $2.14 as Volume Tanks 39%,news,200,Indexable,2179,109,0,0,,,0,0,yes,delete,high,P1,no_signal
https://coincu.com/xrp-cup-handle-pattern-nears-9-target/,"XRP's cup and handle pattern nears completion with a price target of $8–$9, strong momentum and institutional growth ahead.",XRP Cup and Handle Pattern Nears Completion with $8 to $9 Price Target,news,200,Indexable,2160,123,0,0,,,0,0,yes,delete,high,P1,no_signal
https://coincu.com/xrp-documentary-release-november-2024/,Crypto on Screen: XRP Documentary Release November 2024,Crypto on Screen: XRP Documentary Release November 2024,news,200,Indexable,2100,15,0,0,,,0,0,yes,delete,high,P1,no_signal
https://coincu.com/xrp-dominance-holds-4-percent-surge-to-10/,XRP Dominance Holds at 4% Signaling Possible Surge to $10,XRP Dominance Holds at 4% Signaling Possible Surge to $10 and Beyond,news,200,Indexable,2227,103,0,0,,,0,0,yes,delete,high,P1,no_signal
https://coincu.com/xrp-drops-16-as-50m-tokens-hit/,XRP Drops 16% as 50M Tokens Hit the Market,XRP Drops 16% as 50M Tokens Hit the Market,news,200,Indexable,2119,100,0,0,,,0,0,yes,delete,high,P1,no_signal
https://coincu.com/xrp-drops-below-2-109/,"XRP Drops Below $2.109, Still Ready for a Big Breakout?","XRP Drops Below $2.109, Still Ready for a Big Breakout?",news,200,Indexable,2126,125,0,0,,,0,0,yes,delete,high,P1,no_signal
https://coincu.com/xrp-early-recovery-signs-break-above-1-40/,XRP Shows Early Recovery Signs as Key Support Targets a Break Above $1.40,XRP Shows Early Recovery Signs as Key Support Targets a Break Above $1.40,news,200,Indexable,2158,119,0,0,,,0,0,yes,delete,high,P1,no_signal
https://coincu.com/xrp-etf-approval-leads-altcoin-race/,"XRP ETF Approval Leads Altcoin Race, Says Kaiko Report","XRP ETF Approval Leads Altcoin Race, Says Kaiko Report",news,200,Indexable,2444,147,0,0,,,0,0,yes,delete,high,P1,no_signal
https://coincu.com/xrp-etf-debuts-strong-on-tsx-3iq-sparks-crypto-access-in-canada/,XRP ETF Debuts Strong on TSX—3iQ Sparks Crypto Access in Canada,XRP ETF Debuts Strong on TSX—3iQ Sparks Crypto Access in Canada,news,200,Indexable,2218,111,0,0,,,0,0,yes,delete,high,P1,no_signal
https://coincu.com/xrp-etf-filing-triggers-ripple-market-interest/,Market Overview (Sep 30 – Oct 6): XRP ETF Filing Triggers Ripple of Market Interest,Market Overview (Sep 30 – Oct 6): XRP ETF Filing Triggers Ripple of Market Interest,news,200,Indexable,2607,164,0,0,,,0,0,yes,delete,high,P1,no_signal
https://coincu.com/xrp-etf-hits-1-25b-as-price-stalls/,"XRP ETF Hits $1.25B as Price Stalls, Breakout Loading?","XRP ETF Hits $1.25B as Price Stalls, Breakout Loading?",news,200,Indexable,2063,117,0,0,,,0,0,yes,delete,high,P1,no_signal
https://coincu.com/xrp-etf-launch-imminent-as-canary-files/,XRP ETF Launch Imminent as Canary Files Final 8A Form,XRP ETF Launch Imminent as Canary Files Final 8A Form,news,200,Indexable,2056,131,0,0,,,0,0,yes,delete,high,P1,no_signal
https://coincu.com/xrp-etf-over-1-billion-inflows/,US Spot XRP ETF Surpasses $1 Billion Total Inflows,US Spot XRP ETF Surpasses $1 Billion Total Inflows,news,200,Indexable,2125,107,0,0,,,0,0,yes,delete,high,P1,no_signal
https://coincu.com/xrp-etf-sec-lawsuit-withdrawal/,XRP ETF Launch Expected as SEC Withdraws Ripple Lawsuit,XRP ETF Launch Expected as SEC Withdraws Ripple Lawsuit,news,200,Indexable,2140,92,0,0,,,0,0,yes,delete,high,P1,no_signal
https://coincu.com/xrp-eyes-2-15-as-liquidity-zone-attracts/,XRP Eyes $2.15 as Liquidity Zone Attracts Attention,XRP Eyes $2.15 as Liquidity Zone Attracts Attention,news,200,Indexable,2120,130,0,0,,,0,0,yes,delete,high,P1,no_signal
https://coincu.com/xrp-eyes-2-70-breakout/,XRP Eyes $2.70 Breakout: Can Bulls Reclaim All-Time Highs?,XRP Eyes $2.70 Breakout: Can Bulls Reclaim All-Time Highs?,news,200,Indexable,2180,94,0,0,,,0,0,yes,delete,high,P1,no_signal
https://coincu.com/xrp-eyes-56-breakout-as-price-holds/,XRP Eyes 56% Breakout as Price Holds Above Key Support,XRP Eyes 56% Breakout as Price Holds Above Key Support,news,200,Indexable,2134,122,0,0,,,0,0,yes,delete,high,P1,no_signal
https://coincu.com/xrp-faces-3-00-support-with-brad-garlinghouse-pushing-for-adoption/,XRP Faces $3.00 Support With Brad Garlinghouse Pushing for Adoption,XRP Faces $3.00 Support With Brad Garlinghouse Pushing for Adoption,news,200,Indexable,2178,117,0,0,,,0,0,yes,delete,high,P1,no_signal
https://coincu.com/xrp-forms-2022-like-rsi-signal-next-stop/,"XRP Forms 2022-Like RSI Signal, Next Stop: All-Time Highs?","XRP Forms 2022-Like RSI Signal, Next Stop: All-Time Highs?",news,200,Indexable,2184,109,0,0,,,0,0,yes,delete,high,P1,no_signal
https://coincu.com/xrp-goes-corporate-8-companies-commit-nearly-1b-to-ripple-token/,XRP Goes Corporate: 8 Companies Commit Nearly $1B to Ripple Token,XRP Goes Corporate: 8 Companies Commit Nearly $1B to Ripple Token,news,200,Indexable,2222,123,0,0,,,0,0,yes,delete,high,P1,no_signal
https://coincu.com/xrp-hit-2-after-ripple-treasury-launch/,XRP Price Could Hit $2.00 After Ripple's Treasury Launch Sparks Surge,XRP Price Could Hit $2.00 After Ripple’s Treasury Launch Sparks Surge,news,200,Indexable,2234,116,0,0,,,0,0,yes,delete,high,P1,no_signal
https://coincu.com/xrp-hits-3-10-and-pulls-back/,"XRP Hits $3.10 and Pulls Back, Is $3.00 the Make or Break?","XRP Hits $3.10 and Pulls Back, Is $3.00 the Make or Break?",news,200,Indexable,2224,105,0,0,,,0,0,yes,delete,high,P1,no_signal
https://coincu.com/xrp-hits-3-84-ath-as-retail-buyers-flood/,XRP Hits $3.84 ATH as Retail Buyers Flood In Fast,XRP Hits $3.84 ATH as Retail Buyers Flood In Fast,news,200,Indexable,2206,107,0,0,,,0,0,yes,delete,high,P1,no_signal
https://coincu.com/xrp-holders-consider-vc-spectra-and-filecoin/,What XRP Holders Should Keep in Mind - Here’s Why Investors Also Consider VC Spectra (SPCT) and FileCoin (FIL),What XRP Holders Should Keep in Mind – Here’s Why Investors Also Consider VC Spectra (SPCT) and FileCoin (FIL),news,200,Indexable,2413,154,0,0,,,0,0,yes,delete,high,P1,no_signal
https://coincu.com/xrp-holding-1-64-strong/,"XRP Holding $1.64 Strong, Is a $2 Breakout Next?","XRP Holding $1.64 Strong, Is a $2 Breakout Next?",news,200,Indexable,2173,121,0,0,,,0,0,yes,delete,high,P1,no_signal
https://coincu.com/xrp-holds-3-after-breakout/,"XRP Holds $3 After Breakout, Retest Signals Next Pump Ahead","XRP Holds $3 After Breakout, Retest Signals Next Pump Ahead",news,200,Indexable,2140,99,0,0,,,0,0,yes,delete,high,P1,no_signal
https://coincu.com/xrp-holds-above-0-886-fibonacci-level-showing-bullish-potential-to-7-500/,XRP Holds Above 0.886 Fibonacci Level Showing Bullish Potential to $7.500+,XRP Holds Above 0.886 Fibonacci Level Showing Bullish Potential to $7.500+,news,200,Indexable,2179,122,0,0,,,0,0,yes,delete,high,P1,no_signal
https://coincu.com/xrp-holds-at-2-17-as-volume-tanks-33/,XRP Holds at $2.17 as Volume Tanks 33% in 24 Hours,XRP Holds at $2.17 as Volume Tanks 33% in 24 Hours,news,200,Indexable,2061,107,0,0,,,0,0,yes,delete,high,P1,no_signal
https://coincu.com/xrp-ledger-2-year-high-network-activity/,XRP Ledger Witnesses 2-Year High Network Activity,XRP Ledger Witnesses 2-Year High Network Activity,news,200,Indexable,2152,157,0,0,,,0,0,yes,delete,high,P1,no_signal
https://coincu.com/xrp-ledger-apex-2024-transformative-growth/,XRP Ledger Apex 2024: Transformative Growth Revealed!,XRP Ledger Apex 2024: Transformative Growth Revealed!,news,200,Indexable,1996,245,0,0,,,0,0,yes,delete,high,P1,no_signal
https://coincu.com/xrp-ledger-the-new-standard-for-on-chain/,XRP Ledger: The New Standard for On-Chain Finance?,XRP Ledger: The New Standard for On-Chain Finance?,news,200,Indexable,2179,121,0,0,,,0,0,yes,delete,high,P1,no_signal
https://coincu.com/xrp-ledger-will-launch-ripple-nft-two-weeks/,The XRP Ledger Will Launch Ripple NFTs In Two Weeks,The XRP Ledger Will Launch Ripple NFTs In Two Weeks,news,200,Indexable,2187,158,0,0,,,0,0,yes,delete,high,P1,no_signal
https://coincu.com/xrp-market-cap-has-now-surpassed-bnb/,XRP Market Cap Now Surpassed BNB To Become The 5th Largest Coin,XRP Market Cap Now Surpassed BNB To Become The 5th Largest Coin,news,200,Indexable,2076,140,0,0,,,0,0,yes,delete,high,P1,no_signal
https://coincu.com/xrp-market-cap-officially-surpasses-100-billion/,XRP Market Cap Officially Surpasses $100 Billion,XRP Market Cap Officially Surpasses $100 Billion,news,200,Indexable,2143,122,0,0,,,0,0,yes,delete,high,P1,no_signal
https://coincu.com/xrp-market-cap-surpasses-190-billion-for-the/,XRP Market Cap Surpasses $190 Billion for the First Time,XRP Market Cap Surpasses $190 Billion for the First Time,news,200,Indexable,2051,121,0,0,,,0,0,yes,delete,high,P1,no_signal
https://coincu.com/xrp-market-cap-surpasses-50-billion/,XRP Market Cap Surpasses $50 Billion With Gensler's Confidence Removed,XRP Market Cap Surpasses $50 Billion With Gensler’s Confidence Removed,news,200,Indexable,2042,157,0,0,,,0,0,yes,delete,high,P1,no_signal
https://coincu.com/xrp-on-the-edge-key-support-at-2/,"XRP on the Edge? Key Support at $2, $1.20 Next Stop?","XRP on the Edge? Key Support at $2, $1.20 Next Stop?",news,200,Indexable,2215,134,0,0,,,0,0,yes,delete,high,P1,no_signal
https://coincu.com/xrp-on-the-edge-will-it-explode/,XRP on the Edge: Will It Explode Past $2.10 or Crash?,XRP on the Edge: Will It Explode Past $2.10 or Crash?,news,200,Indexable,2091,123,0,0,,,0,0,yes,delete,high,P1,no_signal
https://coincu.com/xrp-open-interest-surge-to-1-billion-amid-stablecoin-tests-see-other-key-market-opportunities-amid-bearish-downturn/,"XRP Open Interest Surge To $1 Billion Amid Stablecoin Tests, See Other Key Market Opportunities Amid Bearish Downturn","XRP Open Interest Surge To $1 Billion Amid Stablecoin Tests, See Other Key Market Opportunities Amid Bearish Downturn",news,200,Indexable,2410,161,0,0,,,0,0,yes,delete,high,P1,no_signal
https://coincu.com/xrp-plunges-to-zero-on-poloniex-shocking-twist/,XRP Plunges to Zero on Poloniex In Shocking Twist,XRP Plunges to Zero on Poloniex In Shocking Twist,news,200,Indexable,2097,97,0,0,,,0,0,yes,delete,high,P1,no_signal
https://coincu.com/xrp-predicted-to-surge-syn-to-rally-by-115/,XRP Predicted To Surge While Synapse (SYN) Set To Rally By 115%,XRP Predicted To Surge While Synapse (SYN) Set To Rally By 115%,news,200,Indexable,2220,162,0,0,,,0,0,yes,delete,high,P1,no_signal
https://coincu.com/xrp-price-alert-bollinger-bands-warn-of-potential-losses-while-this-altcoin-eyes-a-22000-run/,"XRP Price Alert: Bollinger Bands Warn of Potential Losses While this Altcoin Eyes a 22,000% Run","XRP Price Alert: Bollinger Bands Warn of Potential Losses While this Altcoin Eyes a 22,000% Run",news,200,Indexable,2517,108,0,0,,,0,0,yes,delete,high,P1,no_signal
https://coincu.com/xrp-price-alternatives-stellar-xlm-and-propichain-pchain-could-deliver-a-shocking-200x-by-2025/,XRP Price Alternatives: Stellar (XLM) and PropiChain (PCHAIN) Could Deliver a Shocking 200x by 2025,XRP Price Alternatives: Stellar (XLM) and PropiChain (PCHAIN) Could Deliver a Shocking 200x by 2025,news,200,Indexable,2896,151,0,0,,,0,0,yes,delete,high,P1,no_signal
https://coincu.com/xrp-price-analysis-xrp-down-2-in-one-month-meanwhile-wallitiq-wltq-introduces-new-strategies-for-90x-profit-goal/,"XRP Price Analysis: XRP Down 2% In One Month Meanwhile, WallitIQ (WLTQ) Introduces New Strategies For 90x Profit Goal","XRP Price Analysis: XRP Down 2% In One Month Meanwhile, WallitIQ (WLTQ) Introduces New Strategies For 90x Profit Goal",news,200,Indexable,2466,95,0,0,,,0,0,yes,delete,high,P1,no_signal
https://coincu.com/xrp-price-eyes-2-77-as-50-ema-nears/,"XRP Price Eyes $2.77 as 50 EMA Nears, Risk of Downside Break","XRP Price Eyes $2.77 as 50 EMA Nears, Risk of Downside Break",news,200,Indexable,2062,154,0,0,,,0,0,yes,delete,high,P1,no_signal
https://coincu.com/xrp-price-forecast-cup-and-handle-formation-could-push-xrp-to-3-and-this-low-cap-meme-coin-by-130x/,"XRP Price Forecast: Cup And Handle Formation Could Push XRP To $3, And This Low-Cap Meme Coin By 130x","XRP Price Forecast: Cup And Handle Formation Could Push XRP To $3, And This Low-Cap Meme Coin By 130x",news,200,Indexable,2445,167,0,0,,,0,0,yes,delete,high,P1,no_signal
https://coincu.com/xrp-price-forecast-cut-65-amid-etf/,XRP Price Forecast Cut 65% Amid ETF Outflows,XRP Price Forecast Cut 65% Amid ETF Outflows,news,200,Indexable,2103,123,0,0,,,0,0,yes,delete,high,P1,no_signal
https://coincu.com/xrp-price-holds-strong-around-3-05/,"XRP Price Holds Strong Around $3.05, Eyes on $3.21","XRP Price Holds Strong Around $3.05, Eyes on $3.21 Resistance Target",news,200,Indexable,2081,116,0,0,,,0,0,yes,delete,high,P1,no_signal
https://coincu.com/xrp-price-poised-to-pop-if-3-48-cracks/,XRP Price Poised to Pop if $3.48 Cracks,XRP Price Poised to Pop if $3.48 Cracks,news,200,Indexable,2114,114,0,0,,,0,0,yes,delete,high,P1,no_signal
https://coincu.com/xrp-price-rebounds-can-it-break-its-current-resistance-to-hit-new-highs-or-will-this-doge-killer-flippen-it-with-5345-surge/,"XRP Price Rebounds: Can It Break Its Current Resistance To Hit New Highs, Or Will This ""DOGE Killer” Flippen It With 5,345% Surge","XRP Price Rebounds: Can It Break Its Current Resistance To Hit New Highs, Or Will This “DOGE Killer” Flippen It With 5,345% Surge",news,200,Indexable,2432,140,0,0,,,0,0,yes,delete,high,P1,no_signal
https://coincu.com/xrp-price-surge-expected-to-reach-27/,XRP Price Surge Expected to Reach $27 as Momentum Grows,XRP Price Surge Expected to Reach $27 as Momentum Grows in 2025,news,200,Indexable,2153,126,0,0,,,0,0,yes,delete,high,P1,no_signal
https://coincu.com/xrp-price-surges-by-80-as-us-judge-rules/,XRP Price Surges By 80% As US Judge Rules XRP Not A Security,XRP Price Surges By 80% As US Judge Rules XRP Not A Security,news,200,Indexable,2089,147,0,0,,,0,0,yes,delete,high,P1,no_signal
https://coincu.com/xrp-prints-biggest-loss-since-2022/,"XRP Prints Biggest Loss Since 2022, Bottom In?","XRP Prints Biggest Loss Since 2022, Bottom In?",news,200,Indexable,1966,119,0,0,,,0,0,yes,delete,high,P1,no_signal
https://coincu.com/xrp-rallies-18-as-market-cap-tops-211b/,"XRP Rallies 18% as Market Cap Tops $211B, Flipping Shell Oil","XRP Rallies 18% as Market Cap Tops $211B, Flipping Shell Oil",news,200,Indexable,2036,115,0,0,,,0,0,yes,delete,high,P1,no_signal
https://coincu.com/xrp-rallies-hard-as-whales-offload-140-million-coins/,XRP Rallies Hard as Whales Offload 140 Million Coins,XRP Rallies Hard as Whales Offload 140 Million Coins,news,200,Indexable,2141,108,0,0,,,0,0,yes,delete,high,P1,no_signal
https://coincu.com/xrp-rebounds-from-3-00/,"XRP Rebounds from $3.00, Will $3.08 Hold for the Next Push?","XRP Rebounds from $3.00, Will $3.08 Hold for the Next Push?",news,200,Indexable,2186,100,0,0,,,0,0,yes,delete,high,P1,no_signal
https://coincu.com/xrp-rebounds-from-key-support/,"XRP Rebounds from Key Support, Is $2.60 the Next Big Target?","XRP Rebounds from Key Support, Is $2.60 the Next Big Target?",news,200,Indexable,2128,125,0,0,,,0,0,yes,delete,high,P1,no_signal
https://coincu.com/xrp-reclaims-2-after-dip-breakout-coming/,XRP Reclaims $2 After Dip—Is a Bigger Breakout Coming?,XRP Reclaims $2 After Dip—Is a Bigger Breakout Coming?,news,200,Indexable,2112,123,0,0,,,0,0,yes,delete,high,P1,no_signal
https://coincu.com/xrp-recovery-faces-test-1-50-resistance/,"XRP Recovery Faces Test, $1.50 Resistance or Rejection?","XRP Recovery Faces Test, $1.50 Resistance or Rejection?",news,200,Indexable,2065,13,0,0,,,0,0,yes,delete,high,P1,no_signal
https://coincu.com/xrp-rejected-at-resistance/,"XRP Rejected at Resistance,Will $2.80 Hold?","XRP Rejected at Resistance,Will $2.80 Hold?",news,200,Indexable,2143,114,0,0,,,0,0,yes,delete,high,P1,no_signal
https://coincu.com/xrp-remains-in-tight-consolidation-around-1-40-as-traders-eye-next-move-towards-1-80/,XRP Remains in Tight Consolidation Around $1.40 as Traders Eye Next Move Towards $1.80,XRP Remains in Tight Consolidation Around $1.40 as Traders Eye Next Move Towards $1.80,news,200,Indexable,2099,131,0,0,,,0,0,yes,delete,high,P1,no_signal
https://coincu.com/xrp-security-or-not-former-sec-official-reveals/,XRP Security Or Not? Former SEC Official Reveals Shaky Ground,XRP Security Or Not? Former SEC Official Reveals Shaky Ground,news,200,Indexable,2309,149,0,0,,,0,0,yes,delete,high,P1,no_signal
https://coincu.com/xrp-sentiment-weakens-as-analysts-point/,XRP Sentiment Weakens as Analysts Point to Potential Price Rebound,XRP Sentiment Weakens as Analysts Point to Potential Price Rebound,news,200,Indexable,1913,147,0,0,,,0,0,yes,delete,high,P1,no_signal
https://coincu.com/xrp-set-for-impulsive-move-toward-4-13/,XRP Set for Impulsive Move Toward $4.13 if Resistance Breaks,XRP Set for Impulsive Move Toward $4.13 if Upper Resistance Breaks,news,200,Indexable,2180,107,0,0,,,0,0,yes,delete,high,P1,no_signal
https://coincu.com/xrp-set-for-lift-off-as-consolidation-end/,"XRP Set for Lift-Off as Consolidation Ends, $3.33 Key Level","XRP Set for Lift-Off as Consolidation Ends, $3.33 Key Level",news,200,Indexable,2007,170,0,0,,,0,0,yes,delete,high,P1,no_signal
https://coincu.com/xrp-set-to-explode-2/,XRP Set to Explode? Chart Pattern Hints at 69% Rally,XRP Set to Explode? Chart Pattern Hints at 69% Rally,news,200,Indexable,2305,111,0,0,,,0,0,yes,delete,high,P1,no_signal
https://coincu.com/xrp-set-to-explode-3-target-looms/,XRP Set to Explode? $3 Target Looms After Breakout,XRP Set to Explode? $3 Target Looms After Breakout,news,200,Indexable,2126,120,0,0,,,0,0,yes,delete,high,P1,no_signal
https://coincu.com/xrp-set-to-explode/,XRP Set to Explode? Bull Flag Breakout Signals $5 Run,XRP Set to Explode? Bull Flag Breakout Signals $5 Run,news,200,Indexable,2202,107,0,0,,,0,0,yes,delete,high,P1,no_signal
https://coincu.com/xrp-shib-avax-supported-by-binance-card/,"XRP, SHIB And AVAX Are Now Supported By Binance Card","XRP, SHIB And AVAX Are Now Supported By Binance Card",news,200,Indexable,2094,151,0,0,,,0,0,yes,delete,high,P1,no_signal
https://coincu.com/xrp-short-traders-face-record-losses-ruling/,XRP Short Traders Face Record Losses Following Landmark Court Ruling,XRP Short Traders Face Record Losses Following Landmark Court Ruling,news,200,Indexable,2244,164,0,0,,,0,0,yes,delete,high,P1,no_signal
https://coincu.com/xrp-shows-2017-deja-vu-as-new-cycle-builds/,XRP Shows 2017 Déjà Vu as New Cycle Builds Strength,XRP Shows 2017 Déjà Vu as New Cycle Builds Strength,news,200,Indexable,2043,145,0,0,,,0,0,yes,delete,high,P1,no_signal
https://coincu.com/xrp-shows-potential-for-rebound/,XRP Shows Potential for Rebound as It Holds Key Support After Weak Consolidation,XRP Shows Potential for Rebound as It Holds Key Support After Weak Consolidation,news,200,Indexable,2244,117,0,0,,,0,0,yes,delete,high,P1,no_signal
https://coincu.com/xrp-shows-resilience-targeting-5-5/,"XRP Shows Resilience as Market Faces Decline, Targeting 5.5","XRP Shows Resilience as Market Faces Decline, Targeting 5.5 for Next Move",news,200,Indexable,2312,113,0,0,,,0,0,yes,delete,high,P1,no_signal
https://coincu.com/xrp-shows-strength-after-10-months-of/,XRP Shows Strength After 10 Months of Accumulation,XRP Shows Strength After 10 Months of Accumulation,news,200,Indexable,2066,154,0,0,,,0,0,yes,delete,high,P1,no_signal
https://coincu.com/xrp-soars-judge-decision-decide-winner/,XRP Soars 7.4% After The Judge Gives The Decision To Decide The Winner Of Ripple,XRP Soars 7.4% After The Judge Gives The Decision To Decide The Winner Of Ripple,news,200,Indexable,1970,322,0,0,,,0,0,yes,delete,high,P1,no_signal
https://coincu.com/xrp-soars-to-3-90-before-rejection/,"XRP Soars to $3.90 Before Rejection, Now Holding $3.59","XRP Soars to $3.90 Before Rejection, Now Holding $3.59",news,200,Indexable,2159,111,0,0,,,0,0,yes,delete,high,P1,no_signal
https://coincu.com/xrp-social-mentions-hits-a-record-high/,"XRP Social Mentions In December Hits A Record High Of Roughly 60,000","XRP Social Mentions In December Hits A Record High Of Roughly 60,000",news,200,Indexable,2156,211,0,0,,,0,0,yes,delete,high,P1,no_signal
https://coincu.com/xrp-spot-etfs-post-first-net-outflows/,XRP Spot ETFs Post First Net Outflows Amid Cooling Institutional Interest,XRP Spot ETFs Post First Net Outflows Amid Cooling Institutional Interest,news,200,Indexable,1948,146,0,0,,,0,0,yes,delete,high,P1,no_signal
https://coincu.com/xrp-strengthens-with-sec-clarity/,XRP Strengthens with SEC Clarity and 300+ Institutions,XRP Strengthens with SEC Clarity and 300+ Institutions as Momentum Builds for $3.00 Surge,news,200,Indexable,2171,97,0,0,,,0,0,yes,delete,high,P1,no_signal
https://coincu.com/xrp-stuck-below-2-10/,"XRP Stuck Below $2.10, But a Big Move May Be Next","XRP Stuck Below $2.10, But a Big Move May Be Next",news,200,Indexable,2130,125,0,0,,,0,0,yes,delete,high,P1,no_signal
https://coincu.com/xrp-surge-ahead-watch-this-key-2-20/,XRP Surge Ahead? Watch This Key $2.20 Resistance,XRP Surge Ahead? Watch This Key $2.20 Resistance,news,200,Indexable,2102,113,0,0,,,0,0,yes,delete,high,P1,no_signal
https://coincu.com/xrp-surge-incoming-2-target-looms/,XRP Surge Incoming? $2 Target Looms Amid Liquidity Build,XRP Surge Incoming? $2 Target Looms Amid Liquidity Build,news,200,Indexable,2219,126,0,0,,,0,0,yes,delete,high,P1,no_signal
https://coincu.com/xrp-surpasses-bitcoin-ethereum-24-hour-trading-volume-south-korean-exchange/,"XRP Surpasses Bitcoin, Ethereum in 24-Hour Volume on South Korean Exchange","XRP Surpasses Bitcoin, Ethereum in 24-Hour Volume on South Korean Exchange",news,200,Indexable,2867,167,0,0,,,0,0,yes,delete,high,P1,no_signal
https://coincu.com/xrp-targets-10-strong-support-at-2/,XRP Targets $10 with Strong Support at $2,XRP Targets $10 with Strong Support at $2 and Bullish Momentum Building,news,200,Indexable,2181,104,0,0,,,0,0,yes,delete,high,P1,no_signal
https://coincu.com/xrp-tests-key-resistance-1-50-break/,XRP Tests Key Resistance: $1.50 Break Triggers Rally?,XRP Tests Key Resistance: $1.50 Break Triggers Rally?,news,200,Indexable,2097,104,0,0,,,0,0,yes,delete,high,P1,no_signal
https://coincu.com/xrp-tests-support-after-double-bottom/,"XRP Tests Support After Double Bottom, Targets Above $2.80","XRP Tests Support After Double Bottom, Targets Break Above $2.80",news,200,Indexable,2207,96,0,0,,,0,0,yes,delete,high,P1,no_signal
https://coincu.com/xrp-trading-surge-upbit-south-korea/,XRP Trading Catapults on Upbit with $3.2 Billion Volume,XRP Trading Catapults on Upbit with $3.2 Billion Volume,news,200,Indexable,2115,74,0,0,,,0,0,yes,delete,high,P1,no_signal
https://coincu.com/xrp-trading-volume-tops-upbit-charts/,XRP Trading Volume Tops Upbit Charts in Korean Market,XRP Trading Volume Tops Upbit Charts in Korean Market,news,200,Indexable,2073,181,0,0,,,0,0,yes,delete,high,P1,no_signal
https://coincu.com/xrp-up-8-the-sec-case-signed-to-end/,XRP Up 8% After The SEC Case Signed To End,XRP Up 8% After The SEC Case Signed To End,news,200,Indexable,1979,251,0,0,,,0,0,yes,delete,high,P1,no_signal
https://coincu.com/xrp-weekly-cross-returns-next-stop/,"XRP Weekly Cross Returns, Next Stop: $2.70 Breakout?","XRP Weekly Cross Returns, Next Stop: $2.70 Breakout?",news,200,Indexable,2170,122,0,0,,,0,0,yes,delete,high,P1,no_signal
https://coincu.com/xrp-whales-accumulate-560m-as-fortminer-captures-market-attention-with-9200-daily-returns/,"XRP Whales Accumulate $560M as FortMiner Captures Market Attention with $9,200 Daily Returns","XRP Whales Accumulate $560M as FortMiner Captures Market Attention with $9,200 Daily Returns",news,200,Indexable,2437,192,0,0,,,0,0,yes,delete,high,P1,no_signal
https://coincu.com/xrp-whales-sell-470m-tokens-in-10-days/,"XRP Whales Sell 470M Tokens in 10 Days, Price Risks Ahead","XRP Whales Sell 470M Tokens in 10 Days, Price Risks Ahead",news,200,Indexable,2205,96,0,0,,,0,0,yes,delete,high,P1,no_signal
https://coincu.com/xrp-whales-transfer-313-million-xrp/,XRP Whales Transfer 313 Million XRP In Single Fell Swoop,XRP Whales Transfer 313 Million XRP In Single Fell Swoop,news,200,Indexable,1988,158,0,0,,,0,0,yes,delete,high,P1,no_signal
https://coincu.com/xrp-wipes-out-july-gains/,XRP Wipes Out July Gains With Over 20% Intraday Drops,XRP Wipes Out July Gains With Over 20% Intraday Drops,news,200,Indexable,2129,124,0,0,,,0,0,yes,delete,high,P1,no_signal
https://coincu.com/xrpl-bitcoin-payment-app-burning-of-xrp/,XRPL Bitcoin Payment App Now Allows Burning Of XRP,XRPL Bitcoin Payment App Now Allows Burning Of XRP,news,200,Indexable,2097,156,0,0,,,0,0,yes,delete,high,P1,no_signal
https://coincu.com/xrpl-evm-sidechain-launches-on-mainnet/,"XRPL EVM Sidechain Launches on Mainnet, Bringing Ethereum Compatibility to XRP Ledger","XRPL EVM Sidechain Launches on Mainnet, Bringing Ethereum Compatibility to XRP Ledger",news,200,Indexable,2137,119,0,0,,,0,0,yes,delete,high,P1,no_signal
https://coincu.com/xrpl-to-supply-the-technical-foundation/,XRPL To Supply The Technical Foundation For At Least Six Stablecoins,XRPL To Supply The Technical Foundation For At Least Six Stablecoins,news,200,Indexable,2088,153,0,0,,,0,0,yes,delete,high,P1,no_signal
https://coincu.com/xrps-2017-price-rally-mirrored-in-0-14-altcoin-gemini-ai-finds/,Google Gemini AI Finds Similarities Between XRP Price Rally in 2017 And This Viral $0.14 Altcoin,Google Gemini AI Finds Similarities Between XRP Price Rally in 2017 And This Viral $0.14 Altcoin,news,200,Indexable,2379,155,0,0,,,0,0,yes,delete,high,P1,no_signal
https://coincu.com/xt-exchange-hack-did-not-not-affect-users/,XT Exchange Hack Did Not Not Affect Users,XT Exchange Hack Did Not Not Affect Users,news,200,Indexable,2093,144,0,0,,,0,0,yes,delete,high,P1,no_signal
https://coincu.com/xt-exchange-hack-forces-withdrawal-suspension/,XT Exchange Hack Forces Withdrawal Suspension Amid Security Breach,XT Exchange Hack Forces Withdrawal Suspension Amid Security Breach,news,200,Indexable,2057,168,0,0,,,0,0,yes,delete,high,P1,no_signal
https://coincu.com/xtcom-launched-fifa-world-cup-campaign/,XT.COM Launched FIFA World Cup Campaign,XT.COM Launched FIFA World Cup Campaign,news,200,Indexable,2245,155,0,0,,,0,0,yes,delete,high,P1,no_signal
https://coincu.com/xtcom-partnership-with-coincu/,XT.COM Announces Media Partnership With CoinCu To Boost Collaboration,XT.COM Announces Media Partnership With CoinCu To Boost Collaboration,news,200,Indexable,2207,152,0,0,,,0,0,yes,delete,high,P1,no_signal
https://coincu.com/xyzverse-and-spx-rally-with-double-digit-gains-leaving-shiba-inu-and-wif-behind/,"XYZVerse and SPX Rally With Double-Digit Gains, Leaving Shiba Inu and WIF Behind!","XYZVerse and SPX Rally With Double-Digit Gains, Leaving Shiba Inu and WIF Behind!",news,200,Indexable,2406,182,0,0,,,0,0,yes,delete,high,P1,no_signal
https://coincu.com/y-combinator-500k-usdc-investment-solana/,Y Combinator Sends First $500K USDC Investment on Solana,Y Combinator Sends First $500K USDC Investment on Solana,news,200,Indexable,2650,141,0,0,,,0,0,yes,delete,high,P1,no_signal
https://coincu.com/y00ts-nft-project-ethereum-for-increased-growth/,y00ts NFT Project Announces Migration To Ethereum For Increased Growth,y00ts NFT Project Announces Migration To Ethereum For Increased Growth,news,200,Indexable,1962,246,0,0,,,0,0,yes,delete,high,P1,no_signal
https://coincu.com/yam-finance-is-considering-sharing-treasury/,Yam Finance Is Considering Sharing Its Treasury With Token Holders,Yam Finance Is Considering Sharing Its Treasury With Token Holders,news,200,Indexable,2134,153,0,0,,,0,0,yes,delete,high,P1,no_signal
https://coincu.com/yam-finance-prevents-governance-attack/,Yam Finance Prevents Governance Attack,Yam Finance Prevents Governance Attack,news,200,Indexable,2136,38,0,0,,,0,0,yes,delete,high,P1,no_signal
https://coincu.com/yat-siu-no-longer-member-apecoin-committee/,Yat Siu Will No Longer Serve As A Member Of The ApeCoin Special Committee,Yat Siu Will No Longer Serve As A Member Of The ApeCoin Special Committee,news,200,Indexable,2177,147,0,0,,,0,0,yes,delete,high,P1,no_signal
https://coincu.com/yearn-attack-identified-phishing/,Yearn Attack Messages Confirmed as Phishing Scheme by SlowMist,Yearn Attack Messages Confirmed as Phishing Scheme by SlowMist,news,200,Indexable,2132,116,0,0,,,0,0,yes,delete,high,P1,no_signal
https://coincu.com/yearn-finance-initiated-v3-proposal/,Yearn Finance Initiated V3 Proposal To Provide More Secure And Reliable Infrastructure,Yearn Finance Initiated V3 Proposal To Provide More Secure And Reliable Infrastructure,news,200,Indexable,2121,143,0,0,,,0,0,yes,delete,high,P1,no_signal
https://coincu.com/yearn-finance-vulnerabilities-yusdt/,"Yearn Finance Hack Due To Vulnerabilities In yUSDT Contract, Bugs Still Not Fixed","Yearn Finance Hack Due To Vulnerabilities In yUSDT Contract, Bugs Still Not Fixed",news,200,Indexable,2152,194,0,0,,,0,0,yes,delete,high,P1,no_signal
https://coincu.com/yearnfinance-launches-vault/,yearn.finance To Launch Permissionless Vault Factory With A Flat 10% Performance Fee,yearn.finance To Launch Permissionless Vault Factory With A Flat 10% Performance Fee,news,200,Indexable,2163,179,0,0,,,0,0,yes,delete,high,P1,no_signal
https://coincu.com/yearnfinance-launches-vaults-on-optimism/,yearn.finance Launches Yearn Vaults On Optimism,yearn.finance Launches Yearn Vaults On Optimism,news,200,Indexable,2002,109,0,0,,,0,0,yes,delete,high,P1,no_signal
https://coincu.com/ygg-and-ubisoft-partnership-champions-tactics/,YGG and Ubisoft Partnership Transform Gaming with Champions Tactics Integration!,YGG and Ubisoft Partnership Transform Gaming with Champions Tactics Integration!,news,200,Indexable,2108,132,0,0,,,0,0,yes,delete,high,P1,no_signal
https://coincu.com/yi-he-claims-doesnt-fight-ftx/,Binance Co-founder Yi He Claims The Exchange Doesn't Fight With FTX,Binance Co-founder Yi He Claims The Exchange Doesn’t Fight With FTX,news,200,Indexable,2002,158,0,0,,,0,0,yes,delete,high,P1,no_signal
https://coincu.com/yi-lihua-long-term-bullish-respect-cycles-market-pressure/,Yi Lihua Says Long-Term Crypto Outlook Remains Bullish Despite Market Pressure,Yi Lihua Says Long-Term Crypto Outlook Remains Bullish Despite Market Pressure,news,200,Indexable,2871,175,0,0,,,0,0,yes,delete,high,P1,no_signal
https://coincu.com/yield-farming-resurgence-fuels-defi-boom/,Yield Farming Resurgence Fuels DeFi Boom with 70% Crypto,Yield Farming Resurgence Fuels DeFi Boom with 70% Crypto Yields,news,200,Indexable,2051,125,0,0,,,0,0,yes,delete,high,P1,no_signal
https://coincu.com/yield-stablecoins-250m-rewards-2025/,Yield-Bearing Stablecoins Reward Holders Over $250 Million,Yield-Bearing Stablecoins Reward Holders Over $250 Million,news,200,Indexable,2081,117,0,0,,,0,0,yes,delete,high,P1,no_signal
https://coincu.com/yieldmax-bitcoin-etf-is-proposed/,YieldMax Bitcoin ETF Is Proposed To Profit From Spot Bitcoin ETFs,YieldMax Bitcoin ETF Is Proposed To Profit From Spot Bitcoin ETFs,news,200,Indexable,2073,118,0,0,,,0,0,yes,delete,high,P1,no_signal
https://coincu.com/yieldmaxs-new-bitcoin-etf-ybit-seeks-approval/,YieldMax's New Bitcoin ETF YBIT Seeks SEC Approval In April 2024,YieldMax’s New Bitcoin ETF YBIT Seeks SEC Approval In April 2024,news,200,Indexable,2055,110,0,0,,,0,0,yes,delete,high,P1,no_signal
https://coincu.com/yoloyolo-closes-3-5-million-seed-round/,Web3 Fashion And Lifestyle Platform YoloYolo Closes $3.5 Million Seed Round,Web3 Fashion And Lifestyle Platform YoloYolo Closes $3.5 Million Seed Round,news,200,Indexable,2066,121,0,0,,,0,0,yes,delete,high,P1,no_signal
https://coincu.com/you-now-can-search-for-an-ethereum-address-on-google/,You Now Can Search For An Ethereum Address On Google,You Now Can Search For An Ethereum Address On Google,news,200,Indexable,1941,152,0,0,,,0,0,yes,delete,high,P1,no_signal
https://coincu.com/you-watched-floki-inu-skyrocket-now-youre-about-to-miss-the-next-big-meme-coins-3650-roi-if-you-dont-act-fast/,You Watched Floki Inu Skyrocket—Now You’re About to Miss the Next Big Meme Coin’s 3650% ROI If You Don’t Act Fast!,You Watched Floki Inu Skyrocket—Now You’re About to Miss the Next Big Meme Coin’s 3650% ROI If You Don’t Act Fast!,news,200,Indexable,2806,112,0,0,,,0,0,yes,delete,high,P1,no_signal
https://coincu.com/youtube-tiktok-twitter-face-complaints/,"YouTube, TikTok, Twitter Face Challenge For Misleading Crypto Promotion","YouTube, TikTok, Twitter Face Challenge For Misleading Crypto Promotion",news,200,Indexable,2319,154,0,0,,,0,0,yes,delete,high,P1,no_signal
https://coincu.com/ypf-luz-powers-bitcoin-mining/,Argentinian Oil Company YPF Luz Powers Bitcoin Mining,Argentinian Oil Company YPF Luz Powers Bitcoin Mining,news,200,Indexable,2157,156,0,0,,,0,0,yes,delete,high,P1,no_signal
https://coincu.com/yu-weiwen-hong-kong-compliant-stablecoin-ecosystem/,Yu Weiwen on Hong Kong's Compliant Stablecoin Ecosystem,Yu Weiwen on Hong Kong’s Compliant Stablecoin Ecosystem,news,200,Indexable,2862,142,0,0,,,0,0,yes,delete,high,P1,no_signal
https://coincu.com/yuga-labs-accepts-nft-on-eth-pos/,Yuga Labs Only Accepts NFT On ETH PoS,Yuga Labs Only Accepts NFT On ETH PoS,news,200,Indexable,2064,168,0,0,,,0,0,yes,delete,high,P1,no_signal
https://coincu.com/yuga-labs-accuses-of-copying-bored-ape-nfts/,Yuga Labs Accuses Artists Of Copying Bored Ape NFTs,Yuga Labs Accuses Artists Of Copying Bored Ape NFTs,news,200,Indexable,1943,256,0,0,,,0,0,yes,delete,high,P1,no_signal
https://coincu.com/yuga-labs-acquired-wenew/,Yuga Labs Acquired WENEW And 10KTF NFT Collection,Yuga Labs Acquired WENEW And 10KTF NFT Collection,news,200,Indexable,1826,161,0,0,,,0,0,yes,delete,high,P1,no_signal
https://coincu.com/yuga-labs-and-magic-eden-collaborate/,Yuga Labs and Magic Eden Collaborate to Launch Marketplace,Yuga Labs and Magic Eden Collaborate to Launch New Ethereum Marketplace,news,200,Indexable,2110,94,0,0,,,0,0,yes,delete,high,P1,no_signal
https://coincu.com/yuga-labs-bring-new-ceo-activision-blizzard/,Yuga Labs Bring In A New CEO From Activision Blizzard,Yuga Labs Bring In A New CEO From Activision Blizzard,news,200,Indexable,2114,203,0,0,,,0,0,yes,delete,high,P1,no_signal
https://coincu.com/yuga-labs-ceo-is-back/,Yuga Labs CEO Is Back To Drive New Growth For Company,Yuga Labs CEO Is Back To Drive New Growth For Company,news,200,Indexable,2085,151,0,0,,,0,0,yes,delete,high,P1,no_signal
https://coincu.com/yuga-labs-demands-1-79m-for-counterfeit-rr-bayc/,Yuga Labs Demands $1.79M for Counterfeit RR/BAYC Infringement,Yuga Labs Demands $1.79M for Counterfeit RR/BAYC Infringement,news,200,Indexable,1989,96,0,0,,,0,0,yes,delete,high,P1,no_signal
https://coincu.com/yuga-labs-demands-removal-of-ethereum-punks/,Yuga Labs Demands Removal of Ethereum Punks Website and Content,Yuga Labs Demands Removal of Ethereum Punks Website and Content,news,200,Indexable,2027,83,0,0,,,0,0,yes,delete,high,P1,no_signal
https://coincu.com/yuga-labs-ethereum-layer-2-apechain-is-now-live/,Yuga Labs’ Ethereum Layer 2 ApeChain Is Now Live,Yuga Labs’ Ethereum Layer 2 ApeChain Is Now Live,news,200,Indexable,2131,131,0,0,,,0,0,yes,delete,high,P1,no_signal
https://coincu.com/yuga-labs-form-the-bayc-community-council/,Yuga Labs Selects 7 Typical Members To Form The BAYC Community Council,Yuga Labs Selects 7 Typical Members To Form The BAYC Community Council,news,200,Indexable,1925,158,0,0,,,0,0,yes,delete,high,P1,no_signal
https://coincu.com/yuga-labs-generated-over-16-5m/,Yuga Labs Generated Over $16.5 Million From Its First Bitcoin NFT Auction,Yuga Labs Generated Over $16.5 Million From Its First Bitcoin NFT Auction,news,200,Indexable,2180,158,0,0,,,0,0,yes,delete,high,P1,no_signal
https://coincu.com/yuga-labs-hires-first-chief-gaming-officer/,Yuga Labs Hires First Chief Gaming Officer To Promote The Otherside Project,Yuga Labs Hires First Chief Gaming Officer To Promote The Otherside Project,news,200,Indexable,2120,152,0,0,,,0,0,yes,delete,high,P1,no_signal
https://coincu.com/yuga-labs-hv-mtl-nfts-spark-frenzy/,Yuga Labs' HV-MTL NFTs Spark Frenzy Among Crypto Enthusiasts,Yuga Labs’ HV-MTL NFTs Spark Frenzy Among Crypto Enthusiasts,news,200,Indexable,1966,175,0,0,,,0,0,yes,delete,high,P1,no_signal
https://coincu.com/yuga-labs-investigated-by-sec/,"Yuga Labs Investigated By SEC, ApeCoin Price Drops","Yuga Labs Investigated By SEC, ApeCoin Price Drops",news,200,Indexable,2034,208,0,0,,,0,0,yes,delete,high,P1,no_signal
https://coincu.com/yuga-labs-latest-inscription-nft-collection/,Warning! You're Missing Out on Yuga Labs' Latest Inscription NFT Collection!,Warning! You’re Missing Out on Yuga Labs’ Latest Inscription NFT Collection!,news,200,Indexable,2038,337,0,0,,,0,0,yes,delete,high,P1,no_signal
https://coincu.com/yuga-labs-launch-koda-nexus/,Yuga Labs to Launch Koda Nexus in Otherside Metaverse,Yuga Labs to Launch Koda Nexus in Otherside Metaverse,news,200,Indexable,1970,114,0,0,,,0,0,yes,delete,high,P1,no_signal
https://coincu.com/yuga-labs-launches-moon-puzzle-win-0-12-btc/,"Yuga Labs Launches Moon Puzzle, Win 0.12 BTC!","Yuga Labs Launches Moon Puzzle, Win 0.12 BTC!",news,200,Indexable,2120,81,0,0,,,0,0,yes,delete,high,P1,no_signal
https://coincu.com/yuga-labs-lawsuit-ends-with-9-million-fines/,Yuga Labs Lawsuit Ends With $9 Million Fines From Individuals,Yuga Labs Lawsuit Ends With $9 Million Fines From Individuals,news,200,Indexable,2105,92,0,0,,,0,0,yes,delete,high,P1,no_signal
https://coincu.com/yuga-labs-lays-off-staff-focus-on-otherside/,"Yuga Labs Lays Off Staff And Focus On ""Otherside"" Strategy In 2024",Yuga Labs Lays Off Staff And Focus On “Otherside” Strategy In 2024,news,200,Indexable,2016,156,0,0,,,0,0,yes,delete,high,P1,no_signal
https://coincu.com/yuga-labs-moonbirds-acquisition/,Yuga Labs Moonbirds Acquisition Marks New Growth Of NFT Empire,Yuga Labs Moonbirds Acquisition Marks New Growth Of NFT Empire,news,200,Indexable,1932,166,0,0,,,0,0,yes,delete,high,P1,no_signal
https://coincu.com/yuga-labs-opposes-opensea-on-creator-royalties/,Yuga Labs Opposes OpenSea On Creator Royalties,Yuga Labs Opposes OpenSea On Creator Royalties,news,200,Indexable,1904,124,0,0,,,0,0,yes,delete,high,P1,no_signal
https://coincu.com/yuga-labs-otherside-launch-metaverse/,Yuga Labs Announces Launch Date for Otherside Metaverse,Yuga Labs Announces Launch Date for Otherside Metaverse,news,200,Indexable,1971,84,0,0,,,0,0,yes,delete,high,P1,no_signal
https://coincu.com/yuga-labs-quit-opensea-stops-operator-filter/,Yuga Labs Quit Seaport In 2024 After Opensea Stops Operator Filter,Yuga Labs Quit Seaport In 2024 After Opensea Stops Operator Filter,news,200,Indexable,1952,126,0,0,,,0,0,yes,delete,high,P1,no_signal
https://coincu.com/yuga-labs-refutes-rumors/,Yuga Labs Refutes Rumors Of New NFT Collection Launch,Yuga Labs Refutes Rumors Of New NFT Collection Launch,news,200,Indexable,1867,155,0,0,,,0,0,yes,delete,high,P1,no_signal
https://coincu.com/yuga-labs-restruction-now-underway/,Yuga Labs Restruction Now Underway To Focus On Otherside And Web3,Yuga Labs Restruction Now Underway To Focus On Otherside And Web3,news,200,Indexable,2085,97,0,0,,,0,0,yes,delete,high,P1,no_signal
https://coincu.com/yuga-labs-scam-othersides-account-hacked/,Yuga Labs Scam Alert When Otherside's Twitter Account Suspects Hacked,Yuga Labs Scam Alert When Otherside’s Twitter Account Suspects Hacked,news,200,Indexable,1814,156,0,0,,,0,0,yes,delete,high,P1,no_signal
https://coincu.com/yuga-labs-sues-complainant-bayc-racism/,"Yuga Labs Sues Complainant ""BAYC Promotes Racism"" For Plagiarizing This Collection",Yuga Labs Sues Complainant “BAYC Promotes Racism” For Plagiarizing This Collection,news,200,Indexable,1973,152,0,0,,,0,0,yes,delete,high,P1,no_signal
https://coincu.com/yuga-labs-tests-first-version-otherside/,Yuga Labs Tests The First Version Of The Metaverse Game Otherside,Yuga Labs Tests The First Version Of The Metaverse Game Otherside,news,200,Indexable,1884,142,0,0,,,0,0,yes,delete,high,P1,no_signal
https://coincu.com/yuga-labs-trademark-applications/,Yuga Labs Trademark Applications Are Opposed By BAYC Imitation,Yuga Labs Trademark Applications Are Opposed By BAYC Imitation,news,200,Indexable,2241,177,0,0,,,0,0,yes,delete,high,P1,no_signal
https://coincu.com/yuga-labs-twelvefold-nft-auction-march-5/,Don't Miss Out! Yuga Labs' TwelveFold NFT Auction Starts March 5,Don’t Miss Out! Yuga Labs’ TwelveFold NFT Auction Starts March 5,news,200,Indexable,2075,180,0,0,,,0,0,yes,delete,high,P1,no_signal
https://coincu.com/yuga-labs-unsuitably-induced-neighborhood/,"Yuga Labs ""Unsuitably Induced"" The Neighborhood To Purchase BAYC NFTs",Yuga Labs “Unsuitably Induced” The Neighborhood To Purchase BAYC NFTs,news,200,Indexable,1942,156,0,0,,,0,0,yes,delete,high,P1,no_signal
https://coincu.com/yuga-labs-unveils-otherside/,Yuga Labs Unveils New Development For Otherside: Era Of Immersive In Web3,Yuga Labs Unveils New Development For Otherside: Era Of Immersive In Web3,news,200,Indexable,2224,98,0,0,,,0,0,yes,delete,high,P1,no_signal
https://coincu.com/yuga-labs-warns-nft-community/,Yuga Labs Warns Of NFT Community Attacks,Yuga Labs Warns Of NFT Community Attacks,news,200,Indexable,2011,157,0,0,,,0,0,yes,delete,high,P1,no_signal
https://coincu.com/yuga-labs-wins-battle/,Yuga Labs Wins Battle With The Impersonator Ryder Ripps,Yuga Labs Wins Battle With The Impersonator Ryder Ripps,news,200,Indexable,1971,89,0,0,,,0,0,yes,delete,high,P1,no_signal
https://coincu.com/yzi-labs-boosts-usde-investment/,YZi Labs Enhances Stake in Ethena to Boost USDe Adoption,YZi Labs Enhances Stake in Ethena to Boost USDe Adoption,news,200,Indexable,2131,112,0,0,,,0,0,yes,delete,high,P1,no_signal
https://coincu.com/yzi-labs-head-crypto-not-standalone-innovation-biggest-misjudgment/,YZi Labs Head Says Crypto Isn’t a Standalone Innovation,YZi Labs Head Says Crypto Isn’t a Standalone Innovation,news,200,Indexable,2528,156,0,0,,,0,0,yes,delete,high,P1,no_signal
https://coincu.com/yzi-labs-investors-binance-focus/,YZi Labs Considers Opening to External Investors,YZi Labs Considers Opening to External Investors,news,200,Indexable,2134,111,0,0,,,0,0,yes,delete,high,P1,no_signal
https://coincu.com/yzi-labs-launches-1b-builder-fund-to/,YZi Labs Launches $1B Builder Fund to Boost BNB Ecosystem,YZi Labs Launches $1B Builder Fund to Boost BNB Ecosystem,news,200,Indexable,2055,137,0,0,,,0,0,yes,delete,high,P1,no_signal
https://coincu.com/yzi-labs-opens-applications-for-easy-residency-s4-incubation-program/,YZi Labs Opens Applications for EASY Residency S4 Incubation Program,YZi Labs Opens Applications for EASY Residency S4 Incubation Program,news,200,Indexable,2314,153,0,0,,,0,0,yes,delete,high,P1,no_signal
https://coincu.com/za-bank-crypto-service-now-available/,ZA Bank Crypto Service Now Available to Retail Investors,ZA Bank Crypto Service Now Available to Retail Investors,news,200,Indexable,2113,129,0,0,,,0,0,yes,delete,high,P1,no_signal
https://coincu.com/zachxbt-blasts-circle-drift-hack-solana-cctp-leak/,"ZachXBT Blasts Circle Over Drift Hack, Solana CCTP Leak","ZachXBT Blasts Circle Over Drift Hack, Solana CCTP Leak",news,200,Indexable,3015,144,0,0,,,0,0,yes,delete,high,P1,no_signal
https://coincu.com/zachxbt-donated-100-eth-fraud-investigation/,"""On-chain Detective"" ZachXBT Donated 100 ETH To Support Crypto Fraud Investigation",“On-chain Detective” ZachXBT Donated 100 ETH To Support Crypto Fraud Investigation,news,200,Indexable,1987,157,0,0,,,0,0,yes,delete,high,P1,no_signal
https://coincu.com/zachxbt-exposes-canadian-scammer/,ZachXBT Exposes Canadian Scammer For Multi-Million Dollar Theft From Crypto Projects,ZachXBT Exposes Canadian Scammer For Multi-Million Dollar Theft From Crypto Projects,press_release_like,200,Indexable,2222,130,0,0,,,0,0,yes,delete,high,P1,event_pr_signal
https://coincu.com/zachxbt-faces-legal-action-jeffrey-huangs/,Breaking News: ZachXBT Faces Legal Action As Jeffrey Huang's Supporters Rally,Breaking News: ZachXBT Faces Legal Action As Jeffrey Huang’s Supporters Rally,news,200,Indexable,2183,187,0,0,,,0,0,yes,delete,high,P1,no_signal
https://coincu.com/zachxbt-raises-concerns-over-high-premiums-at-bitcoin-depot-atms/,ZachXBT Flags High Premiums at Bitcoin Depot ATMs,ZachXBT Flags High Premiums at Bitcoin Depot ATMs,news,200,Indexable,2699,146,0,0,,,0,0,yes,delete,high,P1,no_signal
https://coincu.com/zachxbt-sued-for-defamation-machibigbrother/,ZachXBT Sued For Defamation By NFT Trader MachiBigBrother In Crypto Scandal,ZachXBT Sued For Defamation By NFT Trader MachiBigBrother In Crypto Scandal,news,200,Indexable,2202,136,0,0,,,0,0,yes,delete,high,P1,no_signal
https://coincu.com/zachxbt-zeus-manipulation-claims/,ZachXBT Accuses ZEUS Owner of Market Manipulation,ZachXBT Accuses ZEUS Owner of Market Manipulation,news,200,Indexable,2190,93,0,0,,,0,0,yes,delete,high,P1,no_signal
https://coincu.com/zap-token-protocol-soars-to-100-m-funding-round/,ZAP Token Protocol Soars to $100 Million Valuation with Latest Funding Round!,ZAP Token Protocol Soars to $100 Million Valuation with Latest Funding Round!,news,200,Indexable,2050,119,0,0,,,0,0,yes,delete,high,P1,no_signal
https://coincu.com/zapple-pay-breaking-apples-damus-zaps-function/,Zapple Pay Breaking Apple's Barriers With Damus' Zaps Function,Zapple Pay Breaking Apple’s Barriers With Damus’ Zaps Function,news,200,Indexable,2118,124,0,0,,,0,0,yes,delete,high,P1,no_signal
https://coincu.com/zbd-bitcoin-startup-raises-40m/,Bitcoin Startup ZBD Raises $40 Million in Series C Funding,Bitcoin Startup ZBD Raises $40 Million in Series C Funding,news,200,Indexable,1977,98,0,0,,,0,0,yes,delete,high,P1,no_signal
https://coincu.com/zcash-blockchain-attack-from-spammers/,Zcash Blockchain Is Now Under Attack From Spammers,Zcash Blockchain Is Now Under Attack From Spammers,news,200,Indexable,2219,77,0,0,,,0,0,yes,delete,high,P1,no_signal
https://coincu.com/zcash-dev-team-quits-after-governance/,"Zcash Dev Team Quits After Governance Dispute, ZEC Drops 10%","Zcash Dev Team Quits After Governance Dispute, ZEC Drops 10%",news,200,Indexable,1913,161,0,0,,,0,0,yes,delete,high,P1,no_signal
https://coincu.com/zcash-development-team-cuts-staff/,Zcash Development Team ECC Cuts Nearly 50% Of Staff In Restructuring,Zcash Development Team ECC Cuts Nearly 50% Of Staff In Restructuring,news,200,Indexable,2183,69,0,0,,,0,0,yes,delete,high,P1,no_signal
https://coincu.com/zcash-ecc-q4-2025-roadmap/,Zcash Developer ECC Unveils Q4 2025 Roadmap Enhancements,Zcash Developer ECC Unveils Q4 2025 Roadmap Enhancements,news,200,Indexable,2115,87,0,0,,,0,0,yes,delete,high,P1,no_signal
https://coincu.com/zcash-futures-open-interest/,Zcash Futures Open Interest Reaches Record $1.5 Billion,Zcash Futures Open Interest Reaches Record $1.5 Billion,news,200,Indexable,2167,88,0,0,,,0,0,yes,delete,high,P1,no_signal
https://coincu.com/zcash-launched-version-v5-5-0/,"Zcash Launched Version V5.5.0, Introducing A Proportional Fee Mechanism","Zcash Launched Version V5.5.0, Introducing A Proportional Fee Mechanism",news,200,Indexable,2021,84,0,0,,,0,0,yes,delete,high,P1,no_signal
https://coincu.com/zcash-long-term-holder-cobie/,Zcash Long-Term Holder Cobie Reaffirms Commitment,Zcash Long-Term Holder Cobie Reaffirms Commitment,news,200,Indexable,2075,92,0,0,,,0,0,yes,delete,high,P1,no_signal
https://coincu.com/zcash-market-cap-halving-impact/,Zcash Market Cap Surpasses $6 Billion Amid Halving Anticipation,Zcash Market Cap Surpasses $6 Billion Amid Halving Anticipation,news,200,Indexable,2164,107,0,0,,,0,0,yes,delete,high,P1,no_signal
https://coincu.com/zcash-on-the-edge-430-or-a-major-crash/,Zcash on the Edge: $430 or a Major Crash Next?,Zcash on the Edge: $430 or a Major Crash Next?,news,200,Indexable,2206,119,0,0,,,0,0,yes,delete,high,P1,no_signal
https://coincu.com/zcash-price-surge-hyperliquid-losses/,Zcash Surpasses $700; Whale Short Faces $22M Loss,Zcash Surpasses $700; Whale Short Faces $22M Loss,news,200,Indexable,2103,93,0,0,,,0,0,yes,delete,high,P1,no_signal
https://coincu.com/zcash-price-surges-privacy-narrative/,"Zcash Price Surges Amid Privacy Narrative, Ansem Endorses","Zcash Price Surges Amid Privacy Narrative, Ansem Endorses",news,200,Indexable,2063,100,0,0,,,0,0,yes,delete,high,P1,no_signal
https://coincu.com/zcash-ready-to-break-out/,Zcash Ready to Break Out? Triangle Points to 40% Move,Zcash Ready to Break Out? Triangle Points to 40% Move,news,200,Indexable,2196,128,0,0,,,0,0,yes,delete,high,P1,no_signal
https://coincu.com/zcash-spam-attack-chain-size-to-100gb/,"Zcash Spam Attack, Chain Increased In Size To 100GB","Zcash Spam Attack, Chain Increased In Size To 100GB",news,200,Indexable,2146,151,0,0,,,0,0,yes,delete,high,P1,no_signal
https://coincu.com/zcash-still-doing-great-ecc-says/,"Zcash Still Doing Great, Electric Coin Company (ECC) Says","Zcash Still Doing Great, Electric Coin Company (ECC) Says",news,200,Indexable,1884,153,0,0,,,0,0,yes,delete,high,P1,no_signal
https://coincu.com/zcash-surges-14-as-okx-reverses-privacy/,Zcash Surges 14% as OKX Reverses Privacy Coin Ban,Zcash Surges 14% as OKX Reverses Privacy Coin Ban,news,200,Indexable,2125,107,0,0,,,0,0,yes,delete,high,P1,no_signal
https://coincu.com/zcash-sustainability-development-fund/,Zcash Community Wants To Launch Sustainability Development Fund,Zcash Community Wants To Launch Sustainability Development Fund,news,200,Indexable,2154,107,0,0,,,0,0,yes,delete,high,P1,no_signal
https://coincu.com/zebpay-seeks-a-license-in-singapore/,Indian Crypto Exchange ZebPay Seeks A License In Singapore,Indian Crypto Exchange ZebPay Seeks A License In Singapore,news,200,Indexable,2105,117,0,0,,,0,0,yes,delete,high,P1,no_signal
https://coincu.com/zec-bounces-from-372/,"ZEC Bounces from $372, Bullish Breakout Incoming?","ZEC Bounces from $372, Bullish Breakout Incoming?",news,200,Indexable,2166,125,0,0,,,0,0,yes,delete,high,P1,no_signal
https://coincu.com/zec-crashes-9-key-support-zone-at-331/,ZEC Crashes 9%: Key Support Zone at $331–$328 in Focus,ZEC Crashes 9%: Key Support Zone at $331–$328 in Focus,news,200,Indexable,2214,124,0,0,,,0,0,yes,delete,high,P1,no_signal
https://coincu.com/zec-nears-breakdown-is-300-the-next/,"ZEC Nears Breakdown, Is $300 the Next Stop?","ZEC Nears Breakdown, Is $300 the Next Stop?",news,200,Indexable,2161,110,0,0,,,0,0,yes,delete,high,P1,no_signal
https://coincu.com/zec-surges-toward-480-resistance/,"ZEC Surges Toward $480 Resistance, Is a $520 Breakout Next?","ZEC Surges Toward $480 Resistance, Is a $520 Breakout Next?",news,200,Indexable,2165,123,0,0,,,0,0,yes,delete,high,P1,no_signal
https://coincu.com/zec-whale-deposits-35-75m-to-binance/,ZEC Whale Deposits $35.75M to Binance as Market Sweep Sets Up Potential Upturn,ZEC Whale Deposits $35.75M to Binance as Market Sweep Sets Up Potential Upturn,news,200,Indexable,2237,135,0,0,,,0,0,yes,delete,high,P1,no_signal
https://coincu.com/zec-whale-holdings-reduction/,"ZEC Whale Cuts Holdings, Shrinking Profit to $200K","ZEC Whale Cuts Holdings, Shrinking Profit to $200K",news,200,Indexable,2135,100,0,0,,,0,0,yes,delete,high,P1,no_signal
https://coincu.com/zelle-is-called-to-tighten-activity/,Zelle Is Called To Tighten Activity By Senator Warren In A Letter To The CFPB,Zelle Is Called To Tighten Activity By Senator Warren In A Letter To The CFPB,news,200,Indexable,2089,156,0,0,,,0,0,yes,delete,high,P1,no_signal
https://coincu.com/zengo-eip-6384-solution-signature-exploits/,ZenGo Rolls Out EIP-6384 Solution To Tackle Offline Signature Exploits,ZenGo Rolls Out EIP-6384 Solution To Tackle Offline Signature Exploits,news,200,Indexable,2100,283,0,0,,,0,0,yes,delete,high,P1,no_signal
https://coincu.com/zero-confirmation-unconfirmed-transaction/,Zero Confirmation/Unconfirmed Transaction,Zero Confirmation/Unconfirmed Transaction,news,200,Indexable,2397,140,0,0,,,0,0,yes,delete,high,P1,no_signal
https://coincu.com/zero-knowledge-proof/,Zero-Knowledge Proof,Zero-Knowledge Proof,news,200,Indexable,2095,213,0,0,,,0,0,yes,delete,high,P1,no_signal
https://coincu.com/zero-knowledge-rollups/,Zero Knowledge Rollups,Zero Knowledge Rollups,news,200,Indexable,2316,177,0,0,,,0,0,yes,delete,high,P1,no_signal
https://coincu.com/zerolend-winds-down-as-tvl-drops-98-users-told-to-withdraw/,ZeroLend winds down as TVL drops 98%; users told to withdraw,ZeroLend winds down as TVL drops 98%; users told to withdraw,news,200,Indexable,2393,159,0,0,,,0,0,yes,delete,high,P1,no_signal
https://coincu.com/zetachain-raises-27m/,ZetaChain Raises $27M To Forge The Future Of Interoperable Blockchain Innovation,ZetaChain Raises $27M To Forge The Future Of Interoperable Blockchain Innovation,news,200,Indexable,2100,114,0,0,,,0,0,yes,delete,high,P1,no_signal
https://coincu.com/zhejiang-customs-seizes-more-than-400-crypto-mining-machines-in-smuggling-case/,Zhejiang Customs Seizes 400+ Crypto Mining Machines,Zhejiang Customs Seizes 400+ Crypto Mining Machines,news,200,Indexable,2542,204,0,0,,,0,0,yes,delete,high,P1,no_signal
https://coincu.com/zhou-warns-stablecoin-dollarization/,Former Chinese Central Bank Governor Warns of Risks from Stablecoins,Former Chinese Central Bank Governor Warns of Risks from Stablecoins,news,200,Indexable,2067,103,0,0,,,0,0,yes,delete,high,P1,no_signal
https://coincu.com/zhu-su-criticizes-ftx-alameda/,"3AC Co-Founder Zhu Su Criticizes FTX, Alameda Fiercely","3AC Co-Founder Zhu Su Criticizes FTX, Alameda Fiercely",news,200,Indexable,2095,156,0,0,,,0,0,yes,delete,high,P1,no_signal
https://coincu.com/zhu-su-underground-banks-in-encryption/,Zhu Su Exposes The Dark Side Of 'Underground Banks' In Encryption,Zhu Su Exposes The Dark Side Of ‘Underground Banks’ In Encryption,press_release_like,200,Indexable,2250,142,0,0,,,0,0,yes,delete,high,P1,event_pr_signal
https://coincu.com/zhu-su-wife-sells-singapore-mansion-for-38m/,Zhu Su Wife Sells Singapore Mansion for $38 Million,Zhu Su Wife Sells Singapore Mansion for $38 Million,news,200,Indexable,2150,112,0,0,,,0,0,yes,delete,high,P1,no_signal
https://coincu.com/zilliqa-and-google-cloud-unite/,Layer 1 Blockchain Zilliqa And Google Cloud Unite For Unprecedented Scalability,Layer 1 Blockchain Zilliqa And Google Cloud Unite For Unprecedented Scalability,news,200,Indexable,1943,165,0,0,,,0,0,yes,delete,high,P1,no_signal
https://coincu.com/zilliqa-to-launch-evm/,Zilliqa To Launch A Fully Compatible Version Of EVM On The Mainnet,Zilliqa To Launch A Fully Compatible Version Of EVM On The Mainnet,news,200,Indexable,2021,93,0,0,,,0,0,yes,delete,high,P1,no_signal
https://coincu.com/zilliqa-upgrade-deposits-withdrawals-stopped/,Zilliqa Planned Upgrade On July 5 Deposits And Withdrawals Will Be Stopped,Zilliqa Planned Upgrade On July 5 Deposits And Withdrawals Will Be Stopped,news,200,Indexable,2009,177,0,0,,,0,0,yes,delete,high,P1,no_signal
https://coincu.com/zimbabwe-gold-backed-digital-currency/,Zimbabwe Avoids Devaluation With New Gold-Backed Digital Currency,Zimbabwe Avoids Devaluation With New Gold-Backed Digital Currency,news,200,Indexable,2168,78,0,0,,,0,0,yes,delete,high,P1,no_signal
https://coincu.com/zimbabwe-gold-backed-digital-tokens/,Zimbabwe Gold-Backed Digital Tokens Attract Over $14 Billion ZW In First Issue,Zimbabwe Gold-Backed Digital Tokens Attract Over $14 Billion ZW In First Issue,news,200,Indexable,2191,132,0,0,,,0,0,yes,delete,high,P1,no_signal
https://coincu.com/zimbabwe-launch-gold-back-digital-currency/,"Zimbabwe To Launch Gold-Backed Digital Currency On May 8th, Starting At $10","Zimbabwe To Launch Gold-Backed Digital Currency On May 8th, Starting At $10",news,200,Indexable,2133,172,0,0,,,0,0,yes,delete,high,P1,no_signal
https://coincu.com/zimbabwe-needs-100-million-gold/,Zimbabwe Needs $100 Million Of Gold To Kick-start Its Digital Currency,Zimbabwe Needs $100 Million Of Gold To Kick-start Its Digital Currency,news,200,Indexable,2178,119,0,0,,,0,0,yes,delete,high,P1,no_signal
https://coincu.com/zimbabwe-opinion-on-crypto-asset-regulations/,Zimbabwe Seeks Public Opinion on Crypto Asset Regulations!,Zimbabwe Seeks Public Opinion on Crypto Asset Regulations!,news,200,Indexable,2167,154,0,0,,,0,0,yes,delete,high,P1,no_signal
https://coincu.com/zipmex-allowing-users-withdraw-btc-and-eth/,"After Unlocking Altcoins, Zipmex Continues Allowing Users To Withdraw BTC And ETH","After Unlocking Altcoins, Zipmex Continues Allowing Users To Withdraw BTC And ETH",news,200,Indexable,1970,158,0,0,,,0,0,yes,delete,high,P1,no_signal
https://coincu.com/zipmex-exchange-withdrawals-suspended/,"Zipmex Exchange Invested By Coinbase, Withdrawals Suspended","Zipmex Exchange Invested By Coinbase, Withdrawals Suspended",news,200,Indexable,2078,134,0,0,,,0,0,yes,delete,high,P1,no_signal
https://coincu.com/zipmex-filed-for-2-months-extension/,Zipmex Filed For 2 Months Extension Of Bankruptcy Agreement,Zipmex Filed For 2 Months Extension Of Bankruptcy Agreement,news,200,Indexable,2129,102,0,0,,,0,0,yes,delete,high,P1,no_signal
https://coincu.com/zipmex-files-for-bankruptcy/,Zipmex Files For Bankruptcy Protection,Zipmex Files For Bankruptcy Protection,news,200,Indexable,2126,159,0,0,,,0,0,yes,delete,high,P1,no_signal
https://coincu.com/zipmex-gets-creditor-protection/,Zipmex Gets Over 3 Months Creditor Protection In Singapore,Zipmex Gets Over 3 Months Creditor Protection In Singapore,news,200,Indexable,2022,157,0,0,,,0,0,yes,delete,high,P1,no_signal
https://coincu.com/zipmex-investors-in-shock-as-rescue-deal/,Zipmex Investors In Shock As Rescue Deal Offers Just 10-20 Cents On The Dollar,Zipmex Investors In Shock As Rescue Deal Offers Just 10-20 Cents On The Dollar,news,200,Indexable,2145,169,0,0,,,0,0,yes,delete,high,P1,no_signal
https://coincu.com/zipmex-investors-pressed-ceo-to-resign/,ZipMEX Investors Pressed CEO To Resign,ZipMEX Investors Pressed CEO To Resign,news,200,Indexable,1993,155,0,0,,,0,0,yes,delete,high,P1,no_signal
https://coincu.com/zipmex-is-having-trouble/,Zipmex Is Having Trouble With New Probe By The Thai SEC,Zipmex Is Having Trouble With New Probe By The Thai SEC,news,200,Indexable,2119,152,0,0,,,0,0,yes,delete,high,P1,no_signal
https://coincu.com/zipmex-lending-babel-finance-celsius-53m/,Zipmex Admits To Lending Babel Finance And Celsius $53M After Suspending Withdrawals,Zipmex Admits To Lending Babel Finance And Celsius $53M After Suspending Withdrawals,news,200,Indexable,2032,150,0,0,,,0,0,yes,delete,high,P1,no_signal
https://coincu.com/zipmex-likely-to-be-liquidated/,Zipmex Likely To Be Liquidated For Rescue Investor Misses A Payment,Zipmex Likely To Be Liquidated For Rescue Investor Misses A Payment,news,200,Indexable,2211,119,0,0,,,0,0,yes,delete,high,P1,no_signal
https://coincu.com/zipmex-negotiates-with-v-venture-about/,Zipmex Negotiates With V Venture About Selling Most Of The Company's Shares,Zipmex Negotiates With V Venture About Selling Most Of The Company’s Shares,news,200,Indexable,1961,151,0,0,,,0,0,yes,delete,high,P1,no_signal
https://coincu.com/zipmex-received-a-rescue-offer/,"Zipmex Claims To Have Received A Rescue Offer After Speaking With ""Interested Parties,""","Zipmex Claims To Have Received A Rescue Offer After Speaking With “Interested Parties,”",press_release_like,200,Indexable,1983,113,0,0,,,0,0,yes,delete,high,P1,event_pr_signal
https://coincu.com/zipmex-requests-creditor-protection/,Zipmex Requests Extension Of Creditor Protection While Awaiting Help Agreements,Zipmex Requests Extension Of Creditor Protection While Awaiting Help Agreements,news,200,Indexable,1972,138,0,0,,,0,0,yes,delete,high,P1,no_signal
https://coincu.com/zipmex-sends-request-for-meeting/,Zipmex Sends A Request For A Meeting With The Thai Regulator,Zipmex Sends A Request For A Meeting With The Thai Regulator,news,200,Indexable,2280,157,0,0,,,0,0,yes,delete,high,P1,no_signal
https://coincu.com/zipmex-unblocks-withdrawals-sol-xrp-ada/,"Zipmex Unblocks Withdrawals Of 3 Altcoins SOL, XRP and ADA","Zipmex Unblocks Withdrawals Of 3 Altcoins SOL, XRP and ADA",news,200,Indexable,2004,155,0,0,,,0,0,yes,delete,high,P1,no_signal
https://coincu.com/zk-evms-and-the-future-of-ethereum-layer-1/,ZK-EVMs And The Future Of Ethereum Layer 1 Verification: Challenges And Solutions,ZK-EVMs And The Future Of Ethereum Layer 1 Verification: Challenges And Solutions,news,200,Indexable,3753,171,0,0,,,0,0,yes,delete,high,P1,no_signal
https://coincu.com/zk-snarks/,Zk-SNARKs,Zk-SNARKs,news,200,Indexable,2070,258,0,0,,,0,0,yes,delete,high,P1,no_signal
https://coincu.com/zk-stack-potentials-and-limitations/,ZK Stack: Exploring Potentials And Limitations That Need To Be Overcome,ZK Stack: Exploring Potentials And Limitations That Need To Be Overcome,news,200,Indexable,3114,145,0,0,,,0,0,yes,delete,high,P1,no_signal
https://coincu.com/zkasino-shatters-expectations-on-zksync-platform/,ZKasino Shatters Expectations on ZKSync Platform!,ZKasino Shatters Expectations on ZKSync Platform!,news,200,Indexable,2110,101,0,0,,,0,0,yes,delete,high,P1,no_signal
https://coincu.com/zkevm-platforms-from-the-rest/,zkEVM Platforms: What Sets Them Apart From The Rest?,zkEVM Platforms: What Sets Them Apart From The Rest?,news,200,Indexable,3334,155,0,0,,,0,0,yes,delete,high,P1,no_signal
https://coincu.com/zkevm-public-testnet/,zkEVM Public Testnet: Polygon and Matter compete to launch,Polygon and Matter Labs Launches zkEVM Public Testnet,news,200,Indexable,2102,151,0,0,,,0,0,yes,delete,high,P1,no_signal
https://coincu.com/zklend-hack-linked-to-2023-eralend-attacker/,zkLend Hack Linked to Notorious 2023 EraLend Attacker,zkLend Hack Linked to Notorious 2023 EraLend Attacker,news,200,Indexable,2179,131,0,0,,,0,0,yes,delete,high,P1,no_signal
https://coincu.com/zkp-crypto-charges-toward-a-1-7b-raise-as-worldcoin-and-dogecoin-price-fail-traders-expectations/,ZKP Crypto Charges Toward a $1.7B Raise as Worldcoin and Dogecoin Price Fail Trader’s Expectations,ZKP Crypto Charges Toward a $1.7B Raise as Worldcoin and Dogecoin Price Fail Trader’s Expectations,news,200,Indexable,2537,151,0,0,,,0,0,yes,delete,high,P1,no_signal
https://coincu.com/zksync-20-testnet-be-updated-february-8/,zkSync 2.0 Testnet Be Updated February 8 To Prepare For Fair Onboarding Alpha,zkSync 2.0 Testnet Be Updated February 8 To Prepare For Fair Onboarding Alpha,news,200,Indexable,2066,149,0,0,,,0,0,yes,delete,high,P1,no_signal
https://coincu.com/zksync-announced-a-testnet-integration/,zkSync Announced A Testnet Integration Ahead Of Its Mainnet Launch,zkSync Announced A Testnet Integration Ahead Of Its Mainnet Launch,news,200,Indexable,1913,116,0,0,,,0,0,yes,delete,high,P1,no_signal
https://coincu.com/zksync-causes-network-cuts-for-4h/,zkSync Explains What Causes Network Cuts For 4H,zkSync Explains What Causes Network Cuts For 4H,news,200,Indexable,2016,197,0,0,,,0,0,yes,delete,high,P1,no_signal
https://coincu.com/zksync-complete-first-security-audit/,ZkSync Complete Its First Security Audit Conducted By OpenZeppelin,ZkSync Complete Its First Security Audit Conducted By OpenZeppelin,news,200,Indexable,1964,128,0,0,,,0,0,yes,delete,high,P1,no_signal
https://coincu.com/zksync-crypto-exchange-hyperchain/,Layer 2 zkSync Crypto Exchange To Become The First Hyperchain In The Ecosystem,Layer 2 zkSync Crypto Exchange To Become The First Hyperchain In The Ecosystem,news,200,Indexable,2137,116,0,0,,,0,0,yes,delete,high,P1,no_signal
https://coincu.com/zksync-defi-head-now-leaves-project/,ZkSync DeFi Head Now Leaves Project After Corruption Allegations,ZkSync DeFi Head Now Leaves Project After Corruption Allegations,news,200,Indexable,2104,89,0,0,,,0,0,yes,delete,high,P1,no_signal
https://coincu.com/zksync-era-experiences-generation-issues/,"zkSync Era Experiences Block Generation Issues, No Response for 3 Hours","zkSync Era Experiences Block Generation Issues, No Response for 3 Hours",news,200,Indexable,2137,135,0,0,,,0,0,yes,delete,high,P1,no_signal
https://coincu.com/zksync-era-ignites-excitement/,zkSync Era Ignites Excitement With LIBERTAS OMNIBUS,zkSync Era Ignites Excitement With LIBERTAS OMNIBUS,news,200,Indexable,1922,142,0,0,,,0,0,yes,delete,high,P1,no_signal
https://coincu.com/zksync-era-introduced-boojum/,zkSync Era Introduced Boojum: A New Proof System To Enhance Decentralization,zkSync Era Introduced Boojum: A New Proof System To Enhance Decentralization,news,200,Indexable,2014,128,0,0,,,0,0,yes,delete,high,P1,no_signal
https://coincu.com/zksync-era-issue-now-fixed/,zkSync Era Issue Related To A Subtle Bug Now Fixed,zkSync Era Issue Related To A Subtle Bug Now Fixed,news,200,Indexable,2098,146,0,0,,,0,0,yes,delete,high,P1,no_signal
https://coincu.com/zksync-era-landing-massive-scam-projects/,zkSync Era: The Landing Of Massive Scam Projects,zkSync Era: The Landing Of Massive Scam Projects,news,200,Indexable,3084,224,0,0,,,0,0,yes,delete,high,P1,no_signal
https://coincu.com/zksync-era-mainnet-alpha-launched/,zkSync Era Mainnet Alpha Now Launched On Ethereum,zkSync Era Mainnet Alpha Now Launched On Ethereum,news,200,Indexable,2244,113,0,0,,,0,0,yes,delete,high,P1,no_signal
https://coincu.com/zksync-era-network-halts-the-hour-long/,ZkSync Era Network Halts - Decoding the Hour-Long Suspension!,ZkSync Era Network Halts – Decoding the Hour-Long Suspension!,news,200,Indexable,2105,134,0,0,,,0,0,yes,delete,high,P1,no_signal
https://coincu.com/zksync-expects-to-reach-full-launch/,zkSync Expects To Reach Full Launch Alpha Milestone In Q2 2023,zkSync Expects To Reach Full Launch Alpha Milestone In Q2 2023,news,200,Indexable,1861,67,0,0,,,0,0,yes,delete,high,P1,no_signal
https://coincu.com/zksync-integrates-programming-languages/,ZkSync Integrates Three Programming Languages Into Its SDKs,ZkSync Integrates Three Programming Languages Into Its SDKs,news,200,Indexable,1802,79,0,0,,,0,0,yes,delete,high,P1,no_signal
https://coincu.com/zksync-integrates-rns-id/,zkSync Integrates With The Digital Identification Protocol RNS.ID,zkSync Integrates With The Digital Identification Protocol RNS.ID,news,200,Indexable,2034,151,0,0,,,0,0,yes,delete,high,P1,no_signal
https://coincu.com/zksync-launched-new-nft-project/,"zkSync Launched New NFT Project, Airdrop To 10,000 Early NFT Users","zkSync Launched New NFT Project, Airdrop To 10,000 Early NFT Users",news,200,Indexable,2068,108,0,0,,,0,0,yes,delete,high,P1,no_signal
https://coincu.com/zksync-mainnet-governance-launches/,ZKsync Mainnet Governance Launches With Onchain Contracts,ZKsync Mainnet Governance Launches With Onchain Contracts,news,200,Indexable,2064,184,0,0,,,0,0,yes,delete,high,P1,no_signal
https://coincu.com/zksync-mainnet-v24-delayed-sepolia-testnet/,"zkSync Mainnet v24 Upgrade Delayed, Sepolia Testnet Restoration Imminent!","zkSync Mainnet v24 Upgrade Delayed, Sepolia Testnet Restoration Imminent!",news,200,Indexable,2166,132,0,0,,,0,0,yes,delete,high,P1,no_signal
https://coincu.com/zksync-token-economics-released-november/,zkSync Token Economics Will Be Officially Released In Early November,zkSync Token Economics Will Be Officially Released In Early November,news,200,Indexable,1899,158,0,0,,,0,0,yes,delete,high,P1,no_signal
https://coincu.com/zksync-token-generation/,ZkSync Token Generation Will Be Launched With Airdrop Scheduled On June 26,ZkSync Token Generation Will Be Launched With Airdrop Scheduled On June 26,news,200,Indexable,2135,90,0,0,,,0,0,yes,delete,high,P1,no_signal
https://coincu.com/zksync-token-launch-doesnt-bring-excitement/,ZkSync Token Launch Doesn't Bring Excitement as Expected as Price Continues to Drop,ZkSync Token Launch Doesn’t Bring Excitement as Expected as Price Continues to Drop,news,200,Indexable,2128,110,0,0,,,0,0,yes,delete,high,P1,no_signal
https://coincu.com/zksync-token-listing-continues-to-cause-conflict/,ZkSync Token Listing Continues to Cause Conflict After Controversial Airdrop,ZkSync Token Listing Continues to Cause Conflict After Controversial Airdrop,news,200,Indexable,2065,141,0,0,,,0,0,yes,delete,high,P1,no_signal
https://coincu.com/zksync-v2-goes-live/,zkSync V2 Goes Live On Ethereum Mainnet,zkSync V2 Goes Live On Ethereum Mainnet,news,200,Indexable,1934,138,0,0,,,0,0,yes,delete,high,P1,no_signal
https://coincu.com/zksync-v24-mainnet-upgrade-now-completed/,"zkSync v24 Mainnet Upgrade Now Completed, Preparing for Expected Token Airdrop","zkSync v24 Mainnet Upgrade Now Completed, Preparing for Expected Token Airdrop",news,200,Indexable,2136,87,0,0,,,0,0,yes,delete,high,P1,no_signal
https://coincu.com/zksync-v24-update-mainnet-deployment-set-june-6/,"zkSync v24 Update Audit Concluded, Mainnet Deployment Set for June 6!","zkSync v24 Update Audit Concluded, Mainnet Deployment Set for June 6!",news,200,Indexable,2187,114,0,0,,,0,0,yes,delete,high,P1,no_signal
https://coincu.com/zodia-custody-blockdaemon-crypto-staking/,Zodia Custody And Blockdaemon Empower Institutions With Crypto Staking Services,Zodia Custody And Blockdaemon Empower Institutions With Crypto Staking Services,news,200,Indexable,2094,89,0,0,,,0,0,yes,delete,high,P1,no_signal
https://coincu.com/zodia-custody-launches-solution-safeguard/,Zodia Custody Launches Solution To Safeguard Customer Assets From Exchange Insolvency,Zodia Custody Launches Solution To Safeguard Customer Assets From Exchange Insolvency,news,200,Indexable,2033,135,0,0,,,0,0,yes,delete,high,P1,no_signal
https://coincu.com/zodia-custody-unveils-crypto-yield/,Standard Chartered-Backed Zodia Custody Unveils Crypto Yield Opportunities For Institutions,Standard Chartered-Backed Zodia Custody Unveils Crypto Yield Opportunities For Institutions,news,200,Indexable,2103,181,0,0,,,0,0,yes,delete,high,P1,no_signal
https://coincu.com/zoop-partners-with-ready-player-me/,Digital Collectibles Trading Platform Zoop Partners With Ready Player Me,Digital Collectibles Trading Platform Zoop Partners With Ready Player Me,news,200,Indexable,1872,153,0,0,,,0,0,yes,delete,high,P1,no_signal
https://coincu.com/zora-faces-criticism-over-token-supply/,Zora Faces Criticism Over Token Supply and ‘For Fun’ Label,Zora Faces Criticism Over Token Supply and ‘For Fun’ Label,news,200,Indexable,2512,148,0,0,,,0,0,yes,delete,high,P1,no_signal
https://coincu.com/zora-nft-layer-2-fight-eth-gas-fees/,Zora NFT Launches Layer 2 Network To Fight Ethereum Gas Fees,Zora NFT Launches Layer 2 Network To Fight Ethereum Gas Fees,news,200,Indexable,1942,99,0,0,,,0,0,yes,delete,high,P1,no_signal
https://coincu.com/zt-mining-makes-crypto-mining-risk-free-with-capital-back-guarantee/,ZT Mining Makes Crypto Mining Risk-Free with Capital Back Guarantee,ZT Mining Makes Crypto Mining Risk-Free with Capital Back Guarantee,news,200,Indexable,2371,139,0,0,,,0,0,yes,delete,high,P1,no_signal
https://coincu.com/zuckerberg-metas-2-8b-loss-is-normal/,Zuckerberg Thinks Meta's $2.8 Billion Loss In Q2 Is Normal,Zuckerberg Thinks Meta’s $2.8 Billion Loss In Q2 Is Normal,news,200,Indexable,1964,151,0,0,,,0,0,yes,delete,high,P1,no_signal
https://coincu.com/zunami-protocol-hacked-lost-2-1m/,"Yield Aggregator Zunami Protocol Hacked, Lost Over $2.1 Million","Yield Aggregator Zunami Protocol Hacked, Lost Over $2.1 Million",news,200,Indexable,2017,126,0,0,,,0,0,yes,delete,high,P1,no_signal
https://coincu.com/zurich-cantonal-bank-crypto-trading-services/,Zurich Cantonal Bank Now Supports Crypto Trading Services,Zurich Cantonal Bank Now Supports Crypto Trading Services,news,200,Indexable,2151,139,0,0,,,0,0,yes,delete,high,P1,no_signal
