source_url,source_type,source_id,old_link,new_link,old_count_found_in_raw,status
https://coincu.com/hong-kong-to-expand-virtual-asset-derivatives/,posts,321310,https://coincu.com/c/casino-reviews/,https://coincu.com/casino-reviews/,0,no_match_in_raw
https://coincu.com/hong-kong-to-expand-virtual-asset-derivatives/,posts,321310,https://coincu.com/c/pr/press-release/,https://coincu.com/pr/press-release/,0,no_match_in_raw
https://coincu.com/hong-kong-to-expand-virtual-asset-derivatives/,posts,321310,https://coincu.com/c/news,https://coincu.com/news/,0,no_match_in_raw
https://coincu.com/ionet-review-notable-depin-project-in-the-sol/,posts,256335,https://coincu.com/c/casino-reviews/,https://coincu.com/casino-reviews/,0,no_match_in_raw
https://coincu.com/ionet-review-notable-depin-project-in-the-sol/,posts,256335,https://coincu.com/c/pr/press-release/,https://coincu.com/pr/press-release/,0,no_match_in_raw
https://coincu.com/ionet-review-notable-depin-project-in-the-sol/,posts,256335,https://coincu.com/c/other-reviews,https://coincu.com/other-reviews/,0,no_match_in_raw
https://coincu.com/world-liberty-financial-seeks-crypto-token-swap/,posts,305155,https://coincu.com/c/casino-reviews/,https://coincu.com/casino-reviews/,0,no_match_in_raw
https://coincu.com/world-liberty-financial-seeks-crypto-token-swap/,posts,305155,https://coincu.com/c/pr/press-release/,https://coincu.com/pr/press-release/,0,no_match_in_raw
https://coincu.com/world-liberty-financial-seeks-crypto-token-swap/,posts,305155,https://coincu.com/c/news,https://coincu.com/news/,0,no_match_in_raw
https://coincu.com/melania-meme-coins-early-crash/,posts,311458,https://coincu.com/c/casino-reviews/,https://coincu.com/casino-reviews/,0,no_match_in_raw
https://coincu.com/melania-meme-coins-early-crash/,posts,311458,https://coincu.com/c/pr/press-release/,https://coincu.com/pr/press-release/,0,no_match_in_raw
https://coincu.com/melania-meme-coins-early-crash/,posts,311458,https://coincu.com/c/altcoin,https://coincu.com/altcoin/,0,no_match_in_raw
https://coincu.com/blockmesh-network-review-transforming-unused/,posts,289021,https://coincu.com/c/casino-reviews/,https://coincu.com/casino-reviews/,0,no_match_in_raw
https://coincu.com/blockmesh-network-review-transforming-unused/,posts,289021,https://coincu.com/c/pr/press-release/,https://coincu.com/pr/press-release/,0,no_match_in_raw
https://coincu.com/blockmesh-network-review-transforming-unused/,posts,289021,https://coincu.com/c/other-reviews,https://coincu.com/other-reviews/,0,no_match_in_raw
https://coincu.com/grass-token-airdrop-requires-users/,posts,278859,https://coincu.com/c/casino-reviews/,https://coincu.com/casino-reviews/,0,no_match_in_raw
https://coincu.com/grass-token-airdrop-requires-users/,posts,278859,https://coincu.com/c/pr/press-release/,https://coincu.com/pr/press-release/,0,no_match_in_raw
https://coincu.com/grass-token-airdrop-requires-users/,posts,278859,https://coincu.com/c/news,https://coincu.com/news/,0,no_match_in_raw
https://coincu.com/gradient-network-review-a-decentralized-compute/,posts,288507,https://coincu.com/c/casino-reviews/,https://coincu.com/casino-reviews/,0,no_match_in_raw
https://coincu.com/gradient-network-review-a-decentralized-compute/,posts,288507,https://coincu.com/c/pr/press-release/,https://coincu.com/pr/press-release/,0,no_match_in_raw
https://coincu.com/gradient-network-review-a-decentralized-compute/,posts,288507,https://coincu.com/c/other-reviews,https://coincu.com/other-reviews/,0,no_match_in_raw
https://coincu.com/dawn-review-depin-project-raises-huge-funds/,posts,279441,https://coincu.com/c/casino-reviews/,https://coincu.com/casino-reviews/,0,no_match_in_raw
https://coincu.com/dawn-review-depin-project-raises-huge-funds/,posts,279441,https://coincu.com/c/pr/press-release/,https://coincu.com/pr/press-release/,0,no_match_in_raw
https://coincu.com/dawn-review-depin-project-raises-huge-funds/,posts,279441,https://coincu.com/c/other-reviews,https://coincu.com/other-reviews/,0,no_match_in_raw
https://coincu.com/grass-review-earn-by-sharing-unused-bandwidth/,posts,286348,https://coincu.com/c/casino-reviews/,https://coincu.com/casino-reviews/,0,no_match_in_raw
https://coincu.com/grass-review-earn-by-sharing-unused-bandwidth/,posts,286348,https://coincu.com/c/pr/press-release/,https://coincu.com/pr/press-release/,0,no_match_in_raw
https://coincu.com/grass-review-earn-by-sharing-unused-bandwidth/,posts,286348,https://coincu.com/c/other-reviews,https://coincu.com/other-reviews/,0,no_match_in_raw
https://coincu.com/tether-stablecoin-usdt-integrating-into-bitcoin/,posts,304768,https://coincu.com/c/casino-reviews/,https://coincu.com/casino-reviews/,0,no_match_in_raw
https://coincu.com/tether-stablecoin-usdt-integrating-into-bitcoin/,posts,304768,https://coincu.com/c/pr/press-release/,https://coincu.com/pr/press-release/,0,no_match_in_raw
https://coincu.com/tether-stablecoin-usdt-integrating-into-bitcoin/,posts,304768,https://coincu.com/c/bitcoin,https://coincu.com/bitcoin/,0,no_match_in_raw
https://coincu.com/tether-financial-report-reveals-13b-profit-2024/,posts,304700,https://coincu.com/c/casino-reviews/,https://coincu.com/casino-reviews/,0,no_match_in_raw
https://coincu.com/tether-financial-report-reveals-13b-profit-2024/,posts,304700,https://coincu.com/c/pr/press-release/,https://coincu.com/pr/press-release/,0,no_match_in_raw
https://coincu.com/tether-financial-report-reveals-13b-profit-2024/,posts,304700,https://coincu.com/c/news,https://coincu.com/news/,0,no_match_in_raw
https://coincu.com/binance-ceo-cz-claims-eu-bitcoin-urgently/,posts,304684,https://coincu.com/c/casino-reviews/,https://coincu.com/casino-reviews/,0,no_match_in_raw
https://coincu.com/binance-ceo-cz-claims-eu-bitcoin-urgently/,posts,304684,https://coincu.com/c/pr/press-release/,https://coincu.com/pr/press-release/,0,no_match_in_raw
https://coincu.com/binance-ceo-cz-claims-eu-bitcoin-urgently/,posts,304684,https://coincu.com/c/news,https://coincu.com/news/,0,no_match_in_raw
https://coincu.com/berachain-review-layer1-with-proof-of-liquidity/,posts,259944,https://coincu.com/c/casino-reviews/,https://coincu.com/casino-reviews/,0,no_match_in_raw
https://coincu.com/berachain-review-layer1-with-proof-of-liquidity/,posts,259944,https://coincu.com/c/pr/press-release/,https://coincu.com/pr/press-release/,0,no_match_in_raw
https://coincu.com/berachain-review-layer1-with-proof-of-liquidity/,posts,259944,https://coincu.com/c/blockchain,https://coincu.com/blockchain/,0,no_match_in_raw
https://coincu.com/gate-io-launches-new-usde-wealth-management-products-pioneering-a-high-yield-and-high-liquidity-model/,posts,292170,https://coincu.com/c/casino-reviews/,https://coincu.com/casino-reviews/,0,no_match_in_raw
https://coincu.com/gate-io-launches-new-usde-wealth-management-products-pioneering-a-high-yield-and-high-liquidity-model/,posts,292170,https://coincu.com/c/press-release,https://coincu.com/press-release/,0,no_match_in_raw
https://coincu.com/gate-io-launches-new-usde-wealth-management-products-pioneering-a-high-yield-and-high-liquidity-model/,posts,292170,https://coincu.com/c/pr/press-release/,https://coincu.com/pr/press-release/,0,no_match_in_raw
https://coincu.com/crypto-wallet-magic-announces-52m/,posts,191243,https://coincu.com/c/casino-reviews/,https://coincu.com/casino-reviews/,0,no_match_in_raw
https://coincu.com/crypto-wallet-magic-announces-52m/,posts,191243,https://coincu.com/c/pr/press-release/,https://coincu.com/pr/press-release/,0,no_match_in_raw
https://coincu.com/crypto-wallet-magic-announces-52m/,posts,191243,https://coincu.com/c/uncategorized,https://coincu.com/uncategorized/,0,no_match_in_raw
https://coincu.com/bitget-wallet-omniconnect-launched/,posts,284798,https://coincu.com/c/casino-reviews/,https://coincu.com/casino-reviews/,0,no_match_in_raw
https://coincu.com/bitget-wallet-omniconnect-launched/,posts,284798,https://coincu.com/c/pr/press-release/,https://coincu.com/pr/press-release/,0,no_match_in_raw
https://coincu.com/bitget-wallet-omniconnect-launched/,posts,284798,https://coincu.com/c/news,https://coincu.com/news/,0,no_match_in_raw
https://coincu.com/digital-asset-investment-products-inflows-3/,posts,248352,https://coincu.com/c/casino-reviews/,https://coincu.com/casino-reviews/,0,no_match_in_raw
https://coincu.com/digital-asset-investment-products-inflows-3/,posts,248352,https://coincu.com/c/pr/press-release/,https://coincu.com/pr/press-release/,0,no_match_in_raw
https://coincu.com/digital-asset-investment-products-inflows-3/,posts,248352,https://coincu.com/c/news,https://coincu.com/news/,0,no_match_in_raw
https://coincu.com/crypto-market-outlook-2025-key-factors-to-watch/,posts,298237,https://coincu.com/c/casino-reviews/,https://coincu.com/casino-reviews/,0,no_match_in_raw
https://coincu.com/crypto-market-outlook-2025-key-factors-to-watch/,posts,298237,https://coincu.com/c/pr/press-release/,https://coincu.com/pr/press-release/,0,no_match_in_raw
https://coincu.com/crypto-market-outlook-2025-key-factors-to-watch/,posts,298237,https://coincu.com/c/news,https://coincu.com/news/,0,no_match_in_raw
https://coincu.com/intel-exits-bitcoin-mining-chips-cut-costs/,posts,182319,https://coincu.com/c/casino-reviews/,https://coincu.com/casino-reviews/,0,no_match_in_raw
https://coincu.com/intel-exits-bitcoin-mining-chips-cut-costs/,posts,182319,https://coincu.com/c/pr/press-release/,https://coincu.com/pr/press-release/,0,no_match_in_raw
https://coincu.com/intel-exits-bitcoin-mining-chips-cut-costs/,posts,182319,https://coincu.com/c/news,https://coincu.com/news/,0,no_match_in_raw
https://coincu.com/hive-blockchain-cuts-computational-power/,posts,150514,https://coincu.com/c/casino-reviews/,https://coincu.com/casino-reviews/,0,no_match_in_raw
https://coincu.com/hive-blockchain-cuts-computational-power/,posts,150514,https://coincu.com/c/pr/press-release/,https://coincu.com/pr/press-release/,0,no_match_in_raw
https://coincu.com/hive-blockchain-cuts-computational-power/,posts,150514,https://coincu.com/c/news,https://coincu.com/news/,0,no_match_in_raw
https://coincu.com/pig-butchering-scams-are-increasingly-common/,posts,280455,https://coincu.com/c/casino-reviews/,https://coincu.com/casino-reviews/,0,no_match_in_raw
https://coincu.com/pig-butchering-scams-are-increasingly-common/,posts,280455,https://coincu.com/c/pr/press-release/,https://coincu.com/pr/press-release/,0,no_match_in_raw
https://coincu.com/pig-butchering-scams-are-increasingly-common/,posts,280455,https://coincu.com/c/news,https://coincu.com/news/,0,no_match_in_raw
https://coincu.com/chainalysis-ceo-michael-gronager-resigns/,posts,285558,https://coincu.com/c/casino-reviews/,https://coincu.com/casino-reviews/,0,no_match_in_raw
https://coincu.com/chainalysis-ceo-michael-gronager-resigns/,posts,285558,https://coincu.com/c/pr/press-release/,https://coincu.com/pr/press-release/,0,no_match_in_raw
https://coincu.com/chainalysis-ceo-michael-gronager-resigns/,posts,285558,https://coincu.com/c/news,https://coincu.com/news/,0,no_match_in_raw
https://coincu.com/onecoin-investors-2014-2019-may-be-eligible-for-department-of-justice-remission-compensation-process/,posts,400247,https://coincu.com/c/casino-reviews/,https://coincu.com/casino-reviews/,0,no_match_in_raw
https://coincu.com/onecoin-investors-2014-2019-may-be-eligible-for-department-of-justice-remission-compensation-process/,posts,400247,https://coincu.com/c/press-release,https://coincu.com/press-release/,0,no_match_in_raw
https://coincu.com/onecoin-investors-2014-2019-may-be-eligible-for-department-of-justice-remission-compensation-process/,posts,400247,https://coincu.com/c/pr/press-release/,https://coincu.com/pr/press-release/,0,no_match_in_raw
https://coincu.com/doj-seized-112-million-in-crypto/,posts,187233,https://coincu.com/c/casino-reviews/,https://coincu.com/casino-reviews/,0,no_match_in_raw
https://coincu.com/doj-seized-112-million-in-crypto/,posts,187233,https://coincu.com/c/pr/press-release/,https://coincu.com/pr/press-release/,0,no_match_in_raw
https://coincu.com/doj-seized-112-million-in-crypto/,posts,187233,https://coincu.com/c/news,https://coincu.com/news/,0,no_match_in_raw
https://coincu.com/fbi-continues-warning-pig-butchering/,posts,156206,https://coincu.com/c/casino-reviews/,https://coincu.com/casino-reviews/,0,no_match_in_raw
https://coincu.com/fbi-continues-warning-pig-butchering/,posts,156206,https://coincu.com/c/pr/press-release/,https://coincu.com/pr/press-release/,0,no_match_in_raw
https://coincu.com/fbi-continues-warning-pig-butchering/,posts,156206,https://coincu.com/c/news,https://coincu.com/news/,0,no_match_in_raw
https://coincu.com/tether-voluntarily-freezes-225m-usdt/,posts,228831,https://coincu.com/c/casino-reviews/,https://coincu.com/casino-reviews/,0,no_match_in_raw
https://coincu.com/tether-voluntarily-freezes-225m-usdt/,posts,228831,https://coincu.com/c/pr/press-release/,https://coincu.com/pr/press-release/,0,no_match_in_raw
https://coincu.com/tether-voluntarily-freezes-225m-usdt/,posts,228831,https://coincu.com/c/news,https://coincu.com/news/,0,no_match_in_raw
https://coincu.com/fbi-warns-about-crypto-atms-scams/,posts,130677,https://coincu.com/c/casino-reviews/,https://coincu.com/casino-reviews/,0,no_match_in_raw
https://coincu.com/fbi-warns-about-crypto-atms-scams/,posts,130677,https://coincu.com/c/pr/press-release/,https://coincu.com/pr/press-release/,0,no_match_in_raw
https://coincu.com/fbi-warns-about-crypto-atms-scams/,posts,130677,https://coincu.com/c/scam-alert,https://coincu.com/scam-alert/,0,no_match_in_raw
https://coincu.com/exchange-bittrex-to-lays-off-83-employees/,posts,164074,https://coincu.com/c/casino-reviews/,https://coincu.com/casino-reviews/,0,no_match_in_raw
https://coincu.com/exchange-bittrex-to-lays-off-83-employees/,posts,164074,https://coincu.com/c/pr/press-release/,https://coincu.com/pr/press-release/,0,no_match_in_raw
https://coincu.com/exchange-bittrex-to-lays-off-83-employees/,posts,164074,https://coincu.com/c/news,https://coincu.com/news/,0,no_match_in_raw
https://coincu.com/chainalysis-boosts-crypto-with-transpose/,posts,191014,https://coincu.com/c/casino-reviews/,https://coincu.com/casino-reviews/,0,no_match_in_raw
https://coincu.com/chainalysis-boosts-crypto-with-transpose/,posts,191014,https://coincu.com/c/pr/press-release/,https://coincu.com/pr/press-release/,0,no_match_in_raw
https://coincu.com/chainalysis-boosts-crypto-with-transpose/,posts,191014,https://coincu.com/c/news,https://coincu.com/news/,0,no_match_in_raw
https://coincu.com/chainalysis-layoff-reducing-workforce-by-150/,posts,221290,https://coincu.com/c/casino-reviews/,https://coincu.com/casino-reviews/,0,no_match_in_raw
https://coincu.com/chainalysis-layoff-reducing-workforce-by-150/,posts,221290,https://coincu.com/c/pr/press-release/,https://coincu.com/pr/press-release/,0,no_match_in_raw
https://coincu.com/chainalysis-layoff-reducing-workforce-by-150/,posts,221290,https://coincu.com/c/news,https://coincu.com/news/,0,no_match_in_raw
https://coincu.com/best-fan-tokens/,posts,118191,https://coincu.com/c/casino-reviews/,https://coincu.com/casino-reviews/,0,no_match_in_raw
https://coincu.com/best-fan-tokens/,posts,118191,https://coincu.com/c/pr/press-release/,https://coincu.com/pr/press-release/,0,no_match_in_raw
https://coincu.com/best-fan-tokens/,posts,118191,https://coincu.com/c/blockchain,https://coincu.com/blockchain/,0,no_match_in_raw
https://coincu.com/best-fan-tokens/,posts,118191,https://coincu.com/c/nft/,https://coincu.com/nft/,1,replaced
https://coincu.com/impersonated-a16z-member-seized-245000-in-crypto-scam/,posts,263546,https://coincu.com/c/casino-reviews/,https://coincu.com/casino-reviews/,0,no_match_in_raw
https://coincu.com/impersonated-a16z-member-seized-245000-in-crypto-scam/,posts,263546,https://coincu.com/c/pr/press-release/,https://coincu.com/pr/press-release/,0,no_match_in_raw
https://coincu.com/impersonated-a16z-member-seized-245000-in-crypto-scam/,posts,263546,https://coincu.com/c/news,https://coincu.com/news/,0,no_match_in_raw
https://coincu.com/bitcoin-spot-etf-outflows-hit-438m-nov-25/,posts,293828,https://coincu.com/c/casino-reviews/,https://coincu.com/casino-reviews/,0,no_match_in_raw
https://coincu.com/bitcoin-spot-etf-outflows-hit-438m-nov-25/,posts,293828,https://coincu.com/c/pr/press-release/,https://coincu.com/pr/press-release/,0,no_match_in_raw
https://coincu.com/bitcoin-spot-etf-outflows-hit-438m-nov-25/,posts,293828,https://coincu.com/c/news,https://coincu.com/news/,0,no_match_in_raw
https://coincu.com/philippine-regulators-warn-gemini/,posts,189098,https://coincu.com/c/casino-reviews/,https://coincu.com/casino-reviews/,0,no_match_in_raw
https://coincu.com/philippine-regulators-warn-gemini/,posts,189098,https://coincu.com/c/markets,https://coincu.com/markets/,0,no_match_in_raw
https://coincu.com/philippine-regulators-warn-gemini/,posts,189098,https://coincu.com/c/pr/press-release/,https://coincu.com/pr/press-release/,0,no_match_in_raw
https://coincu.com/genius-act-near-vote-can-it-regulate-stablecoin/,posts,342428,https://coincu.com/c/casino-reviews/,https://coincu.com/casino-reviews/,0,no_match_in_raw
https://coincu.com/genius-act-near-vote-can-it-regulate-stablecoin/,posts,342428,https://coincu.com/c/pr/press-release/,https://coincu.com/pr/press-release/,0,no_match_in_raw
https://coincu.com/genius-act-near-vote-can-it-regulate-stablecoin/,posts,342428,https://coincu.com/c/crypto-regulation,https://coincu.com/crypto-regulation/,0,no_match_in_raw
https://coincu.com/bank-of-america-crypto-market/,posts,196172,https://coincu.com/c/casino-reviews/,https://coincu.com/casino-reviews/,0,no_match_in_raw
https://coincu.com/bank-of-america-crypto-market/,posts,196172,https://coincu.com/c/pr/press-release/,https://coincu.com/pr/press-release/,0,no_match_in_raw
https://coincu.com/bank-of-america-crypto-market/,posts,196172,https://coincu.com/c/news,https://coincu.com/news/,0,no_match_in_raw
https://coincu.com/bis-to-test-blockchain-based-green-bond/,posts,136798,https://coincu.com/c/casino-reviews/,https://coincu.com/casino-reviews/,0,no_match_in_raw
https://coincu.com/bis-to-test-blockchain-based-green-bond/,posts,136798,https://coincu.com/c/pr/press-release/,https://coincu.com/pr/press-release/,0,no_match_in_raw
https://coincu.com/bis-to-test-blockchain-based-green-bond/,posts,136798,https://coincu.com/c/news,https://coincu.com/news/,0,no_match_in_raw
https://coincu.com/binance-signed-agreement-kazakhstan/,posts,130248,https://coincu.com/c/casino-reviews/,https://coincu.com/casino-reviews/,0,no_match_in_raw
https://coincu.com/binance-signed-agreement-kazakhstan/,posts,130248,https://coincu.com/c/pr/press-release/,https://coincu.com/pr/press-release/,0,no_match_in_raw
https://coincu.com/binance-signed-agreement-kazakhstan/,posts,130248,https://coincu.com/c/news,https://coincu.com/news/,0,no_match_in_raw
https://coincu.com/binance-partners-with-busan/,posts,120412,https://coincu.com/c/casino-reviews/,https://coincu.com/casino-reviews/,0,no_match_in_raw
https://coincu.com/binance-partners-with-busan/,posts,120412,https://coincu.com/c/pr/press-release/,https://coincu.com/pr/press-release/,0,no_match_in_raw
https://coincu.com/binance-partners-with-busan/,posts,120412,https://coincu.com/c/news,https://coincu.com/news/,0,no_match_in_raw
https://coincu.com/hong-kong-and-saudi-arabia/,posts,206575,https://coincu.com/c/casino-reviews/,https://coincu.com/casino-reviews/,0,no_match_in_raw
https://coincu.com/hong-kong-and-saudi-arabia/,posts,206575,https://coincu.com/c/pr/press-release/,https://coincu.com/pr/press-release/,0,no_match_in_raw
https://coincu.com/hong-kong-and-saudi-arabia/,posts,206575,https://coincu.com/c/news,https://coincu.com/news/,0,no_match_in_raw
https://coincu.com/binance-opens-new-offices-in-brazil/,posts,130302,https://coincu.com/c/casino-reviews/,https://coincu.com/casino-reviews/,0,no_match_in_raw
https://coincu.com/binance-opens-new-offices-in-brazil/,posts,130302,https://coincu.com/c/pr/press-release/,https://coincu.com/pr/press-release/,0,no_match_in_raw
https://coincu.com/binance-opens-new-offices-in-brazil/,posts,130302,https://coincu.com/c/news,https://coincu.com/news/,0,no_match_in_raw
https://coincu.com/kazakhstan-granted-bnb-permanent-license/,posts,131238,https://coincu.com/c/casino-reviews/,https://coincu.com/casino-reviews/,0,no_match_in_raw
https://coincu.com/kazakhstan-granted-bnb-permanent-license/,posts,131238,https://coincu.com/c/pr/press-release/,https://coincu.com/pr/press-release/,0,no_match_in_raw
https://coincu.com/kazakhstan-granted-bnb-permanent-license/,posts,131238,https://coincu.com/c/news,https://coincu.com/news/,0,no_match_in_raw
https://coincu.com/imf-reports-increasing-correlation-asian/,posts,119243,https://coincu.com/c/casino-reviews/,https://coincu.com/casino-reviews/,0,no_match_in_raw
https://coincu.com/imf-reports-increasing-correlation-asian/,posts,119243,https://coincu.com/c/pr/press-release/,https://coincu.com/pr/press-release/,0,no_match_in_raw
https://coincu.com/imf-reports-increasing-correlation-asian/,posts,119243,https://coincu.com/c/news,https://coincu.com/news/,0,no_match_in_raw
https://coincu.com/ripple-secures-approval-to-expand/,posts,380890,https://coincu.com/c/casino-reviews/,https://coincu.com/casino-reviews/,0,no_match_in_raw
https://coincu.com/ripple-secures-approval-to-expand/,posts,380890,https://coincu.com/c/pr/press-release/,https://coincu.com/pr/press-release/,0,no_match_in_raw
https://coincu.com/ripple-secures-approval-to-expand/,posts,380890,https://coincu.com/c/xrp,https://coincu.com/xrp/,0,no_match_in_raw
https://coincu.com/north-korea-stole-more-than-1-5b/,posts,211353,https://coincu.com/c/casino-reviews/,https://coincu.com/casino-reviews/,0,no_match_in_raw
https://coincu.com/north-korea-stole-more-than-1-5b/,posts,211353,https://coincu.com/c/pr/press-release/,https://coincu.com/pr/press-release/,0,no_match_in_raw
https://coincu.com/north-korea-stole-more-than-1-5b/,posts,211353,https://coincu.com/c/news,https://coincu.com/news/,0,no_match_in_raw
https://coincu.com/binance-registration-in-india/,posts,258526,https://coincu.com/c/casino-reviews/,https://coincu.com/casino-reviews/,0,no_match_in_raw
https://coincu.com/binance-registration-in-india/,posts,258526,https://coincu.com/c/pr/press-release/,https://coincu.com/pr/press-release/,0,no_match_in_raw
https://coincu.com/binance-registration-in-india/,posts,258526,https://coincu.com/c/news,https://coincu.com/news/,0,no_match_in_raw
https://coincu.com/okx-us-compliance-department/,posts,252654,https://coincu.com/c/casino-reviews/,https://coincu.com/casino-reviews/,0,no_match_in_raw
https://coincu.com/okx-us-compliance-department/,posts,252654,https://coincu.com/c/pr/press-release/,https://coincu.com/pr/press-release/,0,no_match_in_raw
https://coincu.com/okx-us-compliance-department/,posts,252654,https://coincu.com/c/news,https://coincu.com/news/,0,no_match_in_raw
https://coincu.com/binance-in-india-may-reopen-with-2-million-fine/,posts,255716,https://coincu.com/c/casino-reviews/,https://coincu.com/casino-reviews/,0,no_match_in_raw
https://coincu.com/binance-in-india-may-reopen-with-2-million-fine/,posts,255716,https://coincu.com/c/pr/press-release/,https://coincu.com/pr/press-release/,0,no_match_in_raw
https://coincu.com/binance-in-india-may-reopen-with-2-million-fine/,posts,255716,https://coincu.com/c/news,https://coincu.com/news/,0,no_match_in_raw
https://coincu.com/phuket-host-blockchain-to-government-conference/,posts,240354,https://coincu.com/c/casino-reviews/,https://coincu.com/casino-reviews/,0,no_match_in_raw
https://coincu.com/phuket-host-blockchain-to-government-conference/,posts,240354,https://coincu.com/c/pr/press-release/,https://coincu.com/pr/press-release/,0,no_match_in_raw
https://coincu.com/phuket-host-blockchain-to-government-conference/,posts,240354,https://coincu.com/c/blockchain-event,https://coincu.com/blockchain-event/,0,no_match_in_raw
https://coincu.com/coinbase-reorganizes-apac-leadership/,posts,147994,https://coincu.com/c/casino-reviews/,https://coincu.com/casino-reviews/,0,no_match_in_raw
https://coincu.com/coinbase-reorganizes-apac-leadership/,posts,147994,https://coincu.com/c/pr/press-release/,https://coincu.com/pr/press-release/,0,no_match_in_raw
https://coincu.com/coinbase-reorganizes-apac-leadership/,posts,147994,https://coincu.com/c/news,https://coincu.com/news/,0,no_match_in_raw
https://coincu.com/binance-appoints-new-general-counsel/,posts,202588,https://coincu.com/c/casino-reviews/,https://coincu.com/casino-reviews/,0,no_match_in_raw
https://coincu.com/binance-appoints-new-general-counsel/,posts,202588,https://coincu.com/c/pr/press-release/,https://coincu.com/pr/press-release/,0,no_match_in_raw
https://coincu.com/binance-appoints-new-general-counsel/,posts,202588,https://coincu.com/c/news,https://coincu.com/news/,0,no_match_in_raw
https://coincu.com/indian-crypto-fraud-exposed/,posts,385267,https://coincu.com/c/casino-reviews/,https://coincu.com/casino-reviews/,0,no_match_in_raw
https://coincu.com/indian-crypto-fraud-exposed/,posts,385267,https://coincu.com/c/pr/press-release/,https://coincu.com/pr/press-release/,0,no_match_in_raw
https://coincu.com/indian-crypto-fraud-exposed/,posts,385267,https://coincu.com/c/scam-alert,https://coincu.com/scam-alert/,0,no_match_in_raw
https://coincu.com/india-governor-warns-crypto/,posts,154273,https://coincu.com/c/casino-reviews/,https://coincu.com/casino-reviews/,0,no_match_in_raw
https://coincu.com/india-governor-warns-crypto/,posts,154273,https://coincu.com/c/pr/press-release/,https://coincu.com/pr/press-release/,0,no_match_in_raw
https://coincu.com/india-governor-warns-crypto/,posts,154273,https://coincu.com/c/news,https://coincu.com/news/,0,no_match_in_raw
https://coincu.com/indian-central-bank-set-a-bold-goal/,posts,193592,https://coincu.com/c/casino-reviews/,https://coincu.com/casino-reviews/,0,no_match_in_raw
https://coincu.com/indian-central-bank-set-a-bold-goal/,posts,193592,https://coincu.com/c/pr/press-release/,https://coincu.com/pr/press-release/,0,no_match_in_raw
https://coincu.com/indian-central-bank-set-a-bold-goal/,posts,193592,https://coincu.com/c/news,https://coincu.com/news/,0,no_match_in_raw
https://coincu.com/binance-receives-license-in-kazakhstan/,posts,131220,https://coincu.com/c/casino-reviews/,https://coincu.com/casino-reviews/,0,no_match_in_raw
https://coincu.com/binance-receives-license-in-kazakhstan/,posts,131220,https://coincu.com/c/pr/press-release/,https://coincu.com/pr/press-release/,0,no_match_in_raw
https://coincu.com/binance-receives-license-in-kazakhstan/,posts,131220,https://coincu.com/c/news,https://coincu.com/news/,0,no_match_in_raw
https://coincu.com/binance-has-stopped-ftt-deposit/,posts,142202,https://coincu.com/c/casino-reviews/,https://coincu.com/casino-reviews/,0,no_match_in_raw
https://coincu.com/binance-has-stopped-ftt-deposit/,posts,142202,https://coincu.com/c/pr/press-release/,https://coincu.com/pr/press-release/,0,no_match_in_raw
https://coincu.com/binance-has-stopped-ftt-deposit/,posts,142202,https://coincu.com/c/news,https://coincu.com/news/,0,no_match_in_raw
https://coincu.com/bybit-leaving-canada/,posts,191051,https://coincu.com/c/casino-reviews/,https://coincu.com/casino-reviews/,0,no_match_in_raw
https://coincu.com/bybit-leaving-canada/,posts,191051,https://coincu.com/c/pr/press-release/,https://coincu.com/pr/press-release/,0,no_match_in_raw
https://coincu.com/bybit-leaving-canada/,posts,191051,https://coincu.com/c/news,https://coincu.com/news/,0,no_match_in_raw
https://coincu.com/binance-gets-license-in-kazakhstan/,posts,117394,https://coincu.com/c/casino-reviews/,https://coincu.com/casino-reviews/,0,no_match_in_raw
https://coincu.com/binance-gets-license-in-kazakhstan/,posts,117394,https://coincu.com/c/pr/press-release/,https://coincu.com/pr/press-release/,0,no_match_in_raw
https://coincu.com/binance-gets-license-in-kazakhstan/,posts,117394,https://coincu.com/c/news,https://coincu.com/news/,0,no_match_in_raw
https://coincu.com/digital-asset-investment-products-see/,posts,389798,https://coincu.com/c/casino-reviews/,https://coincu.com/casino-reviews/,0,no_match_in_raw
https://coincu.com/digital-asset-investment-products-see/,posts,389798,https://coincu.com/c/pr/press-release/,https://coincu.com/pr/press-release/,0,no_match_in_raw
https://coincu.com/digital-asset-investment-products-see/,posts,389798,https://coincu.com/c/crypto,https://coincu.com/crypto/,0,no_match_in_raw
https://coincu.com/putin-signs-crypto-law-allowing-digital-assets/,posts,294388,https://coincu.com/c/casino-reviews/,https://coincu.com/casino-reviews/,0,no_match_in_raw
https://coincu.com/putin-signs-crypto-law-allowing-digital-assets/,posts,294388,https://coincu.com/c/pr/press-release/,https://coincu.com/pr/press-release/,0,no_match_in_raw
https://coincu.com/putin-signs-crypto-law-allowing-digital-assets/,posts,294388,https://coincu.com/c/news,https://coincu.com/news/,0,no_match_in_raw
https://coincu.com/deutsche-bank-backed-taurus-launches-on-solana/,posts,322121,https://coincu.com/c/casino-reviews/,https://coincu.com/casino-reviews/,0,no_match_in_raw
https://coincu.com/deutsche-bank-backed-taurus-launches-on-solana/,posts,322121,https://coincu.com/c/pr/press-release/,https://coincu.com/pr/press-release/,0,no_match_in_raw
https://coincu.com/deutsche-bank-backed-taurus-launches-on-solana/,posts,322121,https://coincu.com/c/blockchain,https://coincu.com/blockchain/,0,no_match_in_raw
https://coincu.com/gary-gensler-certified-not-securities/,posts,194556,https://coincu.com/c/casino-reviews/,https://coincu.com/casino-reviews/,0,no_match_in_raw
https://coincu.com/gary-gensler-certified-not-securities/,posts,194556,https://coincu.com/c/pr/press-release/,https://coincu.com/pr/press-release/,0,no_match_in_raw
https://coincu.com/gary-gensler-certified-not-securities/,posts,194556,https://coincu.com/c/news,https://coincu.com/news/,0,no_match_in_raw
https://coincu.com/new-us-treasury-secretary-announced/,posts,304260,https://coincu.com/c/casino-reviews/,https://coincu.com/casino-reviews/,0,no_match_in_raw
https://coincu.com/new-us-treasury-secretary-announced/,posts,304260,https://coincu.com/c/pr/press-release/,https://coincu.com/pr/press-release/,0,no_match_in_raw
https://coincu.com/new-us-treasury-secretary-announced/,posts,304260,https://coincu.com/c/news,https://coincu.com/news/,0,no_match_in_raw
https://coincu.com/thailand-first-bitcoin-etf-wealthy-investors/,posts,262416,https://coincu.com/c/casino-reviews/,https://coincu.com/casino-reviews/,0,no_match_in_raw
https://coincu.com/thailand-first-bitcoin-etf-wealthy-investors/,posts,262416,https://coincu.com/c/pr/press-release/,https://coincu.com/pr/press-release/,0,no_match_in_raw
https://coincu.com/thailand-first-bitcoin-etf-wealthy-investors/,posts,262416,https://coincu.com/c/news,https://coincu.com/news/,0,no_match_in_raw
https://coincu.com/coinbase-responds-to-sec-lawsuit/,posts,198794,https://coincu.com/c/casino-reviews/,https://coincu.com/casino-reviews/,0,no_match_in_raw
https://coincu.com/coinbase-responds-to-sec-lawsuit/,posts,198794,https://coincu.com/c/pr/press-release/,https://coincu.com/pr/press-release/,0,no_match_in_raw
https://coincu.com/coinbase-responds-to-sec-lawsuit/,posts,198794,https://coincu.com/c/news,https://coincu.com/news/,0,no_match_in_raw
https://coincu.com/sec-charges-quantstamp-2-5m-securities-ico/,posts,205939,https://coincu.com/c/casino-reviews/,https://coincu.com/casino-reviews/,0,no_match_in_raw
https://coincu.com/sec-charges-quantstamp-2-5m-securities-ico/,posts,205939,https://coincu.com/c/pr/press-release/,https://coincu.com/pr/press-release/,0,no_match_in_raw
https://coincu.com/sec-charges-quantstamp-2-5m-securities-ico/,posts,205939,https://coincu.com/c/news,https://coincu.com/news/,0,no_match_in_raw
https://coincu.com/new-york-attorney-general-sued-coinex/,posts,169163,https://coincu.com/c/casino-reviews/,https://coincu.com/casino-reviews/,0,no_match_in_raw
https://coincu.com/new-york-attorney-general-sued-coinex/,posts,169163,https://coincu.com/c/pr/press-release/,https://coincu.com/pr/press-release/,0,no_match_in_raw
https://coincu.com/new-york-attorney-general-sued-coinex/,posts,169163,https://coincu.com/c/news,https://coincu.com/news/,0,no_match_in_raw
https://coincu.com/the-future-of-islamic-cryptocurrencies/,posts,223858,https://coincu.com/c/casino-reviews/,https://coincu.com/casino-reviews/,0,no_match_in_raw
https://coincu.com/the-future-of-islamic-cryptocurrencies/,posts,223858,https://coincu.com/c/pr/press-release/,https://coincu.com/pr/press-release/,0,no_match_in_raw
https://coincu.com/the-future-of-islamic-cryptocurrencies/,posts,223858,https://coincu.com/c/organic-coverage,https://coincu.com/organic-coverage/,0,no_match_in_raw
https://coincu.com/worldcoins-world-id-sdk-is-now-available/,posts,204875,https://coincu.com/c/casino-reviews/,https://coincu.com/casino-reviews/,0,no_match_in_raw
https://coincu.com/worldcoins-world-id-sdk-is-now-available/,posts,204875,https://coincu.com/c/pr/press-release/,https://coincu.com/pr/press-release/,0,no_match_in_raw
https://coincu.com/worldcoins-world-id-sdk-is-now-available/,posts,204875,https://coincu.com/c/news,https://coincu.com/news/,0,no_match_in_raw
https://coincu.com/stablecoin-giant-tethers-bold-tech/,posts,219453,https://coincu.com/c/casino-reviews/,https://coincu.com/casino-reviews/,0,no_match_in_raw
https://coincu.com/stablecoin-giant-tethers-bold-tech/,posts,219453,https://coincu.com/c/pr/press-release/,https://coincu.com/pr/press-release/,0,no_match_in_raw
https://coincu.com/stablecoin-giant-tethers-bold-tech/,posts,219453,https://coincu.com/c/news,https://coincu.com/news/,0,no_match_in_raw
https://coincu.com/exploring-the-future-of-crypto-trading/,posts,281591,https://coincu.com/c/casino-reviews/,https://coincu.com/casino-reviews/,0,no_match_in_raw
https://coincu.com/exploring-the-future-of-crypto-trading/,posts,281591,https://coincu.com/c/pr/press-release/,https://coincu.com/pr/press-release/,0,no_match_in_raw
https://coincu.com/exploring-the-future-of-crypto-trading/,posts,281591,https://coincu.com/c/blockchain,https://coincu.com/blockchain/,0,no_match_in_raw
https://coincu.com/chinese-bitcoin-holdings-rank-second/,posts,250937,https://coincu.com/c/casino-reviews/,https://coincu.com/casino-reviews/,0,no_match_in_raw
https://coincu.com/chinese-bitcoin-holdings-rank-second/,posts,250937,https://coincu.com/c/pr/press-release/,https://coincu.com/pr/press-release/,0,no_match_in_raw
https://coincu.com/chinese-bitcoin-holdings-rank-second/,posts,250937,https://coincu.com/c/news,https://coincu.com/news/,0,no_match_in_raw
https://coincu.com/chinese-blockchain-infrastructure-project/,posts,253239,https://coincu.com/c/casino-reviews/,https://coincu.com/casino-reviews/,0,no_match_in_raw
https://coincu.com/chinese-blockchain-infrastructure-project/,posts,253239,https://coincu.com/c/pr/press-release/,https://coincu.com/pr/press-release/,0,no_match_in_raw
https://coincu.com/chinese-blockchain-infrastructure-project/,posts,253239,https://coincu.com/c/news,https://coincu.com/news/,0,no_match_in_raw
https://coincu.com/bybit-now-secures-license-to-cyprus/,posts,197893,https://coincu.com/c/casino-reviews/,https://coincu.com/casino-reviews/,0,no_match_in_raw
https://coincu.com/bybit-now-secures-license-to-cyprus/,posts,197893,https://coincu.com/c/pr/press-release/,https://coincu.com/pr/press-release/,0,no_match_in_raw
https://coincu.com/bybit-now-secures-license-to-cyprus/,posts,197893,https://coincu.com/c/news,https://coincu.com/news/,0,no_match_in_raw
https://coincu.com/chinas-digital-asset-ban-remains-ignored/,posts,261091,https://coincu.com/c/casino-reviews/,https://coincu.com/casino-reviews/,0,no_match_in_raw
https://coincu.com/chinas-digital-asset-ban-remains-ignored/,posts,261091,https://coincu.com/c/pr/press-release/,https://coincu.com/pr/press-release/,0,no_match_in_raw
https://coincu.com/chinas-digital-asset-ban-remains-ignored/,posts,261091,https://coincu.com/c/news,https://coincu.com/news/,0,no_match_in_raw
https://coincu.com/qcp-capital-predicts-positive-bitcoin-outlook/,posts,285020,https://coincu.com/c/casino-reviews/,https://coincu.com/casino-reviews/,0,no_match_in_raw
https://coincu.com/qcp-capital-predicts-positive-bitcoin-outlook/,posts,285020,https://coincu.com/c/pr/press-release/,https://coincu.com/pr/press-release/,0,no_match_in_raw
https://coincu.com/qcp-capital-predicts-positive-bitcoin-outlook/,posts,285020,https://coincu.com/c/news,https://coincu.com/news/,0,no_match_in_raw
https://coincu.com/china-urged-to-rethink-crypto-policy-as-us-leads/,posts,284938,https://coincu.com/c/casino-reviews/,https://coincu.com/casino-reviews/,0,no_match_in_raw
https://coincu.com/china-urged-to-rethink-crypto-policy-as-us-leads/,posts,284938,https://coincu.com/c/pr/press-release/,https://coincu.com/pr/press-release/,0,no_match_in_raw
https://coincu.com/china-urged-to-rethink-crypto-policy-as-us-leads/,posts,284938,https://coincu.com/c/news,https://coincu.com/news/,0,no_match_in_raw
https://coincu.com/bybit-registration-in-china-suddenly-opened/,posts,262701,https://coincu.com/c/casino-reviews/,https://coincu.com/casino-reviews/,0,no_match_in_raw
https://coincu.com/bybit-registration-in-china-suddenly-opened/,posts,262701,https://coincu.com/c/pr/press-release/,https://coincu.com/pr/press-release/,0,no_match_in_raw
https://coincu.com/bybit-registration-in-china-suddenly-opened/,posts,262701,https://coincu.com/c/news,https://coincu.com/news/,0,no_match_in_raw
https://coincu.com/monad-fastest-cheapest-secure-layer-1-evm/,posts,195846,https://coincu.com/c/casino-reviews/,https://coincu.com/casino-reviews/,0,no_match_in_raw
https://coincu.com/monad-fastest-cheapest-secure-layer-1-evm/,posts,195846,https://coincu.com/c/pr/press-release/,https://coincu.com/pr/press-release/,0,no_match_in_raw
https://coincu.com/monad-fastest-cheapest-secure-layer-1-evm/,posts,195846,https://coincu.com/c/knowledge,https://coincu.com/knowledge/,0,no_match_in_raw
https://coincu.com/arbitrum-upgrade-speed-saving-gas-fees/,posts,176070,https://coincu.com/c/casino-reviews/,https://coincu.com/casino-reviews/,0,no_match_in_raw
https://coincu.com/arbitrum-upgrade-speed-saving-gas-fees/,posts,176070,https://coincu.com/c/pr/press-release/,https://coincu.com/pr/press-release/,0,no_match_in_raw
https://coincu.com/arbitrum-upgrade-speed-saving-gas-fees/,posts,176070,https://coincu.com/c/knowledge,https://coincu.com/knowledge/,0,no_match_in_raw
https://coincu.com/bybit-advances-regulatory-compliance-temporarily-adjusts-eea-operations/,posts,296844,https://coincu.com/c/casino-reviews/,https://coincu.com/casino-reviews/,0,no_match_in_raw
https://coincu.com/bybit-advances-regulatory-compliance-temporarily-adjusts-eea-operations/,posts,296844,https://coincu.com/c/press-release,https://coincu.com/press-release/,0,no_match_in_raw
https://coincu.com/bybit-advances-regulatory-compliance-temporarily-adjusts-eea-operations/,posts,296844,https://coincu.com/c/pr/press-release/,https://coincu.com/pr/press-release/,0,no_match_in_raw
https://coincu.com/bitcoin-spot-etf-outflows-reach-277m-amid/,posts,298040,https://coincu.com/c/casino-reviews/,https://coincu.com/casino-reviews/,0,no_match_in_raw
https://coincu.com/bitcoin-spot-etf-outflows-reach-277m-amid/,posts,298040,https://coincu.com/c/pr/press-release/,https://coincu.com/pr/press-release/,0,no_match_in_raw
https://coincu.com/bitcoin-spot-etf-outflows-reach-277m-amid/,posts,298040,https://coincu.com/c/news,https://coincu.com/news/,0,no_match_in_raw
https://coincu.com/bybit-introduces-private-wealth-management-service-for-high-net-worth-clients/,posts,297607,https://coincu.com/c/casino-reviews/,https://coincu.com/casino-reviews/,0,no_match_in_raw
https://coincu.com/bybit-introduces-private-wealth-management-service-for-high-net-worth-clients/,posts,297607,https://coincu.com/c/press-release,https://coincu.com/press-release/,0,no_match_in_raw
https://coincu.com/bybit-introduces-private-wealth-management-service-for-high-net-worth-clients/,posts,297607,https://coincu.com/c/pr/press-release/,https://coincu.com/pr/press-release/,0,no_match_in_raw
https://coincu.com/bybits-14th-proof-of-reserve-shows-surge-in-btc/,posts,281841,https://coincu.com/c/casino-reviews/,https://coincu.com/casino-reviews/,0,no_match_in_raw
https://coincu.com/bybits-14th-proof-of-reserve-shows-surge-in-btc/,posts,281841,https://coincu.com/c/pr/press-release/,https://coincu.com/pr/press-release/,0,no_match_in_raw
https://coincu.com/bybits-14th-proof-of-reserve-shows-surge-in-btc/,posts,281841,https://coincu.com/c/news,https://coincu.com/news/,0,no_match_in_raw
https://coincu.com/okx-leaked-customer-information/,posts,155192,https://coincu.com/c/casino-reviews/,https://coincu.com/casino-reviews/,0,no_match_in_raw
https://coincu.com/okx-leaked-customer-information/,posts,155192,https://coincu.com/c/pr/press-release/,https://coincu.com/pr/press-release/,0,no_match_in_raw
https://coincu.com/okx-leaked-customer-information/,posts,155192,https://coincu.com/c/news,https://coincu.com/news/,0,no_match_in_raw
https://coincu.com/okx-released-the-second-por/,posts,154701,https://coincu.com/c/casino-reviews/,https://coincu.com/casino-reviews/,0,no_match_in_raw
https://coincu.com/okx-released-the-second-por/,posts,154701,https://coincu.com/c/pr/press-release/,https://coincu.com/pr/press-release/,0,no_match_in_raw
https://coincu.com/okx-released-the-second-por/,posts,154701,https://coincu.com/c/news,https://coincu.com/news/,0,no_match_in_raw
https://coincu.com/binances-12th-proof-of-reserve-reveals-crypto/,posts,226972,https://coincu.com/c/casino-reviews/,https://coincu.com/casino-reviews/,0,no_match_in_raw
https://coincu.com/binances-12th-proof-of-reserve-reveals-crypto/,posts,226972,https://coincu.com/c/pr/press-release/,https://coincu.com/pr/press-release/,0,no_match_in_raw
https://coincu.com/binances-12th-proof-of-reserve-reveals-crypto/,posts,226972,https://coincu.com/c/news,https://coincu.com/news/,0,no_match_in_raw
https://coincu.com/huobi-banned-from-malaysia/,posts,188990,https://coincu.com/c/casino-reviews/,https://coincu.com/casino-reviews/,0,no_match_in_raw
https://coincu.com/huobi-banned-from-malaysia/,posts,188990,https://coincu.com/c/pr/press-release/,https://coincu.com/pr/press-release/,0,no_match_in_raw
https://coincu.com/huobi-banned-from-malaysia/,posts,188990,https://coincu.com/c/news,https://coincu.com/news/,0,no_match_in_raw
https://coincu.com/binances-14th-proof-of-reserve-user-assets-surge/,posts,241303,https://coincu.com/c/casino-reviews/,https://coincu.com/casino-reviews/,0,no_match_in_raw
https://coincu.com/binances-14th-proof-of-reserve-user-assets-surge/,posts,241303,https://coincu.com/c/pr/press-release/,https://coincu.com/pr/press-release/,0,no_match_in_raw
https://coincu.com/binances-14th-proof-of-reserve-user-assets-surge/,posts,241303,https://coincu.com/c/news,https://coincu.com/news/,0,no_match_in_raw
https://coincu.com/bybit-launchpool-introduces-sui-pool/,posts,286017,https://coincu.com/c/casino-reviews/,https://coincu.com/casino-reviews/,0,no_match_in_raw
https://coincu.com/bybit-launchpool-introduces-sui-pool/,posts,286017,https://coincu.com/c/pr/press-release/,https://coincu.com/pr/press-release/,0,no_match_in_raw
https://coincu.com/bybit-launchpool-introduces-sui-pool/,posts,286017,https://coincu.com/c/news,https://coincu.com/news/,0,no_match_in_raw
https://coincu.com/socialfi-platforms-knowledge/,posts,239268,https://coincu.com/c/casino-reviews/,https://coincu.com/casino-reviews/,0,no_match_in_raw
https://coincu.com/socialfi-platforms-knowledge/,posts,239268,https://coincu.com/c/pr/press-release/,https://coincu.com/pr/press-release/,0,no_match_in_raw
https://coincu.com/socialfi-platforms-knowledge/,posts,239268,https://coincu.com/c/knowledge,https://coincu.com/knowledge/,0,no_match_in_raw
https://coincu.com/lens-protocol-v2-review/,posts,208567,https://coincu.com/c/casino-reviews/,https://coincu.com/casino-reviews/,0,no_match_in_raw
https://coincu.com/lens-protocol-v2-review/,posts,208567,https://coincu.com/c/pr/press-release/,https://coincu.com/pr/press-release/,0,no_match_in_raw
https://coincu.com/lens-protocol-v2-review/,posts,208567,https://coincu.com/c/other-reviews,https://coincu.com/other-reviews/,0,no_match_in_raw
https://coincu.com/damus-reaches-top-10/,posts,163877,https://coincu.com/c/casino-reviews/,https://coincu.com/casino-reviews/,0,no_match_in_raw
https://coincu.com/damus-reaches-top-10/,posts,163877,https://coincu.com/c/pr/press-release/,https://coincu.com/pr/press-release/,0,no_match_in_raw
https://coincu.com/damus-reaches-top-10/,posts,163877,https://coincu.com/c/news,https://coincu.com/news/,0,no_match_in_raw
https://coincu.com/invest/,posts,229378,https://coincu.com/c/casino-reviews/,https://coincu.com/casino-reviews/,0,no_match_in_raw
https://coincu.com/invest/,posts,229378,https://coincu.com/c/pr/press-release/,https://coincu.com/pr/press-release/,0,no_match_in_raw
https://coincu.com/invest/,posts,229378,https://coincu.com/c/glossary,https://coincu.com/glossary/,0,no_match_in_raw
https://coincu.com/earn-passive-income-quickly-cloud-mining-guides/,posts,210845,https://coincu.com/c/casino-reviews/,https://coincu.com/casino-reviews/,0,no_match_in_raw
https://coincu.com/earn-passive-income-quickly-cloud-mining-guides/,posts,210845,https://coincu.com/c/pr/press-release/,https://coincu.com/pr/press-release/,0,no_match_in_raw
https://coincu.com/earn-passive-income-quickly-cloud-mining-guides/,posts,210845,https://coincu.com/c/organic-coverage-pr,https://coincu.com/organic-coverage-pr/,0,no_match_in_raw
https://coincu.com/cryptocurrency-passive-income-unleashing-financial-freedom-with-stakingbonus/,posts,282335,https://coincu.com/c/casino-reviews/,https://coincu.com/casino-reviews/,0,no_match_in_raw
https://coincu.com/cryptocurrency-passive-income-unleashing-financial-freedom-with-stakingbonus/,posts,282335,https://coincu.com/c/press-release,https://coincu.com/press-release/,0,no_match_in_raw
https://coincu.com/cryptocurrency-passive-income-unleashing-financial-freedom-with-stakingbonus/,posts,282335,https://coincu.com/c/pr/press-release/,https://coincu.com/pr/press-release/,0,no_match_in_raw
https://coincu.com/unlock-lucrative-rewards-the-top-4-crypto-staking-platforms-you-need-to-know-in-2025/,posts,304653,https://coincu.com/c/casino-reviews/,https://coincu.com/casino-reviews/,0,no_match_in_raw
https://coincu.com/unlock-lucrative-rewards-the-top-4-crypto-staking-platforms-you-need-to-know-in-2025/,posts,304653,https://coincu.com/c/press-release,https://coincu.com/press-release/,0,no_match_in_raw
https://coincu.com/unlock-lucrative-rewards-the-top-4-crypto-staking-platforms-you-need-to-know-in-2025/,posts,304653,https://coincu.com/c/pr/press-release/,https://coincu.com/pr/press-release/,0,no_match_in_raw
https://coincu.com/top-8-ways-to-make-passive-income-through-cryptocurrency-in-2024/,posts,292625,https://coincu.com/c/casino-reviews/,https://coincu.com/casino-reviews/,0,no_match_in_raw
https://coincu.com/top-8-ways-to-make-passive-income-through-cryptocurrency-in-2024/,posts,292625,https://coincu.com/c/pr/press-release/,https://coincu.com/pr/press-release/,0,no_match_in_raw
https://coincu.com/top-8-ways-to-make-passive-income-through-cryptocurrency-in-2024/,posts,292625,https://coincu.com/c/sponsored-articles-pr,https://coincu.com/sponsored-articles-pr/,0,no_match_in_raw
https://coincu.com/sec-halts-grayscale-large-cap-fund-etf/,posts,346509,https://coincu.com/c/casino-reviews/,https://coincu.com/casino-reviews/,0,no_match_in_raw
https://coincu.com/sec-halts-grayscale-large-cap-fund-etf/,posts,346509,https://coincu.com/c/pr/press-release/,https://coincu.com/pr/press-release/,0,no_match_in_raw
https://coincu.com/sec-halts-grayscale-large-cap-fund-etf/,posts,346509,https://coincu.com/c/news,https://coincu.com/news/,0,no_match_in_raw
https://coincu.com/nyse-suspends-silvergate-230-jobs-cut/,posts,186884,https://coincu.com/c/casino-reviews/,https://coincu.com/casino-reviews/,0,no_match_in_raw
https://coincu.com/nyse-suspends-silvergate-230-jobs-cut/,posts,186884,https://coincu.com/c/markets,https://coincu.com/markets/,0,no_match_in_raw
https://coincu.com/nyse-suspends-silvergate-230-jobs-cut/,posts,186884,https://coincu.com/c/pr/press-release/,https://coincu.com/pr/press-release/,0,no_match_in_raw
https://coincu.com/nyse-arca-proposes-rule-8-800-e-digital-asset/,posts,289745,https://coincu.com/c/casino-reviews/,https://coincu.com/casino-reviews/,0,no_match_in_raw
https://coincu.com/nyse-arca-proposes-rule-8-800-e-digital-asset/,posts,289745,https://coincu.com/c/pr/press-release/,https://coincu.com/pr/press-release/,0,no_match_in_raw
https://coincu.com/nyse-arca-proposes-rule-8-800-e-digital-asset/,posts,289745,https://coincu.com/c/news,https://coincu.com/news/,0,no_match_in_raw
https://coincu.com/crypto-wallet-provider-exodus-stock/,posts,301327,https://coincu.com/c/casino-reviews/,https://coincu.com/casino-reviews/,0,no_match_in_raw
https://coincu.com/crypto-wallet-provider-exodus-stock/,posts,301327,https://coincu.com/c/pr/press-release/,https://coincu.com/pr/press-release/,0,no_match_in_raw
https://coincu.com/crypto-wallet-provider-exodus-stock/,posts,301327,https://coincu.com/c/news,https://coincu.com/news/,0,no_match_in_raw
https://coincu.com/hyperliquid-spot-trading-optimization/,posts,360191,https://coincu.com/c/casino-reviews/,https://coincu.com/casino-reviews/,0,no_match_in_raw
https://coincu.com/hyperliquid-spot-trading-optimization/,posts,360191,https://coincu.com/c/pr/press-release/,https://coincu.com/pr/press-release/,0,no_match_in_raw
https://coincu.com/hyperliquid-spot-trading-optimization/,posts,360191,https://coincu.com/c/news,https://coincu.com/news/,0,no_match_in_raw
https://coincu.com/ledger-data-breach-global-e/,posts,387134,https://coincu.com/c/casino-reviews/,https://coincu.com/casino-reviews/,0,no_match_in_raw
https://coincu.com/ledger-data-breach-global-e/,posts,387134,https://coincu.com/c/pr/press-release/,https://coincu.com/pr/press-release/,0,no_match_in_raw
https://coincu.com/ledger-data-breach-global-e/,posts,387134,https://coincu.com/c/scam-alert,https://coincu.com/scam-alert/,0,no_match_in_raw
https://coincu.com/dismantling-cryptomixer-laundering-exposed/,posts,380902,https://coincu.com/c/casino-reviews/,https://coincu.com/casino-reviews/,0,no_match_in_raw
https://coincu.com/dismantling-cryptomixer-laundering-exposed/,posts,380902,https://coincu.com/c/pr/press-release/,https://coincu.com/pr/press-release/,0,no_match_in_raw
https://coincu.com/dismantling-cryptomixer-laundering-exposed/,posts,380902,https://coincu.com/c/news,https://coincu.com/news/,0,no_match_in_raw
https://coincu.com/deusd-rwa-institutional-program-launched/,posts,292921,https://coincu.com/c/casino-reviews/,https://coincu.com/casino-reviews/,0,no_match_in_raw
https://coincu.com/deusd-rwa-institutional-program-launched/,posts,292921,https://coincu.com/c/pr/press-release/,https://coincu.com/pr/press-release/,0,no_match_in_raw
https://coincu.com/deusd-rwa-institutional-program-launched/,posts,292921,https://coincu.com/c/news,https://coincu.com/news/,0,no_match_in_raw
https://coincu.com/new-kraken-wallet-launched/,posts,255675,https://coincu.com/c/casino-reviews/,https://coincu.com/casino-reviews/,0,no_match_in_raw
https://coincu.com/new-kraken-wallet-launched/,posts,255675,https://coincu.com/c/pr/press-release/,https://coincu.com/pr/press-release/,0,no_match_in_raw
https://coincu.com/new-kraken-wallet-launched/,posts,255675,https://coincu.com/c/news,https://coincu.com/news/,0,no_match_in_raw
https://coincu.com/solana-treasury-etf-3-44-billion/,posts,378602,https://coincu.com/c/casino-reviews/,https://coincu.com/casino-reviews/,0,no_match_in_raw
https://coincu.com/solana-treasury-etf-3-44-billion/,posts,378602,https://coincu.com/c/markets,https://coincu.com/markets/,0,no_match_in_raw
https://coincu.com/solana-treasury-etf-3-44-billion/,posts,378602,https://coincu.com/c/pr/press-release/,https://coincu.com/pr/press-release/,0,no_match_in_raw
https://coincu.com/binance-strengthens-internal-amidst-external/,posts,201167,https://coincu.com/c/casino-reviews/,https://coincu.com/casino-reviews/,0,no_match_in_raw
https://coincu.com/binance-strengthens-internal-amidst-external/,posts,201167,https://coincu.com/c/pr/press-release/,https://coincu.com/pr/press-release/,0,no_match_in_raw
https://coincu.com/binance-strengthens-internal-amidst-external/,posts,201167,https://coincu.com/c/news,https://coincu.com/news/,0,no_match_in_raw
https://coincu.com/bitcoin-is-getting-less-volatility/,posts,131983,https://coincu.com/c/casino-reviews/,https://coincu.com/casino-reviews/,0,no_match_in_raw
https://coincu.com/bitcoin-is-getting-less-volatility/,posts,131983,https://coincu.com/c/pr/press-release/,https://coincu.com/pr/press-release/,0,no_match_in_raw
https://coincu.com/bitcoin-is-getting-less-volatility/,posts,131983,https://coincu.com/c/bitcoin,https://coincu.com/bitcoin/,0,no_match_in_raw
https://coincu.com/binance-ceo-cz-declines-return-but-open-to/,posts,294742,https://coincu.com/c/casino-reviews/,https://coincu.com/casino-reviews/,0,no_match_in_raw
https://coincu.com/binance-ceo-cz-declines-return-but-open-to/,posts,294742,https://coincu.com/c/pr/press-release/,https://coincu.com/pr/press-release/,0,no_match_in_raw
https://coincu.com/binance-ceo-cz-declines-return-but-open-to/,posts,294742,https://coincu.com/c/news,https://coincu.com/news/,0,no_match_in_raw
https://coincu.com/chinese-researchers-give-ideas/,posts,133673,https://coincu.com/c/casino-reviews/,https://coincu.com/casino-reviews/,0,no_match_in_raw
https://coincu.com/chinese-researchers-give-ideas/,posts,133673,https://coincu.com/c/pr/press-release/,https://coincu.com/pr/press-release/,0,no_match_in_raw
https://coincu.com/chinese-researchers-give-ideas/,posts,133673,https://coincu.com/c/news,https://coincu.com/news/,0,no_match_in_raw
https://coincu.com/fed-governor-cbdc-unnecessary/,posts,133839,https://coincu.com/c/casino-reviews/,https://coincu.com/casino-reviews/,0,no_match_in_raw
https://coincu.com/fed-governor-cbdc-unnecessary/,posts,133839,https://coincu.com/c/pr/press-release/,https://coincu.com/pr/press-release/,0,no_match_in_raw
https://coincu.com/fed-governor-cbdc-unnecessary/,posts,133839,https://coincu.com/c/news,https://coincu.com/news/,0,no_match_in_raw
https://coincu.com/dogecoin-price-struggles-while-this-ai-altcoin-priced-at-0-01-races-toward-a-50000-rally/,posts,302266,https://coincu.com/c/casino-reviews/,https://coincu.com/casino-reviews/,0,no_match_in_raw
https://coincu.com/dogecoin-price-struggles-while-this-ai-altcoin-priced-at-0-01-races-toward-a-50000-rally/,posts,302266,https://coincu.com/c/pr/press-release/,https://coincu.com/pr/press-release/,0,no_match_in_raw
https://coincu.com/dogecoin-price-struggles-while-this-ai-altcoin-priced-at-0-01-races-toward-a-50000-rally/,posts,302266,https://coincu.com/c/cmc,https://coincu.com/cmc/,0,no_match_in_raw
https://coincu.com/looming-bull-run-for-the-dogecoin-price-will-send-doge-above-10-rival-to-mirror-the-rally/,posts,299600,https://coincu.com/c/casino-reviews/,https://coincu.com/casino-reviews/,0,no_match_in_raw
https://coincu.com/looming-bull-run-for-the-dogecoin-price-will-send-doge-above-10-rival-to-mirror-the-rally/,posts,299600,https://coincu.com/c/pr/press-release/,https://coincu.com/pr/press-release/,0,no_match_in_raw
https://coincu.com/looming-bull-run-for-the-dogecoin-price-will-send-doge-above-10-rival-to-mirror-the-rally/,posts,299600,https://coincu.com/c/cmc,https://coincu.com/cmc/,0,no_match_in_raw
https://coincu.com/dogecoin-price-struggles-doge-fails-to-clear-1-bank-of-america-insider-sees-wallitiq-wltq-surging-73400-to-5/,posts,298202,https://coincu.com/c/casino-reviews/,https://coincu.com/casino-reviews/,0,no_match_in_raw
https://coincu.com/dogecoin-price-struggles-doge-fails-to-clear-1-bank-of-america-insider-sees-wallitiq-wltq-surging-73400-to-5/,posts,298202,https://coincu.com/c/pr/press-release/,https://coincu.com/pr/press-release/,0,no_match_in_raw
https://coincu.com/dogecoin-price-struggles-doge-fails-to-clear-1-bank-of-america-insider-sees-wallitiq-wltq-surging-73400-to-5/,posts,298202,https://coincu.com/c/cmc,https://coincu.com/cmc/,0,no_match_in_raw
https://coincu.com/dogecoin-price-momentum-slows-driving-whales-to-an-ai-altcoin-with-20000x-potential/,posts,301285,https://coincu.com/c/casino-reviews/,https://coincu.com/casino-reviews/,0,no_match_in_raw
https://coincu.com/dogecoin-price-momentum-slows-driving-whales-to-an-ai-altcoin-with-20000x-potential/,posts,301285,https://coincu.com/c/pr/press-release/,https://coincu.com/pr/press-release/,0,no_match_in_raw
https://coincu.com/dogecoin-price-momentum-slows-driving-whales-to-an-ai-altcoin-with-20000x-potential/,posts,301285,https://coincu.com/c/cmc,https://coincu.com/cmc/,0,no_match_in_raw
https://coincu.com/heres-how-high-the-dogecoin-price-could-go-if-it-mirrors-past-bull-cycles-and-rallies-36000/,posts,322611,https://coincu.com/c/casino-reviews/,https://coincu.com/casino-reviews/,0,no_match_in_raw
https://coincu.com/heres-how-high-the-dogecoin-price-could-go-if-it-mirrors-past-bull-cycles-and-rallies-36000/,posts,322611,https://coincu.com/c/pr/press-release/,https://coincu.com/pr/press-release/,0,no_match_in_raw
https://coincu.com/heres-how-high-the-dogecoin-price-could-go-if-it-mirrors-past-bull-cycles-and-rallies-36000/,posts,322611,https://coincu.com/c/cmc,https://coincu.com/cmc/,0,no_match_in_raw
https://coincu.com/dogecoin-price-eyes-surge-to-1-4-as-stochastic-indicator-shows-oversold-levels/,posts,298191,https://coincu.com/c/casino-reviews/,https://coincu.com/casino-reviews/,0,no_match_in_raw
https://coincu.com/dogecoin-price-eyes-surge-to-1-4-as-stochastic-indicator-shows-oversold-levels/,posts,298191,https://coincu.com/c/pr/press-release/,https://coincu.com/pr/press-release/,0,no_match_in_raw
https://coincu.com/dogecoin-price-eyes-surge-to-1-4-as-stochastic-indicator-shows-oversold-levels/,posts,298191,https://coincu.com/c/cmc,https://coincu.com/cmc/,0,no_match_in_raw
https://coincu.com/is-it-cardano-ada-or-solana-sol-analyst-reveals-shocking-predictions-of-which-crypto-will-dominate-the-next-bull-run/,posts,322820,https://coincu.com/c/casino-reviews/,https://coincu.com/casino-reviews/,0,no_match_in_raw
https://coincu.com/is-it-cardano-ada-or-solana-sol-analyst-reveals-shocking-predictions-of-which-crypto-will-dominate-the-next-bull-run/,posts,322820,https://coincu.com/c/pr/press-release/,https://coincu.com/pr/press-release/,0,no_match_in_raw
https://coincu.com/is-it-cardano-ada-or-solana-sol-analyst-reveals-shocking-predictions-of-which-crypto-will-dominate-the-next-bull-run/,posts,322820,https://coincu.com/c/cmc,https://coincu.com/cmc/,0,no_match_in_raw
https://coincu.com/shiba-inu-price-prediction-10x-gains-are-on-the-horizon-for-shib-why-experts-believe-shib-killer-could-deliver-massive-returns/,posts,321966,https://coincu.com/c/casino-reviews/,https://coincu.com/casino-reviews/,0,no_match_in_raw
https://coincu.com/shiba-inu-price-prediction-10x-gains-are-on-the-horizon-for-shib-why-experts-believe-shib-killer-could-deliver-massive-returns/,posts,321966,https://coincu.com/c/pr/press-release/,https://coincu.com/pr/press-release/,0,no_match_in_raw
https://coincu.com/shiba-inu-price-prediction-10x-gains-are-on-the-horizon-for-shib-why-experts-believe-shib-killer-could-deliver-massive-returns/,posts,321966,https://coincu.com/c/cmc,https://coincu.com/cmc/,0,no_match_in_raw
https://coincu.com/xrps-utility-boom-how-a-major-banking-integration-could-push-it-past-25-faster-than-anyone-expects/,posts,324900,https://coincu.com/c/casino-reviews/,https://coincu.com/casino-reviews/,0,no_match_in_raw
https://coincu.com/xrps-utility-boom-how-a-major-banking-integration-could-push-it-past-25-faster-than-anyone-expects/,posts,324900,https://coincu.com/c/pr/press-release/,https://coincu.com/pr/press-release/,0,no_match_in_raw
https://coincu.com/xrps-utility-boom-how-a-major-banking-integration-could-push-it-past-25-faster-than-anyone-expects/,posts,324900,https://coincu.com/c/cmc,https://coincu.com/cmc/,0,no_match_in_raw
https://coincu.com/wallitiq-wltq-is-the-crypto-sleeper-pick-of-the-decade-heres-why-legendary-billionaire-whales-are-betting-big/,posts,321505,https://coincu.com/c/casino-reviews/,https://coincu.com/casino-reviews/,0,no_match_in_raw
https://coincu.com/wallitiq-wltq-is-the-crypto-sleeper-pick-of-the-decade-heres-why-legendary-billionaire-whales-are-betting-big/,posts,321505,https://coincu.com/c/pr/press-release/,https://coincu.com/pr/press-release/,0,no_match_in_raw
https://coincu.com/wallitiq-wltq-is-the-crypto-sleeper-pick-of-the-decade-heres-why-legendary-billionaire-whales-are-betting-big/,posts,321505,https://coincu.com/c/cmc,https://coincu.com/cmc/,0,no_match_in_raw
https://coincu.com/cardano-price-5-prediction-could-be-on-the-horizon-but-wallitiq-wltq-is-the-real-top-gainer-with-a-potential-7-price-tag-in-february-2025/,posts,307139,https://coincu.com/c/casino-reviews/,https://coincu.com/casino-reviews/,0,no_match_in_raw
https://coincu.com/cardano-price-5-prediction-could-be-on-the-horizon-but-wallitiq-wltq-is-the-real-top-gainer-with-a-potential-7-price-tag-in-february-2025/,posts,307139,https://coincu.com/c/pr/press-release/,https://coincu.com/pr/press-release/,0,no_match_in_raw
https://coincu.com/cardano-price-5-prediction-could-be-on-the-horizon-but-wallitiq-wltq-is-the-real-top-gainer-with-a-potential-7-price-tag-in-february-2025/,posts,307139,https://coincu.com/c/cmc,https://coincu.com/cmc/,0,no_match_in_raw
https://coincu.com/messari-layoffs-happen-after-2-years/,posts,301682,https://coincu.com/c/casino-reviews/,https://coincu.com/casino-reviews/,0,no_match_in_raw
https://coincu.com/messari-layoffs-happen-after-2-years/,posts,301682,https://coincu.com/c/pr/press-release/,https://coincu.com/pr/press-release/,0,no_match_in_raw
https://coincu.com/messari-layoffs-happen-after-2-years/,posts,301682,https://coincu.com/c/news,https://coincu.com/news/,0,no_match_in_raw
https://coincu.com/coinbase-to-cut-950-jobs/,posts,159274,https://coincu.com/c/casino-reviews/,https://coincu.com/casino-reviews/,0,no_match_in_raw
https://coincu.com/coinbase-to-cut-950-jobs/,posts,159274,https://coincu.com/c/pr/press-release/,https://coincu.com/pr/press-release/,0,no_match_in_raw
https://coincu.com/coinbase-to-cut-950-jobs/,posts,159274,https://coincu.com/c/news,https://coincu.com/news/,0,no_match_in_raw
https://coincu.com/crypto-com-futures-contracts-super-bowl/,posts,302104,https://coincu.com/c/casino-reviews/,https://coincu.com/casino-reviews/,0,no_match_in_raw
https://coincu.com/crypto-com-futures-contracts-super-bowl/,posts,302104,https://coincu.com/c/pr/press-release/,https://coincu.com/pr/press-release/,0,no_match_in_raw
https://coincu.com/crypto-com-futures-contracts-super-bowl/,posts,302104,https://coincu.com/c/news,https://coincu.com/news/,0,no_match_in_raw
https://coincu.com/binanceus-market-share-falling-seriously/,posts,196743,https://coincu.com/c/casino-reviews/,https://coincu.com/casino-reviews/,0,no_match_in_raw
https://coincu.com/binanceus-market-share-falling-seriously/,posts,196743,https://coincu.com/c/pr/press-release/,https://coincu.com/pr/press-release/,0,no_match_in_raw
https://coincu.com/binanceus-market-share-falling-seriously/,posts,196743,https://coincu.com/c/news,https://coincu.com/news/,0,no_match_in_raw
https://coincu.com/binanceus-in-washington-suspend-services/,posts,265236,https://coincu.com/c/casino-reviews/,https://coincu.com/casino-reviews/,0,no_match_in_raw
https://coincu.com/binanceus-in-washington-suspend-services/,posts,265236,https://coincu.com/c/pr/press-release/,https://coincu.com/pr/press-release/,0,no_match_in_raw
https://coincu.com/binanceus-in-washington-suspend-services/,posts,265236,https://coincu.com/c/news,https://coincu.com/news/,0,no_match_in_raw
https://coincu.com/cz-role-in-binanceus-has-now-changed/,posts,232481,https://coincu.com/c/casino-reviews/,https://coincu.com/casino-reviews/,0,no_match_in_raw
https://coincu.com/cz-role-in-binanceus-has-now-changed/,posts,232481,https://coincu.com/c/pr/press-release/,https://coincu.com/pr/press-release/,0,no_match_in_raw
https://coincu.com/cz-role-in-binanceus-has-now-changed/,posts,232481,https://coincu.com/c/news,https://coincu.com/news/,0,no_match_in_raw
https://coincu.com/binance-founder-changpeng-zhao-is-now-stuck-us/,posts,244590,https://coincu.com/c/casino-reviews/,https://coincu.com/casino-reviews/,0,no_match_in_raw
https://coincu.com/binance-founder-changpeng-zhao-is-now-stuck-us/,posts,244590,https://coincu.com/c/pr/press-release/,https://coincu.com/pr/press-release/,0,no_match_in_raw
https://coincu.com/binance-founder-changpeng-zhao-is-now-stuck-us/,posts,244590,https://coincu.com/c/news,https://coincu.com/news/,0,no_match_in_raw
https://coincu.com/binanceus-lawsuit-causes-heavily-affected/,posts,249451,https://coincu.com/c/casino-reviews/,https://coincu.com/casino-reviews/,0,no_match_in_raw
https://coincu.com/binanceus-lawsuit-causes-heavily-affected/,posts,249451,https://coincu.com/c/pr/press-release/,https://coincu.com/pr/press-release/,0,no_match_in_raw
https://coincu.com/binanceus-lawsuit-causes-heavily-affected/,posts,249451,https://coincu.com/c/news,https://coincu.com/news/,0,no_match_in_raw
https://coincu.com/hex-founder-richard-hearts-lawsuit/,posts,279496,https://coincu.com/c/casino-reviews/,https://coincu.com/casino-reviews/,0,no_match_in_raw
https://coincu.com/hex-founder-richard-hearts-lawsuit/,posts,279496,https://coincu.com/c/pr/press-release/,https://coincu.com/pr/press-release/,0,no_match_in_raw
https://coincu.com/hex-founder-richard-hearts-lawsuit/,posts,279496,https://coincu.com/c/news,https://coincu.com/news/,0,no_match_in_raw
https://coincu.com/binanceus-fires-50-employees/,posts,195587,https://coincu.com/c/casino-reviews/,https://coincu.com/casino-reviews/,0,no_match_in_raw
https://coincu.com/binanceus-fires-50-employees/,posts,195587,https://coincu.com/c/pr/press-release/,https://coincu.com/pr/press-release/,0,no_match_in_raw
https://coincu.com/binanceus-fires-50-employees/,posts,195587,https://coincu.com/c/news,https://coincu.com/news/,0,no_match_in_raw
https://coincu.com/april-crypto-vc-report-1-02b-invested-monad-labs/,posts,257539,https://coincu.com/c/casino-reviews/,https://coincu.com/casino-reviews/,0,no_match_in_raw
https://coincu.com/april-crypto-vc-report-1-02b-invested-monad-labs/,posts,257539,https://coincu.com/c/pr/press-release/,https://coincu.com/pr/press-release/,0,no_match_in_raw
https://coincu.com/april-crypto-vc-report-1-02b-invested-monad-labs/,posts,257539,https://coincu.com/c/news,https://coincu.com/news/,0,no_match_in_raw
https://coincu.com/winklevoss-bombshell-allegations-against-dcg/,posts,199827,https://coincu.com/c/casino-reviews/,https://coincu.com/casino-reviews/,0,no_match_in_raw
https://coincu.com/winklevoss-bombshell-allegations-against-dcg/,posts,199827,https://coincu.com/c/pr/press-release/,https://coincu.com/pr/press-release/,0,no_match_in_raw
https://coincu.com/winklevoss-bombshell-allegations-against-dcg/,posts,199827,https://coincu.com/c/news,https://coincu.com/news/,0,no_match_in_raw
https://coincu.com/paradigm-secures-50-million-stake-coinbase/,posts,187171,https://coincu.com/c/casino-reviews/,https://coincu.com/casino-reviews/,0,no_match_in_raw
https://coincu.com/paradigm-secures-50-million-stake-coinbase/,posts,187171,https://coincu.com/c/pr/press-release/,https://coincu.com/pr/press-release/,0,no_match_in_raw
https://coincu.com/paradigm-secures-50-million-stake-coinbase/,posts,187171,https://coincu.com/c/news,https://coincu.com/news/,0,no_match_in_raw
https://coincu.com/dcg-has-responses-to-the-lawsuit-from-gemini/,posts,200998,https://coincu.com/c/casino-reviews/,https://coincu.com/casino-reviews/,0,no_match_in_raw
https://coincu.com/dcg-has-responses-to-the-lawsuit-from-gemini/,posts,200998,https://coincu.com/c/pr/press-release/,https://coincu.com/pr/press-release/,0,no_match_in_raw
https://coincu.com/dcg-has-responses-to-the-lawsuit-from-gemini/,posts,200998,https://coincu.com/c/news,https://coincu.com/news/,0,no_match_in_raw
https://coincu.com/social-engineering-attack-exposed-by-zachxbt/,posts,283442,https://coincu.com/c/casino-reviews/,https://coincu.com/casino-reviews/,0,no_match_in_raw
https://coincu.com/social-engineering-attack-exposed-by-zachxbt/,posts,283442,https://coincu.com/c/pr/press-release/,https://coincu.com/pr/press-release/,0,no_match_in_raw
https://coincu.com/social-engineering-attack-exposed-by-zachxbt/,posts,283442,https://coincu.com/c/news,https://coincu.com/news/,0,no_match_in_raw
https://coincu.com/winklevoss-twins-take-gemini-public/,posts,355346,https://coincu.com/c/casino-reviews/,https://coincu.com/casino-reviews/,0,no_match_in_raw
https://coincu.com/winklevoss-twins-take-gemini-public/,posts,355346,https://coincu.com/c/pr/press-release/,https://coincu.com/pr/press-release/,0,no_match_in_raw
https://coincu.com/winklevoss-twins-take-gemini-public/,posts,355346,https://coincu.com/c/news,https://coincu.com/news/,0,no_match_in_raw
https://coincu.com/kamala-harris-bitcoin-snub-winklevosss-no-mercy/,posts,269325,https://coincu.com/c/casino-reviews/,https://coincu.com/casino-reviews/,0,no_match_in_raw
https://coincu.com/kamala-harris-bitcoin-snub-winklevosss-no-mercy/,posts,269325,https://coincu.com/c/pr/press-release/,https://coincu.com/pr/press-release/,0,no_match_in_raw
https://coincu.com/kamala-harris-bitcoin-snub-winklevosss-no-mercy/,posts,269325,https://coincu.com/c/news,https://coincu.com/news/,0,no_match_in_raw
https://coincu.com/binance-removes-banco-de-venezuela/,posts,214385,https://coincu.com/c/casino-reviews/,https://coincu.com/casino-reviews/,0,no_match_in_raw
https://coincu.com/binance-removes-banco-de-venezuela/,posts,214385,https://coincu.com/c/pr/press-release/,https://coincu.com/pr/press-release/,0,no_match_in_raw
https://coincu.com/binance-removes-banco-de-venezuela/,posts,214385,https://coincu.com/c/news,https://coincu.com/news/,0,no_match_in_raw
https://coincu.com/binance-russian-customers-bank-cards/,posts,183438,https://coincu.com/c/casino-reviews/,https://coincu.com/casino-reviews/,0,no_match_in_raw
https://coincu.com/binance-russian-customers-bank-cards/,posts,183438,https://coincu.com/c/pr/press-release/,https://coincu.com/pr/press-release/,0,no_match_in_raw
https://coincu.com/binance-russian-customers-bank-cards/,posts,183438,https://coincu.com/c/news,https://coincu.com/news/,0,no_match_in_raw
https://coincu.com/binance-helping-russian-transfer-money/,posts,185586,https://coincu.com/c/casino-reviews/,https://coincu.com/casino-reviews/,0,no_match_in_raw
https://coincu.com/binance-helping-russian-transfer-money/,posts,185586,https://coincu.com/c/pr/press-release/,https://coincu.com/pr/press-release/,0,no_match_in_raw
https://coincu.com/binance-helping-russian-transfer-money/,posts,185586,https://coincu.com/c/news,https://coincu.com/news/,0,no_match_in_raw
https://coincu.com/ripple-vs-sec-lawsuit-summary-judgment/,posts,176748,https://coincu.com/c/casino-reviews/,https://coincu.com/casino-reviews/,0,no_match_in_raw
https://coincu.com/ripple-vs-sec-lawsuit-summary-judgment/,posts,176748,https://coincu.com/c/pr/press-release/,https://coincu.com/pr/press-release/,0,no_match_in_raw
https://coincu.com/ripple-vs-sec-lawsuit-summary-judgment/,posts,176748,https://coincu.com/c/news,https://coincu.com/news/,0,no_match_in_raw
https://coincu.com/binance-and-brazilian-football-free-nft/,posts,181452,https://coincu.com/c/casino-reviews/,https://coincu.com/casino-reviews/,0,no_match_in_raw
https://coincu.com/binance-and-brazilian-football-free-nft/,posts,181452,https://coincu.com/c/pr/press-release/,https://coincu.com/pr/press-release/,0,no_match_in_raw
https://coincu.com/binance-and-brazilian-football-free-nft/,posts,181452,https://coincu.com/c/nfts-news,https://coincu.com/nfts-news/,0,no_match_in_raw
https://coincu.com/bitcoin-is-showing-accumulation/,posts,211049,https://coincu.com/c/casino-reviews/,https://coincu.com/casino-reviews/,0,no_match_in_raw
https://coincu.com/bitcoin-is-showing-accumulation/,posts,211049,https://coincu.com/c/pr/press-release/,https://coincu.com/pr/press-release/,0,no_match_in_raw
https://coincu.com/bitcoin-is-showing-accumulation/,posts,211049,https://coincu.com/c/analysis,https://coincu.com/analysis/,0,no_match_in_raw
https://coincu.com/ripple-ceo-rlusd-stablecoin-is-close-to-launch/,posts,281083,https://coincu.com/c/casino-reviews/,https://coincu.com/casino-reviews/,0,no_match_in_raw
https://coincu.com/ripple-ceo-rlusd-stablecoin-is-close-to-launch/,posts,281083,https://coincu.com/c/pr/press-release/,https://coincu.com/pr/press-release/,0,no_match_in_raw
https://coincu.com/ripple-ceo-rlusd-stablecoin-is-close-to-launch/,posts,281083,https://coincu.com/c/news,https://coincu.com/news/,0,no_match_in_raw
https://coincu.com/circle-french-amf-registration/,posts,239085,https://coincu.com/c/casino-reviews/,https://coincu.com/casino-reviews/,0,no_match_in_raw
https://coincu.com/circle-french-amf-registration/,posts,239085,https://coincu.com/c/pr/press-release/,https://coincu.com/pr/press-release/,0,no_match_in_raw
https://coincu.com/circle-french-amf-registration/,posts,239085,https://coincu.com/c/news,https://coincu.com/news/,0,no_match_in_raw
https://coincu.com/new-okx-european-hub-will-be-malta/,posts,267927,https://coincu.com/c/casino-reviews/,https://coincu.com/casino-reviews/,0,no_match_in_raw
https://coincu.com/new-okx-european-hub-will-be-malta/,posts,267927,https://coincu.com/c/pr/press-release/,https://coincu.com/pr/press-release/,0,no_match_in_raw
https://coincu.com/new-okx-european-hub-will-be-malta/,posts,267927,https://coincu.com/c/news,https://coincu.com/news/,0,no_match_in_raw
https://coincu.com/binance-operations-in-france-controversial/,posts,234142,https://coincu.com/c/casino-reviews/,https://coincu.com/casino-reviews/,0,no_match_in_raw
https://coincu.com/binance-operations-in-france-controversial/,posts,234142,https://coincu.com/c/pr/press-release/,https://coincu.com/pr/press-release/,0,no_match_in_raw
https://coincu.com/binance-operations-in-france-controversial/,posts,234142,https://coincu.com/c/news,https://coincu.com/news/,0,no_match_in_raw
https://coincu.com/bybit-faces-cftc-scrutiny-subpoena-from-coinbase/,posts,232524,https://coincu.com/c/casino-reviews/,https://coincu.com/casino-reviews/,0,no_match_in_raw
https://coincu.com/bybit-faces-cftc-scrutiny-subpoena-from-coinbase/,posts,232524,https://coincu.com/c/pr/press-release/,https://coincu.com/pr/press-release/,0,no_match_in_raw
https://coincu.com/bybit-faces-cftc-scrutiny-subpoena-from-coinbase/,posts,232524,https://coincu.com/c/news,https://coincu.com/news/,0,no_match_in_raw
https://coincu.com/bybit-relocates-chinese-employees-closures/,posts,263230,https://coincu.com/c/casino-reviews/,https://coincu.com/casino-reviews/,0,no_match_in_raw
https://coincu.com/bybit-relocates-chinese-employees-closures/,posts,263230,https://coincu.com/c/pr/press-release/,https://coincu.com/pr/press-release/,0,no_match_in_raw
https://coincu.com/bybit-relocates-chinese-employees-closures/,posts,263230,https://coincu.com/c/news,https://coincu.com/news/,0,no_match_in_raw
https://coincu.com/bybit-disqualifies-top-1-team-wsot-competition/,posts,211142,https://coincu.com/c/casino-reviews/,https://coincu.com/casino-reviews/,0,no_match_in_raw
https://coincu.com/bybit-disqualifies-top-1-team-wsot-competition/,posts,211142,https://coincu.com/c/pr/press-release/,https://coincu.com/pr/press-release/,0,no_match_in_raw
https://coincu.com/bybit-disqualifies-top-1-team-wsot-competition/,posts,211142,https://coincu.com/c/uncategorized,https://coincu.com/uncategorized/,0,no_match_in_raw
https://coincu.com/garanti-bbva-plan-launch-crypto-trading-services/,posts,299874,https://coincu.com/c/casino-reviews/,https://coincu.com/casino-reviews/,0,no_match_in_raw
https://coincu.com/garanti-bbva-plan-launch-crypto-trading-services/,posts,299874,https://coincu.com/c/pr/press-release/,https://coincu.com/pr/press-release/,0,no_match_in_raw
https://coincu.com/garanti-bbva-plan-launch-crypto-trading-services/,posts,299874,https://coincu.com/c/news,https://coincu.com/news/,0,no_match_in_raw
https://coincu.com/opening-pandoras-box-how-regulatory-crackdowns-are-changing-crypto-licensing/,posts,370376,https://coincu.com/c/casino-reviews/,https://coincu.com/casino-reviews/,0,no_match_in_raw
https://coincu.com/opening-pandoras-box-how-regulatory-crackdowns-are-changing-crypto-licensing/,posts,370376,https://coincu.com/c/markets,https://coincu.com/markets/,0,no_match_in_raw
https://coincu.com/opening-pandoras-box-how-regulatory-crackdowns-are-changing-crypto-licensing/,posts,370376,https://coincu.com/c/pr/press-release/,https://coincu.com/pr/press-release/,0,no_match_in_raw
https://coincu.com/caceis-approved-in-france/,posts,197114,https://coincu.com/c/casino-reviews/,https://coincu.com/casino-reviews/,0,no_match_in_raw
https://coincu.com/caceis-approved-in-france/,posts,197114,https://coincu.com/c/pr/press-release/,https://coincu.com/pr/press-release/,0,no_match_in_raw
https://coincu.com/caceis-approved-in-france/,posts,197114,https://coincu.com/c/news,https://coincu.com/news/,0,no_match_in_raw
https://coincu.com/spain-bank-bbva-to-launch-bitcoin-trading/,posts,325778,https://coincu.com/c/casino-reviews/,https://coincu.com/casino-reviews/,0,no_match_in_raw
https://coincu.com/spain-bank-bbva-to-launch-bitcoin-trading/,posts,325778,https://coincu.com/c/pr/press-release/,https://coincu.com/pr/press-release/,0,no_match_in_raw
https://coincu.com/spain-bank-bbva-to-launch-bitcoin-trading/,posts,325778,https://coincu.com/c/bitcoin,https://coincu.com/bitcoin/,0,no_match_in_raw
https://coincu.com/societe-generale-forge-stablecoin-on-stellar/,posts,323514,https://coincu.com/c/casino-reviews/,https://coincu.com/casino-reviews/,0,no_match_in_raw
https://coincu.com/societe-generale-forge-stablecoin-on-stellar/,posts,323514,https://coincu.com/c/pr/press-release/,https://coincu.com/pr/press-release/,0,no_match_in_raw
https://coincu.com/societe-generale-forge-stablecoin-on-stellar/,posts,323514,https://coincu.com/c/news,https://coincu.com/news/,0,no_match_in_raw
https://coincu.com/binance-france-replaces-changpeng-zhao/,posts,261492,https://coincu.com/c/casino-reviews/,https://coincu.com/casino-reviews/,0,no_match_in_raw
https://coincu.com/binance-france-replaces-changpeng-zhao/,posts,261492,https://coincu.com/c/pr/press-release/,https://coincu.com/pr/press-release/,0,no_match_in_raw
https://coincu.com/binance-france-replaces-changpeng-zhao/,posts,261492,https://coincu.com/c/news,https://coincu.com/news/,0,no_match_in_raw
https://coincu.com/international-support-for-usdc-minting/,posts,242117,https://coincu.com/c/casino-reviews/,https://coincu.com/casino-reviews/,0,no_match_in_raw
https://coincu.com/international-support-for-usdc-minting/,posts,242117,https://coincu.com/c/pr/press-release/,https://coincu.com/pr/press-release/,0,no_match_in_raw
https://coincu.com/international-support-for-usdc-minting/,posts,242117,https://coincu.com/c/news,https://coincu.com/news/,0,no_match_in_raw
https://coincu.com/societe-generales-granted-license-crypto-service/,posts,203975,https://coincu.com/c/casino-reviews/,https://coincu.com/casino-reviews/,0,no_match_in_raw
https://coincu.com/societe-generales-granted-license-crypto-service/,posts,203975,https://coincu.com/c/pr/press-release/,https://coincu.com/pr/press-release/,0,no_match_in_raw
https://coincu.com/societe-generales-granted-license-crypto-service/,posts,203975,https://coincu.com/c/news,https://coincu.com/news/,0,no_match_in_raw
https://coincu.com/kratos-raised-20-mill-increase-150-million/,posts,169342,https://coincu.com/c/casino-reviews/,https://coincu.com/casino-reviews/,0,no_match_in_raw
https://coincu.com/kratos-raised-20-mill-increase-150-million/,posts,169342,https://coincu.com/c/pr/press-release/,https://coincu.com/pr/press-release/,0,no_match_in_raw
https://coincu.com/kratos-raised-20-mill-increase-150-million/,posts,169342,https://coincu.com/c/news,https://coincu.com/news/,0,no_match_in_raw
https://coincu.com/wormhole-fundraising-round-reaches-225m/,posts,233222,https://coincu.com/c/casino-reviews/,https://coincu.com/casino-reviews/,0,no_match_in_raw
https://coincu.com/wormhole-fundraising-round-reaches-225m/,posts,233222,https://coincu.com/c/pr/press-release/,https://coincu.com/pr/press-release/,0,no_match_in_raw
https://coincu.com/wormhole-fundraising-round-reaches-225m/,posts,233222,https://coincu.com/c/news,https://coincu.com/news/,0,no_match_in_raw
https://coincu.com/bitgo-lawsuit-against-galaxy-digital/,posts,261078,https://coincu.com/c/casino-reviews/,https://coincu.com/casino-reviews/,0,no_match_in_raw
https://coincu.com/bitgo-lawsuit-against-galaxy-digital/,posts,261078,https://coincu.com/c/pr/press-release/,https://coincu.com/pr/press-release/,0,no_match_in_raw
https://coincu.com/bitgo-lawsuit-against-galaxy-digital/,posts,261078,https://coincu.com/c/news,https://coincu.com/news/,0,no_match_in_raw
https://coincu.com/bitgo-bit-global-venture-established/,posts,271741,https://coincu.com/c/casino-reviews/,https://coincu.com/casino-reviews/,0,no_match_in_raw
https://coincu.com/bitgo-bit-global-venture-established/,posts,271741,https://coincu.com/c/pr/press-release/,https://coincu.com/pr/press-release/,0,no_match_in_raw
https://coincu.com/bitgo-bit-global-venture-established/,posts,271741,https://coincu.com/c/news,https://coincu.com/news/,0,no_match_in_raw
https://coincu.com/bitgo-korea-partners-with-south-korean-sk-hana/,posts,280873,https://coincu.com/c/casino-reviews/,https://coincu.com/casino-reviews/,0,no_match_in_raw
https://coincu.com/bitgo-korea-partners-with-south-korean-sk-hana/,posts,280873,https://coincu.com/c/pr/press-release/,https://coincu.com/pr/press-release/,0,no_match_in_raw
https://coincu.com/bitgo-korea-partners-with-south-korean-sk-hana/,posts,280873,https://coincu.com/c/news,https://coincu.com/news/,0,no_match_in_raw
https://coincu.com/bit-global-digital-sues-coinbase/,posts,296899,https://coincu.com/c/casino-reviews/,https://coincu.com/casino-reviews/,0,no_match_in_raw
https://coincu.com/bit-global-digital-sues-coinbase/,posts,296899,https://coincu.com/c/pr/press-release/,https://coincu.com/pr/press-release/,0,no_match_in_raw
https://coincu.com/bit-global-digital-sues-coinbase/,posts,296899,https://coincu.com/c/news,https://coincu.com/news/,0,no_match_in_raw
https://coincu.com/sol-outflows-to-ethereum-soar-4x/,posts,304831,https://coincu.com/c/casino-reviews/,https://coincu.com/casino-reviews/,0,no_match_in_raw
https://coincu.com/sol-outflows-to-ethereum-soar-4x/,posts,304831,https://coincu.com/c/markets,https://coincu.com/markets/,0,no_match_in_raw
https://coincu.com/sol-outflows-to-ethereum-soar-4x/,posts,304831,https://coincu.com/c/pr/press-release/,https://coincu.com/pr/press-release/,0,no_match_in_raw
https://coincu.com/copper-raises-196-million/,posts,133359,https://coincu.com/c/casino-reviews/,https://coincu.com/casino-reviews/,0,no_match_in_raw
https://coincu.com/copper-raises-196-million/,posts,133359,https://coincu.com/c/pr/press-release/,https://coincu.com/pr/press-release/,0,no_match_in_raw
https://coincu.com/copper-raises-196-million/,posts,133359,https://coincu.com/c/news,https://coincu.com/news/,0,no_match_in_raw
https://coincu.com/bybit-released-the-reserve-assets/,posts,143090,https://coincu.com/c/casino-reviews/,https://coincu.com/casino-reviews/,0,no_match_in_raw
https://coincu.com/bybit-released-the-reserve-assets/,posts,143090,https://coincu.com/c/pr/press-release/,https://coincu.com/pr/press-release/,0,no_match_in_raw
https://coincu.com/bybit-released-the-reserve-assets/,posts,143090,https://coincu.com/c/news,https://coincu.com/news/,0,no_match_in_raw
https://coincu.com/qmmm-collapse-sparks-oversight-calls/,posts,369380,https://coincu.com/c/casino-reviews/,https://coincu.com/casino-reviews/,0,no_match_in_raw
https://coincu.com/qmmm-collapse-sparks-oversight-calls/,posts,369380,https://coincu.com/c/pr/press-release/,https://coincu.com/pr/press-release/,0,no_match_in_raw
https://coincu.com/qmmm-collapse-sparks-oversight-calls/,posts,369380,https://coincu.com/c/news,https://coincu.com/news/,0,no_match_in_raw
https://coincu.com/cz-rejects-ft-report-on-yzilabs-denies/,posts,364217,https://coincu.com/c/casino-reviews/,https://coincu.com/casino-reviews/,0,no_match_in_raw
https://coincu.com/cz-rejects-ft-report-on-yzilabs-denies/,posts,364217,https://coincu.com/c/pr/press-release/,https://coincu.com/pr/press-release/,0,no_match_in_raw
https://coincu.com/cz-rejects-ft-report-on-yzilabs-denies/,posts,364217,https://coincu.com/c/news,https://coincu.com/news/,0,no_match_in_raw
https://coincu.com/robinhood-makes-the-web3-wallet-beta/,posts,128213,https://coincu.com/c/casino-reviews/,https://coincu.com/casino-reviews/,0,no_match_in_raw
https://coincu.com/robinhood-makes-the-web3-wallet-beta/,posts,128213,https://coincu.com/c/pr/press-release/,https://coincu.com/pr/press-release/,0,no_match_in_raw
https://coincu.com/robinhood-makes-the-web3-wallet-beta/,posts,128213,https://coincu.com/c/news,https://coincu.com/news/,0,no_match_in_raw
https://coincu.com/binance-founder-cz-focusing-venture-capital-firm/,posts,303757,https://coincu.com/c/casino-reviews/,https://coincu.com/casino-reviews/,0,no_match_in_raw
https://coincu.com/binance-founder-cz-focusing-venture-capital-firm/,posts,303757,https://coincu.com/c/pr/press-release/,https://coincu.com/pr/press-release/,0,no_match_in_raw
https://coincu.com/binance-founder-cz-focusing-venture-capital-firm/,posts,303757,https://coincu.com/c/news,https://coincu.com/news/,0,no_match_in_raw
https://coincu.com/bybit-becomes-data-provider-pyth/,posts,154194,https://coincu.com/c/casino-reviews/,https://coincu.com/casino-reviews/,0,no_match_in_raw
https://coincu.com/bybit-becomes-data-provider-pyth/,posts,154194,https://coincu.com/c/pr/press-release/,https://coincu.com/pr/press-release/,0,no_match_in_raw
https://coincu.com/bybit-becomes-data-provider-pyth/,posts,154194,https://coincu.com/c/news,https://coincu.com/news/,0,no_match_in_raw
https://coincu.com/genesis-settlement-with-the-sec/,posts,251167,https://coincu.com/c/casino-reviews/,https://coincu.com/casino-reviews/,0,no_match_in_raw
https://coincu.com/genesis-settlement-with-the-sec/,posts,251167,https://coincu.com/c/pr/press-release/,https://coincu.com/pr/press-release/,0,no_match_in_raw
https://coincu.com/genesis-settlement-with-the-sec/,posts,251167,https://coincu.com/c/news,https://coincu.com/news/,0,no_match_in_raw
https://coincu.com/binance-sells-gopaxs-genesis-asset-rights/,posts,261309,https://coincu.com/c/casino-reviews/,https://coincu.com/casino-reviews/,0,no_match_in_raw
https://coincu.com/binance-sells-gopaxs-genesis-asset-rights/,posts,261309,https://coincu.com/c/pr/press-release/,https://coincu.com/pr/press-release/,0,no_match_in_raw
https://coincu.com/binance-sells-gopaxs-genesis-asset-rights/,posts,261309,https://coincu.com/c/news,https://coincu.com/news/,0,no_match_in_raw
https://coincu.com/bitfinex-expands-services-in-turkey/,posts,213404,https://coincu.com/c/casino-reviews/,https://coincu.com/casino-reviews/,0,no_match_in_raw
https://coincu.com/bitfinex-expands-services-in-turkey/,posts,213404,https://coincu.com/c/pr/press-release/,https://coincu.com/pr/press-release/,0,no_match_in_raw
https://coincu.com/bitfinex-expands-services-in-turkey/,posts,213404,https://coincu.com/c/news,https://coincu.com/news/,0,no_match_in_raw
https://coincu.com/binance-aims-to-add-8000-employees/,posts,144864,https://coincu.com/c/casino-reviews/,https://coincu.com/casino-reviews/,0,no_match_in_raw
https://coincu.com/binance-aims-to-add-8000-employees/,posts,144864,https://coincu.com/c/pr/press-release/,https://coincu.com/pr/press-release/,0,no_match_in_raw
https://coincu.com/binance-aims-to-add-8000-employees/,posts,144864,https://coincu.com/c/news,https://coincu.com/news/,0,no_match_in_raw
https://coincu.com/safe-wallet-empowers-zksync-era-with-security/,posts,217129,https://coincu.com/c/casino-reviews/,https://coincu.com/casino-reviews/,0,no_match_in_raw
https://coincu.com/safe-wallet-empowers-zksync-era-with-security/,posts,217129,https://coincu.com/c/pr/press-release/,https://coincu.com/pr/press-release/,0,no_match_in_raw
https://coincu.com/safe-wallet-empowers-zksync-era-with-security/,posts,217129,https://coincu.com/c/news,https://coincu.com/news/,0,no_match_in_raw
https://coincu.com/kraken-reduces-global-workforce-by-1100-peo/,posts,147887,https://coincu.com/c/casino-reviews/,https://coincu.com/casino-reviews/,0,no_match_in_raw
https://coincu.com/kraken-reduces-global-workforce-by-1100-peo/,posts,147887,https://coincu.com/c/pr/press-release/,https://coincu.com/pr/press-release/,0,no_match_in_raw
https://coincu.com/kraken-reduces-global-workforce-by-1100-peo/,posts,147887,https://coincu.com/c/news,https://coincu.com/news/,0,no_match_in_raw
https://coincu.com/connext-sybil-hunter-program/,posts,215298,https://coincu.com/c/casino-reviews/,https://coincu.com/casino-reviews/,0,no_match_in_raw
https://coincu.com/connext-sybil-hunter-program/,posts,215298,https://coincu.com/c/pr/press-release/,https://coincu.com/pr/press-release/,0,no_match_in_raw
https://coincu.com/connext-sybil-hunter-program/,posts,215298,https://coincu.com/c/news,https://coincu.com/news/,0,no_match_in_raw
https://coincu.com/okx-web3-service-temporarily-suspended/,posts,326747,https://coincu.com/c/casino-reviews/,https://coincu.com/casino-reviews/,0,no_match_in_raw
https://coincu.com/okx-web3-service-temporarily-suspended/,posts,326747,https://coincu.com/c/pr/press-release/,https://coincu.com/pr/press-release/,0,no_match_in_raw
https://coincu.com/okx-web3-service-temporarily-suspended/,posts,326747,https://coincu.com/c/news,https://coincu.com/news/,0,no_match_in_raw
https://coincu.com/bybit-unveils-2025-vision-a-user-centric-approach-to-crypto-innovation/,posts,303741,https://coincu.com/c/casino-reviews/,https://coincu.com/casino-reviews/,0,no_match_in_raw
https://coincu.com/bybit-unveils-2025-vision-a-user-centric-approach-to-crypto-innovation/,posts,303741,https://coincu.com/c/press-release,https://coincu.com/press-release/,0,no_match_in_raw
https://coincu.com/bybit-unveils-2025-vision-a-user-centric-approach-to-crypto-innovation/,posts,303741,https://coincu.com/c/pr/press-release/,https://coincu.com/pr/press-release/,0,no_match_in_raw
https://coincu.com/binance-hacker-alert-protect-your-coins/,posts,324266,https://coincu.com/c/casino-reviews/,https://coincu.com/casino-reviews/,0,no_match_in_raw
https://coincu.com/binance-hacker-alert-protect-your-coins/,posts,324266,https://coincu.com/c/pr/press-release/,https://coincu.com/pr/press-release/,0,no_match_in_raw
https://coincu.com/binance-hacker-alert-protect-your-coins/,posts,324266,https://coincu.com/c/news,https://coincu.com/news/,0,no_match_in_raw
https://coincu.com/metaplanet-bitcoin-investment-surges-497-btc/,posts,325245,https://coincu.com/c/casino-reviews/,https://coincu.com/casino-reviews/,0,no_match_in_raw
https://coincu.com/metaplanet-bitcoin-investment-surges-497-btc/,posts,325245,https://coincu.com/c/pr/press-release/,https://coincu.com/pr/press-release/,0,no_match_in_raw
https://coincu.com/metaplanet-bitcoin-investment-surges-497-btc/,posts,325245,https://coincu.com/c/news,https://coincu.com/news/,0,no_match_in_raw
https://coincu.com/ipo-ma-blocked-sto-blockchain-breakthrough/,posts,323147,https://coincu.com/c/casino-reviews/,https://coincu.com/casino-reviews/,0,no_match_in_raw
https://coincu.com/ipo-ma-blocked-sto-blockchain-breakthrough/,posts,323147,https://coincu.com/c/pr/press-release/,https://coincu.com/pr/press-release/,0,no_match_in_raw
https://coincu.com/ipo-ma-blocked-sto-blockchain-breakthrough/,posts,323147,https://coincu.com/c/blockchain,https://coincu.com/blockchain/,0,no_match_in_raw
https://coincu.com/dark-storm-hackers-launch-ruthless-ddos-attack/,posts,325916,https://coincu.com/c/casino-reviews/,https://coincu.com/casino-reviews/,0,no_match_in_raw
https://coincu.com/dark-storm-hackers-launch-ruthless-ddos-attack/,posts,325916,https://coincu.com/c/pr/press-release/,https://coincu.com/pr/press-release/,0,no_match_in_raw
https://coincu.com/dark-storm-hackers-launch-ruthless-ddos-attack/,posts,325916,https://coincu.com/c/news,https://coincu.com/news/,0,no_match_in_raw
https://coincu.com/crypto-liquidation-tops-2-16b-as-trump-tariffs/,posts,305003,https://coincu.com/c/casino-reviews/,https://coincu.com/casino-reviews/,0,no_match_in_raw
https://coincu.com/crypto-liquidation-tops-2-16b-as-trump-tariffs/,posts,305003,https://coincu.com/c/pr/press-release/,https://coincu.com/pr/press-release/,0,no_match_in_raw
https://coincu.com/crypto-liquidation-tops-2-16b-as-trump-tariffs/,posts,305003,https://coincu.com/c/analysis,https://coincu.com/analysis/,0,no_match_in_raw
https://coincu.com/your-essential-guide-to-the-premier-5-crypto-wallets-of-2025/,posts,292531,https://coincu.com/c/casino-reviews/,https://coincu.com/casino-reviews/,0,no_match_in_raw
https://coincu.com/your-essential-guide-to-the-premier-5-crypto-wallets-of-2025/,posts,292531,https://coincu.com/c/press-release,https://coincu.com/press-release/,0,no_match_in_raw
https://coincu.com/your-essential-guide-to-the-premier-5-crypto-wallets-of-2025/,posts,292531,https://coincu.com/c/pr/press-release/,https://coincu.com/pr/press-release/,0,no_match_in_raw
https://coincu.com/plus-wallet-chosen-for-security-after-u-s-government-hack-stripes-1b-deal/,posts,290057,https://coincu.com/c/casino-reviews/,https://coincu.com/casino-reviews/,0,no_match_in_raw
https://coincu.com/plus-wallet-chosen-for-security-after-u-s-government-hack-stripes-1b-deal/,posts,290057,https://coincu.com/c/press-release,https://coincu.com/press-release/,0,no_match_in_raw
https://coincu.com/plus-wallet-chosen-for-security-after-u-s-government-hack-stripes-1b-deal/,posts,290057,https://coincu.com/c/pr/press-release/,https://coincu.com/pr/press-release/,0,no_match_in_raw
https://coincu.com/plus-wallet-latest-on-crypto-liquidations/,posts,296960,https://coincu.com/c/casino-reviews/,https://coincu.com/casino-reviews/,0,no_match_in_raw
https://coincu.com/plus-wallet-latest-on-crypto-liquidations/,posts,296960,https://coincu.com/c/pr/press-release/,https://coincu.com/pr/press-release/,0,no_match_in_raw
https://coincu.com/plus-wallet-latest-on-crypto-liquidations/,posts,296960,https://coincu.com/c/cmc,https://coincu.com/cmc/,0,no_match_in_raw
https://coincu.com/plus-wallet-vs-rabby-wallet-insights-on-xrps-upcoming-gains/,posts,297612,https://coincu.com/c/casino-reviews/,https://coincu.com/casino-reviews/,0,no_match_in_raw
https://coincu.com/plus-wallet-vs-rabby-wallet-insights-on-xrps-upcoming-gains/,posts,297612,https://coincu.com/c/press-release,https://coincu.com/press-release/,0,no_match_in_raw
https://coincu.com/plus-wallet-vs-rabby-wallet-insights-on-xrps-upcoming-gains/,posts,297612,https://coincu.com/c/pr/press-release/,https://coincu.com/pr/press-release/,0,no_match_in_raw
https://coincu.com/2024-crypto-wallet-trends-insights-on-exodus-metamask-plus-wallet/,posts,293852,https://coincu.com/c/casino-reviews/,https://coincu.com/casino-reviews/,0,no_match_in_raw
https://coincu.com/2024-crypto-wallet-trends-insights-on-exodus-metamask-plus-wallet/,posts,293852,https://coincu.com/c/press-release,https://coincu.com/press-release/,0,no_match_in_raw
https://coincu.com/2024-crypto-wallet-trends-insights-on-exodus-metamask-plus-wallet/,posts,293852,https://coincu.com/c/pr/press-release/,https://coincu.com/pr/press-release/,0,no_match_in_raw
https://coincu.com/plus-wallets-swap-to-earn-feature-vs-xverse-solana-dex-volume-surges/,posts,285269,https://coincu.com/c/casino-reviews/,https://coincu.com/casino-reviews/,0,no_match_in_raw
https://coincu.com/plus-wallets-swap-to-earn-feature-vs-xverse-solana-dex-volume-surges/,posts,285269,https://coincu.com/c/press-release,https://coincu.com/press-release/,0,no_match_in_raw
https://coincu.com/plus-wallets-swap-to-earn-feature-vs-xverse-solana-dex-volume-surges/,posts,285269,https://coincu.com/c/pr/press-release/,https://coincu.com/pr/press-release/,0,no_match_in_raw
https://coincu.com/coinbase-bitcoin-loan-service-supports-us-users/,posts,302659,https://coincu.com/c/casino-reviews/,https://coincu.com/casino-reviews/,0,no_match_in_raw
https://coincu.com/coinbase-bitcoin-loan-service-supports-us-users/,posts,302659,https://coincu.com/c/pr/press-release/,https://coincu.com/pr/press-release/,0,no_match_in_raw
https://coincu.com/coinbase-bitcoin-loan-service-supports-us-users/,posts,302659,https://coincu.com/c/news,https://coincu.com/news/,0,no_match_in_raw
https://coincu.com/new-malware-targets-crypto-wallets/,posts,215181,https://coincu.com/c/casino-reviews/,https://coincu.com/casino-reviews/,0,no_match_in_raw
https://coincu.com/new-malware-targets-crypto-wallets/,posts,215181,https://coincu.com/c/pr/press-release/,https://coincu.com/pr/press-release/,0,no_match_in_raw
https://coincu.com/new-malware-targets-crypto-wallets/,posts,215181,https://coincu.com/c/scam-alert,https://coincu.com/scam-alert/,0,no_match_in_raw
https://coincu.com/coinbase-wallet-shared-links-sending-money/,posts,234286,https://coincu.com/c/casino-reviews/,https://coincu.com/casino-reviews/,0,no_match_in_raw
https://coincu.com/coinbase-wallet-shared-links-sending-money/,posts,234286,https://coincu.com/c/pr/press-release/,https://coincu.com/pr/press-release/,0,no_match_in_raw
https://coincu.com/coinbase-wallet-shared-links-sending-money/,posts,234286,https://coincu.com/c/news,https://coincu.com/news/,0,no_match_in_raw
https://coincu.com/coinbase-smart-wallets-officially-launched/,posts,262689,https://coincu.com/c/casino-reviews/,https://coincu.com/casino-reviews/,0,no_match_in_raw
https://coincu.com/coinbase-smart-wallets-officially-launched/,posts,262689,https://coincu.com/c/pr/press-release/,https://coincu.com/pr/press-release/,0,no_match_in_raw
https://coincu.com/coinbase-smart-wallets-officially-launched/,posts,262689,https://coincu.com/c/news,https://coincu.com/news/,0,no_match_in_raw
https://coincu.com/coinbase-ad-campaign-to-boost-latino-voters/,posts,264649,https://coincu.com/c/casino-reviews/,https://coincu.com/casino-reviews/,0,no_match_in_raw
https://coincu.com/coinbase-ad-campaign-to-boost-latino-voters/,posts,264649,https://coincu.com/c/pr/press-release/,https://coincu.com/pr/press-release/,0,no_match_in_raw
https://coincu.com/coinbase-ad-campaign-to-boost-latino-voters/,posts,264649,https://coincu.com/c/news,https://coincu.com/news/,0,no_match_in_raw
https://coincu.com/the-uk-crypto-regulation-has-been-published/,posts,225975,https://coincu.com/c/casino-reviews/,https://coincu.com/casino-reviews/,0,no_match_in_raw
https://coincu.com/the-uk-crypto-regulation-has-been-published/,posts,225975,https://coincu.com/c/pr/press-release/,https://coincu.com/pr/press-release/,0,no_match_in_raw
https://coincu.com/the-uk-crypto-regulation-has-been-published/,posts,225975,https://coincu.com/c/news,https://coincu.com/news/,0,no_match_in_raw
https://coincu.com/cftc-subpoena-to-coinbase-leaves-users-worried/,posts,301554,https://coincu.com/c/casino-reviews/,https://coincu.com/casino-reviews/,0,no_match_in_raw
https://coincu.com/cftc-subpoena-to-coinbase-leaves-users-worried/,posts,301554,https://coincu.com/c/pr/press-release/,https://coincu.com/pr/press-release/,0,no_match_in_raw
https://coincu.com/cftc-subpoena-to-coinbase-leaves-users-worried/,posts,301554,https://coincu.com/c/news,https://coincu.com/news/,0,no_match_in_raw
https://coincu.com/broker-tp-icap-gains-uk-crypto-license/,posts,148120,https://coincu.com/c/casino-reviews/,https://coincu.com/casino-reviews/,0,no_match_in_raw
https://coincu.com/broker-tp-icap-gains-uk-crypto-license/,posts,148120,https://coincu.com/c/pr/press-release/,https://coincu.com/pr/press-release/,0,no_match_in_raw
https://coincu.com/broker-tp-icap-gains-uk-crypto-license/,posts,148120,https://coincu.com/c/news,https://coincu.com/news/,0,no_match_in_raw
https://coincu.com/uk-parliamentary-group-start-crypto-market/,posts,115346,https://coincu.com/c/casino-reviews/,https://coincu.com/casino-reviews/,0,no_match_in_raw
https://coincu.com/uk-parliamentary-group-start-crypto-market/,posts,115346,https://coincu.com/c/pr/press-release/,https://coincu.com/pr/press-release/,0,no_match_in_raw
https://coincu.com/uk-parliamentary-group-start-crypto-market/,posts,115346,https://coincu.com/c/news,https://coincu.com/news/,0,no_match_in_raw
https://coincu.com/how-zk-vm-will-make-the-future-of-web3-great/,posts,171058,https://coincu.com/c/casino-reviews/,https://coincu.com/casino-reviews/,0,no_match_in_raw
https://coincu.com/how-zk-vm-will-make-the-future-of-web3-great/,posts,171058,https://coincu.com/c/pr/press-release/,https://coincu.com/pr/press-release/,0,no_match_in_raw
https://coincu.com/how-zk-vm-will-make-the-future-of-web3-great/,posts,171058,https://coincu.com/c/knowledge,https://coincu.com/knowledge/,0,no_match_in_raw
https://coincu.com/polygon-zkevm-upgrade-type-2/,posts,245238,https://coincu.com/c/casino-reviews/,https://coincu.com/casino-reviews/,0,no_match_in_raw
https://coincu.com/polygon-zkevm-upgrade-type-2/,posts,245238,https://coincu.com/c/pr/press-release/,https://coincu.com/pr/press-release/,0,no_match_in_raw
https://coincu.com/polygon-zkevm-upgrade-type-2/,posts,245238,https://coincu.com/c/blockchain,https://coincu.com/blockchain/,0,no_match_in_raw
https://coincu.com/linea-zkevm-developed-by-consensys/,posts,183460,https://coincu.com/c/casino-reviews/,https://coincu.com/casino-reviews/,0,no_match_in_raw
https://coincu.com/linea-zkevm-developed-by-consensys/,posts,183460,https://coincu.com/c/pr/press-release/,https://coincu.com/pr/press-release/,0,no_match_in_raw
https://coincu.com/linea-zkevm-developed-by-consensys/,posts,183460,https://coincu.com/c/other-reviews,https://coincu.com/other-reviews/,0,no_match_in_raw
https://coincu.com/scroll-first-airdrop-scr-supply/,posts,288327,https://coincu.com/c/casino-reviews/,https://coincu.com/casino-reviews/,0,no_match_in_raw
https://coincu.com/scroll-first-airdrop-scr-supply/,posts,288327,https://coincu.com/c/pr/press-release/,https://coincu.com/pr/press-release/,0,no_match_in_raw
https://coincu.com/scroll-first-airdrop-scr-supply/,posts,288327,https://coincu.com/c/news,https://coincu.com/news/,0,no_match_in_raw
https://coincu.com/scroll-transactions-exceeded-200k-in-single-day/,posts,225831,https://coincu.com/c/casino-reviews/,https://coincu.com/casino-reviews/,0,no_match_in_raw
https://coincu.com/scroll-transactions-exceeded-200k-in-single-day/,posts,225831,https://coincu.com/c/pr/press-release/,https://coincu.com/pr/press-release/,0,no_match_in_raw
https://coincu.com/scroll-transactions-exceeded-200k-in-single-day/,posts,225831,https://coincu.com/c/analysis,https://coincu.com/analysis/,0,no_match_in_raw
https://coincu.com/bitgo-raises-100-million/,posts,211163,https://coincu.com/c/casino-reviews/,https://coincu.com/casino-reviews/,0,no_match_in_raw
https://coincu.com/bitgo-raises-100-million/,posts,211163,https://coincu.com/c/pr/press-release/,https://coincu.com/pr/press-release/,0,no_match_in_raw
https://coincu.com/bitgo-raises-100-million/,posts,211163,https://coincu.com/c/news,https://coincu.com/news/,0,no_match_in_raw
https://coincu.com/weekly-top-crypto-news-june-19-june-25/,posts,197766,https://coincu.com/c/casino-reviews/,https://coincu.com/casino-reviews/,0,no_match_in_raw
https://coincu.com/weekly-top-crypto-news-june-19-june-25/,posts,197766,https://coincu.com/c/pr/press-release/,https://coincu.com/pr/press-release/,0,no_match_in_raw
https://coincu.com/weekly-top-crypto-news-june-19-june-25/,posts,197766,https://coincu.com/c/uncategorized,https://coincu.com/uncategorized/,0,no_match_in_raw
https://coincu.com/prime-trust-partner-stably-stop-services/,posts,197296,https://coincu.com/c/casino-reviews/,https://coincu.com/casino-reviews/,0,no_match_in_raw
https://coincu.com/prime-trust-partner-stably-stop-services/,posts,197296,https://coincu.com/c/pr/press-release/,https://coincu.com/pr/press-release/,0,no_match_in_raw
https://coincu.com/prime-trust-partner-stably-stop-services/,posts,197296,https://coincu.com/c/news,https://coincu.com/news/,0,no_match_in_raw
https://coincu.com/steth-on-aave-v2-faces-liquidation/,posts,195342,https://coincu.com/c/casino-reviews/,https://coincu.com/casino-reviews/,0,no_match_in_raw
https://coincu.com/steth-on-aave-v2-faces-liquidation/,posts,195342,https://coincu.com/c/pr/press-release/,https://coincu.com/pr/press-release/,0,no_match_in_raw
https://coincu.com/steth-on-aave-v2-faces-liquidation/,posts,195342,https://coincu.com/c/defi,https://coincu.com/defi/,0,no_match_in_raw
https://coincu.com/aave-v3-0-1-to-launch-polygon-zkevm-mainnet/,posts,171144,https://coincu.com/c/casino-reviews/,https://coincu.com/casino-reviews/,0,no_match_in_raw
https://coincu.com/aave-v3-0-1-to-launch-polygon-zkevm-mainnet/,posts,171144,https://coincu.com/c/pr/press-release/,https://coincu.com/pr/press-release/,0,no_match_in_raw
https://coincu.com/aave-v3-0-1-to-launch-polygon-zkevm-mainnet/,posts,171144,https://coincu.com/c/news,https://coincu.com/news/,0,no_match_in_raw
https://coincu.com/aave-to-completely-remove-busd/,posts,192587,https://coincu.com/c/casino-reviews/,https://coincu.com/casino-reviews/,0,no_match_in_raw
https://coincu.com/aave-to-completely-remove-busd/,posts,192587,https://coincu.com/c/pr/press-release/,https://coincu.com/pr/press-release/,0,no_match_in_raw
https://coincu.com/aave-to-completely-remove-busd/,posts,192587,https://coincu.com/c/defi,https://coincu.com/defi/,0,no_match_in_raw
https://coincu.com/aave-v2-disabled-crv-borrowing/,posts,207213,https://coincu.com/c/casino-reviews/,https://coincu.com/casino-reviews/,0,no_match_in_raw
https://coincu.com/aave-v2-disabled-crv-borrowing/,posts,207213,https://coincu.com/c/pr/press-release/,https://coincu.com/pr/press-release/,0,no_match_in_raw
https://coincu.com/aave-v2-disabled-crv-borrowing/,posts,207213,https://coincu.com/c/defi,https://coincu.com/defi/,0,no_match_in_raw
https://coincu.com/aave-v2-is-proposed-to-be-removed/,posts,183327,https://coincu.com/c/casino-reviews/,https://coincu.com/casino-reviews/,0,no_match_in_raw
https://coincu.com/aave-v2-is-proposed-to-be-removed/,posts,183327,https://coincu.com/c/pr/press-release/,https://coincu.com/pr/press-release/,0,no_match_in_raw
https://coincu.com/aave-v2-is-proposed-to-be-removed/,posts,183327,https://coincu.com/c/defi,https://coincu.com/defi/,0,no_match_in_raw
https://coincu.com/the-stablecoin-industry-may-trillion-dollar/,posts,245459,https://coincu.com/c/casino-reviews/,https://coincu.com/casino-reviews/,0,no_match_in_raw
https://coincu.com/the-stablecoin-industry-may-trillion-dollar/,posts,245459,https://coincu.com/c/pr/press-release/,https://coincu.com/pr/press-release/,0,no_match_in_raw
https://coincu.com/the-stablecoin-industry-may-trillion-dollar/,posts,245459,https://coincu.com/c/news,https://coincu.com/news/,0,no_match_in_raw
https://coincu.com/justin-sun-405-million-tusd-transaction/,posts,184904,https://coincu.com/c/casino-reviews/,https://coincu.com/casino-reviews/,0,no_match_in_raw
https://coincu.com/justin-sun-405-million-tusd-transaction/,posts,184904,https://coincu.com/c/pr/press-release/,https://coincu.com/pr/press-release/,0,no_match_in_raw
https://coincu.com/justin-sun-405-million-tusd-transaction/,posts,184904,https://coincu.com/c/news,https://coincu.com/news/,0,no_match_in_raw
https://coincu.com/binance-spot-bitcoin-fees-minus-tusd-btc/,posts,175750,https://coincu.com/c/casino-reviews/,https://coincu.com/casino-reviews/,0,no_match_in_raw
https://coincu.com/binance-spot-bitcoin-fees-minus-tusd-btc/,posts,175750,https://coincu.com/c/pr/press-release/,https://coincu.com/pr/press-release/,0,no_match_in_raw
https://coincu.com/binance-spot-bitcoin-fees-minus-tusd-btc/,posts,175750,https://coincu.com/c/news,https://coincu.com/news/,0,no_match_in_raw
https://coincu.com/esma-warning-about-crypto-products/,posts,190171,https://coincu.com/c/casino-reviews/,https://coincu.com/casino-reviews/,0,no_match_in_raw
https://coincu.com/esma-warning-about-crypto-products/,posts,190171,https://coincu.com/c/pr/press-release/,https://coincu.com/pr/press-release/,0,no_match_in_raw
https://coincu.com/esma-warning-about-crypto-products/,posts,190171,https://coincu.com/c/news,https://coincu.com/news/,0,no_match_in_raw
https://coincu.com/esma-issues-first-input/,posts,202097,https://coincu.com/c/casino-reviews/,https://coincu.com/casino-reviews/,0,no_match_in_raw
https://coincu.com/esma-issues-first-input/,posts,202097,https://coincu.com/c/pr/press-release/,https://coincu.com/pr/press-release/,0,no_match_in_raw
https://coincu.com/esma-issues-first-input/,posts,202097,https://coincu.com/c/news,https://coincu.com/news/,0,no_match_in_raw
https://coincu.com/defi-risk-in-eu-poses-challenge/,posts,222877,https://coincu.com/c/casino-reviews/,https://coincu.com/casino-reviews/,0,no_match_in_raw
https://coincu.com/defi-risk-in-eu-poses-challenge/,posts,222877,https://coincu.com/c/pr/press-release/,https://coincu.com/pr/press-release/,0,no_match_in_raw
https://coincu.com/defi-risk-in-eu-poses-challenge/,posts,222877,https://coincu.com/c/defi,https://coincu.com/defi/,0,no_match_in_raw
https://coincu.com/esma-offers-guidelines/,posts,152617,https://coincu.com/c/casino-reviews/,https://coincu.com/casino-reviews/,0,no_match_in_raw
https://coincu.com/esma-offers-guidelines/,posts,152617,https://coincu.com/c/pr/press-release/,https://coincu.com/pr/press-release/,0,no_match_in_raw
https://coincu.com/esma-offers-guidelines/,posts,152617,https://coincu.com/c/news,https://coincu.com/news/,0,no_match_in_raw
https://coincu.com/miner-extractable-value-mev/,posts,229447,https://coincu.com/c/casino-reviews/,https://coincu.com/casino-reviews/,0,no_match_in_raw
https://coincu.com/miner-extractable-value-mev/,posts,229447,https://coincu.com/c/pr/press-release/,https://coincu.com/pr/press-release/,0,no_match_in_raw
https://coincu.com/miner-extractable-value-mev/,posts,229447,https://coincu.com/c/glossary,https://coincu.com/glossary/,0,no_match_in_raw
https://coincu.com/top-5-mev-bots-innovative-tools/,posts,260655,https://coincu.com/c/casino-reviews/,https://coincu.com/casino-reviews/,0,no_match_in_raw
https://coincu.com/top-5-mev-bots-innovative-tools/,posts,260655,https://coincu.com/c/pr/press-release/,https://coincu.com/pr/press-release/,0,no_match_in_raw
https://coincu.com/top-5-mev-bots-innovative-tools/,posts,260655,https://coincu.com/c/organic-coverage-pr,https://coincu.com/organic-coverage-pr/,0,no_match_in_raw
https://coincu.com/eba-raises-vigilance-against-crypto/,posts,191269,https://coincu.com/c/casino-reviews/,https://coincu.com/casino-reviews/,0,no_match_in_raw
https://coincu.com/eba-raises-vigilance-against-crypto/,posts,191269,https://coincu.com/c/pr/press-release/,https://coincu.com/pr/press-release/,0,no_match_in_raw
https://coincu.com/eba-raises-vigilance-against-crypto/,posts,191269,https://coincu.com/c/news,https://coincu.com/news/,0,no_match_in_raw
https://coincu.com/metamask-launches-smart-transactions-mev-attacks/,posts,257972,https://coincu.com/c/casino-reviews/,https://coincu.com/casino-reviews/,0,no_match_in_raw
https://coincu.com/metamask-launches-smart-transactions-mev-attacks/,posts,257972,https://coincu.com/c/pr/press-release/,https://coincu.com/pr/press-release/,0,no_match_in_raw
https://coincu.com/metamask-launches-smart-transactions-mev-attacks/,posts,257972,https://coincu.com/c/news,https://coincu.com/news/,0,no_match_in_raw
https://coincu.com/curve-crash-triggers-historic-mev-windfall-eth/,posts,207244,https://coincu.com/c/casino-reviews/,https://coincu.com/casino-reviews/,0,no_match_in_raw
https://coincu.com/curve-crash-triggers-historic-mev-windfall-eth/,posts,207244,https://coincu.com/c/pr/press-release/,https://coincu.com/pr/press-release/,0,no_match_in_raw
https://coincu.com/curve-crash-triggers-historic-mev-windfall-eth/,posts,207244,https://coincu.com/c/news,https://coincu.com/news/,0,no_match_in_raw
https://coincu.com/mica-is-now-signed-into-law/,posts,191285,https://coincu.com/c/casino-reviews/,https://coincu.com/casino-reviews/,0,no_match_in_raw
https://coincu.com/mica-is-now-signed-into-law/,posts,191285,https://coincu.com/c/pr/press-release/,https://coincu.com/pr/press-release/,0,no_match_in_raw
https://coincu.com/mica-is-now-signed-into-law/,posts,191285,https://coincu.com/c/news,https://coincu.com/news/,0,no_match_in_raw
https://coincu.com/eba-crypto-guidelines-to-prevent-laundering/,posts,242412,https://coincu.com/c/casino-reviews/,https://coincu.com/casino-reviews/,0,no_match_in_raw
https://coincu.com/eba-crypto-guidelines-to-prevent-laundering/,posts,242412,https://coincu.com/c/pr/press-release/,https://coincu.com/pr/press-release/,0,no_match_in_raw
https://coincu.com/eba-crypto-guidelines-to-prevent-laundering/,posts,242412,https://coincu.com/c/news,https://coincu.com/news/,0,no_match_in_raw
https://coincu.com/circle-recommends-european-banking-authority/,posts,215702,https://coincu.com/c/casino-reviews/,https://coincu.com/casino-reviews/,0,no_match_in_raw
https://coincu.com/circle-recommends-european-banking-authority/,posts,215702,https://coincu.com/c/pr/press-release/,https://coincu.com/pr/press-release/,0,no_match_in_raw
https://coincu.com/circle-recommends-european-banking-authority/,posts,215702,https://coincu.com/c/news,https://coincu.com/news/,0,no_match_in_raw
https://coincu.com/yield-stablecoins-250m-rewards-2025/,posts,386685,https://coincu.com/c/casino-reviews/,https://coincu.com/casino-reviews/,0,no_match_in_raw
https://coincu.com/yield-stablecoins-250m-rewards-2025/,posts,386685,https://coincu.com/c/pr/press-release/,https://coincu.com/pr/press-release/,0,no_match_in_raw
https://coincu.com/yield-stablecoins-250m-rewards-2025/,posts,386685,https://coincu.com/c/ethereum,https://coincu.com/ethereum/,0,no_match_in_raw
https://coincu.com/chainlink-revolutionizing-finance-decentralized/,posts,270671,https://coincu.com/c/casino-reviews/,https://coincu.com/casino-reviews/,0,no_match_in_raw
https://coincu.com/chainlink-revolutionizing-finance-decentralized/,posts,270671,https://coincu.com/c/pr/press-release/,https://coincu.com/pr/press-release/,0,no_match_in_raw
https://coincu.com/chainlink-revolutionizing-finance-decentralized/,posts,270671,https://coincu.com/c/pr,https://coincu.com/pr/,0,no_match_in_raw
https://coincu.com/cz-vitalik-buterins-ideas-for-safe-cex/,posts,144177,https://coincu.com/c/casino-reviews/,https://coincu.com/casino-reviews/,0,no_match_in_raw
https://coincu.com/cz-vitalik-buterins-ideas-for-safe-cex/,posts,144177,https://coincu.com/c/pr/press-release/,https://coincu.com/pr/press-release/,0,no_match_in_raw
https://coincu.com/cz-vitalik-buterins-ideas-for-safe-cex/,posts,144177,https://coincu.com/c/news,https://coincu.com/news/,0,no_match_in_raw
https://coincu.com/bitcoin-supply-on-exchanges-drops/,posts,246926,https://coincu.com/c/casino-reviews/,https://coincu.com/casino-reviews/,0,no_match_in_raw
https://coincu.com/bitcoin-supply-on-exchanges-drops/,posts,246926,https://coincu.com/c/pr/press-release/,https://coincu.com/pr/press-release/,0,no_match_in_raw
https://coincu.com/bitcoin-supply-on-exchanges-drops/,posts,246926,https://coincu.com/c/bitcoin,https://coincu.com/bitcoin/,0,no_match_in_raw
https://coincu.com/stablecoins-solution-for-a-de-dollarized-world/,posts,209690,https://coincu.com/c/casino-reviews/,https://coincu.com/casino-reviews/,0,no_match_in_raw
https://coincu.com/stablecoins-solution-for-a-de-dollarized-world/,posts,209690,https://coincu.com/c/pr/press-release/,https://coincu.com/pr/press-release/,0,no_match_in_raw
https://coincu.com/stablecoins-solution-for-a-de-dollarized-world/,posts,209690,https://coincu.com/c/news,https://coincu.com/news/,0,no_match_in_raw
https://coincu.com/stripe-paradigm-tempo-blockchain-launch/,posts,382444,https://coincu.com/c/casino-reviews/,https://coincu.com/casino-reviews/,0,no_match_in_raw
https://coincu.com/stripe-paradigm-tempo-blockchain-launch/,posts,382444,https://coincu.com/c/pr/press-release/,https://coincu.com/pr/press-release/,0,no_match_in_raw
https://coincu.com/stripe-paradigm-tempo-blockchain-launch/,posts,382444,https://coincu.com/c/blockchain,https://coincu.com/blockchain/,0,no_match_in_raw
https://coincu.com/coinbase-and-stripe-strengthen-collaboration/,posts,265496,https://coincu.com/c/casino-reviews/,https://coincu.com/casino-reviews/,0,no_match_in_raw
https://coincu.com/coinbase-and-stripe-strengthen-collaboration/,posts,265496,https://coincu.com/c/pr/press-release/,https://coincu.com/pr/press-release/,0,no_match_in_raw
https://coincu.com/coinbase-and-stripe-strengthen-collaboration/,posts,265496,https://coincu.com/c/news,https://coincu.com/news/,0,no_match_in_raw
https://coincu.com/nz-governor-opposes-stablecoins-not-legal-tender/,posts,247150,https://coincu.com/c/casino-reviews/,https://coincu.com/casino-reviews/,0,no_match_in_raw
https://coincu.com/nz-governor-opposes-stablecoins-not-legal-tender/,posts,247150,https://coincu.com/c/pr/press-release/,https://coincu.com/pr/press-release/,0,no_match_in_raw
https://coincu.com/nz-governor-opposes-stablecoins-not-legal-tender/,posts,247150,https://coincu.com/c/news,https://coincu.com/news/,0,no_match_in_raw
https://coincu.com/plus-wallet-grows-metamask-partners-up-stripe-signs-1-1b-deal/,posts,288853,https://coincu.com/c/casino-reviews/,https://coincu.com/casino-reviews/,0,no_match_in_raw
https://coincu.com/plus-wallet-grows-metamask-partners-up-stripe-signs-1-1b-deal/,posts,288853,https://coincu.com/c/press-release,https://coincu.com/press-release/,0,no_match_in_raw
https://coincu.com/plus-wallet-grows-metamask-partners-up-stripe-signs-1-1b-deal/,posts,288853,https://coincu.com/c/pr/press-release/,https://coincu.com/pr/press-release/,0,no_match_in_raw
https://coincu.com/stripe-crypto-integration-now-supports-eu/,posts,268234,https://coincu.com/c/casino-reviews/,https://coincu.com/casino-reviews/,0,no_match_in_raw
https://coincu.com/stripe-crypto-integration-now-supports-eu/,posts,268234,https://coincu.com/c/pr/press-release/,https://coincu.com/pr/press-release/,0,no_match_in_raw
https://coincu.com/stripe-crypto-integration-now-supports-eu/,posts,268234,https://coincu.com/c/news,https://coincu.com/news/,0,no_match_in_raw
https://coincu.com/openai-partners-stripe-monetize-ai-tools/,posts,174074,https://coincu.com/c/casino-reviews/,https://coincu.com/casino-reviews/,0,no_match_in_raw
https://coincu.com/openai-partners-stripe-monetize-ai-tools/,posts,174074,https://coincu.com/c/pr/press-release/,https://coincu.com/pr/press-release/,0,no_match_in_raw
https://coincu.com/openai-partners-stripe-monetize-ai-tools/,posts,174074,https://coincu.com/c/news,https://coincu.com/news/,0,no_match_in_raw
https://coincu.com/paypal-cryptocurrency-purchases-enhanced/,posts,257554,https://coincu.com/c/casino-reviews/,https://coincu.com/casino-reviews/,0,no_match_in_raw
https://coincu.com/paypal-cryptocurrency-purchases-enhanced/,posts,257554,https://coincu.com/c/pr/press-release/,https://coincu.com/pr/press-release/,0,no_match_in_raw
https://coincu.com/paypal-cryptocurrency-purchases-enhanced/,posts,257554,https://coincu.com/c/news,https://coincu.com/news/,0,no_match_in_raw
https://coincu.com/stripe-launches-on-ramp-crypto-service/,posts,185490,https://coincu.com/c/casino-reviews/,https://coincu.com/casino-reviews/,0,no_match_in_raw
https://coincu.com/stripe-launches-on-ramp-crypto-service/,posts,185490,https://coincu.com/c/pr/press-release/,https://coincu.com/pr/press-release/,0,no_match_in_raw
https://coincu.com/stripe-launches-on-ramp-crypto-service/,posts,185490,https://coincu.com/c/news,https://coincu.com/news/,0,no_match_in_raw
https://coincu.com/mexc-in-hong-kong-warning/,posts,250483,https://coincu.com/c/casino-reviews/,https://coincu.com/casino-reviews/,0,no_match_in_raw
https://coincu.com/mexc-in-hong-kong-warning/,posts,250483,https://coincu.com/c/pr/press-release/,https://coincu.com/pr/press-release/,0,no_match_in_raw
https://coincu.com/mexc-in-hong-kong-warning/,posts,250483,https://coincu.com/c/news,https://coincu.com/news/,0,no_match_in_raw
https://coincu.com/mexc-launches-eth-launchpad-for-ethereums-10th-anniversary-users-share-100-eth-at-up-to-90-off/,posts,351794,https://coincu.com/c/casino-reviews/,https://coincu.com/casino-reviews/,0,no_match_in_raw
https://coincu.com/mexc-launches-eth-launchpad-for-ethereums-10th-anniversary-users-share-100-eth-at-up-to-90-off/,posts,351794,https://coincu.com/c/press-release,https://coincu.com/press-release/,0,no_match_in_raw
https://coincu.com/mexc-launches-eth-launchpad-for-ethereums-10th-anniversary-users-share-100-eth-at-up-to-90-off/,posts,351794,https://coincu.com/c/pr/press-release/,https://coincu.com/pr/press-release/,0,no_match_in_raw
https://coincu.com/mexc-july-token-listings-surge-to-35920-peak-returns-as-ai-infrastructure-dominates-market/,posts,353139,https://coincu.com/c/casino-reviews/,https://coincu.com/casino-reviews/,0,no_match_in_raw
https://coincu.com/mexc-july-token-listings-surge-to-35920-peak-returns-as-ai-infrastructure-dominates-market/,posts,353139,https://coincu.com/c/press-release,https://coincu.com/press-release/,0,no_match_in_raw
https://coincu.com/mexc-july-token-listings-surge-to-35920-peak-returns-as-ai-infrastructure-dominates-market/,posts,353139,https://coincu.com/c/pr/press-release/,https://coincu.com/pr/press-release/,0,no_match_in_raw
https://coincu.com/mexc-boosts-stock-futures-selection-with-tron-bitf-icg-and-more/,posts,351965,https://coincu.com/c/casino-reviews/,https://coincu.com/casino-reviews/,0,no_match_in_raw
https://coincu.com/mexc-boosts-stock-futures-selection-with-tron-bitf-icg-and-more/,posts,351965,https://coincu.com/c/press-release,https://coincu.com/press-release/,0,no_match_in_raw
https://coincu.com/mexc-boosts-stock-futures-selection-with-tron-bitf-icg-and-more/,posts,351965,https://coincu.com/c/pr/press-release/,https://coincu.com/pr/press-release/,0,no_match_in_raw
https://coincu.com/mexc-launches-cutting-edge-ai-trading-features-to-empower-crypto-traders/,posts,355014,https://coincu.com/c/casino-reviews/,https://coincu.com/casino-reviews/,0,no_match_in_raw
https://coincu.com/mexc-launches-cutting-edge-ai-trading-features-to-empower-crypto-traders/,posts,355014,https://coincu.com/c/press-release,https://coincu.com/press-release/,0,no_match_in_raw
https://coincu.com/mexc-launches-cutting-edge-ai-trading-features-to-empower-crypto-traders/,posts,355014,https://coincu.com/c/pr/press-release/,https://coincu.com/pr/press-release/,0,no_match_in_raw
https://coincu.com/mexc-launches-airdrop-event-with-75000-usdt-prize-pool-to-celebrate-listing-of-camp-network-camp/,posts,357344,https://coincu.com/c/casino-reviews/,https://coincu.com/casino-reviews/,0,no_match_in_raw
https://coincu.com/mexc-launches-airdrop-event-with-75000-usdt-prize-pool-to-celebrate-listing-of-camp-network-camp/,posts,357344,https://coincu.com/c/press-release,https://coincu.com/press-release/,0,no_match_in_raw
https://coincu.com/mexc-launches-airdrop-event-with-75000-usdt-prize-pool-to-celebrate-listing-of-camp-network-camp/,posts,357344,https://coincu.com/c/pr/press-release/,https://coincu.com/pr/press-release/,0,no_match_in_raw
https://coincu.com/mexc-concludes-solana-eco-month-with-over-400-billion-in-trading-volume-and-128000-participants/,posts,357782,https://coincu.com/c/casino-reviews/,https://coincu.com/casino-reviews/,0,no_match_in_raw
https://coincu.com/mexc-concludes-solana-eco-month-with-over-400-billion-in-trading-volume-and-128000-participants/,posts,357782,https://coincu.com/c/press-release,https://coincu.com/press-release/,0,no_match_in_raw
https://coincu.com/mexc-concludes-solana-eco-month-with-over-400-billion-in-trading-volume-and-128000-participants/,posts,357782,https://coincu.com/c/pr/press-release/,https://coincu.com/pr/press-release/,0,no_match_in_raw
https://coincu.com/mexc-reports-12-decline-in-syndicate-fraud-cases-in-q2-2025-blocks-over-70000-fraud-attempts/,posts,351756,https://coincu.com/c/casino-reviews/,https://coincu.com/casino-reviews/,0,no_match_in_raw
https://coincu.com/mexc-reports-12-decline-in-syndicate-fraud-cases-in-q2-2025-blocks-over-70000-fraud-attempts/,posts,351756,https://coincu.com/c/press-release,https://coincu.com/press-release/,0,no_match_in_raw
https://coincu.com/mexc-reports-12-decline-in-syndicate-fraud-cases-in-q2-2025-blocks-over-70000-fraud-attempts/,posts,351756,https://coincu.com/c/pr/press-release/,https://coincu.com/pr/press-release/,0,no_match_in_raw
https://coincu.com/mexc-launches-celebration-event-for-stablr-usd-usdr-listing-with-85000-usdt-prize-pool/,posts,351292,https://coincu.com/c/casino-reviews/,https://coincu.com/casino-reviews/,0,no_match_in_raw
https://coincu.com/mexc-launches-celebration-event-for-stablr-usd-usdr-listing-with-85000-usdt-prize-pool/,posts,351292,https://coincu.com/c/press-release,https://coincu.com/press-release/,0,no_match_in_raw
https://coincu.com/mexc-launches-celebration-event-for-stablr-usd-usdr-listing-with-85000-usdt-prize-pool/,posts,351292,https://coincu.com/c/pr/press-release/,https://coincu.com/pr/press-release/,0,no_match_in_raw
https://coincu.com/bitget-banned-on-apple-iphone-alerts-vanish/,posts,245787,https://coincu.com/c/casino-reviews/,https://coincu.com/casino-reviews/,0,no_match_in_raw
https://coincu.com/bitget-banned-on-apple-iphone-alerts-vanish/,posts,245787,https://coincu.com/c/pr/press-release/,https://coincu.com/pr/press-release/,0,no_match_in_raw
https://coincu.com/bitget-banned-on-apple-iphone-alerts-vanish/,posts,245787,https://coincu.com/c/news,https://coincu.com/news/,0,no_match_in_raw
https://coincu.com/bitget-wallet-token-merger-boosts-bgb-price/,posts,298925,https://coincu.com/c/casino-reviews/,https://coincu.com/casino-reviews/,0,no_match_in_raw
https://coincu.com/bitget-wallet-token-merger-boosts-bgb-price/,posts,298925,https://coincu.com/c/pr/press-release/,https://coincu.com/pr/press-release/,0,no_match_in_raw
https://coincu.com/bitget-wallet-token-merger-boosts-bgb-price/,posts,298925,https://coincu.com/c/news,https://coincu.com/news/,0,no_match_in_raw
https://coincu.com/bitget-employee-bonuses-reach-up-to-38-months/,posts,303893,https://coincu.com/c/casino-reviews/,https://coincu.com/casino-reviews/,0,no_match_in_raw
https://coincu.com/bitget-employee-bonuses-reach-up-to-38-months/,posts,303893,https://coincu.com/c/pr/press-release/,https://coincu.com/pr/press-release/,0,no_match_in_raw
https://coincu.com/bitget-employee-bonuses-reach-up-to-38-months/,posts,303893,https://coincu.com/c/news,https://coincu.com/news/,0,no_match_in_raw
https://coincu.com/bitget-token-burn-updated-whitepaper/,posts,299113,https://coincu.com/c/casino-reviews/,https://coincu.com/casino-reviews/,0,no_match_in_raw
https://coincu.com/bitget-token-burn-updated-whitepaper/,posts,299113,https://coincu.com/c/pr/press-release/,https://coincu.com/pr/press-release/,0,no_match_in_raw
https://coincu.com/bitget-token-burn-updated-whitepaper/,posts,299113,https://coincu.com/c/news,https://coincu.com/news/,0,no_match_in_raw
https://coincu.com/bitget-prepares-for-mica-compliance-with-europe/,posts,296446,https://coincu.com/c/casino-reviews/,https://coincu.com/casino-reviews/,0,no_match_in_raw
https://coincu.com/bitget-prepares-for-mica-compliance-with-europe/,posts,296446,https://coincu.com/c/pr/press-release/,https://coincu.com/pr/press-release/,0,no_match_in_raw
https://coincu.com/bitget-prepares-for-mica-compliance-with-europe/,posts,296446,https://coincu.com/c/news,https://coincu.com/news/,0,no_match_in_raw
https://coincu.com/creditors-oppose-voyager-employees-bonus/,posts,119199,https://coincu.com/c/casino-reviews/,https://coincu.com/casino-reviews/,0,no_match_in_raw
https://coincu.com/creditors-oppose-voyager-employees-bonus/,posts,119199,https://coincu.com/c/pr/press-release/,https://coincu.com/pr/press-release/,0,no_match_in_raw
https://coincu.com/creditors-oppose-voyager-employees-bonus/,posts,119199,https://coincu.com/c/news,https://coincu.com/news/,0,no_match_in_raw
https://coincu.com/bitget-bitcoin-service-license-in-el-salvador/,posts,297200,https://coincu.com/c/casino-reviews/,https://coincu.com/casino-reviews/,0,no_match_in_raw
https://coincu.com/bitget-bitcoin-service-license-in-el-salvador/,posts,297200,https://coincu.com/c/pr/press-release/,https://coincu.com/pr/press-release/,0,no_match_in_raw
https://coincu.com/bitget-bitcoin-service-license-in-el-salvador/,posts,297200,https://coincu.com/c/news,https://coincu.com/news/,0,no_match_in_raw
https://coincu.com/binances-1001-mkr-transfer-incurs-40000-loss/,posts,223890,https://coincu.com/c/casino-reviews/,https://coincu.com/casino-reviews/,0,no_match_in_raw
https://coincu.com/binances-1001-mkr-transfer-incurs-40000-loss/,posts,223890,https://coincu.com/c/pr/press-release/,https://coincu.com/pr/press-release/,0,no_match_in_raw
https://coincu.com/binances-1001-mkr-transfer-incurs-40000-loss/,posts,223890,https://coincu.com/c/news,https://coincu.com/news/,0,no_match_in_raw
https://coincu.com/sec-chairman-accused-of-deception-regarding-eth/,posts,257268,https://coincu.com/c/casino-reviews/,https://coincu.com/casino-reviews/,0,no_match_in_raw
https://coincu.com/sec-chairman-accused-of-deception-regarding-eth/,posts,257268,https://coincu.com/c/pr/press-release/,https://coincu.com/pr/press-release/,0,no_match_in_raw
https://coincu.com/sec-chairman-accused-of-deception-regarding-eth/,posts,257268,https://coincu.com/c/knowledge,https://coincu.com/knowledge/,2,replaced
https://coincu.com/sec-chairman-accused-of-deception-regarding-eth/,posts,257268,https://coincu.com/c/news,https://coincu.com/news/,0,no_match_in_raw
https://coincu.com/dai-pool-surpasses-400m-as-makerdaos-dai-8/,posts,208640,https://coincu.com/c/casino-reviews/,https://coincu.com/casino-reviews/,0,no_match_in_raw
https://coincu.com/dai-pool-surpasses-400m-as-makerdaos-dai-8/,posts,208640,https://coincu.com/c/pr/press-release/,https://coincu.com/pr/press-release/,0,no_match_in_raw
https://coincu.com/dai-pool-surpasses-400m-as-makerdaos-dai-8/,posts,208640,https://coincu.com/c/news,https://coincu.com/news/,0,no_match_in_raw
https://coincu.com/circle-launches-native-usdc-available-on-zksync/,posts,254369,https://coincu.com/c/casino-reviews/,https://coincu.com/casino-reviews/,0,no_match_in_raw
https://coincu.com/circle-launches-native-usdc-available-on-zksync/,posts,254369,https://coincu.com/c/pr/press-release/,https://coincu.com/pr/press-release/,0,no_match_in_raw
https://coincu.com/circle-launches-native-usdc-available-on-zksync/,posts,254369,https://coincu.com/c/news,https://coincu.com/news/,0,no_match_in_raw
https://coincu.com/celsius-can-convert-all-altcoins-to-btc-eth/,posts,199297,https://coincu.com/c/casino-reviews/,https://coincu.com/casino-reviews/,0,no_match_in_raw
https://coincu.com/celsius-can-convert-all-altcoins-to-btc-eth/,posts,199297,https://coincu.com/c/pr/press-release/,https://coincu.com/pr/press-release/,0,no_match_in_raw
https://coincu.com/celsius-can-convert-all-altcoins-to-btc-eth/,posts,199297,https://coincu.com/c/news,https://coincu.com/news/,0,no_match_in_raw
https://coincu.com/inter-bvb-signed-blockdag-deal-premier-league/,posts,281317,https://coincu.com/c/casino-reviews/,https://coincu.com/casino-reviews/,0,no_match_in_raw
https://coincu.com/inter-bvb-signed-blockdag-deal-premier-league/,posts,281317,https://coincu.com/c/press-release,https://coincu.com/press-release/,0,no_match_in_raw
https://coincu.com/inter-bvb-signed-blockdag-deal-premier-league/,posts,281317,https://coincu.com/c/pr/press-release/,https://coincu.com/pr/press-release/,0,no_match_in_raw
https://coincu.com/vitalik-returns-251000-rai-on-maker/,posts,212109,https://coincu.com/c/casino-reviews/,https://coincu.com/casino-reviews/,0,no_match_in_raw
https://coincu.com/vitalik-returns-251000-rai-on-maker/,posts,212109,https://coincu.com/c/pr/press-release/,https://coincu.com/pr/press-release/,0,no_match_in_raw
https://coincu.com/vitalik-returns-251000-rai-on-maker/,posts,212109,https://coincu.com/c/news,https://coincu.com/news/,0,no_match_in_raw
https://coincu.com/balancer-frontend-attack-security-fund-losses/,posts,218934,https://coincu.com/c/casino-reviews/,https://coincu.com/casino-reviews/,0,no_match_in_raw
https://coincu.com/balancer-frontend-attack-security-fund-losses/,posts,218934,https://coincu.com/c/pr/press-release/,https://coincu.com/pr/press-release/,0,no_match_in_raw
https://coincu.com/balancer-frontend-attack-security-fund-losses/,posts,218934,https://coincu.com/c/scam-alert,https://coincu.com/scam-alert/,0,no_match_in_raw
https://coincu.com/tether-market-cap-reached-91-billion/,posts,239890,https://coincu.com/c/casino-reviews/,https://coincu.com/casino-reviews/,0,no_match_in_raw
https://coincu.com/tether-market-cap-reached-91-billion/,posts,239890,https://coincu.com/c/pr/press-release/,https://coincu.com/pr/press-release/,0,no_match_in_raw
https://coincu.com/tether-market-cap-reached-91-billion/,posts,239890,https://coincu.com/c/news,https://coincu.com/news/,0,no_match_in_raw
https://coincu.com/tethers-usdt-show-signs-of-losing-pegs/,posts,208870,https://coincu.com/c/casino-reviews/,https://coincu.com/casino-reviews/,0,no_match_in_raw
https://coincu.com/tethers-usdt-show-signs-of-losing-pegs/,posts,208870,https://coincu.com/c/pr/press-release/,https://coincu.com/pr/press-release/,0,no_match_in_raw
https://coincu.com/tethers-usdt-show-signs-of-losing-pegs/,posts,208870,https://coincu.com/c/news,https://coincu.com/news/,0,no_match_in_raw
https://coincu.com/paxos-usdl-stablecoin-offering-5-apy-launched/,posts,262720,https://coincu.com/c/casino-reviews/,https://coincu.com/casino-reviews/,0,no_match_in_raw
https://coincu.com/paxos-usdl-stablecoin-offering-5-apy-launched/,posts,262720,https://coincu.com/c/pr/press-release/,https://coincu.com/pr/press-release/,0,no_match_in_raw
https://coincu.com/paxos-usdl-stablecoin-offering-5-apy-launched/,posts,262720,https://coincu.com/c/news,https://coincu.com/news/,0,no_match_in_raw
https://coincu.com/synthetix-review-defi-platform/,posts,176376,https://coincu.com/c/casino-reviews/,https://coincu.com/casino-reviews/,0,no_match_in_raw
https://coincu.com/synthetix-review-defi-platform/,posts,176376,https://coincu.com/c/pr/press-release/,https://coincu.com/pr/press-release/,0,no_match_in_raw
https://coincu.com/synthetix-review-defi-platform/,posts,176376,https://coincu.com/c/defi-reviews,https://coincu.com/defi-reviews/,0,no_match_in_raw
https://coincu.com/synthetix-snx-and-optimism-op-slow-growth-as-sparklo-sprk-becomes-a-must-have-crypto/,posts,185732,https://coincu.com/c/casino-reviews/,https://coincu.com/casino-reviews/,0,no_match_in_raw
https://coincu.com/synthetix-snx-and-optimism-op-slow-growth-as-sparklo-sprk-becomes-a-must-have-crypto/,posts,185732,https://coincu.com/c/press-release,https://coincu.com/press-release/,0,no_match_in_raw
https://coincu.com/synthetix-snx-and-optimism-op-slow-growth-as-sparklo-sprk-becomes-a-must-have-crypto/,posts,185732,https://coincu.com/c/pr/press-release/,https://coincu.com/pr/press-release/,0,no_match_in_raw
https://coincu.com/will-ethereum-have-a-chance/,posts,171025,https://coincu.com/c/casino-reviews/,https://coincu.com/casino-reviews/,0,no_match_in_raw
https://coincu.com/will-ethereum-have-a-chance/,posts,171025,https://coincu.com/c/pr/press-release/,https://coincu.com/pr/press-release/,0,no_match_in_raw
https://coincu.com/will-ethereum-have-a-chance/,posts,171025,https://coincu.com/c/knowledge,https://coincu.com/knowledge/,0,no_match_in_raw
https://coincu.com/stablecoins-support-us-dollar/,posts,344195,https://coincu.com/c/casino-reviews/,https://coincu.com/casino-reviews/,0,no_match_in_raw
https://coincu.com/stablecoins-support-us-dollar/,posts,344195,https://coincu.com/c/pr/press-release/,https://coincu.com/pr/press-release/,0,no_match_in_raw
https://coincu.com/stablecoins-support-us-dollar/,posts,344195,https://coincu.com/c/news,https://coincu.com/news/,0,no_match_in_raw
https://coincu.com/paxoss-applicationk-expired/,posts,179433,https://coincu.com/c/casino-reviews/,https://coincu.com/casino-reviews/,0,no_match_in_raw
https://coincu.com/paxoss-applicationk-expired/,posts,179433,https://coincu.com/c/pr/press-release/,https://coincu.com/pr/press-release/,0,no_match_in_raw
https://coincu.com/paxoss-applicationk-expired/,posts,179433,https://coincu.com/c/news,https://coincu.com/news/,0,no_match_in_raw
https://coincu.com/pat-toomey-introduces-stablecoin-bill/,posts,154349,https://coincu.com/c/casino-reviews/,https://coincu.com/casino-reviews/,0,no_match_in_raw
https://coincu.com/pat-toomey-introduces-stablecoin-bill/,posts,154349,https://coincu.com/c/pr/press-release/,https://coincu.com/pr/press-release/,0,no_match_in_raw
https://coincu.com/pat-toomey-introduces-stablecoin-bill/,posts,154349,https://coincu.com/c/news,https://coincu.com/news/,0,no_match_in_raw
https://coincu.com/genius-act-tether-market-impact/,posts,345150,https://coincu.com/c/casino-reviews/,https://coincu.com/casino-reviews/,0,no_match_in_raw
https://coincu.com/genius-act-tether-market-impact/,posts,345150,https://coincu.com/c/pr/press-release/,https://coincu.com/pr/press-release/,0,no_match_in_raw
https://coincu.com/genius-act-tether-market-impact/,posts,345150,https://coincu.com/c/news,https://coincu.com/news/,0,no_match_in_raw
https://coincu.com/circle-delays-ipo-usdc/,posts,330476,https://coincu.com/c/casino-reviews/,https://coincu.com/casino-reviews/,0,no_match_in_raw
https://coincu.com/circle-delays-ipo-usdc/,posts,330476,https://coincu.com/c/pr/press-release/,https://coincu.com/pr/press-release/,0,no_match_in_raw
https://coincu.com/circle-delays-ipo-usdc/,posts,330476,https://coincu.com/c/news,https://coincu.com/news/,0,no_match_in_raw
https://coincu.com/circle-ipo-transparency-governance/,posts,342019,https://coincu.com/c/casino-reviews/,https://coincu.com/casino-reviews/,0,no_match_in_raw
https://coincu.com/circle-ipo-transparency-governance/,posts,342019,https://coincu.com/c/pr/press-release/,https://coincu.com/pr/press-release/,0,no_match_in_raw
https://coincu.com/circle-ipo-transparency-governance/,posts,342019,https://coincu.com/c/news,https://coincu.com/news/,0,no_match_in_raw
https://coincu.com/bessent-backs-blockchain-eyes-2t-stablecoin/,posts,342858,https://coincu.com/c/casino-reviews/,https://coincu.com/casino-reviews/,0,no_match_in_raw
https://coincu.com/bessent-backs-blockchain-eyes-2t-stablecoin/,posts,342858,https://coincu.com/c/pr/press-release/,https://coincu.com/pr/press-release/,0,no_match_in_raw
https://coincu.com/bessent-backs-blockchain-eyes-2t-stablecoin/,posts,342858,https://coincu.com/c/crypto-regulation,https://coincu.com/crypto-regulation/,0,no_match_in_raw
https://coincu.com/polymarket-predicts-89-chance-of-genius-act/,posts,344423,https://coincu.com/c/casino-reviews/,https://coincu.com/casino-reviews/,0,no_match_in_raw
https://coincu.com/polymarket-predicts-89-chance-of-genius-act/,posts,344423,https://coincu.com/c/pr/press-release/,https://coincu.com/pr/press-release/,0,no_match_in_raw
https://coincu.com/polymarket-predicts-89-chance-of-genius-act/,posts,344423,https://coincu.com/c/blockchain,https://coincu.com/blockchain/,0,no_match_in_raw
https://coincu.com/binance-records-2b-stablecoin-inflows/,posts,362581,https://coincu.com/c/casino-reviews/,https://coincu.com/casino-reviews/,0,no_match_in_raw
https://coincu.com/binance-records-2b-stablecoin-inflows/,posts,362581,https://coincu.com/c/pr/press-release/,https://coincu.com/pr/press-release/,0,no_match_in_raw
https://coincu.com/binance-records-2b-stablecoin-inflows/,posts,362581,https://coincu.com/c/bitcoin,https://coincu.com/bitcoin/,0,no_match_in_raw
https://coincu.com/ripple-president-declares-u-s-crypto-regulation-a-game-changer-at-xrpl-apex-event/,posts,342692,https://coincu.com/c/casino-reviews/,https://coincu.com/casino-reviews/,0,no_match_in_raw
https://coincu.com/ripple-president-declares-u-s-crypto-regulation-a-game-changer-at-xrpl-apex-event/,posts,342692,https://coincu.com/c/pr/press-release/,https://coincu.com/pr/press-release/,0,no_match_in_raw
https://coincu.com/ripple-president-declares-u-s-crypto-regulation-a-game-changer-at-xrpl-apex-event/,posts,342692,https://coincu.com/c/news,https://coincu.com/news/,0,no_match_in_raw
https://coincu.com/rlusd-skyrockets-to-top-3-on-bitstamp-exec-reveals/,posts,342895,https://coincu.com/c/casino-reviews/,https://coincu.com/casino-reviews/,0,no_match_in_raw
https://coincu.com/rlusd-skyrockets-to-top-3-on-bitstamp-exec-reveals/,posts,342895,https://coincu.com/c/pr/press-release/,https://coincu.com/pr/press-release/,0,no_match_in_raw
https://coincu.com/rlusd-skyrockets-to-top-3-on-bitstamp-exec-reveals/,posts,342895,https://coincu.com/c/news,https://coincu.com/news/,0,no_match_in_raw
https://coincu.com/quicknode-now-adds-support-for-xrp-ledger/,posts,199304,https://coincu.com/c/casino-reviews/,https://coincu.com/casino-reviews/,0,no_match_in_raw
https://coincu.com/quicknode-now-adds-support-for-xrp-ledger/,posts,199304,https://coincu.com/c/pr/press-release/,https://coincu.com/pr/press-release/,0,no_match_in_raw
https://coincu.com/quicknode-now-adds-support-for-xrp-ledger/,posts,199304,https://coincu.com/c/blockchain,https://coincu.com/blockchain/,0,no_match_in_raw
https://coincu.com/xrp-shows-resilience-targeting-5-5/,posts,376649,https://coincu.com/c/casino-reviews/,https://coincu.com/casino-reviews/,0,no_match_in_raw
https://coincu.com/xrp-shows-resilience-targeting-5-5/,posts,376649,https://coincu.com/c/pr/press-release/,https://coincu.com/pr/press-release/,0,no_match_in_raw
https://coincu.com/xrp-shows-resilience-targeting-5-5/,posts,376649,https://coincu.com/c/analysis,https://coincu.com/analysis/,0,no_match_in_raw
https://coincu.com/pongo-the-xrp-trench-warrior-accelerates-xrpl-adoption-with-mexc-listing/,posts,301438,https://coincu.com/c/casino-reviews/,https://coincu.com/casino-reviews/,0,no_match_in_raw
https://coincu.com/pongo-the-xrp-trench-warrior-accelerates-xrpl-adoption-with-mexc-listing/,posts,301438,https://coincu.com/c/press-release,https://coincu.com/press-release/,0,no_match_in_raw
https://coincu.com/pongo-the-xrp-trench-warrior-accelerates-xrpl-adoption-with-mexc-listing/,posts,301438,https://coincu.com/c/pr/press-release/,https://coincu.com/pr/press-release/,0,no_match_in_raw
https://coincu.com/ousg-goes-live-on-xrp-ledger-xrpl/,posts,342637,https://coincu.com/c/casino-reviews/,https://coincu.com/casino-reviews/,0,no_match_in_raw
https://coincu.com/ousg-goes-live-on-xrp-ledger-xrpl/,posts,342637,https://coincu.com/c/pr/press-release/,https://coincu.com/pr/press-release/,0,no_match_in_raw
https://coincu.com/ousg-goes-live-on-xrp-ledger-xrpl/,posts,342637,https://coincu.com/c/blockchain,https://coincu.com/blockchain/,0,no_match_in_raw
https://coincu.com/the-proposed-new-xrp-ledger-amendment/,posts,162194,https://coincu.com/c/casino-reviews/,https://coincu.com/casino-reviews/,0,no_match_in_raw
https://coincu.com/the-proposed-new-xrp-ledger-amendment/,posts,162194,https://coincu.com/c/pr/press-release/,https://coincu.com/pr/press-release/,0,no_match_in_raw
https://coincu.com/the-proposed-new-xrp-ledger-amendment/,posts,162194,https://coincu.com/c/blockchain,https://coincu.com/blockchain/,0,no_match_in_raw
https://coincu.com/base-l2-unveils-flashblocks-appchains/,posts,324739,https://coincu.com/c/casino-reviews/,https://coincu.com/casino-reviews/,0,no_match_in_raw
https://coincu.com/base-l2-unveils-flashblocks-appchains/,posts,324739,https://coincu.com/c/pr/press-release/,https://coincu.com/pr/press-release/,0,no_match_in_raw
https://coincu.com/base-l2-unveils-flashblocks-appchains/,posts,324739,https://coincu.com/c/news,https://coincu.com/news/,0,no_match_in_raw
https://coincu.com/circle-now-supports-cctp-for-arbitrum/,posts,198229,https://coincu.com/c/casino-reviews/,https://coincu.com/casino-reviews/,0,no_match_in_raw
https://coincu.com/circle-now-supports-cctp-for-arbitrum/,posts,198229,https://coincu.com/c/pr/press-release/,https://coincu.com/pr/press-release/,0,no_match_in_raw
https://coincu.com/circle-now-supports-cctp-for-arbitrum/,posts,198229,https://coincu.com/c/blockchain,https://coincu.com/blockchain/,0,no_match_in_raw
https://coincu.com/circle-launch-cross-chain-transfer-protocol/,posts,161762,https://coincu.com/c/casino-reviews/,https://coincu.com/casino-reviews/,0,no_match_in_raw
https://coincu.com/circle-launch-cross-chain-transfer-protocol/,posts,161762,https://coincu.com/c/pr/press-release/,https://coincu.com/pr/press-release/,0,no_match_in_raw
https://coincu.com/circle-launch-cross-chain-transfer-protocol/,posts,161762,https://coincu.com/c/news,https://coincu.com/news/,0,no_match_in_raw
https://coincu.com/circle-ceo-vigilant-as-hong-kong-regulators/,posts,197987,https://coincu.com/c/casino-reviews/,https://coincu.com/casino-reviews/,0,no_match_in_raw
https://coincu.com/circle-ceo-vigilant-as-hong-kong-regulators/,posts,197987,https://coincu.com/c/pr/press-release/,https://coincu.com/pr/press-release/,0,no_match_in_raw
https://coincu.com/circle-ceo-vigilant-as-hong-kong-regulators/,posts,197987,https://coincu.com/c/news,https://coincu.com/news/,0,no_match_in_raw
https://coincu.com/circle-ceo-calls-for-us-stablecoin-law-to-regulate-issuers/,posts,324323,https://coincu.com/c/casino-reviews/,https://coincu.com/casino-reviews/,0,no_match_in_raw
https://coincu.com/circle-ceo-calls-for-us-stablecoin-law-to-regulate-issuers/,posts,324323,https://coincu.com/c/markets,https://coincu.com/markets/,0,no_match_in_raw
https://coincu.com/circle-ceo-calls-for-us-stablecoin-law-to-regulate-issuers/,posts,324323,https://coincu.com/c/pr/press-release/,https://coincu.com/pr/press-release/,0,no_match_in_raw
https://coincu.com/circle-ceo-urges-china-embrace-yuan-stablecoins/,posts,201586,https://coincu.com/c/casino-reviews/,https://coincu.com/casino-reviews/,0,no_match_in_raw
https://coincu.com/circle-ceo-urges-china-embrace-yuan-stablecoins/,posts,201586,https://coincu.com/c/pr/press-release/,https://coincu.com/pr/press-release/,0,no_match_in_raw
https://coincu.com/circle-ceo-urges-china-embrace-yuan-stablecoins/,posts,201586,https://coincu.com/c/news,https://coincu.com/news/,0,no_match_in_raw
https://coincu.com/top-coins-experience-price-movements-30/,posts,195284,https://coincu.com/c/casino-reviews/,https://coincu.com/casino-reviews/,0,no_match_in_raw
https://coincu.com/top-coins-experience-price-movements-30/,posts,195284,https://coincu.com/c/pr/press-release/,https://coincu.com/pr/press-release/,0,no_match_in_raw
https://coincu.com/top-coins-experience-price-movements-30/,posts,195284,https://coincu.com/c/uncategorized,https://coincu.com/uncategorized/,0,no_match_in_raw
https://coincu.com/hong-kongs-crypto-exchanges-grapple/,posts,214242,https://coincu.com/c/casino-reviews/,https://coincu.com/casino-reviews/,0,no_match_in_raw
https://coincu.com/hong-kongs-crypto-exchanges-grapple/,posts,214242,https://coincu.com/c/pr/press-release/,https://coincu.com/pr/press-release/,0,no_match_in_raw
https://coincu.com/hong-kongs-crypto-exchanges-grapple/,posts,214242,https://coincu.com/c/news,https://coincu.com/news/,0,no_match_in_raw
https://coincu.com/russian-crypto-exchanges-starting-testing/,posts,280011,https://coincu.com/c/casino-reviews/,https://coincu.com/casino-reviews/,0,no_match_in_raw
https://coincu.com/russian-crypto-exchanges-starting-testing/,posts,280011,https://coincu.com/c/pr/press-release/,https://coincu.com/pr/press-release/,0,no_match_in_raw
https://coincu.com/russian-crypto-exchanges-starting-testing/,posts,280011,https://coincu.com/c/news,https://coincu.com/news/,0,no_match_in_raw
https://coincu.com/moonpay-secures-license-in-liechtenstein/,posts,216865,https://coincu.com/c/casino-reviews/,https://coincu.com/casino-reviews/,0,no_match_in_raw
https://coincu.com/moonpay-secures-license-in-liechtenstein/,posts,216865,https://coincu.com/c/pr/press-release/,https://coincu.com/pr/press-release/,0,no_match_in_raw
https://coincu.com/moonpay-secures-license-in-liechtenstein/,posts,216865,https://coincu.com/c/news,https://coincu.com/news/,0,no_match_in_raw
https://coincu.com/stolen-113-eth-coinex-arb-ethereum/,posts,217643,https://coincu.com/c/casino-reviews/,https://coincu.com/casino-reviews/,0,no_match_in_raw
https://coincu.com/stolen-113-eth-coinex-arb-ethereum/,posts,217643,https://coincu.com/c/pr/press-release/,https://coincu.com/pr/press-release/,0,no_match_in_raw
https://coincu.com/stolen-113-eth-coinex-arb-ethereum/,posts,217643,https://coincu.com/c/news,https://coincu.com/news/,0,no_match_in_raw
https://coincu.com/korean-requests-12-banks/,posts,196422,https://coincu.com/c/casino-reviews/,https://coincu.com/casino-reviews/,0,no_match_in_raw
https://coincu.com/korean-requests-12-banks/,posts,196422,https://coincu.com/c/pr/press-release/,https://coincu.com/pr/press-release/,0,no_match_in_raw
https://coincu.com/korean-requests-12-banks/,posts,196422,https://coincu.com/c/news,https://coincu.com/news/,0,no_match_in_raw
https://coincu.com/huobi-korea-now-plans-cut-ties-huobi-global/,posts,159026,https://coincu.com/c/casino-reviews/,https://coincu.com/casino-reviews/,0,no_match_in_raw
https://coincu.com/huobi-korea-now-plans-cut-ties-huobi-global/,posts,159026,https://coincu.com/c/pr/press-release/,https://coincu.com/pr/press-release/,0,no_match_in_raw
https://coincu.com/huobi-korea-now-plans-cut-ties-huobi-global/,posts,159026,https://coincu.com/c/news,https://coincu.com/news/,0,no_match_in_raw
https://coincu.com/coinex-review/,posts,168324,https://coincu.com/c/casino-reviews/,https://coincu.com/casino-reviews/,0,no_match_in_raw
https://coincu.com/coinex-review/,posts,168324,https://coincu.com/c/pr/press-release/,https://coincu.com/pr/press-release/,0,no_match_in_raw
https://coincu.com/coinex-review/,posts,168324,https://coincu.com/c/exchange-reviews,https://coincu.com/exchange-reviews/,0,no_match_in_raw
https://coincu.com/koreas-exchanges-enhance-compliance-measures/,posts,206657,https://coincu.com/c/casino-reviews/,https://coincu.com/casino-reviews/,0,no_match_in_raw
https://coincu.com/koreas-exchanges-enhance-compliance-measures/,posts,206657,https://coincu.com/c/pr/press-release/,https://coincu.com/pr/press-release/,0,no_match_in_raw
https://coincu.com/koreas-exchanges-enhance-compliance-measures/,posts,206657,https://coincu.com/c/news,https://coincu.com/news/,0,no_match_in_raw
https://coincu.com/south-korea-crypto-user-growth-trend/,posts,329566,https://coincu.com/c/casino-reviews/,https://coincu.com/casino-reviews/,0,no_match_in_raw
https://coincu.com/south-korea-crypto-user-growth-trend/,posts,329566,https://coincu.com/c/markets,https://coincu.com/markets/,0,no_match_in_raw
https://coincu.com/south-korea-crypto-user-growth-trend/,posts,329566,https://coincu.com/c/pr/press-release/,https://coincu.com/pr/press-release/,0,no_match_in_raw
https://coincu.com/hong-kong-government-drives-virtual-asset-growth/,posts,261310,https://coincu.com/c/casino-reviews/,https://coincu.com/casino-reviews/,0,no_match_in_raw
https://coincu.com/hong-kong-government-drives-virtual-asset-growth/,posts,261310,https://coincu.com/c/pr/press-release/,https://coincu.com/pr/press-release/,0,no_match_in_raw
https://coincu.com/hong-kong-government-drives-virtual-asset-growth/,posts,261310,https://coincu.com/c/news,https://coincu.com/news/,0,no_match_in_raw
https://coincu.com/kimchi-premium-crackdown/,posts,205652,https://coincu.com/c/casino-reviews/,https://coincu.com/casino-reviews/,0,no_match_in_raw
https://coincu.com/kimchi-premium-crackdown/,posts,205652,https://coincu.com/c/pr/press-release/,https://coincu.com/pr/press-release/,0,no_match_in_raw
https://coincu.com/kimchi-premium-crackdown/,posts,205652,https://coincu.com/c/news,https://coincu.com/news/,0,no_match_in_raw
https://coincu.com/paraspace-temporarily-suspend-azukis-pool/,posts,199951,https://coincu.com/c/casino-reviews/,https://coincu.com/casino-reviews/,0,no_match_in_raw
https://coincu.com/paraspace-temporarily-suspend-azukis-pool/,posts,199951,https://coincu.com/c/pr/press-release/,https://coincu.com/pr/press-release/,0,no_match_in_raw
https://coincu.com/paraspace-temporarily-suspend-azukis-pool/,posts,199951,https://coincu.com/c/news,https://coincu.com/news/,0,no_match_in_raw
https://coincu.com/opensea-error-all-azuki-nft-orders-canceled/,posts,129589,https://coincu.com/c/casino-reviews/,https://coincu.com/casino-reviews/,0,no_match_in_raw
https://coincu.com/opensea-error-all-azuki-nft-orders-canceled/,posts,129589,https://coincu.com/c/pr/press-release/,https://coincu.com/pr/press-release/,0,no_match_in_raw
https://coincu.com/opensea-error-all-azuki-nft-orders-canceled/,posts,129589,https://coincu.com/c/nfts-news,https://coincu.com/nfts-news/,0,no_match_in_raw
https://coincu.com/wallet-drainer-on-google-search-and-x-ads/,posts,239062,https://coincu.com/c/casino-reviews/,https://coincu.com/casino-reviews/,0,no_match_in_raw
https://coincu.com/wallet-drainer-on-google-search-and-x-ads/,posts,239062,https://coincu.com/c/pr/press-release/,https://coincu.com/pr/press-release/,0,no_match_in_raw
https://coincu.com/wallet-drainer-on-google-search-and-x-ads/,posts,239062,https://coincu.com/c/scam-alert,https://coincu.com/scam-alert/,0,no_match_in_raw
https://coincu.com/compound-security-breach-has-now-been-fixed/,posts,267946,https://coincu.com/c/casino-reviews/,https://coincu.com/casino-reviews/,0,no_match_in_raw
https://coincu.com/compound-security-breach-has-now-been-fixed/,posts,267946,https://coincu.com/c/pr/press-release/,https://coincu.com/pr/press-release/,0,no_match_in_raw
https://coincu.com/compound-security-breach-has-now-been-fixed/,posts,267946,https://coincu.com/c/news,https://coincu.com/news/,0,no_match_in_raw
https://coincu.com/gmx-whale-wallet-phishing-attack/,posts,158087,https://coincu.com/c/casino-reviews/,https://coincu.com/casino-reviews/,0,no_match_in_raw
https://coincu.com/gmx-whale-wallet-phishing-attack/,posts,158087,https://coincu.com/c/pr/press-release/,https://coincu.com/pr/press-release/,0,no_match_in_raw
https://coincu.com/gmx-whale-wallet-phishing-attack/,posts,158087,https://coincu.com/c/scam-alert,https://coincu.com/scam-alert/,0,no_match_in_raw
https://coincu.com/celer-network-attack-is-causing-defi-chaos/,posts,267827,https://coincu.com/c/casino-reviews/,https://coincu.com/casino-reviews/,0,no_match_in_raw
https://coincu.com/celer-network-attack-is-causing-defi-chaos/,posts,267827,https://coincu.com/c/pr/press-release/,https://coincu.com/pr/press-release/,0,no_match_in_raw
https://coincu.com/celer-network-attack-is-causing-defi-chaos/,posts,267827,https://coincu.com/c/news,https://coincu.com/news/,0,no_match_in_raw
https://coincu.com/what-is-the-financial-crimes-enforcement-network-fincen/,posts,229975,https://coincu.com/c/casino-reviews/,https://coincu.com/casino-reviews/,0,no_match_in_raw
https://coincu.com/what-is-the-financial-crimes-enforcement-network-fincen/,posts,229975,https://coincu.com/c/pr/press-release/,https://coincu.com/pr/press-release/,0,no_match_in_raw
https://coincu.com/what-is-the-financial-crimes-enforcement-network-fincen/,posts,229975,https://coincu.com/c/glossary,https://coincu.com/glossary/,0,no_match_in_raw
https://coincu.com/kenyan-treasury-expects-to-legalize-crypto/,posts,301659,https://coincu.com/c/casino-reviews/,https://coincu.com/casino-reviews/,0,no_match_in_raw
https://coincu.com/kenyan-treasury-expects-to-legalize-crypto/,posts,301659,https://coincu.com/c/pr/press-release/,https://coincu.com/pr/press-release/,0,no_match_in_raw
https://coincu.com/kenyan-treasury-expects-to-legalize-crypto/,posts,301659,https://coincu.com/c/news,https://coincu.com/news/,0,no_match_in_raw
https://coincu.com/fatf-report-says-qatar-not-banning-crypto/,posts,191509,https://coincu.com/c/casino-reviews/,https://coincu.com/casino-reviews/,0,no_match_in_raw
https://coincu.com/fatf-report-says-qatar-not-banning-crypto/,posts,191509,https://coincu.com/c/pr/press-release/,https://coincu.com/pr/press-release/,0,no_match_in_raw
https://coincu.com/fatf-report-says-qatar-not-banning-crypto/,posts,191509,https://coincu.com/c/news,https://coincu.com/news/,0,no_match_in_raw
https://coincu.com/uk-crypto-industry-embraces/,posts,215125,https://coincu.com/c/casino-reviews/,https://coincu.com/casino-reviews/,0,no_match_in_raw
https://coincu.com/uk-crypto-industry-embraces/,posts,215125,https://coincu.com/c/pr/press-release/,https://coincu.com/pr/press-release/,0,no_match_in_raw
https://coincu.com/uk-crypto-industry-embraces/,posts,215125,https://coincu.com/c/news,https://coincu.com/news/,0,no_match_in_raw
https://coincu.com/the-man-behind-the-sec-x-hack/,posts,287784,https://coincu.com/c/casino-reviews/,https://coincu.com/casino-reviews/,0,no_match_in_raw
https://coincu.com/the-man-behind-the-sec-x-hack/,posts,287784,https://coincu.com/c/pr/press-release/,https://coincu.com/pr/press-release/,0,no_match_in_raw
https://coincu.com/the-man-behind-the-sec-x-hack/,posts,287784,https://coincu.com/c/news,https://coincu.com/news/,0,no_match_in_raw
https://coincu.com/qatar-fails-to-crack-down-on-crypto-despite/,posts,191836,https://coincu.com/c/casino-reviews/,https://coincu.com/casino-reviews/,0,no_match_in_raw
https://coincu.com/qatar-fails-to-crack-down-on-crypto-despite/,posts,191836,https://coincu.com/c/pr/press-release/,https://coincu.com/pr/press-release/,0,no_match_in_raw
https://coincu.com/qatar-fails-to-crack-down-on-crypto-despite/,posts,191836,https://coincu.com/c/news,https://coincu.com/news/,0,no_match_in_raw
https://coincu.com/fbi-nexfundai-token-accused-violating-contract/,posts,286504,https://coincu.com/c/casino-reviews/,https://coincu.com/casino-reviews/,0,no_match_in_raw
https://coincu.com/fbi-nexfundai-token-accused-violating-contract/,posts,286504,https://coincu.com/c/pr/press-release/,https://coincu.com/pr/press-release/,0,no_match_in_raw
https://coincu.com/fbi-nexfundai-token-accused-violating-contract/,posts,286504,https://coincu.com/c/news,https://coincu.com/news/,0,no_match_in_raw
https://coincu.com/crypto-fraud-escape-scammer-flees-nyc-on-5m-bond/,posts,286939,https://coincu.com/c/casino-reviews/,https://coincu.com/casino-reviews/,0,no_match_in_raw
https://coincu.com/crypto-fraud-escape-scammer-flees-nyc-on-5m-bond/,posts,286939,https://coincu.com/c/pr/press-release/,https://coincu.com/pr/press-release/,0,no_match_in_raw
https://coincu.com/crypto-fraud-escape-scammer-flees-nyc-on-5m-bond/,posts,286939,https://coincu.com/c/news,https://coincu.com/news/,0,no_match_in_raw
https://coincu.com/tether-law-enforcement-support-boosted/,posts,279711,https://coincu.com/c/casino-reviews/,https://coincu.com/casino-reviews/,0,no_match_in_raw
https://coincu.com/tether-law-enforcement-support-boosted/,posts,279711,https://coincu.com/c/pr/press-release/,https://coincu.com/pr/press-release/,0,no_match_in_raw
https://coincu.com/tether-law-enforcement-support-boosted/,posts,279711,https://coincu.com/c/news,https://coincu.com/news/,0,no_match_in_raw
https://coincu.com/binance-xterio-airdrop-alpha/,posts,338542,https://coincu.com/c/casino-reviews/,https://coincu.com/casino-reviews/,0,no_match_in_raw
https://coincu.com/binance-xterio-airdrop-alpha/,posts,338542,https://coincu.com/c/pr/press-release/,https://coincu.com/pr/press-release/,0,no_match_in_raw
https://coincu.com/binance-xterio-airdrop-alpha/,posts,338542,https://coincu.com/c/airdrop,https://coincu.com/airdrop/,0,no_match_in_raw
https://coincu.com/binance-sophon-listing-futures-trading/,posts,339422,https://coincu.com/c/casino-reviews/,https://coincu.com/casino-reviews/,0,no_match_in_raw
https://coincu.com/binance-sophon-listing-futures-trading/,posts,339422,https://coincu.com/c/pr/press-release/,https://coincu.com/pr/press-release/,0,no_match_in_raw
https://coincu.com/binance-sophon-listing-futures-trading/,posts,339422,https://coincu.com/c/news,https://coincu.com/news/,0,no_match_in_raw
https://coincu.com/bitcoin-market-cap-surpasses-amazon-2/,posts,336842,https://coincu.com/c/casino-reviews/,https://coincu.com/casino-reviews/,0,no_match_in_raw
https://coincu.com/bitcoin-market-cap-surpasses-amazon-2/,posts,336842,https://coincu.com/c/pr/press-release/,https://coincu.com/pr/press-release/,0,no_match_in_raw
https://coincu.com/bitcoin-market-cap-surpasses-amazon-2/,posts,336842,https://coincu.com/c/bitcoin,https://coincu.com/bitcoin/,0,no_match_in_raw
https://coincu.com/binance-alpha-announced-10-hot-projects/,posts,297622,https://coincu.com/c/casino-reviews/,https://coincu.com/casino-reviews/,0,no_match_in_raw
https://coincu.com/binance-alpha-announced-10-hot-projects/,posts,297622,https://coincu.com/c/pr/press-release/,https://coincu.com/pr/press-release/,0,no_match_in_raw
https://coincu.com/binance-alpha-announced-10-hot-projects/,posts,297622,https://coincu.com/c/news,https://coincu.com/news/,0,no_match_in_raw
https://coincu.com/metaplanet-bitcoin-holdings-2025/,posts,337448,https://coincu.com/c/casino-reviews/,https://coincu.com/casino-reviews/,0,no_match_in_raw
https://coincu.com/metaplanet-bitcoin-holdings-2025/,posts,337448,https://coincu.com/c/pr/press-release/,https://coincu.com/pr/press-release/,0,no_match_in_raw
https://coincu.com/metaplanet-bitcoin-holdings-2025/,posts,337448,https://coincu.com/c/bitcoin,https://coincu.com/bitcoin/,0,no_match_in_raw
https://coincu.com/binance-introduces-binance-alpha-2-0/,posts,326981,https://coincu.com/c/casino-reviews/,https://coincu.com/casino-reviews/,0,no_match_in_raw
https://coincu.com/binance-introduces-binance-alpha-2-0/,posts,326981,https://coincu.com/c/pr/press-release/,https://coincu.com/pr/press-release/,0,no_match_in_raw
https://coincu.com/binance-introduces-binance-alpha-2-0/,posts,326981,https://coincu.com/c/news,https://coincu.com/news/,0,no_match_in_raw
https://coincu.com/coinbase-security-data-breach-issues/,posts,338336,https://coincu.com/c/casino-reviews/,https://coincu.com/casino-reviews/,0,no_match_in_raw
https://coincu.com/coinbase-security-data-breach-issues/,posts,338336,https://coincu.com/c/pr/press-release/,https://coincu.com/pr/press-release/,0,no_match_in_raw
https://coincu.com/coinbase-security-data-breach-issues/,posts,338336,https://coincu.com/c/scam-alert,https://coincu.com/scam-alert/,0,no_match_in_raw
https://coincu.com/circle-internet-financial-now-files-for-ipo/,posts,241923,https://coincu.com/c/casino-reviews/,https://coincu.com/casino-reviews/,0,no_match_in_raw
https://coincu.com/circle-internet-financial-now-files-for-ipo/,posts,241923,https://coincu.com/c/pr/press-release/,https://coincu.com/pr/press-release/,0,no_match_in_raw
https://coincu.com/circle-internet-financial-now-files-for-ipo/,posts,241923,https://coincu.com/c/news,https://coincu.com/news/,0,no_match_in_raw
https://coincu.com/institutional-crypto-adoption-2025/,posts,377401,https://coincu.com/c/casino-reviews/,https://coincu.com/casino-reviews/,0,no_match_in_raw
https://coincu.com/institutional-crypto-adoption-2025/,posts,377401,https://coincu.com/c/pr/press-release/,https://coincu.com/pr/press-release/,0,no_match_in_raw
https://coincu.com/institutional-crypto-adoption-2025/,posts,377401,https://coincu.com/c/news,https://coincu.com/news/,0,no_match_in_raw
https://coincu.com/okx-virtual-asset-trading-license-from-hong-kong/,posts,228835,https://coincu.com/c/casino-reviews/,https://coincu.com/casino-reviews/,0,no_match_in_raw
https://coincu.com/okx-virtual-asset-trading-license-from-hong-kong/,posts,228835,https://coincu.com/c/pr/press-release/,https://coincu.com/pr/press-release/,0,no_match_in_raw
https://coincu.com/okx-virtual-asset-trading-license-from-hong-kong/,posts,228835,https://coincu.com/c/news,https://coincu.com/news/,0,no_match_in_raw
https://coincu.com/aave-removes-usds-collateral/,posts,381337,https://coincu.com/c/casino-reviews/,https://coincu.com/casino-reviews/,0,no_match_in_raw
https://coincu.com/aave-removes-usds-collateral/,posts,381337,https://coincu.com/c/pr/press-release/,https://coincu.com/pr/press-release/,0,no_match_in_raw
https://coincu.com/aave-removes-usds-collateral/,posts,381337,https://coincu.com/c/news,https://coincu.com/news/,0,no_match_in_raw
https://coincu.com/compound-dao-sued-for-traders/,posts,151927,https://coincu.com/c/casino-reviews/,https://coincu.com/casino-reviews/,0,no_match_in_raw
https://coincu.com/compound-dao-sued-for-traders/,posts,151927,https://coincu.com/c/pr/press-release/,https://coincu.com/pr/press-release/,0,no_match_in_raw
https://coincu.com/compound-dao-sued-for-traders/,posts,151927,https://coincu.com/c/news,https://coincu.com/news/,0,no_match_in_raw
https://coincu.com/compound-team-deposits-1-5m-comp-into-coinbase/,posts,204723,https://coincu.com/c/casino-reviews/,https://coincu.com/casino-reviews/,0,no_match_in_raw
https://coincu.com/compound-team-deposits-1-5m-comp-into-coinbase/,posts,204723,https://coincu.com/c/pr/press-release/,https://coincu.com/pr/press-release/,0,no_match_in_raw
https://coincu.com/compound-team-deposits-1-5m-comp-into-coinbase/,posts,204723,https://coincu.com/c/news,https://coincu.com/news/,0,no_match_in_raw
https://coincu.com/compound-imposes-lending-limit/,posts,147288,https://coincu.com/c/casino-reviews/,https://coincu.com/casino-reviews/,0,no_match_in_raw
https://coincu.com/compound-imposes-lending-limit/,posts,147288,https://coincu.com/c/pr/press-release/,https://coincu.com/pr/press-release/,0,no_match_in_raw
https://coincu.com/compound-imposes-lending-limit/,posts,147288,https://coincu.com/c/defi,https://coincu.com/defi/,0,no_match_in_raw
https://coincu.com/new-ideas-for-defi-treasury-management/,posts,164678,https://coincu.com/c/casino-reviews/,https://coincu.com/casino-reviews/,0,no_match_in_raw
https://coincu.com/new-ideas-for-defi-treasury-management/,posts,164678,https://coincu.com/c/pr/press-release/,https://coincu.com/pr/press-release/,0,no_match_in_raw
https://coincu.com/new-ideas-for-defi-treasury-management/,posts,164678,https://coincu.com/c/knowledge,https://coincu.com/knowledge/,0,no_match_in_raw
https://coincu.com/compound-crashes-leads-users-eth-locked/,posts,121153,https://coincu.com/c/casino-reviews/,https://coincu.com/casino-reviews/,0,no_match_in_raw
https://coincu.com/compound-crashes-leads-users-eth-locked/,posts,121153,https://coincu.com/c/pr/press-release/,https://coincu.com/pr/press-release/,0,no_match_in_raw
https://coincu.com/compound-crashes-leads-users-eth-locked/,posts,121153,https://coincu.com/c/defi,https://coincu.com/defi/,0,no_match_in_raw
https://coincu.com/doj-full-force-merges-crypto-crime-team/,posts,204873,https://coincu.com/c/casino-reviews/,https://coincu.com/casino-reviews/,0,no_match_in_raw
https://coincu.com/doj-full-force-merges-crypto-crime-team/,posts,204873,https://coincu.com/c/pr/press-release/,https://coincu.com/pr/press-release/,0,no_match_in_raw
https://coincu.com/doj-full-force-merges-crypto-crime-team/,posts,204873,https://coincu.com/c/news,https://coincu.com/news/,0,no_match_in_raw
https://coincu.com/hacktober-statistics-show-that-3-billion/,posts,138498,https://coincu.com/c/casino-reviews/,https://coincu.com/casino-reviews/,0,no_match_in_raw
https://coincu.com/hacktober-statistics-show-that-3-billion/,posts,138498,https://coincu.com/c/pr/press-release/,https://coincu.com/pr/press-release/,0,no_match_in_raw
https://coincu.com/hacktober-statistics-show-that-3-billion/,posts,138498,https://coincu.com/c/scam-alert,https://coincu.com/scam-alert/,0,no_match_in_raw
https://coincu.com/real-world-assets-rwas-integrated-defi-protocols/,posts,205716,https://coincu.com/c/casino-reviews/,https://coincu.com/casino-reviews/,0,no_match_in_raw
https://coincu.com/real-world-assets-rwas-integrated-defi-protocols/,posts,205716,https://coincu.com/c/pr/press-release/,https://coincu.com/pr/press-release/,0,no_match_in_raw
https://coincu.com/real-world-assets-rwas-integrated-defi-protocols/,posts,205716,https://coincu.com/c/knowledge,https://coincu.com/knowledge/,0,no_match_in_raw
https://coincu.com/real-world-assets-explained/,posts,234645,https://coincu.com/c/casino-reviews/,https://coincu.com/casino-reviews/,0,no_match_in_raw
https://coincu.com/real-world-assets-explained/,posts,234645,https://coincu.com/c/pr/press-release/,https://coincu.com/pr/press-release/,0,no_match_in_raw
https://coincu.com/real-world-assets-explained/,posts,234645,https://coincu.com/c/knowledge,https://coincu.com/knowledge/,0,no_match_in_raw
https://coincu.com/wisdomtree-choose-avalanche-subnet/,posts,180886,https://coincu.com/c/casino-reviews/,https://coincu.com/casino-reviews/,0,no_match_in_raw
https://coincu.com/wisdomtree-choose-avalanche-subnet/,posts,180886,https://coincu.com/c/pr/press-release/,https://coincu.com/pr/press-release/,0,no_match_in_raw
https://coincu.com/wisdomtree-choose-avalanche-subnet/,posts,180886,https://coincu.com/c/news,https://coincu.com/news/,0,no_match_in_raw
https://coincu.com/bank-of-americacrypto-investors/,posts,181414,https://coincu.com/c/casino-reviews/,https://coincu.com/casino-reviews/,0,no_match_in_raw
https://coincu.com/bank-of-americacrypto-investors/,posts,181414,https://coincu.com/c/pr/press-release/,https://coincu.com/pr/press-release/,0,no_match_in_raw
https://coincu.com/bank-of-americacrypto-investors/,posts,181414,https://coincu.com/c/news,https://coincu.com/news/,0,no_match_in_raw
https://coincu.com/credit-protocol-revolutionary-defi-trend/,posts,171074,https://coincu.com/c/casino-reviews/,https://coincu.com/casino-reviews/,0,no_match_in_raw
https://coincu.com/credit-protocol-revolutionary-defi-trend/,posts,171074,https://coincu.com/c/pr/press-release/,https://coincu.com/pr/press-release/,0,no_match_in_raw
https://coincu.com/credit-protocol-revolutionary-defi-trend/,posts,171074,https://coincu.com/c/knowledge,https://coincu.com/knowledge/,0,no_match_in_raw
https://coincu.com/mutant-ape-nft-review/,posts,195983,https://coincu.com/c/casino-reviews/,https://coincu.com/casino-reviews/,0,no_match_in_raw
https://coincu.com/mutant-ape-nft-review/,posts,195983,https://coincu.com/c/pr/press-release/,https://coincu.com/pr/press-release/,0,no_match_in_raw
https://coincu.com/mutant-ape-nft-review/,posts,195983,https://coincu.com/c/other-reviews,https://coincu.com/other-reviews/,0,no_match_in_raw
https://coincu.com/baycs-made-by-apes-ushers-in-a-new-era/,posts,205614,https://coincu.com/c/casino-reviews/,https://coincu.com/casino-reviews/,0,no_match_in_raw
https://coincu.com/baycs-made-by-apes-ushers-in-a-new-era/,posts,205614,https://coincu.com/c/pr/press-release/,https://coincu.com/pr/press-release/,0,no_match_in_raw
https://coincu.com/baycs-made-by-apes-ushers-in-a-new-era/,posts,205614,https://coincu.com/c/nft,https://coincu.com/nft/,0,no_match_in_raw
https://coincu.com/bayc-nft-lowest-price-last-2-years/,posts,183216,https://coincu.com/c/casino-reviews/,https://coincu.com/casino-reviews/,0,no_match_in_raw
https://coincu.com/bayc-nft-lowest-price-last-2-years/,posts,183216,https://coincu.com/c/pr/press-release/,https://coincu.com/pr/press-release/,0,no_match_in_raw
https://coincu.com/bayc-nft-lowest-price-last-2-years/,posts,183216,https://coincu.com/c/nft,https://coincu.com/nft/,0,no_match_in_raw
https://coincu.com/huang-licheng-sold-bayc-mayc-and-azuki/,posts,197613,https://coincu.com/c/casino-reviews/,https://coincu.com/casino-reviews/,0,no_match_in_raw
https://coincu.com/huang-licheng-sold-bayc-mayc-and-azuki/,posts,197613,https://coincu.com/c/pr/press-release/,https://coincu.com/pr/press-release/,0,no_match_in_raw
https://coincu.com/huang-licheng-sold-bayc-mayc-and-azuki/,posts,197613,https://coincu.com/c/nfts-news,https://coincu.com/nfts-news/,0,no_match_in_raw
https://coincu.com/sk-telecom-plans-web3-wallet/,posts,107935,https://coincu.com/c/casino-reviews/,https://coincu.com/casino-reviews/,0,no_match_in_raw
https://coincu.com/sk-telecom-plans-web3-wallet/,posts,107935,https://coincu.com/c/pr/press-release/,https://coincu.com/pr/press-release/,0,no_match_in_raw
https://coincu.com/sk-telecom-plans-web3-wallet/,posts,107935,https://coincu.com/c/news,https://coincu.com/news/,0,no_match_in_raw
https://coincu.com/mongolia-explores-the-integration-of-blockchain/,posts,206234,https://coincu.com/c/casino-reviews/,https://coincu.com/casino-reviews/,0,no_match_in_raw
https://coincu.com/mongolia-explores-the-integration-of-blockchain/,posts,206234,https://coincu.com/c/pr/press-release/,https://coincu.com/pr/press-release/,0,no_match_in_raw
https://coincu.com/mongolia-explores-the-integration-of-blockchain/,posts,206234,https://coincu.com/c/blockchain,https://coincu.com/blockchain/,0,no_match_in_raw
https://coincu.com/soulflake-launched-by-consensys/,posts,154138,https://coincu.com/c/casino-reviews/,https://coincu.com/casino-reviews/,0,no_match_in_raw
https://coincu.com/soulflake-launched-by-consensys/,posts,154138,https://coincu.com/c/pr/press-release/,https://coincu.com/pr/press-release/,0,no_match_in_raw
https://coincu.com/soulflake-launched-by-consensys/,posts,154138,https://coincu.com/c/nfts-news,https://coincu.com/nfts-news/,0,no_match_in_raw
https://coincu.com/binance-offers-decentralized-kyc/,posts,113986,https://coincu.com/c/casino-reviews/,https://coincu.com/casino-reviews/,0,no_match_in_raw
https://coincu.com/binance-offers-decentralized-kyc/,posts,113986,https://coincu.com/c/pr/press-release/,https://coincu.com/pr/press-release/,0,no_match_in_raw
https://coincu.com/binance-offers-decentralized-kyc/,posts,113986,https://coincu.com/c/news,https://coincu.com/news/,0,no_match_in_raw
https://coincu.com/williams-racing-and-kraken-unite/,posts,207789,https://coincu.com/c/casino-reviews/,https://coincu.com/casino-reviews/,0,no_match_in_raw
https://coincu.com/williams-racing-and-kraken-unite/,posts,207789,https://coincu.com/c/pr/press-release/,https://coincu.com/pr/press-release/,0,no_match_in_raw
https://coincu.com/williams-racing-and-kraken-unite/,posts,207789,https://coincu.com/c/nft,https://coincu.com/nft/,0,no_match_in_raw
https://coincu.com/mint-blockchain-secures-1-35-million-to-nft/,posts,287244,https://coincu.com/c/casino-reviews/,https://coincu.com/casino-reviews/,0,no_match_in_raw
https://coincu.com/mint-blockchain-secures-1-35-million-to-nft/,posts,287244,https://coincu.com/c/pr/press-release/,https://coincu.com/pr/press-release/,0,no_match_in_raw
https://coincu.com/mint-blockchain-secures-1-35-million-to-nft/,posts,287244,https://coincu.com/c/news,https://coincu.com/news/,0,no_match_in_raw
https://coincu.com/vitalik-buterin-zk-rollups-ethereum-scaling/,posts,115796,https://coincu.com/c/casino-reviews/,https://coincu.com/casino-reviews/,0,no_match_in_raw
https://coincu.com/vitalik-buterin-zk-rollups-ethereum-scaling/,posts,115796,https://coincu.com/c/pr/press-release/,https://coincu.com/pr/press-release/,0,no_match_in_raw
https://coincu.com/vitalik-buterin-zk-rollups-ethereum-scaling/,posts,115796,https://coincu.com/c/uncategorized,https://coincu.com/uncategorized/,0,no_match_in_raw
https://coincu.com/south-korea-blacklists-north-korean/,posts,166235,https://coincu.com/c/casino-reviews/,https://coincu.com/casino-reviews/,0,no_match_in_raw
https://coincu.com/south-korea-blacklists-north-korean/,posts,166235,https://coincu.com/c/pr/press-release/,https://coincu.com/pr/press-release/,0,no_match_in_raw
https://coincu.com/south-korea-blacklists-north-korean/,posts,166235,https://coincu.com/c/news,https://coincu.com/news/,0,no_match_in_raw
https://coincu.com/consensys-launches-metamask-delegation-toolkit/,posts,267496,https://coincu.com/c/casino-reviews/,https://coincu.com/casino-reviews/,0,no_match_in_raw
https://coincu.com/consensys-launches-metamask-delegation-toolkit/,posts,267496,https://coincu.com/c/pr/press-release/,https://coincu.com/pr/press-release/,0,no_match_in_raw
https://coincu.com/consensys-launches-metamask-delegation-toolkit/,posts,267496,https://coincu.com/c/news,https://coincu.com/news/,0,no_match_in_raw
https://coincu.com/mastercard-cbdcs-interoperate-with-trusted-web3/,posts,223164,https://coincu.com/c/casino-reviews/,https://coincu.com/casino-reviews/,0,no_match_in_raw
https://coincu.com/mastercard-cbdcs-interoperate-with-trusted-web3/,posts,223164,https://coincu.com/c/pr/press-release/,https://coincu.com/pr/press-release/,0,no_match_in_raw
https://coincu.com/mastercard-cbdcs-interoperate-with-trusted-web3/,posts,223164,https://coincu.com/c/news,https://coincu.com/news/,0,no_match_in_raw
https://coincu.com/new-russian-crypto-law-comes-into-effect/,posts,289280,https://coincu.com/c/casino-reviews/,https://coincu.com/casino-reviews/,0,no_match_in_raw
https://coincu.com/new-russian-crypto-law-comes-into-effect/,posts,289280,https://coincu.com/c/pr/press-release/,https://coincu.com/pr/press-release/,0,no_match_in_raw
https://coincu.com/new-russian-crypto-law-comes-into-effect/,posts,289280,https://coincu.com/c/news,https://coincu.com/news/,0,no_match_in_raw
https://coincu.com/polkadot-and-cosmos-outperform-ethereum/,posts,132190,https://coincu.com/c/casino-reviews/,https://coincu.com/casino-reviews/,0,no_match_in_raw
https://coincu.com/polkadot-and-cosmos-outperform-ethereum/,posts,132190,https://coincu.com/c/pr/press-release/,https://coincu.com/pr/press-release/,0,no_match_in_raw
https://coincu.com/polkadot-and-cosmos-outperform-ethereum/,posts,132190,https://coincu.com/c/news,https://coincu.com/news/,0,no_match_in_raw
https://coincu.com/sec-chair-gary-genslers-downfall/,posts,290976,https://coincu.com/c/casino-reviews/,https://coincu.com/casino-reviews/,0,no_match_in_raw
https://coincu.com/sec-chair-gary-genslers-downfall/,posts,290976,https://coincu.com/c/pr/press-release/,https://coincu.com/pr/press-release/,0,no_match_in_raw
https://coincu.com/sec-chair-gary-genslers-downfall/,posts,290976,https://coincu.com/c/news,https://coincu.com/news/,0,no_match_in_raw
https://coincu.com/staking-rewards-for-ethereum-shot-up/,posts,135626,https://coincu.com/c/casino-reviews/,https://coincu.com/casino-reviews/,0,no_match_in_raw
https://coincu.com/staking-rewards-for-ethereum-shot-up/,posts,135626,https://coincu.com/c/pr/press-release/,https://coincu.com/pr/press-release/,0,no_match_in_raw
https://coincu.com/staking-rewards-for-ethereum-shot-up/,posts,135626,https://coincu.com/c/ethereum,https://coincu.com/ethereum/,0,no_match_in_raw
https://coincu.com/bakkt-saw-operating-expenses-increase/,posts,172670,https://coincu.com/c/casino-reviews/,https://coincu.com/casino-reviews/,0,no_match_in_raw
https://coincu.com/bakkt-saw-operating-expenses-increase/,posts,172670,https://coincu.com/c/pr/press-release/,https://coincu.com/pr/press-release/,0,no_match_in_raw
https://coincu.com/bakkt-saw-operating-expenses-increase/,posts,172670,https://coincu.com/c/news,https://coincu.com/news/,0,no_match_in_raw
https://coincu.com/bitcoin-spot-etf-inflows-reach-622m-with-record/,posts,290773,https://coincu.com/c/casino-reviews/,https://coincu.com/casino-reviews/,0,no_match_in_raw
https://coincu.com/bitcoin-spot-etf-inflows-reach-622m-with-record/,posts,290773,https://coincu.com/c/pr/press-release/,https://coincu.com/pr/press-release/,0,no_match_in_raw
https://coincu.com/bitcoin-spot-etf-inflows-reach-622m-with-record/,posts,290773,https://coincu.com/c/news,https://coincu.com/news/,0,no_match_in_raw
https://coincu.com/bitcoin-spot-etfs-see-216m-net-inflow/,posts,267655,https://coincu.com/c/casino-reviews/,https://coincu.com/casino-reviews/,0,no_match_in_raw
https://coincu.com/bitcoin-spot-etfs-see-216m-net-inflow/,posts,267655,https://coincu.com/c/pr/press-release/,https://coincu.com/pr/press-release/,0,no_match_in_raw
https://coincu.com/bitcoin-spot-etfs-see-216m-net-inflow/,posts,267655,https://coincu.com/c/news,https://coincu.com/news/,0,no_match_in_raw
https://coincu.com/bitcoin-spot-etfs-hit-100b-milestone-10-months/,posts,293173,https://coincu.com/c/casino-reviews/,https://coincu.com/casino-reviews/,0,no_match_in_raw
https://coincu.com/bitcoin-spot-etfs-hit-100b-milestone-10-months/,posts,293173,https://coincu.com/c/pr/press-release/,https://coincu.com/pr/press-release/,0,no_match_in_raw
https://coincu.com/bitcoin-spot-etfs-hit-100b-milestone-10-months/,posts,293173,https://coincu.com/c/news,https://coincu.com/news/,0,no_match_in_raw
https://coincu.com/bitcoin-spot-etf-inflows-skyrocket-to-25m/,posts,285722,https://coincu.com/c/casino-reviews/,https://coincu.com/casino-reviews/,0,no_match_in_raw
https://coincu.com/bitcoin-spot-etf-inflows-skyrocket-to-25m/,posts,285722,https://coincu.com/c/pr/press-release/,https://coincu.com/pr/press-release/,0,no_match_in_raw
https://coincu.com/bitcoin-spot-etf-inflows-skyrocket-to-25m/,posts,285722,https://coincu.com/c/news,https://coincu.com/news/,0,no_match_in_raw
https://coincu.com/bitcoin-spot-etfs-inflows-hit-870m/,posts,289691,https://coincu.com/c/casino-reviews/,https://coincu.com/casino-reviews/,0,no_match_in_raw
https://coincu.com/bitcoin-spot-etfs-inflows-hit-870m/,posts,289691,https://coincu.com/c/pr/press-release/,https://coincu.com/pr/press-release/,0,no_match_in_raw
https://coincu.com/bitcoin-spot-etfs-inflows-hit-870m/,posts,289691,https://coincu.com/c/news,https://coincu.com/news/,0,no_match_in_raw
https://coincu.com/bitcoin-spot-etf-inflows-reach-470m-led-by-ibit/,posts,287841,https://coincu.com/c/casino-reviews/,https://coincu.com/casino-reviews/,0,no_match_in_raw
https://coincu.com/bitcoin-spot-etf-inflows-reach-470m-led-by-ibit/,posts,287841,https://coincu.com/c/pr/press-release/,https://coincu.com/pr/press-release/,0,no_match_in_raw
https://coincu.com/bitcoin-spot-etf-inflows-reach-470m-led-by-ibit/,posts,287841,https://coincu.com/c/news,https://coincu.com/news/,0,no_match_in_raw
https://coincu.com/bitcoin-spot-etf-inflows-hit-record-1-376b-nov-7/,posts,291026,https://coincu.com/c/casino-reviews/,https://coincu.com/casino-reviews/,0,no_match_in_raw
https://coincu.com/bitcoin-spot-etf-inflows-hit-record-1-376b-nov-7/,posts,291026,https://coincu.com/c/pr/press-release/,https://coincu.com/pr/press-release/,0,no_match_in_raw
https://coincu.com/bitcoin-spot-etf-inflows-hit-record-1-376b-nov-7/,posts,291026,https://coincu.com/c/news,https://coincu.com/news/,0,no_match_in_raw
https://coincu.com/spot-ethereum-etf-approval-eth-to-8000-by-2024/,posts,260250,https://coincu.com/c/casino-reviews/,https://coincu.com/casino-reviews/,0,no_match_in_raw
https://coincu.com/spot-ethereum-etf-approval-eth-to-8000-by-2024/,posts,260250,https://coincu.com/c/pr/press-release/,https://coincu.com/pr/press-release/,0,no_match_in_raw
https://coincu.com/spot-ethereum-etf-approval-eth-to-8000-by-2024/,posts,260250,https://coincu.com/c/news,https://coincu.com/news/,0,no_match_in_raw
https://coincu.com/aave-accepts-bpt-as-collateral/,posts,139992,https://coincu.com/c/casino-reviews/,https://coincu.com/casino-reviews/,0,no_match_in_raw
https://coincu.com/aave-accepts-bpt-as-collateral/,posts,139992,https://coincu.com/c/pr/press-release/,https://coincu.com/pr/press-release/,0,no_match_in_raw
https://coincu.com/aave-accepts-bpt-as-collateral/,posts,139992,https://coincu.com/c/defi,https://coincu.com/defi/,0,no_match_in_raw
https://coincu.com/openzeppelin-audits-matter-labs-fixes/,posts,162732,https://coincu.com/c/casino-reviews/,https://coincu.com/casino-reviews/,0,no_match_in_raw
https://coincu.com/openzeppelin-audits-matter-labs-fixes/,posts,162732,https://coincu.com/c/pr/press-release/,https://coincu.com/pr/press-release/,0,no_match_in_raw
https://coincu.com/openzeppelin-audits-matter-labs-fixes/,posts,162732,https://coincu.com/c/blockchain,https://coincu.com/blockchain/,0,no_match_in_raw
https://coincu.com/grayscale-spot-ethereum-etf-is-top-priority/,posts,258309,https://coincu.com/c/casino-reviews/,https://coincu.com/casino-reviews/,0,no_match_in_raw
https://coincu.com/grayscale-spot-ethereum-etf-is-top-priority/,posts,258309,https://coincu.com/c/pr/press-release/,https://coincu.com/pr/press-release/,0,no_match_in_raw
https://coincu.com/grayscale-spot-ethereum-etf-is-top-priority/,posts,258309,https://coincu.com/c/news,https://coincu.com/news/,0,no_match_in_raw
https://coincu.com/what-is-a-spot-ethereum-etf/,posts,252329,https://coincu.com/c/casino-reviews/,https://coincu.com/casino-reviews/,0,no_match_in_raw
https://coincu.com/what-is-a-spot-ethereum-etf/,posts,252329,https://coincu.com/c/pr/press-release/,https://coincu.com/pr/press-release/,0,no_match_in_raw
https://coincu.com/what-is-a-spot-ethereum-etf/,posts,252329,https://coincu.com/c/knowledge,https://coincu.com/knowledge/,0,no_match_in_raw
https://coincu.com/chris-waller-speech-causes-bitcoin-to-38000/,posts,232493,https://coincu.com/c/casino-reviews/,https://coincu.com/casino-reviews/,0,no_match_in_raw
https://coincu.com/chris-waller-speech-causes-bitcoin-to-38000/,posts,232493,https://coincu.com/c/pr/press-release/,https://coincu.com/pr/press-release/,0,no_match_in_raw
https://coincu.com/chris-waller-speech-causes-bitcoin-to-38000/,posts,232493,https://coincu.com/c/bitcoin,https://coincu.com/bitcoin/,0,no_match_in_raw
https://coincu.com/fed-chair-powell-now-clarifies-interest-rate-cut/,posts,245935,https://coincu.com/c/casino-reviews/,https://coincu.com/casino-reviews/,0,no_match_in_raw
https://coincu.com/fed-chair-powell-now-clarifies-interest-rate-cut/,posts,245935,https://coincu.com/c/pr/press-release/,https://coincu.com/pr/press-release/,0,no_match_in_raw
https://coincu.com/fed-chair-powell-now-clarifies-interest-rate-cut/,posts,245935,https://coincu.com/c/news,https://coincu.com/news/,0,no_match_in_raw
https://coincu.com/fed-interest-rates-cut-crypto-markets-excited/,posts,290981,https://coincu.com/c/casino-reviews/,https://coincu.com/casino-reviews/,0,no_match_in_raw
https://coincu.com/fed-interest-rates-cut-crypto-markets-excited/,posts,290981,https://coincu.com/c/pr/press-release/,https://coincu.com/pr/press-release/,0,no_match_in_raw
https://coincu.com/fed-interest-rates-cut-crypto-markets-excited/,posts,290981,https://coincu.com/c/news,https://coincu.com/news/,0,no_match_in_raw
https://coincu.com/fed-chair-jerome-powell-fed-not-allowed-own-btc/,posts,297775,https://coincu.com/c/casino-reviews/,https://coincu.com/casino-reviews/,0,no_match_in_raw
https://coincu.com/fed-chair-jerome-powell-fed-not-allowed-own-btc/,posts,297775,https://coincu.com/c/pr/press-release/,https://coincu.com/pr/press-release/,0,no_match_in_raw
https://coincu.com/fed-chair-jerome-powell-fed-not-allowed-own-btc/,posts,297775,https://coincu.com/c/news,https://coincu.com/news/,0,no_match_in_raw
https://coincu.com/fed-interest-rates-remained-unchanged/,posts,236605,https://coincu.com/c/casino-reviews/,https://coincu.com/casino-reviews/,0,no_match_in_raw
https://coincu.com/fed-interest-rates-remained-unchanged/,posts,236605,https://coincu.com/c/pr/press-release/,https://coincu.com/pr/press-release/,0,no_match_in_raw
https://coincu.com/fed-interest-rates-remained-unchanged/,posts,236605,https://coincu.com/c/news,https://coincu.com/news/,0,no_match_in_raw
https://coincu.com/how-to-solve-solana-congestion-a-quick-guide/,posts,303149,https://coincu.com/c/casino-reviews/,https://coincu.com/casino-reviews/,0,no_match_in_raw
https://coincu.com/how-to-solve-solana-congestion-a-quick-guide/,posts,303149,https://coincu.com/c/pr/press-release/,https://coincu.com/pr/press-release/,0,no_match_in_raw
https://coincu.com/how-to-solve-solana-congestion-a-quick-guide/,posts,303149,https://coincu.com/c/knowledge,https://coincu.com/knowledge/,0,no_match_in_raw
https://coincu.com/new-el-salvador-bitcoin-act-announced/,posts,304911,https://coincu.com/c/casino-reviews/,https://coincu.com/casino-reviews/,0,no_match_in_raw
https://coincu.com/new-el-salvador-bitcoin-act-announced/,posts,304911,https://coincu.com/c/pr/press-release/,https://coincu.com/pr/press-release/,0,no_match_in_raw
https://coincu.com/new-el-salvador-bitcoin-act-announced/,posts,304911,https://coincu.com/c/bitcoin,https://coincu.com/bitcoin/,0,no_match_in_raw
https://coincu.com/polymarket-founder-was-played-dirty/,posts,293503,https://coincu.com/c/casino-reviews/,https://coincu.com/casino-reviews/,0,no_match_in_raw
https://coincu.com/polymarket-founder-was-played-dirty/,posts,293503,https://coincu.com/c/pr/press-release/,https://coincu.com/pr/press-release/,0,no_match_in_raw
https://coincu.com/polymarket-founder-was-played-dirty/,posts,293503,https://coincu.com/c/news,https://coincu.com/news/,0,no_match_in_raw
https://coincu.com/solana-winternitz-vault-launched/,posts,300092,https://coincu.com/c/casino-reviews/,https://coincu.com/casino-reviews/,0,no_match_in_raw
https://coincu.com/solana-winternitz-vault-launched/,posts,300092,https://coincu.com/c/pr/press-release/,https://coincu.com/pr/press-release/,0,no_match_in_raw
https://coincu.com/solana-winternitz-vault-launched/,posts,300092,https://coincu.com/c/news,https://coincu.com/news/,0,no_match_in_raw
https://coincu.com/tether-expand-to-24000-atms-in-brazil/,posts,135638,https://coincu.com/c/casino-reviews/,https://coincu.com/casino-reviews/,0,no_match_in_raw
https://coincu.com/tether-expand-to-24000-atms-in-brazil/,posts,135638,https://coincu.com/c/pr/press-release/,https://coincu.com/pr/press-release/,0,no_match_in_raw
https://coincu.com/tether-expand-to-24000-atms-in-brazil/,posts,135638,https://coincu.com/c/news,https://coincu.com/news/,0,no_match_in_raw
https://coincu.com/strategic-bitcoin-reserve-in-kentucky/,posts,304367,https://coincu.com/c/casino-reviews/,https://coincu.com/casino-reviews/,0,no_match_in_raw
https://coincu.com/strategic-bitcoin-reserve-in-kentucky/,posts,304367,https://coincu.com/c/pr/press-release/,https://coincu.com/pr/press-release/,0,no_match_in_raw
https://coincu.com/strategic-bitcoin-reserve-in-kentucky/,posts,304367,https://coincu.com/c/bitcoin,https://coincu.com/bitcoin/,0,no_match_in_raw
https://coincu.com/cryptocom-google-pay-support-visa-card/,posts,130698,https://coincu.com/c/casino-reviews/,https://coincu.com/casino-reviews/,0,no_match_in_raw
https://coincu.com/cryptocom-google-pay-support-visa-card/,posts,130698,https://coincu.com/c/pr/press-release/,https://coincu.com/pr/press-release/,0,no_match_in_raw
https://coincu.com/cryptocom-google-pay-support-visa-card/,posts,130698,https://coincu.com/c/news,https://coincu.com/news/,0,no_match_in_raw
https://coincu.com/semler-scientific-bitcoin-investment/,posts,279991,https://coincu.com/c/casino-reviews/,https://coincu.com/casino-reviews/,0,no_match_in_raw
https://coincu.com/semler-scientific-bitcoin-investment/,posts,279991,https://coincu.com/c/pr/press-release/,https://coincu.com/pr/press-release/,0,no_match_in_raw
https://coincu.com/semler-scientific-bitcoin-investment/,posts,279991,https://coincu.com/c/news,https://coincu.com/news/,0,no_match_in_raw
https://coincu.com/semler-scientific-bitcoin-portfolio-boosted/,posts,293764,https://coincu.com/c/casino-reviews/,https://coincu.com/casino-reviews/,0,no_match_in_raw
https://coincu.com/semler-scientific-bitcoin-portfolio-boosted/,posts,293764,https://coincu.com/c/pr/press-release/,https://coincu.com/pr/press-release/,0,no_match_in_raw
https://coincu.com/semler-scientific-bitcoin-portfolio-boosted/,posts,293764,https://coincu.com/c/news,https://coincu.com/news/,0,no_match_in_raw
https://coincu.com/semler-scientific-expands-bond-offering-to-85m/,posts,303898,https://coincu.com/c/casino-reviews/,https://coincu.com/casino-reviews/,0,no_match_in_raw
https://coincu.com/semler-scientific-expands-bond-offering-to-85m/,posts,303898,https://coincu.com/c/pr/press-release/,https://coincu.com/pr/press-release/,0,no_match_in_raw
https://coincu.com/semler-scientific-expands-bond-offering-to-85m/,posts,303898,https://coincu.com/c/news,https://coincu.com/news/,0,no_match_in_raw
https://coincu.com/onemednet-bitcoin-investment/,posts,269465,https://coincu.com/c/casino-reviews/,https://coincu.com/casino-reviews/,0,no_match_in_raw
https://coincu.com/onemednet-bitcoin-investment/,posts,269465,https://coincu.com/c/pr/press-release/,https://coincu.com/pr/press-release/,0,no_match_in_raw
https://coincu.com/onemednet-bitcoin-investment/,posts,269465,https://coincu.com/c/news,https://coincu.com/news/,0,no_match_in_raw
https://coincu.com/solana-market-cap-can-reach-50-of-ethereum/,posts,284475,https://coincu.com/c/casino-reviews/,https://coincu.com/casino-reviews/,0,no_match_in_raw
https://coincu.com/solana-market-cap-can-reach-50-of-ethereum/,posts,284475,https://coincu.com/c/pr/press-release/,https://coincu.com/pr/press-release/,0,no_match_in_raw
https://coincu.com/solana-market-cap-can-reach-50-of-ethereum/,posts,284475,https://coincu.com/c/news,https://coincu.com/news/,0,no_match_in_raw
https://coincu.com/tornado-cash-removed-from-u-s-sanctions-list/,posts,327827,https://coincu.com/c/casino-reviews/,https://coincu.com/casino-reviews/,0,no_match_in_raw
https://coincu.com/tornado-cash-removed-from-u-s-sanctions-list/,posts,327827,https://coincu.com/c/pr/press-release/,https://coincu.com/pr/press-release/,0,no_match_in_raw
https://coincu.com/tornado-cash-removed-from-u-s-sanctions-list/,posts,327827,https://coincu.com/c/news,https://coincu.com/news/,0,no_match_in_raw
https://coincu.com/tornado-cash-back-end-attack-user-deposits-risk/,posts,248400,https://coincu.com/c/casino-reviews/,https://coincu.com/casino-reviews/,0,no_match_in_raw
https://coincu.com/tornado-cash-back-end-attack-user-deposits-risk/,posts,248400,https://coincu.com/c/pr/press-release/,https://coincu.com/pr/press-release/,0,no_match_in_raw
https://coincu.com/tornado-cash-back-end-attack-user-deposits-risk/,posts,248400,https://coincu.com/c/news,https://coincu.com/news/,0,no_match_in_raw
https://coincu.com/patrick-mchenry-needs-regulations/,posts,152454,https://coincu.com/c/casino-reviews/,https://coincu.com/casino-reviews/,0,no_match_in_raw
https://coincu.com/patrick-mchenry-needs-regulations/,posts,152454,https://coincu.com/c/pr/press-release/,https://coincu.com/pr/press-release/,0,no_match_in_raw
https://coincu.com/patrick-mchenry-needs-regulations/,posts,152454,https://coincu.com/c/news,https://coincu.com/news/,0,no_match_in_raw
https://coincu.com/polyhedra-network-zk-develope-web3/,posts,171457,https://coincu.com/c/casino-reviews/,https://coincu.com/casino-reviews/,0,no_match_in_raw
https://coincu.com/polyhedra-network-zk-develope-web3/,posts,171457,https://coincu.com/c/pr/press-release/,https://coincu.com/pr/press-release/,0,no_match_in_raw
https://coincu.com/polyhedra-network-zk-develope-web3/,posts,171457,https://coincu.com/c/knowledge,https://coincu.com/knowledge/,0,no_match_in_raw
https://coincu.com/polyhedra-renames-token-to-zkj-after-dispute/,posts,261787,https://coincu.com/c/casino-reviews/,https://coincu.com/casino-reviews/,0,no_match_in_raw
https://coincu.com/polyhedra-renames-token-to-zkj-after-dispute/,posts,261787,https://coincu.com/c/pr/press-release/,https://coincu.com/pr/press-release/,0,no_match_in_raw
https://coincu.com/polyhedra-renames-token-to-zkj-after-dispute/,posts,261787,https://coincu.com/c/news,https://coincu.com/news/,0,no_match_in_raw
https://coincu.com/high-risk-defi-projects-billion-in-bitcoin/,posts,261702,https://coincu.com/c/casino-reviews/,https://coincu.com/casino-reviews/,0,no_match_in_raw
https://coincu.com/high-risk-defi-projects-billion-in-bitcoin/,posts,261702,https://coincu.com/c/pr/press-release/,https://coincu.com/pr/press-release/,0,no_match_in_raw
https://coincu.com/high-risk-defi-projects-billion-in-bitcoin/,posts,261702,https://coincu.com/c/news,https://coincu.com/news/,0,no_match_in_raw
https://coincu.com/matter-labs-trademark-application-criticism/,posts,261788,https://coincu.com/c/casino-reviews/,https://coincu.com/casino-reviews/,0,no_match_in_raw
https://coincu.com/matter-labs-trademark-application-criticism/,posts,261788,https://coincu.com/c/pr/press-release/,https://coincu.com/pr/press-release/,0,no_match_in_raw
https://coincu.com/matter-labs-trademark-application-criticism/,posts,261788,https://coincu.com/c/news,https://coincu.com/news/,0,no_match_in_raw
https://coincu.com/world-liberty-financial-integrates-chainlink/,posts,292171,https://coincu.com/c/casino-reviews/,https://coincu.com/casino-reviews/,0,no_match_in_raw
https://coincu.com/world-liberty-financial-integrates-chainlink/,posts,292171,https://coincu.com/c/pr/press-release/,https://coincu.com/pr/press-release/,0,no_match_in_raw
https://coincu.com/world-liberty-financial-integrates-chainlink/,posts,292171,https://coincu.com/c/news,https://coincu.com/news/,0,no_match_in_raw
https://coincu.com/world-liberty-financial-sui-strategic-reserve/,posts,325423,https://coincu.com/c/casino-reviews/,https://coincu.com/casino-reviews/,0,no_match_in_raw
https://coincu.com/world-liberty-financial-sui-strategic-reserve/,posts,325423,https://coincu.com/c/pr/press-release/,https://coincu.com/pr/press-release/,0,no_match_in_raw
https://coincu.com/world-liberty-financial-sui-strategic-reserve/,posts,325423,https://coincu.com/c/altcoin,https://coincu.com/altcoin/,0,no_match_in_raw
https://coincu.com/world-liberty-financial-plans-strategic-reserve/,posts,311466,https://coincu.com/c/casino-reviews/,https://coincu.com/casino-reviews/,0,no_match_in_raw
https://coincu.com/world-liberty-financial-plans-strategic-reserve/,posts,311466,https://coincu.com/c/pr/press-release/,https://coincu.com/pr/press-release/,0,no_match_in_raw
https://coincu.com/world-liberty-financial-plans-strategic-reserve/,posts,311466,https://coincu.com/c/defi,https://coincu.com/defi/,0,no_match_in_raw
https://coincu.com/world-liberty-financial-is-almost-finishing/,posts,322187,https://coincu.com/c/casino-reviews/,https://coincu.com/casino-reviews/,0,no_match_in_raw
https://coincu.com/world-liberty-financial-is-almost-finishing/,posts,322187,https://coincu.com/c/pr/press-release/,https://coincu.com/pr/press-release/,0,no_match_in_raw
https://coincu.com/world-liberty-financial-is-almost-finishing/,posts,322187,https://coincu.com/c/defi,https://coincu.com/defi/,0,no_match_in_raw
https://coincu.com/wisconsin-investment-holds-ishares-bitcoin-etf/,posts,259130,https://coincu.com/c/casino-reviews/,https://coincu.com/casino-reviews/,0,no_match_in_raw
https://coincu.com/wisconsin-investment-holds-ishares-bitcoin-etf/,posts,259130,https://coincu.com/c/pr/press-release/,https://coincu.com/pr/press-release/,0,no_match_in_raw
https://coincu.com/wisconsin-investment-holds-ishares-bitcoin-etf/,posts,259130,https://coincu.com/c/news,https://coincu.com/news/,0,no_match_in_raw
https://coincu.com/indonesia-to-launch-crypto-exchange/,posts,158082,https://coincu.com/c/casino-reviews/,https://coincu.com/casino-reviews/,0,no_match_in_raw
https://coincu.com/indonesia-to-launch-crypto-exchange/,posts,158082,https://coincu.com/c/pr/press-release/,https://coincu.com/pr/press-release/,0,no_match_in_raw
https://coincu.com/indonesia-to-launch-crypto-exchange/,posts,158082,https://coincu.com/c/news,https://coincu.com/news/,0,no_match_in_raw
https://coincu.com/stakeholders-against-cbdc/,posts,149815,https://coincu.com/c/casino-reviews/,https://coincu.com/casino-reviews/,0,no_match_in_raw
https://coincu.com/stakeholders-against-cbdc/,posts,149815,https://coincu.com/c/pr/press-release/,https://coincu.com/pr/press-release/,0,no_match_in_raw
https://coincu.com/stakeholders-against-cbdc/,posts,149815,https://coincu.com/c/news,https://coincu.com/news/,0,no_match_in_raw
https://coincu.com/indonesian-crypto-users-to-see-strong-growth/,posts,304035,https://coincu.com/c/casino-reviews/,https://coincu.com/casino-reviews/,0,no_match_in_raw
https://coincu.com/indonesian-crypto-users-to-see-strong-growth/,posts,304035,https://coincu.com/c/pr/press-release/,https://coincu.com/pr/press-release/,0,no_match_in_raw
https://coincu.com/indonesian-crypto-users-to-see-strong-growth/,posts,304035,https://coincu.com/c/news,https://coincu.com/news/,0,no_match_in_raw
https://coincu.com/imf-cooperates-philippines-wholesale-cbdc/,posts,155546,https://coincu.com/c/casino-reviews/,https://coincu.com/casino-reviews/,0,no_match_in_raw
https://coincu.com/imf-cooperates-philippines-wholesale-cbdc/,posts,155546,https://coincu.com/c/pr/press-release/,https://coincu.com/pr/press-release/,0,no_match_in_raw
https://coincu.com/imf-cooperates-philippines-wholesale-cbdc/,posts,155546,https://coincu.com/c/news,https://coincu.com/news/,0,no_match_in_raw
https://coincu.com/binance-indonesian-subsidiary-secured-license/,posts,281848,https://coincu.com/c/casino-reviews/,https://coincu.com/casino-reviews/,0,no_match_in_raw
https://coincu.com/binance-indonesian-subsidiary-secured-license/,posts,281848,https://coincu.com/c/pr/press-release/,https://coincu.com/pr/press-release/,0,no_match_in_raw
https://coincu.com/binance-indonesian-subsidiary-secured-license/,posts,281848,https://coincu.com/c/news,https://coincu.com/news/,0,no_match_in_raw
https://coincu.com/bank-of-indonesia-cbdc/,posts,149374,https://coincu.com/c/casino-reviews/,https://coincu.com/casino-reviews/,0,no_match_in_raw
https://coincu.com/bank-of-indonesia-cbdc/,posts,149374,https://coincu.com/c/pr/press-release/,https://coincu.com/pr/press-release/,0,no_match_in_raw
https://coincu.com/bank-of-indonesia-cbdc/,posts,149374,https://coincu.com/c/news,https://coincu.com/news/,0,no_match_in_raw
https://coincu.com/indonesia-national-cryptocurrency-exchange/,posts,169798,https://coincu.com/c/casino-reviews/,https://coincu.com/casino-reviews/,0,no_match_in_raw
https://coincu.com/indonesia-national-cryptocurrency-exchange/,posts,169798,https://coincu.com/c/markets,https://coincu.com/markets/,0,no_match_in_raw
https://coincu.com/indonesia-national-cryptocurrency-exchange/,posts,169798,https://coincu.com/c/pr/press-release/,https://coincu.com/pr/press-release/,0,no_match_in_raw
https://coincu.com/indonesia-launch-crypto-stock-exchange/,posts,121504,https://coincu.com/c/casino-reviews/,https://coincu.com/casino-reviews/,0,no_match_in_raw
https://coincu.com/indonesia-launch-crypto-stock-exchange/,posts,121504,https://coincu.com/c/pr/press-release/,https://coincu.com/pr/press-release/,0,no_match_in_raw
https://coincu.com/indonesia-launch-crypto-stock-exchange/,posts,121504,https://coincu.com/c/news,https://coincu.com/news/,0,no_match_in_raw
https://coincu.com/kraken-ethereum-restaking-now-available/,posts,287444,https://coincu.com/c/casino-reviews/,https://coincu.com/casino-reviews/,0,no_match_in_raw
https://coincu.com/kraken-ethereum-restaking-now-available/,posts,287444,https://coincu.com/c/pr/press-release/,https://coincu.com/pr/press-release/,0,no_match_in_raw
https://coincu.com/kraken-ethereum-restaking-now-available/,posts,287444,https://coincu.com/c/news,https://coincu.com/news/,0,no_match_in_raw
https://coincu.com/helium-mobile-unleashes-5-unlimited-plan/,posts,210948,https://coincu.com/c/casino-reviews/,https://coincu.com/casino-reviews/,0,no_match_in_raw
https://coincu.com/helium-mobile-unleashes-5-unlimited-plan/,posts,210948,https://coincu.com/c/pr/press-release/,https://coincu.com/pr/press-release/,0,no_match_in_raw
https://coincu.com/helium-mobile-unleashes-5-unlimited-plan/,posts,210948,https://coincu.com/c/news,https://coincu.com/news/,0,no_match_in_raw
https://coincu.com/what-is-a-helium-miner-and-how-does-it-work/,posts,190659,https://coincu.com/c/casino-reviews/,https://coincu.com/casino-reviews/,0,no_match_in_raw
https://coincu.com/what-is-a-helium-miner-and-how-does-it-work/,posts,190659,https://coincu.com/c/pr/press-release/,https://coincu.com/pr/press-release/,0,no_match_in_raw
https://coincu.com/what-is-a-helium-miner-and-how-does-it-work/,posts,190659,https://coincu.com/c/knowledge,https://coincu.com/knowledge/,0,no_match_in_raw
https://coincu.com/top-altcoins-to-invest-in-january-2025-qubetics-tics-aptos-and-hnt-which-one-has-the-edge/,posts,302704,https://coincu.com/c/casino-reviews/,https://coincu.com/casino-reviews/,0,no_match_in_raw
https://coincu.com/top-altcoins-to-invest-in-january-2025-qubetics-tics-aptos-and-hnt-which-one-has-the-edge/,posts,302704,https://coincu.com/c/pr/press-release/,https://coincu.com/pr/press-release/,0,no_match_in_raw
https://coincu.com/top-altcoins-to-invest-in-january-2025-qubetics-tics-aptos-and-hnt-which-one-has-the-edge/,posts,302704,https://coincu.com/c/cmc,https://coincu.com/cmc/,0,no_match_in_raw
https://coincu.com/fed-interest-rates-drop-50-basis-points/,posts,283294,https://coincu.com/c/casino-reviews/,https://coincu.com/casino-reviews/,0,no_match_in_raw
https://coincu.com/fed-interest-rates-drop-50-basis-points/,posts,283294,https://coincu.com/c/pr/press-release/,https://coincu.com/pr/press-release/,0,no_match_in_raw
https://coincu.com/fed-interest-rates-drop-50-basis-points/,posts,283294,https://coincu.com/c/news,https://coincu.com/news/,0,no_match_in_raw
https://coincu.com/strategic-bitcoin-reserve-driven/,posts,293272,https://coincu.com/c/casino-reviews/,https://coincu.com/casino-reviews/,0,no_match_in_raw
https://coincu.com/strategic-bitcoin-reserve-driven/,posts,293272,https://coincu.com/c/pr/press-release/,https://coincu.com/pr/press-release/,0,no_match_in_raw
https://coincu.com/strategic-bitcoin-reserve-driven/,posts,293272,https://coincu.com/c/news,https://coincu.com/news/,0,no_match_in_raw
https://coincu.com/bailout-silicon-valley-bank-us-treasury/,posts,173242,https://coincu.com/c/casino-reviews/,https://coincu.com/casino-reviews/,0,no_match_in_raw
https://coincu.com/bailout-silicon-valley-bank-us-treasury/,posts,173242,https://coincu.com/c/pr/press-release/,https://coincu.com/pr/press-release/,0,no_match_in_raw
https://coincu.com/bailout-silicon-valley-bank-us-treasury/,posts,173242,https://coincu.com/c/news,https://coincu.com/news/,0,no_match_in_raw
https://coincu.com/new-treasury-secretary-scott-bessent/,posts,301774,https://coincu.com/c/casino-reviews/,https://coincu.com/casino-reviews/,0,no_match_in_raw
https://coincu.com/new-treasury-secretary-scott-bessent/,posts,301774,https://coincu.com/c/pr/press-release/,https://coincu.com/pr/press-release/,0,no_match_in_raw
https://coincu.com/new-treasury-secretary-scott-bessent/,posts,301774,https://coincu.com/c/news,https://coincu.com/news/,0,no_match_in_raw
https://coincu.com/sec-adds-spot-bitcoin-etf-to-federal-register/,posts,204120,https://coincu.com/c/casino-reviews/,https://coincu.com/casino-reviews/,0,no_match_in_raw
https://coincu.com/sec-adds-spot-bitcoin-etf-to-federal-register/,posts,204120,https://coincu.com/c/pr/press-release/,https://coincu.com/pr/press-release/,0,no_match_in_raw
https://coincu.com/sec-adds-spot-bitcoin-etf-to-federal-register/,posts,204120,https://coincu.com/c/bitcoin,https://coincu.com/bitcoin/,0,no_match_in_raw
https://coincu.com/is-trust-wallet-safe/,posts,152444,https://coincu.com/c/casino-reviews/,https://coincu.com/casino-reviews/,0,no_match_in_raw
https://coincu.com/is-trust-wallet-safe/,posts,152444,https://coincu.com/c/pr/press-release/,https://coincu.com/pr/press-release/,0,no_match_in_raw
https://coincu.com/is-trust-wallet-safe/,posts,152444,https://coincu.com/c/knowledge,https://coincu.com/knowledge/,0,no_match_in_raw
https://coincu.com/4-notes-using-hardware-wallets-in-crypto/,posts,107494,https://coincu.com/c/casino-reviews/,https://coincu.com/casino-reviews/,0,no_match_in_raw
https://coincu.com/4-notes-using-hardware-wallets-in-crypto/,posts,107494,https://coincu.com/c/pr/press-release/,https://coincu.com/pr/press-release/,0,no_match_in_raw
https://coincu.com/4-notes-using-hardware-wallets-in-crypto/,posts,107494,https://coincu.com/c/knowledge,https://coincu.com/knowledge/,0,no_match_in_raw
https://coincu.com/trezor-crypto-purchases-with-moonpay/,posts,121425,https://coincu.com/c/casino-reviews/,https://coincu.com/casino-reviews/,0,no_match_in_raw
https://coincu.com/trezor-crypto-purchases-with-moonpay/,posts,121425,https://coincu.com/c/pr/press-release/,https://coincu.com/pr/press-release/,0,no_match_in_raw
https://coincu.com/trezor-crypto-purchases-with-moonpay/,posts,121425,https://coincu.com/c/news,https://coincu.com/news/,0,no_match_in_raw
https://coincu.com/binance-labs-strategic-investment-in-ngrave/,posts,144636,https://coincu.com/c/casino-reviews/,https://coincu.com/casino-reviews/,0,no_match_in_raw
https://coincu.com/binance-labs-strategic-investment-in-ngrave/,posts,144636,https://coincu.com/c/pr/press-release/,https://coincu.com/pr/press-release/,0,no_match_in_raw
https://coincu.com/binance-labs-strategic-investment-in-ngrave/,posts,144636,https://coincu.com/c/news,https://coincu.com/news/,0,no_match_in_raw
https://coincu.com/ledger-now-integrated-with-yearn/,posts,151610,https://coincu.com/c/casino-reviews/,https://coincu.com/casino-reviews/,0,no_match_in_raw
https://coincu.com/ledger-now-integrated-with-yearn/,posts,151610,https://coincu.com/c/pr/press-release/,https://coincu.com/pr/press-release/,0,no_match_in_raw
https://coincu.com/ledger-now-integrated-with-yearn/,posts,151610,https://coincu.com/c/defi,https://coincu.com/defi/,0,no_match_in_raw
https://coincu.com/monochrome-updated-application-for-bitcoin-etf/,posts,202905,https://coincu.com/c/casino-reviews/,https://coincu.com/casino-reviews/,0,no_match_in_raw
https://coincu.com/monochrome-updated-application-for-bitcoin-etf/,posts,202905,https://coincu.com/c/pr/press-release/,https://coincu.com/pr/press-release/,0,no_match_in_raw
https://coincu.com/monochrome-updated-application-for-bitcoin-etf/,posts,202905,https://coincu.com/c/bitcoin,https://coincu.com/bitcoin/,0,no_match_in_raw
https://coincu.com/bitcoin-spot-etf-outflows-hit-401m/,posts,292251,https://coincu.com/c/casino-reviews/,https://coincu.com/casino-reviews/,0,no_match_in_raw
https://coincu.com/bitcoin-spot-etf-outflows-hit-401m/,posts,292251,https://coincu.com/c/pr/press-release/,https://coincu.com/pr/press-release/,0,no_match_in_raw
https://coincu.com/bitcoin-spot-etf-outflows-hit-401m/,posts,292251,https://coincu.com/c/news,https://coincu.com/news/,0,no_match_in_raw
https://coincu.com/democrats-launches-crypto-for-harris-us-holders/,posts,271073,https://coincu.com/c/casino-reviews/,https://coincu.com/casino-reviews/,0,no_match_in_raw
https://coincu.com/democrats-launches-crypto-for-harris-us-holders/,posts,271073,https://coincu.com/c/pr/press-release/,https://coincu.com/pr/press-release/,0,no_match_in_raw
https://coincu.com/democrats-launches-crypto-for-harris-us-holders/,posts,271073,https://coincu.com/c/news,https://coincu.com/news/,0,no_match_in_raw
https://coincu.com/roaring-kitty-buys-chewy-shares-gamestop-saga/,posts,265811,https://coincu.com/c/casino-reviews/,https://coincu.com/casino-reviews/,0,no_match_in_raw
https://coincu.com/roaring-kitty-buys-chewy-shares-gamestop-saga/,posts,265811,https://coincu.com/c/pr/press-release/,https://coincu.com/pr/press-release/,0,no_match_in_raw
https://coincu.com/roaring-kitty-buys-chewy-shares-gamestop-saga/,posts,265811,https://coincu.com/c/news,https://coincu.com/news/,0,no_match_in_raw
https://coincu.com/gamestop-bitcoin-investment-under-consideration/,posts,322232,https://coincu.com/c/casino-reviews/,https://coincu.com/casino-reviews/,0,no_match_in_raw
https://coincu.com/gamestop-bitcoin-investment-under-consideration/,posts,322232,https://coincu.com/c/pr/press-release/,https://coincu.com/pr/press-release/,0,no_match_in_raw
https://coincu.com/gamestop-bitcoin-investment-under-consideration/,posts,322232,https://coincu.com/c/bitcoin,https://coincu.com/bitcoin/,0,no_match_in_raw
https://coincu.com/gme-calls-target-massive-gains-35-share-drop/,posts,259366,https://coincu.com/c/casino-reviews/,https://coincu.com/casino-reviews/,0,no_match_in_raw
https://coincu.com/gme-calls-target-massive-gains-35-share-drop/,posts,259366,https://coincu.com/c/pr/press-release/,https://coincu.com/pr/press-release/,0,no_match_in_raw
https://coincu.com/gme-calls-target-massive-gains-35-share-drop/,posts,259366,https://coincu.com/c/news,https://coincu.com/news/,0,no_match_in_raw
https://coincu.com/gamestop-takes-a-step-back-from-crypto/,posts,207821,https://coincu.com/c/casino-reviews/,https://coincu.com/casino-reviews/,0,no_match_in_raw
https://coincu.com/gamestop-takes-a-step-back-from-crypto/,posts,207821,https://coincu.com/c/pr/press-release/,https://coincu.com/pr/press-release/,0,no_match_in_raw
https://coincu.com/gamestop-takes-a-step-back-from-crypto/,posts,207821,https://coincu.com/c/news,https://coincu.com/news/,0,no_match_in_raw
https://coincu.com/gamestop-ceo-letter-urging-bitcoin-adoption/,posts,324362,https://coincu.com/c/casino-reviews/,https://coincu.com/casino-reviews/,0,no_match_in_raw
https://coincu.com/gamestop-ceo-letter-urging-bitcoin-adoption/,posts,324362,https://coincu.com/c/pr/press-release/,https://coincu.com/pr/press-release/,0,no_match_in_raw
https://coincu.com/gamestop-ceo-letter-urging-bitcoin-adoption/,posts,324362,https://coincu.com/c/bitcoin,https://coincu.com/bitcoin/,0,no_match_in_raw
https://coincu.com/gamestop-immediately-fire-ceo/,posts,193200,https://coincu.com/c/casino-reviews/,https://coincu.com/casino-reviews/,0,no_match_in_raw
https://coincu.com/gamestop-immediately-fire-ceo/,posts,193200,https://coincu.com/c/pr/press-release/,https://coincu.com/pr/press-release/,0,no_match_in_raw
https://coincu.com/gamestop-immediately-fire-ceo/,posts,193200,https://coincu.com/c/news,https://coincu.com/news/,0,no_match_in_raw
https://coincu.com/world-liberty-financial-expands-portfolio/,posts,303290,https://coincu.com/c/casino-reviews/,https://coincu.com/casino-reviews/,0,no_match_in_raw
https://coincu.com/world-liberty-financial-expands-portfolio/,posts,303290,https://coincu.com/c/pr/press-release/,https://coincu.com/pr/press-release/,0,no_match_in_raw
https://coincu.com/world-liberty-financial-expands-portfolio/,posts,303290,https://coincu.com/c/news,https://coincu.com/news/,0,no_match_in_raw
https://coincu.com/frax-finance-review/,posts,199523,https://coincu.com/c/casino-reviews/,https://coincu.com/casino-reviews/,0,no_match_in_raw
https://coincu.com/frax-finance-review/,posts,199523,https://coincu.com/c/pr/press-release/,https://coincu.com/pr/press-release/,0,no_match_in_raw
https://coincu.com/frax-finance-review/,posts,199523,https://coincu.com/c/other-reviews,https://coincu.com/other-reviews/,0,no_match_in_raw
https://coincu.com/tether-on-chain-wallets-reach-109-million/,posts,296101,https://coincu.com/c/casino-reviews/,https://coincu.com/casino-reviews/,0,no_match_in_raw
https://coincu.com/tether-on-chain-wallets-reach-109-million/,posts,296101,https://coincu.com/c/pr/press-release/,https://coincu.com/pr/press-release/,0,no_match_in_raw
https://coincu.com/tether-on-chain-wallets-reach-109-million/,posts,296101,https://coincu.com/c/news,https://coincu.com/news/,0,no_match_in_raw
https://coincu.com/hut-8-purchase-bitcoin-worth-100-million/,posts,297839,https://coincu.com/c/casino-reviews/,https://coincu.com/casino-reviews/,0,no_match_in_raw
https://coincu.com/hut-8-purchase-bitcoin-worth-100-million/,posts,297839,https://coincu.com/c/pr/press-release/,https://coincu.com/pr/press-release/,0,no_match_in_raw
https://coincu.com/hut-8-purchase-bitcoin-worth-100-million/,posts,297839,https://coincu.com/c/news,https://coincu.com/news/,0,no_match_in_raw
https://coincu.com/top-altcoins-etf-approvals/,posts,321621,https://coincu.com/c/casino-reviews/,https://coincu.com/casino-reviews/,0,no_match_in_raw
https://coincu.com/top-altcoins-etf-approvals/,posts,321621,https://coincu.com/c/pr/press-release/,https://coincu.com/pr/press-release/,0,no_match_in_raw
https://coincu.com/top-altcoins-etf-approvals/,posts,321621,https://coincu.com/c/news,https://coincu.com/news/,0,no_match_in_raw
https://coincu.com/u-s-releases-chinese-crypto-mining-equipment/,posts,325344,https://coincu.com/c/casino-reviews/,https://coincu.com/casino-reviews/,0,no_match_in_raw
https://coincu.com/u-s-releases-chinese-crypto-mining-equipment/,posts,325344,https://coincu.com/c/pr/press-release/,https://coincu.com/pr/press-release/,0,no_match_in_raw
https://coincu.com/u-s-releases-chinese-crypto-mining-equipment/,posts,325344,https://coincu.com/c/mining,https://coincu.com/mining/,0,no_match_in_raw
https://coincu.com/irs-crypto-regulations-refused-by-consensys/,posts,264663,https://coincu.com/c/casino-reviews/,https://coincu.com/casino-reviews/,0,no_match_in_raw
https://coincu.com/irs-crypto-regulations-refused-by-consensys/,posts,264663,https://coincu.com/c/pr/press-release/,https://coincu.com/pr/press-release/,0,no_match_in_raw
https://coincu.com/irs-crypto-regulations-refused-by-consensys/,posts,264663,https://coincu.com/c/news,https://coincu.com/news/,0,no_match_in_raw
https://coincu.com/bitcoin-spot-etf-inflows-reach-223m-over-10d/,posts,296593,https://coincu.com/c/casino-reviews/,https://coincu.com/casino-reviews/,0,no_match_in_raw
https://coincu.com/bitcoin-spot-etf-inflows-reach-223m-over-10d/,posts,296593,https://coincu.com/c/pr/press-release/,https://coincu.com/pr/press-release/,0,no_match_in_raw
https://coincu.com/bitcoin-spot-etf-inflows-reach-223m-over-10d/,posts,296593,https://coincu.com/c/news,https://coincu.com/news/,0,no_match_in_raw
https://coincu.com/strategic-bitcoin-reserves-supported-us-states/,posts,298818,https://coincu.com/c/casino-reviews/,https://coincu.com/casino-reviews/,0,no_match_in_raw
https://coincu.com/strategic-bitcoin-reserves-supported-us-states/,posts,298818,https://coincu.com/c/pr/press-release/,https://coincu.com/pr/press-release/,0,no_match_in_raw
https://coincu.com/strategic-bitcoin-reserves-supported-us-states/,posts,298818,https://coincu.com/c/news,https://coincu.com/news/,0,no_match_in_raw
https://coincu.com/worldcoin-continues-to-face-new-challenge/,posts,209133,https://coincu.com/c/casino-reviews/,https://coincu.com/casino-reviews/,0,no_match_in_raw
https://coincu.com/worldcoin-continues-to-face-new-challenge/,posts,209133,https://coincu.com/c/pr/press-release/,https://coincu.com/pr/press-release/,0,no_match_in_raw
https://coincu.com/worldcoin-continues-to-face-new-challenge/,posts,209133,https://coincu.com/c/news,https://coincu.com/news/,0,no_match_in_raw
https://coincu.com/german-government-bitcoin-available/,posts,267789,https://coincu.com/c/casino-reviews/,https://coincu.com/casino-reviews/,0,no_match_in_raw
https://coincu.com/german-government-bitcoin-available/,posts,267789,https://coincu.com/c/pr/press-release/,https://coincu.com/pr/press-release/,0,no_match_in_raw
https://coincu.com/german-government-bitcoin-available/,posts,267789,https://coincu.com/c/news,https://coincu.com/news/,0,no_match_in_raw
https://coincu.com/marathon-digital-bitcoin-investment-continues/,posts,271938,https://coincu.com/c/casino-reviews/,https://coincu.com/casino-reviews/,0,no_match_in_raw
https://coincu.com/marathon-digital-bitcoin-investment-continues/,posts,271938,https://coincu.com/c/pr/press-release/,https://coincu.com/pr/press-release/,0,no_match_in_raw
https://coincu.com/marathon-digital-bitcoin-investment-continues/,posts,271938,https://coincu.com/c/news,https://coincu.com/news/,0,no_match_in_raw
https://coincu.com/kenyan-president-taps-marathon-digital-bitcoin/,posts,257952,https://coincu.com/c/casino-reviews/,https://coincu.com/casino-reviews/,0,no_match_in_raw
https://coincu.com/kenyan-president-taps-marathon-digital-bitcoin/,posts,257952,https://coincu.com/c/pr/press-release/,https://coincu.com/pr/press-release/,0,no_match_in_raw
https://coincu.com/kenyan-president-taps-marathon-digital-bitcoin/,posts,257952,https://coincu.com/c/news,https://coincu.com/news/,0,no_match_in_raw
https://coincu.com/aave-launches-on-ethereum-mainnet/,posts,281712,https://coincu.com/c/casino-reviews/,https://coincu.com/casino-reviews/,0,no_match_in_raw
https://coincu.com/aave-launches-on-ethereum-mainnet/,posts,281712,https://coincu.com/c/pr/press-release/,https://coincu.com/pr/press-release/,0,no_match_in_raw
https://coincu.com/aave-launches-on-ethereum-mainnet/,posts,281712,https://coincu.com/c/news,https://coincu.com/news/,0,no_match_in_raw
https://coincu.com/gateio-withdrawal-issue-fixed-6-hours-idling/,posts,226404,https://coincu.com/c/casino-reviews/,https://coincu.com/casino-reviews/,0,no_match_in_raw
https://coincu.com/gateio-withdrawal-issue-fixed-6-hours-idling/,posts,226404,https://coincu.com/c/pr/press-release/,https://coincu.com/pr/press-release/,0,no_match_in_raw
https://coincu.com/gateio-withdrawal-issue-fixed-6-hours-idling/,posts,226404,https://coincu.com/c/news,https://coincu.com/news/,0,no_match_in_raw
https://coincu.com/bitcoin-miner-auradine-raises-80m-in-series-b/,posts,254608,https://coincu.com/c/casino-reviews/,https://coincu.com/casino-reviews/,0,no_match_in_raw
https://coincu.com/bitcoin-miner-auradine-raises-80m-in-series-b/,posts,254608,https://coincu.com/c/pr/press-release/,https://coincu.com/pr/press-release/,0,no_match_in_raw
https://coincu.com/bitcoin-miner-auradine-raises-80m-in-series-b/,posts,254608,https://coincu.com/c/news,https://coincu.com/news/,0,no_match_in_raw
https://coincu.com/pumpfun-coin-creation-is-now-free/,posts,271586,https://coincu.com/c/casino-reviews/,https://coincu.com/casino-reviews/,0,no_match_in_raw
https://coincu.com/pumpfun-coin-creation-is-now-free/,posts,271586,https://coincu.com/c/pr/press-release/,https://coincu.com/pr/press-release/,0,no_match_in_raw
https://coincu.com/pumpfun-coin-creation-is-now-free/,posts,271586,https://coincu.com/c/news,https://coincu.com/news/,0,no_match_in_raw
https://coincu.com/tether-invests-in-stablr-european-stablecoin/,posts,297461,https://coincu.com/c/casino-reviews/,https://coincu.com/casino-reviews/,0,no_match_in_raw
https://coincu.com/tether-invests-in-stablr-european-stablecoin/,posts,297461,https://coincu.com/c/pr/press-release/,https://coincu.com/pr/press-release/,0,no_match_in_raw
https://coincu.com/tether-invests-in-stablr-european-stablecoin/,posts,297461,https://coincu.com/c/news,https://coincu.com/news/,0,no_match_in_raw
https://coincu.com/an-overview-of-tron-exchange-how-to-trade-trx/,posts,262957,https://coincu.com/c/casino-reviews/,https://coincu.com/casino-reviews/,0,no_match_in_raw
https://coincu.com/an-overview-of-tron-exchange-how-to-trade-trx/,posts,262957,https://coincu.com/c/pr/press-release/,https://coincu.com/pr/press-release/,0,no_match_in_raw
https://coincu.com/an-overview-of-tron-exchange-how-to-trade-trx/,posts,262957,https://coincu.com/c/knowledge,https://coincu.com/knowledge/,0,no_match_in_raw
https://coincu.com/solana-network-fees-drop-to-six-month-low/,posts,282020,https://coincu.com/c/casino-reviews/,https://coincu.com/casino-reviews/,0,no_match_in_raw
https://coincu.com/solana-network-fees-drop-to-six-month-low/,posts,282020,https://coincu.com/c/pr/press-release/,https://coincu.com/pr/press-release/,0,no_match_in_raw
https://coincu.com/solana-network-fees-drop-to-six-month-low/,posts,282020,https://coincu.com/c/news,https://coincu.com/news/,0,no_match_in_raw
https://coincu.com/bitcoin-purchased-by-etfs-this-week/,posts,261111,https://coincu.com/c/casino-reviews/,https://coincu.com/casino-reviews/,0,no_match_in_raw
https://coincu.com/bitcoin-purchased-by-etfs-this-week/,posts,261111,https://coincu.com/c/pr/press-release/,https://coincu.com/pr/press-release/,0,no_match_in_raw
https://coincu.com/bitcoin-purchased-by-etfs-this-week/,posts,261111,https://coincu.com/c/news,https://coincu.com/news/,0,no_match_in_raw
https://coincu.com/blackrock-ceo-makes-bold-prediction-for-crypto/,posts,202966,https://coincu.com/c/casino-reviews/,https://coincu.com/casino-reviews/,0,no_match_in_raw
https://coincu.com/blackrock-ceo-makes-bold-prediction-for-crypto/,posts,202966,https://coincu.com/c/pr/press-release/,https://coincu.com/pr/press-release/,0,no_match_in_raw
https://coincu.com/blackrock-ceo-makes-bold-prediction-for-crypto/,posts,202966,https://coincu.com/c/news,https://coincu.com/news/,0,no_match_in_raw
https://coincu.com/bitcoin-spot-etf-inflows-surge-631-million/,posts,247344,https://coincu.com/c/casino-reviews/,https://coincu.com/casino-reviews/,0,no_match_in_raw
https://coincu.com/bitcoin-spot-etf-inflows-surge-631-million/,posts,247344,https://coincu.com/c/pr/press-release/,https://coincu.com/pr/press-release/,0,no_match_in_raw
https://coincu.com/bitcoin-spot-etf-inflows-surge-631-million/,posts,247344,https://coincu.com/c/news,https://coincu.com/news/,0,no_match_in_raw
https://coincu.com/india-will-establish-crypto-growth/,posts,216750,https://coincu.com/c/casino-reviews/,https://coincu.com/casino-reviews/,0,no_match_in_raw
https://coincu.com/india-will-establish-crypto-growth/,posts,216750,https://coincu.com/c/pr/press-release/,https://coincu.com/pr/press-release/,0,no_match_in_raw
https://coincu.com/india-will-establish-crypto-growth/,posts,216750,https://coincu.com/c/news,https://coincu.com/news/,0,no_match_in_raw
https://coincu.com/mexc-global-accused-false-listing/,posts,192190,https://coincu.com/c/casino-reviews/,https://coincu.com/casino-reviews/,0,no_match_in_raw
https://coincu.com/mexc-global-accused-false-listing/,posts,192190,https://coincu.com/c/pr/press-release/,https://coincu.com/pr/press-release/,0,no_match_in_raw
https://coincu.com/mexc-global-accused-false-listing/,posts,192190,https://coincu.com/c/news,https://coincu.com/news/,0,no_match_in_raw
https://coincu.com/binance-recent-settlement-doesnt-sec-give-up/,posts,235141,https://coincu.com/c/casino-reviews/,https://coincu.com/casino-reviews/,0,no_match_in_raw
https://coincu.com/binance-recent-settlement-doesnt-sec-give-up/,posts,235141,https://coincu.com/c/pr/press-release/,https://coincu.com/pr/press-release/,0,no_match_in_raw
https://coincu.com/binance-recent-settlement-doesnt-sec-give-up/,posts,235141,https://coincu.com/c/news,https://coincu.com/news/,0,no_match_in_raw
https://coincu.com/mexc-global-exchange-allows-card-payments/,posts,106930,https://coincu.com/c/casino-reviews/,https://coincu.com/casino-reviews/,0,no_match_in_raw
https://coincu.com/mexc-global-exchange-allows-card-payments/,posts,106930,https://coincu.com/c/pr/press-release/,https://coincu.com/pr/press-release/,0,no_match_in_raw
https://coincu.com/mexc-global-exchange-allows-card-payments/,posts,106930,https://coincu.com/c/news,https://coincu.com/news/,0,no_match_in_raw
https://coincu.com/huobi-leaking-users-private-keys/,posts,218083,https://coincu.com/c/casino-reviews/,https://coincu.com/casino-reviews/,0,no_match_in_raw
https://coincu.com/huobi-leaking-users-private-keys/,posts,218083,https://coincu.com/c/pr/press-release/,https://coincu.com/pr/press-release/,0,no_match_in_raw
https://coincu.com/huobi-leaking-users-private-keys/,posts,218083,https://coincu.com/c/news,https://coincu.com/news/,0,no_match_in_raw
https://coincu.com/mexc-global-reached-10-million-users/,posts,144001,https://coincu.com/c/casino-reviews/,https://coincu.com/casino-reviews/,0,no_match_in_raw
https://coincu.com/mexc-global-reached-10-million-users/,posts,144001,https://coincu.com/c/pr/press-release/,https://coincu.com/pr/press-release/,0,no_match_in_raw
https://coincu.com/mexc-global-reached-10-million-users/,posts,144001,https://coincu.com/c/news,https://coincu.com/news/,0,no_match_in_raw
https://coincu.com/binance-founder-cz-sentenced-to-4-months-prison/,posts,257258,https://coincu.com/c/casino-reviews/,https://coincu.com/casino-reviews/,0,no_match_in_raw
https://coincu.com/binance-founder-cz-sentenced-to-4-months-prison/,posts,257258,https://coincu.com/c/pr/press-release/,https://coincu.com/pr/press-release/,0,no_match_in_raw
https://coincu.com/binance-founder-cz-sentenced-to-4-months-prison/,posts,257258,https://coincu.com/c/news,https://coincu.com/news/,0,no_match_in_raw
https://coincu.com/coinbase-quarter-revenue/,posts,257563,https://coincu.com/c/casino-reviews/,https://coincu.com/casino-reviews/,0,no_match_in_raw
https://coincu.com/coinbase-quarter-revenue/,posts,257563,https://coincu.com/c/pr/press-release/,https://coincu.com/pr/press-release/,0,no_match_in_raw
https://coincu.com/coinbase-quarter-revenue/,posts,257563,https://coincu.com/c/news,https://coincu.com/news/,0,no_match_in_raw
https://coincu.com/what-is-staking-and-8-criteria-to-determine/,posts,166731,https://coincu.com/c/casino-reviews/,https://coincu.com/casino-reviews/,0,no_match_in_raw
https://coincu.com/what-is-staking-and-8-criteria-to-determine/,posts,166731,https://coincu.com/c/pr/press-release/,https://coincu.com/pr/press-release/,0,no_match_in_raw
https://coincu.com/what-is-staking-and-8-criteria-to-determine/,posts,166731,https://coincu.com/c/knowledge,https://coincu.com/knowledge/,0,no_match_in_raw
https://coincu.com/starknet-v0-13-3-is-launched-mainnet-this-week/,posts,292757,https://coincu.com/c/casino-reviews/,https://coincu.com/casino-reviews/,0,no_match_in_raw
https://coincu.com/starknet-v0-13-3-is-launched-mainnet-this-week/,posts,292757,https://coincu.com/c/pr/press-release/,https://coincu.com/pr/press-release/,0,no_match_in_raw
https://coincu.com/starknet-v0-13-3-is-launched-mainnet-this-week/,posts,292757,https://coincu.com/c/news,https://coincu.com/news/,0,no_match_in_raw
https://coincu.com/strk-staking-phase-1-is-now-live-on-mainnet/,posts,293921,https://coincu.com/c/casino-reviews/,https://coincu.com/casino-reviews/,0,no_match_in_raw
https://coincu.com/strk-staking-phase-1-is-now-live-on-mainnet/,posts,293921,https://coincu.com/c/pr/press-release/,https://coincu.com/pr/press-release/,0,no_match_in_raw
https://coincu.com/strk-staking-phase-1-is-now-live-on-mainnet/,posts,293921,https://coincu.com/c/news,https://coincu.com/news/,0,no_match_in_raw
https://coincu.com/starknets-zkx-protocol-shocks-market-makers/,posts,270701,https://coincu.com/c/casino-reviews/,https://coincu.com/casino-reviews/,0,no_match_in_raw
https://coincu.com/starknets-zkx-protocol-shocks-market-makers/,posts,270701,https://coincu.com/c/pr/press-release/,https://coincu.com/pr/press-release/,0,no_match_in_raw
https://coincu.com/starknets-zkx-protocol-shocks-market-makers/,posts,270701,https://coincu.com/c/news,https://coincu.com/news/,0,no_match_in_raw
https://coincu.com/starknet-sn-stack-launched/,posts,301356,https://coincu.com/c/casino-reviews/,https://coincu.com/casino-reviews/,0,no_match_in_raw
https://coincu.com/starknet-sn-stack-launched/,posts,301356,https://coincu.com/c/pr/press-release/,https://coincu.com/pr/press-release/,0,no_match_in_raw
https://coincu.com/starknet-sn-stack-launched/,posts,301356,https://coincu.com/c/news,https://coincu.com/news/,0,no_match_in_raw
https://coincu.com/starknet-will-launch-strk-staking-in-october/,posts,278929,https://coincu.com/c/casino-reviews/,https://coincu.com/casino-reviews/,0,no_match_in_raw
https://coincu.com/starknet-will-launch-strk-staking-in-october/,posts,278929,https://coincu.com/c/pr/press-release/,https://coincu.com/pr/press-release/,0,no_match_in_raw
https://coincu.com/starknet-will-launch-strk-staking-in-october/,posts,278929,https://coincu.com/c/news,https://coincu.com/news/,0,no_match_in_raw
https://coincu.com/coinbase-sec-lawsuit-isnt-over-ye/,posts,250233,https://coincu.com/c/casino-reviews/,https://coincu.com/casino-reviews/,0,no_match_in_raw
https://coincu.com/coinbase-sec-lawsuit-isnt-over-ye/,posts,250233,https://coincu.com/c/pr/press-release/,https://coincu.com/pr/press-release/,0,no_match_in_raw
https://coincu.com/coinbase-sec-lawsuit-isnt-over-ye/,posts,250233,https://coincu.com/c/news,https://coincu.com/news/,0,no_match_in_raw
https://coincu.com/aave-dao-approves-acquire-aura-olympus-dao/,posts,216095,https://coincu.com/c/casino-reviews/,https://coincu.com/casino-reviews/,0,no_match_in_raw
https://coincu.com/aave-dao-approves-acquire-aura-olympus-dao/,posts,216095,https://coincu.com/c/pr/press-release/,https://coincu.com/pr/press-release/,0,no_match_in_raw
https://coincu.com/aave-dao-approves-acquire-aura-olympus-dao/,posts,216095,https://coincu.com/c/defi,https://coincu.com/defi/,0,no_match_in_raw
https://coincu.com/benddao-proposal-apecoin-staking/,posts,129639,https://coincu.com/c/casino-reviews/,https://coincu.com/casino-reviews/,0,no_match_in_raw
https://coincu.com/benddao-proposal-apecoin-staking/,posts,129639,https://coincu.com/c/pr/press-release/,https://coincu.com/pr/press-release/,0,no_match_in_raw
https://coincu.com/benddao-proposal-apecoin-staking/,posts,129639,https://coincu.com/c/nfts-news,https://coincu.com/nfts-news/,0,no_match_in_raw
https://coincu.com/benddao-proposes-to-change/,posts,119439,https://coincu.com/c/casino-reviews/,https://coincu.com/casino-reviews/,0,no_match_in_raw
https://coincu.com/benddao-proposes-to-change/,posts,119439,https://coincu.com/c/pr/press-release/,https://coincu.com/pr/press-release/,0,no_match_in_raw
https://coincu.com/benddao-proposes-to-change/,posts,119439,https://coincu.com/c/nfts-news,https://coincu.com/nfts-news/,0,no_match_in_raw
https://coincu.com/coinbase-pause-eth-erc-20-token/,posts,117846,https://coincu.com/c/casino-reviews/,https://coincu.com/casino-reviews/,0,no_match_in_raw
https://coincu.com/coinbase-pause-eth-erc-20-token/,posts,117846,https://coincu.com/c/pr/press-release/,https://coincu.com/pr/press-release/,0,no_match_in_raw
https://coincu.com/coinbase-pause-eth-erc-20-token/,posts,117846,https://coincu.com/c/defi,https://coincu.com/defi/,0,no_match_in_raw
https://coincu.com/solidus-labs-detected-majority-scam/,posts,137726,https://coincu.com/c/casino-reviews/,https://coincu.com/casino-reviews/,0,no_match_in_raw
https://coincu.com/solidus-labs-detected-majority-scam/,posts,137726,https://coincu.com/c/pr/press-release/,https://coincu.com/pr/press-release/,0,no_match_in_raw
https://coincu.com/solidus-labs-detected-majority-scam/,posts,137726,https://coincu.com/c/news,https://coincu.com/news/,0,no_match_in_raw
https://coincu.com/what-is-blockchain-danksharding/,posts,113352,https://coincu.com/c/casino-reviews/,https://coincu.com/casino-reviews/,0,no_match_in_raw
https://coincu.com/what-is-blockchain-danksharding/,posts,113352,https://coincu.com/c/pr/press-release/,https://coincu.com/pr/press-release/,0,no_match_in_raw
https://coincu.com/what-is-blockchain-danksharding/,posts,113352,https://coincu.com/c/knowledge,https://coincu.com/knowledge/,0,no_match_in_raw
https://coincu.com/coinbase-sent-unsupported-erc-20-tokens/,posts,152281,https://coincu.com/c/casino-reviews/,https://coincu.com/casino-reviews/,0,no_match_in_raw
https://coincu.com/coinbase-sent-unsupported-erc-20-tokens/,posts,152281,https://coincu.com/c/pr/press-release/,https://coincu.com/pr/press-release/,0,no_match_in_raw
https://coincu.com/coinbase-sent-unsupported-erc-20-tokens/,posts,152281,https://coincu.com/c/news,https://coincu.com/news/,0,no_match_in_raw
https://coincu.com/poloniex-suspends-supporting-bep20-network/,posts,145981,https://coincu.com/c/casino-reviews/,https://coincu.com/casino-reviews/,0,no_match_in_raw
https://coincu.com/poloniex-suspends-supporting-bep20-network/,posts,145981,https://coincu.com/c/pr/press-release/,https://coincu.com/pr/press-release/,0,no_match_in_raw
https://coincu.com/poloniex-suspends-supporting-bep20-network/,posts,145981,https://coincu.com/c/news,https://coincu.com/news/,0,no_match_in_raw
https://coincu.com/what-is-trc20-standard/,posts,279340,https://coincu.com/c/casino-reviews/,https://coincu.com/casino-reviews/,0,no_match_in_raw
https://coincu.com/what-is-trc20-standard/,posts,279340,https://coincu.com/c/pr/press-release/,https://coincu.com/pr/press-release/,0,no_match_in_raw
https://coincu.com/what-is-trc20-standard/,posts,279340,https://coincu.com/c/knowledge,https://coincu.com/knowledge/,0,no_match_in_raw
https://coincu.com/usdt-trc20-wallet-trading-on-tron/,posts,280732,https://coincu.com/c/casino-reviews/,https://coincu.com/casino-reviews/,0,no_match_in_raw
https://coincu.com/usdt-trc20-wallet-trading-on-tron/,posts,280732,https://coincu.com/c/pr/press-release/,https://coincu.com/pr/press-release/,0,no_match_in_raw
https://coincu.com/usdt-trc20-wallet-trading-on-tron/,posts,280732,https://coincu.com/c/knowledge,https://coincu.com/knowledge/,0,no_match_in_raw
https://coincu.com/buterin-transfers-eth-to-railgun-monthly/,posts,260506,https://coincu.com/c/casino-reviews/,https://coincu.com/casino-reviews/,0,no_match_in_raw
https://coincu.com/buterin-transfers-eth-to-railgun-monthly/,posts,260506,https://coincu.com/c/pr/press-release/,https://coincu.com/pr/press-release/,0,no_match_in_raw
https://coincu.com/buterin-transfers-eth-to-railgun-monthly/,posts,260506,https://coincu.com/c/news,https://coincu.com/news/,0,no_match_in_raw
https://coincu.com/coinbase-asset-listings-native-assets-erc20/,posts,180426,https://coincu.com/c/casino-reviews/,https://coincu.com/casino-reviews/,0,no_match_in_raw
https://coincu.com/coinbase-asset-listings-native-assets-erc20/,posts,180426,https://coincu.com/c/pr/press-release/,https://coincu.com/pr/press-release/,0,no_match_in_raw
https://coincu.com/coinbase-asset-listings-native-assets-erc20/,posts,180426,https://coincu.com/c/news,https://coincu.com/news/,0,no_match_in_raw
https://coincu.com/weekly-top-crypto-news-october-2-october-8/,posts,222232,https://coincu.com/c/casino-reviews/,https://coincu.com/casino-reviews/,0,no_match_in_raw
https://coincu.com/weekly-top-crypto-news-october-2-october-8/,posts,222232,https://coincu.com/c/pr/press-release/,https://coincu.com/pr/press-release/,0,no_match_in_raw
https://coincu.com/weekly-top-crypto-news-october-2-october-8/,posts,222232,https://coincu.com/c/uncategorized,https://coincu.com/uncategorized/,0,no_match_in_raw
https://coincu.com/galxe-hack-270k-stolen-site-restored-to-normal/,posts,222162,https://coincu.com/c/casino-reviews/,https://coincu.com/casino-reviews/,0,no_match_in_raw
https://coincu.com/galxe-hack-270k-stolen-site-restored-to-normal/,posts,222162,https://coincu.com/c/pr/press-release/,https://coincu.com/pr/press-release/,0,no_match_in_raw
https://coincu.com/galxe-hack-270k-stolen-site-restored-to-normal/,posts,222162,https://coincu.com/c/news,https://coincu.com/news/,0,no_match_in_raw
https://coincu.com/galxe-id-upgraded-after-the-hack/,posts,223949,https://coincu.com/c/casino-reviews/,https://coincu.com/casino-reviews/,0,no_match_in_raw
https://coincu.com/galxe-id-upgraded-after-the-hack/,posts,223949,https://coincu.com/c/pr/press-release/,https://coincu.com/pr/press-release/,0,no_match_in_raw
https://coincu.com/galxe-id-upgraded-after-the-hack/,posts,223949,https://coincu.com/c/news,https://coincu.com/news/,0,no_match_in_raw
https://coincu.com/galxe-hack-causes-worries/,posts,222078,https://coincu.com/c/casino-reviews/,https://coincu.com/casino-reviews/,0,no_match_in_raw
https://coincu.com/galxe-hack-causes-worries/,posts,222078,https://coincu.com/c/pr/press-release/,https://coincu.com/pr/press-release/,0,no_match_in_raw
https://coincu.com/galxe-hack-causes-worries/,posts,222078,https://coincu.com/c/news,https://coincu.com/news/,0,no_match_in_raw
https://coincu.com/galxe-hack-witnesses-200000-in-losses/,posts,222117,https://coincu.com/c/casino-reviews/,https://coincu.com/casino-reviews/,0,no_match_in_raw
https://coincu.com/galxe-hack-witnesses-200000-in-losses/,posts,222117,https://coincu.com/c/pr/press-release/,https://coincu.com/pr/press-release/,0,no_match_in_raw
https://coincu.com/galxe-hack-witnesses-200000-in-losses/,posts,222117,https://coincu.com/c/news,https://coincu.com/news/,0,no_match_in_raw
https://coincu.com/suiswap-review/,posts,192134,https://coincu.com/c/casino-reviews/,https://coincu.com/casino-reviews/,0,no_match_in_raw
https://coincu.com/suiswap-review/,posts,192134,https://coincu.com/c/pr/press-release/,https://coincu.com/pr/press-release/,0,no_match_in_raw
https://coincu.com/suiswap-review/,posts,192134,https://coincu.com/c/other-reviews,https://coincu.com/other-reviews/,0,no_match_in_raw
https://coincu.com/uniswap-v3-optimism-review/,posts,173190,https://coincu.com/c/casino-reviews/,https://coincu.com/casino-reviews/,0,no_match_in_raw
https://coincu.com/uniswap-v3-optimism-review/,posts,173190,https://coincu.com/c/pr/press-release/,https://coincu.com/pr/press-release/,0,no_match_in_raw
https://coincu.com/uniswap-v3-optimism-review/,posts,173190,https://coincu.com/c/exchange-reviews,https://coincu.com/exchange-reviews/,0,no_match_in_raw
https://coincu.com/sui-foundation-cuts-ties-with-movex/,posts,206456,https://coincu.com/c/casino-reviews/,https://coincu.com/casino-reviews/,0,no_match_in_raw
https://coincu.com/sui-foundation-cuts-ties-with-movex/,posts,206456,https://coincu.com/c/pr/press-release/,https://coincu.com/pr/press-release/,0,no_match_in_raw
https://coincu.com/sui-foundation-cuts-ties-with-movex/,posts,206456,https://coincu.com/c/news,https://coincu.com/news/,0,no_match_in_raw
https://coincu.com/sui-network-introduces-liquid-staking/,posts,208005,https://coincu.com/c/casino-reviews/,https://coincu.com/casino-reviews/,0,no_match_in_raw
https://coincu.com/sui-network-introduces-liquid-staking/,posts,208005,https://coincu.com/c/pr/press-release/,https://coincu.com/pr/press-release/,0,no_match_in_raw
https://coincu.com/sui-network-introduces-liquid-staking/,posts,208005,https://coincu.com/c/blockchain,https://coincu.com/blockchain/,0,no_match_in_raw
https://coincu.com/matrixdock-launches-smart-invest-to-make-physical-gold-ownership-more-accessible-via-dollar-cost-averaging/,posts,338432,https://coincu.com/c/casino-reviews/,https://coincu.com/casino-reviews/,0,no_match_in_raw
https://coincu.com/matrixdock-launches-smart-invest-to-make-physical-gold-ownership-more-accessible-via-dollar-cost-averaging/,posts,338432,https://coincu.com/c/press-release,https://coincu.com/press-release/,0,no_match_in_raw
https://coincu.com/matrixdock-launches-smart-invest-to-make-physical-gold-ownership-more-accessible-via-dollar-cost-averaging/,posts,338432,https://coincu.com/c/pr/press-release/,https://coincu.com/pr/press-release/,0,no_match_in_raw
https://coincu.com/tornado-cash-allegations-are-unreasonable/,posts,212976,https://coincu.com/c/casino-reviews/,https://coincu.com/casino-reviews/,0,no_match_in_raw
https://coincu.com/tornado-cash-allegations-are-unreasonable/,posts,212976,https://coincu.com/c/pr/press-release/,https://coincu.com/pr/press-release/,0,no_match_in_raw
https://coincu.com/tornado-cash-allegations-are-unreasonable/,posts,212976,https://coincu.com/c/news,https://coincu.com/news/,0,no_match_in_raw
https://coincu.com/tornado-cash-ruling-casts-dark-shadow-market/,posts,259878,https://coincu.com/c/casino-reviews/,https://coincu.com/casino-reviews/,0,no_match_in_raw
https://coincu.com/tornado-cash-ruling-casts-dark-shadow-market/,posts,259878,https://coincu.com/c/pr/press-release/,https://coincu.com/pr/press-release/,0,no_match_in_raw
https://coincu.com/tornado-cash-ruling-casts-dark-shadow-market/,posts,259878,https://coincu.com/c/news,https://coincu.com/news/,0,no_match_in_raw
https://coincu.com/tornado-cash-developer-indicted-cooperation/,posts,213313,https://coincu.com/c/casino-reviews/,https://coincu.com/casino-reviews/,0,no_match_in_raw
https://coincu.com/tornado-cash-developer-indicted-cooperation/,posts,213313,https://coincu.com/c/pr/press-release/,https://coincu.com/pr/press-release/,0,no_match_in_raw
https://coincu.com/tornado-cash-developer-indicted-cooperation/,posts,213313,https://coincu.com/c/news,https://coincu.com/news/,0,no_match_in_raw
https://coincu.com/tornado-cash-developer-proposed-prison-sentence/,posts,252497,https://coincu.com/c/casino-reviews/,https://coincu.com/casino-reviews/,0,no_match_in_raw
https://coincu.com/tornado-cash-developer-proposed-prison-sentence/,posts,252497,https://coincu.com/c/pr/press-release/,https://coincu.com/pr/press-release/,0,no_match_in_raw
https://coincu.com/tornado-cash-developer-proposed-prison-sentence/,posts,252497,https://coincu.com/c/news,https://coincu.com/news/,0,no_match_in_raw
https://coincu.com/tornado-cash-dev-will-serve-90-days-prison/,posts,119916,https://coincu.com/c/casino-reviews/,https://coincu.com/casino-reviews/,0,no_match_in_raw
https://coincu.com/tornado-cash-dev-will-serve-90-days-prison/,posts,119916,https://coincu.com/c/pr/press-release/,https://coincu.com/pr/press-release/,0,no_match_in_raw
https://coincu.com/tornado-cash-dev-will-serve-90-days-prison/,posts,119916,https://coincu.com/c/news,https://coincu.com/news/,0,no_match_in_raw
https://coincu.com/bubblemaps-bursts-binance-strong-backers-behind/,posts,328007,https://coincu.com/c/casino-reviews/,https://coincu.com/casino-reviews/,0,no_match_in_raw
https://coincu.com/bubblemaps-bursts-binance-strong-backers-behind/,posts,328007,https://coincu.com/c/pr/press-release/,https://coincu.com/pr/press-release/,0,no_match_in_raw
https://coincu.com/bubblemaps-bursts-binance-strong-backers-behind/,posts,328007,https://coincu.com/c/knowledge,https://coincu.com/knowledge/,0,no_match_in_raw
https://coincu.com/tornado-cash-developer-in-jail/,posts,129561,https://coincu.com/c/casino-reviews/,https://coincu.com/casino-reviews/,0,no_match_in_raw
https://coincu.com/tornado-cash-developer-in-jail/,posts,129561,https://coincu.com/c/pr/press-release/,https://coincu.com/pr/press-release/,0,no_match_in_raw
https://coincu.com/tornado-cash-developer-in-jail/,posts,129561,https://coincu.com/c/news,https://coincu.com/news/,0,no_match_in_raw
https://coincu.com/matter-labs-to-launch-layer-3-testnet/,posts,132529,https://coincu.com/c/casino-reviews/,https://coincu.com/casino-reviews/,0,no_match_in_raw
https://coincu.com/matter-labs-to-launch-layer-3-testnet/,posts,132529,https://coincu.com/c/pr/press-release/,https://coincu.com/pr/press-release/,0,no_match_in_raw
https://coincu.com/matter-labs-to-launch-layer-3-testnet/,posts,132529,https://coincu.com/c/blockchain,https://coincu.com/blockchain/,0,no_match_in_raw
https://coincu.com/starknet-staking-expected-to-launch-mainnet-q4/,posts,267716,https://coincu.com/c/casino-reviews/,https://coincu.com/casino-reviews/,0,no_match_in_raw
https://coincu.com/starknet-staking-expected-to-launch-mainnet-q4/,posts,267716,https://coincu.com/c/pr/press-release/,https://coincu.com/pr/press-release/,0,no_match_in_raw
https://coincu.com/starknet-staking-expected-to-launch-mainnet-q4/,posts,267716,https://coincu.com/c/news,https://coincu.com/news/,0,no_match_in_raw
https://coincu.com/opensea-launch-nft-projects-on-optimism/,posts,128440,https://coincu.com/c/casino-reviews/,https://coincu.com/casino-reviews/,0,no_match_in_raw
https://coincu.com/opensea-launch-nft-projects-on-optimism/,posts,128440,https://coincu.com/c/pr/press-release/,https://coincu.com/pr/press-release/,0,no_match_in_raw
https://coincu.com/opensea-launch-nft-projects-on-optimism/,posts,128440,https://coincu.com/c/nfts-news,https://coincu.com/nfts-news/,0,no_match_in_raw
https://coincu.com/zksync-mainnet-development-roadmap/,posts,110782,https://coincu.com/c/casino-reviews/,https://coincu.com/casino-reviews/,0,no_match_in_raw
https://coincu.com/zksync-mainnet-development-roadmap/,posts,110782,https://coincu.com/c/pr/press-release/,https://coincu.com/pr/press-release/,0,no_match_in_raw
https://coincu.com/zksync-mainnet-development-roadmap/,posts,110782,https://coincu.com/c/ethereum,https://coincu.com/ethereum/,0,no_match_in_raw
https://coincu.com/starkware-bitcoin-scaling-solutions/,posts,262462,https://coincu.com/c/casino-reviews/,https://coincu.com/casino-reviews/,0,no_match_in_raw
https://coincu.com/starkware-bitcoin-scaling-solutions/,posts,262462,https://coincu.com/c/pr/press-release/,https://coincu.com/pr/press-release/,0,no_match_in_raw
https://coincu.com/starkware-bitcoin-scaling-solutions/,posts,262462,https://coincu.com/c/news,https://coincu.com/news/,0,no_match_in_raw
https://coincu.com/starknet-layer-3-appchains-developed/,posts,238736,https://coincu.com/c/casino-reviews/,https://coincu.com/casino-reviews/,0,no_match_in_raw
https://coincu.com/starknet-layer-3-appchains-developed/,posts,238736,https://coincu.com/c/pr/press-release/,https://coincu.com/pr/press-release/,0,no_match_in_raw
https://coincu.com/starknet-layer-3-appchains-developed/,posts,238736,https://coincu.com/c/blockchain,https://coincu.com/blockchain/,0,no_match_in_raw
https://coincu.com/starkware-token-unlock-schedule/,posts,248013,https://coincu.com/c/casino-reviews/,https://coincu.com/casino-reviews/,0,no_match_in_raw
https://coincu.com/starkware-token-unlock-schedule/,posts,248013,https://coincu.com/c/pr/press-release/,https://coincu.com/pr/press-release/,0,no_match_in_raw
https://coincu.com/starkware-token-unlock-schedule/,posts,248013,https://coincu.com/c/news,https://coincu.com/news/,0,no_match_in_raw
https://coincu.com/espresso-review/,posts,208537,https://coincu.com/c/casino-reviews/,https://coincu.com/casino-reviews/,0,no_match_in_raw
https://coincu.com/espresso-review/,posts,208537,https://coincu.com/c/pr/press-release/,https://coincu.com/pr/press-release/,0,no_match_in_raw
https://coincu.com/espresso-review/,posts,208537,https://coincu.com/c/other-reviews,https://coincu.com/other-reviews/,0,no_match_in_raw
https://coincu.com/zero-knowledge-proof-projects-in-2023/,posts,205130,https://coincu.com/c/casino-reviews/,https://coincu.com/casino-reviews/,0,no_match_in_raw
https://coincu.com/zero-knowledge-proof-projects-in-2023/,posts,205130,https://coincu.com/c/pr/press-release/,https://coincu.com/pr/press-release/,0,no_match_in_raw
https://coincu.com/zero-knowledge-proof-projects-in-2023/,posts,205130,https://coincu.com/c/uncategorized,https://coincu.com/uncategorized/,0,no_match_in_raw
https://coincu.com/zklend-reviews-outstanding-lending-platform/,posts,188987,https://coincu.com/c/casino-reviews/,https://coincu.com/casino-reviews/,0,no_match_in_raw
https://coincu.com/zklend-reviews-outstanding-lending-platform/,posts,188987,https://coincu.com/c/pr/press-release/,https://coincu.com/pr/press-release/,0,no_match_in_raw
https://coincu.com/zklend-reviews-outstanding-lending-platform/,posts,188987,https://coincu.com/c/other-reviews,https://coincu.com/other-reviews/,0,no_match_in_raw
https://coincu.com/zkswap-review/,posts,208492,https://coincu.com/c/casino-reviews/,https://coincu.com/casino-reviews/,0,no_match_in_raw
https://coincu.com/zkswap-review/,posts,208492,https://coincu.com/c/pr/press-release/,https://coincu.com/pr/press-release/,0,no_match_in_raw
https://coincu.com/zkswap-review/,posts,208492,https://coincu.com/c/other-reviews,https://coincu.com/other-reviews/,0,no_match_in_raw
https://coincu.com/starknet-review/,posts,176562,https://coincu.com/c/casino-reviews/,https://coincu.com/casino-reviews/,0,no_match_in_raw
https://coincu.com/starknet-review/,posts,176562,https://coincu.com/c/pr/press-release/,https://coincu.com/pr/press-release/,0,no_match_in_raw
https://coincu.com/starknet-review/,posts,176562,https://coincu.com/c/other-reviews,https://coincu.com/other-reviews/,0,no_match_in_raw
https://coincu.com/starknet-v0120-to-be-deployed-on-july-12/,posts,200148,https://coincu.com/c/casino-reviews/,https://coincu.com/casino-reviews/,0,no_match_in_raw
https://coincu.com/starknet-v0120-to-be-deployed-on-july-12/,posts,200148,https://coincu.com/c/pr/press-release/,https://coincu.com/pr/press-release/,0,no_match_in_raw
https://coincu.com/starknet-v0120-to-be-deployed-on-july-12/,posts,200148,https://coincu.com/c/blockchain,https://coincu.com/blockchain/,0,no_match_in_raw
https://coincu.com/total-spot-bitcoin-etf-trading-volume/,posts,248416,https://coincu.com/c/casino-reviews/,https://coincu.com/casino-reviews/,0,no_match_in_raw
https://coincu.com/total-spot-bitcoin-etf-trading-volume/,posts,248416,https://coincu.com/c/pr/press-release/,https://coincu.com/pr/press-release/,0,no_match_in_raw
https://coincu.com/total-spot-bitcoin-etf-trading-volume/,posts,248416,https://coincu.com/c/news,https://coincu.com/news/,0,no_match_in_raw
https://coincu.com/radiant-capital-attack-4-5m-in-losses/,posts,240528,https://coincu.com/c/casino-reviews/,https://coincu.com/casino-reviews/,0,no_match_in_raw
https://coincu.com/radiant-capital-attack-4-5m-in-losses/,posts,240528,https://coincu.com/c/pr/press-release/,https://coincu.com/pr/press-release/,0,no_match_in_raw
https://coincu.com/radiant-capital-attack-4-5m-in-losses/,posts,240528,https://coincu.com/c/scam-alert,https://coincu.com/scam-alert/,0,no_match_in_raw
https://coincu.com/yuga-labs-ethereum-layer-2-apechain-is-now-live/,posts,288166,https://coincu.com/c/casino-reviews/,https://coincu.com/casino-reviews/,0,no_match_in_raw
https://coincu.com/yuga-labs-ethereum-layer-2-apechain-is-now-live/,posts,288166,https://coincu.com/c/pr/press-release/,https://coincu.com/pr/press-release/,0,no_match_in_raw
https://coincu.com/yuga-labs-ethereum-layer-2-apechain-is-now-live/,posts,288166,https://coincu.com/c/news,https://coincu.com/news/,0,no_match_in_raw
https://coincu.com/starknet-roadmap-announced/,posts,251450,https://coincu.com/c/casino-reviews/,https://coincu.com/casino-reviews/,0,no_match_in_raw
https://coincu.com/starknet-roadmap-announced/,posts,251450,https://coincu.com/c/pr/press-release/,https://coincu.com/pr/press-release/,0,no_match_in_raw
https://coincu.com/starknet-roadmap-announced/,posts,251450,https://coincu.com/c/news,https://coincu.com/news/,0,no_match_in_raw
https://coincu.com/mina-protocol-launched-its-roadmap/,posts,179253,https://coincu.com/c/casino-reviews/,https://coincu.com/casino-reviews/,0,no_match_in_raw
https://coincu.com/mina-protocol-launched-its-roadmap/,posts,179253,https://coincu.com/c/pr/press-release/,https://coincu.com/pr/press-release/,0,no_match_in_raw
https://coincu.com/mina-protocol-launched-its-roadmap/,posts,179253,https://coincu.com/c/blockchain,https://coincu.com/blockchain/,0,no_match_in_raw
https://coincu.com/openocean-now-expands-to-optimism/,posts,159736,https://coincu.com/c/casino-reviews/,https://coincu.com/casino-reviews/,0,no_match_in_raw
https://coincu.com/openocean-now-expands-to-optimism/,posts,159736,https://coincu.com/c/pr/press-release/,https://coincu.com/pr/press-release/,0,no_match_in_raw
https://coincu.com/openocean-now-expands-to-optimism/,posts,159736,https://coincu.com/c/defi,https://coincu.com/defi/,0,no_match_in_raw
https://coincu.com/defillama-new-dex-aggregator/,posts,158282,https://coincu.com/c/casino-reviews/,https://coincu.com/casino-reviews/,0,no_match_in_raw
https://coincu.com/defillama-new-dex-aggregator/,posts,158282,https://coincu.com/c/pr/press-release/,https://coincu.com/pr/press-release/,0,no_match_in_raw
https://coincu.com/defillama-new-dex-aggregator/,posts,158282,https://coincu.com/c/defi,https://coincu.com/defi/,0,no_match_in_raw
https://coincu.com/openocean-review-dex-aggregator/,posts,174543,https://coincu.com/c/casino-reviews/,https://coincu.com/casino-reviews/,0,no_match_in_raw
https://coincu.com/openocean-review-dex-aggregator/,posts,174543,https://coincu.com/c/pr/press-release/,https://coincu.com/pr/press-release/,0,no_match_in_raw
https://coincu.com/openocean-review-dex-aggregator/,posts,174543,https://coincu.com/c/defi-reviews,https://coincu.com/defi-reviews/,0,no_match_in_raw
https://coincu.com/weekly-top-crypto-news-july-31-august-6/,posts,208538,https://coincu.com/c/casino-reviews/,https://coincu.com/casino-reviews/,0,no_match_in_raw
https://coincu.com/weekly-top-crypto-news-july-31-august-6/,posts,208538,https://coincu.com/c/pr/press-release/,https://coincu.com/pr/press-release/,0,no_match_in_raw
https://coincu.com/weekly-top-crypto-news-july-31-august-6/,posts,208538,https://coincu.com/c/uncategorized,https://coincu.com/uncategorized/,0,no_match_in_raw
https://coincu.com/btc-fi-outstanding-potential-projects/,posts,171706,https://coincu.com/c/casino-reviews/,https://coincu.com/casino-reviews/,0,no_match_in_raw
https://coincu.com/btc-fi-outstanding-potential-projects/,posts,171706,https://coincu.com/c/pr/press-release/,https://coincu.com/pr/press-release/,0,no_match_in_raw
https://coincu.com/btc-fi-outstanding-potential-projects/,posts,171706,https://coincu.com/c/knowledge,https://coincu.com/knowledge/,0,no_match_in_raw
https://coincu.com/xverse-wallet-connecting-bitcoin-ordinals/,posts,188594,https://coincu.com/c/casino-reviews/,https://coincu.com/casino-reviews/,0,no_match_in_raw
https://coincu.com/xverse-wallet-connecting-bitcoin-ordinals/,posts,188594,https://coincu.com/c/pr/press-release/,https://coincu.com/pr/press-release/,0,no_match_in_raw
https://coincu.com/xverse-wallet-connecting-bitcoin-ordinals/,posts,188594,https://coincu.com/c/other-reviews,https://coincu.com/other-reviews/,0,no_match_in_raw
https://coincu.com/arb-at-accumulation-zone/,posts,377722,https://coincu.com/c/casino-reviews/,https://coincu.com/casino-reviews/,0,no_match_in_raw
https://coincu.com/arb-at-accumulation-zone/,posts,377722,https://coincu.com/c/pr/press-release/,https://coincu.com/pr/press-release/,0,no_match_in_raw
https://coincu.com/arb-at-accumulation-zone/,posts,377722,https://coincu.com/c/analysis,https://coincu.com/analysis/,0,no_match_in_raw
https://coincu.com/sui-recovers-145-targets-above-160/,posts,380592,https://coincu.com/c/casino-reviews/,https://coincu.com/casino-reviews/,0,no_match_in_raw
https://coincu.com/sui-recovers-145-targets-above-160/,posts,380592,https://coincu.com/c/pr/press-release/,https://coincu.com/pr/press-release/,0,no_match_in_raw
https://coincu.com/sui-recovers-145-targets-above-160/,posts,380592,https://coincu.com/c/analysis,https://coincu.com/analysis/,0,no_match_in_raw
https://coincu.com/sui-networks-tvl-growth/,posts,220494,https://coincu.com/c/casino-reviews/,https://coincu.com/casino-reviews/,0,no_match_in_raw
https://coincu.com/sui-networks-tvl-growth/,posts,220494,https://coincu.com/c/pr/press-release/,https://coincu.com/pr/press-release/,0,no_match_in_raw
https://coincu.com/sui-networks-tvl-growth/,posts,220494,https://coincu.com/c/blockchain,https://coincu.com/blockchain/,0,no_match_in_raw
https://coincu.com/doge-hits-strong-support-at-0-13/,posts,383863,https://coincu.com/c/casino-reviews/,https://coincu.com/casino-reviews/,0,no_match_in_raw
https://coincu.com/doge-hits-strong-support-at-0-13/,posts,383863,https://coincu.com/c/pr/press-release/,https://coincu.com/pr/press-release/,0,no_match_in_raw
https://coincu.com/doge-hits-strong-support-at-0-13/,posts,383863,https://coincu.com/c/doge,https://coincu.com/doge/,0,no_match_in_raw
https://coincu.com/best-crypto-to-buy-now-unlocking-the-power-of-dlume-why-aurealone-is-a-game-changer-in-blockchain-gaming/,posts,337309,https://coincu.com/c/casino-reviews/,https://coincu.com/casino-reviews/,0,no_match_in_raw
https://coincu.com/best-crypto-to-buy-now-unlocking-the-power-of-dlume-why-aurealone-is-a-game-changer-in-blockchain-gaming/,posts,337309,https://coincu.com/c/pr/press-release/,https://coincu.com/pr/press-release/,0,no_match_in_raw
https://coincu.com/best-crypto-to-buy-now-unlocking-the-power-of-dlume-why-aurealone-is-a-game-changer-in-blockchain-gaming/,posts,337309,https://coincu.com/c/trading,https://coincu.com/trading/,0,no_match_in_raw
https://coincu.com/best-presale-cryptos-unlocking-the-metaverse-aureal-ones-high-speed-blockchain-revolution/,posts,334047,https://coincu.com/c/casino-reviews/,https://coincu.com/casino-reviews/,0,no_match_in_raw
https://coincu.com/best-presale-cryptos-unlocking-the-metaverse-aureal-ones-high-speed-blockchain-revolution/,posts,334047,https://coincu.com/c/press-release,https://coincu.com/press-release/,0,no_match_in_raw
https://coincu.com/best-presale-cryptos-unlocking-the-metaverse-aureal-ones-high-speed-blockchain-revolution/,posts,334047,https://coincu.com/c/pr/press-release/,https://coincu.com/pr/press-release/,0,no_match_in_raw
https://coincu.com/top-crypto-market-makers/,posts,225625,https://coincu.com/c/casino-reviews/,https://coincu.com/casino-reviews/,0,no_match_in_raw
https://coincu.com/top-crypto-market-makers/,posts,225625,https://coincu.com/c/pr/press-release/,https://coincu.com/pr/press-release/,0,no_match_in_raw
https://coincu.com/top-crypto-market-makers/,posts,225625,https://coincu.com/c/top-projects,https://coincu.com/top-projects/,0,no_match_in_raw
https://coincu.com/worldcoin-token-openai-ceo-sam-altman/,posts,205302,https://coincu.com/c/casino-reviews/,https://coincu.com/casino-reviews/,0,no_match_in_raw
https://coincu.com/worldcoin-token-openai-ceo-sam-altman/,posts,205302,https://coincu.com/c/pr/press-release/,https://coincu.com/pr/press-release/,0,no_match_in_raw
https://coincu.com/worldcoin-token-openai-ceo-sam-altman/,posts,205302,https://coincu.com/c/news,https://coincu.com/news/,0,no_match_in_raw
https://coincu.com/controversial-coinbase-outage-identified/,posts,259743,https://coincu.com/c/casino-reviews/,https://coincu.com/casino-reviews/,0,no_match_in_raw
https://coincu.com/controversial-coinbase-outage-identified/,posts,259743,https://coincu.com/c/pr/press-release/,https://coincu.com/pr/press-release/,0,no_match_in_raw
https://coincu.com/controversial-coinbase-outage-identified/,posts,259743,https://coincu.com/c/news,https://coincu.com/news/,0,no_match_in_raw
https://coincu.com/coinbase-account-issues-instance-of-zero-balance/,posts,249283,https://coincu.com/c/casino-reviews/,https://coincu.com/casino-reviews/,0,no_match_in_raw
https://coincu.com/coinbase-account-issues-instance-of-zero-balance/,posts,249283,https://coincu.com/c/pr/press-release/,https://coincu.com/pr/press-release/,0,no_match_in_raw
https://coincu.com/coinbase-account-issues-instance-of-zero-balance/,posts,249283,https://coincu.com/c/news,https://coincu.com/news/,0,no_match_in_raw
https://coincu.com/spot-bitcoin-etfs-steal-the-show-again-coinbase/,posts,252089,https://coincu.com/c/casino-reviews/,https://coincu.com/casino-reviews/,0,no_match_in_raw
https://coincu.com/spot-bitcoin-etfs-steal-the-show-again-coinbase/,posts,252089,https://coincu.com/c/pr/press-release/,https://coincu.com/pr/press-release/,0,no_match_in_raw
https://coincu.com/spot-bitcoin-etfs-steal-the-show-again-coinbase/,posts,252089,https://coincu.com/c/bitcoin,https://coincu.com/bitcoin/,0,no_match_in_raw
https://coincu.com/platform-paragraph-raises-1-7-million/,posts,136569,https://coincu.com/c/casino-reviews/,https://coincu.com/casino-reviews/,0,no_match_in_raw
https://coincu.com/platform-paragraph-raises-1-7-million/,posts,136569,https://coincu.com/c/pr/press-release/,https://coincu.com/pr/press-release/,0,no_match_in_raw
https://coincu.com/platform-paragraph-raises-1-7-million/,posts,136569,https://coincu.com/c/news,https://coincu.com/news/,0,no_match_in_raw
https://coincu.com/paragraph-acquires-web3-platform-mirror/,posts,257518,https://coincu.com/c/casino-reviews/,https://coincu.com/casino-reviews/,0,no_match_in_raw
https://coincu.com/paragraph-acquires-web3-platform-mirror/,posts,257518,https://coincu.com/c/pr/press-release/,https://coincu.com/pr/press-release/,0,no_match_in_raw
https://coincu.com/paragraph-acquires-web3-platform-mirror/,posts,257518,https://coincu.com/c/news,https://coincu.com/news/,0,no_match_in_raw
https://coincu.com/coinbase-revolutionizes-crypto-lending/,posts,215705,https://coincu.com/c/casino-reviews/,https://coincu.com/casino-reviews/,0,no_match_in_raw
https://coincu.com/coinbase-revolutionizes-crypto-lending/,posts,215705,https://coincu.com/c/pr/press-release/,https://coincu.com/pr/press-release/,0,no_match_in_raw
https://coincu.com/coinbase-revolutionizes-crypto-lending/,posts,215705,https://coincu.com/c/news,https://coincu.com/news/,0,no_match_in_raw
https://coincu.com/open-exchange-review/,posts,221520,https://coincu.com/c/casino-reviews/,https://coincu.com/casino-reviews/,0,no_match_in_raw
https://coincu.com/open-exchange-review/,posts,221520,https://coincu.com/c/pr/press-release/,https://coincu.com/pr/press-release/,0,no_match_in_raw
https://coincu.com/open-exchange-review/,posts,221520,https://coincu.com/c/other-reviews,https://coincu.com/other-reviews/,0,no_match_in_raw
https://coincu.com/blockfi-wallet-withdrawal-close-on-december-31/,posts,237513,https://coincu.com/c/casino-reviews/,https://coincu.com/casino-reviews/,0,no_match_in_raw
https://coincu.com/blockfi-wallet-withdrawal-close-on-december-31/,posts,237513,https://coincu.com/c/pr/press-release/,https://coincu.com/pr/press-release/,0,no_match_in_raw
https://coincu.com/blockfi-wallet-withdrawal-close-on-december-31/,posts,237513,https://coincu.com/c/news,https://coincu.com/news/,0,no_match_in_raw
https://coincu.com/ethereums-latest-market-moves-suggest-this-altcoin-could-be-the-best-investment-for-2025/,posts,325772,https://coincu.com/c/casino-reviews/,https://coincu.com/casino-reviews/,0,no_match_in_raw
https://coincu.com/ethereums-latest-market-moves-suggest-this-altcoin-could-be-the-best-investment-for-2025/,posts,325772,https://coincu.com/c/pr/press-release/,https://coincu.com/pr/press-release/,0,no_match_in_raw
https://coincu.com/ethereums-latest-market-moves-suggest-this-altcoin-could-be-the-best-investment-for-2025/,posts,325772,https://coincu.com/c/cmc,https://coincu.com/cmc/,0,no_match_in_raw
https://coincu.com/bitmain-invests-in-core-scientific/,posts,219617,https://coincu.com/c/casino-reviews/,https://coincu.com/casino-reviews/,0,no_match_in_raw
https://coincu.com/bitmain-invests-in-core-scientific/,posts,219617,https://coincu.com/c/pr/press-release/,https://coincu.com/pr/press-release/,0,no_match_in_raw
https://coincu.com/bitmain-invests-in-core-scientific/,posts,219617,https://coincu.com/c/news,https://coincu.com/news/,0,no_match_in_raw
https://coincu.com/thought-cryptos-best-days-were-over-qubetics/,posts,296998,https://coincu.com/c/casino-reviews/,https://coincu.com/casino-reviews/,0,no_match_in_raw
https://coincu.com/thought-cryptos-best-days-were-over-qubetics/,posts,296998,https://coincu.com/c/pr/press-release/,https://coincu.com/pr/press-release/,0,no_match_in_raw
https://coincu.com/thought-cryptos-best-days-were-over-qubetics/,posts,296998,https://coincu.com/c/cmc,https://coincu.com/cmc/,0,no_match_in_raw
https://coincu.com/metaverse-firm-hadean-raised-30m/,posts,127145,https://coincu.com/c/casino-reviews/,https://coincu.com/casino-reviews/,0,no_match_in_raw
https://coincu.com/metaverse-firm-hadean-raised-30m/,posts,127145,https://coincu.com/c/pr/press-release/,https://coincu.com/pr/press-release/,0,no_match_in_raw
https://coincu.com/metaverse-firm-hadean-raised-30m/,posts,127145,https://coincu.com/c/news,https://coincu.com/news/,0,no_match_in_raw
https://coincu.com/nomura-bank-launches-crypto-unit/,posts,126592,https://coincu.com/c/casino-reviews/,https://coincu.com/casino-reviews/,0,no_match_in_raw
https://coincu.com/nomura-bank-launches-crypto-unit/,posts,126592,https://coincu.com/c/pr/press-release/,https://coincu.com/pr/press-release/,0,no_match_in_raw
https://coincu.com/nomura-bank-launches-crypto-unit/,posts,126592,https://coincu.com/c/news,https://coincu.com/news/,0,no_match_in_raw
https://coincu.com/innovation-hub-blockchain-web3-metaverse/,posts,176188,https://coincu.com/c/casino-reviews/,https://coincu.com/casino-reviews/,0,no_match_in_raw
https://coincu.com/innovation-hub-blockchain-web3-metaverse/,posts,176188,https://coincu.com/c/pr/press-release/,https://coincu.com/pr/press-release/,0,no_match_in_raw
https://coincu.com/innovation-hub-blockchain-web3-metaverse/,posts,176188,https://coincu.com/c/blockchain,https://coincu.com/blockchain/,0,no_match_in_raw
https://coincu.com/1inch-unstoppable-domains/,posts,130706,https://coincu.com/c/casino-reviews/,https://coincu.com/casino-reviews/,0,no_match_in_raw
https://coincu.com/1inch-unstoppable-domains/,posts,130706,https://coincu.com/c/pr/press-release/,https://coincu.com/pr/press-release/,0,no_match_in_raw
https://coincu.com/1inch-unstoppable-domains/,posts,130706,https://coincu.com/c/defi,https://coincu.com/defi/,0,no_match_in_raw
https://coincu.com/1inch-on-ethereum-wallet-holdings/,posts,124372,https://coincu.com/c/casino-reviews/,https://coincu.com/casino-reviews/,0,no_match_in_raw
https://coincu.com/1inch-on-ethereum-wallet-holdings/,posts,124372,https://coincu.com/c/pr/press-release/,https://coincu.com/pr/press-release/,0,no_match_in_raw
https://coincu.com/1inch-on-ethereum-wallet-holdings/,posts,124372,https://coincu.com/c/uncategorized,https://coincu.com/uncategorized/,0,no_match_in_raw
https://coincu.com/37-5-million-1inch-foundation-multi-wallet/,posts,191773,https://coincu.com/c/casino-reviews/,https://coincu.com/casino-reviews/,0,no_match_in_raw
https://coincu.com/37-5-million-1inch-foundation-multi-wallet/,posts,191773,https://coincu.com/c/pr/press-release/,https://coincu.com/pr/press-release/,0,no_match_in_raw
https://coincu.com/37-5-million-1inch-foundation-multi-wallet/,posts,191773,https://coincu.com/c/news,https://coincu.com/news/,0,no_match_in_raw
https://coincu.com/curve-issue-ultimatum-to-hacker/,posts,208315,https://coincu.com/c/casino-reviews/,https://coincu.com/casino-reviews/,0,no_match_in_raw
https://coincu.com/curve-issue-ultimatum-to-hacker/,posts,208315,https://coincu.com/c/pr/press-release/,https://coincu.com/pr/press-release/,0,no_match_in_raw
https://coincu.com/curve-issue-ultimatum-to-hacker/,posts,208315,https://coincu.com/c/defi,https://coincu.com/defi/,0,no_match_in_raw
https://coincu.com/curve-finance-now-offers-1-85-million-bounty/,posts,208597,https://coincu.com/c/casino-reviews/,https://coincu.com/casino-reviews/,0,no_match_in_raw
https://coincu.com/curve-finance-now-offers-1-85-million-bounty/,posts,208597,https://coincu.com/c/pr/press-release/,https://coincu.com/pr/press-release/,0,no_match_in_raw
https://coincu.com/curve-finance-now-offers-1-85-million-bounty/,posts,208597,https://coincu.com/c/news,https://coincu.com/news/,0,no_match_in_raw
https://coincu.com/gho-and-aave-v3-pool-issues-resolved/,posts,215234,https://coincu.com/c/casino-reviews/,https://coincu.com/casino-reviews/,0,no_match_in_raw
https://coincu.com/gho-and-aave-v3-pool-issues-resolved/,posts,215234,https://coincu.com/c/pr/press-release/,https://coincu.com/pr/press-release/,0,no_match_in_raw
https://coincu.com/gho-and-aave-v3-pool-issues-resolved/,posts,215234,https://coincu.com/c/defi,https://coincu.com/defi/,0,no_match_in_raw
https://coincu.com/curve-founder-faces-liquidation-371m-crv/,posts,255081,https://coincu.com/c/casino-reviews/,https://coincu.com/casino-reviews/,0,no_match_in_raw
https://coincu.com/curve-founder-faces-liquidation-371m-crv/,posts,255081,https://coincu.com/c/pr/press-release/,https://coincu.com/pr/press-release/,0,no_match_in_raw
https://coincu.com/curve-founder-faces-liquidation-371m-crv/,posts,255081,https://coincu.com/c/news,https://coincu.com/news/,0,no_match_in_raw
https://coincu.com/curve-founder-michael-egorov-improving-platform/,posts,263767,https://coincu.com/c/casino-reviews/,https://coincu.com/casino-reviews/,0,no_match_in_raw
https://coincu.com/curve-founder-michael-egorov-improving-platform/,posts,263767,https://coincu.com/c/pr/press-release/,https://coincu.com/pr/press-release/,0,no_match_in_raw
https://coincu.com/curve-founder-michael-egorov-improving-platform/,posts,263767,https://coincu.com/c/news,https://coincu.com/news/,0,no_match_in_raw
https://coincu.com/curve-finance-crvusd-peg-re-anchors/,posts,235883,https://coincu.com/c/casino-reviews/,https://coincu.com/casino-reviews/,0,no_match_in_raw
https://coincu.com/curve-finance-crvusd-peg-re-anchors/,posts,235883,https://coincu.com/c/pr/press-release/,https://coincu.com/pr/press-release/,0,no_match_in_raw
https://coincu.com/curve-finance-crvusd-peg-re-anchors/,posts,235883,https://coincu.com/c/news,https://coincu.com/news/,0,no_match_in_raw
https://coincu.com/curve-finance-reclaims-52-3m/,posts,208674,https://coincu.com/c/casino-reviews/,https://coincu.com/casino-reviews/,0,no_match_in_raw
https://coincu.com/curve-finance-reclaims-52-3m/,posts,208674,https://coincu.com/c/pr/press-release/,https://coincu.com/pr/press-release/,0,no_match_in_raw
https://coincu.com/curve-finance-reclaims-52-3m/,posts,208674,https://coincu.com/c/news,https://coincu.com/news/,0,no_match_in_raw
https://coincu.com/alchemix-review/,posts,205687,https://coincu.com/c/casino-reviews/,https://coincu.com/casino-reviews/,0,no_match_in_raw
https://coincu.com/alchemix-review/,posts,205687,https://coincu.com/c/pr/press-release/,https://coincu.com/pr/press-release/,0,no_match_in_raw
https://coincu.com/alchemix-review/,posts,205687,https://coincu.com/c/other-reviews,https://coincu.com/other-reviews/,0,no_match_in_raw
https://coincu.com/lsdfi-top-4-potential-dexes-in-the-field/,posts,205272,https://coincu.com/c/casino-reviews/,https://coincu.com/casino-reviews/,0,no_match_in_raw
https://coincu.com/lsdfi-top-4-potential-dexes-in-the-field/,posts,205272,https://coincu.com/c/pr/press-release/,https://coincu.com/pr/press-release/,0,no_match_in_raw
https://coincu.com/lsdfi-top-4-potential-dexes-in-the-field/,posts,205272,https://coincu.com/c/knowledge,https://coincu.com/knowledge/,0,no_match_in_raw
https://coincu.com/top-5-binance-labs-investments-to-watch/,posts,232377,https://coincu.com/c/casino-reviews/,https://coincu.com/casino-reviews/,0,no_match_in_raw
https://coincu.com/top-5-binance-labs-investments-to-watch/,posts,232377,https://coincu.com/c/pr/press-release/,https://coincu.com/pr/press-release/,0,no_match_in_raw
https://coincu.com/top-5-binance-labs-investments-to-watch/,posts,232377,https://coincu.com/c/top-projects,https://coincu.com/top-projects/,0,no_match_in_raw
https://coincu.com/curve-finance-founder-selling-crv-again/,posts,209596,https://coincu.com/c/casino-reviews/,https://coincu.com/casino-reviews/,0,no_match_in_raw
https://coincu.com/curve-finance-founder-selling-crv-again/,posts,209596,https://coincu.com/c/pr/press-release/,https://coincu.com/pr/press-release/,0,no_match_in_raw
https://coincu.com/curve-finance-founder-selling-crv-again/,posts,209596,https://coincu.com/c/defi,https://coincu.com/defi/,0,no_match_in_raw
https://coincu.com/curve-finance-supports-users-mint-crvussd/,posts,193268,https://coincu.com/c/casino-reviews/,https://coincu.com/casino-reviews/,0,no_match_in_raw
https://coincu.com/curve-finance-supports-users-mint-crvussd/,posts,193268,https://coincu.com/c/pr/press-release/,https://coincu.com/pr/press-release/,0,no_match_in_raw
https://coincu.com/curve-finance-supports-users-mint-crvussd/,posts,193268,https://coincu.com/c/defi,https://coincu.com/defi/,0,no_match_in_raw
https://coincu.com/top-5-cdp-platforms-of-lsdfi/,posts,205167,https://coincu.com/c/casino-reviews/,https://coincu.com/casino-reviews/,0,no_match_in_raw
https://coincu.com/top-5-cdp-platforms-of-lsdfi/,posts,205167,https://coincu.com/c/pr/press-release/,https://coincu.com/pr/press-release/,0,no_match_in_raw
https://coincu.com/top-5-cdp-platforms-of-lsdfi/,posts,205167,https://coincu.com/c/knowledge,https://coincu.com/knowledge/,0,no_match_in_raw
https://coincu.com/the-position-curve-founder-in-frax/,posts,207582,https://coincu.com/c/casino-reviews/,https://coincu.com/casino-reviews/,0,no_match_in_raw
https://coincu.com/the-position-curve-founder-in-frax/,posts,207582,https://coincu.com/c/pr/press-release/,https://coincu.com/pr/press-release/,0,no_match_in_raw
https://coincu.com/the-position-curve-founder-in-frax/,posts,207582,https://coincu.com/c/defi,https://coincu.com/defi/,0,no_match_in_raw
https://coincu.com/world-liberty-financial-investment-justin-sun/,posts,293815,https://coincu.com/c/casino-reviews/,https://coincu.com/casino-reviews/,0,no_match_in_raw
https://coincu.com/world-liberty-financial-investment-justin-sun/,posts,293815,https://coincu.com/c/pr/press-release/,https://coincu.com/pr/press-release/,0,no_match_in_raw
https://coincu.com/world-liberty-financial-investment-justin-sun/,posts,293815,https://coincu.com/c/news,https://coincu.com/news/,0,no_match_in_raw
https://coincu.com/memecoin-creation-platform-boost-suns-bold-bet/,posts,278574,https://coincu.com/c/casino-reviews/,https://coincu.com/casino-reviews/,0,no_match_in_raw
https://coincu.com/memecoin-creation-platform-boost-suns-bold-bet/,posts,278574,https://coincu.com/c/pr/press-release/,https://coincu.com/pr/press-release/,0,no_match_in_raw
https://coincu.com/memecoin-creation-platform-boost-suns-bold-bet/,posts,278574,https://coincu.com/c/news,https://coincu.com/news/,0,no_match_in_raw
https://coincu.com/sec-and-justin-sun-seek-pause-in-fraud-case/,posts,324557,https://coincu.com/c/casino-reviews/,https://coincu.com/casino-reviews/,0,no_match_in_raw
https://coincu.com/sec-and-justin-sun-seek-pause-in-fraud-case/,posts,324557,https://coincu.com/c/pr/press-release/,https://coincu.com/pr/press-release/,0,no_match_in_raw
https://coincu.com/sec-and-justin-sun-seek-pause-in-fraud-case/,posts,324557,https://coincu.com/c/news,https://coincu.com/news/,0,no_match_in_raw
https://coincu.com/curve-founder-resolves-2-million-frax-debt/,posts,207684,https://coincu.com/c/casino-reviews/,https://coincu.com/casino-reviews/,0,no_match_in_raw
https://coincu.com/curve-founder-resolves-2-million-frax-debt/,posts,207684,https://coincu.com/c/pr/press-release/,https://coincu.com/pr/press-release/,0,no_match_in_raw
https://coincu.com/curve-founder-resolves-2-million-frax-debt/,posts,207684,https://coincu.com/c/news,https://coincu.com/news/,0,no_match_in_raw
https://coincu.com/huobi-and-tron-dao-exchange-11-in-ftx/,posts,140774,https://coincu.com/c/casino-reviews/,https://coincu.com/casino-reviews/,0,no_match_in_raw
https://coincu.com/huobi-and-tron-dao-exchange-11-in-ftx/,posts,140774,https://coincu.com/c/pr/press-release/,https://coincu.com/pr/press-release/,0,no_match_in_raw
https://coincu.com/huobi-and-tron-dao-exchange-11-in-ftx/,posts,140774,https://coincu.com/c/blockchain,https://coincu.com/blockchain/,0,no_match_in_raw
https://coincu.com/aave-price-looks-set-to-surge-toward-125/,posts,378433,https://coincu.com/c/casino-reviews/,https://coincu.com/casino-reviews/,0,no_match_in_raw
https://coincu.com/aave-price-looks-set-to-surge-toward-125/,posts,378433,https://coincu.com/c/pr/press-release/,https://coincu.com/pr/press-release/,0,no_match_in_raw
https://coincu.com/aave-price-looks-set-to-surge-toward-125/,posts,378433,https://coincu.com/c/analysis,https://coincu.com/analysis/,0,no_match_in_raw
https://coincu.com/aave-surpasses-1b-in-rwas-as-token/,posts,395316,https://coincu.com/c/casino-reviews/,https://coincu.com/casino-reviews/,0,no_match_in_raw
https://coincu.com/aave-surpasses-1b-in-rwas-as-token/,posts,395316,https://coincu.com/c/pr/press-release/,https://coincu.com/pr/press-release/,0,no_match_in_raw
https://coincu.com/aave-surpasses-1b-in-rwas-as-token/,posts,395316,https://coincu.com/c/aave,https://coincu.com/aave/,0,no_match_in_raw
https://coincu.com/aave-holds-above-159-support-targets-175/,posts,387683,https://coincu.com/c/casino-reviews/,https://coincu.com/casino-reviews/,0,no_match_in_raw
https://coincu.com/aave-holds-above-159-support-targets-175/,posts,387683,https://coincu.com/c/pr/press-release/,https://coincu.com/pr/press-release/,0,no_match_in_raw
https://coincu.com/aave-holds-above-159-support-targets-175/,posts,387683,https://coincu.com/c/aave,https://coincu.com/aave/,0,no_match_in_raw
https://coincu.com/grayscale-files-s-1-for-aave-etf-with-sec/,posts,394563,https://coincu.com/c/casino-reviews/,https://coincu.com/casino-reviews/,0,no_match_in_raw
https://coincu.com/grayscale-files-s-1-for-aave-etf-with-sec/,posts,394563,https://coincu.com/c/pr/press-release/,https://coincu.com/pr/press-release/,0,no_match_in_raw
https://coincu.com/grayscale-files-s-1-for-aave-etf-with-sec/,posts,394563,https://coincu.com/c/etf,https://coincu.com/etf/,0,no_match_in_raw
https://coincu.com/aave-surges-past-bullish-flag-target-130/,posts,386364,https://coincu.com/c/casino-reviews/,https://coincu.com/casino-reviews/,0,no_match_in_raw
https://coincu.com/aave-surges-past-bullish-flag-target-130/,posts,386364,https://coincu.com/c/pr/press-release/,https://coincu.com/pr/press-release/,0,no_match_in_raw
https://coincu.com/aave-surges-past-bullish-flag-target-130/,posts,386364,https://coincu.com/c/analysis,https://coincu.com/analysis/,0,no_match_in_raw
https://coincu.com/whale-buys-4-7m-aave/,posts,385795,https://coincu.com/c/casino-reviews/,https://coincu.com/casino-reviews/,0,no_match_in_raw
https://coincu.com/whale-buys-4-7m-aave/,posts,385795,https://coincu.com/c/pr/press-release/,https://coincu.com/pr/press-release/,0,no_match_in_raw
https://coincu.com/whale-buys-4-7m-aave/,posts,385795,https://coincu.com/c/analysis,https://coincu.com/analysis/,0,no_match_in_raw
https://coincu.com/curve-dao-crv-may-explode-reaching-to-13/,posts,162517,https://coincu.com/c/casino-reviews/,https://coincu.com/casino-reviews/,0,no_match_in_raw
https://coincu.com/curve-dao-crv-may-explode-reaching-to-13/,posts,162517,https://coincu.com/c/pr/press-release/,https://coincu.com/pr/press-release/,0,no_match_in_raw
https://coincu.com/curve-dao-crv-may-explode-reaching-to-13/,posts,162517,https://coincu.com/c/news,https://coincu.com/news/,0,no_match_in_raw
https://coincu.com/llama-gauntlet-propose-help-aave/,posts,145640,https://coincu.com/c/casino-reviews/,https://coincu.com/casino-reviews/,0,no_match_in_raw
https://coincu.com/llama-gauntlet-propose-help-aave/,posts,145640,https://coincu.com/c/pr/press-release/,https://coincu.com/pr/press-release/,0,no_match_in_raw
https://coincu.com/llama-gauntlet-propose-help-aave/,posts,145640,https://coincu.com/c/defi,https://coincu.com/defi/,0,no_match_in_raw
https://coincu.com/aave-faces-key-support-breakdown-at-125/,posts,393509,https://coincu.com/c/casino-reviews/,https://coincu.com/casino-reviews/,0,no_match_in_raw
https://coincu.com/aave-faces-key-support-breakdown-at-125/,posts,393509,https://coincu.com/c/pr/press-release/,https://coincu.com/pr/press-release/,0,no_match_in_raw
https://coincu.com/aave-faces-key-support-breakdown-at-125/,posts,393509,https://coincu.com/c/aave,https://coincu.com/aave/,0,no_match_in_raw
https://coincu.com/aave-dao-secures-5-million-crv-tokens-with-57/,posts,209952,https://coincu.com/c/casino-reviews/,https://coincu.com/casino-reviews/,0,no_match_in_raw
https://coincu.com/aave-dao-secures-5-million-crv-tokens-with-57/,posts,209952,https://coincu.com/c/pr/press-release/,https://coincu.com/pr/press-release/,0,no_match_in_raw
https://coincu.com/aave-dao-secures-5-million-crv-tokens-with-57/,posts,209952,https://coincu.com/c/news,https://coincu.com/news/,0,no_match_in_raw
https://coincu.com/uniswap-proposed-changes-governance-process/,posts,150611,https://coincu.com/c/casino-reviews/,https://coincu.com/casino-reviews/,0,no_match_in_raw
https://coincu.com/uniswap-proposed-changes-governance-process/,posts,150611,https://coincu.com/c/pr/press-release/,https://coincu.com/pr/press-release/,0,no_match_in_raw
https://coincu.com/uniswap-proposed-changes-governance-process/,posts,150611,https://coincu.com/c/defi,https://coincu.com/defi/,0,no_match_in_raw
https://coincu.com/maverick-protocol-algorithm-offers-unmatch/,posts,172373,https://coincu.com/c/casino-reviews/,https://coincu.com/casino-reviews/,0,no_match_in_raw
https://coincu.com/maverick-protocol-algorithm-offers-unmatch/,posts,172373,https://coincu.com/c/pr/press-release/,https://coincu.com/pr/press-release/,0,no_match_in_raw
https://coincu.com/maverick-protocol-algorithm-offers-unmatch/,posts,172373,https://coincu.com/c/news,https://coincu.com/news/,0,no_match_in_raw
https://coincu.com/mazars-discontinues-audit-crypto-exchanges/,posts,152554,https://coincu.com/c/casino-reviews/,https://coincu.com/casino-reviews/,0,no_match_in_raw
https://coincu.com/mazars-discontinues-audit-crypto-exchanges/,posts,152554,https://coincu.com/c/pr/press-release/,https://coincu.com/pr/press-release/,0,no_match_in_raw
https://coincu.com/mazars-discontinues-audit-crypto-exchanges/,posts,152554,https://coincu.com/c/news,https://coincu.com/news/,0,no_match_in_raw
https://coincu.com/sec-warns-accounting-firms/,posts,206747,https://coincu.com/c/casino-reviews/,https://coincu.com/casino-reviews/,0,no_match_in_raw
https://coincu.com/sec-warns-accounting-firms/,posts,206747,https://coincu.com/c/pr/press-release/,https://coincu.com/pr/press-release/,0,no_match_in_raw
https://coincu.com/sec-warns-accounting-firms/,posts,206747,https://coincu.com/c/news,https://coincu.com/news/,0,no_match_in_raw
https://coincu.com/uniswap-founder-blockchain-criticism/,posts,388618,https://coincu.com/c/casino-reviews/,https://coincu.com/casino-reviews/,0,no_match_in_raw
https://coincu.com/uniswap-founder-blockchain-criticism/,posts,388618,https://coincu.com/c/pr/press-release/,https://coincu.com/pr/press-release/,0,no_match_in_raw
https://coincu.com/uniswap-founder-blockchain-criticism/,posts,388618,https://coincu.com/c/blockchain,https://coincu.com/blockchain/,0,no_match_in_raw
https://coincu.com/ethereum-attackathon-audit-contest/,posts,267409,https://coincu.com/c/casino-reviews/,https://coincu.com/casino-reviews/,0,no_match_in_raw
https://coincu.com/ethereum-attackathon-audit-contest/,posts,267409,https://coincu.com/c/pr/press-release/,https://coincu.com/pr/press-release/,0,no_match_in_raw
https://coincu.com/ethereum-attackathon-audit-contest/,posts,267409,https://coincu.com/c/news,https://coincu.com/news/,0,no_match_in_raw
https://coincu.com/vitalik-buterin-ethereum-wallet-future/,posts,295009,https://coincu.com/c/casino-reviews/,https://coincu.com/casino-reviews/,0,no_match_in_raw
https://coincu.com/vitalik-buterin-ethereum-wallet-future/,posts,295009,https://coincu.com/c/pr/press-release/,https://coincu.com/pr/press-release/,0,no_match_in_raw
https://coincu.com/vitalik-buterin-ethereum-wallet-future/,posts,295009,https://coincu.com/c/news,https://coincu.com/news/,0,no_match_in_raw
https://coincu.com/illegal-crypto-atms-taken-action-by-uk/,posts,281990,https://coincu.com/c/casino-reviews/,https://coincu.com/casino-reviews/,0,no_match_in_raw
https://coincu.com/illegal-crypto-atms-taken-action-by-uk/,posts,281990,https://coincu.com/c/pr/press-release/,https://coincu.com/pr/press-release/,0,no_match_in_raw
https://coincu.com/illegal-crypto-atms-taken-action-by-uk/,posts,281990,https://coincu.com/c/news,https://coincu.com/news/,0,no_match_in_raw
https://coincu.com/illegal-crypto-atms-charged-in-uk/,posts,285023,https://coincu.com/c/casino-reviews/,https://coincu.com/casino-reviews/,0,no_match_in_raw
https://coincu.com/illegal-crypto-atms-charged-in-uk/,posts,285023,https://coincu.com/c/pr/press-release/,https://coincu.com/pr/press-release/,0,no_match_in_raw
https://coincu.com/illegal-crypto-atms-charged-in-uk/,posts,285023,https://coincu.com/c/news,https://coincu.com/news/,0,no_match_in_raw
https://coincu.com/uk-fca-launches-mills-review-on-ai-impact/,posts,391622,https://coincu.com/c/casino-reviews/,https://coincu.com/casino-reviews/,0,no_match_in_raw
https://coincu.com/uk-fca-launches-mills-review-on-ai-impact/,posts,391622,https://coincu.com/c/pr/press-release/,https://coincu.com/pr/press-release/,0,no_match_in_raw
https://coincu.com/uk-fca-launches-mills-review-on-ai-impact/,posts,391622,https://coincu.com/c/crypto-regulation,https://coincu.com/crypto-regulation/,0,no_match_in_raw
https://coincu.com/xrp-blasts-past-targets/,posts,386930,https://coincu.com/c/casino-reviews/,https://coincu.com/casino-reviews/,0,no_match_in_raw
https://coincu.com/xrp-blasts-past-targets/,posts,386930,https://coincu.com/c/pr/press-release/,https://coincu.com/pr/press-release/,0,no_match_in_raw
https://coincu.com/xrp-blasts-past-targets/,posts,386930,https://coincu.com/c/analysis,https://coincu.com/analysis/,0,no_match_in_raw
https://coincu.com/initial-public-offering-ipo/,posts,229355,https://coincu.com/c/casino-reviews/,https://coincu.com/casino-reviews/,0,no_match_in_raw
https://coincu.com/initial-public-offering-ipo/,posts,229355,https://coincu.com/c/pr/press-release/,https://coincu.com/pr/press-release/,0,no_match_in_raw
https://coincu.com/initial-public-offering-ipo/,posts,229355,https://coincu.com/c/glossary,https://coincu.com/glossary/,0,no_match_in_raw
https://coincu.com/binance-account-incident-caused-user-to-lose/,posts,262260,https://coincu.com/c/casino-reviews/,https://coincu.com/casino-reviews/,0,no_match_in_raw
https://coincu.com/binance-account-incident-caused-user-to-lose/,posts,262260,https://coincu.com/c/pr/press-release/,https://coincu.com/pr/press-release/,0,no_match_in_raw
https://coincu.com/binance-account-incident-caused-user-to-lose/,posts,262260,https://coincu.com/c/news,https://coincu.com/news/,0,no_match_in_raw
https://coincu.com/binance-ordered-to-stop-in-belgium/,posts,197526,https://coincu.com/c/casino-reviews/,https://coincu.com/casino-reviews/,0,no_match_in_raw
https://coincu.com/binance-ordered-to-stop-in-belgium/,posts,197526,https://coincu.com/c/pr/press-release/,https://coincu.com/pr/press-release/,0,no_match_in_raw
https://coincu.com/binance-ordered-to-stop-in-belgium/,posts,197526,https://coincu.com/c/news,https://coincu.com/news/,0,no_match_in_raw
https://coincu.com/bit4you-had-business-problems/,posts,186146,https://coincu.com/c/casino-reviews/,https://coincu.com/casino-reviews/,0,no_match_in_raw
https://coincu.com/bit4you-had-business-problems/,posts,186146,https://coincu.com/c/pr/press-release/,https://coincu.com/pr/press-release/,0,no_match_in_raw
https://coincu.com/bit4you-had-business-problems/,posts,186146,https://coincu.com/c/news,https://coincu.com/news/,0,no_match_in_raw
https://coincu.com/binance-belgium-registration-now-active/,posts,220214,https://coincu.com/c/casino-reviews/,https://coincu.com/casino-reviews/,0,no_match_in_raw
https://coincu.com/binance-belgium-registration-now-active/,posts,220214,https://coincu.com/c/pr/press-release/,https://coincu.com/pr/press-release/,0,no_match_in_raw
https://coincu.com/binance-belgium-registration-now-active/,posts,220214,https://coincu.com/c/news,https://coincu.com/news/,0,no_match_in_raw
https://coincu.com/binance-announces-integration-of-mirrorx/,posts,213881,https://coincu.com/c/casino-reviews/,https://coincu.com/casino-reviews/,0,no_match_in_raw
https://coincu.com/binance-announces-integration-of-mirrorx/,posts,213881,https://coincu.com/c/pr/press-release/,https://coincu.com/pr/press-release/,0,no_match_in_raw
https://coincu.com/binance-announces-integration-of-mirrorx/,posts,213881,https://coincu.com/c/news,https://coincu.com/news/,0,no_match_in_raw
https://coincu.com/bitcoin-is-not-a-security/,posts,146022,https://coincu.com/c/casino-reviews/,https://coincu.com/casino-reviews/,0,no_match_in_raw
https://coincu.com/bitcoin-is-not-a-security/,posts,146022,https://coincu.com/c/pr/press-release/,https://coincu.com/pr/press-release/,0,no_match_in_raw
https://coincu.com/bitcoin-is-not-a-security/,posts,146022,https://coincu.com/c/bitcoin,https://coincu.com/bitcoin/,0,no_match_in_raw
https://coincu.com/riksbank-report-stablecoin-policy-convergence/,posts,381023,https://coincu.com/c/casino-reviews/,https://coincu.com/casino-reviews/,0,no_match_in_raw
https://coincu.com/riksbank-report-stablecoin-policy-convergence/,posts,381023,https://coincu.com/c/pr/press-release/,https://coincu.com/pr/press-release/,0,no_match_in_raw
https://coincu.com/riksbank-report-stablecoin-policy-convergence/,posts,381023,https://coincu.com/c/news,https://coincu.com/news/,0,no_match_in_raw
https://coincu.com/germany-best-crypto-tax-legislation/,posts,123990,https://coincu.com/c/casino-reviews/,https://coincu.com/casino-reviews/,0,no_match_in_raw
https://coincu.com/germany-best-crypto-tax-legislation/,posts,123990,https://coincu.com/c/pr/press-release/,https://coincu.com/pr/press-release/,0,no_match_in_raw
https://coincu.com/germany-best-crypto-tax-legislation/,posts,123990,https://coincu.com/c/news,https://coincu.com/news/,0,no_match_in_raw
https://coincu.com/binance-stop-privacy-coins-in-belgium/,posts,215967,https://coincu.com/c/casino-reviews/,https://coincu.com/casino-reviews/,0,no_match_in_raw
https://coincu.com/binance-stop-privacy-coins-in-belgium/,posts,215967,https://coincu.com/c/pr/press-release/,https://coincu.com/pr/press-release/,0,no_match_in_raw
https://coincu.com/binance-stop-privacy-coins-in-belgium/,posts,215967,https://coincu.com/c/news,https://coincu.com/news/,0,no_match_in_raw
https://coincu.com/binance-gives-up-hope-german-market/,posts,206193,https://coincu.com/c/casino-reviews/,https://coincu.com/casino-reviews/,0,no_match_in_raw
https://coincu.com/binance-gives-up-hope-german-market/,posts,206193,https://coincu.com/c/pr/press-release/,https://coincu.com/pr/press-release/,0,no_match_in_raw
https://coincu.com/binance-gives-up-hope-german-market/,posts,206193,https://coincu.com/c/news,https://coincu.com/news/,0,no_match_in_raw
https://coincu.com/taiwans-crypto-guidelines-officially-launched/,posts,220369,https://coincu.com/c/casino-reviews/,https://coincu.com/casino-reviews/,0,no_match_in_raw
https://coincu.com/taiwans-crypto-guidelines-officially-launched/,posts,220369,https://coincu.com/c/pr/press-release/,https://coincu.com/pr/press-release/,0,no_match_in_raw
https://coincu.com/taiwans-crypto-guidelines-officially-launched/,posts,220369,https://coincu.com/c/news,https://coincu.com/news/,0,no_match_in_raw
https://coincu.com/chainlink-falls-5-all-altcoins-experience/,posts,133992,https://coincu.com/c/casino-reviews/,https://coincu.com/casino-reviews/,0,no_match_in_raw
https://coincu.com/chainlink-falls-5-all-altcoins-experience/,posts,133992,https://coincu.com/c/pr/press-release/,https://coincu.com/pr/press-release/,0,no_match_in_raw
https://coincu.com/chainlink-falls-5-all-altcoins-experience/,posts,133992,https://coincu.com/c/uncategorized,https://coincu.com/uncategorized/,0,no_match_in_raw
https://coincu.com/mica-stablecoin-rules-followed-by-binance/,posts,262268,https://coincu.com/c/casino-reviews/,https://coincu.com/casino-reviews/,0,no_match_in_raw
https://coincu.com/mica-stablecoin-rules-followed-by-binance/,posts,262268,https://coincu.com/c/pr/press-release/,https://coincu.com/pr/press-release/,0,no_match_in_raw
https://coincu.com/mica-stablecoin-rules-followed-by-binance/,posts,262268,https://coincu.com/c/news,https://coincu.com/news/,0,no_match_in_raw
https://coincu.com/solana-dex-15-billion-volume/,posts,332830,https://coincu.com/c/casino-reviews/,https://coincu.com/casino-reviews/,0,no_match_in_raw
https://coincu.com/solana-dex-15-billion-volume/,posts,332830,https://coincu.com/c/pr/press-release/,https://coincu.com/pr/press-release/,0,no_match_in_raw
https://coincu.com/solana-dex-15-billion-volume/,posts,332830,https://coincu.com/c/news,https://coincu.com/news/,0,no_match_in_raw
https://coincu.com/solana-firedancer-bug-bounty-program/,posts,267336,https://coincu.com/c/casino-reviews/,https://coincu.com/casino-reviews/,0,no_match_in_raw
https://coincu.com/solana-firedancer-bug-bounty-program/,posts,267336,https://coincu.com/c/pr/press-release/,https://coincu.com/pr/press-release/,0,no_match_in_raw
https://coincu.com/solana-firedancer-bug-bounty-program/,posts,267336,https://coincu.com/c/news,https://coincu.com/news/,0,no_match_in_raw
https://coincu.com/bitkeep-99-compensation-take-legal-hackers/,posts,137382,https://coincu.com/c/casino-reviews/,https://coincu.com/casino-reviews/,0,no_match_in_raw
https://coincu.com/bitkeep-99-compensation-take-legal-hackers/,posts,137382,https://coincu.com/c/pr/press-release/,https://coincu.com/pr/press-release/,0,no_match_in_raw
https://coincu.com/bitkeep-99-compensation-take-legal-hackers/,posts,137382,https://coincu.com/c/defi,https://coincu.com/defi/,0,no_match_in_raw
https://coincu.com/bitkeep-has-accurate-identity-of-hackers/,posts,138006,https://coincu.com/c/casino-reviews/,https://coincu.com/casino-reviews/,0,no_match_in_raw
https://coincu.com/bitkeep-has-accurate-identity-of-hackers/,posts,138006,https://coincu.com/c/pr/press-release/,https://coincu.com/pr/press-release/,0,no_match_in_raw
https://coincu.com/bitkeep-has-accurate-identity-of-hackers/,posts,138006,https://coincu.com/c/news,https://coincu.com/news/,0,no_match_in_raw
https://coincu.com/beba-sec-lawsuit-backed-by-the-entire-industry/,posts,289528,https://coincu.com/c/casino-reviews/,https://coincu.com/casino-reviews/,0,no_match_in_raw
https://coincu.com/beba-sec-lawsuit-backed-by-the-entire-industry/,posts,289528,https://coincu.com/c/pr/press-release/,https://coincu.com/pr/press-release/,0,no_match_in_raw
https://coincu.com/beba-sec-lawsuit-backed-by-the-entire-industry/,posts,289528,https://coincu.com/c/news,https://coincu.com/news/,0,no_match_in_raw
https://coincu.com/kraken-acquires-bcm-to-expand-europe/,posts,221829,https://coincu.com/c/casino-reviews/,https://coincu.com/casino-reviews/,0,no_match_in_raw
https://coincu.com/kraken-acquires-bcm-to-expand-europe/,posts,221829,https://coincu.com/c/pr/press-release/,https://coincu.com/pr/press-release/,0,no_match_in_raw
https://coincu.com/kraken-acquires-bcm-to-expand-europe/,posts,221829,https://coincu.com/c/news,https://coincu.com/news/,0,no_match_in_raw
https://coincu.com/kraken-sec-lawsuit-continues-tension/,posts,248546,https://coincu.com/c/casino-reviews/,https://coincu.com/casino-reviews/,0,no_match_in_raw
https://coincu.com/kraken-sec-lawsuit-continues-tension/,posts,248546,https://coincu.com/c/pr/press-release/,https://coincu.com/pr/press-release/,0,no_match_in_raw
https://coincu.com/kraken-sec-lawsuit-continues-tension/,posts,248546,https://coincu.com/c/news,https://coincu.com/news/,0,no_match_in_raw
https://coincu.com/the-sec-receives-no-positive-response/,posts,194533,https://coincu.com/c/casino-reviews/,https://coincu.com/casino-reviews/,0,no_match_in_raw
https://coincu.com/the-sec-receives-no-positive-response/,posts,194533,https://coincu.com/c/pr/press-release/,https://coincu.com/pr/press-release/,0,no_match_in_raw
https://coincu.com/the-sec-receives-no-positive-response/,posts,194533,https://coincu.com/c/defi,https://coincu.com/defi/,0,no_match_in_raw
https://coincu.com/blockchain-associations-policy-summit-2024/,posts,297104,https://coincu.com/c/casino-reviews/,https://coincu.com/casino-reviews/,0,no_match_in_raw
https://coincu.com/blockchain-associations-policy-summit-2024/,posts,297104,https://coincu.com/c/pr/press-release/,https://coincu.com/pr/press-release/,0,no_match_in_raw
https://coincu.com/blockchain-associations-policy-summit-2024/,posts,297104,https://coincu.com/c/blockchain-event,https://coincu.com/blockchain-event/,0,no_match_in_raw
https://coincu.com/coinbase-strongly-opposes-sec/,posts,195256,https://coincu.com/c/casino-reviews/,https://coincu.com/casino-reviews/,0,no_match_in_raw
https://coincu.com/coinbase-strongly-opposes-sec/,posts,195256,https://coincu.com/c/pr/press-release/,https://coincu.com/pr/press-release/,0,no_match_in_raw
https://coincu.com/coinbase-strongly-opposes-sec/,posts,195256,https://coincu.com/c/news,https://coincu.com/news/,0,no_match_in_raw
https://coincu.com/is-prometheum-henchman-of-sec/,posts,195673,https://coincu.com/c/casino-reviews/,https://coincu.com/casino-reviews/,0,no_match_in_raw
https://coincu.com/is-prometheum-henchman-of-sec/,posts,195673,https://coincu.com/c/pr/press-release/,https://coincu.com/pr/press-release/,0,no_match_in_raw
https://coincu.com/is-prometheum-henchman-of-sec/,posts,195673,https://coincu.com/c/uncategorized,https://coincu.com/uncategorized/,0,no_match_in_raw
https://coincu.com/polygon-matic-whales-all-in-on-mpeppe-mpepe-for-unprecedented-800-returns/,posts,267064,https://coincu.com/c/casino-reviews/,https://coincu.com/casino-reviews/,0,no_match_in_raw
https://coincu.com/polygon-matic-whales-all-in-on-mpeppe-mpepe-for-unprecedented-800-returns/,posts,267064,https://coincu.com/c/press-release,https://coincu.com/press-release/,0,no_match_in_raw
https://coincu.com/polygon-matic-whales-all-in-on-mpeppe-mpepe-for-unprecedented-800-returns/,posts,267064,https://coincu.com/c/pr/press-release/,https://coincu.com/pr/press-release/,0,no_match_in_raw
https://coincu.com/will-solana-sol-and-mpeppe-mpepe-outperform-the-market-in-july-2024/,posts,266937,https://coincu.com/c/casino-reviews/,https://coincu.com/casino-reviews/,0,no_match_in_raw
https://coincu.com/will-solana-sol-and-mpeppe-mpepe-outperform-the-market-in-july-2024/,posts,266937,https://coincu.com/c/press-release,https://coincu.com/press-release/,0,no_match_in_raw
https://coincu.com/will-solana-sol-and-mpeppe-mpepe-outperform-the-market-in-july-2024/,posts,266937,https://coincu.com/c/pr/press-release/,https://coincu.com/pr/press-release/,0,no_match_in_raw
https://coincu.com/odds-of-a-bonk-rally-amidst-the-84b-token-burn-proposal-increase-mpeppe-mpepe-poised-for-explosive-growth/,posts,268463,https://coincu.com/c/casino-reviews/,https://coincu.com/casino-reviews/,0,no_match_in_raw
https://coincu.com/odds-of-a-bonk-rally-amidst-the-84b-token-burn-proposal-increase-mpeppe-mpepe-poised-for-explosive-growth/,posts,268463,https://coincu.com/c/press-release,https://coincu.com/press-release/,0,no_match_in_raw
https://coincu.com/odds-of-a-bonk-rally-amidst-the-84b-token-burn-proposal-increase-mpeppe-mpepe-poised-for-explosive-growth/,posts,268463,https://coincu.com/c/pr/press-release/,https://coincu.com/pr/press-release/,0,no_match_in_raw
https://coincu.com/notcoin-not-surges-50-in-24-hours-paving-the-way-for-mpeppe-mpepe-to-shine/,posts,268016,https://coincu.com/c/casino-reviews/,https://coincu.com/casino-reviews/,0,no_match_in_raw
https://coincu.com/notcoin-not-surges-50-in-24-hours-paving-the-way-for-mpeppe-mpepe-to-shine/,posts,268016,https://coincu.com/c/press-release,https://coincu.com/press-release/,0,no_match_in_raw
https://coincu.com/notcoin-not-surges-50-in-24-hours-paving-the-way-for-mpeppe-mpepe-to-shine/,posts,268016,https://coincu.com/c/pr/press-release/,https://coincu.com/pr/press-release/,0,no_match_in_raw
https://coincu.com/top-pepecoin-rival-challenges-pepe-with-new-de-fi-and-gambling-utility-priced-0-00077/,posts,267405,https://coincu.com/c/casino-reviews/,https://coincu.com/casino-reviews/,0,no_match_in_raw
https://coincu.com/top-pepecoin-rival-challenges-pepe-with-new-de-fi-and-gambling-utility-priced-0-00077/,posts,267405,https://coincu.com/c/press-release,https://coincu.com/press-release/,0,no_match_in_raw
https://coincu.com/top-pepecoin-rival-challenges-pepe-with-new-de-fi-and-gambling-utility-priced-0-00077/,posts,267405,https://coincu.com/c/pr/press-release/,https://coincu.com/pr/press-release/,0,no_match_in_raw
