source_url,source_type,source_id,old_link,new_link,link_row_occurrences_expected,old_count_found_in_raw,status
https://coincu.com/1011-flash-crash-borrow-binance/,posts,380898,https://coincu.com/news/ethereum-whale-accumulates-market-shift/,https://coincu.com/ethereum-whale-accumulates-market-shift/,1,2,replaced
https://coincu.com/10b-eth-shorts-at-risk-if-price-pumps-10/,posts,365102,https://coincu.com/markets/ethereum-etf-record-outflow/,https://coincu.com/ethereum-etf-record-outflow/,1,1,replaced
https://coincu.com/11b-short-squeeze-ahead/,posts,379718,https://coincu.com/analysis/btc-107k-signaling-a-move-to-115k/,https://coincu.com/btc-107k-signaling-a-move-to-115k/,1,1,replaced
https://coincu.com/11b-short-squeeze-ahead/,posts,379718,https://coincu.com/analysis/btc-faces-233m-liquidation-threat/,https://coincu.com/btc-faces-233m-liquidation-threat/,1,1,replaced
https://coincu.com/2-20-breakout-looms-xrp-holders-brace/,posts,391451,https://coincu.com/analysis/xrp-on-the-edge-will-it-explode/,https://coincu.com/xrp-on-the-edge-will-it-explode/,1,1,replaced
https://coincu.com/2-20-breakout-looms-xrp-holders-brace/,posts,391451,https://coincu.com/analysis/xrp-surge-ahead-watch-this-key-2-20/,https://coincu.com/xrp-surge-ahead-watch-this-key-2-20/,1,1,replaced
https://coincu.com/21shares-adds-6-new-crypto-etps-to-nasdaq/,posts,379379,https://coincu.com/markets/21shares-spot-solana-etf-launch/,https://coincu.com/21shares-spot-solana-etf-launch/,1,1,replaced
https://coincu.com/21shares-dogecoin-etf-rumor/,posts,363969,https://coincu.com/analysis/dogecoin-price-prediction-rsi-support/,https://coincu.com/dogecoin-price-prediction-rsi-support/,1,1,replaced
https://coincu.com/21shares-dogecoin-etf-rumor/,posts,363969,https://coincu.com/news/grayscale-dogecoin-etf-filing/,https://coincu.com/grayscale-dogecoin-etf-filing/,1,1,replaced
https://coincu.com/21shares-dogecoin-spot-etf-nasdaq/,posts,390597,https://coincu.com/analysis/federal-reserve-crypto-markets-impact/,https://coincu.com/federal-reserve-crypto-markets-impact/,1,1,replaced
https://coincu.com/21shares-files-for-ondo-etf/,posts,393736,https://coincu.com/news/21shares-files-s1-ondo-etf-sec/,https://coincu.com/21shares-files-s1-ondo-etf-sec/,1,1,replaced
https://coincu.com/21shares-files-for-ondo-etf/,posts,393736,https://coincu.com/news/ondo-finance-solana-expansion/,https://coincu.com/ondo-finance-solana-expansion/,1,1,replaced
https://coincu.com/21shares-files-s-1-with-sec-to-launch/,posts,373077,https://coincu.com/news/canary-capital-launches-etfs/,https://coincu.com/canary-capital-launches-etfs/,1,1,replaced
https://coincu.com/21shares-files-s-1-with-sec-to-launch/,posts,373077,https://coincu.com/news/sec-crypto-etfs-october-2025/,https://coincu.com/sec-crypto-etfs-october-2025/,1,1,replaced
https://coincu.com/21shares-launches-first-us-polkadot-etf/,posts,397233,https://coincu.com/news/sec-delays-21shares-polkadot-etf/,https://coincu.com/sec-delays-21shares-polkadot-etf/,1,1,replaced
https://coincu.com/21shares-launches-jitosol-staking-etp-on/,posts,392461,https://coincu.com/news/21shares-adds-6-new-crypto-etps-to-nasdaq/,https://coincu.com/21shares-adds-6-new-crypto-etps-to-nasdaq/,1,1,replaced
https://coincu.com/21shares-spot-solana-etf-launch/,posts,379159,https://coincu.com/analysis/solana-recovers-after-consolidation-190/,https://coincu.com/solana-recovers-after-consolidation-190/,1,2,replaced
https://coincu.com/21shares-spot-solana-etf-launch/,posts,379159,https://coincu.com/markets/sol-spot-etf-inflows/,https://coincu.com/sol-spot-etf-inflows/,1,2,replaced
https://coincu.com/21shares-xrp-etf-approved-what-to-expect/,posts,380548,https://coincu.com/news/coinshares-solana-spot-etf/,https://coincu.com/coinshares-solana-spot-etf/,1,1,replaced
https://coincu.com/21shares-xrp-etf-approved-what-to-expect/,posts,380548,https://coincu.com/news/sec-digital-asset-etf-listings/,https://coincu.com/sec-digital-asset-etf-listings/,1,1,replaced
https://coincu.com/21x-us-market-blockchain-exchange/,posts,366933,https://coincu.com/news/sec-suspends-trading-in-qmmm-after-stock/,https://coincu.com/sec-suspends-trading-in-qmmm-after-stock/,1,2,replaced
https://coincu.com/4-2b-in-btc-eth-options-expire/,posts,361745,https://coincu.com/analysis/eth-cme-futures-open-interest-hits-record/,https://coincu.com/eth-cme-futures-open-interest-hits-record/,1,1,replaced
https://coincu.com/4-2b-in-btc-eth-options-expire/,posts,361745,https://coincu.com/news/bitcoin-drops-as-us-cpi-inflation-hits-2-9/,https://coincu.com/bitcoin-drops-as-us-cpi-inflation-hits-2-9/,1,1,replaced
https://coincu.com/4b-in-tokenized-assets-enter-aave/,posts,376536,https://coincu.com/news/abracadabra-defi-hack-tornado-cash/,https://coincu.com/abracadabra-defi-hack-tornado-cash/,1,1,replaced
https://coincu.com/773m-token-unlocks-threaten-market-as/,posts,365290,https://coincu.com/analysis/solana-dex-surpasses-750m-addresses/,https://coincu.com/solana-dex-surpasses-750m-addresses/,1,1,replaced
https://coincu.com/773m-token-unlocks-threaten-market-as/,posts,365290,https://coincu.com/markets/spot-gold-record-fed-rate-cut/,https://coincu.com/spot-gold-record-fed-rate-cut/,1,1,replaced
https://coincu.com/840m-ondo-token-unlock-incoming/,posts,387355,https://coincu.com/analysis/can-ondo-bounce-to-1-15/,https://coincu.com/can-ondo-bounce-to-1-15/,1,1,replaced
https://coincu.com/965m-xrp-pulled-from-exchanges/,posts,373949,https://coincu.com/analysis/xrp-holds-above-0-886-fibonacci-level-showing-bullish-potential-to-7-500/,https://coincu.com/xrp-holds-above-0-886-fibonacci-level-showing-bullish-potential-to-7-500/,1,1,replaced
https://coincu.com/99-4-of-bitcoin-in-profit-as-bulls-eye/,posts,367143,https://coincu.com/analysis/bitcoin-etfs-see-985m-inflows/,https://coincu.com/bitcoin-etfs-see-985m-inflows/,1,1,replaced
https://coincu.com/99-4-of-bitcoin-in-profit-as-bulls-eye/,posts,367143,https://coincu.com/analysis/btc-breakout-sparks-rally/,https://coincu.com/btc-breakout-sparks-rally/,1,1,replaced
https://coincu.com/a16z-crypto-expands-into-asia-with-new/,posts,382643,https://coincu.com/news/upbit-restores-crypto-deposits-dec-1/,https://coincu.com/upbit-restores-crypto-deposits-dec-1/,1,2,replaced
https://coincu.com/a16z-crypto-urges-us-legislation/,posts,370694,https://coincu.com/news/canada-stablecoin-regulation-framework-2/,https://coincu.com/canada-stablecoin-regulation-framework-2/,1,2,replaced
https://coincu.com/a16z-crypto-urges-us-legislation/,posts,370694,https://coincu.com/news/uk-and-us-prepare-crypto-regulation/,https://coincu.com/uk-and-us-prepare-crypto-regulation/,1,2,replaced
https://coincu.com/a16z-raises-15b-projects-crypto-growth/,posts,387803,https://coincu.com/analysis/crypto-infrastructure-shift-2026/,https://coincu.com/crypto-infrastructure-shift-2026/,1,2,replaced
https://coincu.com/a16z-raises-15b-projects-crypto-growth/,posts,387803,https://coincu.com/news/a16z-crypto-urges-us-legislation/,https://coincu.com/a16z-crypto-urges-us-legislation/,1,2,replaced
https://coincu.com/aave-bearish-flag-potential-drop-to-130/,posts,381709,https://coincu.com/news/aave-removes-usds-collateral/,https://coincu.com/aave-removes-usds-collateral/,1,1,replaced
https://coincu.com/aave-eyes-670-resistance-multi-year-holds/,posts,383797,https://coincu.com/analysis/aave-bearish-flag-potential-drop-to-130/,https://coincu.com/aave-bearish-flag-potential-drop-to-130/,1,1,replaced
https://coincu.com/aave-forms-bullish-setup-surge-230/,posts,377608,https://coincu.com/news/aave-whale-usdt-utilization-spike/,https://coincu.com/aave-whale-usdt-utilization-spike/,1,1,replaced
https://coincu.com/aave-founder-sells-ethena-tokens/,posts,364889,https://coincu.com/analysis/galaxy-digital-buys-1-2m-solana/,https://coincu.com/galaxy-digital-buys-1-2m-solana/,1,1,replaced
https://coincu.com/aave-holds-above-159-support-targets-175/,posts,387683,https://coincu.com/analysis/aave-surges-past-bullish-flag-target-130/,https://coincu.com/aave-surges-past-bullish-flag-target-130/,1,1,replaced
https://coincu.com/aave-integrates-cow-protocol/,posts,381507,https://coincu.com/analysis/ethereum-showing-strength-new-ath-run/,https://coincu.com/ethereum-showing-strength-new-ath-run/,2,0,not_found_in_raw
https://coincu.com/aave-labs-defi-app-launch/,posts,378766,https://coincu.com/markets/senate-advances-shutdown-bill,https://coincu.com/senate-advances-shutdown-bill/,1,1,replaced
https://coincu.com/aave-plasma-chain-deposits/,posts,365154,https://coincu.com/markets/eth-nearing-descending-broadening-wedge/,https://coincu.com/eth-nearing-descending-broadening-wedge/,1,2,replaced
https://coincu.com/aave-plasma-chain-deposits/,posts,365154,https://coincu.com/news/plasma-tge-mainnet-launch-september/,https://coincu.com/plasma-tge-mainnet-launch-september/,1,2,replaced
https://coincu.com/aave-price-looks-set-to-surge-toward-125/,posts,378433,https://coincu.com/analysis/aave-forms-bullish-setup-surge-230/,https://coincu.com/aave-forms-bullish-setup-surge-230/,1,1,replaced
https://coincu.com/aave-removes-usds-collateral/,posts,381337,https://coincu.com/markets/stablecoin-supply-bitcoin-price-trends/,https://coincu.com/stablecoin-supply-bitcoin-price-trends/,1,1,replaced
https://coincu.com/aave-removes-usds-collateral/,posts,381337,https://coincu.com/news/tether-defends-finance-amid-downgrade/,https://coincu.com/tether-defends-finance-amid-downgrade/,1,1,replaced
https://coincu.com/aave-surges-past-bullish-flag-target-130/,posts,386364,https://coincu.com/analysis/whale-buys-4-7m-aave/,https://coincu.com/whale-buys-4-7m-aave/,1,1,replaced
https://coincu.com/aave-surpasses-1b-in-rwas-as-token/,posts,395316,https://coincu.com/news/zerolend-winds-down-as-tvl-drops-98-users-told-to-withdraw/,https://coincu.com/zerolend-winds-down-as-tvl-drops-98-users-told-to-withdraw/,1,1,replaced
https://coincu.com/aave-whale-usdt-utilization-spike/,posts,376529,https://coincu.com/news/megaeth-ico-raises-fifty-million/,https://coincu.com/megaeth-ico-raises-fifty-million/,1,1,replaced
https://coincu.com/aave-whale-usdt-utilization-spike/,posts,376529,https://coincu.com/news/usdc-surpasses-usdt-market-growth/,https://coincu.com/usdc-surpasses-usdt-market-growth/,1,1,replaced
https://coincu.com/abracadabra-defi-hack-tornado-cash/,posts,366587,https://coincu.com/analysis/hyperliquid-apex-contract-leverage-launch/,https://coincu.com/hyperliquid-apex-contract-leverage-launch/,1,1,replaced
https://coincu.com/abracadabra-defi-hack-tornado-cash/,posts,366587,https://coincu.com/news/fed-enforces-genius-stablecoin-ban/,https://coincu.com/fed-enforces-genius-stablecoin-ban/,1,1,replaced
https://coincu.com/abraxas-capital-short-profit/,posts,379534,https://coincu.com/markets/federal-reserve-outdated-payroll/,https://coincu.com/federal-reserve-outdated-payroll/,1,1,replaced
https://coincu.com/ada-breakdown-looms/,posts,364613,https://coincu.com/analysis/ada-rockets-17-in-a-week/,https://coincu.com/ada-rockets-17-in-a-week/,1,1,replaced
https://coincu.com/ada-breakdown-looms/,posts,364613,https://coincu.com/analysis/cardano-ada-google-interest-surges-to-highest/,https://coincu.com/cardano-ada-google-interest-surges-to-highest/,1,1,replaced
https://coincu.com/ada-breakdown-looms/,posts,364613,https://coincu.com/news/canada-trade-digital-tax-removal/,https://coincu.com/canada-trade-digital-tax-removal/,1,1,replaced
https://coincu.com/ada-breaks-trendline-as-charts-signal-40/,posts,382383,https://coincu.com/analysis/ada-tests-key-0-52-level-strong-rebound-incoming/,https://coincu.com/ada-tests-key-0-52-level-strong-rebound-incoming/,1,1,replaced
https://coincu.com/ada-breaks-trendline-as-charts-signal-40/,posts,382383,https://coincu.com/analysis/link-on-the-edge-will-15-40-trigger/,https://coincu.com/link-on-the-edge-will-15-40-trigger/,1,1,replaced
https://coincu.com/ada-eyes-recovery-in-descending-channel/,posts,393802,https://coincu.com/analysis/ada-on-the-edge-will-0-33-hold/,https://coincu.com/ada-on-the-edge-will-0-33-hold/,1,1,replaced
https://coincu.com/ada-must-break-downtrend-to-new-highs/,posts,391996,https://coincu.com/analysis/ada-price-action-bounce-toward-0-53/,https://coincu.com/ada-price-action-bounce-toward-0-53/,1,1,replaced
https://coincu.com/ada-near-breaking-point/,posts,385813,https://coincu.com/analysis/ada-reach-previous-3000-targeting-5-81/,https://coincu.com/ada-reach-previous-3000-targeting-5-81/,1,1,replaced
https://coincu.com/ada-on-the-edge-will-0-33-hold/,posts,392288,https://coincu.com/analysis/ada-eyes-critical-0-90-resistance-for-potential-rally-to-1-10-target/,https://coincu.com/ada-eyes-critical-0-90-resistance-for-potential-rally-to-1-10-target/,1,1,replaced
https://coincu.com/ada-price-action-bounce-toward-0-53/,posts,390669,https://coincu.com/analysis/ada-price-struggles-below-0-438-potential-abc-correction-in-wave-2-forecast-ada/,https://coincu.com/ada-price-struggles-below-0-438-potential-abc-correction-in-wave-2-forecast-ada/,1,1,replaced
https://coincu.com/ada-reach-previous-3000-targeting-5-81/,posts,379256,https://coincu.com/markets/cardano-user-ada-usda-loss/,https://coincu.com/cardano-user-ada-usda-loss/,1,1,replaced
https://coincu.com/ada-shows-early-rebound-signs-with-bullish-divergence-and-double-bottom-targeting-0-50/,posts,384296,https://coincu.com/analysis/ada-fresh-signals-as-outflows-persist/,https://coincu.com/ada-fresh-signals-as-outflows-persist/,1,1,replaced
https://coincu.com/ada-tests-key-0-52-level-strong-rebound-incoming/,posts,376308,https://coincu.com/analysis/cardano-eyes-potential-breakout-to-0-93/,https://coincu.com/cardano-eyes-potential-breakout-to-0-93/,1,1,replaced
https://coincu.com/alameda-ftx-wallets-crypto-assets/,posts,367245,https://coincu.com/analysis/solana-etf-approval-soon/,https://coincu.com/solana-etf-approval-soon/,1,2,replaced
https://coincu.com/algo-eyes-0-32-after-smashing-resistance/,posts,356351,https://coincu.com/analysis/algo-oversold/,https://coincu.com/algo-oversold/,1,1,replaced
https://coincu.com/altcoin-profits-collapse-as-bitcoin-hits/,posts,378563,https://coincu.com/analysis/btc-eyes-96-8k-breakout-or-bull-trap/,https://coincu.com/btc-eyes-96-8k-breakout-or-bull-trap/,1,1,replaced
https://coincu.com/altcoin-profits-collapse-as-bitcoin-hits/,posts,378563,https://coincu.com/analysis/btc-faces-233m-liquidation-threat/,https://coincu.com/btc-faces-233m-liquidation-threat/,1,1,replaced
https://coincu.com/altcoin-rotation-is-gradually-coming-to/,posts,363776,https://coincu.com/markets/crypto-market-billion-liquidations/,https://coincu.com/crypto-market-billion-liquidations/,1,1,replaced
https://coincu.com/altcoin-season-index-drops-34/,posts,368269,https://coincu.com/markets/us-government-shutdown-crypto-market-impact/,https://coincu.com/us-government-shutdown-crypto-market-impact/,1,2,replaced
https://coincu.com/altcoin-season-outperforming-bitcoin/,posts,363522,https://coincu.com/analysis/federal-reserve-independence-policy/,https://coincu.com/federal-reserve-independence-policy/,1,1,replaced
https://coincu.com/altcoin-transfers-surge-as-4-year-wedge/,posts,370088,https://coincu.com/analysis/btc-dominance-breaks-down/,https://coincu.com/btc-dominance-breaks-down/,1,1,replaced
https://coincu.com/altcoin-transfers-surge-as-4-year-wedge/,posts,370088,https://coincu.com/markets/altcoin-season-index-drops-34/,https://coincu.com/altcoin-season-index-drops-34/,1,1,replaced
https://coincu.com/altcoins-lead-crypto-buzz-as-etf-launches/,posts,372137,https://coincu.com/analysis/bitcoin-eyes-190k-after-key-resistance/,https://coincu.com/bitcoin-eyes-190k-after-key-resistance/,1,1,replaced
https://coincu.com/altcoins-lead-crypto-buzz-as-etf-launches/,posts,372137,https://coincu.com/markets/bitwise-solana-etf-update/,https://coincu.com/bitwise-solana-etf-update/,1,1,replaced
https://coincu.com/altcoins-lead-crypto-buzz-as-etf-launches/,posts,372137,https://coincu.com/news/crypto-etfs-launch-wall-street/,https://coincu.com/crypto-etfs-launch-wall-street/,1,1,replaced
https://coincu.com/altcoins-lead-crypto-buzz-as-etf-launches/,posts,372137,https://coincu.com/news/solana-litecoin-hedera-etfs-launch/,https://coincu.com/solana-litecoin-hedera-etfs-launch/,1,1,replaced
https://coincu.com/altcoins-lead-crypto-buzz-as-etf-launches/,posts,372137,https://coincu.com/news/trump-media-to-launch-prediction-markets/,https://coincu.com/trump-media-to-launch-prediction-markets/,1,1,replaced
https://coincu.com/altcoins-on-the-verge-of-a-breakout-as/,posts,354680,https://coincu.com/analysis/is-xrp-about-to-explode-past-3-60/,https://coincu.com/is-xrp-about-to-explode-past-3-60/,1,1,replaced
https://coincu.com/altcoins-on-the-verge-of-a-breakout-as/,posts,354680,https://coincu.com/analysis/solana-breaks-out-270-target-in-sight-following-bullish-momentum/,https://coincu.com/solana-breaks-out-270-target-in-sight-following-bullish-momentum/,1,1,replaced
https://coincu.com/amazon-seeks-to-raise-about-12-billion/,posts,378786,https://coincu.com/news/amazon-aws-outage-asia-pacific/,https://coincu.com/amazon-aws-outage-asia-pacific/,1,1,replaced
https://coincu.com/amazon-seeks-to-raise-about-12-billion/,posts,378786,https://coincu.com/news/tether-invests-neura-robotics/,https://coincu.com/tether-invests-neura-robotics/,1,1,replaced
https://coincu.com/amina-hong-kong-crypto-license/,posts,378882,https://coincu.com/news/hong-kongs-crypto-rules-under-fire/,https://coincu.com/hong-kongs-crypto-rules-under-fire/,1,1,replaced
https://coincu.com/analyst-warn-link-could-slide-toward-7-15/,posts,391444,https://coincu.com/news/chainlink-us-equities-defi-stream/,https://coincu.com/chainlink-us-equities-defi-stream/,1,1,replaced
https://coincu.com/analysts-predict-fed-rate-cut-september/,posts,360788,https://coincu.com/markets/fed-rate-cut-crypto-impact-3/,https://coincu.com/fed-rate-cut-crypto-impact-3/,1,1,replaced
https://coincu.com/andreessen-horowitz-venture-funds-crypto/,posts,388039,https://coincu.com/markets/crypto-market-plunge-december/,https://coincu.com/crypto-market-plunge-december/,1,2,replaced
https://coincu.com/animoca-anpa-edu-token-purchase/,posts,379453,https://coincu.com/news/institutional-crypto-adoption-2025/,https://coincu.com/institutional-crypto-adoption-2025/,1,1,replaced
https://coincu.com/animoca-japan-and-rootstocklabs-team-up/,posts,391698,https://coincu.com/analysis/bitcoin-surge-institutional-interest-economic-uncertainty-2/,https://coincu.com/bitcoin-surge-institutional-interest-economic-uncertainty-2/,1,2,replaced
https://coincu.com/appeals-court-rules-nft-trading-case/,posts,351866,https://coincu.com/news/sec-lawsuit-against-opensea-ends/,https://coincu.com/sec-lawsuit-against-opensea-ends/,1,1,replaced
https://coincu.com/applied-dna-sciences-bnb-investment/,posts,365760,https://coincu.com/markets/fed-rate-cut-crypto-impact-5/,https://coincu.com/fed-rate-cut-crypto-impact-5/,1,1,replaced
https://coincu.com/aptos-price-set-to-surge-towards-6-40/,posts,367198,https://coincu.com/news/aptos-labs-launches-petra-vault/,https://coincu.com/aptos-labs-launches-petra-vault/,1,1,replaced
https://coincu.com/aqua-protocol-defi-liquidity/,posts,378747,https://coincu.com/news/coinbase-revives-token-sales-us/,https://coincu.com/coinbase-revives-token-sales-us/,1,1,replaced
https://coincu.com/arb-at-accumulation-zone/,posts,377722,https://coincu.com/analysis/arbitrum-hits-accumulation-zone/,https://coincu.com/arbitrum-hits-accumulation-zone/,1,1,replaced
https://coincu.com/arb-drops-from-resistance/,posts,370380,https://coincu.com/analysis/arbitrum-shows-bullish-momentum-with-9-6b-tvl-as-price-eyes-2-43-target/,https://coincu.com/arbitrum-shows-bullish-momentum-with-9-6b-tvl-as-price-eyes-2-43-target/,1,1,replaced
https://coincu.com/arb-drops-from-resistance/,posts,370380,https://coincu.com/analysis/is-a-0-48-breakout-next-as-arbitrum-arb-dex-volume-hits-ath/,https://coincu.com/is-a-0-48-breakout-next-as-arbitrum-arb-dex-volume-hits-ath/,1,1,replaced
https://coincu.com/arb-forms-bullish-falling-wedge-pattern/,posts,387275,https://coincu.com/analysis/arbitrum-falling-wedge-indicate-surge/,https://coincu.com/arbitrum-falling-wedge-indicate-surge/,1,1,replaced
https://coincu.com/arb-nears-key-support-rebound-prices-0-46/,posts,379705,https://coincu.com/analysis/arb-at-accumulation-zone/,https://coincu.com/arb-at-accumulation-zone/,1,1,replaced
https://coincu.com/arbitrum-eyes-0-20-target-as-support-hold/,posts,390706,https://coincu.com/news/arbitrum-vault-usdc-loss-2026/,https://coincu.com/arbitrum-vault-usdc-loss-2026/,1,1,replaced
https://coincu.com/arbitrum-falling-wedge-indicate-surge/,posts,382605,https://coincu.com/analysis/arb-nears-key-support-rebound-prices-0-46/,https://coincu.com/arb-nears-key-support-rebound-prices-0-46/,1,1,replaced
https://coincu.com/arbitrum-hits-accumulation-zone/,posts,375992,https://coincu.com/analysis/arbitrum-shows-bullish-momentum-with-9-6b-tvl-as-price-eyes-2-43-target/,https://coincu.com/arbitrum-shows-bullish-momentum-with-9-6b-tvl-as-price-eyes-2-43-target/,1,1,replaced
https://coincu.com/arbitrum-holds-key-support-at-0-328/,posts,372089,https://coincu.com/analysis/arbitrum-shows-bullish-momentum-with-9-6b-tvl-as-price-eyes-2-43-target/,https://coincu.com/arbitrum-shows-bullish-momentum-with-9-6b-tvl-as-price-eyes-2-43-target/,1,1,replaced
https://coincu.com/arbitrum-holds-support-break-above-0-12/,posts,395846,https://coincu.com/analysis/arbitrum-eyes-0-20-target-as-support-hold/,https://coincu.com/arbitrum-eyes-0-20-target-as-support-hold/,1,1,replaced
https://coincu.com/arbitrum-rockets-20/,posts,355061,https://coincu.com/analysis/new-arb-uptrend-starts-as-double-bottom-formation-targets-0-80-1-20/,https://coincu.com/new-arb-uptrend-starts-as-double-bottom-formation-targets-0-80-1-20/,1,1,replaced
https://coincu.com/arbitrum-shows-bullish-momentum-with-9-6b-tvl-as-price-eyes-2-43-target/,posts,369728,https://coincu.com/analysis/is-a-0-48-breakout-next-as-arbitrum-arb-dex-volume-hits-ath/,https://coincu.com/is-a-0-48-breakout-next-as-arbitrum-arb-dex-volume-hits-ath/,1,1,replaced
https://coincu.com/are-chainlink-holders-positioning-early/,posts,374079,https://coincu.com/analysis/link-bulls-on-edge/,https://coincu.com/link-bulls-on-edge/,1,1,replaced
https://coincu.com/are-fed-rate-cuts-really-confirmed-for/,posts,362415,https://coincu.com/markets/fed-enhances-powell-role-market/,https://coincu.com/fed-enhances-powell-role-market/,1,1,replaced
https://coincu.com/ark-invest-bitcoin-price-target-2030/,posts,380231,https://coincu.com/markets/bitcoin-drops-below-90000-market-shift/,https://coincu.com/bitcoin-drops-below-90000-market-shift/,1,1,replaced
https://coincu.com/ark-invest-crypto-stock-holdings/,posts,379975,https://coincu.com/news/ark-invest-crypto-stocks-coinbase-circle/,https://coincu.com/ark-invest-crypto-stocks-coinbase-circle/,1,2,replaced
https://coincu.com/ark-invest-crypto-stocks-coinbase-circle/,posts,379058,https://coincu.com/news/coinbase-ico-platform-launch-make/,https://coincu.com/coinbase-ico-platform-launch-make/,1,2,replaced
https://coincu.com/arkham-uncovers-14-5b-bitcoin-theft-from/,posts,352248,https://coincu.com/news/arkham-intel-exchange-now-allows-to-trade-arkm/,https://coincu.com/arkham-intel-exchange-now-allows-to-trade-arkm/,1,1,replaced
https://coincu.com/arkham-uncovers-14-5b-bitcoin-theft-from/,posts,352248,https://coincu.com/news/north-korean-hackers-crypto-theft/,https://coincu.com/north-korean-hackers-crypto-theft/,1,1,replaced
https://coincu.com/arthur-hayes-bitcoin-liquidity-warning/,posts,378902,https://coincu.com/analysis/bitcoin-mini-bear-market-matrixport-report/,https://coincu.com/bitcoin-mini-bear-market-matrixport-report/,1,2,replaced
https://coincu.com/arthur-hayes-bitcoin-liquidity-warning/,posts,378902,https://coincu.com/markets/bitcoin-market-uncertainty-analysis/,https://coincu.com/bitcoin-market-uncertainty-analysis/,1,2,replaced
https://coincu.com/arthur-hayes-bitcoin-zcash-us-fiscal/,posts,377197,https://coincu.com/analysis/bitcoin-above-105k-break-toward-130k/,https://coincu.com/bitcoin-above-105k-break-toward-130k/,1,1,replaced
https://coincu.com/arthur-hayes-bitcoin-zcash-us-fiscal/,posts,377197,https://coincu.com/markets/zcash-price-surges-privacy-narrative/,https://coincu.com/zcash-price-surges-privacy-narrative/,1,1,replaced
https://coincu.com/arthur-hayes-criticizes-monad-mon/,posts,380626,https://coincu.com/markets/arthur-hayes-bitcoin-liquidity-warning/,https://coincu.com/arthur-hayes-bitcoin-liquidity-warning/,1,1,replaced
https://coincu.com/arthur-hayes-criticizes-monad-mon/,posts,380626,https://coincu.com/markets/arthur-hayes-sells-crypto-assets/,https://coincu.com/arthur-hayes-sells-crypto-assets/,1,1,replaced
https://coincu.com/arthur-hayes-hype-token-sale/,posts,363701,https://coincu.com/news/hyperliquid-surges-revenue-competitors/,https://coincu.com/hyperliquid-surges-revenue-competitors/,1,1,replaced
https://coincu.com/arthur-hayes-sells-crypto-assets/,posts,378608,https://coincu.com/analysis/ethereum-points-to-breakout-toward-8500/,https://coincu.com/ethereum-points-to-breakout-toward-8500/,1,1,replaced
https://coincu.com/asias-crypto-shift-stablecoins/,posts,394723,https://coincu.com/news/china-digital-asset-legislation/,https://coincu.com/china-digital-asset-legislation/,1,1,replaced
https://coincu.com/asias-crypto-shift-stablecoins/,posts,394723,https://coincu.com/news/kyrgyzstan-crypto-mining-tax-revenues-drop/,https://coincu.com/kyrgyzstan-crypto-mining-tax-revenues-drop/,1,1,replaced
https://coincu.com/asias-crypto-week-iran-outflows-hk-web3/,posts,397280,https://coincu.com/news/hkd-stablecoins-advance-as-hong-kong-refines-licensing/,https://coincu.com/,1,1,replaced
https://coincu.com/asias-crypto-week-iran-outflows-hk-web3/,posts,397280,https://coincu.com/news/us-declares-blockchain-and-crypto/,https://coincu.com/us-declares-blockchain-and-crypto/,1,1,replaced
https://coincu.com/aster-approaches-1-55-critical-zone-as-bulls-eye-1-8-resistance-and-beyond/,posts,367858,https://coincu.com/news/huang-licheng-aster-leverage-loss/,https://coincu.com/huang-licheng-aster-leverage-loss/,1,1,replaced
https://coincu.com/aster-bounces-from-bottom/,posts,373096,https://coincu.com/analysis/aster-approaches-1-55-critical-zone-as-bulls-eye-1-8-resistance-and-beyond/,https://coincu.com/aster-approaches-1-55-critical-zone-as-bulls-eye-1-8-resistance-and-beyond/,1,1,replaced
https://coincu.com/aster-breakdown-nears/,posts,389109,https://coincu.com/analysis/aster-on-the-edge-will-the-0-95-support/,https://coincu.com/aster-on-the-edge-will-the-0-95-support/,1,1,replaced
https://coincu.com/aster-breakout-1-30-key-to-new-all-time/,posts,378758,https://coincu.com/news/aster-unlocks-delayed-to-2026-and-2035/,https://coincu.com/aster-unlocks-delayed-to-2026-and-2035/,1,1,replaced
https://coincu.com/aster-breaks-5-month-slump-targets-0-6846-after-retest/,posts,394048,https://coincu.com/analysis/aster-poised-for-surge-will-it-break-0-66/,https://coincu.com/aster-poised-for-surge-will-it-break-0-66/,1,1,replaced
https://coincu.com/aster-breaks-out-bullish-pattern/,posts,393790,https://coincu.com/analysis/aster-poised-for-surge-will-it-break-0-66/,https://coincu.com/aster-poised-for-surge-will-it-break-0-66/,1,1,replaced
https://coincu.com/aster-breaks-out-can-it-smash-2-40/,posts,366396,https://coincu.com/markets/aster-token-profits-investors/,https://coincu.com/aster-token-profits-investors/,1,1,replaced
https://coincu.com/aster-breaks-out-can-it-smash-2-40/,posts,366396,https://coincu.com/news/aster-token-distribution-clarification/,https://coincu.com/aster-token-distribution-clarification/,1,1,replaced
https://coincu.com/aster-builds-bullish-structure-as-inverse-pattern-targets-0-824-and-higher-breakout/,posts,396743,https://coincu.com/analysis/aster-reclaims-trendline-support-eye-0-91/,https://coincu.com/aster-reclaims-trendline-support-eye-0-91/,1,1,replaced
https://coincu.com/aster-bullish-breakout-target-3-28/,posts,378004,https://coincu.com/news/coinbase-picks-aster-for-roadmap/,https://coincu.com/coinbase-picks-aster-for-roadmap/,1,1,replaced
https://coincu.com/aster-jumps-20-after-cz-buy-but-whale/,posts,373993,https://coincu.com/analysis/aster-approaches-1-55-critical-zone-as-bulls-eye-1-8-resistance-and-beyond/,https://coincu.com/aster-approaches-1-55-critical-zone-as-bulls-eye-1-8-resistance-and-beyond/,1,1,replaced
https://coincu.com/aster-jumps-20-after-cz-buy-but-whale/,posts,373993,https://coincu.com/analysis/aster-bounces-from-bottom/,https://coincu.com/aster-bounces-from-bottom/,1,1,replaced
https://coincu.com/aster-on-the-edge-will-the-0-95-support/,posts,382221,https://coincu.com/analysis/aster-breakout-1-30-key-to-new-all-time/,https://coincu.com/aster-breakout-1-30-key-to-new-all-time/,1,1,replaced
https://coincu.com/aster-overtakes-hyperliquid-trading-volume/,posts,377204,https://coincu.com/news/cz-denies-caixin-report-claims/,https://coincu.com/cz-denies-caixin-report-claims/,1,2,replaced
https://coincu.com/aster-poised-for-surge-will-it-break-0-66/,posts,391789,https://coincu.com/analysis/whales-are-loading-aster/,https://coincu.com/whales-are-loading-aster/,1,1,replaced
https://coincu.com/aster-reclaims-trendline-support-eye-0-91/,posts,395623,https://coincu.com/analysis/aster-up-29-weekly-will-0-82-break/,https://coincu.com/aster-up-29-weekly-will-0-82-break/,1,1,replaced
https://coincu.com/aster-to-surge-to-1-50/,posts,388000,https://coincu.com/analysis/aster-forms-base-support-aiming-recovery/,https://coincu.com/aster-forms-base-support-aiming-recovery/,1,1,replaced
https://coincu.com/aster-token-distribution-clarification/,posts,365269,https://coincu.com/news/fed-rate-cuts-impact-crypto-2/,https://coincu.com/fed-rate-cuts-impact-crypto-2/,1,1,replaced
https://coincu.com/aster-token-profits-investors/,posts,363375,https://coincu.com/markets/crypto-september-2025-token-unlocks/,https://coincu.com/crypto-september-2025-token-unlocks/,1,2,replaced
https://coincu.com/aster-token-profits-investors/,posts,363375,https://coincu.com/markets/federal-reserve-rate-cut-september-2025/,https://coincu.com/federal-reserve-rate-cut-september-2025/,1,2,replaced
https://coincu.com/aster-token-withdrawal-wallet-analysis/,posts,363519,https://coincu.com/markets/us-long-term-unemployment-record/,https://coincu.com/us-long-term-unemployment-record/,1,2,replaced
https://coincu.com/aster-unlocks-delayed-to-2026-and-2035/,posts,378307,https://coincu.com/analysis/aster-bullish-breakout-target-3-28/,https://coincu.com/aster-bullish-breakout-target-3-28/,1,1,replaced
https://coincu.com/aster-up-29-weekly-will-0-82-break/,posts,394392,https://coincu.com/analysis/aster-approaches-1-55-critical-zone-as-bulls-eye-1-8-resistance-and-beyond/,https://coincu.com/aster-approaches-1-55-critical-zone-as-bulls-eye-1-8-resistance-and-beyond/,1,1,replaced
https://coincu.com/aster-up-29-weekly-will-0-82-break/,posts,394392,https://coincu.com/analysis/aster-breaks-out-bullish-pattern/,https://coincu.com/aster-breaks-out-bullish-pattern/,1,1,replaced
https://coincu.com/astra-nova-raises-funds/,posts,369724,https://coincu.com/news/meanwhile-raises-82m-for-btc-expansion/,https://coincu.com/meanwhile-raises-82m-for-btc-expansion/,1,2,replaced
https://coincu.com/australia-crypto-exchange-regulation-bill/,posts,380166,https://coincu.com/analysis/tom-lee-crypto-market-analysis/,https://coincu.com/tom-lee-crypto-market-analysis/,1,1,replaced
https://coincu.com/australia-crypto-exchange-regulation-bill/,posts,380166,https://coincu.com/news/sec-changes-crypto-regulation/,https://coincu.com/sec-changes-crypto-regulation/,1,1,replaced
https://coincu.com/australia-fines-bps-financial-9-67m-over/,posts,391612,https://coincu.com/analysis/bitcoin-losses-surge-4-5b/,https://coincu.com/bitcoin-losses-surge-4-5b/,1,2,replaced
https://coincu.com/australia-fines-bps-financial-9-67m-over/,posts,391612,https://coincu.com/news/australia-crypto-exchange-regulation-bill/,https://coincu.com/australia-crypto-exchange-regulation-bill/,1,1,replaced
https://coincu.com/avalanche-breakout-from-falling-wedge-signals-potential-move-toward-9-80/,posts,397246,https://coincu.com/analysis/avalanche-tests-11-42-potential-rebound/,https://coincu.com/avalanche-tests-11-42-potential-rebound/,1,1,replaced
https://coincu.com/avalanche-consolidates-after-breaking-out-of-ascending-broadening-wedge/,posts,382967,https://coincu.com/analysis/avax-rebounds-to-golden-fib-next-breakout/,https://coincu.com/avax-rebounds-to-golden-fib-next-breakout/,1,1,replaced
https://coincu.com/avalanche-contracts-triple-in-a-year/,posts,366641,https://coincu.com/news/scaramucci-joins-avalanche-tokenization/,https://coincu.com/scaramucci-joins-avalanche-tokenization/,2,2,replaced
https://coincu.com/avalanche-contracts-triple-in-a-year/,posts,366641,https://coincu.com/analysis/avax-at-27-84-bollinger-bands-hint-big/,https://coincu.com/avax-at-27-84-bollinger-bands-hint-big/,1,1,replaced
https://coincu.com/avalanche-tests-11-42-potential-rebound/,posts,391603,https://coincu.com/analysis/avax-holds-firm-above-support/,https://coincu.com/avax-holds-firm-above-support/,1,1,replaced
https://coincu.com/avax-at-27-84-bollinger-bands-hint-big/,posts,364783,https://coincu.com/analysis/avax-long-positions-surge-to-920k-profit/,https://coincu.com/avax-long-positions-surge-to-920k-profit/,1,1,replaced
https://coincu.com/avax-at-27-84-bollinger-bands-hint-big/,posts,364783,https://coincu.com/analysis/avax-price-breakout-double-bottom-fuels/,https://coincu.com/avax-price-breakout-double-bottom-fuels/,1,1,replaced
https://coincu.com/avax-at-27-84-bollinger-bands-hint-big/,posts,364783,https://coincu.com/news/scaramucci-joins-avalanche-tokenization/,https://coincu.com/scaramucci-joins-avalanche-tokenization/,1,1,replaced
https://coincu.com/avax-bounce-corrective-drop-8-35-support/,posts,393882,https://coincu.com/analysis/avax-holds-firm-above-support/,https://coincu.com/avax-holds-firm-above-support/,1,1,replaced
https://coincu.com/avax-breaks-resistance-targeting-15-5/,posts,380369,https://coincu.com/analysis/avax-key-support-and-breakout-targets-302/,https://coincu.com/avax-key-support-and-breakout-targets-302/,1,1,replaced
https://coincu.com/avax-eyes-28-support-level/,posts,363895,https://coincu.com/analysis/avax-surges-45-is-a-280-to-126-next/,https://coincu.com/avax-surges-45-is-a-280-to-126-next/,1,1,replaced
https://coincu.com/avax-holds-firm-above-support/,posts,389804,https://coincu.com/analysis/avax-price-surge-to-22-before-key-move/,https://coincu.com/avax-price-surge-to-22-before-key-move/,1,1,replaced
https://coincu.com/avax-key-support-and-breakout-targets-302/,posts,379144,https://coincu.com/analysis/avalanche-contracts-triple-in-a-year/,https://coincu.com/avalanche-contracts-triple-in-a-year/,1,1,replaced
https://coincu.com/avax-long-positions-surge-to-920k-profit/,posts,364159,https://coincu.com/analysis/avax-eyes-28-support-level/,https://coincu.com/avax-eyes-28-support-level/,1,1,replaced
https://coincu.com/avax-price-surge-to-22-before-key-move/,posts,387548,https://coincu.com/analysis/avax-holds-above-12-support-target-26/,https://coincu.com/avax-holds-above-12-support-target-26/,1,1,replaced
https://coincu.com/avax-rebounds-to-golden-fib-next-breakout/,posts,380906,https://coincu.com/markets/avax-breaks-resistance-targeting-15-5/,https://coincu.com/avax-breaks-resistance-targeting-15-5/,1,1,replaced
https://coincu.com/bank-england-stablecoin-limits-exemption/,posts,367358,https://coincu.com/markets/us-government-shutdown-crypto-market-impact/,https://coincu.com/us-government-shutdown-crypto-market-impact/,1,1,replaced
https://coincu.com/bank-england-stablecoin-limits-exemption/,posts,367358,https://coincu.com/news/stablecoin-regulation-federal-reserve-occ/,https://coincu.com/stablecoin-regulation-federal-reserve-occ/,1,1,replaced
https://coincu.com/bank-of-england-proposes-new-rules/,posts,377210,https://coincu.com/news/bank-england-stablecoin-limits-exemption/,https://coincu.com/bank-england-stablecoin-limits-exemption/,1,1,replaced
https://coincu.com/bank-of-england-proposes-new-rules/,posts,377210,https://coincu.com/news/bank-of-england-stablecoin-concerns/,https://coincu.com/bank-of-england-stablecoin-concerns/,1,1,replaced
https://coincu.com/bank-of-england-proposes-new-rules/,posts,377210,https://coincu.com/news/uk-fca-crypto-regulations-2025/,https://coincu.com/uk-fca-crypto-regulations-2025/,1,1,replaced
https://coincu.com/bearish-bias-strengthens-key-support-pengu/,posts,394952,https://coincu.com/analysis/pengu-holds-support-at-0-0085-rebound/,https://coincu.com/pengu-holds-support-at-0-0085-rebound/,1,1,replaced
https://coincu.com/bermuda-partners-with-coinbase-and-circle/,posts,389928,https://coincu.com/news/coinbase-stock-trading-blockchain-equity/,https://coincu.com/coinbase-stock-trading-blockchain-equity/,1,2,replaced
https://coincu.com/bermuda-partners-with-coinbase-and-circle/,posts,389928,https://coincu.com/news/stablecoins-iran-venezuela-sanctions/,https://coincu.com/stablecoins-iran-venezuela-sanctions/,1,2,replaced
https://coincu.com/bhutan-launches-gold-backed-ter-token/,posts,382746,https://coincu.com/news/kyrgyzstan-stablecoin-cbdc-plans/,https://coincu.com/kyrgyzstan-stablecoin-cbdc-plans/,1,2,replaced
https://coincu.com/big-move-cnbc-to-feature-kalshis/,posts,381502,https://coincu.com/news/cnn-partners-with-kalshi-to-integrate/,https://coincu.com/cnn-partners-with-kalshi-to-integrate/,1,1,replaced
https://coincu.com/big-wallets-sell-2m-link/,posts,388016,https://coincu.com/analysis/chainlink-price-moves-toward-14-63/,https://coincu.com/chainlink-price-moves-toward-14-63/,1,1,replaced
https://coincu.com/biggest-crypto-crash-ever/,posts,368081,https://coincu.com/analysis/bitcoin-stuck-below-123-4k/,https://coincu.com/bitcoin-stuck-below-123-4k/,1,1,replaced
https://coincu.com/binance-altcoin-volume-share-hits-record/,posts,365547,https://coincu.com/analysis/altcoins-on-the-verge-of-a-breakout-as/,https://coincu.com/altcoins-on-the-verge-of-a-breakout-as/,1,1,replaced
https://coincu.com/binance-altcoin-volume-share-hits-record/,posts,365547,https://coincu.com/analysis/investors-rotate-in-q3-flows-shift-to-sol/,https://coincu.com/investors-rotate-in-q3-flows-shift-to-sol/,1,1,replaced
https://coincu.com/binance-aster-bnb-market-dynamics/,posts,365237,https://coincu.com/news/aster-dex-binance-influence/,https://coincu.com/aster-dex-binance-influence/,1,1,replaced
https://coincu.com/binance-aster-bnb-market-dynamics/,posts,365237,https://coincu.com/news/changpeng-zhao-advises-aster/,https://coincu.com/changpeng-zhao-advises-aster/,1,1,replaced
https://coincu.com/binance-buys-4225-btc-300m-safu/,posts,393879,https://coincu.com/news/binance-safu-fund-bitcoin-conversion/,https://coincu.com/binance-safu-fund-bitcoin-conversion/,1,1,replaced
https://coincu.com/binance-buys-4225-btc-300m-safu/,posts,393879,https://coincu.com/news/wlfi-token-expenditure-debate/,https://coincu.com/wlfi-token-expenditure-debate/,1,1,replaced
https://coincu.com/binance-cz-meme-coin-surge/,posts,366631,https://coincu.com/markets/fed-rate-cut-crypto-impact-5/,https://coincu.com/fed-rate-cut-crypto-impact-5/,1,2,replaced
https://coincu.com/binance-delists-nxpc-huma-pairs/,posts,362602,https://coincu.com/news/binance-launches-holoworld-ai-products/,https://coincu.com/binance-launches-holoworld-ai-products/,1,1,replaced
https://coincu.com/binance-doj-compliance-supervision-end/,posts,362438,https://coincu.com/analysis/bnb-smashes-905-ath/,https://coincu.com/bnb-smashes-905-ath/,1,1,replaced
https://coincu.com/binance-ethena-usde-september-launch/,posts,361135,https://coincu.com/news/stablecoinx-530-million-nasdaq-listing/,https://coincu.com/stablecoinx-530-million-nasdaq-listing/,1,1,replaced
https://coincu.com/binance-expands-futures-with-24-7-tradfi/,posts,387580,https://coincu.com/markets/gold-silver-2025-economic-shifts/,https://coincu.com/gold-silver-2025-economic-shifts/,1,2,replaced
https://coincu.com/binance-files-defamation-lawsuit-against/,posts,397554,https://coincu.com/news/binance-seeks-retraction-after-wsj-iran-sanctions-report/,https://coincu.com/,1,1,replaced
https://coincu.com/binance-franklin-launch-tokenized-fund/,posts,394174,https://coincu.com/news/binance-franklin-templeton-partnership/,https://coincu.com/binance-franklin-templeton-partnership/,1,1,replaced
https://coincu.com/binance-japan-paypay-crypto-partnership/,posts,367733,https://coincu.com/news/sec-etf-filing-withdrawals/,https://coincu.com/sec-etf-filing-withdrawals/,2,2,replaced
https://coincu.com/binance-lists-ethena-usde-spot-trading/,posts,361124,https://coincu.com/news/stablecoinx-530-million-nasdaq-listing/,https://coincu.com/stablecoinx-530-million-nasdaq-listing/,1,1,replaced
https://coincu.com/binance-lists-ondo-tokenized-securities/,posts,395940,https://coincu.com/news/ondo-finance-tokenized-etf-solana/,https://coincu.com/ondo-finance-tokenized-etf-solana/,1,1,replaced
https://coincu.com/binance-net-inflow-171-million-usdt-24-hours/,posts,399766,https://coincu.com/markets/binance-usdt-net-outflow-43-million/,https://coincu.com/binance-usdt-net-outflow-43-million/,1,0,not_found_in_raw
https://coincu.com/binance-net-inflow-171-million-usdt-24-hours/,posts,399766,https://coincu.com/markets/bitcoin-etf-inflows-rebound-market-volatility/,https://coincu.com/bitcoin-etf-inflows-rebound-market-volatility/,1,0,not_found_in_raw
https://coincu.com/binance-net-inflow-171-million-usdt-24-hours/,posts,399766,https://coincu.com/markets/btc-eth-funding-rates-bearish-cex-dex/,https://coincu.com/btc-eth-funding-rates-bearish-cex-dex/,1,0,not_found_in_raw
https://coincu.com/binance-net-inflow-171-million-usdt-24-hours/,posts,399766,https://coincu.com/news/binance-adjusts-leverage-margin-u-margined-perpetual-contracts/,https://coincu.com/binance-adjusts-leverage-margin-u-margined-perpetual-contracts/,1,0,not_found_in_raw
https://coincu.com/binance-offers-13-59-apr-with-no-reward/,posts,394547,https://coincu.com/news/binance-futures-wlfiusdc-contract/,https://coincu.com/binance-futures-wlfiusdc-contract/,1,1,replaced
https://coincu.com/binance-offers-13-59-apr-with-no-reward/,posts,394547,https://coincu.com/news/binance-usd-withdrawals-swift/,https://coincu.com/binance-usd-withdrawals-swift/,1,1,replaced
https://coincu.com/binance-price-potential-breakout-to-990/,posts,388754,https://coincu.com/news/bnb-chain-meme-culture-focus/,https://coincu.com/bnb-chain-meme-culture-focus/,1,1,replaced
https://coincu.com/binance-records-2b-stablecoin-inflows/,posts,362581,https://coincu.com/markets/bitcoin-volatility-fed-rate-cut/,https://coincu.com/bitcoin-volatility-fed-rate-cut/,1,1,replaced
https://coincu.com/binance-records-2b-stablecoin-inflows/,posts,362581,https://coincu.com/markets/federal-reserve-announces-rate-cut/,https://coincu.com/federal-reserve-announces-rate-cut/,1,1,replaced
https://coincu.com/binance-seeks-mica-license-in-greece-amid/,posts,390732,https://coincu.com/analysis/eu-mica-crypto-regulation-challenges/,https://coincu.com/eu-mica-crypto-regulation-challenges/,1,2,replaced
https://coincu.com/binance-seeks-mica-license-in-greece-amid/,posts,390732,https://coincu.com/news/eu-mica-licenses-crypto-institutions/,https://coincu.com/eu-mica-licenses-crypto-institutions/,1,2,replaced
https://coincu.com/binance-supports-network-upgrades/,posts,380328,https://coincu.com/news/pendle-finance-reports-tvl-surge/,https://coincu.com/pendle-finance-reports-tvl-surge/,1,1,replaced
https://coincu.com/binance-suspends-inj-deposits-upgrade/,posts,377168,https://coincu.com/news/western-union-stablecoin-remittance-pilot/,https://coincu.com/western-union-stablecoin-remittance-pilot/,1,2,replaced
https://coincu.com/binance-us-market-strategy/,posts,371490,https://coincu.com/markets/bitcoin-volatility-fed-rate-cut/,https://coincu.com/bitcoin-volatility-fed-rate-cut/,1,1,replaced
https://coincu.com/binance-usd-withdrawals-swift/,posts,389517,https://coincu.com/markets/crypto-bear-market-new-leadership/,https://coincu.com/crypto-bear-market-new-leadership/,1,1,replaced
https://coincu.com/binance-usd-withdrawals-swift/,posts,389517,https://coincu.com/news/sec-paul-atkins-market-innovations/,https://coincu.com/sec-paul-atkins-market-innovations/,1,1,replaced
https://coincu.com/bitcoin-2025-halving-cycle-change/,posts,386729,https://coincu.com/news/bitcoin-miners-shift-ai-hpc/,https://coincu.com/bitcoin-miners-shift-ai-hpc/,1,2,replaced
https://coincu.com/bitcoin-accumulation-ftx-high/,posts,389776,https://coincu.com/news/ftx-bankruptcy-crypto-market-impact/,https://coincu.com/ftx-bankruptcy-crypto-market-impact/,1,1,replaced
https://coincu.com/bitcoin-approaches-74k-70k-level/,posts,397032,https://coincu.com/analysis/bitcoin-nears-70000-as-buying-activity-builds/,https://coincu.com/bitcoin-nears-70000-as-buying-activity-builds/,1,1,replaced
https://coincu.com/bitcoin-at-risk-key-support-at-88789/,posts,390549,https://coincu.com/markets/bitcoin-fear-greed-index-fall/,https://coincu.com/bitcoin-fear-greed-index-fall/,1,1,replaced
https://coincu.com/bitcoin-at-risk-key-support-at-88789/,posts,390549,https://coincu.com/news/bitcoin-hits90k-after-trump-drops-crypto/,https://coincu.com/bitcoin-hits90k-after-trump-drops-crypto/,1,1,replaced
https://coincu.com/bitcoin-bearish-until-93k/,posts,380934,https://coincu.com/analysis/btc-hits-key-resistance/,https://coincu.com/btc-hits-key-resistance/,1,1,replaced
https://coincu.com/bitcoin-bounces-at-88k-but-can-it-reclaim-90k/,posts,381790,https://coincu.com/analysis/btc-eyes-96-8k-breakout-or-bull-trap/,https://coincu.com/btc-eyes-96-8k-breakout-or-bull-trap/,1,1,replaced
https://coincu.com/bitcoin-bounces-but-whales-keep-selling/,posts,373694,https://coincu.com/markets/btc-eth-options-expiry-deribit/,https://coincu.com/btc-eth-options-expiry-deribit/,1,1,replaced
https://coincu.com/bitcoin-bounces-support-eyeing-bullish/,posts,376461,https://coincu.com/news/bitcoin-crash-linked-to-1t-treasury-cash/,https://coincu.com/bitcoin-crash-linked-to-1t-treasury-cash/,1,1,replaced
https://coincu.com/bitcoin-breakout-confirmed/,posts,365271,https://coincu.com/analysis/btc-nears-ath/,https://coincu.com/btc-nears-ath/,1,1,replaced
https://coincu.com/bitcoin-breaks-10m-sma/,posts,389455,https://coincu.com/analysis/bitcoin-rsi-ascending-triangle-pullback/,https://coincu.com/bitcoin-rsi-ascending-triangle-pullback/,1,1,replaced
https://coincu.com/bitcoin-btc-losing-115440-support/,posts,363318,https://coincu.com/analysis/btc-nears-ath/,https://coincu.com/btc-nears-ath/,1,1,replaced
https://coincu.com/bitcoin-bull-market-liquidity-recovery/,posts,379661,https://coincu.com/analysis/bitcoins-bullish-structure-holds/,https://coincu.com/bitcoins-bullish-structure-holds/,1,1,replaced
https://coincu.com/bitcoin-bull-market-liquidity-recovery/,posts,379661,https://coincu.com/analysis/federal-reserve-december-rate-cut/,https://coincu.com/federal-reserve-december-rate-cut/,1,1,replaced
https://coincu.com/bitcoin-bull-market-liquidity-recovery/,posts,379661,https://coincu.com/markets/crypto-market-deleveraging-futures-decline/,https://coincu.com/crypto-market-deleveraging-futures-decline/,1,1,replaced
https://coincu.com/bitcoin-bullish-recovery-rate-cuts/,posts,382533,https://coincu.com/analysis/federal-reserve-balance-sheet-q-t-extension/,https://coincu.com/federal-reserve-balance-sheet-q-t-extension/,1,1,replaced
https://coincu.com/bitcoin-bullish-recovery-rate-cuts/,posts,382533,https://coincu.com/news/powell-fed-chair-resignation-rumor/,https://coincu.com/powell-fed-chair-resignation-rumor/,1,1,replaced
https://coincu.com/bitcoin-bulls-weaken-as-price-struggles/,posts,370316,https://coincu.com/analysis/btc-price-stability-could-fuel-long-term-surge-toward-120k-target/,https://coincu.com/btc-price-stability-could-fuel-long-term-surge-toward-120k-target/,1,1,replaced
https://coincu.com/bitcoin-bulls-weaken-as-price-struggles/,posts,370316,https://coincu.com/markets/bitcoin-stability-etf-inflows/,https://coincu.com/bitcoin-stability-etf-inflows/,1,1,replaced
https://coincu.com/bitcoin-climbs-93k-targeting-98k/,posts,381179,https://coincu.com/markets/bitcoin-price-100k-market-forecast/,https://coincu.com/bitcoin-price-100k-market-forecast/,1,1,replaced
https://coincu.com/bitcoin-comeback-market-optimism/,posts,381194,https://coincu.com/analysis/bitcoin-open-interest-sees-sharpest-30/,https://coincu.com/bitcoin-open-interest-sees-sharpest-30/,1,1,replaced
https://coincu.com/bitcoin-comeback-market-optimism/,posts,381194,https://coincu.com/analysis/ethereum-showing-strength-new-ath-run/,https://coincu.com/ethereum-showing-strength-new-ath-run/,1,1,replaced
https://coincu.com/bitcoin-correction-risk-institutional-growth/,posts,378116,https://coincu.com/analysis/bitcoin-megaphone-pattern-aiming-for-130k/,https://coincu.com/bitcoin-megaphone-pattern-aiming-for-130k/,1,1,replaced
https://coincu.com/bitcoin-crash-linked-to-1t-treasury-cash/,posts,376270,https://coincu.com/markets/bitcoin-sell-off-price-drop/,https://coincu.com/bitcoin-sell-off-price-drop/,1,1,replaced
https://coincu.com/bitcoin-cycles-institutional-impact/,posts,378959,https://coincu.com/markets/arthur-hayes-bitcoin-zcash-us-fiscal/,https://coincu.com/arthur-hayes-bitcoin-zcash-us-fiscal/,1,1,replaced
https://coincu.com/bitcoin-cycles-institutional-impact/,posts,378959,https://coincu.com/markets/trump-approval-40-percent-disapproval-crypto-impact/,https://coincu.com/trump-approval-40-percent-disapproval-crypto-impact/,1,1,replaced
https://coincu.com/bitcoin-decline-altcoin-rally-2025/,posts,376974,https://coincu.com/markets/bitwise-solana-etf-update/,https://coincu.com/bitwise-solana-etf-update/,1,2,replaced
https://coincu.com/bitcoin-decouples-undervalued-amid-gold/,posts,377636,https://coincu.com/analysis/bitcoin-etfs-see-1-22b-weekly-outflow-as/,https://coincu.com/bitcoin-etfs-see-1-22b-weekly-outflow-as/,1,1,replaced
https://coincu.com/bitcoin-decouples-undervalued-amid-gold/,posts,377636,https://coincu.com/analysis/bitcoin-price-prediction-reclaim-119k/,https://coincu.com/bitcoin-price-prediction-reclaim-119k/,1,1,replaced
https://coincu.com/bitcoin-decouples-undervalued-amid-gold/,posts,377636,https://coincu.com/analysis/rare-liquidity-signal-that-preceded/,https://coincu.com/rare-liquidity-signal-that-preceded/,1,1,replaced
https://coincu.com/bitcoin-demand-surge-whales-etfs/,posts,366229,https://coincu.com/markets/institutional-whale-acquires-431000-eth/,https://coincu.com/institutional-whale-acquires-431000-eth/,1,1,replaced
https://coincu.com/bitcoin-derivatives-market-cap-growth/,posts,365040,https://coincu.com/markets/bitcoin-volatility-fed-rate-cut/,https://coincu.com/bitcoin-volatility-fed-rate-cut/,1,1,replaced
https://coincu.com/bitcoin-derivatives-tradyleverage-pullback/,posts,379149,https://coincu.com/news/us-treasury-crypto-etp-tax-staking/,https://coincu.com/us-treasury-crypto-etp-tax-staking/,1,1,replaced
https://coincu.com/bitcoin-dominance-at-60/,posts,380015,https://coincu.com/analysis/btc-dominance-slips-below-59/,https://coincu.com/btc-dominance-slips-below-59/,1,1,replaced
https://coincu.com/bitcoin-dominance-at-60/,posts,380015,https://coincu.com/analysis/btc-eyes-96-8k-breakout-or-bull-trap/,https://coincu.com/btc-eyes-96-8k-breakout-or-bull-trap/,1,1,replaced
https://coincu.com/bitcoin-dominance-holding-support/,posts,380559,https://coincu.com/analysis/bitcoin-dominance-at-60/,https://coincu.com/bitcoin-dominance-at-60/,1,1,replaced
https://coincu.com/bitcoin-downtrend-eases-stabilizing/,posts,378817,https://coincu.com/analysis/altcoin-profits-collapse-as-bitcoin-hits/,https://coincu.com/altcoin-profits-collapse-as-bitcoin-hits/,1,1,replaced
https://coincu.com/bitcoin-downtrend-eases-stabilizing/,posts,378817,https://coincu.com/analysis/bitcoin-signaling-breakout-toward-145k/,https://coincu.com/bitcoin-signaling-breakout-toward-145k/,1,1,replaced
https://coincu.com/bitcoin-downtrend-eases-stabilizing/,posts,378817,https://coincu.com/markets/bitcoin-drops-below-95000-fed-uncertainty/,https://coincu.com/bitcoin-drops-below-95000-fed-uncertainty/,1,1,replaced
https://coincu.com/bitcoin-drops-as-us-cpi-inflation-hits-2-9/,posts,361661,https://coincu.com/analysis/bitcoins-cpi-curse-in-recent-months/,https://coincu.com/bitcoins-cpi-curse-in-recent-months/,1,1,replaced
https://coincu.com/bitcoin-drops-below-90000-market-shift/,posts,379118,https://coincu.com/markets/fed-officials-rate-cuts-pause/,https://coincu.com/fed-officials-rate-cuts-pause/,1,2,replaced
https://coincu.com/bitcoin-drops-below-95000-fed-uncertainty/,posts,378340,https://coincu.com/news/western-union-stablecoin-remittance-pilot/,https://coincu.com/western-union-stablecoin-remittance-pilot/,1,2,replaced
https://coincu.com/bitcoin-edges-above-116k-as-nasdaq-gains/,posts,353227,https://coincu.com/markets/us-stock-surge-dow-nasdaq-crypto/,https://coincu.com/us-stock-surge-dow-nasdaq-crypto/,1,1,replaced
https://coincu.com/bitcoin-etfs-add-32232-btc-in-7-days-as-institutions-bet-on-future-growth/,posts,397159,https://coincu.com/news/bitcoin-etf-holdings-fall-in-q4-as-13f-cite-basis-unwind/,https://coincu.com/,1,1,replaced
https://coincu.com/bitcoin-etfs-bleed-2-8b/,posts,379836,https://coincu.com/analysis/11b-short-squeeze-ahead/,https://coincu.com/11b-short-squeeze-ahead/,1,1,replaced
https://coincu.com/bitcoin-etfs-bleed-2-8b/,posts,379836,https://coincu.com/analysis/bitcoin-etfs-see-238m-in-net-inflows/,https://coincu.com/bitcoin-etfs-see-238m-in-net-inflows/,1,1,replaced
https://coincu.com/bitcoin-etfs-institutional-inflows-september/,posts,361339,https://coincu.com/markets/cryptocurrency-token-unlocks-september-2025/,https://coincu.com/cryptocurrency-token-unlocks-september-2025/,1,1,replaced
https://coincu.com/bitcoin-etfs-see-1-22b-weekly-outflow-as/,posts,369628,https://coincu.com/markets/bitcoin-holding-companies-retail-losses/,https://coincu.com/bitcoin-holding-companies-retail-losses/,1,1,replaced
https://coincu.com/bitcoin-etfs-see-1-22b-weekly-outflow-as/,posts,369628,https://coincu.com/markets/bitcoin-market-structure-2025/,https://coincu.com/bitcoin-market-structure-2025/,1,1,replaced
https://coincu.com/bitcoin-etfs-see-1-22b-weekly-outflow-as/,posts,369628,https://coincu.com/markets/cycle-ending-drop-btc-eth-stability/,https://coincu.com/cycle-ending-drop-btc-eth-stability/,1,1,replaced
https://coincu.com/bitcoin-etfs-see-238m-in-net-inflows/,posts,379681,https://coincu.com/analysis/bitcoin-faces-market-turbulence-with/,https://coincu.com/bitcoin-faces-market-turbulence-with/,1,1,replaced
https://coincu.com/bitcoin-etfs-see-238m-in-net-inflows/,posts,379681,https://coincu.com/markets/bitcoin-bull-market-liquidity-recovery/,https://coincu.com/bitcoin-bull-market-liquidity-recovery/,1,1,replaced
https://coincu.com/bitcoin-etfs-see-238m-in-net-inflows/,posts,379681,https://coincu.com/markets/bitcoin-price-bearish-november-predictions/,https://coincu.com/bitcoin-price-bearish-november-predictions/,1,1,replaced
https://coincu.com/bitcoin-etfs-see-243m-outflow-as-market/,posts,387532,https://coincu.com/analysis/bitcoin-rsi-ascending-triangle-pullback/,https://coincu.com/bitcoin-rsi-ascending-triangle-pullback/,1,1,replaced
https://coincu.com/bitcoin-etfs-see-243m-outflow-as-market/,posts,387532,https://coincu.com/analysis/january-etf-bitcoin-spot-inflows/,https://coincu.com/january-etf-bitcoin-spot-inflows/,1,1,replaced
https://coincu.com/bitcoin-etfs-see-985m-inflows/,posts,366496,https://coincu.com/analysis/btc-breaks-114k-etfs-fuel-massive-rally/,https://coincu.com/btc-breaks-114k-etfs-fuel-massive-rally/,1,1,replaced
https://coincu.com/bitcoin-ethereum-etfs-see-strong-inflows/,posts,363196,https://coincu.com/markets/crypto-market-weekly-sep-8-sep-14-altcoins-shine-as-bitcoin-holds-steady/,https://coincu.com/crypto-market-weekly-sep-8-sep-14-altcoins-shine-as-bitcoin-holds-steady/,1,2,replaced
https://coincu.com/bitcoin-ethereum-etfs-see-strong-inflows/,posts,363196,https://coincu.com/news/grayscale-coindesk-crypto-5-etf/,https://coincu.com/grayscale-coindesk-crypto-5-etf/,1,2,replaced
https://coincu.com/bitcoin-eyes-100k-can-bulls-break-93k-resistance/,posts,380432,https://coincu.com/analysis/btc-nears-ath/,https://coincu.com/btc-nears-ath/,1,1,replaced
https://coincu.com/bitcoin-eyes-190k-after-key-resistance/,posts,371983,https://coincu.com/analysis/bitcoin-megaphone-pattern-aiming-for-130k/,https://coincu.com/bitcoin-megaphone-pattern-aiming-for-130k/,1,1,replaced
https://coincu.com/bitcoin-faces-market-stress-as-unrealize/,posts,383509,https://coincu.com/analysis/btc-holding-strong/,https://coincu.com/btc-holding-strong/,1,2,replaced
https://coincu.com/bitcoin-faces-market-stress-as-unrealize/,posts,383509,https://coincu.com/markets/bitcoin-volatility-institutional-predictions/,https://coincu.com/bitcoin-volatility-institutional-predictions/,1,2,replaced
https://coincu.com/bitcoin-faces-market-turbulence-with/,posts,379611,https://coincu.com/markets/bitcoin-derivatives-tradyleverage-pullback/,https://coincu.com/bitcoin-derivatives-tradyleverage-pullback/,1,1,replaced
https://coincu.com/bitcoin-faces-market-turbulence-with/,posts,379611,https://coincu.com/markets/bitcoin-drops-below-90000-market-shift/,https://coincu.com/bitcoin-drops-below-90000-market-shift/,1,1,replaced
https://coincu.com/bitcoin-faces-market-turbulence-with/,posts,379611,https://coincu.com/markets/bitcoin-price-bearish-november-predictions/,https://coincu.com/bitcoin-price-bearish-november-predictions/,1,1,replaced
https://coincu.com/bitcoin-faces-market-turbulence-with/,posts,379611,https://coincu.com/markets/cryptocurrency-market-black-friday-bitcoin-plunge/,https://coincu.com/cryptocurrency-market-black-friday-bitcoin-plunge/,1,1,replaced
https://coincu.com/bitcoin-faces-thai-tax-relief/,posts,362277,https://coincu.com/analysis/bitcoins-path-to-new-ath-opens/,https://coincu.com/bitcoins-path-to-new-ath-opens/,1,1,replaced
https://coincu.com/bitcoin-falls-below-68000-as-rising-oil-prices-signal-higher-inflation-risk/,posts,397251,https://coincu.com/markets/bitcoin-etfs-add-32232-btc-in-7-days-as-institutions-bet-on-future-growth/,https://coincu.com/bitcoin-etfs-add-32232-btc-in-7-days-as-institutions-bet-on-future-growth/,1,1,replaced
https://coincu.com/bitcoin-falls-market-cautious/,posts,378845,https://coincu.com/markets/bitcoin-drop-below-100k-concerns/,https://coincu.com/bitcoin-drop-below-100k-concerns/,2,2,replaced
https://coincu.com/bitcoin-fear-greed-index-fall/,posts,389809,https://coincu.com/markets/crypto-market-plunge-december/,https://coincu.com/crypto-market-plunge-december/,1,2,replaced
https://coincu.com/bitcoin-first-usd-valuation-history/,posts,366770,https://coincu.com/news/cryptocurrency-market-value-drops-60-billion/,https://coincu.com/cryptocurrency-market-value-drops-60-billion/,1,1,replaced
https://coincu.com/bitcoin-first-usd-valuation-history/,posts,366770,https://coincu.com/news/uk-us-digital-asset-regulation/,https://coincu.com/uk-us-digital-asset-regulation/,1,1,replaced
https://coincu.com/bitcoin-forms-supercycle-pattern/,posts,361326,https://coincu.com/markets/bitcoin-bull-market-institutional-activity/,https://coincu.com/bitcoin-bull-market-institutional-activity/,1,1,replaced
https://coincu.com/bitcoin-futures-open-interest-surge/,posts,367280,https://coincu.com/analysis/btc-breakout-sparks-rally/,https://coincu.com/btc-breakout-sparks-rally/,1,1,replaced
https://coincu.com/bitcoin-futures-open-interest-surge/,posts,367280,https://coincu.com/analysis/xrp-tests-support-after-double-bottom/,https://coincu.com/xrp-tests-support-after-double-bottom/,1,1,replaced
https://coincu.com/bitcoin-futures-open-interest-surge/,posts,367280,https://coincu.com/news/institutional-crypto-investment-2025/,https://coincu.com/institutional-crypto-investment-2025/,1,1,replaced
https://coincu.com/bitcoin-gold-japanese-bonds-impact/,posts,390758,https://coincu.com/markets/bitcoin-bounces-at-88k-but-can-it-reclaim-90k/,https://coincu.com/bitcoin-bounces-at-88k-but-can-it-reclaim-90k/,1,2,replaced
https://coincu.com/bitcoin-hits-66250-target-warn-of-drop/,posts,395174,https://coincu.com/news/bitcoin-dips-as-fomc-minutes-flag-split-on-rates/,https://coincu.com/,1,1,replaced
https://coincu.com/bitcoin-hits-94kis-a-breakout-to-100k/,posts,382410,https://coincu.com/analysis/bitcoin-bounces-at-88k-but-can-it-reclaim-90k/,https://coincu.com/bitcoin-bounces-at-88k-but-can-it-reclaim-90k/,1,1,replaced
https://coincu.com/bitcoin-hits-94kis-a-breakout-to-100k/,posts,382410,https://coincu.com/analysis/bitcoins-path-to-new-ath-opens/,https://coincu.com/bitcoins-path-to-new-ath-opens/,1,1,replaced
https://coincu.com/bitcoin-hits90k-after-trump-drops-crypto/,posts,390347,https://coincu.com/news/trump-signs-genius-act-crypto-framework/,https://coincu.com/trump-signs-genius-act-crypto-framework/,1,1,replaced
https://coincu.com/bitcoin-holding-companies-retail-losses/,posts,369583,https://coincu.com/analysis/microstrategy-executive-stock-sale-discrepancy/,https://coincu.com/microstrategy-executive-stock-sale-discrepancy/,1,1,replaced
https://coincu.com/bitcoin-holding-companies-retail-losses/,posts,369583,https://coincu.com/analysis/record-digital-asset-inflown/,https://coincu.com/record-digital-asset-inflown/,1,1,replaced
https://coincu.com/bitcoin-holdings-strategic-claims/,posts,380044,https://coincu.com/analysis/bitcoin-etfs-see-238m-in-net-inflows/,https://coincu.com/bitcoin-etfs-see-238m-in-net-inflows/,1,2,replaced
https://coincu.com/bitcoin-holdings-strategic-claims/,posts,380044,https://coincu.com/markets/bitcoin-drops-below-90000-market-shift/,https://coincu.com/bitcoin-drops-below-90000-market-shift/,1,2,replaced
https://coincu.com/bitcoin-in-october-33b-in-lth-selling/,posts,373977,https://coincu.com/analysis/bitcoin-bounces-but-whales-keep-selling/,https://coincu.com/bitcoin-bounces-but-whales-keep-selling/,1,1,replaced
https://coincu.com/bitcoin-in-october-33b-in-lth-selling/,posts,373977,https://coincu.com/analysis/bitcoin-rsi-upward-trend-market-analysis/,https://coincu.com/bitcoin-rsi-upward-trend-market-analysis/,1,1,replaced
https://coincu.com/bitcoin-institutional-hedging-skew-index/,posts,360956,https://coincu.com/news/us-congress-crypto-legislation/,https://coincu.com/us-congress-crypto-legislation-august-deadline/,1,2,replaced
https://coincu.com/bitcoin-japan-interest-rate-impact/,posts,380858,https://coincu.com/markets/traders-reject-new-york-fed-repo/,https://coincu.com/traders-reject-new-york-fed-repo/,1,1,replaced
https://coincu.com/bitcoin-japan-interest-rate-impact/,posts,380858,https://coincu.com/news/japan-reduces-crypto-tax-rate/,https://coincu.com/japan-reduces-crypto-tax-rate/,1,1,replaced
https://coincu.com/bitcoin-leverage-hits-5-year-high-as-etf/,posts,354503,https://coincu.com/analysis/bitcoin-bull-run-surpasses-1000-days-with-118k-gap-fill-in-sight/,https://coincu.com/bitcoin-bull-run-surpasses-1000-days-with-118k-gap-fill-in-sight/,1,1,replaced
https://coincu.com/bitcoin-market-downward-skew-geopolitical/,posts,390020,https://coincu.com/analysis/bitcoin-bearish-until-93k/,https://coincu.com/bitcoin-bearish-until-93k/,1,1,replaced
https://coincu.com/bitcoin-market-downward-skew-geopolitical/,posts,390020,https://coincu.com/markets/strategy-reserve-fund-bitcoin/,https://coincu.com/strategy-reserve-fund-bitcoin/,1,1,replaced
https://coincu.com/bitcoin-market-downward-skew-geopolitical/,posts,390020,https://coincu.com/news/bitcoin-bounces-at-88k-but-can-it-reclaim-90k/,https://coincu.com/bitcoin-bounces-at-88k-but-can-it-reclaim-90k/,1,1,replaced
https://coincu.com/bitcoin-market-mixed-signals/,posts,377846,https://coincu.com/markets/fed-meeting-rate-cuts-qe-end/,https://coincu.com/fed-meeting-rate-cuts-qe-end/,1,2,replaced
https://coincu.com/bitcoin-market-shifts-post-etf-launch/,posts,378513,https://coincu.com/markets/bitwise-solana-spot-etf-launch,https://coincu.com/bitwise-solana-spot-etf-launch/,1,1,replaced
https://coincu.com/bitcoin-market-stability-2026-report/,posts,391804,https://coincu.com/markets/bitcoin-market-fed-chair-2025/,https://coincu.com/bitcoin-market-fed-chair-2025/,1,1,replaced
https://coincu.com/bitcoin-market-stability-2026-report/,posts,391804,https://coincu.com/news/grayscale-sui-etf-sec-filing/,https://coincu.com/grayscale-sui-etf-sec-filing/,1,1,replaced
https://coincu.com/bitcoin-market-structural-integrity-etf-inflows/,posts,368623,https://coincu.com/analysis/bitcoin-price-support-planb-views/,https://coincu.com/bitcoin-price-support-planb-views/,1,1,replaced
https://coincu.com/bitcoin-market-structure-2025/,posts,369547,https://coincu.com/news/99-4-of-bitcoin-in-profit-as-bulls-eye/,https://coincu.com/99-4-of-bitcoin-in-profit-as-bulls-eye/,1,2,replaced
https://coincu.com/bitcoin-market-uncertainty-analysis/,posts,378119,https://coincu.com/analysis/bitcoin-megaphone-pattern-aiming-for-130k/,https://coincu.com/bitcoin-megaphone-pattern-aiming-for-130k/,1,1,replaced
https://coincu.com/bitcoin-market-volatility-institutional-flows/,posts,369122,https://coincu.com/analysis/heres-what-has-been-fueling-bitcoins/,https://coincu.com/heres-what-has-been-fueling-bitcoins/,1,1,replaced
https://coincu.com/bitcoin-miners-shift-ai-hpc/,posts,381887,https://coincu.com/markets/bitcoin-dominance-holding-support/,https://coincu.com/bitcoin-dominance-holding-support/,1,2,replaced
https://coincu.com/bitcoin-miners-shift-ai-hpc/,posts,381887,https://coincu.com/news/south-africa-crypto-regulation-risks/,https://coincu.com/south-africa-crypto-regulation-risks/,1,2,replaced
https://coincu.com/bitcoin-mini-bear-market-matrixport-report/,posts,378212,https://coincu.com/markets/bitwise-solana-etf-update/,https://coincu.com/bitwise-solana-etf-update/,1,2,replaced
https://coincu.com/bitcoin-mining-xinjiang-shutdown-impact/,posts,383505,https://coincu.com/analysis/bitcoin-japan-interest-rate-impact/,https://coincu.com/bitcoin-japan-interest-rate-impact/,1,1,replaced
https://coincu.com/bitcoin-mining-xinjiang-shutdown-impact/,posts,383505,https://coincu.com/news/china-crypto-comprehensive-governance/,https://coincu.com/china-crypto-comprehensive-governance/,1,1,replaced
https://coincu.com/bitcoin-mining-xinjiang-shutdown-impact/,posts,383505,https://coincu.com/news/china-stablecoins-halt-digital-yuan/,https://coincu.com/china-stablecoins-halt-digital-yuan/,1,1,replaced
https://coincu.com/bitcoin-nears-70000-as-buying-activity-builds/,posts,396865,https://coincu.com/analysis/btc-faces-233m-liquidation-threat/,https://coincu.com/btc-faces-233m-liquidation-threat/,1,1,replaced
https://coincu.com/bitcoin-nears-70000-as-buying-activity-builds/,posts,396865,https://coincu.com/analysis/btc-uptrend-depends-on-five-wave-move/,https://coincu.com/btc-uptrend-depends-on-five-wave-move/,1,1,replaced
https://coincu.com/bitcoin-og-leverage-short-position/,posts,370225,https://coincu.com/news/hype-whale-unstakes-107m-crypto/,https://coincu.com/hype-whale-unstakes-107m-crypto/,1,2,replaced
https://coincu.com/bitcoin-on-a-knifes-edge-critical/,posts,361242,https://coincu.com/markets/bitcoin-bull-market-institutional-activity/,https://coincu.com/bitcoin-bull-market-institutional-activity/,1,1,replaced
https://coincu.com/bitcoin-open-interest-sees-sharpest-30/,posts,379773,https://coincu.com/analysis/11b-short-squeeze-ahead/,https://coincu.com/11b-short-squeeze-ahead/,1,1,replaced
https://coincu.com/bitcoin-open-interest-sees-sharpest-30/,posts,379773,https://coincu.com/analysis/bitcoin-etfs-see-238m-in-net-inflows/,https://coincu.com/bitcoin-etfs-see-238m-in-net-inflows/,1,1,replaced
https://coincu.com/bitcoin-open-interest-sees-sharpest-30/,posts,379773,https://coincu.com/analysis/btc-dominance-slips-below-59/,https://coincu.com/btc-dominance-slips-below-59/,1,1,replaced
https://coincu.com/bitcoin-policy-influence-2026/,posts,389188,https://coincu.com/analysis/bitcoin-japan-interest-rate-impact/,https://coincu.com/bitcoin-japan-interest-rate-impact/,1,2,replaced
https://coincu.com/bitcoin-price-100k-market-forecast/,posts,381149,https://coincu.com/analysis/bitcoin-etfs-bleed-2-8b/,https://coincu.com/bitcoin-etfs-bleed-2-8b/,1,1,replaced
https://coincu.com/bitcoin-price-bearish-november-predictions/,posts,379519,https://coincu.com/markets/bitcoin-market-mixed-signals/,https://coincu.com/bitcoin-market-mixed-signals/,1,1,replaced
https://coincu.com/bitcoin-price-geopolitical-tensions/,posts,392399,https://coincu.com/markets/bitcoin-comeback-market-optimism/,https://coincu.com/bitcoin-comeback-market-optimism/,1,2,replaced
https://coincu.com/bitcoin-price-geopolitical-tensions/,posts,392399,https://coincu.com/markets/us-inflation-data-federal-rate-cuts/,https://coincu.com/us-inflation-data-federal-rate-cuts/,1,2,replaced
https://coincu.com/bitcoin-price-high-lower-trading-volumes/,posts,373481,https://coincu.com/analysis/btc-soars-higher-while-open-interest/,https://coincu.com/btc-soars-higher-while-open-interest/,1,1,replaced
https://coincu.com/bitcoin-price-milestone-verification/,posts,366187,https://coincu.com/markets/crypto-market-billion-liquidations/,https://coincu.com/crypto-market-billion-liquidations/,1,1,replaced
https://coincu.com/bitcoin-price-prediction-reclaim-119k/,posts,368881,https://coincu.com/analysis/bitcoin-rejected-at-116k-and-eyes-110k-111k-support-for-potential-bounce/,https://coincu.com/bitcoin-rejected-at-116k-and-eyes-110k-111k-support-for-potential-bounce/,1,1,replaced
https://coincu.com/bitcoin-price-prediction-reclaim-119k/,posts,368881,https://coincu.com/analysis/btc-price-prediction-rsi-tightens-as/,https://coincu.com/btc-price-prediction-rsi-tightens-as/,1,1,replaced
https://coincu.com/bitcoin-price-prediction-reclaim-119k/,posts,368881,https://coincu.com/markets/bitcoin-stability-whale-accumulation/,https://coincu.com/bitcoin-stability-whale-accumulation/,1,1,replaced
https://coincu.com/bitcoin-price-support-planb-views/,posts,367183,https://coincu.com/markets/crypto-traders-fake-pump-decline/,https://coincu.com/crypto-traders-fake-pump-decline/,2,2,replaced
https://coincu.com/bitcoin-price-trades-near-70000/,posts,394550,https://coincu.com/analysis/btc-stop-hunt-at-74k-is-the-bull-run/,https://coincu.com/btc-stop-hunt-at-74k-is-the-bull-run/,1,1,replaced
https://coincu.com/bitcoin-pumps-at-10-a-m-after-jane-street/,posts,396098,https://coincu.com/news/schiff-saylor-mstr-debate-dubai/,https://coincu.com/schiff-saylor-mstr-debate-dubai/,1,1,replaced
https://coincu.com/bitcoin-realized-cap-drops-market-shift/,posts,390668,https://coincu.com/markets/bitcoin-price-100k-market-forecast/,https://coincu.com/bitcoin-price-100k-market-forecast/,1,1,replaced
https://coincu.com/bitcoin-realized-cap-drops-market-shift/,posts,390668,https://coincu.com/markets/crypto-bear-market-new-leadership/,https://coincu.com/crypto-bear-market-new-leadership/,1,1,replaced
https://coincu.com/bitcoin-rebound-short-term-ratio/,posts,387319,https://coincu.com/markets/strategy-reserve-fund-bitcoin/,https://coincu.com/strategy-reserve-fund-bitcoin/,1,1,replaced
https://coincu.com/bitcoin-rejected-at-116k-and-eyes-110k-111k-support-for-potential-bounce/,posts,368651,https://coincu.com/markets/garrett-jin-btc-to-eth-switch/,https://coincu.com/garrett-jin-btc-to-eth-switch/,1,1,replaced
https://coincu.com/bitcoin-resilience-not-tulip-mania/,posts,381970,https://coincu.com/markets/bitcoin-sharpe-ratio-lowest-point/,https://coincu.com/bitcoin-sharpe-ratio-lowest-point/,1,1,replaced
https://coincu.com/bitcoin-rsi-ascending-triangle-pullback/,posts,387320,https://coincu.com/markets/bitcoin-rebound-short-term-ratio/,https://coincu.com/bitcoin-rebound-short-term-ratio/,1,1,replaced
https://coincu.com/bitcoin-rsi-upward-trend-market-analysis/,posts,373908,https://coincu.com/analysis/btc-price-stability-could-fuel-long-term-surge-toward-120k-target/,https://coincu.com/btc-price-stability-could-fuel-long-term-surge-toward-120k-target/,1,1,replaced
https://coincu.com/bitcoin-selling-pressure-eases-as-on/,posts,376877,https://coincu.com/analysis/bitcoin-struggles-at-100k/,https://coincu.com/bitcoin-struggles-at-100k/,1,1,replaced
https://coincu.com/bitcoin-selling-pressure-eases-as-on/,posts,376877,https://coincu.com/markets/calm-whale-profits-btc-sol/,https://coincu.com/calm-whale-profits-btc-sol/,1,1,replaced
https://coincu.com/bitcoin-selling-pressure-eases-as-on/,posts,376877,https://coincu.com/news/stablecoin-reserve-1-6-billion/,https://coincu.com/stablecoin-reserve-1-6-billion/,1,1,replaced
https://coincu.com/bitcoin-sentiment-turns-positive-as/,posts,372145,https://coincu.com/analysis/bitcoin-eyes-190k-after-key-resistance/,https://coincu.com/bitcoin-eyes-190k-after-key-resistance/,1,1,replaced
https://coincu.com/bitcoin-sentiment-turns-positive-as/,posts,372145,https://coincu.com/analysis/bitcoin-megaphone-pattern-aiming-for-130k/,https://coincu.com/bitcoin-megaphone-pattern-aiming-for-130k/,1,1,replaced
https://coincu.com/bitcoin-sentiment-turns-positive-as/,posts,372145,https://coincu.com/markets/glassnode-analysis-bitcoin-stabilization/,https://coincu.com/glassnode-analysis-bitcoin-stabilization/,1,1,replaced
https://coincu.com/bitcoin-sharpe-ratio-lowest-point/,posts,379938,https://coincu.com/markets/bitcoin-bull-market-liquidity-recovery/,https://coincu.com/bitcoin-bull-market-liquidity-recovery/,1,2,replaced
https://coincu.com/bitcoin-sharpe-ratio-lowest-point/,posts,379938,https://coincu.com/markets/bitcoin-price-bearish-november-predictions/,https://coincu.com/bitcoin-price-bearish-november-predictions/,1,2,replaced
https://coincu.com/bitcoin-stability-etf-inflows/,posts,366379,https://coincu.com/news/digital-asset-treasury-2023-20-billion/,https://coincu.com/digital-asset-treasury-2023-20-billion/,1,1,replaced
https://coincu.com/bitcoin-stability-whale-accumulation/,posts,368357,https://coincu.com/markets/gold-all-time-high-crypto-market-impact/,https://coincu.com/gold-all-time-high-crypto-market-impact/,1,1,replaced
https://coincu.com/bitcoin-stabilization-etf-fund-resurgence/,posts,366119,https://coincu.com/markets/crypto-fear-greed-index-binance-updates/,https://coincu.com/crypto-fear-greed-index-binance-updates/,1,2,replaced
https://coincu.com/bitcoin-stabilization-etf-fund-resurgence/,posts,366119,https://coincu.com/markets/fed-crypto-impact-rate-cut/,https://coincu.com/fed-crypto-impact-rate-cut/,1,2,replaced
https://coincu.com/bitcoin-struggles-at-100k/,posts,376670,https://coincu.com/analysis/bitcoin-bounces-but-whales-keep-selling/,https://coincu.com/bitcoin-bounces-but-whales-keep-selling/,1,1,replaced
https://coincu.com/bitcoin-stuck-at-109k/,posts,364951,https://coincu.com/analysis/btc-leverage-builds-near-120k/,https://coincu.com/btc-leverage-builds-near-120k/,1,1,replaced
https://coincu.com/bitcoin-stuck-below-123-4k/,posts,367642,https://coincu.com/analysis/btc-breakout-sparks-rally/,https://coincu.com/btc-breakout-sparks-rally/,1,1,replaced
https://coincu.com/bitcoin-stuck-below-123-4k/,posts,367642,https://coincu.com/analysis/btc-breaks-114k-etfs-fuel-massive-rally/,https://coincu.com/btc-breaks-114k-etfs-fuel-massive-rally/,1,1,replaced
https://coincu.com/bitcoin-stuck-below-123-4k/,posts,367642,https://coincu.com/markets/bitcoin-whale-sells-3000-btc/,https://coincu.com/bitcoin-whale-sells-3000-btc/,1,1,replaced
https://coincu.com/bitcoin-support-110k-investor-interest/,posts,369256,https://coincu.com/analysis/btc-price-prediction-rsi-tightens-as/,https://coincu.com/btc-price-prediction-rsi-tightens-as/,1,1,replaced
https://coincu.com/bitcoin-support-110k-investor-interest/,posts,369256,https://coincu.com/analysis/heres-what-has-been-fueling-bitcoins/,https://coincu.com/heres-what-has-been-fueling-bitcoins/,1,1,replaced
https://coincu.com/bitcoin-support-cost-basis-cluster/,posts,380878,https://coincu.com/analysis/bitcoin-etfs-bleed-2-8b/,https://coincu.com/bitcoin-etfs-bleed-2-8b/,1,1,replaced
https://coincu.com/bitcoin-surge-institutional-interest-economic-uncertainty-2/,posts,391519,https://coincu.com/news/trump-fed-chair-inflation-concerns/,https://coincu.com/trump-fed-chair-inflation-concerns/,1,2,replaced
https://coincu.com/bitcoin-surge-institutional-interest-economic-uncertainty-2/,posts,391519,https://coincu.com/news/trump-tariff-policy-impact-crypto-2/,https://coincu.com/trump-tariff-policy-impact-crypto-2/,1,2,replaced
https://coincu.com/bitcoin-surges-trump-tariff-dividend/,posts,380616,https://coincu.com/analysis/bitcoin-signaling-breakout-toward-145k/,https://coincu.com/bitcoin-signaling-breakout-toward-145k/,1,1,replaced
https://coincu.com/bitcoin-surges-trump-tariff-dividend/,posts,380616,https://coincu.com/markets/tom-lee-cryptocurrency-market-volatility/,https://coincu.com/tom-lee-cryptocurrency-market-volatility/,1,1,replaced
https://coincu.com/bitcoin-tokenized-gold-binance-week/,posts,381417,https://coincu.com/analysis/eth-rejected-at-3k-is-a-2-8k-bounce-coming-next/,https://coincu.com/eth-rejected-at-3k-is-a-2-8k-bounce-coming-next/,1,1,replaced
https://coincu.com/bitcoin-tokenized-gold-binance-week/,posts,381417,https://coincu.com/news/polymarket-cftc-approval-us-market/,https://coincu.com/polymarket-cftc-approval-us-market/,1,1,replaced
https://coincu.com/bitcoin-trust-single-day-outflow/,posts,379200,https://coincu.com/news/bitcoin-market-shifts-post-etf-launch/,https://coincu.com/bitcoin-market-shifts-post-etf-launch/,1,2,replaced
https://coincu.com/bitcoin-trust-single-day-outflow/,posts,379200,https://coincu.com/news/blackrock-buidl-fund-binance-collateral/,https://coincu.com/blackrock-buidl-fund-binance-collateral/,1,2,replaced
https://coincu.com/bitcoin-uptrend-builds-as-sopr-nears/,posts,365573,https://coincu.com/analysis/bitcoin-breakout-confirmed/,https://coincu.com/bitcoin-breakout-confirmed/,1,1,replaced
https://coincu.com/bitcoin-volatility-fed-rate-cut/,posts,362544,https://coincu.com/markets/analysts-predict-fed-rate-cut-september,https://coincu.com/analysts-predict-fed-rate-cut-september/,1,2,replaced
https://coincu.com/bitcoin-volatility-fed-rate-cut/,posts,362544,https://coincu.com/markets/crypto-stability-fed-rate-cut,https://coincu.com/crypto-stability-fed-rate-cut/,1,2,replaced
https://coincu.com/bitcoin-volatility-institutional-predictions/,posts,383355,https://coincu.com/news/vanguard-allegedly-supports-crypto-etfs/,https://coincu.com/vanguard-allegedly-supports-crypto-etfs/,1,1,replaced
https://coincu.com/bitcoin-volatility-surges-above-95-as/,posts,370594,https://coincu.com/markets/bitcoin-og-leverage-short-position/,https://coincu.com/bitcoin-og-leverage-short-position/,1,1,replaced
https://coincu.com/bitcoin-whale-reduces-holdings/,posts,368793,https://coincu.com/analysis/rootdatas-report-crypto-financing-trends/,https://coincu.com/rootdatas-report-crypto-financing-trends/,1,2,replaced
https://coincu.com/bitcoin-whale-sells-3000-btc/,posts,367409,https://coincu.com/analysis/bitcoin-breakout-confirmed/,https://coincu.com/bitcoin-breakout-confirmed/,1,1,replaced
https://coincu.com/bitcoin-whale-sells-3000-btc/,posts,367409,https://coincu.com/markets/bitcoin-stabilization-etf-fund-resurgence/,https://coincu.com/bitcoin-stabilization-etf-fund-resurgence/,1,1,replaced
https://coincu.com/bitcoin-whales-accumulate-amid-market-fall/,posts,390222,https://coincu.com/markets/strategy-reserve-fund-bitcoin/,https://coincu.com/strategy-reserve-fund-bitcoin/,1,1,replaced
https://coincu.com/bitcoin-whales-accumulate-amid-market-fall/,posts,390222,https://coincu.com/markets/whale-bitcoin-trades-market-views/,https://coincu.com/whale-bitcoin-trades-market-views/,1,1,replaced
https://coincu.com/bitcoin-wlfi-market-shifts/,posts,381158,https://coincu.com/markets/bitcoin-surges-trump-tariff-dividend/,https://coincu.com/bitcoin-surges-trump-tariff-dividend/,1,1,replaced
https://coincu.com/bitcoin-wlfi-market-shifts/,posts,381158,https://coincu.com/markets/federal-reserve-december-rate-cut-3/,https://coincu.com/federal-reserve-december-rate-cut-3/,1,1,replaced
https://coincu.com/bitcoins-bullish-structure-holds/,posts,377928,https://coincu.com/analysis/btc-107k-signaling-a-move-to-115k/,https://coincu.com/btc-107k-signaling-a-move-to-115k/,1,1,replaced
https://coincu.com/bitcoins-cpi-curse-in-recent-months/,posts,361646,https://coincu.com/analysis/bitcoin-forms-supercycle-pattern/,https://coincu.com/bitcoin-forms-supercycle-pattern/,1,1,replaced
https://coincu.com/bitcoins-cpi-curse-in-recent-months/,posts,361646,https://coincu.com/markets/bitcoin-bull-market-institutional-activity/,https://coincu.com/bitcoin-bull-market-institutional-activity/,1,1,replaced
https://coincu.com/bitcoins-move-to-96k-was-no-surprise/,posts,388867,https://coincu.com/markets/crypto-market-rebound-short-squeeze/,https://coincu.com/crypto-market-rebound-short-squeeze/,1,2,replaced
https://coincu.com/bitcoins-path-to-new-ath-opens/,posts,361910,https://coincu.com/news/bitcoin-drops-as-us-cpi-inflation-hits-2-9/,https://coincu.com/bitcoin-drops-as-us-cpi-inflation-hits-2-9/,1,1,replaced
https://coincu.com/bitgo-bitcoin-wallet-transfers-2025/,posts,381009,https://coincu.com/news/institutional-crypto-investments-2025/,https://coincu.com/institutional-crypto-investments-2025/,1,1,replaced
https://coincu.com/bitmain-us-security-investigation/,posts,379667,https://coincu.com/analysis/fed-affordability-crisis-impact-rate-cut,https://coincu.com/fed-affordability-crisis-impact-rate-cut/,1,1,replaced
https://coincu.com/bitmine-adds-40k-eth/,posts,393908,https://coincu.com/analysis/bitmine-reports-bitmine-ethereum-holdings-reach-4-14m-eth/,https://coincu.com/bitmine-reports-bitmine-ethereum-holdings-reach-4-14m-eth/,1,1,replaced
https://coincu.com/bitmine-buys-60976-eth-last-week-raising-total-holdings-to-4-53-million-eth/,posts,397450,https://coincu.com/markets/ether-in-focus-as-bitmine-nav-trades-at-a-discount/,https://coincu.com/ether-in-focus-as-bitmine-nav-trades-at-a-discount/,1,1,replaced
https://coincu.com/bitmine-crypto-cash-holdings-announcement/,posts,388539,https://coincu.com/news/ethereum-fusaka-upgrade-activated/,https://coincu.com/ethereum-fusaka-upgrade-activated/,1,2,replaced
https://coincu.com/bitmine-crypto-holdings-report/,posts,378809,https://coincu.com/analysis/crypto-funds-see-1-17-billion-outflows/,https://coincu.com/crypto-funds-see-1-17-billion-outflows/,1,1,replaced
https://coincu.com/bitmine-ethereum-acquisition-update/,posts,377322,https://coincu.com/markets/federal-reserve-cuts-rates-qt-end/,https://coincu.com/federal-reserve-cuts-rates-qt-end/,1,1,replaced
https://coincu.com/bitmine-ethereum-acquisition-update/,posts,377322,https://coincu.com/news/cz-denies-caixin-report-claims/,https://coincu.com/cz-denies-caixin-report-claims/,1,1,replaced
https://coincu.com/bitmine-ethereum-holdings-shareholder-approval/,posts,390086,https://coincu.com/news/michael-saylor-teases-bitcoin-rally/,https://coincu.com/michael-saylor-teases-bitcoin-rally/,1,1,replaced
https://coincu.com/bitmine-ethereum-purchase-strategy/,posts,369893,https://coincu.com/markets/eth-price-could-see-a-boost-this-week/,https://coincu.com/eth-price-could-see-a-boost-this-week/,1,2,replaced
https://coincu.com/bitmine-ethereum-staking-update-2026/,posts,387154,https://coincu.com/markets/bitmine-buys-70-m-in-eth-as-firm-aims-5/,https://coincu.com/bitmine-buys-70-m-in-eth-as-firm-aims-5/,2,2,replaced
https://coincu.com/bitmine-ethereum-withdrawal-action/,posts,370312,https://coincu.com/news/uk-and-us-prepare-crypto-regulation/,https://coincu.com/uk-and-us-prepare-crypto-regulation/,1,1,replaced
https://coincu.com/bitmine-expands-eth-holdings/,posts,378860,https://coincu.com/markets/ethereum-key-support-zone/,https://coincu.com/ethereum-key-support-zone/,1,1,replaced
https://coincu.com/bitmine-holds-3-percent-ethereum-supply/,posts,380916,https://coincu.com/analysis/ethereum-coils-since-2021-breakout-to-9k/,https://coincu.com/ethereum-coils-since-2021-breakout-to-9k/,1,1,replaced
https://coincu.com/bitmine-immersion-ethereum-purchase/,posts,380340,https://coincu.com/markets/bitmine-crypto-holdings-report/,https://coincu.com/bitmine-crypto-holdings-report/,1,2,replaced
https://coincu.com/bitmine-market-maker-instability/,posts,378586,https://coincu.com/analysis/bitcoin-eyes-190k-after-key-resistance/,https://coincu.com/bitcoin-eyes-190k-after-key-resistance/,1,1,replaced
https://coincu.com/bitmine-shareholder-vote-ethereum-strategy/,posts,388518,https://coincu.com/markets/bitmine-buys-70-m-in-eth-as-firm-aims-5/,https://coincu.com/bitmine-buys-70-m-in-eth-as-firm-aims-5/,1,1,replaced
https://coincu.com/bitmine-stacks-more-eth-now-holds-9-6b/,posts,395655,https://coincu.com/analysis/bitmines-eth-holdings-surge-to-4-37m/,https://coincu.com/bitmines-eth-holdings-surge-to-4-37m/,1,1,replaced
https://coincu.com/bitmines-eth-holdings-surge-to-4-37m/,posts,395080,https://coincu.com/analysis/bitmine-stakes-140k-more-eth/,https://coincu.com/bitmine-stakes-140k-more-eth/,1,1,replaced
https://coincu.com/bittensor-poised-to-break-250-and-beyond/,posts,392010,https://coincu.com/analysis/tao-path-recovery-weekly-close-above-290/,https://coincu.com/tao-path-recovery-weekly-close-above-290/,1,1,replaced
https://coincu.com/bittensortao-breaks-resistance-with/,posts,373770,https://coincu.com/analysis/tao-prepares-for-breakout/,https://coincu.com/tao-prepares-for-breakout/,1,1,replaced
https://coincu.com/bittensortao-breaks-resistance-with/,posts,373770,https://coincu.com/news/grayscale-files-form-10-to-boost-taos/,https://coincu.com/grayscale-files-form-10-to-boost-taos/,1,1,replaced
https://coincu.com/bitwise-dogecoin-etf-unverified/,posts,380108,https://coincu.com/analysis/doge-battles-support-zone-next-stop-0-10/,https://coincu.com/doge-battles-support-zone-next-stop-0-10/,1,1,replaced
https://coincu.com/bitwise-index-fund-nyse-etf/,posts,382423,https://coincu.com/markets/bitcoin-comeback-market-optimism/,https://coincu.com/bitcoin-comeback-market-optimism/,1,1,replaced
https://coincu.com/bitwise-index-fund-nyse-etf/,posts,382423,https://coincu.com/news/sec-project-crypto-new-regulations/,https://coincu.com/sec-project-crypto-new-regulations/,1,1,replaced
https://coincu.com/bitwise-solana-etf-500-million-inflows/,posts,376906,https://coincu.com/news/solana-etf-tweet-deletion/,https://coincu.com/solana-etf-tweet-deletion/,1,1,replaced
https://coincu.com/bitwise-solana-etf-update/,posts,371670,https://coincu.com/analysis/solana-breakout-rally-target-320/,https://coincu.com/solana-breakout-rally-target-320/,1,1,replaced
https://coincu.com/bitwise-solana-etf-update/,posts,371670,https://coincu.com/analysis/solana-surges-above-230-support-level/,https://coincu.com/solana-surges-above-230-support-level/,1,1,replaced
https://coincu.com/bitwise-solana-etf-withdrawal/,posts,380058,https://coincu.com/news/bitwise-spot-xrp-etf-launch/,https://coincu.com/bitwise-spot-xrp-etf-launch/,1,1,replaced
https://coincu.com/bitwise-solana-spot-etf-launch/,posts,373534,https://coincu.com/news/solana-perp-dex-percolator-news/,https://coincu.com/solana-perp-dex-percolator-news/,1,1,replaced
https://coincu.com/bitwise-spot-xrp-etf-launch/,posts,379426,https://coincu.com/news/harvard-endowment-bitcoin-etf/,https://coincu.com/harvard-endowment-bitcoin-etf/,1,1,replaced
https://coincu.com/blackrock-asset-tokenization-begins/,posts,368787,https://coincu.com/markets/eth-price-could-see-a-boost-this-week/,https://coincu.com/eth-price-could-see-a-boost-this-week/,1,1,replaced
https://coincu.com/blackrock-bitcoin-etf-70-billion-aum/,posts,371935,https://coincu.com/analysis/btc-soars-higher-while-open-interest/,https://coincu.com/btc-soars-higher-while-open-interest/,1,2,replaced
https://coincu.com/blackrock-bitcoin-etf-70-billion-aum/,posts,371935,https://coincu.com/markets/spot-gold-high-fed-speculation/,https://coincu.com/spot-gold-high-fed-speculation/,1,2,replaced
https://coincu.com/blackrock-buidl-fund-binance-collateral/,posts,378230,https://coincu.com/news/bnb-chain-token-burn-2025/,https://coincu.com/bnb-chain-token-burn-2025/,1,2,replaced
https://coincu.com/blackrock-buys-206m-in-eth/,posts,366522,https://coincu.com/analysis/ethereum-poised-to-reach-10k/,https://coincu.com/ethereum-poised-to-reach-10k/,1,1,replaced
https://coincu.com/blackrock-buys-44-6m-in-ethereum-on/,posts,362341,https://coincu.com/analysis/eth-cme-futures-open-interest-hits-record/,https://coincu.com/eth-cme-futures-open-interest-hits-record/,1,1,replaced
https://coincu.com/blackrock-buys-44-6m-in-ethereum-on/,posts,362341,https://coincu.com/analysis/ethereum-eye-new-ath-with-4880-breakout/,https://coincu.com/ethereum-eye-new-ath-with-4880-breakout/,1,1,replaced
https://coincu.com/blackrock-crypto-etfs-annual-revenue/,posts,364155,https://coincu.com/markets/crypto-market-weekly-sep-8-sep-14-altcoins-shine-as-bitcoin-holds-steady/,https://coincu.com/crypto-market-weekly-sep-8-sep-14-altcoins-shine-as-bitcoin-holds-steady/,1,1,replaced
https://coincu.com/blackrock-crypto-etfs-annual-revenue/,posts,364155,https://coincu.com/news/hong-kong-tokenization-policy-2025/,https://coincu.com/hong-kong-tokenization-policy-2025/,1,1,replaced
https://coincu.com/blackrock-crypto-etfs-annual-revenue/,posts,364155,https://coincu.com/news/uk-and-us-prepare-crypto-regulation/,https://coincu.com/uk-and-us-prepare-crypto-regulation/,1,2,replaced
https://coincu.com/blackrock-files-12-5-trillion-bitcoin/,posts,364682,https://coincu.com/markets/blackrock-us-stock-ai-growth/,https://coincu.com/blackrock-us-stock-ai-growth/,1,1,replaced
https://coincu.com/blackrock-files-12-5-trillion-bitcoin/,posts,364682,https://coincu.com/news/blackrock-crypto-etfs-annual-revenue/,https://coincu.com/blackrock-crypto-etfs-annual-revenue/,1,1,replaced
https://coincu.com/blackrock-invests-500m-in-polygon/,posts,371229,https://coincu.com/news/blackrock-buys-44-6m-in-ethereum-on/,https://coincu.com/blackrock-buys-44-6m-in-ethereum-on/,1,2,replaced
https://coincu.com/blackrock-leaders-tokenization-expansion/,posts,381045,https://coincu.com/analysis/ethereum-showing-strength-new-ath-run/,https://coincu.com/ethereum-showing-strength-new-ath-run/,1,1,replaced
https://coincu.com/blackrock-lists-bitcoin-etp-in-uk/,posts,370055,https://coincu.com/news/blackrock-files-12-5-trillion-bitcoin/,https://coincu.com/blackrock-files-12-5-trillion-bitcoin/,1,1,replaced
https://coincu.com/blackrock-lists-bitcoin-etp-in-uk/,posts,370055,https://coincu.com/news/blackrock-fink-bitcoin-gold-2025/,https://coincu.com/blackrock-fink-bitcoin-gold-2025/,1,1,replaced
https://coincu.com/blackrock-nvidia-acquire-data-centers/,posts,368937,https://coincu.com/news/ai-venture-capital-investment-2025/,https://coincu.com/ai-venture-capital-investment-2025/,1,1,replaced
https://coincu.com/blackrock-tokenization-on-chain-etfs/,posts,369103,https://coincu.com/analysis/domain-name-liquidity-tokenization/,https://coincu.com/domain-name-liquidity-tokenization/,1,1,replaced
https://coincu.com/blackrock-us-stock-ai-growth/,posts,362640,https://coincu.com/markets/fed-rate-cut-september-impact/,https://coincu.com/fed-rate-cut-september-impact/,1,1,replaced
https://coincu.com/bmnr-surges-as-blackrock-raises-stake165/,posts,394401,https://coincu.com/news/bitmine-invests-200-million-in-mrbeasts/,https://coincu.com/bitmine-invests-200-million-in-mrbeasts/,1,1,replaced
https://coincu.com/bnb-battle-ahead/,posts,362502,https://coincu.com/analysis/bnb-price-explodes-to-909/,https://coincu.com/bnb-price-explodes-to-909/,1,1,replaced
https://coincu.com/bnb-battle-ahead/,posts,362502,https://coincu.com/analysis/bnb-smashes-905-ath/,https://coincu.com/bnb-smashes-905-ath/,1,1,replaced
https://coincu.com/bnb-battle-ahead/,posts,362502,https://coincu.com/news/bnb-hits-a-new-all-time-high-at-950/,https://coincu.com/bnb-hits-a-new-all-time-high-at-950/,1,1,replaced
https://coincu.com/bnb-chain-2025-performance-records/,posts,386761,https://coincu.com/markets/japan-bond-yields-rate-hike/,https://coincu.com/japan-bond-yields-rate-hike/,1,1,replaced
https://coincu.com/bnb-chain-account-hacked-phishing/,posts,365813,https://coincu.com/news/crypto-market-structure-act-2025/,https://coincu.com/crypto-market-structure-act-2025/,1,1,replaced
https://coincu.com/bnb-chain-daily-transactions-record/,posts,386457,https://coincu.com/markets/crypto-market-plunge-december/,https://coincu.com/crypto-market-plunge-december/,1,1,replaced
https://coincu.com/bnb-chain-prediction-market-oracle/,posts,369734,https://coincu.com/analysis/bnb-shows-strong-bullish-with-51-gain/,https://coincu.com/bnb-shows-strong-bullish-with-51-gain/,1,1,replaced
https://coincu.com/bnb-chain-prediction-market-oracle/,posts,369734,https://coincu.com/markets/us-shutdown-prediction-markets-react/,https://coincu.com/us-shutdown-prediction-markets-react/,1,1,replaced
https://coincu.com/bnb-chain-token-burn-2025/,posts,371753,https://coincu.com/analysis/bnb-battle-ahead/,https://coincu.com/bnb-battle-ahead/,1,2,replaced
https://coincu.com/bnb-chain-tops-2025-daily-active-users/,posts,385571,https://coincu.com/news/solana-dapp-revenue-exceeds-187m/,https://coincu.com/solana-dapp-revenue-exceeds-187m/,1,2,replaced
https://coincu.com/bnb-crashes-27key-1080-support/,posts,379639,https://coincu.com/analysis/bnb-nears-1140-showing-bullish-momentum-with-1300-as-the-next-target-level/,https://coincu.com/bnb-nears-1140-showing-bullish-momentum-with-1300-as-the-next-target-level/,1,1,replaced
https://coincu.com/bnb-crashes-27key-1080-support/,posts,379639,https://coincu.com/analysis/bnb-price-surges-as-momentum-builds-setting-sights-on-1230-1300-target/,https://coincu.com/bnb-price-surges-as-momentum-builds-setting-sights-on-1230-1300-target/,1,1,replaced
https://coincu.com/bnb-down-60-from-ath-with-bearish-flag-forming-as-price-targets-450-support/,posts,396347,https://coincu.com/news/binance-faces-us-court-as-judge-rejects-pre-2019-arbitration/,https://coincu.com/,1,1,replaced
https://coincu.com/bnb-eyes-980-after-sharp-drop-bullish/,posts,391443,https://coincu.com/analysis/bnb-crashes-27key-1080-support/,https://coincu.com/bnb-crashes-27key-1080-support/,1,1,replaced
https://coincu.com/bnb-eyes-breakout-price-rally-toward-989/,posts,380240,https://coincu.com/markets/binance-ceo-bitcoin-deleveraging/,https://coincu.com/binance-ceo-bitcoin-deleveraging/,1,1,replaced
https://coincu.com/bnb-hits-1028-new-all-time-high/,posts,363459,https://coincu.com/markets/bnb-surpasses-intel-in-global-rank/,https://coincu.com/bnb-surpasses-intel-in-global-rank/,1,1,replaced
https://coincu.com/bnb-hits-1028-new-all-time-high/,posts,363459,https://coincu.com/news/bnb-hits-a-new-all-time-high-at-950/,https://coincu.com/bnb-hits-a-new-all-time-high-at-950/,1,1,replaced
https://coincu.com/bnb-hits-a-new-all-time-high-at-950/,posts,362395,https://coincu.com/analysis/bnb-price-explodes-to-909/,https://coincu.com/bnb-price-explodes-to-909/,1,1,replaced
https://coincu.com/bnb-hits-a-new-all-time-high-at-950/,posts,362395,https://coincu.com/news/four-rwa-module-bnb-chain-financing/,https://coincu.com/four-rwa-module-bnb-chain-financing/,1,1,replaced
https://coincu.com/bnb-holds-key-supportis-a-1-5k-surge/,posts,370910,https://coincu.com/analysis/bnb-holds-1060-support-watch-for-breakout/,https://coincu.com/bnb-holds-1060-support-watch-for-breakout/,1,1,replaced
https://coincu.com/bnb-must-reclaim-trendline-regain-bullish/,posts,380793,https://coincu.com/analysis/bnb-eyes-breakout-price-rally-toward-989/,https://coincu.com/bnb-eyes-breakout-price-rally-toward-989/,1,1,replaced
https://coincu.com/bnb-nears-1140-showing-bullish-momentum-with-1300-as-the-next-target-level/,posts,372010,https://coincu.com/news/bnb-chain-token-burn-2025/,https://coincu.com/bnb-chain-token-burn-2025/,1,1,replaced
https://coincu.com/bnb-price-explodes-to-909/,posts,361960,https://coincu.com/analysis/bnb-smashes-905-ath/,https://coincu.com/bnb-smashes-905-ath/,1,1,replaced
https://coincu.com/bnb-price-surges-as-momentum-builds-setting-sights-on-1230-1300-target/,posts,376206,https://coincu.com/news/cz-bnb-holdings-long-term/,https://coincu.com/cz-bnb-holdings-long-term/,1,1,replaced
https://coincu.com/bnb-rockets-past-ath-with-74-surge/,posts,363908,https://coincu.com/analysis/bnb-hits-1028-new-all-time-high/,https://coincu.com/bnb-hits-1028-new-all-time-high/,1,1,replaced
https://coincu.com/bnb-rockets-past-ath-with-74-surge/,posts,363908,https://coincu.com/analysis/bnb-smashes-1000-for-the-first-time/,https://coincu.com/bnb-smashes-1000-for-the-first-time/,1,1,replaced
https://coincu.com/bnb-rockets-past-ath-with-74-surge/,posts,363908,https://coincu.com/markets/bnb-surpasses-accenture-market-cap/,https://coincu.com/bnb-surpasses-accenture-market-cap/,1,1,replaced
https://coincu.com/bnb-shows-strong-bullish-with-51-gain/,posts,367270,https://coincu.com/news/binance-cz-meme-coin-surge/,https://coincu.com/binance-cz-meme-coin-surge/,1,1,replaced
https://coincu.com/bnb-smashes-1000-for-the-first-time/,posts,362820,https://coincu.com/analysis/bnb-battle-ahead/,https://coincu.com/bnb-battle-ahead/,1,1,replaced
https://coincu.com/bnb-smashes-1000-for-the-first-time/,posts,362820,https://coincu.com/analysis/bnb-smashes-905-ath/,https://coincu.com/bnb-smashes-905-ath/,1,1,replaced
https://coincu.com/bnb-smashes-1000-for-the-first-time/,posts,362820,https://coincu.com/news/bnb-hits-a-new-all-time-high-at-950/,https://coincu.com/bnb-hits-a-new-all-time-high-at-950/,1,1,replaced
https://coincu.com/bnb-smashes-905-ath/,posts,361421,https://coincu.com/news/four-rwa-module-bnb-chain-financing/,https://coincu.com/four-rwa-module-bnb-chain-financing/,1,1,replaced
https://coincu.com/bnb-strong-bullish-potential-surge/,posts,386445,https://coincu.com/news/bnb-chain-tops-2025-daily-active-users/,https://coincu.com/bnb-chain-tops-2025-daily-active-users/,1,1,replaced
https://coincu.com/bnb-surpasses-accenture-market-cap/,posts,363509,https://coincu.com/markets/crypto-stability-fed-rate-cut,https://coincu.com/crypto-stability-fed-rate-cut/,1,2,replaced
https://coincu.com/bnb-surpasses-accenture-market-cap/,posts,363509,https://coincu.com/news/four-rwa-module-bnb-chain-financing,https://coincu.com/four-rwa-module-bnb-chain-financing/,1,2,replaced
https://coincu.com/bnb-surpasses-intel-in-global-rank/,posts,363435,https://coincu.com/news/south-korea-crypto-real-estate/,https://coincu.com/south-korea-crypto-real-estate/,1,1,replaced
https://coincu.com/bnb-tests-critical-730-support-eyeing-900/,posts,393343,https://coincu.com/analysis/bnb-eyes-980-after-sharp-drop-bullish/,https://coincu.com/bnb-eyes-980-after-sharp-drop-bullish/,1,1,replaced
https://coincu.com/bnb-to-600-eyeing-key-support-levels/,posts,395169,https://coincu.com/analysis/bnb-tests-critical-730-support-eyeing-900/,https://coincu.com/bnb-tests-critical-730-support-eyeing-900/,1,1,replaced
https://coincu.com/bny-launches-stablecoin-reserve-fund-for/,posts,377940,https://coincu.com/news/bny-mellon-enters-the-crypto-custody-market/,https://coincu.com/bny-mellon-enters-the-crypto-custody-market/,1,2,replaced
https://coincu.com/bny-launches-stablecoin-reserve-fund-for/,posts,377940,https://coincu.com/news/genius-act-stablecoin-regulation-4/,https://coincu.com/genius-act-stablecoin-regulation-4/,1,2,replaced
https://coincu.com/bny-mellon-tokenized-deposits-launch/,posts,387981,https://coincu.com/markets/jpmorgan-strategy-inc-msci-outlook/,https://coincu.com/jpmorgan-strategy-inc-msci-outlook/,1,1,replaced
https://coincu.com/bonk-poised-for-explosive-rally-as-etf/,posts,361865,https://coincu.com/news/safety-shot-acquires-bonk-tokens/,https://coincu.com/safety-shot-acquires-bonk-tokens/,1,1,replaced
https://coincu.com/bored-ape-studios-launch/,posts,371463,https://coincu.com/news/chaincatcher-rootdata-crypto2025-conference/,https://coincu.com/chaincatcher-rootdata-crypto2025-conference/,1,1,replaced
https://coincu.com/brazil-central-bank-crypto-regulations/,posts,377475,https://coincu.com/news/pboc-stablecoins-risks-discussion/,https://coincu.com/pboc-stablecoins-risks-discussion/,1,2,replaced
https://coincu.com/brazil-central-bank-crypto-regulations/,posts,377475,https://coincu.com/news/western-union-stablecoin-remittance-pilot/,https://coincu.com/western-union-stablecoin-remittance-pilot/,1,2,replaced
https://coincu.com/brazil-tax-cross-border-crypto/,posts,378952,https://coincu.com/news/brazil-central-bank-crypto-regulations/,https://coincu.com/brazil-central-bank-crypto-regulations/,1,2,replaced
https://coincu.com/brazil-tax-cross-border-crypto/,posts,378952,https://coincu.com/news/us-treasury-tax-regulations-2025/,https://coincu.com/us-treasury-tax-regulations-2025/,1,2,replaced
https://coincu.com/breakout-imminent-bitcoins-94k-barrier/,posts,382813,https://coincu.com/analysis/bitcoin-climbs-93k-targeting-98k/,https://coincu.com/bitcoin-climbs-93k-targeting-98k/,1,1,replaced
https://coincu.com/breakout-imminent-bitcoins-94k-barrier/,posts,382813,https://coincu.com/analysis/bitcoin-eyes-100k-can-bulls-break-93k-resistance/,https://coincu.com/bitcoin-eyes-100k-can-bulls-break-93k-resistance/,1,1,replaced
https://coincu.com/btc-approaches-the-level-that-changes/,posts,387508,https://coincu.com/analysis/bitcoin-rsi-ascending-triangle-pullback/,https://coincu.com/bitcoin-rsi-ascending-triangle-pullback/,1,1,replaced
https://coincu.com/btc-approaches-the-level-that-changes/,posts,387508,https://coincu.com/markets/bitcoin-rebound-short-term-ratio/,https://coincu.com/bitcoin-rebound-short-term-ratio/,1,1,replaced
https://coincu.com/btc-bounces-back-strong/,posts,387875,https://coincu.com/analysis/bitcoin-weekly-rsi-uptrend-formation/,https://coincu.com/bitcoin-weekly-rsi-uptrend-formation/,1,1,replaced
https://coincu.com/btc-breakout-sparks-rally/,posts,366361,https://coincu.com/markets/bitcoin-price-milestone-verification/,https://coincu.com/bitcoin-price-milestone-verification/,1,1,replaced
https://coincu.com/btc-breakout-sparks-rally/,posts,366361,https://coincu.com/markets/bitcoin-stabilization-etf-fund-resurgence/,https://coincu.com/bitcoin-stabilization-etf-fund-resurgence/,1,1,replaced
https://coincu.com/btc-breakout-sparks-rally/,posts,366361,https://coincu.com/markets/bitcoin-surges-solana-trade-volume/,https://coincu.com/bitcoin-surges-solana-trade-volume/,1,1,replaced
https://coincu.com/btc-breaks-114k-etfs-fuel-massive-rally/,posts,365865,https://coincu.com/analysis/btc-soars-higher-while-open-interest/,https://coincu.com/btc-soars-higher-while-open-interest/,1,1,replaced
https://coincu.com/btc-bullish-retest/,posts,389294,https://coincu.com/analysis/bitcoin-hits-94kis-a-breakout-to-100k/,https://coincu.com/bitcoin-hits-94kis-a-breakout-to-100k/,1,1,replaced
https://coincu.com/btc-dominance-breaks-down/,posts,369265,https://coincu.com/markets/bitcoin-market-volatility-institutional-flows/,https://coincu.com/bitcoin-market-volatility-institutional-flows/,1,1,replaced
https://coincu.com/btc-dominance-slips-below-59/,posts,379630,https://coincu.com/analysis/btc-dominance-breaks-down/,https://coincu.com/btc-dominance-breaks-down/,1,1,replaced
https://coincu.com/btc-eth-options-expiry-deribit/,posts,373044,https://coincu.com/analysis/btc-soars-higher-while-open-interest/,https://coincu.com/btc-soars-higher-while-open-interest/,1,1,replaced
https://coincu.com/btc-eyes-96-8k-breakout-or-bull-trap/,posts,378537,https://coincu.com/analysis/btc-hits-key-resistance/,https://coincu.com/btc-hits-key-resistance/,1,1,replaced
https://coincu.com/btc-hits-key-resistance/,posts,377501,https://coincu.com/analysis/btc-price-stability-could-fuel-long-term-surge-toward-120k-target/,https://coincu.com/btc-price-stability-could-fuel-long-term-surge-toward-120k-target/,1,1,replaced
https://coincu.com/btc-holding-strong/,posts,383223,https://coincu.com/analysis/bitcoin-climbs-93k-targeting-98k/,https://coincu.com/bitcoin-climbs-93k-targeting-98k/,1,1,replaced
https://coincu.com/btc-holding-strong/,posts,383223,https://coincu.com/analysis/breakout-imminent-bitcoins-94k-barrier/,https://coincu.com/breakout-imminent-bitcoins-94k-barrier/,1,1,replaced
https://coincu.com/btc-holds-68k-weekly-ema200-target-80k/,posts,395504,https://coincu.com/news/bitcoin-sees-inflows-as-eth-from-bybit-hack-via-thorchain/,https://coincu.com/,1,1,replaced
https://coincu.com/btc-leverage-builds-near-120k/,posts,362790,https://coincu.com/analysis/btc-soars-higher-while-open-interest/,https://coincu.com/btc-soars-higher-while-open-interest/,1,1,replaced
https://coincu.com/btc-nearing-extreme-fear-possible-local/,posts,365079,https://coincu.com/analysis/bitcoin-ma200-retest-sparks-optimism/,https://coincu.com/bitcoin-ma200-retest-sparks-optimism/,1,1,replaced
https://coincu.com/btc-nearing-extreme-fear-possible-local/,posts,365079,https://coincu.com/analysis/bitcoin-stuck-at-109k/,https://coincu.com/bitcoin-stuck-at-109k/,1,1,replaced
https://coincu.com/btc-nears-ath/,posts,363057,https://coincu.com/analysis/btc-leverage-builds-near-120k/,https://coincu.com/btc-leverage-builds-near-120k/,1,1,replaced
https://coincu.com/btc-nears-ath/,posts,363057,https://coincu.com/analysis/btc-soars-higher-while-open-interest/,https://coincu.com/btc-soars-higher-while-open-interest/,1,1,replaced
https://coincu.com/btc-price-prediction-rsi-tightens-as/,posts,368168,https://coincu.com/analysis/biggest-crypto-crash-ever/,https://coincu.com/biggest-crypto-crash-ever/,1,1,replaced
https://coincu.com/btc-price-prediction-rsi-tightens-as/,posts,368168,https://coincu.com/analysis/bitcoin-stuck-below-123-4k/,https://coincu.com/bitcoin-stuck-below-123-4k/,1,1,replaced
https://coincu.com/btc-price-stability-could-fuel-long-term-surge-toward-120k-target/,posts,370038,https://coincu.com/news/parhelion-prometheus-statue-alcatraz/,https://coincu.com/parhelion-prometheus-statue-alcatraz/,1,1,replaced
https://coincu.com/btc-soars-higher-while-open-interest/,posts,361996,https://coincu.com/analysis/bitcoins-path-to-new-ath-opens/,https://coincu.com/bitcoins-path-to-new-ath-opens/,1,1,replaced
https://coincu.com/btc-soars-higher-while-open-interest/,posts,361996,https://coincu.com/news/bitcoin-drops-as-us-cpi-inflation-hits-2-9/,https://coincu.com/bitcoin-drops-as-us-cpi-inflation-hits-2-9/,1,1,replaced
https://coincu.com/btc-spot-volumes-halve-as-cex-trading/,posts,362069,https://coincu.com/markets/crypto-market-weekly-sep-8-sep-14-altcoins-shine-as-bitcoin-holds-steady/,https://coincu.com/crypto-market-weekly-sep-8-sep-14-altcoins-shine-as-bitcoin-holds-steady/,2,2,replaced
https://coincu.com/btc-spot-volumes-halve-as-cex-trading/,posts,362069,https://coincu.com/analysis/btc-soars-higher-while-open-interest/,https://coincu.com/btc-soars-higher-while-open-interest/,1,1,replaced
https://coincu.com/btc-stop-hunt-at-74k-is-the-bull-run/,posts,393454,https://coincu.com/analysis/bitcoin-weekly-rsi-uptrend-formation/,https://coincu.com/bitcoin-weekly-rsi-uptrend-formation/,1,1,replaced
https://coincu.com/btc-stop-hunt-at-74k-is-the-bull-run/,posts,393454,https://coincu.com/news/bitcoin-below-75k-saylors-900m-loss/,https://coincu.com/bitcoin-below-75k-saylors-900m-loss/,1,1,replaced
https://coincu.com/btc-trades-7-above-st-cost-basis-eyes/,posts,362519,https://coincu.com/analysis/federal-reserve-new-dot-plot-rate-cuts/,https://coincu.com/federal-reserve-new-dot-plot-rate-cuts/,1,1,replaced
https://coincu.com/btc-uptrend-depends-on-five-wave-move/,posts,396045,https://coincu.com/news/bitcoin-etf-holdings-fall-in-q4-as-13f-cite-basis-unwind/,https://coincu.com/,1,1,replaced
https://coincu.com/btc-whale-market-volatility/,posts,370560,https://coincu.com/analysis/btc-leverage-builds-near-120k/,https://coincu.com/btc-leverage-builds-near-120k/,1,1,replaced
https://coincu.com/btc-whale-market-volatility/,posts,370560,https://coincu.com/news/hype-whale-unstakes-107m-crypto/,https://coincu.com/hype-whale-unstakes-107m-crypto/,1,1,replaced
https://coincu.com/buildon-b-review-5-facts-behind-usd1-meme-proxy/,posts,401474,https://coincu.com/news/bnb-chain-daily-transactions-record/,https://coincu.com/bnb-chain-daily-transactions-record/,1,1,replaced
https://coincu.com/bullish-build-ltc-approaches-key-breakout/,posts,395476,https://coincu.com/analysis/litecoin-break-9-year-consolidation-1000/,https://coincu.com/litecoin-break-9-year-consolidation-1000/,1,1,replaced
https://coincu.com/bybit-halts-new-account-registrations-for/,posts,373357,https://coincu.com/news/japan-banks-invest-crypto-2025/,https://coincu.com/japan-banks-invest-crypto-2025/,1,1,replaced
https://coincu.com/bybit-halts-new-account-registrations-for/,posts,373357,https://coincu.com/news/japanese-fsa-crypto-warnings-target-5-exchanges/,https://coincu.com/japanese-fsa-crypto-warnings-target-5-exchanges/,1,1,replaced
https://coincu.com/bybit-halts-new-account-registrations-for/,posts,373357,https://coincu.com/news/lazarus-group-behind-bybits-hack/,https://coincu.com/lazarus-group-behind-bybits-hack/,1,1,replaced
https://coincu.com/bybit-launches-8m-fund/,posts,385172,https://coincu.com/news/bybit-returns-uk-market-archax/,https://coincu.com/bybit-returns-uk-market-archax/,1,1,replaced
https://coincu.com/calm-whale-profits-btc-sol/,posts,374118,https://coincu.com/markets/bitcoin-market-decline-defensive-trading-shift/,https://coincu.com/bitcoin-market-decline-defensive-trading-shift/,1,1,replaced
https://coincu.com/calm-whale-profits-btc-sol/,posts,374118,https://coincu.com/markets/btc-whale-market-volatility/,https://coincu.com/btc-whale-market-volatility/,1,1,replaced
https://coincu.com/can-doge-hold-the-line-0-382-fib-support/,posts,388846,https://coincu.com/analysis/doge-surges-bull-pennant-target-0-1718/,https://coincu.com/doge-surges-bull-pennant-target-0-1718/,1,1,replaced
https://coincu.com/can-ethereum-regain-its-lost-support/,posts,382403,https://coincu.com/analysis/ethereum-bullish-structure-targets-6k/,https://coincu.com/ethereum-bullish-structure-targets-6k/,1,1,replaced
https://coincu.com/can-ethereum-regain-its-lost-support/,posts,382403,https://coincu.com/analysis/ethereum-hits-4100-liquidity/,https://coincu.com/ethereum-hits-4100-liquidity/,1,1,replaced
https://coincu.com/can-ondo-bounce-to-1-15/,posts,371347,https://coincu.com/analysis/ondo-eyes-2b-tvl-as-price-holds-0-67-and-targets-breakout-to-1-15/,https://coincu.com/ondo-eyes-2b-tvl-as-price-holds-0-67-and-targets-breakout-to-1-15/,1,1,replaced
https://coincu.com/can-ondo-bounce-to-1-15/,posts,371347,https://coincu.com/news/ondo-finance-usdy-launch-sei/,https://coincu.com/ondo-finance-usdy-launch-sei/,1,1,replaced
https://coincu.com/can-solana-break-220/,posts,361457,https://coincu.com/analysis/solana-dex-surpasses-750m-addresses/,https://coincu.com/solana-dex-surpasses-750m-addresses/,2,2,replaced
https://coincu.com/can-solana-break-220/,posts,361457,https://coincu.com/analysis/eth-breakout-looms-as-symmetricaltriangle/,https://coincu.com/eth-breakout-looms-as-symmetricaltriangle/,1,1,replaced
https://coincu.com/can-xrp-bounce-to-3-20/,posts,364736,https://coincu.com/analysis/xrp-chart-signals-4-80-target/,https://coincu.com/xrp-chart-signals-4-80-target/,1,1,replaced
https://coincu.com/can-xrp-bounce-to-3-20/,posts,364736,https://coincu.com/analysis/xrp-price-eyes-2-77-as-50-ema-nears/,https://coincu.com/xrp-price-eyes-2-77-as-50-ema-nears/,1,1,replaced
https://coincu.com/can-xrp-bounce-to-3-20/,posts,364736,https://coincu.com/analysis/xrp-set-for-lift-off-as-consolidation-end/,https://coincu.com/xrp-set-for-lift-off-as-consolidation-end/,1,1,replaced
https://coincu.com/canary-capital-launches-etfs/,posts,371910,https://coincu.com/markets/us-crypto-stocks-gains-market/,https://coincu.com/us-crypto-stocks-gains-market/,1,1,replaced
https://coincu.com/canary-capitals-suis-etf/,posts,385180,https://coincu.com/analysis/sui-soars-as-sec-approves-first-2x/,https://coincu.com/sui-soars-as-sec-approves-first-2x/,1,1,replaced
https://coincu.com/canary-files-litecoin-and-hedera-etfs/,posts,371840,https://coincu.com/analysis/hbar-hits-307b-volume/,https://coincu.com/hbar-hits-307b-volume/,1,1,replaced
https://coincu.com/canary-files-litecoin-and-hedera-etfs/,posts,371840,https://coincu.com/markets/bitwise-solana-etf-update/,https://coincu.com/bitwise-solana-etf-update/,1,1,replaced
https://coincu.com/canary-files-litecoin-and-hedera-etfs/,posts,371840,https://coincu.com/news/dtcc-lists-crypto-spot-etfs/,https://coincu.com/dtcc-lists-crypto-spot-etfs/,1,1,replaced
https://coincu.com/canary-files-litecoin-and-hedera-etfs/,posts,371840,https://coincu.com/news/litecoin-etf-launch-sec-approval/,https://coincu.com/litecoin-etf-launch-sec-approval/,1,1,replaced
https://coincu.com/capybobo-debut-web3-collectibles/,posts,378383,https://coincu.com/markets/bitwise-solana-etf-update/,https://coincu.com/bitwise-solana-etf-update/,1,1,replaced
https://coincu.com/capybobo-vwa-game-launch-pybobo/,posts,388112,https://coincu.com/markets/bitcoin-support-cost-basis-cluster/,https://coincu.com/bitcoin-support-cost-basis-cluster/,1,2,replaced
https://coincu.com/cardano-0-69-dip-signals-rally-toward-2/,posts,368146,https://coincu.com/analysis/ada-breakdown-looms/,https://coincu.com/ada-breakdown-looms/,1,1,replaced
https://coincu.com/cardano-12-profit-falling-wedge-breakout/,posts,387044,https://coincu.com/analysis/cardano-above-demand-zone-breakout-0-39/,https://coincu.com/cardano-above-demand-zone-breakout-0-39/,1,1,replaced
https://coincu.com/cardano-above-demand-zone-breakout-0-39/,posts,386648,https://coincu.com/news/cardano-hoskinson-solana-ethereum/,https://coincu.com/cardano-hoskinson-solana-ethereum/,1,1,replaced
https://coincu.com/cardano-ada-breaks-out-heres-why/,posts,361115,https://coincu.com/analysis/cardano-breakout-ada-may-have-just-gone-parabolic/,https://coincu.com/cardano-breakout-ada-may-have-just-gone-parabolic/,1,1,replaced
https://coincu.com/cardano-bulls-need-0-661-break/,posts,373636,https://coincu.com/analysis/cardano-ada-breaks-out-heres-why/,https://coincu.com/cardano-ada-breaks-out-heres-why/,1,1,replaced
https://coincu.com/cardano-could-surge-toward-1-88-if-price-breaks-above-0-90-resistance/,posts,368872,https://coincu.com/analysis/ada-eyes-critical-0-90-resistance-for-potential-rally-to-1-10-target/,https://coincu.com/ada-eyes-critical-0-90-resistance-for-potential-rally-to-1-10-target/,1,1,replaced
https://coincu.com/cardano-descending-trendline-0-379-surge/,posts,396142,https://coincu.com/analysis/cardano-whales-accumulate-819m-ada-despite-71-price-drop/,https://coincu.com/cardano-whales-accumulate-819m-ada-despite-71-price-drop/,1,1,replaced
https://coincu.com/cardano-eyes-potential-breakout-to-0-93/,posts,374018,https://coincu.com/analysis/cardano-bulls-need-0-661-break/,https://coincu.com/cardano-bulls-need-0-661-break/,1,1,replaced
https://coincu.com/cardano-founder-blasts-trump/,posts,388712,https://coincu.com/news/cardano-founder-criticizes-clarity-act/,https://coincu.com/cardano-founder-criticizes-clarity-act/,1,1,replaced
https://coincu.com/cardano-founder-criticizes-clarity-act/,posts,388591,https://coincu.com/news/fed-rate-cuts-impact-crypto-3/,https://coincu.com/fed-rate-cuts-impact-crypto-3/,1,2,replaced
https://coincu.com/cardano-founder-criticizes-clarity-act/,posts,388591,https://coincu.com/news/trump-fed-chair-nomination-impact/,https://coincu.com/trump-fed-chair-nomination-impact/,1,2,replaced
https://coincu.com/cardano-holds-channel-support/,posts,393371,https://coincu.com/analysis/ada-on-the-edge-will-0-33-hold/,https://coincu.com/ada-on-the-edge-will-0-33-hold/,1,1,replaced
https://coincu.com/cardano-hoskinson-solana-ethereum/,posts,385821,https://coincu.com/news/solana-dapp-revenue-exceeds-187m/,https://coincu.com/solana-dapp-revenue-exceeds-187m/,1,2,replaced
https://coincu.com/cardano-price-prediction-15-drop-to/,posts,370933,https://coincu.com/analysis/ada-eyes-critical-0-90-resistance-for-potential-rally-to-1-10-target/,https://coincu.com/ada-eyes-critical-0-90-resistance-for-potential-rally-to-1-10-target/,1,0,not_found_in_raw
https://coincu.com/cardano-price-prediction-15-drop-to/,posts,370933,https://coincu.com/analysis/cardano-0-69-dip-signals-rally-toward-2/,https://coincu.com/cardano-0-69-dip-signals-rally-toward-2/,1,0,not_found_in_raw
https://coincu.com/cardano-user-ada-usda-loss/,posts,378694,https://coincu.com/analysis/crypto-funds-see-1-17-billion-outflows/,https://coincu.com/crypto-funds-see-1-17-billion-outflows/,1,0,not_found_in_raw
https://coincu.com/cardano-user-ada-usda-loss/,posts,378694,https://coincu.com/markets/crypto-market-deleveraging-futures-decline/,https://coincu.com/crypto-market-deleveraging-futures-decline/,1,0,not_found_in_raw
https://coincu.com/cbi-freezes-crypto-linked-to-122000/,posts,366869,https://coincu.com/news/doj-crypto-seizure-fraud-case/,https://coincu.com/doj-crypto-seizure-fraud-case/,1,0,not_found_in_raw
https://coincu.com/cbi-freezes-crypto-linked-to-122000/,posts,366869,https://coincu.com/news/us-doj-hamas-cryptocurrency-seizure/,https://coincu.com/us-doj-hamas-cryptocurrency-seizure/,1,0,not_found_in_raw
https://coincu.com/cex-liquidations-altcoin-drops/,posts,368254,https://coincu.com/analysis/xrp-tests-support-after-double-bottom/,https://coincu.com/xrp-tests-support-after-double-bottom/,1,0,not_found_in_raw
https://coincu.com/cftc-greenlights-u-s-regulated-spot/,posts,381378,https://coincu.com/news/cftc-leveraged-crypto-trading-december/,https://coincu.com/cftc-leveraged-crypto-trading-december/,1,0,not_found_in_raw
https://coincu.com/cftc-leveraged-crypto-trading-december/,posts,377112,https://coincu.com/news/trump-fed-rate-decision-2025/,https://coincu.com/trump-fed-rate-decision-2025/,1,0,not_found_in_raw
https://coincu.com/cftc-regulated-solana-and-xrp-options/,posts,368500,https://coincu.com/analysis/solana-price-rebounds-from-178-support-targets-210-as-meme-ecosystem-heats-up/,https://coincu.com/solana-price-rebounds-from-178-support-targets-210-as-meme-ecosystem-heats-up/,1,0,not_found_in_raw
https://coincu.com/cftc-regulated-solana-and-xrp-options/,posts,368500,https://coincu.com/news/cftc-tokenized-collateral-launch/,https://coincu.com/cftc-tokenized-collateral-launch/,1,0,not_found_in_raw
https://coincu.com/cftc-regulated-solana-and-xrp-options/,posts,368500,https://coincu.com/news/cme-solana-xrp-futures-launch/,https://coincu.com/cme-solana-xrp-futures-launch/,1,0,not_found_in_raw
https://coincu.com/cftc-tokenized-collateral-launch/,posts,364264,https://coincu.com/news/base-coinbase-considers-token-issuance/,https://coincu.com/base-coinbase-considers-token-issuance/,1,0,not_found_in_raw
https://coincu.com/cftc-tokenized-collateral-launch/,posts,364264,https://coincu.com/news/uk-us-crypto-cooperation-stablecoins/,https://coincu.com/uk-us-crypto-cooperation-stablecoins/,1,0,not_found_in_raw
https://coincu.com/chaincatcher-alibaba-cloud-ethereum-etf/,posts,365030,https://coincu.com/markets/fed-rate-cut-impact-crypto/,https://coincu.com/fed-rate-cut-impact-crypto/,1,0,not_found_in_raw
https://coincu.com/chaincatcher-event-ethereum-etf-outflows/,posts,364940,https://coincu.com/analysis/bnb-battle-ahead/,https://coincu.com/bnb-battle-ahead/,1,0,not_found_in_raw
https://coincu.com/chaincatcher-event-ethereum-etf-outflows/,posts,364940,https://coincu.com/markets/investors-rotate-in-q3-flows-shift-to-sol/,https://coincu.com/investors-rotate-in-q3-flows-shift-to-sol/,1,0,not_found_in_raw
https://coincu.com/chaincatcher-rootdata-crypto2025-conference/,posts,362696,https://coincu.com/markets/whale-stakes-60m-solana/,https://coincu.com/whale-stakes-60m-solana/,1,0,not_found_in_raw
https://coincu.com/chaincatcher-rootdata-crypto2025-conference/,posts,362696,https://coincu.com/news/sec-roundtable-crypto-regulation-privacy/,https://coincu.com/sec-roundtable-crypto-regulation-privacy/,1,0,not_found_in_raw
https://coincu.com/chainlink-and-swift-unlock-tokenized/,posts,365601,https://coincu.com/analysis/chainlink-breakout-setup-targets-100/,https://coincu.com/chainlink-breakout-setup-targets-100/,1,0,not_found_in_raw
https://coincu.com/chainlink-breakout-setup-targets-100/,posts,364579,https://coincu.com/analysis/chainlink-link-on-track-for-30/,https://coincu.com/chainlink-link-on-track-for-30/,1,0,not_found_in_raw
https://coincu.com/chainlink-breakout-setup-targets-100/,posts,364579,https://coincu.com/analysis/will-link-price-rebound-as-whales-buy/,https://coincu.com/will-link-price-rebound-as-whales-buy/,1,0,not_found_in_raw
https://coincu.com/chainlink-dips-can-21-27-hold-as-wave-4/,posts,366165,https://coincu.com/analysis/chainlink-breakout-setup-targets-100/,https://coincu.com/chainlink-breakout-setup-targets-100/,1,0,not_found_in_raw
https://coincu.com/chainlink-dips-can-21-27-hold-as-wave-4/,posts,366165,https://coincu.com/analysis/chainlink-link-on-track-for-30/,https://coincu.com/chainlink-link-on-track-for-30/,1,0,not_found_in_raw
https://coincu.com/chainlink-dips-can-21-27-hold-as-wave-4/,posts,366165,https://coincu.com/news/chainlink-and-swift-unlock-tokenized/,https://coincu.com/chainlink-and-swift-unlock-tokenized/,1,0,not_found_in_raw
https://coincu.com/chainlink-forms-cup-and-handle-pattern-with-a-potential-165-rally-to-40-target/,posts,369287,https://coincu.com/analysis/chainlink-targets-rally-to-27/,https://coincu.com/chainlink-targets-rally-to-27/,1,0,not_found_in_raw
https://coincu.com/chainlink-holds-support-showing-growth/,posts,381373,https://coincu.com/analysis/chainlink-surges-after-whales-accumulate/,https://coincu.com/chainlink-surges-after-whales-accumulate/,1,0,not_found_in_raw
https://coincu.com/chainlink-holds-triangle-support/,posts,389257,https://coincu.com/analysis/chainlink-trades-between-11-9-and-14-5/,https://coincu.com/chainlink-trades-between-11-9-and-14-5/,1,0,not_found_in_raw
https://coincu.com/chainlink-joins-aethirs-ai-unbundled/,posts,362374,https://coincu.com/analysis/chainlink-partners-with-ubs-and-digift/,https://coincu.com/chainlink-partners-with-ubs-and-digift/,1,0,not_found_in_raw
https://coincu.com/chainlink-joins-aethirs-ai-unbundled/,posts,362374,https://coincu.com/analysis/chainlinks-next-move-could-propel-link/,https://coincu.com/chainlinks-next-move-could-propel-link/,1,0,not_found_in_raw
https://coincu.com/chainlink-link-on-track-for-30/,posts,363400,https://coincu.com/news/chainlink-joins-aethirs-ai-unbundled/,https://coincu.com/chainlink-joins-aethirs-ai-unbundled/,1,0,not_found_in_raw
https://coincu.com/chainlink-near-25-as-golden-cross-and/,posts,357193,https://coincu.com/analysis/whale-moves-31-15m-in-link-as-chainlink-hits-26-for-first-time-in-7-months/,https://coincu.com/whale-moves-31-15m-in-link-as-chainlink-hits-26-for-first-time-in-7-months/,2,0,not_found_in_raw
https://coincu.com/chainlink-near-25-as-golden-cross-and/,posts,357193,https://coincu.com/analysis/chainlink-rockets-19-weekly/,https://coincu.com/chainlink-rockets-19-weekly/,1,0,not_found_in_raw
https://coincu.com/chainlink-partners-with-ubs-and-digift/,posts,361730,https://coincu.com/analysis/chainlinks-next-move-could-propel-link/,https://coincu.com/chainlinks-next-move-could-propel-link/,1,0,not_found_in_raw
https://coincu.com/chainlink-rockets-19-weekly/,posts,356840,https://coincu.com/analysis/whale-moves-31-15m-in-link-as-chainlink-hits-26-for-first-time-in-7-months/,https://coincu.com/whale-moves-31-15m-in-link-as-chainlink-hits-26-for-first-time-in-7-months/,1,0,not_found_in_raw
https://coincu.com/chainlink-set-for-rally-breakout-above-25-could-lead-to-100-target/,posts,370383,https://coincu.com/markets/chainlink-whale-moves-link-binance/,https://coincu.com/chainlink-whale-moves-link-binance/,1,0,not_found_in_raw
https://coincu.com/chainlink-set-for-rally-breakout-above-25-could-lead-to-100-target/?_thumbnail_id=370389,posts,370383,https://coincu.com/markets/chainlink-whale-moves-link-binance/,https://coincu.com/chainlink-whale-moves-link-binance/,1,0,not_found_in_raw
https://coincu.com/chainlink-strong-momentum-72-target/,posts,377643,https://coincu.com/analysis/chainlink-whales-accumulate-4m-link/,https://coincu.com/chainlink-whales-accumulate-4m-link/,1,0,not_found_in_raw
https://coincu.com/chainlink-surges-after-whales-accumulate/,posts,381287,https://coincu.com/analysis/chainlink-whales-accumulate-4m-link/,https://coincu.com/chainlink-whales-accumulate-4m-link/,1,0,not_found_in_raw
https://coincu.com/chainlink-targets-rally-to-27/,posts,367001,https://coincu.com/analysis/will-link-47-level-be-next-as-chainlink/,https://coincu.com/will-link-47-level-be-next-as-chainlink/,1,0,not_found_in_raw
https://coincu.com/chainlink-trades-between-11-9-and-14-5/,posts,388483,https://coincu.com/analysis/big-wallets-sell-2m-link/,https://coincu.com/big-wallets-sell-2m-link/,1,0,not_found_in_raw
https://coincu.com/chainlink-us-equities-defi-stream/,posts,390114,https://coincu.com/analysis/chainlink-surges-after-whales-accumulate/,https://coincu.com/chainlink-surges-after-whales-accumulate/,1,0,not_found_in_raw
https://coincu.com/chainlink-whales-accumulate-4m-link/,posts,376706,https://coincu.com/news/4b-in-tokenized-assets-enter-aave/,https://coincu.com/4b-in-tokenized-assets-enter-aave/,1,0,not_found_in_raw
https://coincu.com/chainlink-whales-accumulate-link-tokens/,posts,383748,https://coincu.com/analysis/chainlink-holds-support-showing-growth/,https://coincu.com/chainlink-holds-support-showing-growth/,1,0,not_found_in_raw
https://coincu.com/chainlink-whales-accumulate-link-tokens/,posts,383748,https://coincu.com/analysis/link-rejected-again-is-14-the-start/,https://coincu.com/link-rejected-again-is-14-the-start/,1,0,not_found_in_raw
https://coincu.com/chainlink-whales-offload-31m-tokens/,posts,379804,https://coincu.com/analysis/chainlink-whales-accumulate-4m-link/,https://coincu.com/chainlink-whales-accumulate-4m-link/,1,0,not_found_in_raw
https://coincu.com/chainlinks-next-move-could-propel-link/,posts,361293,https://coincu.com/analysis/chainlink-needs-a-5-wave-move/,https://coincu.com/chainlink-needs-a-5-wave-move/,1,0,not_found_in_raw
https://coincu.com/chainlinks-next-move-could-propel-link/,posts,361293,https://coincu.com/analysis/chainlink-rockets-19-weekly/,https://coincu.com/chainlink-rockets-19-weekly/,1,0,not_found_in_raw
https://coincu.com/changpeng-zhao-advises-aster/,posts,365161,https://coincu.com/markets/aster-token-profits-investors/,https://coincu.com/aster-token-profits-investors/,1,0,not_found_in_raw
https://coincu.com/changpeng-zhao-advises-aster/,posts,365161,https://coincu.com/markets/aster-token-withdrawal-wallet-analysis/,https://coincu.com/aster-token-withdrawal-wallet-analysis/,1,0,not_found_in_raw
https://coincu.com/changpeng-zhao-advises-aster/,posts,365161,https://coincu.com/markets/whales-profit-aster-surge-leverage/,https://coincu.com/whales-profit-aster-surge-leverage/,1,0,not_found_in_raw
https://coincu.com/china-crackdown-stablecoins-regulation/,posts,380850,https://coincu.com/news/dutch-central-bank-stablecoin-risks/,https://coincu.com/dutch-central-bank-stablecoin-risks/,1,0,not_found_in_raw
https://coincu.com/china-crackdown-stablecoins-regulation/,posts,380850,https://coincu.com/news/hong-kong-sfc-aml-measures/,https://coincu.com/hong-kong-sfc-aml-measures/,1,0,not_found_in_raw
https://coincu.com/china-digital-asset-legislation/,posts,386307,https://coincu.com/news/1011-flash-crash-borrow-binance/,https://coincu.com/1011-flash-crash-borrow-binance/,1,0,not_found_in_raw
https://coincu.com/china-us-trade-cooperation-talks/,posts,371607,https://coincu.com/analysis/btc-soars-higher-while-open-interest/,https://coincu.com/btc-soars-higher-while-open-interest/,1,0,not_found_in_raw
https://coincu.com/china-virtual-currency-crackdown-2025/,posts,381812,https://coincu.com/analysis/sol-dominates-market-talk/,https://coincu.com/sol-dominates-market-talk/,1,0,not_found_in_raw
https://coincu.com/china-virtual-currency-regulation-governance/,posts,380867,https://coincu.com/markets/stablecoin-supply-bitcoin-price-trends/,https://coincu.com/stablecoin-supply-bitcoin-price-trends/,2,0,not_found_in_raw
https://coincu.com/christopher-waller-federal-reserve-board/,posts,362340,https://coincu.com/markets/fed-rate-cut-speculation-boosts-crypto/,https://coincu.com/fed-rate-cut-speculation-boosts-crypto/,1,0,not_found_in_raw
https://coincu.com/circle-arc-blockchain-testnet-launch/,posts,372001,https://coincu.com/news/circle-mints-usdc-solana-network-2/,https://coincu.com/circle-mints-usdc-solana-network-2/,1,0,not_found_in_raw
https://coincu.com/circle-focus-usdc-hong-kong/,posts,368570,https://coincu.com/analysis/rootdatas-report-crypto-financing-trends/,https://coincu.com/rootdatas-report-crypto-financing-trends/,1,0,not_found_in_raw
https://coincu.com/circle-focus-usdc-hong-kong/,posts,368570,https://coincu.com/news/hong-kong-sfc-re-election-leung/,https://coincu.com/hong-kong-sfc-re-election-leung/,1,0,not_found_in_raw
https://coincu.com/circle-mints-500-million-usdc-solana/,posts,369550,https://coincu.com/analysis/solana-eyes-226-229-breakout/,https://coincu.com/solana-eyes-226-229-breakout/,1,0,not_found_in_raw
https://coincu.com/circle-mints-usdc-solana-network-2/,posts,363247,https://coincu.com/markets/crypto-market-weekly-sep-1-sep-7-btc-eth-institutional-inflows-solana-ipo-and-fed-rate-cut/,https://coincu.com/crypto-market-weekly-sep-1-sep-7-btc-eth-institutional-inflows-solana-ipo-and-fed-rate-cut/,1,0,not_found_in_raw
https://coincu.com/circle-mints-usdc-solana-network-2/,posts,363247,https://coincu.com/news/forward-solana-billion-investment/,https://coincu.com/forward-solana-billion-investment/,1,0,not_found_in_raw
https://coincu.com/circle-native-usdc-cctp-hyperliquid/,posts,360882,https://coincu.com/news/hyperliquid-spot-trading-optimization/,https://coincu.com/hyperliquid-spot-trading-optimization/,1,0,not_found_in_raw
https://coincu.com/circle-q3-usdc-circulation-growth/,posts,377666,https://coincu.com/news/circle-arc-blockchain-testnet-launch/,https://coincu.com/circle-arc-blockchain-testnet-launch/,1,0,not_found_in_raw
https://coincu.com/circle-usdc-75-billion-milestone/,posts,366690,https://coincu.com/markets/crypto-market-weekly-sep-15-sep-21-btc-recovers-at-115k-stablecoins-at-record-highs/,https://coincu.com/crypto-market-weekly-sep-15-sep-21-btc-recovers-at-115k-stablecoins-at-record-highs/,1,0,not_found_in_raw
https://coincu.com/circle-usdc-75-billion-milestone/,posts,366690,https://coincu.com/news/uk-us-taskforce-digital-regulation/,https://coincu.com/uk-us-taskforce-digital-regulation/,1,0,not_found_in_raw
https://coincu.com/circle-usdc-supply-increases/,posts,381753,https://coincu.com/markets/stablecoin-supply-bitcoin-price-trends/,https://coincu.com/stablecoin-supply-bitcoin-price-trends/,1,0,not_found_in_raw
https://coincu.com/circle-usdc-supply-increases/,posts,381753,https://coincu.com/news/usdc-treasury-mints-750-million-solana/,https://coincu.com/usdc-treasury-mints-750-million-solana/,1,0,not_found_in_raw
https://coincu.com/citibank-to-launch-crypto-custody-service/,posts,368542,https://coincu.com/news/stablecoin-regulation-federal-reserve-occ/,https://coincu.com/stablecoin-regulation-federal-reserve-occ/,1,0,not_found_in_raw
https://coincu.com/citigroup-bitcoin-ethereum-2025-target/,posts,366202,https://coincu.com/markets/ethereum-829m-liquidation-cycle/,https://coincu.com/ethereum-829m-liquidation-cycle/,1,0,not_found_in_raw
https://coincu.com/citigroup-stablecoin-prediction-2030-2/,posts,365289,https://coincu.com/news/plasma-defi-stablecoin-banking-card/,https://coincu.com/plasma-defi-stablecoin-banking-card/,2,0,not_found_in_raw
https://coincu.com/cleancore-reaches-130m-doge-milestone/,posts,361951,https://coincu.com/analysis/dogecoin-set-for-breakout/,https://coincu.com/dogecoin-set-for-breakout/,1,0,not_found_in_raw
https://coincu.com/cmb-international-launches-3-8b-fund-on/,posts,368914,https://coincu.com/markets/us-money-markets-growth-potential-crypto/,https://coincu.com/us-money-markets-growth-potential-crypto/,1,0,not_found_in_raw
https://coincu.com/cmb-international-launches-3-8b-fund-on/,posts,368914,https://coincu.com/news/blackrock-asset-tokenization-begins/,https://coincu.com/blackrock-asset-tokenization-begins/,1,0,not_found_in_raw
https://coincu.com/cmb-international-launches-3-8b-fund-on/,posts,368914,https://coincu.com/news/four-rwa-module-bnb-chain-financing/,https://coincu.com/four-rwa-module-bnb-chain-financing/,1,0,not_found_in_raw
https://coincu.com/cme-crypto-futures-now-cover75-of-market/,posts,396613,https://coincu.com/markets/cme-group-crypto-trading-volume-2025/,https://coincu.com/cme-group-crypto-trading-volume-2025/,1,0,not_found_in_raw
https://coincu.com/cme-group-to-launch-cardano-chainlink/,posts,389035,https://coincu.com/analysis/cardano-12-profit-falling-wedge-breakout/,https://coincu.com/cardano-12-profit-falling-wedge-breakout/,1,0,not_found_in_raw
https://coincu.com/cme-group-to-launch-cardano-chainlink/,posts,389035,https://coincu.com/analysis/chainlink-trades-between-11-9-and-14-5/,https://coincu.com/chainlink-trades-between-11-9-and-14-5/,1,0,not_found_in_raw
https://coincu.com/cme-group-to-launch-cardano-chainlink/,posts,389035,https://coincu.com/analysis/stellar-set-to-drop-to-0-19-beforerebound/,https://coincu.com/stellar-set-to-drop-to-0-19-beforerebound/,1,0,not_found_in_raw
https://coincu.com/cme-group-to-launch-cardano-chainlink/,posts,389035,https://coincu.com/markets/cme-2025-crypto-trading-high/,https://coincu.com/cme-2025-crypto-trading-high/,1,0,not_found_in_raw
https://coincu.com/cme-solana-xrp-futures-launch/,posts,362632,https://coincu.com/news/forward-industries-solana-acquisition/,https://coincu.com/forward-industries-solana-acquisition/,1,0,not_found_in_raw
https://coincu.com/cme-solana-xrp-futures-launch/,posts,362632,https://coincu.com/news/sec-extends-xrp-etf-decision-2025/,https://coincu.com/sec-extends-xrp-etf-decision-2025/,1,0,not_found_in_raw
https://coincu.com/cnn-partners-with-kalshi-to-integrate/,posts,381245,https://coincu.com/news/kalshi-raises-300-million-targets-global-expansion-amid-surging-prediction-market-growth/,https://coincu.com/kalshi-raises-300-million-targets-global-expansion-amid-surging-prediction-market-growth/,1,0,not_found_in_raw
https://coincu.com/coc-game-onchain-data-feature/,posts,381307,https://coincu.com/analysis/xrp-bounces-back-is-3-50-the-next-stop/,https://coincu.com/xrp-bounces-back-is-3-50-the-next-stop/,1,0,not_found_in_raw
https://coincu.com/coin-reviews/,posts,400170,https://coincu.com/analysis/part-1-overview-of-the-aptos-ecosystem/,https://coincu.com/part-1-overview-of-the-aptos-ecosystem/,1,0,not_found_in_raw
https://coincu.com/coinbase-acquires-clearing-company/,posts,389866,https://coincu.com/news/kalshi-polymarket-prediction-duopoly/,https://coincu.com/kalshi-polymarket-prediction-duopoly/,1,0,not_found_in_raw
https://coincu.com/coinbase-acquires-echo-to-expand-onchain/,posts,370356,https://coincu.com/news/coinbase-launch-yb-perpetual-futures/,https://coincu.com/coinbase-launch-yb-perpetual-futures/,1,0,not_found_in_raw
https://coincu.com/coinbase-adds-moonbirds-perpetual-contracts/,posts,391966,https://coincu.com/news/solana-dapp-revenue-exceeds-187m/,https://coincu.com/solana-dapp-revenue-exceeds-187m/,1,0,not_found_in_raw
https://coincu.com/coinbase-apollo-stablecoin-credit/,posts,371849,https://coincu.com/news/us-treasury-stablecoin-rulemaking/,https://coincu.com/us-treasury-stablecoin-rulemaking/,1,0,not_found_in_raw
https://coincu.com/coinbase-aster-spot-trading/,posts,379252,https://coincu.com/analysis/sol-flashes-golden-cross/,https://coincu.com/sol-flashes-golden-cross/,1,0,not_found_in_raw
https://coincu.com/coinbase-aster-spot-trading/,posts,379252,https://coincu.com/news/aster-overtakes-hyperliquid-trading-volume/,https://coincu.com/aster-overtakes-hyperliquid-trading-volume/,1,0,not_found_in_raw
https://coincu.com/coinbase-aster-spot-trading/,posts,379252,https://coincu.com/news/coinbase-revives-token-sales-us/,https://coincu.com/coinbase-revives-token-sales-us/,1,0,not_found_in_raw
https://coincu.com/coinbase-base-network-bridge-solana/,posts,381536,https://coincu.com/analysis/sol-breakout-alert-eyes-on-126/,https://coincu.com/sol-breakout-alert-eyes-on-126/,1,0,not_found_in_raw
https://coincu.com/coinbase-base-network-bridge-solana/,posts,381536,https://coincu.com/news/upbit-solana-network-breach-2025/,https://coincu.com/upbit-solana-network-breach-2025/,1,0,not_found_in_raw
https://coincu.com/coinbase-base-token-issuance-exploration/,posts,363202,https://coincu.com/analysis/solana-surges-above-230-support-level/,https://coincu.com/solana-surges-above-230-support-level/,1,0,not_found_in_raw
https://coincu.com/coinbase-base-token-issuance-exploration/,posts,363202,https://coincu.com/news/coinbase-spx6900-flock-trade/,https://coincu.com/coinbase-spx6900-flock-trade/,1,0,not_found_in_raw
https://coincu.com/coinbase-base-token-issuance-exploration/,posts,363202,https://coincu.com/news/forward-solana-billion-investment/,https://coincu.com/forward-solana-billion-investment/,1,0,not_found_in_raw
https://coincu.com/coinbase-ceo-defi-regulation-opposition/,posts,367886,https://coincu.com/analysis/ethereum-poised-to-reach-10k/,https://coincu.com/ethereum-poised-to-reach-10k/,1,0,not_found_in_raw
https://coincu.com/coinbase-ceo-defi-regulation-opposition/,posts,367886,https://coincu.com/news/coinbase-hack-300-million-theft/,https://coincu.com/coinbase-hack-300-million-theft/,1,0,not_found_in_raw
https://coincu.com/coinbase-crypto-super-app-plan/,posts,363399,https://coincu.com/markets/coinbase-2025-crypto-market-outlook/,https://coincu.com/coinbase-2025-crypto-market-outlook/,1,0,not_found_in_raw
https://coincu.com/coinbase-crypto-super-app-plan/,posts,363399,https://coincu.com/news/genius-act-stablecoin-compliance-2026/,https://coincu.com/genius-act-stablecoin-compliance-2026/,1,0,not_found_in_raw
https://coincu.com/coinbase-eth-collateral-usdc-loans/,posts,379432,https://coincu.com/news/circle-q3-usdc-circulation-growth/,https://coincu.com/circle-q3-usdc-circulation-growth/,1,0,not_found_in_raw
https://coincu.com/coinbase-eth-collateral-usdc-loans/,posts,379432,https://coincu.com/news/coinbase-token-sale-platform-launch/,https://coincu.com/coinbase-token-sale-platform-launch/,1,0,not_found_in_raw
https://coincu.com/coinbase-eth-collateral-usdc-loans/,posts,379432,https://coincu.com/news/ethereum-2026-ai-roadmap-plan/,https://coincu.com/ethereum-2026-ai-roadmap-plan/,1,0,not_found_in_raw
https://coincu.com/coinbase-europe-fined-e21-5m-over-major-transaction-monitoring-failures/,posts,376488,https://coincu.com/news/eu-opens-antitrust-probe-into-deutsche/,https://coincu.com/eu-opens-antitrust-probe-into-deutsche/,1,0,not_found_in_raw
https://coincu.com/coinbase-expands-coin50-2025/,posts,381032,https://coincu.com/news/institutional-crypto-investments-2025/,https://coincu.com/institutional-crypto-investments-2025/,1,0,not_found_in_raw
https://coincu.com/coinbase-hack-300-million-theft/,posts,366142,https://coincu.com/markets/crypto-liquidation-risk-matrixport-analysis/,https://coincu.com/crypto-liquidation-risk-matrixport-analysis/,1,0,not_found_in_raw
https://coincu.com/coinbase-hack-300-million-theft/,posts,366142,https://coincu.com/news/uk-us-taskforce-digital-regulation/,https://coincu.com/uk-us-taskforce-digital-regulation/,1,0,not_found_in_raw
https://coincu.com/coinbase-institutional-projects-market-rebound/,posts,377012,https://coincu.com/markets/bitwise-solana-etf-update/,https://coincu.com/bitwise-solana-etf-update/,1,0,not_found_in_raw
https://coincu.com/coinbase-invests-in-coindcx-at-2-45b/,posts,368860,https://coincu.com/news/coindcx-hacked-community-reaction/,https://coincu.com/coindcx-hacked-community-reaction/,1,0,not_found_in_raw
https://coincu.com/coinbase-invests-in-coindcx-at-2-45b/,posts,368860,https://coincu.com/news/samsung-coinbase-crypto-access/,https://coincu.com/samsung-coinbase-crypto-access/,1,0,not_found_in_raw
https://coincu.com/coinbase-launch-yb-perpetual-futures/,posts,369055,https://coincu.com/analysis/rootdatas-report-crypto-financing-trends/,https://coincu.com/rootdatas-report-crypto-financing-trends/,1,0,not_found_in_raw
https://coincu.com/coinbase-picks-aster-for-roadmap/,posts,376887,https://coincu.com/analysis/aster-jumps-20-after-cz-buy-but-whale/,https://coincu.com/aster-jumps-20-after-cz-buy-but-whale/,1,0,not_found_in_raw
https://coincu.com/coinbase-plans-crypto-super-app/,posts,363569,https://coincu.com/markets/crypto-market-weekly-sep-1-sep-7-btc-eth-institutional-inflows-solana-ipo-and-fed-rate-cut/,https://coincu.com/crypto-market-weekly-sep-1-sep-7-btc-eth-institutional-inflows-solana-ipo-and-fed-rate-cut/,1,0,not_found_in_raw
https://coincu.com/coinbase-premium-turns-positive-as-1-1b-etf-inflows-lift-bitcoin/,posts,396709,https://coincu.com/news/coinbase-expands-u-s-stock-trading-24-5-with-yahoo-finance/,https://coincu.com/coinbase-expands-u-s-stock-trading-24-5-with-yahoo-finance/,1,0,not_found_in_raw
https://coincu.com/coinbase-resumes-india-operations-with/,posts,382126,https://coincu.com/news/coinbase-invests-in-coindcx-at-2-45b/,https://coincu.com/coinbase-invests-in-coindcx-at-2-45b/,1,0,not_found_in_raw
https://coincu.com/coinbase-resumes-india-operations-with/,posts,382126,https://coincu.com/news/coinbase-now-shuts-doors-in-india/,https://coincu.com/coinbase-now-shuts-doors-in-india/,1,0,not_found_in_raw
https://coincu.com/coinbase-startup-blockchain-transformation/,posts,371663,https://coincu.com/news/base-coinbase-considers-token-issuance/,https://coincu.com/base-coinbase-considers-token-issuance/,1,0,not_found_in_raw
https://coincu.com/coinbase-startup-blockchain-transformation/,posts,371663,https://coincu.com/news/uk-us-crypto-cooperation-stablecoins/,https://coincu.com/uk-us-crypto-cooperation-stablecoins/,1,0,not_found_in_raw
https://coincu.com/coinbase-stock-trading-blockchain-equity/,posts,389232,https://coincu.com/news/coinbase-expands-coin50-2025/,https://coincu.com/coinbase-expands-coin50-2025/,1,0,not_found_in_raw
https://coincu.com/coinbase-to-launch-prediction-markets-and/,posts,382984,https://coincu.com/markets/prediction-markets-us-election-trade-highs/,https://coincu.com/prediction-markets-us-election-trade-highs/,1,0,not_found_in_raw
https://coincu.com/coinbase-to-launch-prediction-markets-and/,posts,382984,https://coincu.com/markets/us-shutdown-prediction-markets-react/,https://coincu.com/us-shutdown-prediction-markets-react/,1,0,not_found_in_raw
https://coincu.com/coinbase-to-launch-prediction-markets-and/,posts,382984,https://coincu.com/news/gemini-cftc-license-prediction-market/,https://coincu.com/gemini-cftc-license-prediction-market/,1,0,not_found_in_raw
https://coincu.com/coinbase-to-launch-prediction-markets-and/,posts,382984,https://coincu.com/news/trump-media-to-launch-prediction-markets/,https://coincu.com/trump-media-to-launch-prediction-markets/,1,0,not_found_in_raw
https://coincu.com/coinbase-to-migrate-btc-and-eth-wallets/,posts,379713,https://coincu.com/news/bitmain-us-security-investigation/,https://coincu.com/bitmain-us-security-investigation/,1,0,not_found_in_raw
https://coincu.com/coinbase-to-migrate-btc-and-eth-wallets/,posts,379713,https://coincu.com/news/brazil-stablecoin-withdrawal-ban-targets-wallets/,https://coincu.com/brazil-stablecoin-withdrawal-ban-targets-wallets/,1,0,not_found_in_raw
https://coincu.com/coinbase-to-migrate-btc-and-eth-wallets/,posts,379713,https://coincu.com/news/coinbase-aster-spot-trading/,https://coincu.com/coinbase-aster-spot-trading/,1,0,not_found_in_raw
https://coincu.com/coinbase-to-migrate-btc-and-eth-wallets/,posts,379713,https://coincu.com/news/cosmos-hub-outage-causes-downtime-for-4-hours/,https://coincu.com/cosmos-hub-outage-causes-downtime-for-4-hours/,1,0,not_found_in_raw
https://coincu.com/coinshares-etp-outflow-us-uncertainty/,posts,378714,https://coincu.com/analysis/crypto-funds-see-1-17-billion-outflows/,https://coincu.com/crypto-funds-see-1-17-billion-outflows/,1,0,not_found_in_raw
https://coincu.com/consensys-token-economy-metamask-infura/,posts,367082,https://coincu.com/markets/market-volatility-unverified-shutdown-reports/,https://coincu.com/market-volatility-unverified-shutdown-reports/,1,0,not_found_in_raw
https://coincu.com/corporate-bitcoin-reserves-plummet/,posts,381691,https://coincu.com/analysis/mass-btc-dump-31800-coins-moved/,https://coincu.com/mass-btc-dump-31800-coins-moved/,1,0,not_found_in_raw
https://coincu.com/corporate-bitcoin-reserves-plummet/,posts,381691,https://coincu.com/markets/bitcoin-comeback-market-optimism/,https://coincu.com/bitcoin-comeback-market-optimism/,1,0,not_found_in_raw
https://coincu.com/crunch-lab-5m-funding-galaxy/,posts,367337,https://coincu.com/news/solana-remove-cu-limit/,https://coincu.com/solana-remove-cu-limit/,1,0,not_found_in_raw
https://coincu.com/crypto-bear-market-new-leadership/,posts,381152,https://coincu.com/analysis/bitcoin-macd-hits-all-time-low-signal-rally/,https://coincu.com/bitcoin-macd-hits-all-time-low-signal-rally/,1,0,not_found_in_raw
https://coincu.com/crypto-bear-market-new-leadership/,posts,381152,https://coincu.com/markets/wlfi-surge-eth-short-squeeze/,https://coincu.com/wlfi-surge-eth-short-squeeze/,1,0,not_found_in_raw
https://coincu.com/crypto-bully-warns-sol-may-hit-70s/,posts,393461,https://coincu.com/analysis/solana-deeper-pullback-loss-103-to-63/,https://coincu.com/solana-deeper-pullback-loss-103-to-63/,1,0,not_found_in_raw
https://coincu.com/crypto-etfs-launch-wall-street/,posts,372057,https://coincu.com/markets/us-shutdown-risk-bitcoin-volatility/,https://coincu.com/us-shutdown-risk-bitcoin-volatility/,2,0,not_found_in_raw
https://coincu.com/crypto-etps-diversification-trends/,posts,370536,https://coincu.com/markets/federal-reserve-potential-rate-cuts/,https://coincu.com/federal-reserve-potential-rate-cuts/,1,0,not_found_in_raw
https://coincu.com/crypto-exchanges-profit-resilience/,posts,378854,https://coincu.com/analysis/crypto-funds-see-1-17-billion-outflows/,https://coincu.com/crypto-funds-see-1-17-billion-outflows/,1,0,not_found_in_raw
https://coincu.com/crypto-fear-greed-index-binance-updates/,posts,363694,https://coincu.com/analysis/bnb-hits-a-new-all-time-high-at-950/,https://coincu.com/bnb-hits-a-new-all-time-high-at-950/,1,0,not_found_in_raw
https://coincu.com/crypto-fear-index-2025-extreme-fear/,posts,377837,https://coincu.com/analysis/xrp-bullish-outlook-target-range-3-7-3-8/,https://coincu.com/xrp-bullish-outlook-target-range-3-7-3-8/,1,0,not_found_in_raw
https://coincu.com/crypto-fear-index-2025-extreme-fear/,posts,377837,https://coincu.com/markets/investors-shift-gold-crypto/,https://coincu.com/investors-shift-gold-crypto/,1,0,not_found_in_raw
https://coincu.com/crypto-finance-anchornote-regulated-trades/,posts,362242,https://coincu.com/analysis/cleancore-reaches-130m-doge-milestone/,https://coincu.com/cleancore-reaches-130m-doge-milestone/,2,0,not_found_in_raw
https://coincu.com/crypto-finance-anchornote-regulated-trades/,posts,362242,https://coincu.com/markets/crypto-september-2025-token-unlocks/,https://coincu.com/crypto-september-2025-token-unlocks/,1,0,not_found_in_raw
https://coincu.com/crypto-firms-sell-tokens-market-decline/,posts,379990,https://coincu.com/markets/crypto-treasuries-mnav-drop-concerns/,https://coincu.com/crypto-treasuries-mnav-drop-concerns/,1,0,not_found_in_raw
https://coincu.com/crypto-firms-sell-tokens-market-decline/,posts,379990,https://coincu.com/markets/fed-discussion-impact-crypto-market/,https://coincu.com/fed-discussion-impact-crypto-market/,1,0,not_found_in_raw
https://coincu.com/crypto-funds-see-1-17-billion-outflows/,posts,377199,https://coincu.com/analysis/bitcoin-etfs-see-1-22b-weekly-outflow-as/,https://coincu.com/bitcoin-etfs-see-1-22b-weekly-outflow-as/,1,0,not_found_in_raw
https://coincu.com/crypto-funds-see-1-17-billion-outflows/,posts,377199,https://coincu.com/markets/bitcoin-decline-altcoin-rally-2025/,https://coincu.com/bitcoin-decline-altcoin-rally-2025/,1,0,not_found_in_raw
https://coincu.com/crypto-funds-see-1-17-billion-outflows/,posts,377199,https://coincu.com/news/solana-etfs-staking-yield-launch/,https://coincu.com/solana-etfs-staking-yield-launch/,1,0,not_found_in_raw
https://coincu.com/crypto-infrastructure-shift-2026/,posts,386774,https://coincu.com/news/china-crackdown-stablecoins-regulation/,https://coincu.com/china-crackdown-stablecoins-regulation/,1,0,not_found_in_raw
https://coincu.com/crypto-infrastructure-shift-2026/,posts,386774,https://coincu.com/news/china-virtual-currency-regulation-governance/,https://coincu.com/china-virtual-currency-regulation-governance/,1,0,not_found_in_raw
https://coincu.com/crypto-leaders-discuss-macro-volatility-impacts/,posts,377556,https://coincu.com/markets/btc-eth-options-expiry-deribit/,https://coincu.com/btc-eth-options-expiry-deribit/,1,0,not_found_in_raw
https://coincu.com/crypto-leaders-senate-meeting-market/,posts,369995,https://coincu.com/markets/fed-policy-crypto-market-volatility/,https://coincu.com/fed-policy-crypto-market-volatility/,1,0,not_found_in_raw
https://coincu.com/crypto-lending-q3-2025-liquidations/,posts,379278,https://coincu.com/markets/crypto-market-deleveraging-futures-decline/,https://coincu.com/crypto-market-deleveraging-futures-decline/,1,0,not_found_in_raw
https://coincu.com/crypto-lending-q3-2025-liquidations/,posts,379278,https://coincu.com/news/us-senate-shifts-crypto-regulation/,https://coincu.com/us-senate-shifts-crypto-regulation/,1,0,not_found_in_raw
https://coincu.com/crypto-leverage-reset-low-funding-rates/,posts,368249,https://coincu.com/news/institutional-crypto-investment-2025/,https://coincu.com/institutional-crypto-investment-2025/,2,0,not_found_in_raw
https://coincu.com/crypto-leverage-reset-low-funding-rates/,posts,368249,https://coincu.com/markets/global-fund-inflows-cryptocurrency-interest/,https://coincu.com/global-fund-inflows-cryptocurrency-interest/,1,0,not_found_in_raw
https://coincu.com/crypto-liquidation-risk-matrixport-analysis/,posts,364028,https://coincu.com/markets/crypto-market-liquidations-impact/,https://coincu.com/crypto-market-liquidations-impact/,1,0,not_found_in_raw
https://coincu.com/crypto-ma-activity-q3-2025/,posts,370932,https://coincu.com/analysis/ethereum-eye-new-ath-with-4880-breakout/,https://coincu.com/ethereum-eye-new-ath-with-4880-breakout/,1,0,not_found_in_raw
https://coincu.com/crypto-ma-activity-q3-2025/,posts,370932,https://coincu.com/news/fellowship-pac-100m-crypto-candidates/,https://coincu.com/fellowship-pac-100m-crypto-candidates/,1,0,not_found_in_raw
https://coincu.com/crypto-market-billion-liquidations/,posts,363746,https://coincu.com/markets/fed-lowers-interest-rates-employment/,https://coincu.com/fed-lowers-interest-rates-employment/,1,0,not_found_in_raw
https://coincu.com/crypto-market-crash-dat-stocks/,posts,373487,https://coincu.com/news/mt-gox-trustee-bitcoin-repayment-2025/,https://coincu.com/mt-gox-trustee-bitcoin-repayment-2025/,1,0,not_found_in_raw
https://coincu.com/crypto-market-decline-analyst-warning/,posts,379469,https://coincu.com/news/coinbase-revives-token-sales-us/,https://coincu.com/coinbase-revives-token-sales-us/,1,0,not_found_in_raw
https://coincu.com/crypto-market-deleveraging-futures-decline/,posts,377896,https://coincu.com/analysis/bitcoin-megaphone-pattern-aiming-for-130k/,https://coincu.com/bitcoin-megaphone-pattern-aiming-for-130k/,1,0,not_found_in_raw
https://coincu.com/crypto-market-index-drop-analysis/,posts,363293,https://coincu.com/news/sec-roundtable-crypto-regulation-privacy/,https://coincu.com/sec-roundtable-crypto-regulation-privacy/,1,0,not_found_in_raw
https://coincu.com/crypto-market-liquidations-bitcoin-ethereum/,posts,367255,https://coincu.com/analysis/bitcoin-breakout-confirmed/,https://coincu.com/bitcoin-breakout-confirmed/,1,0,not_found_in_raw
https://coincu.com/crypto-market-liquidations-bitcoin-ethereum/,posts,367255,https://coincu.com/markets/citigroup-bitcoin-ethereum-2025-target/,https://coincu.com/citigroup-bitcoin-ethereum-2025-target/,1,0,not_found_in_raw
https://coincu.com/crypto-market-liquidations-fed-policy/,posts,368212,https://coincu.com/markets/us-government-shutdown-crypto-market-impact/,https://coincu.com/us-government-shutdown-crypto-market-impact/,1,0,not_found_in_raw
https://coincu.com/crypto-market-optimism-chaincatcher-event/,posts,366703,https://coincu.com/markets/chaincatcher-event-ethereum-etf-outflows/,https://coincu.com/chaincatcher-event-ethereum-etf-outflows/,1,0,not_found_in_raw
https://coincu.com/crypto-market-optimism-chaincatcher-event/,posts,366703,https://coincu.com/markets/ethereum-etf-record-outflow/,https://coincu.com/ethereum-etf-record-outflow/,1,0,not_found_in_raw
https://coincu.com/crypto-market-optimism-chaincatcher-event/,posts,366703,https://coincu.com/news/chaincatcher-alibaba-cloud-ethereum-etf/,https://coincu.com/chaincatcher-alibaba-cloud-ethereum-etf/,1,0,not_found_in_raw
https://coincu.com/crypto-market-rebound-short-squeeze/,posts,388866,https://coincu.com/markets/bitcoin-support-cost-basis-cluster/,https://coincu.com/bitcoin-support-cost-basis-cluster/,1,0,not_found_in_raw
https://coincu.com/crypto-market-response-gold-surge-2026/,posts,391193,https://coincu.com/markets/bitcoin-support-cost-basis-cluster/,https://coincu.com/bitcoin-support-cost-basis-cluster/,1,0,not_found_in_raw
https://coincu.com/crypto-market-structure-act-2025/,posts,364013,https://coincu.com/analysis/ethereum-eye-new-ath-with-4880-breakout/,https://coincu.com/ethereum-eye-new-ath-with-4880-breakout/,1,0,not_found_in_raw
https://coincu.com/crypto-market-structure-act-2025/,posts,364013,https://coincu.com/markets/federal-reserve-rate-cut-cycle/,https://coincu.com/federal-reserve-rate-cut-cycle/,1,0,not_found_in_raw
https://coincu.com/crypto-market-structure-bill-discussion/,posts,382780,https://coincu.com/news/china-crackdown-stablecoins-regulation/,https://coincu.com/china-crackdown-stablecoins-regulation/,1,0,not_found_in_raw
https://coincu.com/crypto-market-trends-2025-traders/,posts,367051,https://coincu.com/analysis/bitcoin-breakout-confirmed/,https://coincu.com/bitcoin-breakout-confirmed/,1,0,not_found_in_raw
https://coincu.com/crypto-market-weekly-sep-1-sep-7-btc-eth-institutional-inflows-solana-ipo-and-fed-rate-cut/,posts,360789,https://coincu.com/analysis/fed-rate-cut-bets-crypto-impact/,https://coincu.com/fed-rate-cut-bets-crypto-impact/,1,0,not_found_in_raw
https://coincu.com/crypto-market-weekly-sep-1-sep-7-btc-eth-institutional-inflows-solana-ipo-and-fed-rate-cut/,posts,360789,https://coincu.com/news/hyperliquid-spot-trading-optimization/,https://coincu.com/hyperliquid-spot-trading-optimization/,1,0,not_found_in_raw
https://coincu.com/crypto-market-weekly-sep-1-sep-7-btc-eth-institutional-inflows-solana-ipo-and-fed-rate-cut/,posts,360789,https://coincu.com/news/sec-cftc-cryptocurrency-committee-bill/,https://coincu.com/sec-cftc-cryptocurrency-committee-bill/,1,0,not_found_in_raw
https://coincu.com/crypto-market-weekly-sep-1-sep-7-btc-eth-institutional-inflows-solana-ipo-and-fed-rate-cut/,posts,360789,https://coincu.com/news/trump-crypto-project-funds-locked/,https://coincu.com/trump-crypto-project-funds-locked/,1,0,not_found_in_raw
https://coincu.com/crypto-market-weekly-sep-15-sep-21-btc-recovers-at-115k-stablecoins-at-record-highs/,posts,363687,https://coincu.com/news/avalanche-foundation-avax-funding-initiative/,https://coincu.com/avalanche-foundation-avax-funding-initiative/,1,0,not_found_in_raw
https://coincu.com/crypto-market-weekly-sep-15-sep-21-btc-recovers-at-115k-stablecoins-at-record-highs/,posts,363687,https://coincu.com/news/coinbase-crypto-super-app-plan/,https://coincu.com/coinbase-crypto-super-app-plan/,1,0,not_found_in_raw
https://coincu.com/crypto-market-weekly-sep-15-sep-21-btc-recovers-at-115k-stablecoins-at-record-highs/,posts,363687,https://coincu.com/news/polkadot-phase-2-referendum-1721/,https://coincu.com/polkadot-phase-2-referendum-1721/,1,0,not_found_in_raw
https://coincu.com/crypto-market-weekly-sep-8-sep-14-altcoins-shine-as-bitcoin-holds-steady/,posts,362042,https://coincu.com/news/avalanche-foundation-avax-funding-initiative/,https://coincu.com/avalanche-foundation-avax-funding-initiative/,1,0,not_found_in_raw
https://coincu.com/crypto-market-weekly-sep-8-sep-14-altcoins-shine-as-bitcoin-holds-steady/,posts,362042,https://coincu.com/news/binance-bsc-trading-event-announcement/,https://coincu.com/binance-bsc-trading-event-announcement/,1,0,not_found_in_raw
https://coincu.com/crypto-market-weekly-sep-8-sep-14-altcoins-shine-as-bitcoin-holds-steady/,posts,362042,https://coincu.com/news/binance-franklin-templeton-partnership/,https://coincu.com/binance-franklin-templeton-partnership/,1,0,not_found_in_raw
https://coincu.com/crypto-market-weekly-sep-8-sep-14-altcoins-shine-as-bitcoin-holds-steady/,posts,362042,https://coincu.com/news/bitcoin-drops-as-us-cpi-inflation-hits-2-9/,https://coincu.com/bitcoin-drops-as-us-cpi-inflation-hits-2-9/,1,0,not_found_in_raw
https://coincu.com/crypto-market-weekly-sep-8-sep-14-altcoins-shine-as-bitcoin-holds-steady/,posts,362042,https://coincu.com/news/ledger-warns-npm-attack-risk/,https://coincu.com/ledger-warns-npm-attack-risk/,1,0,not_found_in_raw
https://coincu.com/crypto-market-weekly-sep-8-sep-14-altcoins-shine-as-bitcoin-holds-steady/,posts,362042,https://coincu.com/news/microstrategy-sp500-inclusion-bitcoin-strategy/,https://coincu.com/microstrategy-sp500-inclusion-bitcoin-strategy/,1,0,not_found_in_raw
https://coincu.com/crypto-market-weekly-sep-8-sep-14-altcoins-shine-as-bitcoin-holds-steady/,posts,362042,https://coincu.com/news/sec-cftc-crypto-regulation-roundtables/,https://coincu.com/sec-cftc-crypto-regulation-roundtables/,1,0,not_found_in_raw
https://coincu.com/crypto-market-weekly-sep-8-sep-14-altcoins-shine-as-bitcoin-holds-steady/,posts,362042,https://coincu.com/news/vietnam-crypto-trading-pilot-2027/,https://coincu.com/vietnam-crypto-trading-pilot-2027/,1,0,not_found_in_raw
https://coincu.com/crypto-panic-selling-record-losses/,posts,378911,https://coincu.com/markets/fed-rate-cut-wall-street-impact/,https://coincu.com/fed-rate-cut-wall-street-impact/,1,0,not_found_in_raw
https://coincu.com/crypto-panic-selling-record-losses/,posts,378911,https://coincu.com/news/us-government-shutdown-resolution-vote/,https://coincu.com/us-government-shutdown-resolution-vote/,1,0,not_found_in_raw
https://coincu.com/crypto-pressure-economic-turbulence/,posts,391249,https://coincu.com/markets/japan-bond-yields-rate-hike/,https://coincu.com/japan-bond-yields-rate-hike/,1,0,not_found_in_raw
https://coincu.com/crypto-pressure-economic-turbulence/,posts,391249,https://coincu.com/markets/trump-fed-chair-hassett-nomination/,https://coincu.com/trump-fed-chair-hassett-nomination/,1,0,not_found_in_raw
https://coincu.com/crypto-september-2025-token-unlocks/,posts,361342,https://coincu.com/markets/cryptocurrency-token-unlocks-september-2025/,https://coincu.com/cryptocurrency-token-unlocks-september-2025/,1,0,not_found_in_raw
https://coincu.com/crypto-speculation-china-social-platforms/,posts,380761,https://coincu.com/markets/bitcoin-drops-below-90000-market-shift/,https://coincu.com/bitcoin-drops-below-90000-market-shift/,1,0,not_found_in_raw
https://coincu.com/crypto-startups-enterprise-strategies-asia/,posts,366776,https://coincu.com/news/helius-medical-solana-acquisition/,https://coincu.com/helius-medical-solana-acquisition/,1,0,not_found_in_raw
https://coincu.com/crypto-startups-enterprise-strategies-asia/,posts,366776,https://coincu.com/news/okx-delists-lunc-ustc-pairs/,https://coincu.com/okx-delists-lunc-ustc-pairs/,1,0,not_found_in_raw
https://coincu.com/crypto-thefts-2025-projection/,posts,388621,https://coincu.com/news/dismantling-cryptomixer-laundering-exposed/,https://coincu.com/dismantling-cryptomixer-laundering-exposed/,1,0,not_found_in_raw
https://coincu.com/crypto-traders-fake-pump-decline/,posts,365316,https://coincu.com/markets/btc-battles-114k-118k-as-supply/,https://coincu.com/btc-battles-114k-118k-as-supply/,1,0,not_found_in_raw
https://coincu.com/crypto-weekly-nyse-backs-okx-kraken/,posts,397203,https://coincu.com/news/kraken-financial-granted-tier-3-fed-master-account-by-kc-fed/,https://coincu.com/kraken-financial-granted-tier-3-fed-master-account-by-kc-fed/,1,0,not_found_in_raw
https://coincu.com/crypto-weekly-nyse-backs-okx-kraken/,posts,397203,https://coincu.com/news/nyse-parent-backs-okx-in-25b-crypto-deal/,https://coincu.com/nyse-parent-backs-okx-in-25b-crypto-deal/,1,0,not_found_in_raw
https://coincu.com/cryptocurrency-liquidation-btc-eth-impact/,posts,373367,https://coincu.com/analysis/ethereum-eye-new-ath-with-4880-breakout/,https://coincu.com/ethereum-eye-new-ath-with-4880-breakout/,1,0,not_found_in_raw
https://coincu.com/cryptocurrency-market-black-friday-bitcoin-plunge/,posts,379553,https://coincu.com/markets/binance-cz-market-correction-comments/,https://coincu.com/binance-cz-market-correction-comments/,1,0,not_found_in_raw
https://coincu.com/cryptocurrency-market-black-friday-bitcoin-plunge/,posts,379553,https://coincu.com/news/binance-suspends-inj-deposits-upgrade/,https://coincu.com/binance-suspends-inj-deposits-upgrade/,1,0,not_found_in_raw
https://coincu.com/cryptocurrency-market-decline-analysis-dorman/,posts,381006,https://coincu.com/markets/ark-invest-crypto-stock-holdings/,https://coincu.com/ark-invest-crypto-stock-holdings/,1,0,not_found_in_raw
https://coincu.com/cryptocurrency-market-value-drops-60-billion/,posts,363678,https://coincu.com/news/genius-act-stablecoin-compliance-2026,https://coincu.com/genius-act-stablecoin-compliance-2026/,1,0,not_found_in_raw
https://coincu.com/cryptocurrency-market-value-drops-60-billion/,posts,363678,https://coincu.com/news/hong-kong-crypto-asset-classification-2026,https://coincu.com/hong-kong-crypto-asset-classification-2026/,1,0,not_found_in_raw
https://coincu.com/cycle-ending-drop-btc-eth-stability/,posts,368328,https://coincu.com/markets/crypto-market-liquidations-fed-policy/,https://coincu.com/crypto-market-liquidations-fed-policy/,1,0,not_found_in_raw
https://coincu.com/cycle-ending-drop-btc-eth-stability/,posts,368328,https://coincu.com/news/alameda-ftx-wallets-crypto-assets/,https://coincu.com/alameda-ftx-wallets-crypto-assets/,1,0,not_found_in_raw
https://coincu.com/cypherpunk-buys-29m-in-zec/,posts,386413,https://coincu.com/analysis/zec-bounces-from-372/,https://coincu.com/zec-bounces-from-372/,1,0,not_found_in_raw
https://coincu.com/cz-bnb-holdings-long-term/,posts,374055,https://coincu.com/markets/bnb-holds-key-supportis-a-1-5k-surge/,https://coincu.com/bnb-holds-key-supportis-a-1-5k-surge/,1,0,not_found_in_raw
https://coincu.com/cz-bnb-holdings-long-term/,posts,374055,https://coincu.com/news/binance-us-market-strategy/,https://coincu.com/binance-us-market-strategy/,1,0,not_found_in_raw
https://coincu.com/cz-denies-caixin-report-claims/,posts,371667,https://coincu.com/markets/federal-reserve-rate-cut-cycle/,https://coincu.com/federal-reserve-rate-cut-cycle/,1,0,not_found_in_raw
https://coincu.com/cz-denies-caixin-report-claims/,posts,371667,https://coincu.com/news/bnb-hits-a-new-all-time-high-at-950/,https://coincu.com/bnb-hits-a-new-all-time-high-at-950/,1,0,not_found_in_raw
https://coincu.com/cz-rejects-ft-report-on-yzilabs-denies/,posts,364217,https://coincu.com/news/yzi-labs-investors-binance-focus/,https://coincu.com/yzi-labs-investors-binance-focus/,1,0,not_found_in_raw
https://coincu.com/cz-warns-meme-coin-scams/,posts,370016,https://coincu.com/analysis/sei-surges-30-next-stop-0-49/,https://coincu.com/sei-surges-30-next-stop-0-49/,1,0,not_found_in_raw
https://coincu.com/decibel-instant-level-trading-platform/,posts,378916,https://coincu.com/analysis/aptos-named-gold-sponsor-at-japan-summit/,https://coincu.com/aptos-named-gold-sponsor-at-japan-summit/,1,0,not_found_in_raw
https://coincu.com/decibel-instant-level-trading-platform/,posts,378916,https://coincu.com/analysis/aptos-price-set-to-surge-towards-6-40/,https://coincu.com/aptos-price-set-to-surge-towards-6-40/,1,0,not_found_in_raw
https://coincu.com/declining-bitcoin-inflows-suggestshifting/,posts,364545,https://coincu.com/analysis/bitcoin-support-holds-at-109-5k/,https://coincu.com/bitcoin-support-holds-at-109-5k/,1,0,not_found_in_raw
https://coincu.com/defillama-delists-aster-dex-concerns/,posts,366838,https://coincu.com/markets/cryptocurrency-market-value-drops-60-billion/,https://coincu.com/cryptocurrency-market-value-drops-60-billion/,1,0,not_found_in_raw
https://coincu.com/dex-volumes-surge-230-as-stablecoins/,posts,365419,https://coincu.com/analysis/whale-scoops-50m-in-aster-as-price-hits/,https://coincu.com/whale-scoops-50m-in-aster-as-price-hits/,1,0,not_found_in_raw
https://coincu.com/dex-volumes-surge-230-as-stablecoins/,posts,365419,https://coincu.com/markets/crypto-market-weekly-sep-15-sep-21-btc-recovers-at-115k-stablecoins-at-record-highs/,https://coincu.com/crypto-market-weekly-sep-15-sep-21-btc-recovers-at-115k-stablecoins-at-record-highs/,1,0,not_found_in_raw
https://coincu.com/diginex-hong-kong-virtual-asset-license/,posts,389343,https://coincu.com/news/china-virtual-currency-regulation-governance/,https://coincu.com/china-virtual-currency-regulation-governance/,1,0,not_found_in_raw
https://coincu.com/digital-asset-act-altcoin-parity-analysis/,posts,388637,https://coincu.com/analysis/xrp-on-the-edge-key-support-at-2,https://coincu.com/xrp-on-the-edge-key-support-at-2/,1,0,not_found_in_raw
https://coincu.com/digital-asset-investment-products-see/,posts,389798,https://coincu.com/news/clartiy-act-hearing-postponed/,https://coincu.com/clartiy-act-hearing-postponed/,1,0,not_found_in_raw
https://coincu.com/digital-asset-treasury-2023-20-billion/,posts,363653,https://coincu.com/markets/analysts-predict-fed-rate-cut-september/,https://coincu.com/analysts-predict-fed-rate-cut-september/,1,0,not_found_in_raw
https://coincu.com/digital-asset-treasury-2023-20-billion/,posts,363653,https://coincu.com/news/chaincatcher-rwa-value-29-billion/,https://coincu.com/chaincatcher-rwa-value-29-billion/,1,0,not_found_in_raw
https://coincu.com/digital-asset-treasury-2023-20-billion/,posts,363653,https://coincu.com/news/sec-roundtable-crypto-regulation-privacy/,https://coincu.com/sec-roundtable-crypto-regulation-privacy/,1,0,not_found_in_raw
https://coincu.com/digital-asset-treasury-valuation-decline/,posts,381842,https://coincu.com/markets/crypto-firms-sell-tokens-market-decline/,https://coincu.com/crypto-firms-sell-tokens-market-decline/,1,0,not_found_in_raw
https://coincu.com/digital-asset-treasury-valuation-decline/,posts,381842,https://coincu.com/markets/crypto-liquidity-reversal-december/,https://coincu.com/crypto-liquidity-reversal-december/,1,0,not_found_in_raw
https://coincu.com/dismantling-cryptomixer-laundering-exposed/,posts,380902,https://coincu.com/analysis/ethereum-showing-strength-new-ath-run/,https://coincu.com/ethereum-showing-strength-new-ath-run/,1,0,not_found_in_raw
https://coincu.com/do-kwon-second-trial-south-korea/,posts,383623,https://coincu.com/news/china-virtual-currency-regulation-governance/,https://coincu.com/china-virtual-currency-regulation-governance/,1,0,not_found_in_raw
https://coincu.com/do-kwon-second-trial-south-korea/,posts,383623,https://coincu.com/news/imf-warns-stablecoins-emerging-currencies/,https://coincu.com/imf-warns-stablecoins-emerging-currencies/,1,0,not_found_in_raw
https://coincu.com/doge-attempts-to-break-0-27-resistance/,posts,367209,https://coincu.com/analysis/dogecoin-forms-cup-handle-as-whales/,https://coincu.com/dogecoin-forms-cup-handle-as-whales/,1,0,not_found_in_raw
https://coincu.com/doge-battles-support-zone-next-stop-0-10/,posts,379208,https://coincu.com/analysis/dogecoin-approaches-breakout-point0-204/,https://coincu.com/dogecoin-approaches-breakout-point0-204/,1,0,not_found_in_raw
https://coincu.com/doge-battles-support-zone-next-stop-0-10/,posts,379208,https://coincu.com/analysis/whales-dump-3b-doge/,https://coincu.com/whales-dump-3b-doge/,1,0,not_found_in_raw
https://coincu.com/doge-bearish-0-090-support-back/,posts,395185,https://coincu.com/analysis/dogecoin-key-support-traders-eye-recovery/,https://coincu.com/dogecoin-key-support-traders-eye-recovery/,1,0,not_found_in_raw
https://coincu.com/doge-bounces-back/,posts,383073,https://coincu.com/analysis/is-dogecoin-on-track-to-hit-0-75-as-it-enters-the-next-bullish-phase-dogecoin/,https://coincu.com/is-dogecoin-on-track-to-hit-0-75-as-it-enters-the-next-bullish-phase-dogecoin/,1,0,not_found_in_raw
https://coincu.com/doge-bounces-off-0-24/,posts,367951,https://coincu.com/analysis/doge-attempts-to-break-0-27-resistance/,https://coincu.com/doge-attempts-to-break-0-27-resistance/,1,0,not_found_in_raw
https://coincu.com/doge-bounces-off-0-24/,posts,367951,https://coincu.com/analysis/dogecoin-forms-cup-handle-as-whales/,https://coincu.com/dogecoin-forms-cup-handle-as-whales/,1,0,not_found_in_raw
https://coincu.com/doge-bounces-off-0-24/,posts,367951,https://coincu.com/analysis/dogecoin-path-to-2-28-could-lead-to-a-9-8/,https://coincu.com/dogecoin-path-to-2-28-could-lead-to-a-9-8/,1,0,not_found_in_raw
https://coincu.com/doge-eyes-0-48-as-0-19-emerges-as/,posts,368190,https://coincu.com/analysis/doge-bounces-off-0-24/,https://coincu.com/doge-bounces-off-0-24/,1,0,not_found_in_raw
https://coincu.com/doge-eyes-0-48-as-0-19-emerges-as/,posts,368190,https://coincu.com/analysis/dogecoin-path-to-2-28-could-lead-to-a-9-8/,https://coincu.com/dogecoin-path-to-2-28-could-lead-to-a-9-8/,1,0,not_found_in_raw
https://coincu.com/doge-hits-strong-support-at-0-13/,posts,383863,https://coincu.com/analysis/doge-bounces-back/,https://coincu.com/doge-bounces-back/,1,0,not_found_in_raw
https://coincu.com/doge-holds-0-20/,posts,369007,https://coincu.com/analysis/dogecoin-holds-0-16-support-and-eyes-a-rebound-toward-0-48-and-beyond/,https://coincu.com/dogecoin-holds-0-16-support-and-eyes-a-rebound-toward-0-48-and-beyond/,2,0,not_found_in_raw
https://coincu.com/doge-holds-0-20/,posts,369007,https://coincu.com/analysis/dogecoin-eyes-rebound-as-macd-turns/,https://coincu.com/dogecoin-eyes-rebound-as-macd-turns/,1,0,not_found_in_raw
https://coincu.com/doge-price-move-looms-as-breaks-triangle/,posts,382725,https://coincu.com/analysis/is-dogecoin-on-track-to-hit-0-75-as-it-enters-the-next-bullish-phase-dogecoin/,https://coincu.com/is-dogecoin-on-track-to-hit-0-75-as-it-enters-the-next-bullish-phase-dogecoin/,1,0,not_found_in_raw
https://coincu.com/doge-price-slips-0-13-area-eyeing-surge/,posts,379766,https://coincu.com/analysis/dogecoin-hints-breakout-target-above-5/,https://coincu.com/dogecoin-hints-breakout-target-above-5/,1,0,not_found_in_raw
https://coincu.com/doge-price-surge-targets-1-60/,posts,366071,https://coincu.com/analysis/dogecoin-price-approaches-0-25-key-resistance-with-1-target-ahead/,https://coincu.com/dogecoin-price-approaches-0-25-key-resistance-with-1-target-ahead/,1,0,not_found_in_raw
https://coincu.com/doge-surges-bull-pennant-target-0-1718/,posts,386918,https://coincu.com/analysis/dogecoin-soars-10-as-whales-load-up-big/,https://coincu.com/dogecoin-soars-10-as-whales-load-up-big/,1,0,not_found_in_raw
https://coincu.com/doge-to-hit-1third-falling-wedge/,posts,389464,https://coincu.com/analysis/dogecoin-eyes-369-gain-major-rally/,https://coincu.com/dogecoin-eyes-369-gain-major-rally/,1,0,not_found_in_raw
https://coincu.com/doge-to-hit-1third-falling-wedge/,posts,389464,https://coincu.com/analysis/dogecoin-poised-for-short-term-surge/,https://coincu.com/dogecoin-poised-for-short-term-surge/,1,0,not_found_in_raw
https://coincu.com/dogecoin-approaches-breakout-point0-204/,posts,377128,https://coincu.com/analysis/dogecoin-near-apex-of-symetrical-triangle/,https://coincu.com/dogecoin-near-apex-of-symetrical-triangle/,1,0,not_found_in_raw
https://coincu.com/dogecoin-at-crossroads-0-18-rally-or-deeper-drop-below-0-12/,posts,385679,https://coincu.com/analysis/doge-price-move-looms-as-breaks-triangle/,https://coincu.com/doge-price-move-looms-as-breaks-triangle/,1,0,not_found_in_raw
https://coincu.com/dogecoin-battles-sell-wall/,posts,362023,https://coincu.com/analysis/dogecoin-set-for-breakout/,https://coincu.com/dogecoin-set-for-breakout/,1,0,not_found_in_raw
https://coincu.com/dogecoin-battles-sell-wall/,posts,362023,https://coincu.com/analysis/dogecoin-surges-above-0-23/,https://coincu.com/dogecoin-surges-above-0-23/,1,0,not_found_in_raw
https://coincu.com/dogecoin-battles-sell-wall/,posts,362023,https://coincu.com/news/dogecoin-etf-launch-us-market/,https://coincu.com/dogecoin-etf-launch-us-market/,1,0,not_found_in_raw
https://coincu.com/dogecoin-below-0-115-hit-lowest-october/,posts,392587,https://coincu.com/analysis/dogecoin-faces-triangle-rejection-is-a-drop-to-0-11464-next-dogecoin/,https://coincu.com/dogecoin-faces-triangle-rejection-is-a-drop-to-0-11464-next-dogecoin/,1,0,not_found_in_raw
https://coincu.com/dogecoin-breaks-0-1350/,posts,381108,https://coincu.com/analysis/doge-price-slips-0-13-area-eyeing-surge/,https://coincu.com/doge-price-slips-0-13-area-eyeing-surge/,1,0,not_found_in_raw
https://coincu.com/dogecoin-breaks-wedge-eyes-30-rally/,posts,393467,https://coincu.com/analysis/dogecoin-faces-triangle-rejection-is-a-drop-to-0-11464-next-dogecoin/,https://coincu.com/dogecoin-faces-triangle-rejection-is-a-drop-to-0-11464-next-dogecoin/,1,0,not_found_in_raw
https://coincu.com/dogecoin-builds-momentum-with-1-target/,posts,380416,https://coincu.com/news/bitwise-dogecoin-etf-unverified/,https://coincu.com/bitwise-dogecoin-etf-unverified/,1,0,not_found_in_raw
https://coincu.com/dogecoin-defends-key-support-reclaim/,posts,393749,https://coincu.com/analysis/dogecoin-breaks-wedge-eyes-30-rally/,https://coincu.com/dogecoin-breaks-wedge-eyes-30-rally/,1,0,not_found_in_raw
https://coincu.com/dogecoin-deja-vuthis-chart-could-explode/,posts,392823,https://coincu.com/analysis/dogecoin-faces-triangle-rejection-is-a-drop-to-0-11464-next-dogecoin/,https://coincu.com/dogecoin-faces-triangle-rejection-is-a-drop-to-0-11464-next-dogecoin/,1,0,not_found_in_raw
https://coincu.com/dogecoin-drops-7-but-whats-the-outlook/,posts,389816,https://coincu.com/analysis/dogecoin-eyes-369-gain-major-rally/,https://coincu.com/dogecoin-eyes-369-gain-major-rally/,1,0,not_found_in_raw
https://coincu.com/dogecoin-drops-7-but-whats-the-outlook/,posts,389816,https://coincu.com/analysis/dogecoin-poised-for-short-term-surge/,https://coincu.com/dogecoin-poised-for-short-term-surge/,1,0,not_found_in_raw
https://coincu.com/dogecoin-eyeing-potential-surge-to-0-33/,posts,373786,https://coincu.com/analysis/dogecoin-eyes-0-25-only-if-0-18-holds/,https://coincu.com/dogecoin-eyes-0-25-only-if-0-18-holds/,1,0,not_found_in_raw
https://coincu.com/dogecoin-eyes-0-25-only-if-0-18-holds/,posts,371136,https://coincu.com/analysis/doge-attempts-to-break-0-27-resistance/,https://coincu.com/doge-attempts-to-break-0-27-resistance/,1,0,not_found_in_raw
https://coincu.com/dogecoin-eyes-0-25-only-if-0-18-holds/,posts,371136,https://coincu.com/analysis/dogecoin-holds-0-19-support-eyes-0-33/,https://coincu.com/dogecoin-holds-0-19-support-eyes-0-33/,1,0,not_found_in_raw
https://coincu.com/dogecoin-eyes-369-gain-major-rally/,posts,388352,https://coincu.com/analysis/whales-abandon-dogecoin/,https://coincu.com/whales-abandon-dogecoin/,1,0,not_found_in_raw
https://coincu.com/dogecoin-eyes-rebound-as-macd-turns/,posts,368370,https://coincu.com/analysis/doge-eyes-0-48-as-0-19-emerges-as/,https://coincu.com/doge-eyes-0-48-as-0-19-emerges-as/,1,0,not_found_in_raw
https://coincu.com/dogecoin-eyes-rebound-as-macd-turns/,posts,368370,https://coincu.com/analysis/dogecoin-path-to-2-28-could-lead-to-a-9-8/,https://coincu.com/dogecoin-path-to-2-28-could-lead-to-a-9-8/,1,0,not_found_in_raw
https://coincu.com/dogecoin-faces-23-drop-as-bulls-eye-0-25/,posts,364802,https://coincu.com/analysis/dogecoin-price-prediction-rsi-support/,https://coincu.com/dogecoin-price-prediction-rsi-support/,1,0,not_found_in_raw
https://coincu.com/dogecoin-faces-triangle-rejection-is-a-drop-to-0-11464-next-dogecoin/,posts,391285,https://coincu.com/news/21shares-dogecoin-spot-etf-nasdaq/,https://coincu.com/21shares-dogecoin-spot-etf-nasdaq/,1,0,not_found_in_raw
https://coincu.com/dogecoin-forms-5-wave-diagonal/,posts,362894,https://coincu.com/analysis/dogecoin-battles-sell-wall/,https://coincu.com/dogecoin-battles-sell-wall/,1,0,not_found_in_raw
https://coincu.com/dogecoin-forms-cup-handle-as-whales/,posts,366737,https://coincu.com/analysis/doge-price-surge-targets-1-60/,https://coincu.com/doge-price-surge-targets-1-60/,1,0,not_found_in_raw
https://coincu.com/dogecoin-forms-cup-handle-as-whales/,posts,366737,https://coincu.com/analysis/dogecoin-still-in-accumulation-zone-is-a/,https://coincu.com/dogecoin-still-in-accumulation-zone-is-a/,1,0,not_found_in_raw
https://coincu.com/dogecoin-head-shoulders-pattern-price/,posts,387814,https://coincu.com/analysis/doge-surges-bull-pennant-target-0-1718/,https://coincu.com/doge-surges-bull-pennant-target-0-1718/,1,0,not_found_in_raw
https://coincu.com/dogecoin-hints-breakout-target-above-5/,posts,378748,https://coincu.com/analysis/dogecoin-triangle-could-1-2-be-on-horizon/,https://coincu.com/dogecoin-triangle-could-1-2-be-on-horizon/,1,0,not_found_in_raw
https://coincu.com/dogecoin-holds-0-089-as-a-bounce-may-drive-price-toward-0-13-and-higher/,posts,396930,https://coincu.com/analysis/dogecoin-near-critical-support-after-14/,https://coincu.com/dogecoin-near-critical-support-after-14/,1,0,not_found_in_raw
https://coincu.com/dogecoin-holds-0-16-support-and-eyes-a-rebound-toward-0-48-and-beyond/,posts,368705,https://coincu.com/analysis/dogecoin-eyes-rebound-as-macd-turns/,https://coincu.com/dogecoin-eyes-rebound-as-macd-turns/,1,0,not_found_in_raw
https://coincu.com/dogecoin-holds-0-19-support-eyes-0-33/,posts,369177,https://coincu.com/analysis/doge-holds-0-20/,https://coincu.com/doge-holds-0-20/,1,0,not_found_in_raw
https://coincu.com/dogecoin-holds-0-19-support-eyes-0-33/,posts,369177,https://coincu.com/analysis/dogecoin-holds-0-16-support-and-eyes-a-rebound-toward-0-48-and-beyond/,https://coincu.com/dogecoin-holds-0-16-support-and-eyes-a-rebound-toward-0-48-and-beyond/,1,0,not_found_in_raw
https://coincu.com/dogecoin-key-support-traders-eye-recovery/,posts,393310,https://coincu.com/analysis/dogecoin-deja-vuthis-chart-could-explode/,https://coincu.com/dogecoin-deja-vuthis-chart-could-explode/,1,0,not_found_in_raw
https://coincu.com/dogecoin-loses-momentum-after-rejection-as-traders-eyeing-downtrend-below-0-092-level/,posts,397584,https://coincu.com/analysis/dogecoin-near-critical-support-after-14/,https://coincu.com/dogecoin-near-critical-support-after-14/,1,0,not_found_in_raw
https://coincu.com/dogecoin-near-apex-of-symetrical-triangle/,posts,376537,https://coincu.com/analysis/dogecoin-eyeing-potential-surge-to-0-33/,https://coincu.com/dogecoin-eyeing-potential-surge-to-0-33/,1,0,not_found_in_raw
https://coincu.com/dogecoin-near-critical-support-after-14/,posts,395509,https://coincu.com/analysis/doge-bearish-0-090-support-back/,https://coincu.com/doge-bearish-0-090-support-back/,1,0,not_found_in_raw
https://coincu.com/dogecoin-path-to-2-28-could-lead-to-a-9-8/,posts,367596,https://coincu.com/analysis/dogecoin-still-in-accumulation-zone-is-a/,https://coincu.com/dogecoin-still-in-accumulation-zone-is-a/,1,0,not_found_in_raw
https://coincu.com/dogecoin-poised-for-short-term-surge/,posts,389329,https://coincu.com/analysis/dogecoin-eyes-369-gain-major-rally/,https://coincu.com/dogecoin-eyes-369-gain-major-rally/,1,0,not_found_in_raw
https://coincu.com/dogecoin-price-approaches-0-25-key-resistance-with-1-target-ahead/,posts,364666,https://coincu.com/analysis/dogecoin-set-for-bullish-breakout/,https://coincu.com/dogecoin-set-for-bullish-breakout/,1,0,not_found_in_raw
https://coincu.com/dogecoin-price-prediction-rsi-support/,posts,363366,https://coincu.com/analysis/dogecoin-battles-sell-wall/,https://coincu.com/dogecoin-battles-sell-wall/,1,0,not_found_in_raw
https://coincu.com/dogecoin-price-prediction-rsi-support/,posts,363366,https://coincu.com/analysis/dogecoin-surges-to-0-307/,https://coincu.com/dogecoin-surges-to-0-307/,1,0,not_found_in_raw
https://coincu.com/dogecoin-range-bound-but-poised-for/,posts,370857,https://coincu.com/analysis/dogecoin-eyes-rebound-as-macd-turns/,https://coincu.com/dogecoin-eyes-rebound-as-macd-turns/,1,0,not_found_in_raw
https://coincu.com/dogecoin-rebounds-from-support-targets/,posts,370066,https://coincu.com/analysis/dogecoin-eyes-rebound-as-macd-turns/,https://coincu.com/dogecoin-eyes-rebound-as-macd-turns/,1,0,not_found_in_raw
https://coincu.com/dogecoin-rebounds-from-support-targets/,posts,370066,https://coincu.com/analysis/dogecoin-holds-0-16-support-and-eyes-a-rebound-toward-0-48-and-beyond/,https://coincu.com/dogecoin-holds-0-16-support-and-eyes-a-rebound-toward-0-48-and-beyond/,1,0,not_found_in_raw
https://coincu.com/dogecoin-rebounds-from-support-targets/,posts,370066,https://coincu.com/analysis/dogecoin-holds-0-19-support-eyes-0-33/,https://coincu.com/dogecoin-holds-0-19-support-eyes-0-33/,1,0,not_found_in_raw
https://coincu.com/dogecoin-set-for-bullish-breakout/,posts,364146,https://coincu.com/analysis/dogecoin-forms-5-wave-diagonal/,https://coincu.com/dogecoin-forms-5-wave-diagonal/,1,0,not_found_in_raw
https://coincu.com/dogecoin-set-for-potential-to-reach-5/,posts,377487,https://coincu.com/analysis/dogecoin-approaches-breakout-point0-204/,https://coincu.com/dogecoin-approaches-breakout-point0-204/,1,0,not_found_in_raw
https://coincu.com/dogecoin-shows-bullish-pattern-targeting/,posts,380617,https://coincu.com/analysis/dogecoin-builds-momentum-with-1-target/,https://coincu.com/dogecoin-builds-momentum-with-1-target/,1,0,not_found_in_raw
https://coincu.com/dogecoin-shows-bullish-pattern-targeting/,posts,380617,https://coincu.com/analysis/dogecoin-hints-breakout-target-above-5/,https://coincu.com/dogecoin-hints-breakout-target-above-5/,1,0,not_found_in_raw
https://coincu.com/dogecoin-shows-bullish-pattern-targeting/,posts,380617,https://coincu.com/analysis/dogecoin-set-for-potential-to-reach-5/,https://coincu.com/dogecoin-set-for-potential-to-reach-5/,1,0,not_found_in_raw
https://coincu.com/dogecoin-still-in-accumulation-zone-is-a/,posts,366304,https://coincu.com/analysis/dogecoin-faces-23-drop-as-bulls-eye-0-25/,https://coincu.com/dogecoin-faces-23-drop-as-bulls-eye-0-25/,2,0,not_found_in_raw
https://coincu.com/dogecoin-surges-above-0-23/,posts,361356,https://coincu.com/analysis/dogecoin-consolidates-0-209-for-50-days/,https://coincu.com/dogecoin-consolidates-0-209-for-50-days/,1,0,not_found_in_raw
https://coincu.com/dogecoin-surges-above-0-23/,posts,361356,https://coincu.com/analysis/dogecoin-set-for-breakout/,https://coincu.com/dogecoin-set-for-breakout/,1,0,not_found_in_raw
https://coincu.com/dogecoin-surges-to-0-307/,posts,362123,https://coincu.com/analysis/dogecoin-battles-sell-wall/,https://coincu.com/dogecoin-battles-sell-wall/,1,0,not_found_in_raw
https://coincu.com/dogecoin-surges-to-0-307/,posts,362123,https://coincu.com/analysis/dogecoin-surges-above-0-23/,https://coincu.com/dogecoin-surges-above-0-23/,1,0,not_found_in_raw
https://coincu.com/dogecoin-surges-to-0-307/,posts,362123,https://coincu.com/news/dogecoin-etf-launch-us-market/,https://coincu.com/dogecoin-etf-launch-us-market/,1,0,not_found_in_raw
https://coincu.com/dogecoin-triangle-could-1-2-be-on-horizon/,posts,378126,https://coincu.com/analysis/dogecoin-set-for-potential-to-reach-5/,https://coincu.com/dogecoin-set-for-potential-to-reach-5/,1,0,not_found_in_raw
https://coincu.com/doj-says-it-wont-target-developers-of/,posts,356511,https://coincu.com/news/doj-crypto-regulation-halt/,https://coincu.com/doj-crypto-regulation-halt/,1,0,not_found_in_raw
https://coincu.com/doj-says-it-wont-target-developers-of/,posts,356511,https://coincu.com/news/doj-seize-225m-crypto-fraud/,https://coincu.com/doj-seize-225m-crypto-fraud/,1,0,not_found_in_raw
https://coincu.com/domain-name-liquidity-tokenization/,posts,366874,https://coincu.com/markets/us-government-shutdown-crypto-market-impact/,https://coincu.com/us-government-shutdown-crypto-market-impact/,1,0,not_found_in_raw
https://coincu.com/domain-name-liquidity-tokenization/,posts,366874,https://coincu.com/news/sec-deregulation-crypto-modernization/,https://coincu.com/sec-deregulation-crypto-modernization/,1,0,not_found_in_raw
https://coincu.com/dormant-bitcoin-wallet-activation/,posts,367022,https://coincu.com/analysis/bitcoin-breakout-confirmed/,https://coincu.com/bitcoin-breakout-confirmed/,1,0,not_found_in_raw
https://coincu.com/dormant-bitcoin-wallet-activation/,posts,367022,https://coincu.com/analysis/is-eth-about-to-boom-reserves-are/,https://coincu.com/is-eth-about-to-boom-reserves-are/,1,0,not_found_in_raw
https://coincu.com/du-launches-cloud-based-bitcoin-mining/,posts,373912,https://coincu.com/analysis/bitcoin-rsi-upward-trend-market-analysis/,https://coincu.com/bitcoin-rsi-upward-trend-market-analysis/,1,0,not_found_in_raw
https://coincu.com/dutch-central-bank-stablecoin-risks/,posts,378678,https://coincu.com/news/brazil-central-bank-crypto-regulations/,https://coincu.com/brazil-central-bank-crypto-regulations/,1,0,not_found_in_raw
https://coincu.com/dutch-central-bank-stablecoin-risks/,posts,378678,https://coincu.com/news/taiwan-bitcoin-strategic-reserve-study/,https://coincu.com/taiwan-bitcoin-strategic-reserve-study/,1,0,not_found_in_raw
https://coincu.com/dutch-central-bank-stablecoin-risks/,posts,378678,https://coincu.com/news/us-approves-funding-bill-eu-mica/,https://coincu.com/us-approves-funding-bill-eu-mica/,1,0,not_found_in_raw
https://coincu.com/early-bitcoin-whale-shorts-1423-btc/,posts,368241,https://coincu.com/analysis/global-asset-demand-boost/,https://coincu.com/global-asset-demand-boost/,1,0,not_found_in_raw
https://coincu.com/early-bitcoin-whale-shorts-1423-btc/,posts,368241,https://coincu.com/markets/bitcoin-stability-etf-inflows/,https://coincu.com/bitcoin-stability-etf-inflows/,1,0,not_found_in_raw
https://coincu.com/ecc-resignation-zcash-protocol-unaffected/,posts,387737,https://coincu.com/analysis/sol-crashes-below-130-is-120-the-next/,https://coincu.com/sol-crashes-below-130-is-120-the-next/,1,0,not_found_in_raw
https://coincu.com/ecc-resignation-zcash-protocol-unaffected/,posts,387737,https://coincu.com/markets/bitcoin-market-fed-chair-2025/,https://coincu.com/bitcoin-market-fed-chair-2025/,1,0,not_found_in_raw
https://coincu.com/ecc-resignation-zcash-protocol-unaffected/,posts,387737,https://coincu.com/news/eu-centralizes-financial-market-oversight/,https://coincu.com/eu-centralizes-financial-market-oversight/,1,0,not_found_in_raw
https://coincu.com/eigens-strong-price-action-signals/,posts,362859,https://coincu.com/news/eigenlayer-rewards-v2-upgrade/,https://coincu.com/eigenlayer-rewards-v2-upgrade/,1,0,not_found_in_raw
https://coincu.com/el-salvador-bitcoin-purchase-2025/,posts,378923,https://coincu.com/news/institutional-crypto-adoption-2025/,https://coincu.com/institutional-crypto-adoption-2025/,1,0,not_found_in_raw
https://coincu.com/ena-approaching-key-breakout/,posts,388088,https://coincu.com/analysis/ethena-breakout-to-0-35-after-resistance/,https://coincu.com/ethena-breakout-to-0-35-after-resistance/,1,0,not_found_in_raw
https://coincu.com/ena-bounces-at-0-50-is-a-breakout-imminent/,posts,367256,https://coincu.com/analysis/ena-price-prediction-as-m2-capital/,https://coincu.com/ena-price-prediction-as-m2-capital/,1,0,not_found_in_raw
https://coincu.com/ena-bounces-at-0-50-is-a-breakout-imminent/,posts,367256,https://coincu.com/analysis/ethena-loses-key-0-61-support/,https://coincu.com/ethena-loses-key-0-61-support/,1,0,not_found_in_raw
https://coincu.com/ena-bounces-at-0-50-is-a-breakout-imminent/,posts,367256,https://coincu.com/news/grayscale-ethereum-etf-staking/,https://coincu.com/grayscale-ethereum-etf-staking/,1,0,not_found_in_raw
https://coincu.com/ena-breakout-bullish-to-0-3700-level/,posts,379847,https://coincu.com/analysis/ethena-transfer-frenzyena-hits-record/,https://coincu.com/ethena-transfer-frenzyena-hits-record/,1,0,not_found_in_raw
https://coincu.com/ena-breakout-coming/,posts,360957,https://coincu.com/analysis/ethena-price-outlook-as-140m-ena/,https://coincu.com/ethena-price-outlook-as-140m-ena/,1,0,not_found_in_raw
https://coincu.com/ena-breaks-falling-wedge-4h-timeframe-50/,posts,396243,https://coincu.com/analysis/traders-eye-ena-0-108-support-move-0-129/,https://coincu.com/traders-eye-ena-0-108-support-move-0-129/,1,0,not_found_in_raw
https://coincu.com/ena-bullish-trend-propel-prices-to-0-63/,posts,388875,https://coincu.com/analysis/ethena-breakout-to-0-35-after-resistance/,https://coincu.com/ethena-breakout-to-0-35-after-resistance/,1,0,not_found_in_raw
https://coincu.com/ena-eyes-10-strong-bullish-momentum/,posts,364409,https://coincu.com/markets/ena-treasury-withdrawals-43-million/,https://coincu.com/ena-treasury-withdrawals-43-million/,1,0,not_found_in_raw
https://coincu.com/ena-faces-rejection-td-signal-hints-drop/,posts,369878,https://coincu.com/analysis/ethena-ena-eyes-higher-high-targets/,https://coincu.com/ethena-ena-eyes-higher-high-targets/,1,0,not_found_in_raw
https://coincu.com/ena-faces-rejection-td-signal-hints-drop/,posts,369878,https://coincu.com/news/ethena-usde-binance-price-swing-2/,https://coincu.com/ethena-usde-binance-price-swing-2/,1,0,not_found_in_raw
https://coincu.com/ena-price-prediction-as-ena-usdt-spot/,posts,362533,https://coincu.com/analysis/ethena-ena-price-faces-pressure/,https://coincu.com/ethena-ena-price-faces-pressure/,1,0,not_found_in_raw
https://coincu.com/ena-price-prediction-as-ena-usdt-spot/,posts,362533,https://coincu.com/news/binance-ethena-usde-september-launch/,https://coincu.com/binance-ethena-usde-september-launch/,1,0,not_found_in_raw
https://coincu.com/ena-price-prediction-as-m2-capital/,posts,364472,https://coincu.com/analysis/ena-eyes-10-strong-bullish-momentum/,https://coincu.com/ena-eyes-10-strong-bullish-momentum/,1,0,not_found_in_raw
https://coincu.com/ena-price-prediction-as-m2-capital/,posts,364472,https://coincu.com/markets/ena-treasury-withdrawals-43-million/,https://coincu.com/ena-treasury-withdrawals-43-million/,1,0,not_found_in_raw
https://coincu.com/ena-reaches-0-20-again-540-surge-horizon/,posts,384053,https://coincu.com/news/ethena-terminal-finance-closure/,https://coincu.com/ethena-terminal-finance-closure/,1,0,not_found_in_raw
https://coincu.com/ena-retests-0-20-potential-surge-to-0-95/,posts,379498,https://coincu.com/news/multicoin-capital-ethena-ena-investment/,https://coincu.com/multicoin-capital-ethena-ena-investment/,1,0,not_found_in_raw
https://coincu.com/ena-treasury-withdrawals-43-million/,posts,363975,https://coincu.com/markets/maven11-ena-withdrawal-binance/,https://coincu.com/maven11-ena-withdrawal-binance/,1,0,not_found_in_raw
https://coincu.com/erc-8004-ai-economic-entities/,posts,371448,https://coincu.com/news/google-unveils-ap2/,https://coincu.com/google-unveils-ap2/,1,0,not_found_in_raw
https://coincu.com/eric-trump-confirms-plans-to-tokenize/,posts,369058,https://coincu.com/news/binance-usd1-stablecoin-launch/,https://coincu.com/binance-usd1-stablecoin-launch/,1,0,not_found_in_raw
https://coincu.com/eric-trump-real-estate-tokenization/,posts,369047,https://coincu.com/analysis/rootdatas-report-crypto-financing-trends/,https://coincu.com/rootdatas-report-crypto-financing-trends/,1,0,not_found_in_raw
https://coincu.com/etf-buys-19m-xrp-as-rsi-drops-to-33/,posts,384179,https://coincu.com/analysis/xrp-forms-2022-like-rsi-signal-next-stop/,https://coincu.com/xrp-forms-2022-like-rsi-signal-next-stop/,1,0,not_found_in_raw
https://coincu.com/etf-buys-19m-xrp-as-rsi-drops-to-33/,posts,384179,https://coincu.com/news/xrp-etf-over-1-billion-inflows/,https://coincu.com/xrp-etf-over-1-billion-inflows/,1,0,not_found_in_raw
https://coincu.com/eth-battles-200d-ema-is-a-4k-surge-coming/,posts,389316,https://coincu.com/analysis/ethereum-hits-393k-new-wallets/,https://coincu.com/ethereum-hits-393k-new-wallets/,1,0,not_found_in_raw
https://coincu.com/eth-breakout-looms-as-symmetricaltriangle/,posts,361301,https://coincu.com/analysis/eth-shrugs-off-record-etf-outflows/,https://coincu.com/eth-shrugs-off-record-etf-outflows/,1,0,not_found_in_raw
https://coincu.com/eth-breakout-looms-as-symmetricaltriangle/,posts,361301,https://coincu.com/analysis/is-ethereum-adoption-still-growing/,https://coincu.com/is-ethereum-adoption-still-growing/,1,0,not_found_in_raw
https://coincu.com/eth-breaks-triangle-signaling-7367/,posts,374030,https://coincu.com/analysis/ethereum-bullish-structure-targets-6k/,https://coincu.com/ethereum-bullish-structure-targets-6k/,1,0,not_found_in_raw
https://coincu.com/eth-cme-futures-open-interest-hits-record/,posts,361655,https://coincu.com/analysis/eth-breakout-looms-as-symmetricaltriangle/,https://coincu.com/eth-breakout-looms-as-symmetricaltriangle/,1,0,not_found_in_raw
https://coincu.com/eth-cme-futures-open-interest-hits-record/,posts,361655,https://coincu.com/news/ethereum-withdrawal-kiln-exits-eth-nodes/,https://coincu.com/ethereum-withdrawal-kiln-exits-eth-nodes/,1,0,not_found_in_raw
https://coincu.com/eth-dumps-to-1945-296m-in-trades/,posts,394165,https://coincu.com/analysis/ethereum-breakdown-price-falls-10/,https://coincu.com/ethereum-breakdown-price-falls-10/,1,0,not_found_in_raw
https://coincu.com/eth-etf-outflows-21-3m-as-blackrock-dump/,posts,393741,https://coincu.com/analysis/ethereum-breakdown-price-falls-10/,https://coincu.com/ethereum-breakdown-price-falls-10/,1,0,not_found_in_raw
https://coincu.com/eth-eye-2200-liquidity-zone-potential-run/,posts,393830,https://coincu.com/analysis/eth-etf-outflows-21-3m-as-blackrock-dump/,https://coincu.com/eth-etf-outflows-21-3m-as-blackrock-dump/,1,0,not_found_in_raw
https://coincu.com/eth-eyes-price-discovery-after-breakout/,posts,364930,https://coincu.com/analysis/eth-price-outlook-a-break-above-4841/,https://coincu.com/eth-price-outlook-a-break-above-4841/,1,0,not_found_in_raw
https://coincu.com/eth-eyes-price-discovery-after-breakout/,posts,364930,https://coincu.com/markets/institutional-whale-acquires-431000-eth/,https://coincu.com/institutional-whale-acquires-431000-eth/,1,0,not_found_in_raw
https://coincu.com/eth-eyes-price-discovery-after-breakout/,posts,364930,https://coincu.com/news/ethereum-spot-etfs-s1-amendments/,https://coincu.com/ethereum-spot-etfs-s1-amendments/,1,0,not_found_in_raw
https://coincu.com/eth-fusaka-upgrade-blob-fees/,posts,381690,https://coincu.com/analysis/eth-rejected-at-3k-is-a-2-8k-bounce-coming-next/,https://coincu.com/eth-rejected-at-3k-is-a-2-8k-bounce-coming-next/,1,0,not_found_in_raw
https://coincu.com/eth-gains-momentum-but-can-it-break-3k/,posts,391702,https://coincu.com/analysis/eth-battles-200d-ema-is-a-4k-surge-coming/,https://coincu.com/eth-battles-200d-ema-is-a-4k-surge-coming/,1,0,not_found_in_raw
https://coincu.com/eth-gains-momentum-but-can-it-break-3k/,posts,391702,https://coincu.com/analysis/ethereum-faces-key-3250-resistance/,https://coincu.com/ethereum-faces-key-3250-resistance/,1,0,not_found_in_raw
https://coincu.com/eth-holds-3-2k-can-bulls-break/,posts,378680,https://coincu.com/markets/ethereum-key-support-zone/,https://coincu.com/ethereum-key-support-zone/,1,0,not_found_in_raw
https://coincu.com/eth-near-1800-after-vitalik-dumps-2-4m/,posts,395788,https://coincu.com/analysis/eth-gains-momentum-but-can-it-break-3k/,https://coincu.com/eth-gains-momentum-but-can-it-break-3k/,1,0,not_found_in_raw
https://coincu.com/eth-nearing-descending-broadening-wedge/,posts,362673,https://coincu.com/analysis/ethereum-eye-new-ath-with-4880-breakout/,https://coincu.com/ethereum-eye-new-ath-with-4880-breakout/,1,0,not_found_in_raw
https://coincu.com/eth-price-as-mid-sized-whales-unrealized/,posts,362800,https://coincu.com/analysis/eth-nearing-descending-broadening-wedge/,https://coincu.com/eth-nearing-descending-broadening-wedge/,1,0,not_found_in_raw
https://coincu.com/eth-price-as-mid-sized-whales-unrealized/,posts,362800,https://coincu.com/analysis/ethereum-eye-new-ath-with-4880-breakout/,https://coincu.com/ethereum-eye-new-ath-with-4880-breakout/,1,0,not_found_in_raw
https://coincu.com/eth-price-could-see-a-boost-this-week/,posts,366901,https://coincu.com/analysis/ethereum-poised-to-reach-10k/,https://coincu.com/ethereum-poised-to-reach-10k/,1,0,not_found_in_raw
https://coincu.com/eth-price-outlook-a-break-above-4841/,posts,364707,https://coincu.com/analysis/ethereum-retests-4060/,https://coincu.com/ethereum-retests-4060/,1,0,not_found_in_raw
https://coincu.com/eth-price-outlook-a-break-above-4841/,posts,364707,https://coincu.com/markets/ethereum-829m-liquidation-cycle/,https://coincu.com/ethereum-829m-liquidation-cycle/,1,0,not_found_in_raw
https://coincu.com/eth-price-outlook-a-break-above-4841/,posts,364707,https://coincu.com/news/bitcoin-and-ethereum-options-expiry-looms/,https://coincu.com/bitcoin-and-ethereum-options-expiry-looms/,1,0,not_found_in_raw
https://coincu.com/eth-pumping-after-a-false-breakdown/,posts,367157,https://coincu.com/analysis/ethereum-forms-broadening-wedge-pattern/,https://coincu.com/ethereum-forms-broadening-wedge-pattern/,1,0,not_found_in_raw
https://coincu.com/eth-pumping-after-a-false-breakdown/,posts,367157,https://coincu.com/news/grayscale-us-spot-crypto-etps-staking/,https://coincu.com/grayscale-us-spot-crypto-etps-staking/,1,0,not_found_in_raw
https://coincu.com/eth-rejected-at-3k-is-a-2-8k-bounce-coming-next/,posts,379857,https://coincu.com/analysis/ethereum-tests-2880-resistance/,https://coincu.com/ethereum-tests-2880-resistance/,1,0,not_found_in_raw
https://coincu.com/eth-shrugs-off-record-etf-outflows/,posts,361150,https://coincu.com/markets/ethereum-foundation-transfers-4000-eth/,https://coincu.com/ethereum-foundation-transfers-4000-eth/,1,0,not_found_in_raw
https://coincu.com/eth-steadies-after-dips-but-will-429m/,posts,368667,https://coincu.com/analysis/ethereum-breaks-4100-5k-target-now/,https://coincu.com/ethereum-breaks-4100-5k-target-now/,1,0,not_found_in_raw
https://coincu.com/eth-steadies-after-dips-but-will-429m/,posts,368667,https://coincu.com/analysis/ethereum-price-prediction-will-3-3k-3-5k/,https://coincu.com/ethereum-price-prediction-will-3-3k-3-5k/,1,0,not_found_in_raw
https://coincu.com/eth-targets-3kbut-can-the-2-5k-support/,posts,380919,https://coincu.com/markets/ethereum-resistance-market-fatigue/,https://coincu.com/ethereum-resistance-market-fatigue/,1,0,not_found_in_raw
https://coincu.com/eth-tests-4250-is-a-breakout-or-pullback/,posts,371727,https://coincu.com/analysis/ethereum-traders-eye-breakout-above-4-1k/,https://coincu.com/ethereum-traders-eye-breakout-above-4-1k/,1,0,not_found_in_raw
https://coincu.com/eth-vitalik-gradual-stabilization/,posts,366426,https://coincu.com/analysis/ethereum-retests-4060/,https://coincu.com/ethereum-retests-4060/,1,0,not_found_in_raw
https://coincu.com/eth-warning-bearish-pattern-could-send/,posts,395975,https://coincu.com/analysis/eth-dumps-to-1945-296m-in-trades/,https://coincu.com/eth-dumps-to-1945-296m-in-trades/,1,0,not_found_in_raw
https://coincu.com/ethena-breakout-to-0-35-after-resistance/,posts,386965,https://coincu.com/news/ethena-terminal-finance-closure/,https://coincu.com/ethena-terminal-finance-closure/,1,0,not_found_in_raw
https://coincu.com/ethena-ena-eyes-higher-high-targets/,posts,369189,https://coincu.com/analysis/ena-price-prediction-as-m2-capital/,https://coincu.com/ena-price-prediction-as-m2-capital/,1,0,not_found_in_raw
https://coincu.com/ethena-ena-eyes-higher-high-targets/,posts,369189,https://coincu.com/news/ethena-usde-binance-price-swing-2/,https://coincu.com/ethena-usde-binance-price-swing-2/,1,0,not_found_in_raw
https://coincu.com/ethena-ena-price-faces-pressure/,posts,361876,https://coincu.com/analysis/ena-breakout-coming/,https://coincu.com/ena-breakout-coming/,1,0,not_found_in_raw
https://coincu.com/ethena-forms-bullish-flag-pattern/,posts,373646,https://coincu.com/analysis/ethena-ena-eyes-higher-high-targets/,https://coincu.com/ethena-ena-eyes-higher-high-targets/,1,0,not_found_in_raw
https://coincu.com/ethena-loses-key-0-61-support/,posts,365112,https://coincu.com/analysis/ena-eyes-10-strong-bullish-momentum/,https://coincu.com/ena-eyes-10-strong-bullish-momentum/,1,0,not_found_in_raw
https://coincu.com/ethena-partners-with-ur-global-to-expand/,posts,367179,https://coincu.com/news/binance-lists-ethena-usde-spot-trading/,https://coincu.com/binance-lists-ethena-usde-spot-trading/,1,0,not_found_in_raw
https://coincu.com/ethena-partners-with-ur-global-to-expand/,posts,367179,https://coincu.com/news/yzi-labs-boosts-usde-investment/,https://coincu.com/yzi-labs-boosts-usde-investment/,1,0,not_found_in_raw
https://coincu.com/ethena-price-outlook-as-140m-ena/,posts,356595,https://coincu.com/analysis/ena-reclaims-0-80-as-10b-tvl-fuels-bullish-momentum-toward-1-18-target/,https://coincu.com/ena-reclaims-0-80-as-10b-tvl-fuels-bullish-momentum-toward-1-18-target/,1,0,not_found_in_raw
https://coincu.com/ethena-terminal-finance-closure/,posts,380707,https://coincu.com/markets/arthur-hayes-bitcoin-liquidity-warning/,https://coincu.com/arthur-hayes-bitcoin-liquidity-warning/,1,0,not_found_in_raw
https://coincu.com/ethena-terminal-finance-closure/,posts,380707,https://coincu.com/markets/tom-lee-cryptocurrency-market-volatility/,https://coincu.com/tom-lee-cryptocurrency-market-volatility/,1,0,not_found_in_raw
https://coincu.com/ethena-transfer-frenzyena-hits-record/,posts,379700,https://coincu.com/analysis/ena-retests-0-20-potential-surge-to-0-95/,https://coincu.com/ena-retests-0-20-potential-surge-to-0-95/,1,0,not_found_in_raw
https://coincu.com/ethena-usde-binance-price-swing-2/,posts,368282,https://coincu.com/analysis/binance-aster-bnb-market-dynamics/,https://coincu.com/binance-aster-bnb-market-dynamics/,1,0,not_found_in_raw
https://coincu.com/ethena-usde-binance-price-swing-2/,posts,368282,https://coincu.com/news/federal-reserve-stablecoins-regulation/,https://coincu.com/federal-reserve-stablecoins-regulation/,1,0,not_found_in_raw
https://coincu.com/ethena-usde-binance-price-swing-2/,posts,368282,https://coincu.com/news/stablecoin-regulation-federal-reserve-occ/,https://coincu.com/stablecoin-regulation-federal-reserve-occ/,1,0,not_found_in_raw
https://coincu.com/ether-in-focus-as-bitmine-nav-trades-at-a-discount/,posts,397389,https://coincu.com/markets/tom-lee-expands-eth-with-150m-buy/,https://coincu.com/tom-lee-expands-eth-with-150m-buy/,1,0,not_found_in_raw
https://coincu.com/ethereum-2026-ai-roadmap-plan/,posts,377448,https://coincu.com/news/x402-usdc-breach-impact/,https://coincu.com/x402-usdc-breach-impact/,1,0,not_found_in_raw
https://coincu.com/ethereum-829m-liquidation-cycle/,posts,364638,https://coincu.com/analysis/eth-price-as-mid-sized-whales-unrealized/,https://coincu.com/eth-price-as-mid-sized-whales-unrealized/,1,0,not_found_in_raw
https://coincu.com/ethereum-battles-3k-resistance-as-fomc/,posts,386403,https://coincu.com/analysis/eth-clears-downside-liquidity/,https://coincu.com/eth-clears-downside-liquidity/,1,0,not_found_in_raw
https://coincu.com/ethereum-bearish-outlook-market-volatility/,posts,391181,https://coincu.com/markets/ethereum-exchange-balance-low-supply-squeeze/,https://coincu.com/ethereum-exchange-balance-low-supply-squeeze/,1,0,not_found_in_raw
https://coincu.com/ethereum-below-1900-support-1800-next/,posts,396353,https://coincu.com/news/ethereum-details-l1-tweaks-zk-evm-path-before-glamsterdam/,https://coincu.com/,1,0,not_found_in_raw
https://coincu.com/ethereum-breakdown-price-falls-10/,posts,393687,https://coincu.com/markets/ethereum-holdings-supply-shifts/,https://coincu.com/ethereum-holdings-supply-shifts/,1,0,not_found_in_raw
https://coincu.com/ethereum-breaks-4100-5k-target-now/,posts,368322,https://coincu.com/analysis/ethereum-price-prediction-will-3-3k-3-5k/,https://coincu.com/ethereum-price-prediction-will-3-3k-3-5k/,1,0,not_found_in_raw
https://coincu.com/ethereum-builds-momentum-next-stop/,posts,388519,https://coincu.com/analysis/ethereum-could-soar-180/,https://coincu.com/ethereum-could-soar-180/,1,0,not_found_in_raw
https://coincu.com/ethereum-builds-momentum-next-stop/,posts,388519,https://coincu.com/analysis/ethereum-volatility-potential-upside-3530/,https://coincu.com/ethereum-volatility-potential-upside-3530/,1,0,not_found_in_raw
https://coincu.com/ethereum-coils-since-2021-breakout-to-9k/,posts,380059,https://coincu.com/analysis/ethereum-showing-strength-new-ath-run/,https://coincu.com/ethereum-showing-strength-new-ath-run/,1,0,not_found_in_raw
https://coincu.com/ethereum-correction-expected-to-end-soon/,posts,365340,https://coincu.com/markets/ethereum-etf-record-outflow/,https://coincu.com/ethereum-etf-record-outflow/,1,0,not_found_in_raw
https://coincu.com/ethereum-drops-below-2k-vitalik-sells/,posts,393642,https://coincu.com/analysis/ethereum-whales-trap-price/,https://coincu.com/ethereum-whales-trap-price/,1,0,not_found_in_raw
https://coincu.com/ethereum-etf-sees-152m-outflow-despite/,posts,352188,https://coincu.com/analysis/sharplink-gaming-buys-17-45m-eth-as-price-pulls/,https://coincu.com/sharplink-gaming-buys-17-45m-eth-as-price-pulls/,1,0,not_found_in_raw
https://coincu.com/ethereum-eye-new-ath-with-4880-breakout/,posts,362100,https://coincu.com/analysis/ethereum-is-breaking-out-heres-whats/,https://coincu.com/ethereum-is-breaking-out-heres-whats/,1,0,not_found_in_raw
https://coincu.com/ethereum-eyes-4k-as-bullish-pattern/,posts,386624,https://coincu.com/analysis/ethereum-battles-3k-resistance-as-fomc/,https://coincu.com/ethereum-battles-3k-resistance-as-fomc/,1,0,not_found_in_raw
https://coincu.com/ethereum-eyes-breakout-1-6m-etf-inflows-hint-at-surge/,posts,352470,https://coincu.com/analysis/ethereum-etf-sees-152m-outflow-despite/,https://coincu.com/ethereum-etf-sees-152m-outflow-despite/,1,0,not_found_in_raw
https://coincu.com/ethereum-faces-critical-support-at-1960-and-1880-with-risk-of-further-decline/,posts,397219,https://coincu.com/analysis/ethereum-tests-key-resistance-after-2k/,https://coincu.com/ethereum-tests-key-resistance-after-2k/,1,0,not_found_in_raw
https://coincu.com/ethereum-faces-crucial-test-at-2200/,posts,393204,https://coincu.com/markets/ethereum-holdings-supply-shifts/,https://coincu.com/ethereum-holdings-supply-shifts/,1,0,not_found_in_raw
https://coincu.com/ethereum-falls-4-as-whales-accumulate/,posts,370328,https://coincu.com/analysis/ethereum-holds-3900-with-bullish-target/,https://coincu.com/ethereum-holds-3900-with-bullish-target/,1,0,not_found_in_raw
https://coincu.com/ethereum-focil-anti-censorship-2026/,posts,391902,https://coincu.com/analysis/eth-targets-3kbut-can-the-2-5k-support/,https://coincu.com/eth-targets-3kbut-can-the-2-5k-support/,1,0,not_found_in_raw
https://coincu.com/ethereum-forms-triple-bottom-near-3750-as-traders-eye-4280-breakout/,posts,371108,https://coincu.com/analysis/ethereum-struggles-below-4k-as-weak/,https://coincu.com/ethereum-struggles-below-4k-as-weak/,1,0,not_found_in_raw
https://coincu.com/ethereum-foundation-eth-sell-cowswap/,posts,366696,https://coincu.com/markets/ethereum-829m-liquidation-cycle/,https://coincu.com/ethereum-829m-liquidation-cycle/,1,0,not_found_in_raw
https://coincu.com/ethereum-foundation-eth-sell-cowswap/,posts,366696,https://coincu.com/news/21shares-dogecoin-etf-rumor/,https://coincu.com/21shares-dogecoin-etf-rumor/,1,0,not_found_in_raw
https://coincu.com/ethereum-fusaka-hard-fork-hoodi/,posts,372162,https://coincu.com/markets/trump-nyt-lawsuit-memecoin-impact/,https://coincu.com/trump-nyt-lawsuit-memecoin-impact/,1,0,not_found_in_raw
https://coincu.com/ethereum-fusaka-testnet-phase-2025/,posts,370496,https://coincu.com/analysis/ethereum-eye-new-ath-with-4880-breakout/,https://coincu.com/ethereum-eye-new-ath-with-4880-breakout/,1,0,not_found_in_raw
https://coincu.com/ethereum-fusaka-upgrade-activated/,posts,381316,https://coincu.com/analysis/ethereum-showing-strength-new-ath-run/,https://coincu.com/ethereum-showing-strength-new-ath-run/,1,0,not_found_in_raw
https://coincu.com/ethereum-fusaka-upgrade-blob-fees/,posts,381697,https://coincu.com/analysis/ethereum-showing-strength-new-ath-run/,https://coincu.com/ethereum-showing-strength-new-ath-run/,1,0,not_found_in_raw
https://coincu.com/ethereum-future-token2049-conference/,posts,366199,https://coincu.com/markets/institutional-whale-acquires-431000-eth/,https://coincu.com/institutional-whale-acquires-431000-eth/,1,0,not_found_in_raw
https://coincu.com/ethereum-future-token2049-conference/,posts,366199,https://coincu.com/news/ethereum-spot-etfs-s1-amendments/,https://coincu.com/ethereum-spot-etfs-s1-amendments/,1,0,not_found_in_raw
https://coincu.com/ethereum-hits-393k-new-wallets/,posts,388716,https://coincu.com/analysis/ethereum-builds-momentum-next-stop/,https://coincu.com/ethereum-builds-momentum-next-stop/,1,0,not_found_in_raw
https://coincu.com/ethereum-hits-4100-liquidity/,posts,363760,https://coincu.com/markets/ethereum-whale-kraken-transfer/,https://coincu.com/ethereum-whale-kraken-transfer/,1,0,not_found_in_raw
https://coincu.com/ethereum-holdings-supply-shifts/,posts,393041,https://coincu.com/markets/ethereum-exchange-balance-low-supply-squeeze/,https://coincu.com/ethereum-exchange-balance-low-supply-squeeze/,1,0,not_found_in_raw
https://coincu.com/ethereum-holds-3900-with-bullish-target/,posts,370048,https://coincu.com/markets/ethereum-price-target-bullish-october/,https://coincu.com/ethereum-price-target-bullish-october/,1,0,not_found_in_raw
https://coincu.com/ethereum-is-breaking-out-heres-whats/,posts,361850,https://coincu.com/analysis/eth-breakout-looms-as-symmetricaltriangle/,https://coincu.com/eth-breakout-looms-as-symmetricaltriangle/,1,0,not_found_in_raw
https://coincu.com/ethereum-is-breaking-out-heres-whats/,posts,361850,https://coincu.com/analysis/eth-cme-futures-open-interest-hits-record/,https://coincu.com/eth-cme-futures-open-interest-hits-record/,1,0,not_found_in_raw
https://coincu.com/ethereum-key-support-zone/,posts,378104,https://coincu.com/analysis/ethereum-retests-key-support-eyeing-4955/,https://coincu.com/ethereum-retests-key-support-eyeing-4955/,1,0,not_found_in_raw
https://coincu.com/ethereum-key-support-zone/,posts,378104,https://coincu.com/news/megaeth-ico-raises-fifty-million/,https://coincu.com/megaeth-ico-raises-fifty-million/,1,0,not_found_in_raw
https://coincu.com/ethereum-layer-2-unification/,posts,379004,https://coincu.com/news/us-senate-appropriations-bill-passed/,https://coincu.com/us-senate-appropriations-bill-passed/,2,0,not_found_in_raw
https://coincu.com/ethereum-layer-2-unification/,posts,379004,https://coincu.com/analysis/ethereum-rockets-after-3-35k-liquidity-grab/,https://coincu.com/ethereum-rockets-after-3-35k-liquidity-grab/,1,0,not_found_in_raw
https://coincu.com/ethereum-low-risk-defi-impact/,posts,363560,https://coincu.com/news/venus-protocol-11m-recovery-phishing/,https://coincu.com/venus-protocol-11m-recovery-phishing/,2,0,not_found_in_raw
https://coincu.com/ethereum-network-upgrades-impact/,posts,371098,https://coincu.com/analysis/xrp-holds-3-after-breakout/,https://coincu.com/xrp-holds-3-after-breakout/,1,0,not_found_in_raw
https://coincu.com/ethereum-perfectly-executes-wyckoff-pattern/,posts,364076,https://coincu.com/analysis/ethereum-hits-4100-liquidity/,https://coincu.com/ethereum-hits-4100-liquidity/,1,0,not_found_in_raw
https://coincu.com/ethereum-poised-to-reach-10k/,posts,366328,https://coincu.com/analysis/ethereum-forms-broadening-wedge-pattern/,https://coincu.com/ethereum-forms-broadening-wedge-pattern/,1,0,not_found_in_raw
https://coincu.com/ethereum-pos-exit-queue-surge-2/,posts,362647,https://coincu.com/markets/crypto-stability-fed-rate-cut/,https://coincu.com/crypto-stability-fed-rate-cut/,1,0,not_found_in_raw
https://coincu.com/ethereum-price-prediction-will-3-3k-3-5k/,posts,368158,https://coincu.com/analysis/ethereum-surge-coming-4-9k-break/,https://coincu.com/ethereum-surge-coming-4-9k-break/,1,0,not_found_in_raw
https://coincu.com/ethereum-price-prediction-will-3-3k-3-5k/,posts,368158,https://coincu.com/markets/ethereum-whale-bitcoin-trend-research/,https://coincu.com/ethereum-whale-bitcoin-trend-research/,1,0,not_found_in_raw
https://coincu.com/ethereum-price-target-bullish-october/,posts,369906,https://coincu.com/analysis/heres-what-has-been-fueling-bitcoins/,https://coincu.com/heres-what-has-been-fueling-bitcoins/,1,0,not_found_in_raw
https://coincu.com/ethereum-reclaims-2000-bulls-target-break/,posts,393745,https://coincu.com/analysis/ethereum-breakdown-price-falls-10/,https://coincu.com/ethereum-breakdown-price-falls-10/,1,0,not_found_in_raw
https://coincu.com/ethereum-reclaims-2000-level-eyes-2150/,posts,396137,https://coincu.com/news/ethereum-outlines-seven-forks-by-2029-in-strawmap/,https://coincu.com/,1,0,not_found_in_raw
https://coincu.com/ethereum-resistance-market-fatigue/,posts,380731,https://coincu.com/analysis/ethereum-price-reached-3k-growth-to-15k/,https://coincu.com/ethereum-price-reached-3k-growth-to-15k/,2,0,not_found_in_raw
https://coincu.com/ethereum-retests-4060/,posts,364330,https://coincu.com/analysis/ethereum-hits-4100-liquidity/,https://coincu.com/ethereum-hits-4100-liquidity/,1,0,not_found_in_raw
https://coincu.com/ethereum-retests-4060/,posts,364330,https://coincu.com/markets/ethereum-whale-kraken-transfer/,https://coincu.com/ethereum-whale-kraken-transfer/,1,0,not_found_in_raw
https://coincu.com/ethereum-retests-key-support-eyeing-4955/,posts,373600,https://coincu.com/analysis/ethereum-points-to-breakout-toward-8500/,https://coincu.com/ethereum-points-to-breakout-toward-8500/,1,0,not_found_in_raw
https://coincu.com/ethereum-rockets-after-3-35k-liquidity-grab/,posts,377287,https://coincu.com/analysis/ethereum-retests-key-support-eyeing-4955/,https://coincu.com/ethereum-retests-key-support-eyeing-4955/,1,0,not_found_in_raw
https://coincu.com/ethereum-second-in-daily-revenue/,posts,368272,https://coincu.com/news/sg-forge-stablecoins-defi-ethereum/,https://coincu.com/sg-forge-stablecoins-defi-ethereum/,1,0,not_found_in_raw
https://coincu.com/ethereum-showing-strength-new-ath-run/,posts,379812,https://coincu.com/analysis/ethereum-tests-2880-resistance/,https://coincu.com/ethereum-tests-2880-resistance/,1,0,not_found_in_raw
https://coincu.com/ethereum-shows-signs-of-breakout/,posts,382792,https://coincu.com/analysis/can-ethereum-regain-its-lost-support/,https://coincu.com/can-ethereum-regain-its-lost-support/,1,0,not_found_in_raw
https://coincu.com/ethereum-spot-buying-strategy/,posts,379488,https://coincu.com/analysis/ethereum-holds-3400/,https://coincu.com/ethereum-holds-3400/,1,0,not_found_in_raw
https://coincu.com/ethereum-stablecoin-transfers-hit-8/,posts,387000,https://coincu.com/analysis/ethereum-eyes-4k-as-bullish-pattern/,https://coincu.com/ethereum-eyes-4k-as-bullish-pattern/,1,0,not_found_in_raw
https://coincu.com/ethereum-staking-activity-surges-as/,posts,387266,https://coincu.com/analysis/bitmine-reports-bitmine-ethereum-holdings-reach-4-14m-eth/,https://coincu.com/bitmine-reports-bitmine-ethereum-holdings-reach-4-14m-eth/,1,0,not_found_in_raw
https://coincu.com/ethereum-staking-activity-surges-as/,posts,387266,https://coincu.com/analysis/ethereum-eyes-4k-as-bullish-pattern/,https://coincu.com/ethereum-eyes-4k-as-bullish-pattern/,1,0,not_found_in_raw
https://coincu.com/ethereum-struggles-below-4k-as-weak/,posts,370620,https://coincu.com/analysis/ethereum-price-action-breakout-8000-level/,https://coincu.com/ethereum-price-action-breakout-8000-level/,1,0,not_found_in_raw
https://coincu.com/ethereum-struggles-to-maintain-3000/,posts,390588,https://coincu.com/analysis/eth-whale-transfers-analysis/,https://coincu.com/eth-whale-transfers-analysis/,1,0,not_found_in_raw
https://coincu.com/ethereum-supply-corporate-etf-holdings/,posts,366687,https://coincu.com/analysis/sei-defi-ecosystem-grows-68-to-600m/,https://coincu.com/sei-defi-ecosystem-grows-68-to-600m/,2,0,not_found_in_raw
https://coincu.com/ethereum-supply-hits-9-year-low-as-36m/,posts,364512,https://coincu.com/analysis/ethereum-retests-4060/,https://coincu.com/ethereum-retests-4060/,1,0,not_found_in_raw
https://coincu.com/ethereum-surge-coming-4-9k-break/,posts,367972,https://coincu.com/markets/ethereum-whale-bitcoin-trend-research/,https://coincu.com/ethereum-whale-bitcoin-trend-research/,1,0,not_found_in_raw
https://coincu.com/ethereum-tests-2880-resistance/,posts,379727,https://coincu.com/analysis/ethereum-price-reached-3k-growth-to-15k/,https://coincu.com/ethereum-price-reached-3k-growth-to-15k/,1,0,not_found_in_raw
https://coincu.com/ethereum-tests-2880-resistance/,posts,379727,https://coincu.com/analysis/ethereum-volatility-potential-upside-3530/,https://coincu.com/ethereum-volatility-potential-upside-3530/,1,0,not_found_in_raw
https://coincu.com/ethereum-traders-eye-breakout-above-4-1k/,posts,370952,https://coincu.com/analysis/ethereum-struggles-below-4k-as-weak/,https://coincu.com/ethereum-struggles-below-4k-as-weak/,1,0,not_found_in_raw
https://coincu.com/ethereum-whale-aave-usdt-move/,posts,380960,https://coincu.com/news/ethereum-whale-accumulates-market-shift/,https://coincu.com/ethereum-whale-accumulates-market-shift/,1,0,not_found_in_raw
https://coincu.com/ethereum-whale-accumulates-market-shift/,posts,380153,https://coincu.com/analysis/ethereum-price-reached-3k-growth-to-15k/,https://coincu.com/ethereum-price-reached-3k-growth-to-15k/,1,0,not_found_in_raw
https://coincu.com/ethereum-whale-bitcoin-trend-research/,posts,367822,https://coincu.com/news/773m-token-unlocks-threaten-market-as/,https://coincu.com/773m-token-unlocks-threaten-market-as/,1,0,not_found_in_raw
https://coincu.com/ethereum-whale-kraken-transfer/,posts,363640,https://coincu.com/analysis/eth-cme-futures-open-interest-hits-record/,https://coincu.com/eth-cme-futures-open-interest-hits-record/,1,0,not_found_in_raw
https://coincu.com/ethereum-whales-accelerate-accumulation-despite-eth-falling-below-2500-entry-level/,posts,396515,https://coincu.com/analysis/ethereum-whales-trap-price/,https://coincu.com/ethereum-whales-trap-price/,1,0,not_found_in_raw
https://coincu.com/ethereum-withdrawal-kiln-exits-eth-nodes/,posts,361554,https://coincu.com/markets/fed-rate-cut-stock-market/,https://coincu.com/fed-rate-cut-stock-market/,1,0,not_found_in_raw
https://coincu.com/eu-centralizes-financial-market-oversight/,posts,381392,https://coincu.com/analysis/ethereum-showing-strength-new-ath-run/,https://coincu.com/ethereum-showing-strength-new-ath-run/,1,0,not_found_in_raw
https://coincu.com/eu-esma-reform-opposition-local-impact/,posts,366980,https://coincu.com/news/institutional-crypto-investment-2025/,https://coincu.com/institutional-crypto-investment-2025/,1,0,not_found_in_raw
https://coincu.com/eu-esma-reform-opposition-local-impact/,posts,366980,https://coincu.com/news/poland-strict-crypto-bill-senate/,https://coincu.com/poland-strict-crypto-bill-senate/,1,0,not_found_in_raw
https://coincu.com/eu-opens-antitrust-probe-into-deutsche/,posts,376475,https://coincu.com/news/deutsche-bank-stablecoins-tokenized-deposits/,https://coincu.com/deutsche-bank-stablecoins-tokenized-deposits/,1,0,not_found_in_raw
https://coincu.com/eu-plans-central-oversight-for-crypto-and/,posts,373933,https://coincu.com/news/esma-crypto-anti-abuse-guidelines/,https://coincu.com/esma-crypto-anti-abuse-guidelines/,1,0,not_found_in_raw
https://coincu.com/eu-plans-central-oversight-for-crypto-and/,posts,373933,https://coincu.com/news/eu-centralized-crypto-oversight/,https://coincu.com/eu-centralized-crypto-oversight/,1,0,not_found_in_raw
https://coincu.com/eu-plans-central-oversight-for-crypto-and/,posts,373933,https://coincu.com/news/eu-esma-reform-opposition-local-impact/,https://coincu.com/eu-esma-reform-opposition-local-impact/,1,0,not_found_in_raw
https://coincu.com/fed-affordability-crisis-impact-rate-cut/,posts,377171,https://coincu.com/news/revolut-fee-free-stablecoin-exchange/,https://coincu.com/revolut-fee-free-stablecoin-exchange/,1,0,not_found_in_raw
https://coincu.com/fed-affordability-crisis-impact-rate-cut/,posts,377171,https://coincu.com/news/sbf-appeal-trial-scrutiny/,https://coincu.com/sbf-appeal-trial-scrutiny/,1,0,not_found_in_raw
https://coincu.com/fed-balance-sheet-rumors-unfounded/,posts,379176,https://coincu.com/markets/federal-reserve-december-rate/,https://coincu.com/federal-reserve-december-rate/,1,0,not_found_in_raw
https://coincu.com/fed-chair-decision-trump/,posts,379156,https://coincu.com/markets/fed-december-rate-cut-crypto-impact/,https://coincu.com/fed-december-rate-cut-crypto-impact/,1,0,not_found_in_raw
https://coincu.com/fed-crypto-impact-rate-cut/,posts,364832,https://coincu.com/markets/federal-reserve-2025-rate-cut-plans/,https://coincu.com/federal-reserve-2025-rate-cut-plans/,1,0,not_found_in_raw
https://coincu.com/fed-discussion-impact-crypto-market/,posts,378739,https://coincu.com/markets/arthur-hayes-bitcoin-zcash-us-fiscal/,https://coincu.com/arthur-hayes-bitcoin-zcash-us-fiscal/,2,0,not_found_in_raw
https://coincu.com/fed-enforces-genius-stablecoin-ban/,posts,363935,https://coincu.com/news/eu-centralized-crypto-oversight/,https://coincu.com/eu-centralized-crypto-oversight/,1,0,not_found_in_raw
https://coincu.com/fed-enhances-powell-role-market/,posts,362357,https://coincu.com/markets/crypto-stability-fed-rate-cut/,https://coincu.com/crypto-stability-fed-rate-cut/,1,0,not_found_in_raw
https://coincu.com/fed-enhances-powell-role-market/,posts,362357,https://coincu.com/markets/fed-rate-cut-september-impact/,https://coincu.com/fed-rate-cut-september-impact/,1,0,not_found_in_raw
https://coincu.com/fed-lowers-interest-rates-employment/,posts,363241,https://coincu.com/analysis/federal-reserve-independence-policy/,https://coincu.com/federal-reserve-independence-policy/,1,0,not_found_in_raw
https://coincu.com/fed-lowers-interest-rates-employment/,posts,363241,https://coincu.com/markets/federal-reserve-rate-cut-september-2025/,https://coincu.com/federal-reserve-rate-cut-september-2025/,1,0,not_found_in_raw
https://coincu.com/fed-meeting-rate-cuts-qe-end/,posts,373200,https://coincu.com/markets/federal-reserve-50-basis-point-cuts/,https://coincu.com/federal-reserve-50-basis-point-cuts/,1,0,not_found_in_raw
https://coincu.com/fed-officials-december-rate-cut/,posts,378153,https://coincu.com/markets/fed-rate-cuts-crypto-market/,https://coincu.com/fed-rate-cuts-crypto-market/,1,0,not_found_in_raw
https://coincu.com/fed-policy-crypto-market-volatility/,posts,367248,https://coincu.com/analysis/solana-etf-approval-soon/,https://coincu.com/solana-etf-approval-soon/,1,0,not_found_in_raw
https://coincu.com/fed-policy-crypto-market-volatility/,posts,367248,https://coincu.com/markets/us-shutdown-digital-assets-impact/,https://coincu.com/us-shutdown-digital-assets-impact/,1,0,not_found_in_raw
https://coincu.com/fed-proposes-skinny-accounts-for-fintechs/,posts,370417,https://coincu.com/markets/federal-reserve-rate-cut-effects/,https://coincu.com/federal-reserve-rate-cut-effects/,1,0,not_found_in_raw
https://coincu.com/fed-rate-cut-crypto-impact-3/,posts,378000,https://coincu.com/analysis/federal-reserve-december-rate-cut-uncertainty/,https://coincu.com/federal-reserve-december-rate-cut-uncertainty/,1,0,not_found_in_raw
https://coincu.com/fed-rate-cut-crypto-impact-7/,posts,373572,https://coincu.com/markets/federal-reserve-rate-cut-effects/,https://coincu.com/federal-reserve-rate-cut-effects/,1,0,not_found_in_raw
https://coincu.com/fed-rate-cut-crypto-impact-8/,posts,379232,https://coincu.com/markets/fed-rate-cut-probability-december/,https://coincu.com/fed-rate-cut-probability-december/,1,0,not_found_in_raw
https://coincu.com/fed-rate-cut-impact-crypto/,posts,362705,https://coincu.com/markets/analysts-predict-fed-rate-cut-september/,https://coincu.com/analysts-predict-fed-rate-cut-september/,1,0,not_found_in_raw
https://coincu.com/fed-rate-cut-market-sensitivity/,posts,379926,https://coincu.com/news/federal-reserve-crypto-liquidity-issues/,https://coincu.com/federal-reserve-crypto-liquidity-issues/,1,0,not_found_in_raw
https://coincu.com/fed-rate-cut-probability-december/,posts,377524,https://coincu.com/news/crypto-etfs-launch-wall-street/,https://coincu.com/crypto-etfs-launch-wall-street/,1,0,not_found_in_raw
https://coincu.com/fed-rate-cut-wall-street-impact/,posts,378358,https://coincu.com/markets/fed-rate-cuts-crypto-market/,https://coincu.com/fed-rate-cuts-crypto-market/,2,0,not_found_in_raw
https://coincu.com/fed-rate-cut-wall-street-impact/,posts,378358,https://coincu.com/markets/federal-reserve-rate-cut-analysis/,https://coincu.com/federal-reserve-rate-cut-analysis/,1,0,not_found_in_raw
https://coincu.com/fed-rate-cuts-crypto-market/,posts,373047,https://coincu.com/markets/federal-reserve-rate-cut-cycle/,https://coincu.com/federal-reserve-rate-cut-cycle/,1,0,not_found_in_raw
https://coincu.com/fed-rate-cuts-impact-crypto-2/,posts,365142,https://coincu.com/markets/fed-rate-cut-impact-crypto/,https://coincu.com/fed-rate-cut-impact-crypto/,2,0,not_found_in_raw
https://coincu.com/fed-rate-cuts-impact-crypto-2/,posts,365142,https://coincu.com/markets/federal-reserve-25-basis-point-cut/,https://coincu.com/federal-reserve-25-basis-point-cut/,1,0,not_found_in_raw
https://coincu.com/fed-rate-cuts-impact-crypto-3/,posts,380861,https://coincu.com/markets/bitcoin-dominance-at-60/,https://coincu.com/bitcoin-dominance-at-60/,1,0,not_found_in_raw
https://coincu.com/fed-rate-cuts-impact-crypto/,posts,364144,https://coincu.com/markets/fed-rate-cut-impact-crypto/,https://coincu.com/fed-rate-cut-impact-crypto/,2,0,not_found_in_raw
https://coincu.com/fed-rate-cuts-impact-crypto/,posts,364144,https://coincu.com/news/christopher-waller-federal-reserve-board/,https://coincu.com/christopher-waller-federal-reserve-board/,1,0,not_found_in_raw
https://coincu.com/fed-reserve-rate-cut-crypto-impact/,posts,379238,https://coincu.com/news/us-treasury-crypto-etp-tax-staking/,https://coincu.com/us-treasury-crypto-etp-tax-staking/,1,0,not_found_in_raw
https://coincu.com/federal-reserve-2025-crypto-impact/,posts,371695,https://coincu.com/analysis/ethereum-eye-new-ath-with-4880-breakout/,https://coincu.com/ethereum-eye-new-ath-with-4880-breakout/,1,0,not_found_in_raw
https://coincu.com/federal-reserve-2025-crypto-impact/,posts,371695,https://coincu.com/markets/btc-trades-7-above-st-cost-basis-eyes/,https://coincu.com/btc-trades-7-above-st-cost-basis-eyes/,1,0,not_found_in_raw
https://coincu.com/federal-reserve-2025-rate-cut-plans/,posts,362678,https://coincu.com/markets/crypto-stability-fed-rate-cut/,https://coincu.com/crypto-stability-fed-rate-cut/,1,0,not_found_in_raw
https://coincu.com/federal-reserve-2025-rate-cut-plans/,posts,362678,https://coincu.com/markets/us-august-payroll-data-rate-cuts/,https://coincu.com/us-august-payroll-data-rate-cuts/,1,0,not_found_in_raw
https://coincu.com/federal-reserve-25-basis-point-cut/,posts,362590,https://coincu.com/markets/crypto-market-weekly-sep-1-sep-7-btc-eth-institutional-inflows-solana-ipo-and-fed-rate-cut/,https://coincu.com/crypto-market-weekly-sep-1-sep-7-btc-eth-institutional-inflows-solana-ipo-and-fed-rate-cut/,1,0,not_found_in_raw
https://coincu.com/federal-reserve-25-basis-point-cut/,posts,362590,https://coincu.com/markets/fed-rate-cut-september-impact/,https://coincu.com/fed-rate-cut-september-impact/,1,0,not_found_in_raw
https://coincu.com/federal-reserve-50-basis-point-cuts/,posts,363237,https://coincu.com/markets/crypto-stability-fed-rate-cut/,https://coincu.com/crypto-stability-fed-rate-cut/,1,0,not_found_in_raw
https://coincu.com/federal-reserve-actions-market-impact/,posts,362607,https://coincu.com/markets/crypto-stability-fed-rate-cut/,https://coincu.com/crypto-stability-fed-rate-cut/,1,0,not_found_in_raw
https://coincu.com/federal-reserve-announces-rate-cut/,posts,362572,https://coincu.com/markets/crypto-september-2025-token-unlocks/,https://coincu.com/crypto-september-2025-token-unlocks/,1,0,not_found_in_raw
https://coincu.com/federal-reserve-beige-book-impact-2/,posts,379969,https://coincu.com/markets/crypto-panic-selling-record-losses/,https://coincu.com/crypto-panic-selling-record-losses/,1,0,not_found_in_raw
https://coincu.com/federal-reserve-beige-book-impact-2/,posts,379969,https://coincu.com/markets/fed-discussion-impact-crypto-market/,https://coincu.com/fed-discussion-impact-crypto-market/,1,0,not_found_in_raw
https://coincu.com/federal-reserve-chair-final-interviews/,posts,379881,https://coincu.com/news/federal-reserve-crypto-liquidity-issues/,https://coincu.com/federal-reserve-crypto-liquidity-issues/,1,0,not_found_in_raw
https://coincu.com/federal-reserve-crypto-impact-rate-cut/,posts,381668,https://coincu.com/markets/bitcoin-sharpe-ratio-lowest-point/,https://coincu.com/bitcoin-sharpe-ratio-lowest-point/,1,0,not_found_in_raw
https://coincu.com/federal-reserve-crypto-liquidity-issues/,posts,378653,https://coincu.com/analysis/us-treasury-federal-reserve-rate/,https://coincu.com/us-treasury-federal-reserve-rate/,1,0,not_found_in_raw
https://coincu.com/federal-reserve-cuts-rates-qt-end/,posts,373083,https://coincu.com/markets/fed-rate-cut-impact-crypto/,https://coincu.com/fed-rate-cut-impact-crypto/,1,0,not_found_in_raw
https://coincu.com/federal-reserve-cuts-rates-qt-end/,posts,373083,https://coincu.com/markets/federal-reserve-actions-market-impact/,https://coincu.com/federal-reserve-actions-market-impact/,1,0,not_found_in_raw
https://coincu.com/federal-reserve-december-rate-cut-2/,posts,378172,https://coincu.com/markets/federal-reserve-2025-crypto-impact/,https://coincu.com/federal-reserve-2025-crypto-impact/,1,0,not_found_in_raw
https://coincu.com/federal-reserve-december-rate-cut-2/,posts,378172,https://coincu.com/news/trump-fed-rate-decision-2025/,https://coincu.com/trump-fed-rate-decision-2025/,1,0,not_found_in_raw
https://coincu.com/federal-reserve-december-rate-cut-3/,posts,380544,https://coincu.com/markets/fed-balance-sheet-rumors-unfounded/,https://coincu.com/fed-balance-sheet-rumors-unfounded/,1,0,not_found_in_raw
https://coincu.com/federal-reserve-december-rate-cut-3/,posts,380544,https://coincu.com/markets/fed-reserve-rate-cut-crypto-impact/,https://coincu.com/fed-reserve-rate-cut-crypto-impact/,1,0,not_found_in_raw
https://coincu.com/federal-reserve-december-rate-cut-uncertainty/,posts,373897,https://coincu.com/markets/fedwatch-december-rate-cut-likelihood/,https://coincu.com/fedwatch-december-rate-cut-likelihood/,1,0,not_found_in_raw
https://coincu.com/federal-reserve-december-rate-cut/,posts,377267,https://coincu.com/markets/fed-rate-cut-crypto-impact-7/,https://coincu.com/fed-rate-cut-crypto-impact-7/,1,0,not_found_in_raw
https://coincu.com/federal-reserve-december-rate/,posts,377780,https://coincu.com/markets/fed-ends-quantitative-tightening/,https://coincu.com/fed-ends-quantitative-tightening/,1,0,not_found_in_raw
https://coincu.com/federal-reserve-december-rate/,posts,377780,https://coincu.com/markets/federal-reserve-2025-crypto-impact/,https://coincu.com/federal-reserve-2025-crypto-impact/,1,0,not_found_in_raw
https://coincu.com/federal-reserve-ends-reputational-risk-policy/,posts,395866,https://coincu.com/news/federal-reserve-moves-to-shared-ai-standards-waller-says/,https://coincu.com/,1,0,not_found_in_raw
https://coincu.com/federal-reserve-fedaccounts-payment-innovation/,posts,370397,https://coincu.com/news/christopher-waller-federal-reserve-board/,https://coincu.com/christopher-waller-federal-reserve-board/,1,0,not_found_in_raw
https://coincu.com/federal-reserve-outdated-payroll/,posts,379450,https://coincu.com/markets/crypto-fear-index-2025-extreme-fear/,https://coincu.com/crypto-fear-index-2025-extreme-fear/,1,0,not_found_in_raw
https://coincu.com/federal-reserve-potential-rate-cuts/,posts,363257,https://coincu.com/markets/fed-rate-cut-speculation-boosts-crypto/,https://coincu.com/fed-rate-cut-speculation-boosts-crypto/,1,0,not_found_in_raw
https://coincu.com/federal-reserve-potential-rate-cuts/,posts,363257,https://coincu.com/markets/federal-reserve-rate-cut-september-2025/,https://coincu.com/federal-reserve-rate-cut-september-2025/,1,0,not_found_in_raw
https://coincu.com/federal-reserve-potential-rate-cuts/,posts,363257,https://coincu.com/news/senate-committee-approves-milan-fed-board/,https://coincu.com/senate-committee-approves-milan-fed-board/,1,0,not_found_in_raw
https://coincu.com/federal-reserve-rate-cut-analysis/,posts,373460,https://coincu.com/analysis/solana-surges-above-230-support-level/,https://coincu.com/solana-surges-above-230-support-level/,1,0,not_found_in_raw
https://coincu.com/federal-reserve-rate-cut-analysis/,posts,373460,https://coincu.com/markets/federal-reserve-rate-cut-cycle/,https://coincu.com/federal-reserve-rate-cut-cycle/,1,0,not_found_in_raw
https://coincu.com/federal-reserve-rate-cut-effects/,posts,370240,https://coincu.com/analysis/investors-rotate-in-q3-flows-shift-to-sol/,https://coincu.com/investors-rotate-in-q3-flows-shift-to-sol/,1,0,not_found_in_raw
https://coincu.com/federal-reserve-rate-cut-effects/,posts,370240,https://coincu.com/markets/federal-reserve-rate-cut-cycle/,https://coincu.com/federal-reserve-rate-cut-cycle/,1,0,not_found_in_raw
https://coincu.com/federal-reserve-rate-cut-september-2025/,posts,361819,https://coincu.com/markets/fed-rate-cut-crypto-impact-3/,https://coincu.com/fed-rate-cut-crypto-impact-3/,1,0,not_found_in_raw
https://coincu.com/feds-liquidity-measures-crypto-impact/,posts,378656,https://coincu.com/analysis/fed-affordability-crisis-impact-rate-cut/,https://coincu.com/fed-affordability-crisis-impact-rate-cut/,1,0,not_found_in_raw
https://coincu.com/feds-liquidity-measures-crypto-impact/,posts,378656,https://coincu.com/markets/federal-reserve-december-rate-cut-2/,https://coincu.com/federal-reserve-december-rate-cut-2/,1,0,not_found_in_raw
https://coincu.com/fedwatch-december-rate-cut-likelihood/,posts,371029,https://coincu.com/markets/federal-reserve-rate-cut-cycle/,https://coincu.com/federal-reserve-rate-cut-cycle/,1,0,not_found_in_raw
https://coincu.com/fellowship-pac-100m-crypto-candidates/,posts,362263,https://coincu.com/news/forward-industries-solana-acquisition/,https://coincu.com/forward-industries-solana-acquisition/,1,0,not_found_in_raw
https://coincu.com/fellowship-pac-100m-crypto-candidates/,posts,362263,https://coincu.com/news/usdc-treasury-burn-55-million/,https://coincu.com/usdc-treasury-burn-55-million/,1,0,not_found_in_raw
https://coincu.com/fet-breakout-loading-670/,posts,355852,https://coincu.com/news/fetch-ai-50m-fet-token-buyback/,https://coincu.com/fetch-ai-50m-fet-token-buyback/,1,0,not_found_in_raw
https://coincu.com/fidelity-canary-marinade-launch-solana-etfs/,posts,379013,https://coincu.com/analysis/solana-recovers-after-consolidation-190/,https://coincu.com/solana-recovers-after-consolidation-190/,1,0,not_found_in_raw
https://coincu.com/fidelity-canary-marinade-launch-solana-etfs/,posts,379013,https://coincu.com/markets/solana-treasury-etf-3-44-billion/,https://coincu.com/solana-treasury-etf-3-44-billion/,1,0,not_found_in_raw
https://coincu.com/figment-acquires-rated-to-strengthen/,posts,369241,https://coincu.com/news/celsius-staked-75-million-of-eth/,https://coincu.com/celsius-staked-75-million-of-eth/,1,0,not_found_in_raw
https://coincu.com/figment-acquires-rated-to-strengthen/,posts,369241,https://coincu.com/news/maple-finance-figment-launch-staking-solutions/,https://coincu.com/maple-finance-figment-launch-staking-solutions/,1,0,not_found_in_raw
https://coincu.com/floki-channel-support-target-0-000038/,posts,395682,https://coincu.com/analysis/floki-nears-upper-trendline-bullish/,https://coincu.com/floki-nears-upper-trendline-bullish/,1,0,not_found_in_raw
https://coincu.com/floki-nears-upper-trendline-bullish/,posts,389487,https://coincu.com/analysis/floki-shows-strong-bullish-signals-can-price-experience-a-50-rally/,https://coincu.com/floki-shows-strong-bullish-signals-can-price-experience-a-50-rally/,1,0,not_found_in_raw
https://coincu.com/former-cfo-crypto-fraud-case/,posts,378429,https://coincu.com/analysis/bitcoin-megaphone-pattern-aiming-for-130k/,https://coincu.com/bitcoin-megaphone-pattern-aiming-for-130k/,1,0,not_found_in_raw
https://coincu.com/former-cfo-crypto-fraud-case/,posts,378429,https://coincu.com/news/metamask-multi-chain-support-expansion/,https://coincu.com/metamask-multi-chain-support-expansion/,1,0,not_found_in_raw
https://coincu.com/forward-industries-unveils-4b-atm-equity/,posts,362591,https://coincu.com/analysis/galaxy-digital-buys-1-2m-solana/,https://coincu.com/galaxy-digital-buys-1-2m-solana/,1,0,not_found_in_raw
https://coincu.com/forward-industries-unveils-4b-atm-equity/,posts,362591,https://coincu.com/analysis/solana-bulls-eye-1000-as-stablecoin-flow/,https://coincu.com/solana-bulls-eye-1000-as-stablecoin-flow/,1,0,not_found_in_raw
https://coincu.com/fsa-new-crypto-regulation-japan/,posts,377303,https://coincu.com/analysis/bitcoin-megaphone-pattern-aiming-for-130k/,https://coincu.com/bitcoin-megaphone-pattern-aiming-for-130k/,1,0,not_found_in_raw
https://coincu.com/ftse-russell-partners-with-chainlink-to/,posts,375969,https://coincu.com/analysis/chainlink-near-25-as-golden-cross-and/,https://coincu.com/chainlink-near-25-as-golden-cross-and/,1,0,not_found_in_raw
https://coincu.com/ftse-russell-partners-with-chainlink-to/,posts,375969,https://coincu.com/analysis/chainlink-partners-with-ubs-and-digift/,https://coincu.com/chainlink-partners-with-ubs-and-digift/,1,0,not_found_in_raw
https://coincu.com/ftx-bankruptcy-crypto-market-impact/,posts,381732,https://coincu.com/analysis/bitcoin-open-interest-sees-sharpest-30/,https://coincu.com/bitcoin-open-interest-sees-sharpest-30/,1,0,not_found_in_raw
https://coincu.com/ftx-bankruptcy-crypto-market-impact/,posts,381732,https://coincu.com/analysis/doge-price-slips-0-13-area-eyeing-surge/,https://coincu.com/doge-price-slips-0-13-area-eyeing-surge/,1,0,not_found_in_raw
https://coincu.com/galaxy-digital-buys-1-2m-solana/,posts,362083,https://coincu.com/analysis/solana-blasts-past-240/,https://coincu.com/solana-blasts-past-240/,1,0,not_found_in_raw
https://coincu.com/garrett-jin-btc-to-eth-switch/,posts,368607,https://coincu.com/markets/crypto-market-liquidations-bitcoin-ethereum/,https://coincu.com/crypto-market-liquidations-bitcoin-ethereum/,1,0,not_found_in_raw
https://coincu.com/garrett-jin-btc-to-eth-switch/,posts,368607,https://coincu.com/markets/crypto-market-trends-2025-traders/,https://coincu.com/crypto-market-trends-2025-traders/,1,0,not_found_in_raw
https://coincu.com/gemini-cftc-license-prediction-market/,posts,382736,https://coincu.com/news/aave-integrates-cow-protocol/,https://coincu.com/aave-integrates-cow-protocol/,1,0,not_found_in_raw
https://coincu.com/genius-act-stablecoin-regulations/,posts,381328,https://coincu.com/news/hong-kong-digital-asset-regulations/,https://coincu.com/hong-kong-digital-asset-regulations/,1,0,not_found_in_raw
https://coincu.com/glassnode-bitcoin-market-risk-decline/,posts,381941,https://coincu.com/analysis/bitcoin-etfs-bleed-2-8b/,https://coincu.com/bitcoin-etfs-bleed-2-8b/,1,0,not_found_in_raw
https://coincu.com/global-asset-demand-boost/,posts,366758,https://coincu.com/analysis/trump-united-nations-strategies/,https://coincu.com/trump-united-nations-strategies/,1,0,not_found_in_raw
https://coincu.com/global-asset-demand-boost/,posts,366758,https://coincu.com/markets/bitcoin-derivatives-market-cap-growth/,https://coincu.com/bitcoin-derivatives-market-cap-growth/,1,0,not_found_in_raw
https://coincu.com/global-asset-demand-boost/,posts,366758,https://coincu.com/news/b-hodl-plc-launch-bitcoin/,https://coincu.com/b-hodl-plc-launch-bitcoin/,1,0,not_found_in_raw
https://coincu.com/global-etf-issuance-2025-record/,posts,378505,https://coincu.com/markets/bitwise-solana-etf-update/,https://coincu.com/bitwise-solana-etf-update/,1,0,not_found_in_raw
https://coincu.com/gold-all-time-high-crypto-market-impact/,posts,366841,https://coincu.com/markets/fed-rate-cut-crypto-impact-5/,https://coincu.com/fed-rate-cut-crypto-impact-5/,1,0,not_found_in_raw
https://coincu.com/gold-all-time-high-crypto-market-impact/,posts,366841,https://coincu.com/markets/gold-price-high-verification/,https://coincu.com/gold-price-high-verification/,1,0,not_found_in_raw
https://coincu.com/gold-price-high-verification/,posts,363972,https://coincu.com/markets/bitcoin-volatility-fed-rate-cut/,https://coincu.com/bitcoin-volatility-fed-rate-cut/,1,0,not_found_in_raw
https://coincu.com/gold-silver-2025-economic-shifts/,posts,386741,https://coincu.com/news/ethereum-fusaka-upgrade-activated/,https://coincu.com/ethereum-fusaka-upgrade-activated/,1,0,not_found_in_raw
https://coincu.com/goldman-sachs-buys-xrp-etfs-152m-bet/,posts,394158,https://coincu.com/news/goldman-sachs-digital-asset-bill/,https://coincu.com/goldman-sachs-digital-asset-bill/,1,0,not_found_in_raw
https://coincu.com/goldman-sachs-markets-strong-no-stock/,posts,367458,https://coincu.com/markets/goldman-sachs-recession-outlook-june-2025/,https://coincu.com/goldman-sachs-recession-outlook-june-2025/,1,0,not_found_in_raw
https://coincu.com/goldman-sachs-to-acquire-innovator-for/,posts,380917,https://coincu.com/news/fidelity-canary-marinade-launch-solana-etfs/,https://coincu.com/fidelity-canary-marinade-launch-solana-etfs/,1,0,not_found_in_raw
https://coincu.com/goldman-sachs-to-acquire-innovator-for/,posts,380917,https://coincu.com/news/institutional-demand-staking-etfs-2025/,https://coincu.com/institutional-demand-staking-etfs-2025/,1,0,not_found_in_raw
https://coincu.com/google-finance-adds-prediction-data/,posts,376564,https://coincu.com/news/western-union-solana-stablecoin-plan-2026/,https://coincu.com/western-union-solana-stablecoin-plan-2026/,1,0,not_found_in_raw
https://coincu.com/google-unveils-ap2/,posts,362330,https://coincu.com/news/google-restricts-crypto-apps-korea/,https://coincu.com/google-restricts-crypto-apps-korea/,1,0,not_found_in_raw
https://coincu.com/grayscale-dogecoin-etf-filing/,posts,363263,https://coincu.com/news/coinbase-spx6900-flock-trade/,https://coincu.com/coinbase-spx6900-flock-trade/,1,0,not_found_in_raw
https://coincu.com/grayscale-dogecoin-etf-filing/,posts,363263,https://coincu.com/news/dogecoin-etf-launch-us-market/,https://coincu.com/dogecoin-etf-launch-us-market/,1,0,not_found_in_raw
https://coincu.com/grayscale-ethereum-etf-staking/,posts,367120,https://coincu.com/news/sec-semiannual-reporting-proposal/,https://coincu.com/sec-semiannual-reporting-proposal/,1,0,not_found_in_raw
https://coincu.com/grayscale-ethereum-trust-transfers-staking/,posts,362469,https://coincu.com/news/sec-extends-xrp-etf-decision-2025/,https://coincu.com/sec-extends-xrp-etf-decision-2025/,1,0,not_found_in_raw
https://coincu.com/grayscale-eyes-zec-etf-as-price-soars/,posts,380192,https://coincu.com/markets/zec-whale-holdings-reduction/,https://coincu.com/zec-whale-holdings-reduction/,1,0,not_found_in_raw
https://coincu.com/grayscale-eyes-zec-etf-as-price-soars/,posts,380192,https://coincu.com/news/zcash-surges-14-as-okx-reverses-privacy/,https://coincu.com/zcash-surges-14-as-okx-reverses-privacy/,1,0,not_found_in_raw
https://coincu.com/grayscale-files-for-ipo-plans-listing-on/,posts,377966,https://coincu.com/markets/us-shutdown-ends-economic-data/,https://coincu.com/us-shutdown-ends-economic-data/,1,0,not_found_in_raw
https://coincu.com/grayscale-files-form-10-to-boost-taos/,posts,368185,https://coincu.com/analysis/tao-prepares-for-breakout/,https://coincu.com/tao-prepares-for-breakout/,1,0,not_found_in_raw
https://coincu.com/grayscale-files-form-10-to-boost-taos/,posts,368185,https://coincu.com/news/grayscale-crypto-investment-trusts-sui-and-tao/,https://coincu.com/grayscale-crypto-investment-trusts-sui-and-tao/,1,0,not_found_in_raw
https://coincu.com/grayscale-files-s-1-for-aave-etf-with-sec/,posts,394563,https://coincu.com/news/grayscale-files-to-convert-crypto-fund-into-etf/,https://coincu.com/grayscale-files-to-convert-crypto-fund-into-etf/,1,0,not_found_in_raw
https://coincu.com/grayscale-launches-first-u-s-spot/,posts,379787,https://coincu.com/analysis/doge-price-slips-0-13-area-eyeing-surge/,https://coincu.com/doge-price-slips-0-13-area-eyeing-surge/,1,0,not_found_in_raw
https://coincu.com/grayscale-launches-first-u-s-spot/,posts,379787,https://coincu.com/news/dogecoin-etf-launch-us-market/,https://coincu.com/dogecoin-etf-launch-us-market/,1,0,not_found_in_raw
https://coincu.com/grayscale-launches-first-u-s-spot/,posts,379787,https://coincu.com/news/grayscale-dogecoin-etf-filing/,https://coincu.com/grayscale-dogecoin-etf-filing/,1,0,not_found_in_raw
https://coincu.com/grayscale-predicts-new-bitcoin-highs-by/,posts,381060,https://coincu.com/analysis/bitcoin-bearish-until-93k/,https://coincu.com/bitcoin-bearish-until-93k/,1,0,not_found_in_raw
https://coincu.com/grayscale-predicts-new-bitcoin-highs-by/,posts,381060,https://coincu.com/markets/coinbase-institutional-projects-market-rebound/,https://coincu.com/coinbase-institutional-projects-market-rebound/,1,0,not_found_in_raw
https://coincu.com/grayscale-predicts-new-bitcoin-highs-by/,posts,381060,https://coincu.com/markets/us-dollar-fed-rate-cuts-crypto/,https://coincu.com/us-dollar-fed-rate-cuts-crypto/,1,0,not_found_in_raw
https://coincu.com/grayscale-predicts-new-bitcoin-highs-by/,posts,381060,https://coincu.com/news/grayscale-us-spot-crypto-etps-staking/,https://coincu.com/grayscale-us-spot-crypto-etps-staking/,1,0,not_found_in_raw
https://coincu.com/grayscale-sui-etf-sec-filing/,posts,381726,https://coincu.com/analysis/chainlink-whales-offload-31m-tokens/,https://coincu.com/chainlink-whales-offload-31m-tokens/,2,0,not_found_in_raw
https://coincu.com/grayscale-sui-etf-sec-filing/,posts,381726,https://coincu.com/news/grayscale-launches-first-u-s-spot/,https://coincu.com/grayscale-launches-first-u-s-spot/,1,0,not_found_in_raw
https://coincu.com/grayscale-to-launch-first-spot-chainlink/,posts,380873,https://coincu.com/analysis/chainlink-strong-momentum-72-target/,https://coincu.com/chainlink-strong-momentum-72-target/,1,0,not_found_in_raw
https://coincu.com/grayscale-to-launch-first-spot-chainlink/,posts,380873,https://coincu.com/analysis/grayscale-eyes-zec-etf-as-price-soars/,https://coincu.com/grayscale-eyes-zec-etf-as-price-soars/,1,0,not_found_in_raw
https://coincu.com/grayscale-to-launch-first-spot-chainlink/,posts,380873,https://coincu.com/news/bitwise-chainlink-etf-dtcc-listing-2/,https://coincu.com/bitwise-chainlink-etf-dtcc-listing-2/,1,0,not_found_in_raw
https://coincu.com/grayscale-to-launch-first-spot-chainlink/,posts,380873,https://coincu.com/news/grayscale-ethereum-etf-staking/,https://coincu.com/grayscale-ethereum-etf-staking/,1,0,not_found_in_raw
https://coincu.com/grayscale-to-launch-first-spot-chainlink/,posts,380873,https://coincu.com/news/grayscale-launches-first-u-s-spot/,https://coincu.com/grayscale-launches-first-u-s-spot/,1,0,not_found_in_raw
https://coincu.com/grayscales-chainlink-etf-debuts-on-nyse/,posts,381130,https://coincu.com/news/grayscale-to-launch-first-spot-chainlink/,https://coincu.com/grayscale-to-launch-first-spot-chainlink/,1,0,not_found_in_raw
https://coincu.com/handle-marketplace-premium-subscriptions/,posts,370025,https://coincu.com/analysis/ethereum-eye-new-ath-with-4880-breakout/,https://coincu.com/ethereum-eye-new-ath-with-4880-breakout/,1,0,not_found_in_raw
https://coincu.com/hashkey-hkex-listing-digital-assets/,posts,380818,https://coincu.com/markets/jpmorgan-fed-rate-cut-decision/,https://coincu.com/jpmorgan-fed-rate-cut-decision/,1,0,not_found_in_raw
https://coincu.com/hashkey-holdings-hong-kong-ipo/,posts,383913,https://coincu.com/news/hashkey-hkex-listing-digital-assets/,https://coincu.com/hashkey-hkex-listing-digital-assets/,1,0,not_found_in_raw
https://coincu.com/hashkey-launches-rwa-platform-bridging/,posts,395794,https://coincu.com/news/hashkey-holdings-hong-kong-ipo/,https://coincu.com/hashkey-holdings-hong-kong-ipo/,1,0,not_found_in_raw
https://coincu.com/hashkey-launches-rwa-platform-bridging/,posts,395794,https://coincu.com/news/rwa-tokens-gain-clarity-after-csrc-overseas-rules/,https://coincu.com/,1,0,not_found_in_raw
https://coincu.com/hashkey-plans-200-million-ipo-in/,posts,381600,https://coincu.com/news/crypto-speculation-china-social-platforms/,https://coincu.com/crypto-speculation-china-social-platforms/,1,0,not_found_in_raw
https://coincu.com/hbar-crucial-0-105-resistance-breakout/,posts,395120,https://coincu.com/analysis/hbar-price-rallies-toward-resistance-as-bulls-target-the-key-0-177-breakout-level/,https://coincu.com/hbar-price-rallies-toward-resistance-as-bulls-target-the-key-0-177-breakout-level/,1,0,not_found_in_raw
https://coincu.com/hbar-eyes-breakout-above-0-105-with-bullish-momentum-and-trend-reversal-signals/,posts,397255,https://coincu.com/analysis/hbar-price-rallies-toward-resistance-as-bulls-target-the-key-0-177-breakout-level/,https://coincu.com/hbar-price-rallies-toward-resistance-as-bulls-target-the-key-0-177-breakout-level/,1,0,not_found_in_raw
https://coincu.com/hbar-hits-307b-volume/,posts,367390,https://coincu.com/analysis/can-hbar-smash-0-50/,https://coincu.com/can-hbar-smash-0-50/,1,0,not_found_in_raw
https://coincu.com/hbar-price-rallies-toward-resistance-as-bulls-target-the-key-0-177-breakout-level/,posts,394163,https://coincu.com/analysis/hbar-strong-support-poised-for-bullish/,https://coincu.com/hbar-strong-support-poised-for-bullish/,1,0,not_found_in_raw
https://coincu.com/here-is-solana-price-as-galaxy-digital/,posts,361734,https://coincu.com/analysis/can-solana-break-220/,https://coincu.com/can-solana-break-220/,1,0,not_found_in_raw
https://coincu.com/here-is-solana-price-as-galaxy-digital/,posts,361734,https://coincu.com/analysis/solana-dex-surpasses-750m-addresses/,https://coincu.com/solana-dex-surpasses-750m-addresses/,1,0,not_found_in_raw
https://coincu.com/here-is-solana-price-as-galaxy-digital/,posts,361734,https://coincu.com/analysis/whales-buy-80-7m-in-solana-as-sol/,https://coincu.com/whales-buy-80-7m-in-solana-as-sol/,1,0,not_found_in_raw
https://coincu.com/heres-what-analysts-say-about-xrps-next/,posts,362829,https://coincu.com/analysis/xrp-holds-3-after-breakout/,https://coincu.com/xrp-holds-3-after-breakout/,1,0,not_found_in_raw
https://coincu.com/heres-what-analysts-say-about-xrps-next/,posts,362829,https://coincu.com/analysis/xrp-soars-to-3-90-before-rejection/,https://coincu.com/xrp-soars-to-3-90-before-rejection/,1,0,not_found_in_raw
https://coincu.com/heres-what-has-been-fueling-bitcoins/,posts,366884,https://coincu.com/analysis/bitcoin-etfs-see-985m-inflows/,https://coincu.com/bitcoin-etfs-see-985m-inflows/,1,0,not_found_in_raw
https://coincu.com/heres-what-has-been-fueling-bitcoins/,posts,366884,https://coincu.com/analysis/btc-breakout-sparks-rally/,https://coincu.com/btc-breakout-sparks-rally/,1,0,not_found_in_raw
https://coincu.com/heres-xrp-price-target-as-bulls-eye/,posts,361448,https://coincu.com/analysis/3-57b-xrp-on-binance-liquidity-boom-or/,https://coincu.com/3-57b-xrp-on-binance-liquidity-boom-or/,1,0,not_found_in_raw
https://coincu.com/heres-xrp-price-target-as-bulls-eye/,posts,361448,https://coincu.com/analysis/xrp-strengthens-with-sec-clarity/,https://coincu.com/xrp-strengthens-with-sec-clarity/,1,0,not_found_in_raw
https://coincu.com/hidden-signal-why-the-crash-is-making/,posts,389855,https://coincu.com/analysis/btc-bullish-retest/,https://coincu.com/btc-bullish-retest/,1,0,not_found_in_raw
https://coincu.com/hidden-signal-why-the-crash-is-making/,posts,389855,https://coincu.com/news/stablecoins-remittance-impact/,https://coincu.com/stablecoins-remittance-impact/,1,0,not_found_in_raw
https://coincu.com/history-suggests-big-gain-ahead-for-pengu/,posts,382502,https://coincu.com/analysis/pengu-reclaims-crucial-0-01-zone/,https://coincu.com/pengu-reclaims-crucial-0-01-zone/,1,0,not_found_in_raw
https://coincu.com/hong-kong-approves-first-solana-spot-etf/,posts,370565,https://coincu.com/news/21shares-files-spot-solana-etf-spurring-market/,https://coincu.com/21shares-files-spot-solana-etf-spurring-market/,1,0,not_found_in_raw
https://coincu.com/hong-kong-approves-first-solana-spot-etf/,posts,370565,https://coincu.com/news/solana-spot-etf-approval-pending/,https://coincu.com/solana-spot-etf-approval-pending/,1,0,not_found_in_raw
https://coincu.com/hong-kong-basel-crypto-regulations-2026/,posts,386113,https://coincu.com/news/hashkey-hkex-listing-digital-assets/,https://coincu.com/hashkey-hkex-listing-digital-assets/,1,0,not_found_in_raw
https://coincu.com/hong-kong-crypto-asset-classification-2026/,posts,361614,https://coincu.com/analysis/bitcoin-battles-112500-resistance-2/,https://coincu.com/bitcoin-battles-112500-resistance-2/,1,0,not_found_in_raw
https://coincu.com/hong-kong-digital-asset-regulations/,posts,379887,https://coincu.com/news/amina-hong-kong-crypto-license/,https://coincu.com/amina-hong-kong-crypto-license/,1,0,not_found_in_raw
https://coincu.com/hong-kong-digital-assets-tax-exemption/,posts,379143,https://coincu.com/news/hong-kongs-crypto-rules-under-fire/,https://coincu.com/hong-kongs-crypto-rules-under-fire/,1,0,not_found_in_raw
https://coincu.com/hong-kong-digital-assets-tax-exemption/,posts,379143,https://coincu.com/news/us-treasury-crypto-etp-tax-staking/,https://coincu.com/us-treasury-crypto-etp-tax-staking/,1,0,not_found_in_raw
https://coincu.com/hong-kong-faces-pushback-on-crypto/,posts,390009,https://coincu.com/news/diginex-hong-kong-virtual-asset-license/,https://coincu.com/diginex-hong-kong-virtual-asset-license/,1,0,not_found_in_raw
https://coincu.com/hong-kong-faces-pushback-on-crypto/,posts,390009,https://coincu.com/news/hong-kong-basel-crypto-regulations-2026/,https://coincu.com/hong-kong-basel-crypto-regulations-2026/,1,0,not_found_in_raw
https://coincu.com/hong-kong-jpex-crypto-fraud/,posts,377106,https://coincu.com/markets/bitwise-solana-etf-update/,https://coincu.com/bitwise-solana-etf-update/,1,0,not_found_in_raw
https://coincu.com/hong-kong-sfc-aml-measures/,posts,378754,https://coincu.com/news/aster-overtakes-hyperliquid-trading-volume/,https://coincu.com/aster-overtakes-hyperliquid-trading-volume/,2,0,not_found_in_raw
https://coincu.com/hong-kong-sfc-re-election-leung/,posts,366850,https://coincu.com/news/asia-drives-crypto-growth-as-market-power/,https://coincu.com/asia-drives-crypto-growth-as-market-power/,1,0,not_found_in_raw
https://coincu.com/hong-kong-tokenization-policy-2025/,posts,362486,https://coincu.com/news/hong-kong-stablecoin-licenses/,https://coincu.com/hong-kong-stablecoin-licenses/,1,0,not_found_in_raw
https://coincu.com/house-of-doge-acquires-stake-in-hc-sierre/,posts,370700,https://coincu.com/analysis/dogecoin-faces-23-drop-as-bulls-eye-0-25/,https://coincu.com/dogecoin-faces-23-drop-as-bulls-eye-0-25/,1,0,not_found_in_raw
https://coincu.com/how-to-buy-bitcoin-with-visa-gift-cards/,posts,239944,https://coincu.com/news/binance-visa-debit-card-discontinued-in-europe/,https://coincu.com/binance-visa-debit-card-discontinued-in-europe/,1,0,not_found_in_raw
https://coincu.com/huang-licheng-aster-leverage-loss/,posts,366733,https://coincu.com/markets/cryptocurrency-market-value-drops-60-billion/,https://coincu.com/cryptocurrency-market-value-drops-60-billion/,1,0,not_found_in_raw
https://coincu.com/humidifi-solana-dex-5-57b-volume/,posts,365302,https://coincu.com/analysis/solana-faces-pressure-as-price-tests-200/,https://coincu.com/solana-faces-pressure-as-price-tests-200/,1,0,not_found_in_raw
https://coincu.com/humidifi-solana-dex-5-57b-volume/,posts,365302,https://coincu.com/markets/solana-token-creation-decline/,https://coincu.com/solana-token-creation-decline/,1,0,not_found_in_raw
https://coincu.com/huobi-founder-leads-1-billion-ethereum/,posts,369522,https://coincu.com/analysis/ethereum-tests-support-above-3800-eyes-5766-retracement-target/,https://coincu.com/ethereum-tests-support-above-3800-eyes-5766-retracement-target/,1,0,not_found_in_raw
https://coincu.com/hype-breakout-alert-is-19-the-next-stop/,posts,387971,https://coincu.com/analysis/hype-crashes-key-support/,https://coincu.com/hype-crashes-key-support/,1,0,not_found_in_raw
https://coincu.com/hype-bulls-defend-24-level-volatility/,posts,386878,https://coincu.com/analysis/hype-price-potential-64-target/,https://coincu.com/hype-price-potential-64-target/,1,0,not_found_in_raw
https://coincu.com/hype-crashes-key-support/,posts,381946,https://coincu.com/markets/whale-leveraged-short-hyperliquid-hype/,https://coincu.com/whale-leveraged-short-hyperliquid-hype/,1,0,not_found_in_raw
https://coincu.com/hype-dips-30-percent-monthly-targeting-37/,posts,380000,https://coincu.com/analysis/hype-price-potential-64-target/,https://coincu.com/hype-price-potential-64-target/,1,0,not_found_in_raw
https://coincu.com/hype-faces-liquidation-trap-28-32-in-the-crosshairs/,posts,393634,https://coincu.com/analysis/hype-reversal-key-chart-level-could-trigger-45/,https://coincu.com/hype-reversal-key-chart-level-could-trigger-45/,1,0,not_found_in_raw
https://coincu.com/hype-faces-liquidation-trap-28-32-in-the-crosshairs/,posts,393634,https://coincu.com/news/hyperliquid-berachain-token-unlocks-february/,https://coincu.com/hyperliquid-berachain-token-unlocks-february/,1,0,not_found_in_raw
https://coincu.com/hype-holds-28-strong-massive-move-ahead/,posts,394337,https://coincu.com/analysis/hype-faces-liquidation-trap-28-32-in-the-crosshairs/,https://coincu.com/hype-faces-liquidation-trap-28-32-in-the-crosshairs/,1,0,not_found_in_raw
https://coincu.com/hype-price-action-shows-momentum-towards-38-as-traders-remain-engaged/,posts,397623,https://coincu.com/analysis/hyperliquid-to-32-if-resistance-breaks/,https://coincu.com/hyperliquid-to-32-if-resistance-breaks/,1,0,not_found_in_raw
https://coincu.com/hype-price-eyes-26-85-break/,posts,390908,https://coincu.com/markets/hyperliquid-whale-activity-market-impact/,https://coincu.com/hyperliquid-whale-activity-market-impact/,1,0,not_found_in_raw
https://coincu.com/hype-price-falls-but-hyperliquid-still/,posts,364063,https://coincu.com/analysis/hyperliquid-hype-slumps-9-as-marketshare/,https://coincu.com/hyperliquid-hype-slumps-9-as-marketshare/,1,0,not_found_in_raw
https://coincu.com/hype-reversal-key-chart-level-could-trigger-45/,posts,392655,https://coincu.com/analysis/hype-rips-24-hip-3-demand-fuels-new/,https://coincu.com/hype-rips-24-hip-3-demand-fuels-new/,1,0,not_found_in_raw
https://coincu.com/hype-reversal-key-chart-level-could-trigger-45/,posts,392655,https://coincu.com/analysis/hyperliquid-hits-golden-0-618-fib-level-strong-buy-opportunity/,https://coincu.com/hyperliquid-hits-golden-0-618-fib-level-strong-buy-opportunity/,1,0,not_found_in_raw
https://coincu.com/hype-rips-24-hip-3-demand-fuels-new/,posts,391636,https://coincu.com/analysis/hype-price-eyes-26-85-break/,https://coincu.com/hype-price-eyes-26-85-break/,1,0,not_found_in_raw
https://coincu.com/hype-signals-breakout-target-36-189/,posts,386582,https://coincu.com/news/hyperliquid-dominates/,https://coincu.com/hyperliquid-dominates/,1,0,not_found_in_raw
https://coincu.com/hype-targets-break-above-36-64-resistance-after-solid-wave-2-pullback/,posts,397070,https://coincu.com/analysis/hyperliquid-to-32-if-resistance-breaks/,https://coincu.com/hyperliquid-to-32-if-resistance-breaks/,1,0,not_found_in_raw
https://coincu.com/hype-whale-unstakes-107m-crypto/,posts,362233,https://coincu.com/news/lion-group-solana-sui-to-hyperliquid/,https://coincu.com/lion-group-solana-sui-to-hyperliquid/,1,0,not_found_in_raw
https://coincu.com/hyperliquid-apex-contract-leverage-launch/,posts,364926,https://coincu.com/markets/crypto-market-index-drop-analysis/,https://coincu.com/crypto-market-index-drop-analysis/,1,0,not_found_in_raw
https://coincu.com/hyperliquid-berachain-token-unlocks-february/,posts,393021,https://coincu.com/news/china-virtual-currency-regulation-governance/,https://coincu.com/china-virtual-currency-regulation-governance/,1,0,not_found_in_raw
https://coincu.com/hyperliquid-dominates/,posts,386254,https://coincu.com/news/hyperliquid-rebuts-solvency-claims/,https://coincu.com/hyperliquid-rebuts-solvency-claims/,1,0,not_found_in_raw
https://coincu.com/hyperliquid-eyes-1b-raise/,posts,370828,https://coincu.com/news/hyperliquid-activates-hip-3-upgrade/,https://coincu.com/hyperliquid-activates-hip-3-upgrade/,1,0,not_found_in_raw
https://coincu.com/hyperliquid-hip-6-proposal/,posts,396178,https://coincu.com/analysis/hype-price-eyes-26-85-break/,https://coincu.com/hype-price-eyes-26-85-break/,1,0,not_found_in_raw
https://coincu.com/hyperliquid-hip3-permissionless-market/,posts,379109,https://coincu.com/news/aster-overtakes-hyperliquid-trading-volume/,https://coincu.com/aster-overtakes-hyperliquid-trading-volume/,1,0,not_found_in_raw
https://coincu.com/hyperliquid-hip3-permissionless-market/,posts,379109,https://coincu.com/news/near-protocol-near-intents-impact/,https://coincu.com/near-protocol-near-intents-impact/,1,0,not_found_in_raw
https://coincu.com/hyperliquid-hits-golden-0-618-fib-level-strong-buy-opportunity/,posts,383728,https://coincu.com/news/hyperliquid-portfolio-margin-testnet/,https://coincu.com/hyperliquid-portfolio-margin-testnet/,1,0,not_found_in_raw
https://coincu.com/hyperliquid-hits-record-720m-weekend/,posts,397363,https://coincu.com/news/hyperliquid-volume-hits-5-2b-as-silver-perps-drive-flows/,https://coincu.com/,1,0,not_found_in_raw
https://coincu.com/hyperliquid-hype-breaks-out/,posts,361199,https://coincu.com/news/hyperliquid-spot-trading-optimization/,https://coincu.com/hyperliquid-spot-trading-optimization/,2,0,not_found_in_raw
https://coincu.com/hyperliquid-hype-slumps-9-as-marketshare/,posts,363798,https://coincu.com/markets/arthur-hayes-hype-token-sale/,https://coincu.com/arthur-hayes-hype-token-sale/,1,0,not_found_in_raw
https://coincu.com/hyperliquid-hype-slumps-9-as-marketshare/,posts,363798,https://coincu.com/news/hyperliquid-surges-revenue-competitors/,https://coincu.com/hyperliquid-surges-revenue-competitors/,1,0,not_found_in_raw
https://coincu.com/hyperliquid-launches-dc-policy-arm/,posts,395094,https://coincu.com/news/tether-backs-dreamcash-as-usdt0-perps-debut-on-hyperliquid/,https://coincu.com/,1,0,not_found_in_raw
https://coincu.com/hyperliquid-launches-xmrperps/,posts,388982,https://coincu.com/news/dismantling-cryptomixer-laundering-exposed/,https://coincu.com/dismantling-cryptomixer-laundering-exposed/,1,0,not_found_in_raw
https://coincu.com/hyperliquid-launches-xmrperps/,posts,388982,https://coincu.com/news/ripple-expands-mpi-license-singapore/,https://coincu.com/ripple-expands-mpi-license-singapore/,1,0,not_found_in_raw
https://coincu.com/hyperliquid-leads-2025-crypto-trade/,posts,389933,https://coincu.com/news/new-stablecoin-regulations-bowman/,https://coincu.com/new-stablecoin-regulations-bowman/,1,0,not_found_in_raw
https://coincu.com/hyperliquid-onchain-liquidation-transparency/,posts,368306,https://coincu.com/markets/cex-liquidations-altcoin-drops/,https://coincu.com/cex-liquidations-altcoin-drops/,1,0,not_found_in_raw
https://coincu.com/hyperliquid-portfolio-margin-testnet/,posts,383468,https://coincu.com/analysis/eth-targets-3kbut-can-the-2-5k-support/,https://coincu.com/eth-targets-3kbut-can-the-2-5k-support/,1,0,not_found_in_raw
https://coincu.com/hyperliquid-rebuts-solvency-claims/,posts,384997,https://coincu.com/news/china-virtual-currency-regulation-governance/,https://coincu.com/china-virtual-currency-regulation-governance/,1,0,not_found_in_raw
https://coincu.com/hyperliquid-strategies-files-for-1b-ipo/,posts,370826,https://coincu.com/analysis/hyperliquid-hype-breaks-out/,https://coincu.com/hyperliquid-hype-breaks-out/,1,0,not_found_in_raw
https://coincu.com/hyperliquid-strategies-launches-30m/,posts,382193,https://coincu.com/analysis/hyperliquid-eyes-1b-raise/,https://coincu.com/hyperliquid-eyes-1b-raise/,1,0,not_found_in_raw
https://coincu.com/hyperliquid-strategies-launches-30m/,posts,382193,https://coincu.com/news/sonnet-stockholders-approve-merger-with/,https://coincu.com/sonnet-stockholders-approve-merger-with/,1,0,not_found_in_raw
https://coincu.com/hyperliquid-surges-revenue-competitors/,posts,363181,https://coincu.com/analysis/hyperliquid-hype-breaks-out/,https://coincu.com/hyperliquid-hype-breaks-out/,1,0,not_found_in_raw
https://coincu.com/hyperliquid-unveils-no-loss-trading/,posts,393305,https://coincu.com/analysis/hype-price-eyes-26-85-break/,https://coincu.com/hype-price-eyes-26-85-break/,1,0,not_found_in_raw
https://coincu.com/hyperliquid-unveils-no-loss-trading/,posts,393305,https://coincu.com/analysis/hype-rips-24-hip-3-demand-fuels-new/,https://coincu.com/hype-rips-24-hip-3-demand-fuels-new/,1,0,not_found_in_raw
https://coincu.com/hyperliquid-whale-activity-market-impact/,posts,382943,https://coincu.com/markets/crypto-market-plunge-december/,https://coincu.com/crypto-market-plunge-december/,1,0,not_found_in_raw
https://coincu.com/imf-warns-stablecoins-emerging-currencies/,posts,381530,https://coincu.com/markets/bitcoin-dominance-at-60/,https://coincu.com/bitcoin-dominance-at-60/,1,0,not_found_in_raw
https://coincu.com/imf-warns-stablecoins-emerging-currencies/,posts,381530,https://coincu.com/markets/stablecoin-supply-hits-185-billion/,https://coincu.com/stablecoin-supply-hits-185-billion/,1,0,not_found_in_raw
https://coincu.com/india-launches-rbi-backed-digital/,posts,367130,https://coincu.com/markets/global-fund-inflows-cryptocurrency-interest/,https://coincu.com/global-fund-inflows-cryptocurrency-interest/,1,0,not_found_in_raw
https://coincu.com/india-launches-rbi-backed-digital/,posts,367130,https://coincu.com/news/india-targets-1-million-cbdc-users/,https://coincu.com/india-targets-1-million-cbdc-users/,1,0,not_found_in_raw
https://coincu.com/indian-crypto-fraud-exposed/,posts,385267,https://coincu.com/news/china-crypto-comprehensive-governance/,https://coincu.com/china-crypto-comprehensive-governance/,1,0,not_found_in_raw
https://coincu.com/indian-crypto-fraud-exposed/,posts,385267,https://coincu.com/news/dismantling-cryptomixer-laundering-exposed/,https://coincu.com/dismantling-cryptomixer-laundering-exposed/,1,0,not_found_in_raw
https://coincu.com/inj-dips-into-key-buy-zone/,posts,364806,https://coincu.com/analysis/is-inj-outpacing-layer-1-competitors-as-weekly/,https://coincu.com/is-inj-outpacing-layer-1-competitors-as-weekly/,1,0,not_found_in_raw
https://coincu.com/institutional-buyers-are-back-can-bitcoin/,posts,373729,https://coincu.com/analysis/bitcoin-bounces-but-whales-keep-selling/,https://coincu.com/bitcoin-bounces-but-whales-keep-selling/,1,0,not_found_in_raw
https://coincu.com/institutional-crypto-adoption-2025/,posts,377401,https://coincu.com/news/western-union-stablecoin-remittance-pilot/,https://coincu.com/western-union-stablecoin-remittance-pilot/,1,0,not_found_in_raw
https://coincu.com/institutional-crypto-investment-2025/,posts,365878,https://coincu.com/news/btc-battles-114k-118k-as-supply,https://coincu.com/btc-battles-114k-118k-as-supply/,1,0,not_found_in_raw
https://coincu.com/institutional-crypto-investments-2025/,posts,380552,https://coincu.com/news/japan-cryptocurrency-tax-reclassification/,https://coincu.com/japan-cryptocurrency-tax-reclassification/,1,0,not_found_in_raw
https://coincu.com/institutional-demand-staking-etfs-2025/,posts,377428,https://coincu.com/markets/fed-rate-cut-crypto-impact-7/,https://coincu.com/fed-rate-cut-crypto-impact-7/,1,0,not_found_in_raw
https://coincu.com/institutional-whale-acquires-431000-eth/,posts,364904,https://coincu.com/analysis/ethereum-eye-new-ath-with-4880-breakout/,https://coincu.com/ethereum-eye-new-ath-with-4880-breakout/,1,0,not_found_in_raw
https://coincu.com/institutional-whale-acquires-431000-eth/,posts,364904,https://coincu.com/analysis/galaxy-digital-buys-1-2m-solana/,https://coincu.com/galaxy-digital-buys-1-2m-solana/,1,0,not_found_in_raw
https://coincu.com/interactive-brokers-launches-stablecoin/,posts,389112,https://coincu.com/news/interactive-brokers-add-more-crypto-trading/,https://coincu.com/interactive-brokers-add-more-crypto-trading/,1,0,not_found_in_raw
https://coincu.com/interactive-brokers-stablecoin-funding-usdc/,posts,383180,https://coincu.com/markets/bank-japan-interest-rate-increase/,https://coincu.com/bank-japan-interest-rate-increase/,1,0,not_found_in_raw
https://coincu.com/interactive-brokers-stablecoin-funding-usdc/,posts,383180,https://coincu.com/markets/hashkey-hkex-listing-digital-assets/,https://coincu.com/hashkey-hkex-listing-digital-assets/,1,0,not_found_in_raw
https://coincu.com/investors-rotate-in-q3-flows-shift-to-sol/,posts,362841,https://coincu.com/analysis/heres-what-analysts-say-about-xrps-next/,https://coincu.com/heres-what-analysts-say-about-xrps-next/,1,0,not_found_in_raw
https://coincu.com/investors-rotate-in-q3-flows-shift-to-sol/,posts,362841,https://coincu.com/analysis/solana-bulls-eye-1000-as-stablecoin-flow/,https://coincu.com/solana-bulls-eye-1000-as-stablecoin-flow/,1,0,not_found_in_raw
https://coincu.com/investors-shift-gold-crypto/,posts,372044,https://coincu.com/news/uk-and-us-prepare-crypto-regulation/,https://coincu.com/uk-and-us-prepare-crypto-regulation/,1,0,not_found_in_raw
https://coincu.com/iranian-crypto-outflows-spike-700-as-users-move-funds-abroad-after-strikes/,posts,396760,https://coincu.com/news/iran-vice-president-defense-readiness/,https://coincu.com/iran-vice-president-defense-readiness/,1,0,not_found_in_raw
https://coincu.com/ironlight-markets-approved-ats/,posts,373109,https://coincu.com/news/hong-kong-tokenization-policy-2025/,https://coincu.com/hong-kong-tokenization-policy-2025/,1,0,not_found_in_raw
https://coincu.com/ironlight-markets-approved-ats/,posts,373109,https://coincu.com/news/swiss-banks-test-ethereum-settlements/,https://coincu.com/swiss-banks-test-ethereum-settlements/,1,0,not_found_in_raw
https://coincu.com/is-a-0-48-breakout-next-as-arbitrum-arb-dex-volume-hits-ath/,posts,368475,https://coincu.com/analysis/arbitrum-rockets-20/,https://coincu.com/arbitrum-rockets-20/,1,0,not_found_in_raw
https://coincu.com/is-big-money-back-as-eth-q3-returns-hit/,posts,351880,https://coincu.com/analysis/ethereum-soared-after-fomc-will-history-repeat-with-6k-breakout/,https://coincu.com/ethereum-soared-after-fomc-will-history-repeat-with-6k-breakout/,1,0,not_found_in_raw
https://coincu.com/is-bitcoin-ready-for-a-big-move-as-sharpe/,posts,390705,https://coincu.com/analysis/bitcoin-at-risk-key-support-at-88789/,https://coincu.com/bitcoin-at-risk-key-support-at-88789/,1,0,not_found_in_raw
https://coincu.com/is-bitcoin-ready-for-a-big-move-as-sharpe/,posts,390705,https://coincu.com/markets/bitcoin-rebound-short-term-ratio/,https://coincu.com/bitcoin-rebound-short-term-ratio/,1,0,not_found_in_raw
https://coincu.com/is-dogecoin-on-track-to-hit-0-75-as-it-enters-the-next-bullish-phase-dogecoin/,posts,381407,https://coincu.com/analysis/dogecoin-breaks-0-1350/,https://coincu.com/dogecoin-breaks-0-1350/,1,0,not_found_in_raw
https://coincu.com/is-eth-about-to-boom-reserves-are/,posts,365303,https://coincu.com/analysis/10b-eth-shorts-at-risk-if-price-pumps-10/,https://coincu.com/10b-eth-shorts-at-risk-if-price-pumps-10/,1,0,not_found_in_raw
https://coincu.com/is-ethereum-adoption-still-growing/,posts,360554,https://coincu.com/markets/ethereum-foundation-transfers-4000-eth/,https://coincu.com/ethereum-foundation-transfers-4000-eth/,1,0,not_found_in_raw
https://coincu.com/is-metamask-preparing-for-its-long/,posts,371894,https://coincu.com/news/consensys-token-economy-metamask-infura/,https://coincu.com/consensys-token-economy-metamask-infura/,1,0,not_found_in_raw
https://coincu.com/is-metamask-preparing-for-its-long/,posts,371894,https://coincu.com/news/metamask-perpetual-trading-rewards/,https://coincu.com/metamask-perpetual-trading-rewards/,1,0,not_found_in_raw
https://coincu.com/is-sui-poised-for-strong-q4-as-history/,posts,361591,https://coincu.com/analysis/sui-bullish-breakout-could-spark-momentum/,https://coincu.com/sui-bullish-breakout-could-spark-momentum/,1,0,not_found_in_raw
https://coincu.com/is-sui-poised-for-strong-q4-as-history/,posts,361591,https://coincu.com/analysis/sui-hits-4b-transaction-blocks/,https://coincu.com/sui-hits-4b-transaction-blocks/,1,0,not_found_in_raw
https://coincu.com/is-sui-poised-for-strong-q4-as-history/,posts,361591,https://coincu.com/analysis/sui-overtakes-base-in-dex-aggregator/,https://coincu.com/sui-overtakes-base-in-dex-aggregator/,1,0,not_found_in_raw
https://coincu.com/is-vitalik-dumping-ethsales-just-hit-35/,posts,396129,https://coincu.com/news/forum-pivots-to-rwa-after-rebrand-targets-home-loans/,https://coincu.com/,1,0,not_found_in_raw
https://coincu.com/j-p-morgan-arranges-u-s-commercial/,posts,382840,https://coincu.com/news/circle-mints-500-million-usdc-solana/,https://coincu.com/circle-mints-500-million-usdc-solana/,1,0,not_found_in_raw
https://coincu.com/j-p-morgan-arranges-u-s-commercial/,posts,382840,https://coincu.com/news/galaxy-digital-buys-sol-treasury/,https://coincu.com/galaxy-digital-buys-sol-treasury/,1,0,not_found_in_raw
https://coincu.com/january-etf-bitcoin-spot-inflows/,posts,387123,https://coincu.com/news/vanguard-allows-crypto-etf-trading/,https://coincu.com/vanguard-allows-crypto-etf-trading/,1,0,not_found_in_raw
https://coincu.com/japan-banks-invest-crypto-2025/,posts,369923,https://coincu.com/analysis/rootdatas-report-crypto-financing-trends/,https://coincu.com/rootdatas-report-crypto-financing-trends/,1,0,not_found_in_raw
https://coincu.com/japan-cryptocurrency-tax-reclassification/,posts,378666,https://coincu.com/news/japanese-crypto-regulations,https://coincu.com/japanese-crypto-regulations/,1,0,not_found_in_raw
https://coincu.com/japan-reduces-crypto-tax-rate/,posts,378723,https://coincu.com/news/binance-suspends-inj-deposits-upgrade/,https://coincu.com/binance-suspends-inj-deposits-upgrade/,1,0,not_found_in_raw
https://coincu.com/japan-reduces-crypto-tax-rate/,posts,378723,https://coincu.com/news/fsa-new-crypto-regulation-japan/,https://coincu.com/fsa-new-crypto-regulation-japan/,1,0,not_found_in_raw
https://coincu.com/japanese-crypto-regulations/,posts,377804,https://coincu.com/markets/eth-tests-4250-is-a-breakout-or-pullback/,https://coincu.com/eth-tests-4250-is-a-breakout-or-pullback/,1,0,not_found_in_raw
https://coincu.com/japans-megabanks-unite-to-launch-yen/,posts,369418,https://coincu.com/news/binance-japan-paypay-crypto-partnership/,https://coincu.com/binance-japan-paypay-crypto-partnership/,1,0,not_found_in_raw
https://coincu.com/japans-megabanks-unite-to-launch-yen/,posts,369418,https://coincu.com/news/japan-crypto-insider-trading-ban-2026/,https://coincu.com/japan-crypto-insider-trading-ban-2026/,1,0,not_found_in_raw
https://coincu.com/japans-megabanks-unite-to-launch-yen/,posts,369418,https://coincu.com/news/mitsubishi-ufj-trust-bank-launch-crypto-services/,https://coincu.com/mitsubishi-ufj-trust-bank-launch-crypto-services/,1,0,not_found_in_raw
https://coincu.com/japans-top-banks-launch-stablecoin-pilot/,posts,376666,https://coincu.com/news/bank-of-japan-stablecoins-global-role/,https://coincu.com/bank-of-japan-stablecoins-global-role/,1,0,not_found_in_raw
https://coincu.com/japans-top-banks-launch-stablecoin-pilot/,posts,376666,https://coincu.com/news/fsa-banks-cryptocurrency-reform/,https://coincu.com/fsa-banks-cryptocurrency-reform/,1,0,not_found_in_raw
https://coincu.com/jin-btc-eth-swap-market-reactions/,posts,368617,https://coincu.com/markets/crypto-leverage-reset-low-funding-rates/,https://coincu.com/crypto-leverage-reset-low-funding-rates/,1,0,not_found_in_raw
https://coincu.com/jpmorgan-blackrock-bitcoin-etf/,posts,376782,https://coincu.com/analysis/bitcoin-megaphone-pattern-aiming-for-130k/,https://coincu.com/bitcoin-megaphone-pattern-aiming-for-130k/,1,0,not_found_in_raw
https://coincu.com/jpmorgan-blockchain-tokenization-pilot/,posts,373341,https://coincu.com/analysis/btc-soars-higher-while-open-interest/,https://coincu.com/btc-soars-higher-while-open-interest/,1,0,not_found_in_raw
https://coincu.com/jpmorgan-closes-mallers-account/,posts,379923,https://coincu.com/news/federal-reserve-crypto-liquidity-issues/,https://coincu.com/federal-reserve-crypto-liquidity-issues/,1,0,not_found_in_raw
https://coincu.com/jpmorgan-fed-rate-cut-decision/,posts,379491,https://coincu.com/markets/fed-rate-cut-wall-street-impact/,https://coincu.com/fed-rate-cut-wall-street-impact/,1,0,not_found_in_raw
https://coincu.com/jpmorgan-fed-rate-cut-decision/,posts,379491,https://coincu.com/markets/us-government-shutdown-boosts-market/,https://coincu.com/us-government-shutdown-boosts-market/,1,0,not_found_in_raw
https://coincu.com/jpmorgan-launches-tokenized-money/,posts,383529,https://coincu.com/markets/us-money-markets-growth-potential-crypto/,https://coincu.com/us-money-markets-growth-potential-crypto/,1,0,not_found_in_raw
https://coincu.com/jpmorgan-launches-tokenized-money/,posts,383529,https://coincu.com/news/genius-act-stablecoin-regulations/,https://coincu.com/genius-act-stablecoin-regulations/,1,0,not_found_in_raw
https://coincu.com/jpmorgan-strategy-inc-msci-outlook/,posts,381382,https://coincu.com/news/jpmorgan-structured-note-blackrock-bitcoin-etf/,https://coincu.com/jpmorgan-structured-note-blackrock-bitcoin-etf/,1,0,not_found_in_raw
https://coincu.com/jpmorgan-structured-note-blackrock-bitcoin-etf/,posts,380004,https://coincu.com/analysis/bitcoin-cycles-institutional-impact/,https://coincu.com/bitcoin-cycles-institutional-impact/,1,0,not_found_in_raw
https://coincu.com/jpmorgan-structured-note-blackrock-bitcoin-etf/,posts,380004,https://coincu.com/analysis/bitcoin-signaling-breakout-toward-145k/,https://coincu.com/bitcoin-signaling-breakout-toward-145k/,1,0,not_found_in_raw
https://coincu.com/jpmorgan-tokenizes-private-equity/,posts,373343,https://coincu.com/markets/federal-reserve-25-basis-point-cut/,https://coincu.com/federal-reserve-25-basis-point-cut/,1,0,not_found_in_raw
https://coincu.com/jpmorgan-weighs-crypto-trading-for/,posts,384882,https://coincu.com/markets/jpmorgan-cryptocurrencies-macro-asset-class/,https://coincu.com/jpmorgan-cryptocurrencies-macro-asset-class/,1,0,not_found_in_raw
https://coincu.com/jpmorgan-weighs-crypto-trading-for/,posts,384882,https://coincu.com/news/jpmorgan-launches-tokenized-money/,https://coincu.com/jpmorgan-launches-tokenized-money/,1,0,not_found_in_raw
https://coincu.com/jpmorgan-weighs-crypto-trading-for/,posts,384882,https://coincu.com/news/pnc-bank-bitcoin-trading-coinbase/,https://coincu.com/pnc-bank-bitcoin-trading-coinbase/,1,0,not_found_in_raw
https://coincu.com/jupiter-and-ethena-partner-to-launch/,posts,367484,https://coincu.com/analysis/ena-bounces-at-0-50-is-a-breakout-imminent/,https://coincu.com/ena-bounces-at-0-50-is-a-breakout-imminent/,1,0,not_found_in_raw
https://coincu.com/jupiter-and-ethena-partner-to-launch/,posts,367484,https://coincu.com/news/ethena-partners-with-ur-global-to-expand/,https://coincu.com/ethena-partners-with-ur-global-to-expand/,1,0,not_found_in_raw
https://coincu.com/jupiter-exchange-lending-risk-disclosure/,posts,381869,https://coincu.com/analysis/sol-breakout-alert-eyes-on-126/,https://coincu.com/sol-breakout-alert-eyes-on-126/,1,0,not_found_in_raw
https://coincu.com/jupiter-exchange-lending-risk-disclosure/,posts,381869,https://coincu.com/news/upbit-solana-network-breach-2025/,https://coincu.com/upbit-solana-network-breach-2025/,1,0,not_found_in_raw
https://coincu.com/jupiter-lend-risk-claims-backlash/,posts,381987,https://coincu.com/markets/september-core-ppi-market-reaction/,https://coincu.com/september-core-ppi-market-reaction/,1,0,not_found_in_raw
https://coincu.com/jupiter-lend-risk-claims-backlash/,posts,381987,https://coincu.com/news/jpmorgan-closes-mallers-account/,https://coincu.com/jpmorgan-closes-mallers-account/,1,0,not_found_in_raw
https://coincu.com/kalshi-outperforms-fed-funds-futures/,posts,395178,https://coincu.com/news/kalshi-political-prediction-markets-halted-amid/,https://coincu.com/kalshi-political-prediction-markets-halted-amid/,1,0,not_found_in_raw
https://coincu.com/kalshi-raises-300-million-targets-global-expansion-amid-surging-prediction-market-growth/,posts,367987,https://coincu.com/news/kalshi-bitcoin-deposits-exchange/,https://coincu.com/kalshi-bitcoin-deposits-exchange/,1,0,not_found_in_raw
https://coincu.com/kalshi-raises-300-million-targets-global-expansion-amid-surging-prediction-market-growth/,posts,367987,https://coincu.com/news/polymarket-ice-investment-valuation/,https://coincu.com/polymarket-ice-investment-valuation/,1,0,not_found_in_raw
https://coincu.com/kanyes-yzy-coin-skyrockets-to-3b/,posts,356400,https://coincu.com/news/kanye-wests-yzy-memecoin-speculation/,https://coincu.com/kanye-wests-yzy-memecoin-speculation/,1,0,not_found_in_raw
https://coincu.com/katana-network-kat-jumped-signals-explain-why/,posts,400928,https://coincu.com/markets/on-chain-flows-crypto-prices/,https://coincu.com/on-chain-flows-crypto-prices/,1,0,not_found_in_raw
https://coincu.com/katie-britt-net-worth/,posts,302637,https://coincu.com/markets/senate-vote-government-reopening-delay/,https://coincu.com/senate-vote-government-reopening-delay/,1,0,not_found_in_raw
https://coincu.com/katie-britt-net-worth/,posts,302637,https://coincu.com/news/shenzhen-stablecoin-fundraising-warning/,https://coincu.com/shenzhen-stablecoin-fundraising-warning/,1,0,not_found_in_raw
https://coincu.com/katie-britt-net-worth/,posts,302637,https://coincu.com/news/trump-bond-portfolio-disclosure/,https://coincu.com/trump-bond-portfolio-disclosure/,1,0,not_found_in_raw
https://coincu.com/katie-britt-net-worth/,posts,302637,https://coincu.com/news/trump-tax-spending-law/,https://coincu.com/trump-tax-spending-law/,1,0,not_found_in_raw
https://coincu.com/katie-britt-net-worth/,posts,302637,https://coincu.com/news/us-senate-approves-funding-bill/,https://coincu.com/us-senate-approves-funding-bill/,1,0,not_found_in_raw
https://coincu.com/kazakhstan-considers-crypto-reserves/,posts,376280,https://coincu.com/analysis/bitcoin-eyes-190k-after-key-resistance/,https://coincu.com/bitcoin-eyes-190k-after-key-resistance/,1,0,not_found_in_raw
https://coincu.com/kevin-hassett-fed-chair/,posts,379993,https://coincu.com/markets/fed-rate-cut-crypto-impact-8/,https://coincu.com/fed-rate-cut-crypto-impact-8/,1,0,not_found_in_raw
https://coincu.com/kevin-hassett-fed-chair/,posts,379993,https://coincu.com/news/federal-reserve-crypto-liquidity-issues/,https://coincu.com/federal-reserve-crypto-liquidity-issues/,1,0,not_found_in_raw
https://coincu.com/kevin-warsh-officially-nominated-as-fed-chair-with-supportive-views-on-bitcoin/,posts,396968,https://coincu.com/markets/warsh-fed-chair-nomination-market/,https://coincu.com/warsh-fed-chair-nomination-market/,1,0,not_found_in_raw
https://coincu.com/kite-ai-rootdata-list-2025-summit/,posts,366881,https://coincu.com/analysis/global-asset-demand-boost/,https://coincu.com/global-asset-demand-boost/,1,0,not_found_in_raw
https://coincu.com/kite-ai-rootdata-list-2025/,posts,367322,https://coincu.com/news/solana-remove-cu-limit/,https://coincu.com/solana-remove-cu-limit/,1,0,not_found_in_raw
https://coincu.com/klarna-launches-klarnausd-stablecoin/,posts,380558,https://coincu.com/news/japan-cryptocurrency-tax-reclassification/,https://coincu.com/japan-cryptocurrency-tax-reclassification/,1,0,not_found_in_raw
https://coincu.com/klarna-launches-klarnausd-stablecoin/,posts,380558,https://coincu.com/news/revolut-polygon-stablecoin-transfers/,https://coincu.com/revolut-polygon-stablecoin-transfers/,1,0,not_found_in_raw
https://coincu.com/kraken-200m-citadel-expansion/,posts,379044,https://coincu.com/news/institutional-crypto-adoption-2025/,https://coincu.com/institutional-crypto-adoption-2025/,1,0,not_found_in_raw
https://coincu.com/kraken-200m-citadel-expansion/,posts,379044,https://coincu.com/news/institutional-demand-staking-etfs-2025/,https://coincu.com/institutional-demand-staking-etfs-2025/,1,0,not_found_in_raw
https://coincu.com/kraken-2026-ipo-strategy/,posts,386322,https://coincu.com/news/bitgo-bitcoin-wallet-transfers-2025/,https://coincu.com/bitgo-bitcoin-wallet-transfers-2025/,1,0,not_found_in_raw
https://coincu.com/kraken-backed-spac-files-for-250m-ipo/,posts,388659,https://coincu.com/analysis/ethereum-builds-momentum-next-stop/,https://coincu.com/ethereum-builds-momentum-next-stop/,1,0,not_found_in_raw
https://coincu.com/kraken-backed-spac-files-for-250m-ipo/,posts,388659,https://coincu.com/news/kraken-2026-ipo-strategy/,https://coincu.com/kraken-2026-ipo-strategy/,1,0,not_found_in_raw
https://coincu.com/kraken-ink-launches-tydro-protocol/,posts,368994,https://coincu.com/markets/crypto-fear-greed-index-bitcoin-falls/,https://coincu.com/crypto-fear-greed-index-bitcoin-falls/,1,0,not_found_in_raw
https://coincu.com/kraken-plans-staff-retreat-ahead/,posts,379195,https://coincu.com/news/kraken-200m-citadel-expansion/,https://coincu.com/kraken-200m-citadel-expansion/,1,0,not_found_in_raw
https://coincu.com/kraken-plans-staff-retreat-ahead/,posts,379195,https://coincu.com/news/kraken-500m-funding-2026-ipo/,https://coincu.com/kraken-500m-funding-2026-ipo/,1,0,not_found_in_raw
https://coincu.com/kraken-plans-staff-retreat-ahead/,posts,379195,https://coincu.com/news/kraken-q3-2025-revenue-ipo/,https://coincu.com/kraken-q3-2025-revenue-ipo/,1,0,not_found_in_raw
https://coincu.com/kraken-q3-2025-revenue-ipo/,posts,371457,https://coincu.com/markets/bitcoin-volatility-fed-rate-cut/,https://coincu.com/bitcoin-volatility-fed-rate-cut/,1,0,not_found_in_raw
https://coincu.com/kraken-secures-500m-to-accelerate-ipo/,posts,364713,https://coincu.com/markets/ftx-exchange-rebooted-tribe-capital/,https://coincu.com/ftx-exchange-rebooted-tribe-capital/,1,0,not_found_in_raw
https://coincu.com/kraken-secures-500m-to-accelerate-ipo/,posts,364713,https://coincu.com/news/kraken-us-derivatives-launch/,https://coincu.com/kraken-us-derivatives-launch/,1,0,not_found_in_raw
https://coincu.com/kyrgyzstan-launches-stablecoin-and-cbdc/,posts,371323,https://coincu.com/news/binance-kyrgyzstan-crypto-payments/,https://coincu.com/binance-kyrgyzstan-crypto-payments/,1,0,not_found_in_raw
https://coincu.com/kyrgyzstan-launches-stablecoin-and-cbdc/,posts,371323,https://coincu.com/news/bnb-chain-dex-trading-volume/,https://coincu.com/bnb-chain-dex-trading-volume/,1,0,not_found_in_raw
https://coincu.com/large-bitcoin-holders-buy-more-as-market/,posts,379846,https://coincu.com/analysis/bitcoin-etfs-bleed-2-8b/,https://coincu.com/bitcoin-etfs-bleed-2-8b/,1,0,not_found_in_raw
https://coincu.com/large-bitcoin-holders-buy-more-as-market/,posts,379846,https://coincu.com/analysis/bitcoin-faces-market-turbulence-with/,https://coincu.com/bitcoin-faces-market-turbulence-with/,1,0,not_found_in_raw
https://coincu.com/large-bitcoin-holders-buy-more-as-market/,posts,379846,https://coincu.com/markets/bitcoin-bull-market-liquidity-recovery/,https://coincu.com/bitcoin-bull-market-liquidity-recovery/,1,0,not_found_in_raw
https://coincu.com/larry-fink-compares-crypto-to-gold-2/,posts,368393,https://coincu.com/markets/cycle-ending-drop-btc-eth-stability/,https://coincu.com/cycle-ending-drop-btc-eth-stability/,1,0,not_found_in_raw
https://coincu.com/larry-fink-compares-crypto-to-gold-2/,posts,368393,https://coincu.com/markets/gold-price-hits-4000-mark/,https://coincu.com/gold-price-hits-4000-mark/,1,0,not_found_in_raw
https://coincu.com/lawmakers-sec-crypto-401k-push/,posts,363963,https://coincu.com/markets/crypto-market-liquidations-impact/,https://coincu.com/crypto-market-liquidations-impact/,1,0,not_found_in_raw
https://coincu.com/lawmakers-sec-crypto-401k-push/,posts,363963,https://coincu.com/news/trump-american-bitcoin-nasdaq-listing/,https://coincu.com/trump-american-bitcoin-nasdaq-listing/,1,0,not_found_in_raw
https://coincu.com/league-of-legends-market-volume/,posts,377100,https://coincu.com/markets/crypto-market-crash-dat-stocks/,https://coincu.com/crypto-market-crash-dat-stocks/,1,0,not_found_in_raw
https://coincu.com/ledger-data-breach-global-e/,posts,387134,https://coincu.com/analysis/chainlink-holds-support-showing-growth/,https://coincu.com/chainlink-holds-support-showing-growth/,1,0,not_found_in_raw
https://coincu.com/ledger-data-breach-global-e/,posts,387134,https://coincu.com/analysis/sol-crashes-below-130-is-120-the-next/,https://coincu.com/sol-crashes-below-130-is-120-the-next/,1,0,not_found_in_raw
https://coincu.com/ledger-plans-u-s-ipo-with-potential/,posts,390509,https://coincu.com/news/crypto-thefts-2025-projection/,https://coincu.com/crypto-thefts-2025-projection/,1,0,not_found_in_raw
https://coincu.com/levelfield-burling-bank-crypto-acquisition/,posts,378857,https://coincu.com/analysis/fed-officials-december-rate-cut/,https://coincu.com/fed-officials-december-rate-cut/,1,0,not_found_in_raw
https://coincu.com/levelfield-burling-bank-crypto-acquisition/,posts,378857,https://coincu.com/news/institutional-crypto-adoption-2025/,https://coincu.com/institutional-crypto-adoption-2025/,1,0,not_found_in_raw
https://coincu.com/link-bulls-on-edge/,posts,373616,https://coincu.com/analysis/chainlink-breakout-setup-targets-100/,https://coincu.com/chainlink-breakout-setup-targets-100/,1,0,not_found_in_raw
https://coincu.com/link-correction-deepens-is-12-14-next/,posts,378223,https://coincu.com/analysis/chainlink-strong-momentum-72-target/,https://coincu.com/chainlink-strong-momentum-72-target/,1,0,not_found_in_raw
https://coincu.com/link-on-the-edge-will-15-40-trigger/,posts,378670,https://coincu.com/analysis/link-correction-deepens-is-12-14-next/,https://coincu.com/link-correction-deepens-is-12-14-next/,1,0,not_found_in_raw
https://coincu.com/link-rejected-again-is-14-the-start/,posts,382825,https://coincu.com/analysis/chainlink-set-for-rally-breakout-above-25-could-lead-to-100-target/,https://coincu.com/chainlink-set-for-rally-breakout-above-25-could-lead-to-100-target/,1,0,not_found_in_raw
https://coincu.com/litecoin-break-9-year-consolidation-1000/,posts,394938,https://coincu.com/analysis/litecoin-on-the-moveis-87-the-next-stop/,https://coincu.com/litecoin-on-the-moveis-87-the-next-stop/,1,0,not_found_in_raw
https://coincu.com/litecoin-breakout-imminent/,posts,383168,https://coincu.com/analysis/ltc-on-the-edge-will-80-support-hold/,https://coincu.com/ltc-on-the-edge-will-80-support-hold/,1,0,not_found_in_raw
https://coincu.com/litecoin-breaks-structure-eyes-87/,posts,386953,https://coincu.com/analysis/ltc-on-the-edge-will-80-support-hold/,https://coincu.com/ltc-on-the-edge-will-80-support-hold/,1,0,not_found_in_raw
https://coincu.com/litecoin-etf-launch-sec-approval/,posts,365445,https://coincu.com/news/lawmakers-sec-crypto-401k-push/,https://coincu.com/lawmakers-sec-crypto-401k-push/,1,0,not_found_in_raw
https://coincu.com/litecoin-on-the-moveis-87-the-next-stop/,posts,387336,https://coincu.com/analysis/litecoin-breaks-structure-eyes-87/,https://coincu.com/litecoin-breaks-structure-eyes-87/,1,0,not_found_in_raw
https://coincu.com/long-dormant-ethereum-wallet-reactivates/,posts,391206,https://coincu.com/markets/crypto-market-response-gold-surge-2026/,https://coincu.com/crypto-market-response-gold-surge-2026/,1,0,not_found_in_raw
https://coincu.com/long-dormant-ethereum-wallet-reactivates/,posts,391206,https://coincu.com/markets/ethereum-bearish-outlook-market-volatility/,https://coincu.com/ethereum-bearish-outlook-market-volatility/,1,0,not_found_in_raw
https://coincu.com/ltc-breakout-imminent/,posts,365552,https://coincu.com/news/litecoin-etf-launch-sec-approval/,https://coincu.com/litecoin-etf-launch-sec-approval/,1,0,not_found_in_raw
https://coincu.com/ltc-breakout-imminent/,posts,365552,https://coincu.com/news/litecoin-launches-litvm-zero-knowledge/,https://coincu.com/litecoin-launches-litvm-zero-knowledge/,1,0,not_found_in_raw
https://coincu.com/ltc-on-the-edge-will-80-support-hold/,posts,379819,https://coincu.com/analysis/ltc-breakout-imminent/,https://coincu.com/ltc-breakout-imminent/,1,0,not_found_in_raw
https://coincu.com/ltc-weekly-triangle-support-50-holding/,posts,393254,https://coincu.com/analysis/litecoin-on-the-moveis-87-the-next-stop/,https://coincu.com/litecoin-on-the-moveis-87-the-next-stop/,1,0,not_found_in_raw
https://coincu.com/macau-woman-crypto-scam-2025/,posts,386363,https://coincu.com/news/china-virtual-currency-crackdown-2025,https://coincu.com/china-virtual-currency-crackdown-2025/,1,0,not_found_in_raw
https://coincu.com/macd-cross-saves-bnb-from-breakdown/,posts,392609,https://coincu.com/analysis/bnb-rockets-past-ath-with-74-surge/,https://coincu.com/bnb-rockets-past-ath-with-74-surge/,1,0,not_found_in_raw
https://coincu.com/macd-cross-saves-bnb-from-breakdown/,posts,392609,https://coincu.com/news/bnb-chain-2025-performance-records/,https://coincu.com/bnb-chain-2025-performance-records/,1,0,not_found_in_raw
https://coincu.com/mara-holdings-buys-400-btc-expands/,posts,368318,https://coincu.com/markets/early-bitcoin-whale-shorts-1423-btc/,https://coincu.com/early-bitcoin-whale-shorts-1423-btc/,1,0,not_found_in_raw
https://coincu.com/mara-holdings-buys-400-btc-expands/,posts,368318,https://coincu.com/news/bitcoin-miner-mara-expands-mining/,https://coincu.com/bitcoin-miner-mara-expands-mining/,1,0,not_found_in_raw
https://coincu.com/mara-holdings-buys-400-btc-expands/,posts,368318,https://coincu.com/news/mara-bitcoin-investment-acquire-15574-btc/,https://coincu.com/mara-bitcoin-investment-acquire-15574-btc/,1,0,not_found_in_raw
https://coincu.com/mario-gotze-diversifies-investments/,posts,380572,https://coincu.com/analysis/ethereum-price-reached-3k-growth-to-15k/,https://coincu.com/ethereum-price-reached-3k-growth-to-15k/,1,0,not_found_in_raw
https://coincu.com/market-needs-a-deeper-washout-to-build-a/,posts,368628,https://coincu.com/markets/bitcoin-market-structural-integrity-etf-inflows/,https://coincu.com/bitcoin-market-structural-integrity-etf-inflows/,1,0,not_found_in_raw
https://coincu.com/market-needs-a-deeper-washout-to-build-a/,posts,368628,https://coincu.com/markets/cycle-ending-drop-btc-eth-stability/,https://coincu.com/cycle-ending-drop-btc-eth-stability/,1,0,not_found_in_raw
https://coincu.com/market-needs-a-deeper-washout-to-build-a/,posts,368628,https://coincu.com/markets/jin-btc-eth-swap-market-reactions/,https://coincu.com/jin-btc-eth-swap-market-reactions/,1,0,not_found_in_raw
https://coincu.com/market-volatility-unverified-shutdown-reports/,posts,366213,https://coincu.com/markets/fed-rate-cut-crypto-impact-5/,https://coincu.com/fed-rate-cut-crypto-impact-5/,1,0,not_found_in_raw
https://coincu.com/mass-btc-dump-31800-coins-moved/,posts,378971,https://coincu.com/analysis/btc-eyes-96-8k-breakout-or-bull-trap/,https://coincu.com/btc-eyes-96-8k-breakout-or-bull-trap/,1,0,not_found_in_raw
https://coincu.com/massive-mnt-breakout/,posts,366967,https://coincu.com/analysis/is-mnt-set-for-a-steep-fall-after-1-40/,https://coincu.com/is-mnt-set-for-a-steep-fall-after-1-40/,1,0,not_found_in_raw
https://coincu.com/massive-mnt-breakout/,posts,366967,https://coincu.com/analysis/mantle-mnt-hits-ath-with-5b-cap-on/,https://coincu.com/mantle-mnt-hits-ath-with-5b-cap-on/,1,0,not_found_in_raw
https://coincu.com/mastercard-investment-zerohash-crypto/,posts,390153,https://coincu.com/news/hashkey-hkex-listing-digital-assets,https://coincu.com/hashkey-hkex-listing-digital-assets/,1,0,not_found_in_raw
https://coincu.com/mastercard-launches-crypto-partnerprogram/,posts,397614,https://coincu.com/news/mastercard-global-stablecoin-support/,https://coincu.com/mastercard-global-stablecoin-support/,1,0,not_found_in_raw
https://coincu.com/mastercard-launches-crypto-partnerprogram/,posts,397614,https://coincu.com/news/mastercard-investment-zerohash-crypto/,https://coincu.com/mastercard-investment-zerohash-crypto/,1,0,not_found_in_raw
https://coincu.com/matrixport-gold-rise-bitcoin-2026/,posts,391529,https://coincu.com/markets/cryptocurrency-market-decline-analysis-dorman/,https://coincu.com/cryptocurrency-market-decline-analysis-dorman/,1,0,not_found_in_raw
https://coincu.com/matrixport-gold-rise-bitcoin-2026/,posts,391529,https://coincu.com/markets/federal-reserve-crypto-markets-impact/,https://coincu.com/federal-reserve-crypto-markets-impact/,1,0,not_found_in_raw
https://coincu.com/maven11-ena-withdrawal-binance/,posts,362378,https://coincu.com/analysis/ena-breakout-coming/,https://coincu.com/ena-breakout-coming/,1,0,not_found_in_raw
https://coincu.com/maven11-ena-withdrawal-binance/,posts,362378,https://coincu.com/news/binance-lists-ethena-usde-spot-trading/,https://coincu.com/binance-lists-ethena-usde-spot-trading/,1,0,not_found_in_raw
https://coincu.com/megaeth-ico-raises-fifty-million/,posts,371786,https://coincu.com/news/plasma-mainnet-launch-stablecoin-liquidity/,https://coincu.com/plasma-mainnet-launch-stablecoin-liquidity/,1,0,not_found_in_raw
https://coincu.com/megaeth-public-sale-raises-one-billion/,posts,373250,https://coincu.com/analysis/ethereum-eye-new-ath-with-4880-breakout/,https://coincu.com/ethereum-eye-new-ath-with-4880-breakout/,1,0,not_found_in_raw
https://coincu.com/megaeth-public-sale-raises-one-billion/,posts,373250,https://coincu.com/markets/crypto-market-weekly-sep-8-sep-14-altcoins-shine-as-bitcoin-holds-steady/,https://coincu.com/crypto-market-weekly-sep-8-sep-14-altcoins-shine-as-bitcoin-holds-steady/,1,0,not_found_in_raw
https://coincu.com/melanion-capital-launches-first-private/,posts,364561,https://coincu.com/news/metaplanet-stock-buybacks-btc-strategy/,https://coincu.com/metaplanet-stock-buybacks-btc-strategy/,1,0,not_found_in_raw
https://coincu.com/mesh-raises-75m-series-c-reaches-1b/,posts,391728,https://coincu.com/news/crypto-payments-company-mesh-raises-82m/,https://coincu.com/crypto-payments-company-mesh-raises-82m/,1,0,not_found_in_raw
https://coincu.com/mesh-raises-75m-series-c-reaches-1b/,posts,391728,https://coincu.com/news/tether-rivals-central-banks-as-gold/,https://coincu.com/tether-rivals-central-banks-as-gold/,1,0,not_found_in_raw
https://coincu.com/met-and-jup-top-in-2025-fees/,posts,386872,https://coincu.com/news/jupiter-lend-risk-claims-backlash/,https://coincu.com/jupiter-lend-risk-claims-backlash/,1,0,not_found_in_raw
https://coincu.com/meta-cut-metaverse-budget-shift/,posts,381476,https://coincu.com/analysis/fed-inflation-bitcoin-crypto-impact/,https://coincu.com/fed-inflation-bitcoin-crypto-impact/,1,0,not_found_in_raw
https://coincu.com/meta-cut-metaverse-budget-shift/,posts,381476,https://coincu.com/analysis/tao-accumulation-momentum-for-major-move/,https://coincu.com/tao-accumulation-momentum-for-major-move/,1,0,not_found_in_raw
https://coincu.com/meta-targets-25-billion-bond-sale-amid/,posts,373344,https://coincu.com/news/metamask-multi-chain-support-expansion/,https://coincu.com/metamask-multi-chain-support-expansion/,1,0,not_found_in_raw
https://coincu.com/meta-targets-25-billion-bond-sale-amid/,posts,373344,https://coincu.com/news/videotutor-secures-11-million-funding/,https://coincu.com/videotutor-secures-11-million-funding/,1,0,not_found_in_raw
https://coincu.com/metamask-expands-multi-chain-capabilities/,posts,383658,https://coincu.com/news/metamask-multi-chain-support-expansion/,https://coincu.com/metamask-multi-chain-support-expansion/,1,0,not_found_in_raw
https://coincu.com/metamask-integrates-native-tron-support/,posts,389058,https://coincu.com/news/metamask-multi-chain-support-expansion/,https://coincu.com/metamask-multi-chain-support-expansion/,1,0,not_found_in_raw
https://coincu.com/metamask-launches-perp-dex-rewards/,posts,365346,https://coincu.com/news/ethereum-supply-hits-9-year-low-as-36m/,https://coincu.com/ethereum-supply-hits-9-year-low-as-36m/,1,0,not_found_in_raw
https://coincu.com/metamask-launches-perp-dex-rewards/,posts,365346,https://coincu.com/news/hyperliquid-apex-contract-leverage-launch/,https://coincu.com/hyperliquid-apex-contract-leverage-launch/,1,0,not_found_in_raw
https://coincu.com/metamask-multi-chain-accounts-solana/,posts,372099,https://coincu.com/analysis/solana-surges-above-230-support-level/,https://coincu.com/solana-surges-above-230-support-level/,1,0,not_found_in_raw
https://coincu.com/metamask-multi-chain-support-expansion/,posts,371979,https://coincu.com/analysis/ethereum-eye-new-ath-with-4880-breakout/,https://coincu.com/ethereum-eye-new-ath-with-4880-breakout/,1,0,not_found_in_raw
https://coincu.com/metamask-multi-chain-support-expansion/,posts,371979,https://coincu.com/analysis/solana-surges-above-230-support-level/,https://coincu.com/solana-surges-above-230-support-level/,1,0,not_found_in_raw
https://coincu.com/metamask-perpetual-trading-rewards/,posts,367528,https://coincu.com/news/metamask-launches-perp-dex-rewards/,https://coincu.com/metamask-launches-perp-dex-rewards/,1,0,not_found_in_raw
https://coincu.com/metamask-rewards-program-mask-token/,posts,366699,https://coincu.com/analysis/ethereum-hits-4100-liquidity/,https://coincu.com/ethereum-hits-4100-liquidity/,1,0,not_found_in_raw
https://coincu.com/metamask-rewards-token-event-update/,posts,373976,https://coincu.com/markets/uniswap-whale-transfers-uni-market-watch/,https://coincu.com/uniswap-whale-transfers-uni-market-watch/,1,0,not_found_in_raw
https://coincu.com/metamask-teams-up-with-polymarket-for/,posts,381464,https://coincu.com/news/metamask-multi-chain-accounts-solana/,https://coincu.com/metamask-multi-chain-accounts-solana/,1,0,not_found_in_raw
https://coincu.com/metaplanet-150m-preferred-shares/,posts,379339,https://coincu.com/news/japan-crypto-tax-reform-2026/,https://coincu.com/japan-crypto-tax-reform-2026/,1,0,not_found_in_raw
https://coincu.com/metaplanet-150m-preferred-shares/,posts,379339,https://coincu.com/news/trump-signs-funding-bill-2026/,https://coincu.com/trump-signs-funding-bill-2026/,1,0,not_found_in_raw
https://coincu.com/metaplanet-bitcoin-210000-2027/,posts,385358,https://coincu.com/markets/strategy-reserve-fund-bitcoin/,https://coincu.com/strategy-reserve-fund-bitcoin/,1,0,not_found_in_raw
https://coincu.com/metaplanet-buys-4279-bitcoin/,posts,386343,https://coincu.com/markets/bitcoin-comeback-market-optimism/,https://coincu.com/bitcoin-comeback-market-optimism/,1,0,not_found_in_raw
https://coincu.com/metaplanet-stock-buybacks-btc-strategy/,posts,363452,https://coincu.com/news/microstrategy-sp500-inclusion-bitcoin-strategy/,https://coincu.com/microstrategy-sp500-inclusion-bitcoin-strategy/,1,0,not_found_in_raw
https://coincu.com/metaplanet-stock-rises-5-after-92-5m/,posts,351288,https://coincu.com/news/metaplanet-buys-2205-more-bitcoin/,https://coincu.com/metaplanet-buys-2205-more-bitcoin/,1,0,not_found_in_raw
https://coincu.com/metaplanet-to-raise-137m-to-buy-more/,posts,392244,https://coincu.com/markets/bitcoin-dollar-weakness-impact/,https://coincu.com/bitcoin-dollar-weakness-impact/,1,0,not_found_in_raw
https://coincu.com/michael-saylor-bitcoin-strategy-signals/,posts,389634,https://coincu.com/markets/strategy-msci-index-removal-impact/,https://coincu.com/strategy-msci-index-removal-impact/,1,0,not_found_in_raw
https://coincu.com/michael-saylor-bitcoin-tracker-strategy/,posts,382053,https://coincu.com/markets/strategy-reserve-fund-bitcoin/,https://coincu.com/strategy-reserve-fund-bitcoin/,1,0,not_found_in_raw
https://coincu.com/michael-saylor-bitcoin-tracker-update-2/,posts,363596,https://coincu.com/news/microstrategy-snp-500-rejection/,https://coincu.com/microstrategy-snp-500-rejection/,1,0,not_found_in_raw
https://coincu.com/michael-saylor-bullish-bitcoin/,posts,378570,https://coincu.com/markets/investors-shift-gold-crypto/,https://coincu.com/investors-shift-gold-crypto/,1,0,not_found_in_raw
https://coincu.com/michael-saylor-strategy-msci-index/,posts,379664,https://coincu.com/analysis/crypto-funds-see-1-17-billion-outflows/,https://coincu.com/crypto-funds-see-1-17-billion-outflows/,1,0,not_found_in_raw
https://coincu.com/michael-saylor-teases-bitcoin-rally/,posts,381988,https://coincu.com/markets/michael-saylor-microstrategy-bitcoin-buy/,https://coincu.com/michael-saylor-microstrategy-bitcoin-buy/,1,0,not_found_in_raw
https://coincu.com/microsoft-openai-azure-agreement/,posts,372144,https://coincu.com/markets/crypto-market-weekly-sep-8-sep-14-altcoins-shine-as-bitcoin-holds-steady/,https://coincu.com/crypto-market-weekly-sep-8-sep-14-altcoins-shine-as-bitcoin-holds-steady/,1,0,not_found_in_raw
https://coincu.com/microsoft-openai-azure-agreement/,posts,372144,https://coincu.com/news/google-unveils-ap2/,https://coincu.com/google-unveils-ap2/,1,0,not_found_in_raw
https://coincu.com/microstrategy-bitcoin-reserve-strategy/,posts,373466,https://coincu.com/news/us-bitcoin-reserve-discussion/,https://coincu.com/us-bitcoin-reserve-discussion/,1,0,not_found_in_raw
https://coincu.com/microstrategy-executive-stock-sale-discrepancy/,posts,367657,https://coincu.com/analysis/bitcoin-breakout-confirmed,https://coincu.com/bitcoin-breakout-confirmed/,1,0,not_found_in_raw
https://coincu.com/microstrategy-snp-500-rejection/,posts,361720,https://coincu.com/markets/strategy-sp500-exclusion-crypto-shift/,https://coincu.com/strategy-sp500-exclusion-crypto-shift/,1,0,not_found_in_raw
https://coincu.com/microstrategy-sp500-inclusion-bitcoin-strategy/,posts,361046,https://coincu.com/markets/strategy-sp500-exclusion-crypto-shift/,https://coincu.com/strategy-sp500-exclusion-crypto-shift/,1,0,not_found_in_raw
https://coincu.com/miners-hold-btc-reserves-as-inflows-drop/,posts,361573,https://coincu.com/news/btc-spot-etf-outflows-continue-with-227m-lost/,https://coincu.com/btc-spot-etf-outflows-continue-with-227m-lost/,1,0,not_found_in_raw
https://coincu.com/momentum-builds-for-sei-can-bulls-push/,posts,373058,https://coincu.com/analysis/sei-consolidation-hints-at-strong-upside-move-with-3-target-forecast/,https://coincu.com/sei-consolidation-hints-at-strong-upside-move-with-3-target-forecast/,1,0,not_found_in_raw
https://coincu.com/momentum-builds-for-sei-can-bulls-push/,posts,373058,https://coincu.com/analysis/sei-eyes-breakout-to-0-22-as-bullish/,https://coincu.com/sei-eyes-breakout-to-0-22-as-bullish/,1,0,not_found_in_raw
https://coincu.com/momentum-builds-for-sei-can-bulls-push/,posts,373058,https://coincu.com/analysis/sei-stablecoin-volume-soars-to-13-8b/,https://coincu.com/sei-stablecoin-volume-soars-to-13-8b/,1,0,not_found_in_raw
https://coincu.com/monad-airdrop-token-sales-impact/,posts,380172,https://coincu.com/news/pendle-finance-reports-tvl-surge/,https://coincu.com/pendle-finance-reports-tvl-surge/,1,0,not_found_in_raw
https://coincu.com/monero-holds-strong/,posts,394888,https://coincu.com/news/illicit-crypto-funds-decreased-last-year/,https://coincu.com/illicit-crypto-funds-decreased-last-year/,1,0,not_found_in_raw
https://coincu.com/moodys-stablecoin-rating-framework/,posts,383132,https://coincu.com/news/circle-applies-for-u-s-trust-bank-charter/,https://coincu.com/circle-applies-for-u-s-trust-bank-charter/,1,0,not_found_in_raw
https://coincu.com/moodys-stablecoin-rating-framework/,posts,383132,https://coincu.com/news/circle-launches-cpn-escrow-payment-service-institutional-stablecoin-network/,https://coincu.com/circle-launches-cpn-escrow-payment-service-institutional-stablecoin-network/,1,0,not_found_in_raw
https://coincu.com/moodys-stablecoin-rating-framework/,posts,383132,https://coincu.com/news/circle-stablefx-arc-blockchain/,https://coincu.com/circle-stablefx-arc-blockchain/,1,0,not_found_in_raw
https://coincu.com/moodys-stablecoin-rating-framework/,posts,383132,https://coincu.com/news/circle-usdc-supply-increases/,https://coincu.com/circle-usdc-supply-increases/,1,0,not_found_in_raw
https://coincu.com/moodys-stablecoin-rating-framework/,posts,383132,https://coincu.com/news/genius-act-stablecoin-regulation/,https://coincu.com/genius-act-stablecoin-regulation/,1,0,not_found_in_raw
https://coincu.com/moodys-stablecoin-rating-framework/,posts,383132,https://coincu.com/news/safe-and-circle-partner-to-advance-usdc/,https://coincu.com/safe-and-circle-partner-to-advance-usdc/,1,0,not_found_in_raw
https://coincu.com/moodys-stablecoin-rating-framework/,posts,383132,https://coincu.com/news/stablecoin-genius-act-restrictions/,https://coincu.com/stablecoin-genius-act-restrictions/,1,0,not_found_in_raw
https://coincu.com/moodys-stablecoin-rating-framework/,posts,383132,https://coincu.com/news/us-treasury-proposed-aml-sanctions-rules-stablecoin-issuers/,https://coincu.com/us-treasury-proposed-aml-sanctions-rules-stablecoin-issuers/,1,0,not_found_in_raw
https://coincu.com/moonbirds-launch-birb-solana-2026/,posts,383315,https://coincu.com/news/solana-dapp-revenue-exceeds-187m/,https://coincu.com/solana-dapp-revenue-exceeds-187m/,1,0,not_found_in_raw
https://coincu.com/moonclash-100m-funding-bnbchain/,posts,373822,https://coincu.com/news/binance-us-lobbying-strategy/,https://coincu.com/binance-us-lobbying-strategy/,2,0,not_found_in_raw
https://coincu.com/moonpay-launches-crypto-shopping-app-for/,posts,383654,https://coincu.com/news/crypto-payments-company-moonpay-iron/,https://coincu.com/crypto-payments-company-moonpay-iron/,1,0,not_found_in_raw
https://coincu.com/moonpay-launches-crypto-shopping-app-for/,posts,383654,https://coincu.com/news/moonpay-new-york-trust-license/,https://coincu.com/moonpay-new-york-trust-license/,1,0,not_found_in_raw
https://coincu.com/morgan-stanley-bitcoin-trading-etrade/,posts,396202,https://coincu.com/news/bitmine-bmnr-stakes-rise-in-q4-as-morgan-stanley-adds/,https://coincu.com/,1,0,not_found_in_raw
https://coincu.com/mt-gox-extends-repayment-deadline-amid/,posts,371710,https://coincu.com/markets/glassnode-analysis-bitcoin-stabilization/,https://coincu.com/glassnode-analysis-bitcoin-stabilization/,1,0,not_found_in_raw
https://coincu.com/mt-gox-extends-repayment-deadline-amid/,posts,371710,https://coincu.com/news/creditors-of-mtgox-receive-bitcoin/,https://coincu.com/creditors-of-mtgox-receive-bitcoin/,1,0,not_found_in_raw
https://coincu.com/mt-gox-extends-repayment-deadline-amid/,posts,371710,https://coincu.com/news/mt-gox-cold-wallet-transfers-141000-btc-wallet/,https://coincu.com/mt-gox-cold-wallet-transfers-141000-btc-wallet/,1,0,not_found_in_raw
https://coincu.com/mt-gox-trustee-bitcoin-repayment-2025/,posts,369998,https://coincu.com/markets/crypto-market-liquidations-bitcoin-ethereum/,https://coincu.com/crypto-market-liquidations-bitcoin-ethereum/,1,0,not_found_in_raw
https://coincu.com/multicoin-capital-ethena-ena-investment/,posts,378447,https://coincu.com/news/pboc-stablecoins-risks-discussion/,https://coincu.com/pboc-stablecoins-risks-discussion/,1,0,not_found_in_raw
https://coincu.com/nansen-launches-ai-powered-trading-on/,posts,390321,https://coincu.com/analysis/solana-td-sequential-signal-surge-to-140/,https://coincu.com/solana-td-sequential-signal-surge-to-140/,1,0,not_found_in_raw
https://coincu.com/nasdaq-and-kraken-to-launch-24-7tokenized/,posts,397378,https://coincu.com/news/kraken-xstocks-launches-24-7-stock-perpetuals-20x-leverage/,https://coincu.com/kraken-xstocks-launches-24-7-stock-perpetuals-20x-leverage/,1,0,not_found_in_raw
https://coincu.com/nasdaq-tokenized-stocks-sec-approval/,posts,380713,https://coincu.com/news/coinshares-etp-outflow-us-uncertainty/,https://coincu.com/coinshares-etp-outflow-us-uncertainty/,1,0,not_found_in_raw
https://coincu.com/near-eyes-3-6x-run-as-ai-narrative-builds/,posts,371419,https://coincu.com/analysis/tao-prepares-for-breakout/,https://coincu.com/tao-prepares-for-breakout/,1,0,not_found_in_raw
https://coincu.com/near-eyes-3-6x-run-as-ai-narrative-builds/,posts,371419,https://coincu.com/news/grayscale-files-form-10-to-boost-taos/,https://coincu.com/grayscale-files-form-10-to-boost-taos/,1,0,not_found_in_raw
https://coincu.com/near-price-surge-key-support-to-8-00/,posts,389397,https://coincu.com/news/near-protocol-near-intents-impact/,https://coincu.com/near-protocol-near-intents-impact/,1,0,not_found_in_raw
https://coincu.com/near-protocol-inflation-adjustment/,posts,373679,https://coincu.com/analysis/fed-rate-cut-crypto-impact-6/,https://coincu.com/fed-rate-cut-crypto-impact-6/,1,0,not_found_in_raw
https://coincu.com/near-protocol-inflation-adjustment/,posts,373679,https://coincu.com/news/crypto-ma-activity-q3-2025/,https://coincu.com/crypto-ma-activity-q3-2025/,1,0,not_found_in_raw
https://coincu.com/near-protocol-near-intents-impact/,posts,377177,https://coincu.com/news/near-protocol-inflation-adjustment/,https://coincu.com/near-protocol-inflation-adjustment/,1,1,replaced
https://coincu.com/new-california-law-stops-forced/,posts,368640,https://coincu.com/news/california-crypto-unclaimed-property-bill/,https://coincu.com/california-crypto-unclaimed-property-bill/,1,0,not_found_in_raw
https://coincu.com/new-california-law-stops-forced/,posts,368640,https://coincu.com/news/coinbase-plans-crypto-super-app/,https://coincu.com/coinbase-plans-crypto-super-app/,1,0,not_found_in_raw
https://coincu.com/new-stablecoin-regulations-bowman/,posts,381059,https://coincu.com/markets/federal-reserve-beige-book-impact-2/,https://coincu.com/federal-reserve-beige-book-impact-2/,1,0,not_found_in_raw
https://coincu.com/new-stablecoin-regulations-bowman/,posts,381059,https://coincu.com/markets/stablecoin-supply-hits-185-billion/,https://coincu.com/stablecoin-supply-hits-185-billion/,1,0,not_found_in_raw
https://coincu.com/nexo-partners-with-audi-revolut-f1-team/,posts,389252,https://coincu.com/news/bny-mellon-tokenized-deposits-launch/,https://coincu.com/bny-mellon-tokenized-deposits-launch/,1,2,replaced
https://coincu.com/nft-market-decline-2025-supply/,posts,386576,https://coincu.com/markets/digital-asset-treasury-valuation-decline/,https://coincu.com/digital-asset-treasury-valuation-decline/,1,0,not_found_in_raw
https://coincu.com/nft-market-decline-2025-supply/,posts,386576,https://coincu.com/news/china-crypto-comprehensive-governance/,https://coincu.com/china-crypto-comprehensive-governance/,1,0,not_found_in_raw
https://coincu.com/nft-market-supply-surge-2025/,posts,386707,https://coincu.com/markets/cryptocurrency-market-decline-analysis-dorman/,https://coincu.com/cryptocurrency-market-decline-analysis-dorman/,1,0,not_found_in_raw
https://coincu.com/nifty-gateway-closing-nft-withdrawal/,posts,391094,https://coincu.com/news/kalshi-polymarket-prediction-duopoly/,https://coincu.com/kalshi-polymarket-prediction-duopoly/,1,0,not_found_in_raw
https://coincu.com/nifty-gateway-closure-february-2026/,posts,391152,https://coincu.com/analysis/pepe-breaks-resistance-bullish-incoming/,https://coincu.com/pepe-breaks-resistance-bullish-incoming/,1,0,not_found_in_raw
https://coincu.com/nigeria-tracks-crypto-with-new-tax-law/,posts,388634,https://coincu.com/analysis/btc-bounces-back-strong/,https://coincu.com/btc-bounces-back-strong/,1,0,not_found_in_raw
https://coincu.com/nigeria-tracks-crypto-with-new-tax-law/,posts,388634,https://coincu.com/news/nigerian-crypto-tax-new-regulations/,https://coincu.com/nigerian-crypto-tax-new-regulations/,1,0,not_found_in_raw
https://coincu.com/north-dakota-to-launch-usd-backed/,posts,367516,https://coincu.com/news/north-dakota-state-is-considering-bitcoin/,https://coincu.com/north-dakota-state-is-considering-bitcoin/,1,0,not_found_in_raw
https://coincu.com/north-dakota-to-launch-usd-backed/,posts,367516,https://coincu.com/news/stablecoin-issuance-2025-forecast/,https://coincu.com/stablecoin-issuance-2025-forecast/,1,0,not_found_in_raw
https://coincu.com/nvidia-invests-1b-in-nokia-to-drive-ai/,posts,372110,https://coincu.com/markets/nvidia-openai-investment-market-impact/,https://coincu.com/nvidia-openai-investment-market-impact/,1,0,not_found_in_raw
https://coincu.com/nvidia-invests-1b-in-nokia-to-drive-ai/,posts,372110,https://coincu.com/news/new-ai-infrastructure-fund-blackrock-microsoft/,https://coincu.com/new-ai-infrastructure-fund-blackrock-microsoft/,1,0,not_found_in_raw
https://coincu.com/nvidia-openai-investment-market-impact/,posts,363966,https://coincu.com/markets/crypto-market-liquidations-impact/,https://coincu.com/crypto-market-liquidations-impact/,1,0,not_found_in_raw
https://coincu.com/nvidia-small-nuclear-reactors-ai-energy/,posts,381293,https://coincu.com/analysis/ethereum-showing-strength-new-ath-run/,https://coincu.com/ethereum-showing-strength-new-ath-run/,1,0,not_found_in_raw
https://coincu.com/nvidia-small-nuclear-reactors-ai-energy/,posts,381293,https://coincu.com/analysis/monad-airdrop-token-sales-impact/,https://coincu.com/monad-airdrop-token-sales-impact/,1,0,not_found_in_raw
https://coincu.com/okb-supply-locked-at-21m/,posts,354591,https://coincu.com/news/okx-pump-token-launch-2025/,https://coincu.com/okx-pump-token-launch-2025/,1,0,not_found_in_raw
https://coincu.com/okx-dash-listing-november-2025/,posts,379913,https://coincu.com/news/zcash-surges-14-as-okx-reverses-privacy/,https://coincu.com/zcash-surges-14-as-okx-reverses-privacy/,1,0,not_found_in_raw
https://coincu.com/okx-delists-lunc-ustc-pairs/,posts,363755,https://coincu.com/markets/crypto-market-weekly-sep-8-sep-14-altcoins-shine-as-bitcoin-holds-steady/,https://coincu.com/crypto-market-weekly-sep-8-sep-14-altcoins-shine-as-bitcoin-holds-steady/,1,0,not_found_in_raw
https://coincu.com/okx-exposes-om-scam-covers-huge-losses/,posts,383148,https://coincu.com/news/okx-dash-listing-november-2025/,https://coincu.com/okx-dash-listing-november-2025/,1,0,not_found_in_raw
https://coincu.com/okx-fires-x-layer-chief-felix-fan/,posts,372109,https://coincu.com/news/okx-competitive-offer-policy-response/,https://coincu.com/okx-competitive-offer-policy-response/,1,0,not_found_in_raw
https://coincu.com/okx-new-strategy-web3-trading/,posts,363634,https://coincu.com/markets/crypto-market-weekly-sep-1-sep-7-btc-eth-institutional-inflows-solana-ipo-and-fed-rate-cut/,https://coincu.com/crypto-market-weekly-sep-1-sep-7-btc-eth-institutional-inflows-solana-ipo-and-fed-rate-cut/,1,0,not_found_in_raw
https://coincu.com/okx-trading-soars-53x/,posts,385127,https://coincu.com/news/okx-new-strategy-web3-trading/,https://coincu.com/okx-new-strategy-web3-trading/,1,0,not_found_in_raw
https://coincu.com/on-chain-flows-crypto-prices/,posts,386804,https://coincu.com/markets/us-treasury-interest-rate-cut/,https://coincu.com/us-treasury-interest-rate-cut/,1,0,not_found_in_raw
https://coincu.com/ondo-brings-tokenized-u-s-stocks-and/,posts,373099,https://coincu.com/analysis/can-ondo-bounce-to-1-15/,https://coincu.com/can-ondo-bounce-to-1-15/,1,0,not_found_in_raw
https://coincu.com/ondo-brings-tokenized-u-s-stocks-and/,posts,373099,https://coincu.com/analysis/ondo-holds-0-67-support-eyes-1-15-amid/,https://coincu.com/ondo-holds-0-67-support-eyes-1-15-amid/,1,0,not_found_in_raw
https://coincu.com/ondo-brings-tokenized-u-s-stocks-and/,posts,373099,https://coincu.com/news/ondo-finance-acquires-oasis-pro-to-expand/,https://coincu.com/ondo-finance-acquires-oasis-pro-to-expand/,1,0,not_found_in_raw
https://coincu.com/ondo-eyes-2b-tvl-as-price-holds-0-67-and-targets-breakout-to-1-15/,posts,369937,https://coincu.com/analysis/ondo-price-prediction-bulls-defend-0-86/,https://coincu.com/ondo-price-prediction-bulls-defend-0-86/,1,0,not_found_in_raw
https://coincu.com/ondo-finance-solana-expansion/,posts,390381,https://coincu.com/news/powell-fed-chair-resignation-rumor/,https://coincu.com/powell-fed-chair-resignation-rumor/,1,0,not_found_in_raw
https://coincu.com/ondo-finance-solana-expansion/,posts,390381,https://coincu.com/news/solana-jupiter-lend-challenge-rehypothecation/,https://coincu.com/solana-jupiter-lend-challenge-rehypothecation/,1,0,not_found_in_raw
https://coincu.com/ondo-finance-solana-expansion/,posts,390381,https://coincu.com/news/solana-protocols-cloudflare-outage/,https://coincu.com/solana-protocols-cloudflare-outage/,1,0,not_found_in_raw
https://coincu.com/ondo-finance-solana-expansion/,posts,390381,https://coincu.com/news/sony-stablecoin-us-dollar-pegged/,https://coincu.com/sony-stablecoin-us-dollar-pegged/,1,0,not_found_in_raw
https://coincu.com/ondo-finance-tokenized-etf-solana/,posts,383676,https://coincu.com/news/solana-dapp-revenue-exceeds-187m/,https://coincu.com/solana-dapp-revenue-exceeds-187m/,1,0,not_found_in_raw
https://coincu.com/ondo-finance-tokenized-stocks-europe/,posts,379073,https://coincu.com/news/ethereum-2026-ai-roadmap-plan,https://coincu.com/ethereum-2026-ai-roadmap-plan/,1,0,not_found_in_raw
https://coincu.com/ondo-finance-tokenized-stocks-europe/,posts,379073,https://coincu.com/news/institutional-crypto-adoption-2025,https://coincu.com/institutional-crypto-adoption-2025/,1,0,not_found_in_raw
https://coincu.com/ondo-holds-0-67-support-eyes-1-15-amid/,posts,369764,https://coincu.com/analysis/ondo-price-prediction-bulls-defend-0-86/,https://coincu.com/ondo-price-prediction-bulls-defend-0-86/,1,0,not_found_in_raw
https://coincu.com/ondo-holds-0-67-support-eyes-1-15-amid/,posts,369764,https://coincu.com/news/ondo-sec-nasdaq-tokenized-stocks/,https://coincu.com/ondo-sec-nasdaq-tokenized-stocks/,1,0,not_found_in_raw
https://coincu.com/ondo-launches-day-one-tokenized-ipo/,posts,397230,https://coincu.com/news/ondo-finance-tokenized-stocks-europe/,https://coincu.com/ondo-finance-tokenized-stocks-europe/,1,0,not_found_in_raw
https://coincu.com/ondo-launches-day-one-tokenized-ipo/,posts,397230,https://coincu.com/news/ondo-finance-tokenized-stocks-solana/,https://coincu.com/ondo-finance-tokenized-stocks-solana/,1,0,not_found_in_raw
https://coincu.com/ondo-picks-chainlink-to-power-tokenized/,posts,373400,https://coincu.com/news/ondo-brings-tokenized-u-s-stocks-and/,https://coincu.com/ondo-brings-tokenized-u-s-stocks-and/,1,0,not_found_in_raw
https://coincu.com/ondo-price-prediction-bulls-defend-0-86/,posts,366876,https://coincu.com/news/token2049-removes-a7a5-sanctions/,https://coincu.com/token2049-removes-a7a5-sanctions/,1,0,not_found_in_raw
https://coincu.com/ondo-sec-nasdaq-tokenized-stocks/,posts,369586,https://coincu.com/analysis/ondo-price-prediction-bulls-defend-0-86/,https://coincu.com/ondo-price-prediction-bulls-defend-0-86/,1,0,not_found_in_raw
https://coincu.com/ondo-sec-nasdaq-tokenized-stocks/,posts,369586,https://coincu.com/markets/crypto-market-liquidations-bitcoin-ethereum/,https://coincu.com/crypto-market-liquidations-bitcoin-ethereum/,1,0,not_found_in_raw
https://coincu.com/oobit-integrates-phantom-wallet-for-visa/,posts,388825,https://coincu.com/news/visa-bvnk-stablecoin-partnership/,https://coincu.com/visa-bvnk-stablecoin-partnership/,2,0,not_found_in_raw
https://coincu.com/openai-secures-110b-partners-with-amazon/,posts,396217,https://coincu.com/analysis/nvidia-openai-investment-consideration/,https://coincu.com/nvidia-openai-investment-consideration/,1,0,not_found_in_raw
https://coincu.com/openai-secures-110b-partners-with-amazon/,posts,396217,https://coincu.com/news/softbank-openai-funding-delays/,https://coincu.com/softbank-openai-funding-delays/,1,0,not_found_in_raw
https://coincu.com/paul-atkins-sec-and-cftc-crypto-regulation/,posts,390894,https://coincu.com/news/sec-cftc-collaborate-crypto-regulation/,https://coincu.com/sec-cftc-collaborate-crypto-regulation/,1,0,not_found_in_raw
https://coincu.com/paxos-mints-300-trillion-in-pyusd-on/,posts,369051,https://coincu.com/news/paxos-launches-paxos-labs-integration/,https://coincu.com/paxos-launches-paxos-labs-integration/,1,0,not_found_in_raw
https://coincu.com/paxos-mints-300-trillion-in-pyusd-on/,posts,369051,https://coincu.com/news/paxos-treasury-destroyed-over-400m-busd/,https://coincu.com/paxos-treasury-destroyed-over-400m-busd/,1,0,not_found_in_raw
https://coincu.com/paxos-mints-300-trillion-in-pyusd-on/,posts,369051,https://coincu.com/news/paypal-expands-pyusd-blockchains/,https://coincu.com/paypal-expands-pyusd-blockchains/,1,0,not_found_in_raw
https://coincu.com/paypal-expands-pyusd0-to-sei-tron-and/,posts,362955,https://coincu.com/analysis/sei-charts-hint-at-rebound/,https://coincu.com/sei-charts-hint-at-rebound/,1,0,not_found_in_raw
https://coincu.com/paypal-expands-pyusd0-to-sei-tron-and/,posts,362955,https://coincu.com/news/paypal-pyusd-launches-stellar/,https://coincu.com/paypal-pyusd-launches-stellar/,1,0,not_found_in_raw
https://coincu.com/pboc-stablecoins-risks-discussion/,posts,371741,https://coincu.com/markets/federal-reserve-announces-rate-cut/,https://coincu.com/federal-reserve-announces-rate-cut/,1,0,not_found_in_raw
https://coincu.com/pboc-stablecoins-risks-discussion/,posts,371741,https://coincu.com/news/hong-kong-tokenization-policy-2025/,https://coincu.com/hong-kong-tokenization-policy-2025/,1,0,not_found_in_raw
https://coincu.com/pendle-finance-reports-tvl-surge/,posts,378896,https://coincu.com/analysis/btc-107k-signaling-a-move-to-115k/,https://coincu.com/btc-107k-signaling-a-move-to-115k/,1,0,not_found_in_raw
https://coincu.com/pendle-finance-reports-tvl-surge/,posts,378896,https://coincu.com/news/near-protocol-near-intents-impact/,https://coincu.com/near-protocol-near-intents-impact/,1,0,not_found_in_raw
https://coincu.com/pengu-0-012-support-could-lead-to0-023/,posts,378362,https://coincu.com/analysis/pengu-finds-support-is-a-breakout/,https://coincu.com/pengu-finds-support-is-a-breakout/,1,0,not_found_in_raw
https://coincu.com/pengu-at-key-support-is-a-30-breakout/,posts,370680,https://coincu.com/analysis/pengu-price-surge-signals-market-flip/,https://coincu.com/pengu-price-surge-signals-market-flip/,1,0,not_found_in_raw
https://coincu.com/pengu-at-key-support-is-a-30-breakout/,posts,370680,https://coincu.com/analysis/pengu-shows-bullish-potential-at-0-50-fib/,https://coincu.com/pengu-shows-bullish-potential-at-0-50-fib/,1,0,not_found_in_raw
https://coincu.com/pengu-breakout-watch-0-0138-breach/,posts,388859,https://coincu.com/analysis/pengu-to-break-0-02-with-growing-interest/,https://coincu.com/pengu-to-break-0-02-with-growing-interest/,1,0,not_found_in_raw
https://coincu.com/pengu-bullish-could-0-30-be-the-target/,posts,378833,https://coincu.com/analysis/pengu-0-012-support-could-lead-to0-023/,https://coincu.com/pengu-0-012-support-could-lead-to0-023/,1,0,not_found_in_raw
https://coincu.com/pengu-finds-support-is-a-breakout/,posts,377528,https://coincu.com/analysis/pengu-at-key-support-is-a-30-breakout/,https://coincu.com/pengu-at-key-support-is-a-30-breakout/,1,0,not_found_in_raw
https://coincu.com/pengu-holds-support-at-0-0085-rebound/,posts,392739,https://coincu.com/analysis/pengu-breakout-watch-0-0138-breach/,https://coincu.com/pengu-breakout-watch-0-0138-breach/,1,0,not_found_in_raw
https://coincu.com/pengu-price-surge-signals-market-flip/,posts,366054,https://coincu.com/analysis/pengu-bullish-rally-to-0-22/,https://coincu.com/pengu-bullish-rally-to-0-22/,1,0,not_found_in_raw
https://coincu.com/pengu-reclaim-0030-bullishtarget-0036/,posts,376768,https://coincu.com/analysis/pengu-surge-after-breaking-falling-wedge/,https://coincu.com/pengu-surge-after-breaking-falling-wedge/,1,0,not_found_in_raw
https://coincu.com/pengu-reclaims-crucial-0-01-zone/,posts,381294,https://coincu.com/analysis/pengu-0-012-support-could-lead-to0-023/,https://coincu.com/pengu-0-012-support-could-lead-to0-023/,1,0,not_found_in_raw
https://coincu.com/pengu-reclaims-crucial-0-01-zone/,posts,381294,https://coincu.com/analysis/pengu-bullish-rally-to-0-22/,https://coincu.com/pengu-bullish-rally-to-0-22/,1,0,not_found_in_raw
https://coincu.com/pengu-shows-bullish-potential-at-0-50-fib/,posts,365358,https://coincu.com/analysis/pengu-repeats-its-previous-rally/,https://coincu.com/pengu-repeats-its-previous-rally/,1,0,not_found_in_raw
https://coincu.com/pengu-surge-after-breaking-falling-wedge/,posts,371871,https://coincu.com/analysis/pengu-at-key-support-is-a-30-breakout/,https://coincu.com/pengu-at-key-support-is-a-30-breakout/,1,0,not_found_in_raw
https://coincu.com/pengu-to-break-0-02-with-growing-interest/,posts,388566,https://coincu.com/analysis/pengu-reclaims-crucial-0-01-zone/,https://coincu.com/pengu-reclaims-crucial-0-01-zone/,1,0,not_found_in_raw
https://coincu.com/pennsylvania-bill-seeks-to-ban-public/,posts,356536,https://coincu.com/news/house-passes-crypto-bills-procedural-rules/,https://coincu.com/house-passes-crypto-bills-procedural-rules/,1,0,not_found_in_raw
https://coincu.com/pepe-bounce-demand-zone-speculation/,posts,388061,https://coincu.com/analysis/pepe-forms-higher-base-volume-returns/,https://coincu.com/pepe-forms-higher-base-volume-returns/,1,0,not_found_in_raw
https://coincu.com/pepe-head-and-shoulders-pattern-drop/,posts,370980,https://coincu.com/analysis/pepe-holds-symmetrical-triangle-as-price/,https://coincu.com/pepe-holds-symmetrical-triangle-as-price/,1,0,not_found_in_raw
https://coincu.com/pepe-holds-symmetrical-triangle-as-price/,posts,365143,https://coincu.com/analysis/pepe-hits-major-sell-wall-at-0-0000127/,https://coincu.com/pepe-hits-major-sell-wall-at-0-0000127/,1,0,not_found_in_raw
https://coincu.com/pepe-website-hack-redirects-malicious/,posts,381566,https://coincu.com/analysis/ethereum-showing-strength-new-ath-run/,https://coincu.com/ethereum-showing-strength-new-ath-run/,1,0,not_found_in_raw
https://coincu.com/perp-dex-review-how-perpetual-dexs-work-security-risks-honest-verdict/,posts,401911,https://coincu.com/news/hyperliquid-futures-5-6-billion/,https://coincu.com/hyperliquid-futures-5-6-billion/,1,0,not_found_in_raw
https://coincu.com/perp-dex-review-how-perpetual-dexs-work-security-risks-honest-verdict/,posts,401911,https://coincu.com/news/hyperliquid-leads-2025-crypto-trade/,https://coincu.com/hyperliquid-leads-2025-crypto-trade/,1,0,not_found_in_raw
https://coincu.com/perpetual-dex-trading-volumes-rise/,posts,378303,https://coincu.com/analysis/eth-tests-4250-is-a-breakout-or-pullback/,https://coincu.com/eth-tests-4250-is-a-breakout-or-pullback/,1,0,not_found_in_raw
https://coincu.com/phantom-adds-kalshi-prediction-markets/,posts,383002,https://coincu.com/markets/google-finance-adds-prediction-data/,https://coincu.com/google-finance-adds-prediction-data/,1,0,not_found_in_raw
https://coincu.com/phantom-adds-kalshi-prediction-markets/,posts,383002,https://coincu.com/news/solana-deposits-kalshi/,https://coincu.com/solana-deposits-kalshi/,1,0,not_found_in_raw
https://coincu.com/pieverse-x402b-protocol-launch/,posts,371692,https://coincu.com/analysis/sei-surges-30-next-stop-0-49/,https://coincu.com/sei-surges-30-next-stop-0-49/,1,0,not_found_in_raw
https://coincu.com/plasma-defi-stablecoin-banking-card/,posts,363947,https://coincu.com/news/tether-us-stablecoin-market-return/,https://coincu.com/tether-us-stablecoin-market-return/,1,0,not_found_in_raw
https://coincu.com/platform-x-crypto-posts-bot-surge/,posts,388267,https://coincu.com/markets/bitcoin-support-cost-basis-cluster/,https://coincu.com/bitcoin-support-cost-basis-cluster/,1,0,not_found_in_raw
https://coincu.com/platform-x-crypto-posts-bot-surge/,posts,388267,https://coincu.com/markets/strategy-reserve-fund-bitcoin/,https://coincu.com/strategy-reserve-fund-bitcoin/,1,0,not_found_in_raw
https://coincu.com/pnc-bank-bitcoin-trading-coinbase/,posts,382364,https://coincu.com/news/grayscale-to-launch-first-spot-chainlink/,https://coincu.com/grayscale-to-launch-first-spot-chainlink/,1,0,not_found_in_raw
https://coincu.com/polkadot-phase-2-referendum-1721/,posts,362401,https://coincu.com/analysis/solana-surges-above-230-support-level/,https://coincu.com/solana-surges-above-230-support-level/,1,0,not_found_in_raw
https://coincu.com/polkadot-phase-2-referendum-1721/,posts,362401,https://coincu.com/markets/fed-rate-cut-september-impact/,https://coincu.com/fed-rate-cut-september-impact/,1,0,not_found_in_raw
https://coincu.com/polkadot-sui-etfs-appear-on-dtcc/,posts,365944,https://coincu.com/analysis/sui-breakout-signals-epic-move-to-8/https://coincu.com/analysis/sui-breakout-signals-epic-move-to-8/,https://coincu.com/analysis/sui-breakout-signals-epic-move-to-8/https:/coincu.com/analysis/sui-breakout-signals-epic-move-to-8/,1,0,not_found_in_raw
https://coincu.com/polkadot-sui-etfs-appear-on-dtcc/,posts,365944,https://coincu.com/analysis/sui-builds-momentum/,https://coincu.com/sui-builds-momentum/,1,0,not_found_in_raw
https://coincu.com/polkadot-surges-40-as-signals-3/,posts,396266,https://coincu.com/analysis/polkadot-to-hold-2-00-support-eyeing-4-10/,https://coincu.com/polkadot-to-hold-2-00-support-eyeing-4-10/,1,0,not_found_in_raw
https://coincu.com/polkadot-to-hold-2-00-support-eyeing-4-10/,posts,389915,https://coincu.com/news/polkadot-long-term-economic-changes/,https://coincu.com/polkadot-long-term-economic-changes/,1,0,not_found_in_raw
https://coincu.com/polkadots-dot-eyes-4-68-after-liquidity-sweep-and-key-upgrade/,posts,352997,https://coincu.com/analysis/polkadot-security-overhaul-dot-changes/,https://coincu.com/polkadot-security-overhaul-dot-changes/,1,0,not_found_in_raw
https://coincu.com/polymarket-announces-poly-token-airdrop/,posts,371244,https://coincu.com/news/polymarket-stocktwits-earnings-prediction/,https://coincu.com/polymarket-stocktwits-earnings-prediction/,1,0,not_found_in_raw
https://coincu.com/polymarket-cftc-approval-us-access/,posts,379948,https://coincu.com/markets/zcash-price-surge-hyperliquid-losses/,https://coincu.com/zcash-price-surge-hyperliquid-losses/,2,0,not_found_in_raw
https://coincu.com/polymarket-cftc-approval-us-access/,posts,379948,https://coincu.com/news/coinshares-etp-outflow-us-uncertainty/,https://coincu.com/coinshares-etp-outflow-us-uncertainty/,2,0,not_found_in_raw
https://coincu.com/polymarket-cftc-approval-us-market/,posts,379954,https://coincu.com/analysis/ethereum-price-reached-3k-growth-to-15k/,https://coincu.com/ethereum-price-reached-3k-growth-to-15k/,1,0,not_found_in_raw
https://coincu.com/polymarket-draftkings-prediction-market-launch/,posts,370888,https://coincu.com/news/polymarket-stocktwits-earnings-prediction/,https://coincu.com/polymarket-stocktwits-earnings-prediction/,1,0,not_found_in_raw
https://coincu.com/polymarket-fed-rate-cut-december/,posts,381735,https://coincu.com/analysis/fed-rate-cut-crypto-impact-10/,https://coincu.com/fed-rate-cut-crypto-impact-10/,1,0,not_found_in_raw
https://coincu.com/polymarket-ice-investment-valuation/,posts,367544,https://coincu.com/analysis/ethereum-correction-expected-to-end-soon/,https://coincu.com/ethereum-correction-expected-to-end-soon/,1,0,not_found_in_raw
https://coincu.com/polymarket-kalshi-lead-market/,posts,371586,https://coincu.com/analysis/ethereum-eye-new-ath-with-4880-breakout/,https://coincu.com/ethereum-eye-new-ath-with-4880-breakout/,1,0,not_found_in_raw
https://coincu.com/polymarket-kalshi-lead-market/,posts,371586,https://coincu.com/news/polymarket-stocktwits-earnings-prediction/,https://coincu.com/polymarket-stocktwits-earnings-prediction/,1,0,not_found_in_raw
https://coincu.com/polymarket-prepares-u-s-comeback-with/,posts,372119,https://coincu.com/markets/polymarket-kalshi-lead-market/,https://coincu.com/polymarket-kalshi-lead-market/,1,0,not_found_in_raw
https://coincu.com/polymarket-prepares-u-s-comeback-with/,posts,372119,https://coincu.com/news/polymarket-draftkings-prediction-market-launch/,https://coincu.com/polymarket-draftkings-prediction-market-launch/,1,0,not_found_in_raw
https://coincu.com/polymarket-prepares-u-s-comeback-with/,posts,372119,https://coincu.com/news/polymarket-re-enter-us-market-qcx-acquisition/,https://coincu.com/polymarket-re-enter-us-market-qcx-acquisition/,1,0,not_found_in_raw
https://coincu.com/polymarket-prepares-u-s-comeback-with/,posts,372119,https://coincu.com/news/polymarket-reentry-us-market-cftc-clearance/,https://coincu.com/polymarket-reentry-us-market-cftc-clearance/,1,0,not_found_in_raw
https://coincu.com/polymarket-prepares-u-s-comeback-with/,posts,372119,https://coincu.com/news/trump-media-to-launch-prediction-markets/,https://coincu.com/trump-media-to-launch-prediction-markets/,1,0,not_found_in_raw
https://coincu.com/polymarket-reentry-us-market-cftc-clearance/,posts,366148,https://coincu.com/markets/us-shutdown-probability-71-polymarket/,https://coincu.com/us-shutdown-probability-71-polymarket/,1,0,not_found_in_raw
https://coincu.com/polymarket-sues-to-stop-massachusetts/,posts,394034,https://coincu.com/analysis/us-shutdown-odds-polymarket/,https://coincu.com/us-shutdown-odds-polymarket/,1,0,not_found_in_raw
https://coincu.com/polymarket-sues-to-stop-massachusetts/,posts,394034,https://coincu.com/markets/polymarket-kalshi-lead-market/,https://coincu.com/polymarket-kalshi-lead-market/,1,0,not_found_in_raw
https://coincu.com/polymarket-sues-to-stop-massachusetts/,posts,394034,https://coincu.com/news/polymarket-cftc-approval-us-access/,https://coincu.com/polymarket-cftc-approval-us-access/,1,0,not_found_in_raw
https://coincu.com/polymarket-us-government-shutdown-probability/,posts,366752,https://coincu.com/markets/ethereum-829m-liquidation-cycle/,https://coincu.com/ethereum-829m-liquidation-cycle/,1,0,not_found_in_raw
https://coincu.com/polymarket-us-government-shutdown-probability/,posts,366752,https://coincu.com/markets/us-shutdown-employment-report-delay/,https://coincu.com/us-shutdown-employment-report-delay/,1,0,not_found_in_raw
https://coincu.com/portland-says-no-judge-blocks-trumps/,posts,366910,https://coincu.com/markets/us-gov-shutdown-trump-optimism/,https://coincu.com/us-gov-shutdown-trump-optimism/,1,0,not_found_in_raw
https://coincu.com/portland-says-no-judge-blocks-trumps/,posts,366910,https://coincu.com/news/trump-wlfi-sells-tokens-premium/,https://coincu.com/trump-wlfi-sells-tokens-premium/,1,0,not_found_in_raw
https://coincu.com/portugal-orders-polymarket-shutdown-amid/,posts,390062,https://coincu.com/news/ukraine-blocks-polymarket-gambling/,https://coincu.com/ukraine-blocks-polymarket-gambling/,1,0,not_found_in_raw
https://coincu.com/potential-us-government-shutdown-crypto-impact/,posts,365088,https://coincu.com/news/crypto-finance-anchornote-regulated-trades/,https://coincu.com/crypto-finance-anchornote-regulated-trades/,1,0,not_found_in_raw
https://coincu.com/powell-fed-chair-resignation-rumor/,posts,380812,https://coincu.com/analysis/crypto-market-decline-analyst-warning/,https://coincu.com/crypto-market-decline-analyst-warning/,1,0,not_found_in_raw
https://coincu.com/powell-fed-chair-resignation-rumor/,posts,380812,https://coincu.com/news/fed-chair-decision-trump/,https://coincu.com/fed-chair-decision-trump/,1,0,not_found_in_raw
https://coincu.com/prediction-markets-reach-record-12b-in/,posts,393045,https://coincu.com/markets/kalshi-trading-volume-peak-unconfirmed/,https://coincu.com/kalshi-trading-volume-peak-unconfirmed/,1,0,not_found_in_raw
https://coincu.com/prediction-markets-reach-record-12b-in/,posts,393045,https://coincu.com/news/coinbase-acquires-clearing-company/,https://coincu.com/coinbase-acquires-clearing-company/,1,0,not_found_in_raw
https://coincu.com/pump-breaks-resistance/,posts,365537,https://coincu.com/analysis/pump-whales-profit-sale/,https://coincu.com/pump-whales-profit-sale/,1,0,not_found_in_raw
https://coincu.com/pump-breaks-resistance/,posts,365537,https://coincu.com/markets/pump-fun-3-297m-buyback/,https://coincu.com/pump-fun-3-297m-buyback/,1,0,not_found_in_raw
https://coincu.com/pump-fun-3-297m-buyback/,posts,362529,https://coincu.com/analysis/bitcoin-difficulty-rise-september-2025/,https://coincu.com/bitcoin-difficulty-rise-september-2025/,1,0,not_found_in_raw
https://coincu.com/pump-fun-million-buyback-impact/,posts,367165,https://coincu.com/news/humidifi-solana-dex-5-57b-volume/,https://coincu.com/humidifi-solana-dex-5-57b-volume/,1,0,not_found_in_raw
https://coincu.com/pump-treasury-wallet-moves-112b-tokens/,posts,396105,https://coincu.com/news/pump-slips-as-on-chain-data-link-team-wallets-to-7-23m-sale/,https://coincu.com/,1,0,not_found_in_raw
https://coincu.com/pump-whales-profit-sale/,posts,363311,https://coincu.com/analysis/ethereum-is-breaking-out-heres-whats,https://coincu.com/ethereum-is-breaking-out-heres-whats/,1,0,not_found_in_raw
https://coincu.com/pump-whales-profit-sale/,posts,363311,https://coincu.com/analysis/whales-buy-80-7m-in-solana-as-sol,https://coincu.com/whales-buy-80-7m-in-solana-as-sol/,1,0,not_found_in_raw
https://coincu.com/pump-whales-profit-sale/,posts,363311,https://coincu.com/news/trump-family-crypto-wealth-increase/,https://coincu.com/trump-family-crypto-wealth-increase/,1,0,not_found_in_raw
https://coincu.com/qmmm-collapse-sparks-oversight-calls/,posts,369380,https://coincu.com/news/binance-cz-meme-coin-surge/,https://coincu.com/binance-cz-meme-coin-surge/,1,0,not_found_in_raw
https://coincu.com/qmmm-collapse-sparks-oversight-calls/,posts,369380,https://coincu.com/news/qmmm-holdings-crypto-strategy/,https://coincu.com/qmmm-holdings-crypto-strategy/,1,0,not_found_in_raw
https://coincu.com/qmmm-collapse-sparks-oversight-calls/,posts,369380,https://coincu.com/news/sec-suspends-trading-in-qmmm-after-stock/,https://coincu.com/sec-suspends-trading-in-qmmm-after-stock/,1,0,not_found_in_raw
https://coincu.com/qmmm-holdings-crypto-strategy/,posts,361225,https://coincu.com/news/sol-strategies-nasdaq-solana-listing/,https://coincu.com/sol-strategies-nasdaq-solana-listing/,1,0,not_found_in_raw
https://coincu.com/rabby-wallet-review-the-game-changing-wallet/,posts,210005,https://coincu.com/news/scam-wallet-app-stole-over-70000/,https://coincu.com/scam-wallet-app-stole-over-70000/,1,0,not_found_in_raw
https://coincu.com/rakbank-gains-cbuae-nod-to-launch/,posts,387501,https://coincu.com/news/first-dirham-pegged-stablecoin-approved/,https://coincu.com/first-dirham-pegged-stablecoin-approved/,1,0,not_found_in_raw
https://coincu.com/rakbank-gains-cbuae-nod-to-launch/,posts,387501,https://coincu.com/news/uae-successfully-completes-first-digital/,https://coincu.com/uae-successfully-completes-first-digital/,1,0,not_found_in_raw
https://coincu.com/raptor-group-defi-investment-fund/,posts,366984,https://coincu.com/news/citigroup-stablecoin-prediction-2030-2/,https://coincu.com/citigroup-stablecoin-prediction-2030-2/,1,0,not_found_in_raw
https://coincu.com/rare-liquidity-signal-that-preceded/,posts,377412,https://coincu.com/analysis/bitcoin-bounces-support-eyeing-bullish/,https://coincu.com/bitcoin-bounces-support-eyeing-bullish/,1,0,not_found_in_raw
https://coincu.com/rare-liquidity-signal-that-preceded/,posts,377412,https://coincu.com/news/stablecoin-reserve-1-6-billion/,https://coincu.com/stablecoin-reserve-1-6-billion/,1,0,not_found_in_raw
https://coincu.com/raydium-review-the-best-liquidity/,posts,172409,https://coincu.com/news/pump-fun-amm-development-shakes-ray-token/,https://coincu.com/pump-fun-amm-development-shakes-ray-token/,1,0,not_found_in_raw
https://coincu.com/raydium-review-the-best-liquidity/,posts,172409,https://coincu.com/news/pump-fun-million-buyback-impact/,https://coincu.com/pump-fun-million-buyback-impact/,1,0,not_found_in_raw
https://coincu.com/raydium-review-the-best-liquidity/,posts,172409,https://coincu.com/news/pump-fun-overtakes-ethereum-fee-revenue/,https://coincu.com/pump-fun-overtakes-ethereum-fee-revenue/,1,0,not_found_in_raw
https://coincu.com/raydium-review-the-best-liquidity/,posts,172409,https://coincu.com/news/solana-dex-trading-volume-hits-5b-daily-for-3d/,https://coincu.com/solana-dex-trading-volume-hits-5b-daily-for-3d/,1,0,not_found_in_raw
https://coincu.com/raydium-review-the-best-liquidity/,posts,172409,https://coincu.com/news/solana-pumpswap-dex-volume-surge/,https://coincu.com/solana-pumpswap-dex-volume-surge/,1,0,not_found_in_raw
https://coincu.com/rd-technologies-oristapay-launch/,posts,365247,https://coincu.com/analysis/ethereum-hits-4100-liquidity/,https://coincu.com/ethereum-hits-4100-liquidity/,1,0,not_found_in_raw
https://coincu.com/record-digital-asset-inflown/,posts,366922,https://coincu.com/news/institutional-crypto-investment-2025/,https://coincu.com/institutional-crypto-investment-2025/,1,0,not_found_in_raw
https://coincu.com/regulated-us-spot-crypto-trading/,posts,381445,https://coincu.com/analysis/bitcoin-etfs-bleed-2-8b/,https://coincu.com/bitcoin-etfs-bleed-2-8b/,1,0,not_found_in_raw
https://coincu.com/regulated-us-spot-crypto-trading/,posts,381445,https://coincu.com/news/grayscale-launches-first-u-s-spot/,https://coincu.com/grayscale-launches-first-u-s-spot/,1,0,not_found_in_raw
https://coincu.com/republic-integrates-injective-to-expand/,posts,356491,https://coincu.com/news/injective-protocol-raised-40-million/,https://coincu.com/injective-protocol-raised-40-million/,1,0,not_found_in_raw
https://coincu.com/republicans-support-stock-trading-ban/,posts,388377,https://coincu.com/analysis/federal-reserve-crypto-impact-rate-cut/,https://coincu.com/federal-reserve-crypto-impact-rate-cut/,1,0,not_found_in_raw
https://coincu.com/republicans-support-stock-trading-ban/,posts,388377,https://coincu.com/markets/tom-lee-sp500-melt-up/,https://coincu.com/tom-lee-sp500-melt-up/,1,0,not_found_in_raw
https://coincu.com/republicans-support-stock-trading-ban/,posts,388377,https://coincu.com/news/trump-federal-reserve-chair-announcement/,https://coincu.com/trump-federal-reserve-chair-announcement/,1,0,not_found_in_raw
https://coincu.com/revolut-eu-crypto-mica-license/,posts,370856,https://coincu.com/news/uk-and-us-prepare-crypto-regulation/,https://coincu.com/uk-and-us-prepare-crypto-regulation/,1,0,not_found_in_raw
https://coincu.com/revolut-fee-free-stablecoin-exchange/,posts,373614,https://coincu.com/news/a16z-crypto-urges-us-legislation/,https://coincu.com/a16z-crypto-urges-us-legislation/,1,0,not_found_in_raw
https://coincu.com/revolut-partners-with-trust-wallet-for/,posts,382759,https://coincu.com/news/revolut-eu-crypto-mica-license/,https://coincu.com/revolut-eu-crypto-mica-license/,1,0,not_found_in_raw
https://coincu.com/revolut-partners-with-trust-wallet-for/,posts,382759,https://coincu.com/news/revolut-polygon-stablecoin-transfers/,https://coincu.com/revolut-polygon-stablecoin-transfers/,1,0,not_found_in_raw
https://coincu.com/revolut-polygon-stablecoin-transfers/,posts,378997,https://coincu.com/markets/us-government-shutdown-economic-impact/,https://coincu.com/us-government-shutdown-economic-impact/,1,0,not_found_in_raw
https://coincu.com/riksbank-report-stablecoin-policy-convergence/,posts,381023,https://coincu.com/markets/stablecoin-supply-bitcoin-price-trends/,https://coincu.com/stablecoin-supply-bitcoin-price-trends/,1,0,not_found_in_raw
https://coincu.com/riksbank-report-stablecoin-policy-convergence/,posts,381023,https://coincu.com/news/klarna-launches-klarnausd-stablecoin/,https://coincu.com/klarna-launches-klarnausd-stablecoin/,1,0,not_found_in_raw
https://coincu.com/ripple-acquires-hidden-road-launches-2/,posts,371232,https://coincu.com/analysis/xrp-holds-3-after-breakout/,https://coincu.com/xrp-holds-3-after-breakout/,1,0,not_found_in_raw
https://coincu.com/ripple-amina-cross-border-payments/,posts,384112,https://coincu.com/news/solana-dapp-revenue-exceeds-187m/,https://coincu.com/solana-dapp-revenue-exceeds-187m/,1,0,not_found_in_raw
https://coincu.com/ripple-etfs-reach-1-17-of-xrp-market-cap/,posts,395183,https://coincu.com/news/xrp-price-forecast-cut-65-amid-etf/,https://coincu.com/xrp-price-forecast-cut-65-amid-etf/,1,0,not_found_in_raw
https://coincu.com/ripple-expands-mpi-license-singapore/,posts,380942,https://coincu.com/analysis/xrp-rebounds-from-key-support/,https://coincu.com/xrp-rebounds-from-key-support/,1,0,not_found_in_raw
https://coincu.com/ripple-fca-approval-uk-operations/,posts,388173,https://coincu.com/news/china-crypto-comprehensive-governance/,https://coincu.com/china-crypto-comprehensive-governance/,1,0,not_found_in_raw
https://coincu.com/ripple-now-lets-clients-trade-crypto/,posts,397099,https://coincu.com/news/ripple-acquires-hidden-road-launches-2/,https://coincu.com/ripple-acquires-hidden-road-launches-2/,1,0,not_found_in_raw
https://coincu.com/ripple-receives-preliminary-emi-license/,posts,388767,https://coincu.com/news/mica-crypto-alliance-ripple-hedera-and-aptos/,https://coincu.com/mica-crypto-alliance-ripple-hedera-and-aptos/,1,0,not_found_in_raw
https://coincu.com/ripple-receives-preliminary-emi-license/,posts,388767,https://coincu.com/news/ripple-amina-cross-border-payments/,https://coincu.com/ripple-amina-cross-border-payments/,1,0,not_found_in_raw
https://coincu.com/ripple-receives-preliminary-emi-license/,posts,388767,https://coincu.com/news/ripple-fca-approval-uk-operations/,https://coincu.com/ripple-fca-approval-uk-operations/,1,0,not_found_in_raw
https://coincu.com/ripple-rlusd-abu-dhabi-approval/,posts,380314,https://coincu.com/analysis/xrp-crash-coming-all-eyes-on-nov-24-etf/,https://coincu.com/xrp-crash-coming-all-eyes-on-nov-24-etf/,1,0,not_found_in_raw
https://coincu.com/ripple-rules-out-ipo-as-growth-focus/,posts,387525,https://coincu.com/markets/xrp-price-prediction-2026-xrp-reclaims-2-on-etf-inflows-and-on-chain-growth/,https://coincu.com/xrp-price-prediction-2026-xrp-reclaims-2-on-etf-inflows-and-on-chain-growth/,1,0,not_found_in_raw
https://coincu.com/ripple-rules-out-ipo-as-growth-focus/,posts,387525,https://coincu.com/news/ripple-stablecoin-expansion-layer-2/,https://coincu.com/ripple-stablecoin-expansion-layer-2/,1,0,not_found_in_raw
https://coincu.com/ripple-secures-approval-to-expand/,posts,380890,https://coincu.com/news/ripple-rlusd-abu-dhabi-approval/,https://coincu.com/ripple-rlusd-abu-dhabi-approval/,2,0,not_found_in_raw
https://coincu.com/ripple-secures-approval-to-expand/,posts,380890,https://coincu.com/news/singapore-tokenized-finance-initiative/,https://coincu.com/singapore-tokenized-finance-initiative/,1,0,not_found_in_raw
https://coincu.com/ripple-secures-fca-registration-expands/,posts,387826,https://coincu.com/analysis/xrp-holds-strong-next-stop-2-70/,https://coincu.com/xrp-holds-strong-next-stop-2-70/,1,0,not_found_in_raw
https://coincu.com/ripple-secures-fca-registration-expands/,posts,387826,https://coincu.com/news/uk-fca-crypto-regulation-plans/,https://coincu.com/uk-fca-crypto-regulation-plans/,1,0,not_found_in_raw
https://coincu.com/ripple-stablecoin-expansion-layer-2/,posts,383577,https://coincu.com/news/coinbase-expands-coin50-2025/,https://coincu.com/coinbase-expands-coin50-2025/,1,0,not_found_in_raw
https://coincu.com/ripple-stablecoin-expansion-layer-2/,posts,383577,https://coincu.com/news/riksbank-report-stablecoin-policy-convergence/,https://coincu.com/riksbank-report-stablecoin-policy-convergence/,1,0,not_found_in_raw
https://coincu.com/ripple-xrp-set-for-takeoff-once-previous-all-time-highs-ripple-xrp/,posts,356864,https://coincu.com/analysis/xrp-price-holds-strong-around-3-05/,https://coincu.com/xrp-price-holds-strong-around-3-05/,1,0,not_found_in_raw
https://coincu.com/ripples-rlusd-stablecoin-listed-on/,posts,390303,https://coincu.com/analysis/xrp-tests-key-support-next-stop-2-50/,https://coincu.com/xrp-tests-key-support-next-stop-2-50/,1,0,not_found_in_raw
https://coincu.com/ripples-rlusd-stablecoin-listed-on/,posts,390303,https://coincu.com/news/ripple-stablecoin-expansion-layer-2/,https://coincu.com/ripple-stablecoin-expansion-layer-2/,1,0,not_found_in_raw
https://coincu.com/rootdatas-report-crypto-financing-trends/,posts,366853,https://coincu.com/news/asia-drives-crypto-growth-as-market-power/,https://coincu.com/asia-drives-crypto-growth-as-market-power/,1,0,not_found_in_raw
https://coincu.com/rootdatas-report-crypto-financing-trends/,posts,366853,https://coincu.com/news/crypto-market-structure-act-2025/,https://coincu.com/crypto-market-structure-act-2025/,1,0,not_found_in_raw
https://coincu.com/rootdatas-report-crypto-financing-trends/,posts,366853,https://coincu.com/news/digital-asset-treasury-2023-20-billion/,https://coincu.com/digital-asset-treasury-2023-20-billion/,1,0,not_found_in_raw
https://coincu.com/russia-asks-musk-to-build-65b-tunnel/,posts,369525,https://coincu.com/news/musk-us-debt-crisis-warning/,https://coincu.com/musk-us-debt-crisis-warning/,1,0,not_found_in_raw
https://coincu.com/russia-asks-musk-to-build-65b-tunnel/,posts,369525,https://coincu.com/news/russian-banks-crypto-regulations/,https://coincu.com/russian-banks-crypto-regulations/,1,0,not_found_in_raw
https://coincu.com/rwa-market-growth-forecast/,posts,373426,https://coincu.com/news/uk-and-us-prepare-crypto-regulation/,https://coincu.com/uk-and-us-prepare-crypto-regulation/,1,0,not_found_in_raw
https://coincu.com/rwa-transfers-on-xrp-ledger-jump-over-12k/,posts,397551,https://coincu.com/markets/on-chain-rwas-top-25b-as-tokenized-treasuries-lead/,https://coincu.com/on-chain-rwas-top-25b-as-tokenized-treasuries-lead/,1,0,not_found_in_raw
https://coincu.com/safe-and-circle-partner-to-advance-usdc/,posts,368726,https://coincu.com/markets/stablecoin-market-cap-institutional-flows/,https://coincu.com/stablecoin-market-cap-institutional-flows/,1,0,not_found_in_raw
https://coincu.com/safe-and-circle-partner-to-advance-usdc/,posts,368726,https://coincu.com/news/circle-focus-usdc-hong-kong/,https://coincu.com/circle-focus-usdc-hong-kong/,1,0,not_found_in_raw
https://coincu.com/safe-and-circle-partner-to-advance-usdc/,posts,368726,https://coincu.com/news/circle-usdc-75-billion-milestone/,https://coincu.com/circle-usdc-75-billion-milestone/,1,0,not_found_in_raw
https://coincu.com/sam-bankman-fried-pardon-odds-hit-10-on/,posts,371406,https://coincu.com/news/ftx-founder-sbf-prison-sentence-update/,https://coincu.com/ftx-founder-sbf-prison-sentence-update/,1,0,not_found_in_raw
https://coincu.com/sam-bankman-fried-pardon-odds-hit-10-on/,posts,371406,https://coincu.com/news/trump-pardons-binance-founder-3/,https://coincu.com/trump-pardons-binance-founder-3/,1,0,not_found_in_raw
https://coincu.com/samani-expands-multicoin-solana-treasury/,posts,362423,https://coincu.com/news/samani-solana-investment/,https://coincu.com/samani-solana-investment/,1,0,not_found_in_raw
https://coincu.com/samsung-coinbase-crypto-access/,posts,366336,https://coincu.com/news/aave-founder-sells-ethena-tokens/,https://coincu.com/aave-founder-sells-ethena-tokens/,1,0,not_found_in_raw
https://coincu.com/sbf-appeal-trial-scrutiny/,posts,374049,https://coincu.com/news/cryptocom-us-trust-bank-license/,https://coincu.com/cryptocom-us-trust-bank-license/,1,0,not_found_in_raw
https://coincu.com/sbf-appeal-trial-scrutiny/,posts,374049,https://coincu.com/news/mt-gox-trustee-bitcoin-repayment-2025/,https://coincu.com/mt-gox-trustee-bitcoin-repayment-2025/,1,0,not_found_in_raw
https://coincu.com/scaramucci-joins-avalanche-tokenization/,posts,364020,https://coincu.com/news/uk-and-us-prepare-crypto-regulation/,https://coincu.com/uk-and-us-prepare-crypto-regulation/,1,0,not_found_in_raw
https://coincu.com/schiff-saylor-mstr-debate-dubai/,posts,378659,https://coincu.com/news/senate-struggles-end-shutdown/,https://coincu.com/senate-struggles-end-shutdown/,1,0,not_found_in_raw
https://coincu.com/schiff-saylor-mstr-debate-dubai/,posts,378659,https://coincu.com/news/strategy-buys-487-btc-at-102k-holdings/,https://coincu.com/strategy-buys-487-btc-at-102k-holdings/,1,0,not_found_in_raw
https://coincu.com/sec-blocks-high-leverage-etf-launches/,posts,381234,https://coincu.com/markets/global-etf-issuance-2025-record/,https://coincu.com/global-etf-issuance-2025-record/,1,0,not_found_in_raw
https://coincu.com/sec-blocks-high-leverage-etf-launches/,posts,381234,https://coincu.com/markets/us-leverage-5x-etf-proposal/,https://coincu.com/us-leverage-5x-etf-proposal/,1,0,not_found_in_raw
https://coincu.com/sec-cftc-collaborate-crypto-regulation/,posts,385716,https://coincu.com/news/sec-paul-atkins-market-innovations/,https://coincu.com/sec-paul-atkins-market-innovations/,1,0,not_found_in_raw
https://coincu.com/sec-cftc-collaborate-crypto-regulation/,posts,385716,https://coincu.com/news/sec-project-crypto-new-regulations/,https://coincu.com/sec-project-crypto-new-regulations/,1,0,not_found_in_raw
https://coincu.com/sec-cftc-crypto-regulation-roundtables/,posts,361161,https://coincu.com/markets/cryptocurrency-token-unlocks-september-2025/,https://coincu.com/cryptocurrency-token-unlocks-september-2025/,1,0,not_found_in_raw
https://coincu.com/sec-cftc-crypto-regulation-roundtables/,posts,361161,https://coincu.com/news/sec-cftc-crypto-regulation-roundtable/,https://coincu.com/sec-cftc-crypto-regulation-roundtable/,1,0,not_found_in_raw
https://coincu.com/sec-chair-calls-for-privacy-protection/,posts,383665,https://coincu.com/news/sec-chairman-unifies-crypto-framework/,https://coincu.com/sec-chairman-unifies-crypto-framework/,1,0,not_found_in_raw
https://coincu.com/sec-chair-calls-for-privacy-protection/,posts,383665,https://coincu.com/news/sec-changes-crypto-regulation/,https://coincu.com/sec-changes-crypto-regulation/,1,0,not_found_in_raw
https://coincu.com/sec-chair-calls-for-privacy-protection/,posts,383665,https://coincu.com/news/sec-paul-atkins-crypto-innovation/,https://coincu.com/sec-paul-atkins-crypto-innovation/,1,0,not_found_in_raw
https://coincu.com/sec-chairman-unifies-crypto-framework/,posts,361336,https://coincu.com/news/crypto-regulatory-harmonization-roundtable/,https://coincu.com/crypto-regulatory-harmonization-roundtable/,1,0,not_found_in_raw
https://coincu.com/sec-closes-ondo-investigation-with-no/,posts,382133,https://coincu.com/news/ondo-finance-acquires-oasis-pro-to-expand/,https://coincu.com/ondo-finance-acquires-oasis-pro-to-expand/,1,0,not_found_in_raw
https://coincu.com/sec-closes-ondo-investigation-with-no/,posts,382133,https://coincu.com/news/ondo-finance-tokenized-stocks-europe/,https://coincu.com/ondo-finance-tokenized-stocks-europe/,1,0,not_found_in_raw
https://coincu.com/sec-closes-ondo-investigation-with-no/,posts,382133,https://coincu.com/news/sec-market-tokenization-shift/,https://coincu.com/sec-market-tokenization-shift/,1,0,not_found_in_raw
https://coincu.com/sec-deregulation-crypto-modernization/,posts,365357,https://coincu.com/markets/solana-token-creation-decline/,https://coincu.com/solana-token-creation-decline/,1,0,not_found_in_raw
https://coincu.com/sec-digital-asset-etf-listings/,posts,362711,https://coincu.com/news/sec-canary-spot-sei-etf-application/,https://coincu.com/sec-canary-spot-sei-etf-application/,1,0,not_found_in_raw
https://coincu.com/sec-drops-19b-4-filings-speeds-up-spot/,posts,365426,https://coincu.com/news/sec-crypto-etfs-october-2025/,https://coincu.com/sec-crypto-etfs-october-2025/,1,0,not_found_in_raw
https://coincu.com/sec-etf-filing-withdrawals/,posts,365387,https://coincu.com/news/crypto-market-structure-act-2025/,https://coincu.com/crypto-market-structure-act-2025/,1,0,not_found_in_raw
https://coincu.com/sec-etf-filing-withdrawals/,posts,365387,https://coincu.com/news/helius-medical-solana-acquisition/,https://coincu.com/helius-medical-solana-acquisition/,1,0,not_found_in_raw
https://coincu.com/sec-eyes-xrp-doge-ltc-etfs/,posts,367427,https://coincu.com/analysis/bitcoin-etfs-see-985m-inflows/,https://coincu.com/bitcoin-etfs-see-985m-inflows/,1,0,not_found_in_raw
https://coincu.com/sec-innovation-hub-digital-assets-2025/,posts,367349,https://coincu.com/markets/crypto-market-optimism-chaincatcher-event/,https://coincu.com/crypto-market-optimism-chaincatcher-event/,1,0,not_found_in_raw
https://coincu.com/sec-market-tokenization-shift/,posts,382034,https://coincu.com/analysis/ethereum-showing-strength-new-ath-run/,https://coincu.com/ethereum-showing-strength-new-ath-run/,1,0,not_found_in_raw
https://coincu.com/sec-market-tokenization-shift/,posts,382034,https://coincu.com/news/nasdaq-tokenized-stocks-sec-approval/,https://coincu.com/nasdaq-tokenized-stocks-sec-approval/,1,0,not_found_in_raw
https://coincu.com/sec-paul-atkins-crypto-innovation/,posts,369098,https://coincu.com/markets/crypto-market-trends-2025-traders/,https://coincu.com/crypto-market-trends-2025-traders/,1,0,not_found_in_raw
https://coincu.com/sec-paul-atkins-market-innovations/,posts,381000,https://coincu.com/analysis/fed-inflation-bitcoin-crypto-impact/,https://coincu.com/fed-inflation-bitcoin-crypto-impact/,1,0,not_found_in_raw
https://coincu.com/sec-project-crypto-new-regulations/,posts,381976,https://coincu.com/news/grayscale-launches-first-u-s-spot/,https://coincu.com/grayscale-launches-first-u-s-spot/,2,0,not_found_in_raw
https://coincu.com/sec-project-crypto-new-regulations/,posts,381976,https://coincu.com/markets/bitcoin-surges-trump-tariff-dividend/,https://coincu.com/bitcoin-surges-trump-tariff-dividend/,1,0,not_found_in_raw
https://coincu.com/sec-semiannual-reporting-proposal/,posts,365262,https://coincu.com/news/uk-us-taskforce-digital-regulation/,https://coincu.com/uk-us-taskforce-digital-regulation/,1,0,not_found_in_raw
https://coincu.com/sec-suspends-trading-in-qmmm-after-stock/,posts,365446,https://coincu.com/news/cayman-islands-require-vasp-license-crypto-firms/,https://coincu.com/cayman-islands-require-vasp-license-crypto-firms/,1,0,not_found_in_raw
https://coincu.com/sec-suspends-trading-in-qmmm-after-stock/,posts,365446,https://coincu.com/news/sec-drops-19b-4-filings-speeds-up-spot/,https://coincu.com/sec-drops-19b-4-filings-speeds-up-spot/,1,0,not_found_in_raw
https://coincu.com/securitize-appoints-jerome-roche-as/,posts,382435,https://coincu.com/news/blackrock-asset-tokenization-begins/,https://coincu.com/blackrock-asset-tokenization-begins/,1,0,not_found_in_raw
https://coincu.com/securitize-appoints-jerome-roche-as/,posts,382435,https://coincu.com/news/paypal-expands-pyusd-blockchains/,https://coincu.com/paypal-expands-pyusd-blockchains/,1,0,not_found_in_raw
https://coincu.com/sei-aims-to-reclaim-0-1363/,posts,389509,https://coincu.com/analysis/sei-eyes-breakout-0-23-critical-level/,https://coincu.com/sei-eyes-breakout-0-23-critical-level/,1,0,not_found_in_raw
https://coincu.com/sei-bounces-back-targeting-0-115/,posts,385672,https://coincu.com/analysis/sei-could-surge-to-0-17-if-breaks-0-14/,https://coincu.com/sei-could-surge-to-0-17-if-breaks-0-14/,1,0,not_found_in_raw
https://coincu.com/sei-breakout-alert/,posts,369021,https://coincu.com/analysis/sei-bullish-retest-nears-0-35-support/,https://coincu.com/sei-bullish-retest-nears-0-35-support/,1,0,not_found_in_raw
https://coincu.com/sei-breakout-alert/,posts,369021,https://coincu.com/analysis/sei-nears-golden-cross-on-3-day-chart/,https://coincu.com/sei-nears-golden-cross-on-3-day-chart/,1,0,not_found_in_raw
https://coincu.com/sei-bullish-retest-nears-0-35-support/,posts,364396,https://coincu.com/analysis/sei-eyes-0-38-breakout/,https://coincu.com/sei-eyes-0-38-breakout/,1,0,not_found_in_raw
https://coincu.com/sei-charts-hint-at-rebound/,posts,362247,https://coincu.com/analysis/sei-eyes-0-38-breakout/,https://coincu.com/sei-eyes-0-38-breakout/,1,0,not_found_in_raw
https://coincu.com/sei-charts-hint-at-rebound/,posts,362247,https://coincu.com/analysis/sei-surges-30-next-stop-0-49/,https://coincu.com/sei-surges-30-next-stop-0-49/,1,0,not_found_in_raw
https://coincu.com/sei-consolidation-hints-at-strong-upside-move-with-3-target-forecast/,posts,369702,https://coincu.com/analysis/sei-breakout-alert/,https://coincu.com/sei-breakout-alert/,1,0,not_found_in_raw
https://coincu.com/sei-could-surge-to-0-17-if-breaks-0-14/,posts,382552,https://coincu.com/analysis/sei-double-bottom-pattern-rally-to-400/,https://coincu.com/sei-double-bottom-pattern-rally-to-400/,1,0,not_found_in_raw
https://coincu.com/sei-double-bottom-pattern-rally-to-400/,posts,378927,https://coincu.com/analysis/sei-forms-weekly-falling-wedge-pattern/,https://coincu.com/sei-forms-weekly-falling-wedge-pattern/,1,0,not_found_in_raw
https://coincu.com/sei-eyes-breakout-0-23-critical-level/,posts,386823,https://coincu.com/analysis/sei-bounces-back-targeting-0-115/,https://coincu.com/sei-bounces-back-targeting-0-115/,1,0,not_found_in_raw
https://coincu.com/sei-eyes-breakout-to-0-22-as-bullish/,posts,371099,https://coincu.com/analysis/sei-breakout-alert/,https://coincu.com/sei-breakout-alert/,1,0,not_found_in_raw
https://coincu.com/sei-eyes-breakout-to-0-22-as-bullish/,posts,371099,https://coincu.com/analysis/sei-consolidation-hints-at-strong-upside-move-with-3-target-forecast/,https://coincu.com/sei-consolidation-hints-at-strong-upside-move-with-3-target-forecast/,1,0,not_found_in_raw
https://coincu.com/sei-forms-weekly-falling-wedge-pattern/,posts,376468,https://coincu.com/analysis/sei-gets-td-buy-signal-next-stop-0-31/,https://coincu.com/sei-gets-td-buy-signal-next-stop-0-31/,1,0,not_found_in_raw
https://coincu.com/sei-gets-td-buy-signal-next-stop-0-31/,posts,373415,https://coincu.com/analysis/momentum-builds-for-sei-can-bulls-push/,https://coincu.com/momentum-builds-for-sei-can-bulls-push/,1,0,not_found_in_raw
https://coincu.com/sei-nears-golden-cross-on-3-day-chart/,posts,366589,https://coincu.com/analysis/sei-bullish-retest-nears-0-35-support/,https://coincu.com/sei-bullish-retest-nears-0-35-support/,1,0,not_found_in_raw
https://coincu.com/sei-nears-golden-cross-on-3-day-chart/,posts,366589,https://coincu.com/analysis/sei-defi-ecosystem-grows-68-to-600m/,https://coincu.com/sei-defi-ecosystem-grows-68-to-600m/,1,0,not_found_in_raw
https://coincu.com/sei-price-struggles-in-falling-pressure-with-0-045-support-is-a-rebound-coming/,posts,397428,https://coincu.com/analysis/sei-holds-support-breakout-toward-0-30/,https://coincu.com/sei-holds-support-breakout-toward-0-30/,1,0,not_found_in_raw
https://coincu.com/sei-stablecoin-volume-soars-to-13-8b/,posts,369203,https://coincu.com/analysis/sei-breakout-alert/,https://coincu.com/sei-breakout-alert/,1,0,not_found_in_raw
https://coincu.com/sei-stablecoin-volume-soars-to-13-8b/,posts,369203,https://coincu.com/analysis/sei-defi-ecosystem-grows-68-to-600m/,https://coincu.com/sei-defi-ecosystem-grows-68-to-600m/,1,0,not_found_in_raw
https://coincu.com/sei-stablecoin-volume-soars-to-13-8b/,posts,369203,https://coincu.com/analysis/sei-nears-golden-cross-on-3-day-chart/,https://coincu.com/sei-nears-golden-cross-on-3-day-chart/,1,0,not_found_in_raw
https://coincu.com/sei-surges-30-next-stop-0-49/,posts,362005,https://coincu.com/analysis/sei-eyes-0-38-breakout/,https://coincu.com/sei-eyes-0-38-breakout/,1,0,not_found_in_raw
https://coincu.com/senate-advances-shutdown-bill/,posts,377339,https://coincu.com/analysis/bitcoin-above-105k-break-toward-130k/,https://coincu.com/bitcoin-above-105k-break-toward-130k/,1,0,not_found_in_raw
https://coincu.com/senate-advances-shutdown-bill/,posts,377339,https://coincu.com/news/senate-crypto-market-bill-draft/,https://coincu.com/senate-crypto-market-bill-draft/,1,0,not_found_in_raw
https://coincu.com/senate-crypto-market-bill-draft/,posts,373475,https://coincu.com/analysis/sei-surges-30-next-stop-0-49/,https://coincu.com/sei-surges-30-next-stop-0-49/,1,0,not_found_in_raw
https://coincu.com/senate-democrats-to-meet-crypto-leaders/,posts,370094,https://coincu.com/news/us-house-passes-clarity-act/,https://coincu.com/us-house-passes-clarity-act/,1,0,not_found_in_raw
https://coincu.com/senate-democrats-to-meet-crypto-leaders/,posts,370094,https://coincu.com/news/us-sec-lag-crypto-regulations/,https://coincu.com/us-sec-lag-crypto-regulations/,1,0,not_found_in_raw
https://coincu.com/senate-panel-advances-stock-trading-ban/,posts,351676,https://coincu.com/news/stablecoin-legislation-boosts-crypto-market/,https://coincu.com/stablecoin-legislation-boosts-crypto-market/,1,0,not_found_in_raw
https://coincu.com/senate-struggles-end-shutdown/,posts,377145,https://coincu.com/news/pboc-stablecoins-risks-discussion/,https://coincu.com/pboc-stablecoins-risks-discussion/,1,0,not_found_in_raw
https://coincu.com/senate-vote-government-reopening-delay/,posts,376807,https://coincu.com/markets/fed-interest-rate-cut-impact/,https://coincu.com/fed-interest-rate-cut-impact/,1,0,not_found_in_raw
https://coincu.com/senate-vote-government-reopening-delay/,posts,376807,https://coincu.com/news/us-shutdown-resolution-talks/,https://coincu.com/us-shutdown-resolution-talks/,1,0,not_found_in_raw
https://coincu.com/september-core-ppi-market-reaction/,posts,379884,https://coincu.com/news/feds-liquidity-measures-crypto-impact/,https://coincu.com/feds-liquidity-measures-crypto-impact/,1,0,not_found_in_raw
https://coincu.com/sg-forge-stablecoins-defi-ethereum/,posts,365527,https://coincu.com/markets/crypto-fear-greed-index-binance-updates/,https://coincu.com/crypto-fear-greed-index-binance-updates/,1,0,not_found_in_raw
https://coincu.com/sg-forge-stablecoins-defi-ethereum/,posts,365527,https://coincu.com/markets/institutional-whale-acquires-431000-eth/,https://coincu.com/institutional-whale-acquires-431000-eth/,1,0,not_found_in_raw
https://coincu.com/sharks-add-65k-btc-data-hints-at-supply/,posts,361895,https://coincu.com/news/bitcoin-drops-as-us-cpi-inflation-hits-2-9/,https://coincu.com/bitcoin-drops-as-us-cpi-inflation-hits-2-9/,1,0,not_found_in_raw
https://coincu.com/sharks-add-65k-btc-data-hints-at-supply/,posts,361895,https://coincu.com/news/gbtc-losses-soar-spot-btc-etfs-surge-in-1-29b/,https://coincu.com/gbtc-losses-soar-spot-btc-etfs-surge-in-1-29b/,1,0,not_found_in_raw
https://coincu.com/sharps-technology-solana-strategy/,posts,378816,https://coincu.com/markets/us-senate-vote-polymarket-odds/,https://coincu.com/us-senate-vote-polymarket-odds/,2,0,not_found_in_raw
https://coincu.com/sharps-technology-solana-strategy/,posts,378816,https://coincu.com/news/us-senate-funds-government-shutdown/,https://coincu.com/us-senate-funds-government-shutdown/,1,0,not_found_in_raw
https://coincu.com/shib-shows-strength-above-falling-wedge-support-as-price-eyes-surge-above-0-0000068-level/,posts,396959,https://coincu.com/analysis/shib-surge-near-0-00000800-falling-wedge/,https://coincu.com/shib-surge-near-0-00000800-falling-wedge/,1,0,not_found_in_raw
https://coincu.com/shib-surge-near-0-00000800-falling-wedge/,posts,390382,https://coincu.com/analysis/shiba-inu-major-200-to-test-resistance/,https://coincu.com/shiba-inu-major-200-to-test-resistance/,1,0,not_found_in_raw
https://coincu.com/singapore-tokenized-finance-initiative/,posts,377832,https://coincu.com/news/pboc-stablecoins-risks-discussion/,https://coincu.com/pboc-stablecoins-risks-discussion/,1,0,not_found_in_raw
https://coincu.com/skyai-skyai-review-mcp-data-rail-thesis/,posts,401534,https://coincu.com/news/bnb-chain-daily-transactions-record/,https://coincu.com/bnb-chain-daily-transactions-record/,1,0,not_found_in_raw
https://coincu.com/smart-cashtags-aim-to-clean-up-ticker/,posts,388369,https://coincu.com/news/platform-x-crypto-posts-bot-surge/,https://coincu.com/platform-x-crypto-posts-bot-surge/,1,0,not_found_in_raw
https://coincu.com/smart-cashtags-aim-to-clean-up-ticker/,posts,388369,https://coincu.com/news/republicans-support-stock-trading-ban/,https://coincu.com/republicans-support-stock-trading-ban/,1,0,not_found_in_raw
https://coincu.com/softbank-clears-22-5b-for-openai-as/,posts,371514,https://coincu.com/analysis/wld-whale-scores-91-gain/,https://coincu.com/wld-whale-scores-91-gain/,1,0,not_found_in_raw
https://coincu.com/softbank-clears-22-5b-for-openai-as/,posts,371514,https://coincu.com/news/softbank-openai-funding-delays/,https://coincu.com/softbank-openai-funding-delays/,1,0,not_found_in_raw
https://coincu.com/softbank-clears-22-5b-for-openai-as/,posts,371514,https://coincu.com/news/softbank-us-japan-wealth-fund/,https://coincu.com/softbank-us-japan-wealth-fund/,1,0,not_found_in_raw
https://coincu.com/sol-attempt-rebound-after-holding-support/,posts,394892,https://coincu.com/news/solana-sees-lending-on-staked-sol-under-three-party-custody/,https://coincu.com/,1,0,not_found_in_raw
https://coincu.com/sol-bounces-at-200-support/,posts,365091,https://coincu.com/analysis/solana-faces-pressure-as-price-tests-200/,https://coincu.com/solana-faces-pressure-as-price-tests-200/,1,0,not_found_in_raw
https://coincu.com/sol-bounces-at-200-support/,posts,365091,https://coincu.com/markets/solana-treasury-key-corporates-stake/,https://coincu.com/solana-treasury-key-corporates-stake/,1,0,not_found_in_raw
https://coincu.com/sol-bounces-strong-eyes-now-on-89-61/,posts,394520,https://coincu.com/analysis/solana-breaks-below-head-and-shoulders/,https://coincu.com/solana-breaks-below-head-and-shoulders/,1,0,not_found_in_raw
https://coincu.com/sol-bounces-strong-eyes-now-on-89-61/,posts,394520,https://coincu.com/analysis/solana-recovers-after-consolidation-190/,https://coincu.com/solana-recovers-after-consolidation-190/,1,0,not_found_in_raw
https://coincu.com/sol-breakout-alert-eyes-on-126/,posts,379789,https://coincu.com/analysis/sol-flashes-golden-cross/,https://coincu.com/sol-flashes-golden-cross/,1,0,not_found_in_raw
https://coincu.com/sol-bulls-defend-180/,posts,357165,https://coincu.com/analysis/solana-cup-handle-pattern-2500-target/,https://coincu.com/solana-cup-handle-pattern-2500-target/,1,0,not_found_in_raw
https://coincu.com/sol-consolidates-below-key-trendline/,posts,382989,https://coincu.com/news/solana-ranger-finance-metadao-token/,https://coincu.com/solana-ranger-finance-metadao-token/,1,0,not_found_in_raw
https://coincu.com/sol-crashes-below-130-is-120-the-next/,posts,380949,https://coincu.com/analysis/solana-aims-150-after-drop-below-125/,https://coincu.com/solana-aims-150-after-drop-below-125/,1,0,not_found_in_raw
https://coincu.com/sol-dominates-market-talk/,posts,380423,https://coincu.com/analysis/solana-major-breakout-potential-surge-to-260-and-beyond/,https://coincu.com/solana-major-breakout-potential-surge-to-260-and-beyond/,1,0,not_found_in_raw
https://coincu.com/sol-eyes-200-as-wisdomtree-brings-big/,posts,391991,https://coincu.com/news/wisdomtree-tokenized-funds-solana/,https://coincu.com/wisdomtree-tokenized-funds-solana/,1,0,not_found_in_raw
https://coincu.com/sol-eyes-79-50-wave-2-continues-to-extend/,posts,395196,https://coincu.com/analysis/litecoin-break-9-year-consolidation-1000/,https://coincu.com/litecoin-break-9-year-consolidation-1000/,1,0,not_found_in_raw
https://coincu.com/sol-flashes-golden-cross/,posts,377736,https://coincu.com/analysis/solana-sol-could-reach-295-then-rally-toward-380-in-wave-five-pattern/,https://coincu.com/solana-sol-could-reach-295-then-rally-toward-380-in-wave-five-pattern/,1,0,not_found_in_raw
https://coincu.com/sol-lags-as-eth-treasury-buying/,posts,394695,https://coincu.com/analysis/solana-deeper-pullback-loss-103-to-63/,https://coincu.com/solana-deeper-pullback-loss-103-to-63/,1,0,not_found_in_raw
https://coincu.com/sol-price-prediction-as-osprey-invests-15m/,posts,364726,https://coincu.com/news/forward-industries-solana-acquisition/,https://coincu.com/forward-industries-solana-acquisition/,1,0,not_found_in_raw
https://coincu.com/sol-spot-etf-inflows/,posts,378599,https://coincu.com/news/solana-etf-tweet-deletion/,https://coincu.com/solana-etf-tweet-deletion/,1,0,not_found_in_raw
https://coincu.com/sol-wave-2-ending-only-a-125-50-break/,posts,385388,https://coincu.com/analysis/solana-holds-above-205-support-with-target-of-240-250-resistance-zone/,https://coincu.com/solana-holds-above-205-support-with-target-of-240-250-resistance-zone/,1,0,not_found_in_raw
https://coincu.com/solana-2025-growth-2026-plans/,posts,386130,https://coincu.com/analysis/solana-surges-to-146/,https://coincu.com/solana-surges-to-146/,1,0,not_found_in_raw
https://coincu.com/solana-2025-growth-2026-plans/,posts,386130,https://coincu.com/news/solana-dapp-revenue-exceeds-187m/,https://coincu.com/solana-dapp-revenue-exceeds-187m/,1,0,not_found_in_raw
https://coincu.com/solana-2025-performance-report/,posts,387385,https://coincu.com/markets/strategy-reserve-fund-bitcoin/,https://coincu.com/strategy-reserve-fund-bitcoin/,1,0,not_found_in_raw
https://coincu.com/solana-active-addresses-transactions-2026/,posts,392510,https://coincu.com/analysis/sol-crashes-below-130-is-120-the-next/,https://coincu.com/sol-crashes-below-130-is-120-the-next/,1,0,not_found_in_raw
https://coincu.com/solana-active-addresses-transactions-2026/,posts,392510,https://coincu.com/news/solana-dapp-revenue-exceeds-187m/,https://coincu.com/solana-dapp-revenue-exceeds-187m/,1,0,not_found_in_raw
https://coincu.com/solana-aims-150-after-drop-below-125/,posts,380067,https://coincu.com/news/2-9b-cutsolana-eyes-faster-path-to-1-5/,https://coincu.com/2-9b-cutsolana-eyes-faster-path-to-1-5/,1,0,not_found_in_raw
https://coincu.com/solana-approaches-key-resistance-as-traders-watch-89-target/,posts,397285,https://coincu.com/markets/solana-gains-on-western-union-crossmint-usdpt-rollout/,https://coincu.com/solana-gains-on-western-union-crossmint-usdpt-rollout/,1,0,not_found_in_raw
https://coincu.com/solana-at-make-or-break-support/,posts,379443,https://coincu.com/analysis/solana-sol-could-reach-295-then-rally-toward-380-in-wave-five-pattern/,https://coincu.com/solana-sol-could-reach-295-then-rally-toward-380-in-wave-five-pattern/,1,0,not_found_in_raw
https://coincu.com/solana-blasts-past-240/,posts,361943,https://coincu.com/analysis/here-is-solana-price-as-galaxy-digital/,https://coincu.com/here-is-solana-price-as-galaxy-digital/,1,0,not_found_in_raw
https://coincu.com/solana-blasts-past-240/,posts,361943,https://coincu.com/news/forward-industries-solana-acquisition/,https://coincu.com/forward-industries-solana-acquisition/,1,0,not_found_in_raw
https://coincu.com/solana-breakout-rally-target-320/,posts,362915,https://coincu.com/analysis/solana-blasts-past-240/,https://coincu.com/solana-blasts-past-240/,1,0,not_found_in_raw
https://coincu.com/solana-breaks-below-head-and-shoulders/,posts,393992,https://coincu.com/news/solana-launchpad-metadao-falters-hurupay-ico-misses-3m-min/,https://coincu.com/solana-launchpad-metadao-falters-hurupay-ico-misses-3m-min/,1,0,not_found_in_raw
https://coincu.com/solana-breaks-downtrend-consolidating-to-127-is-this-the-start-of-a-major-breakout/,posts,386843,https://coincu.com/markets/solana-spot-dex-volume-surge/,https://coincu.com/solana-spot-dex-volume-surge/,1,0,not_found_in_raw
https://coincu.com/solana-bulls-eye-1000-as-stablecoin-flow/,posts,362402,https://coincu.com/analysis/solana-blasts-past-240/,https://coincu.com/solana-blasts-past-240/,1,0,not_found_in_raw
https://coincu.com/solana-bulls-watch-133next-stop-170/,posts,390357,https://coincu.com/analysis/solana-aims-150-after-drop-below-125/,https://coincu.com/solana-aims-150-after-drop-below-125/,1,0,not_found_in_raw
https://coincu.com/solana-bulls-watch-133next-stop-170/,posts,390357,https://coincu.com/analysis/solana-holds-support-at-193-with-232-resistance-key-for-bullish-breakout/,https://coincu.com/solana-holds-support-at-193-with-232-resistance-key-for-bullish-breakout/,1,0,not_found_in_raw
https://coincu.com/solana-crashes-27-despite-200m-etf/,posts,373733,https://coincu.com/markets/bitwise-solana-etf-update/,https://coincu.com/bitwise-solana-etf-update/,1,0,not_found_in_raw
https://coincu.com/solana-crashes-to-182will-it-rebound/,posts,368135,https://coincu.com/analysis/solana-eyes-226-229-breakout/,https://coincu.com/solana-eyes-226-229-breakout/,1,0,not_found_in_raw
https://coincu.com/solana-crashes-to-182will-it-rebound/,posts,368135,https://coincu.com/analysis/solana-price-prediction-210-204/,https://coincu.com/solana-price-prediction-210-204/,1,0,not_found_in_raw
https://coincu.com/solana-critical-support-reversal-90/,posts,395661,https://coincu.com/news/solana-sees-lending-on-staked-sol-under-three-party-custody/,https://coincu.com/,1,0,not_found_in_raw
https://coincu.com/solana-cup-and-handle-breakout-signals-major-move-toward-1-30-target/,posts,369474,https://coincu.com/analysis/solana-shows-stability-around-200-as-market-eyes-potential-break-above-300/,https://coincu.com/solana-shows-stability-around-200-as-market-eyes-potential-break-above-300/,1,0,not_found_in_raw
https://coincu.com/solana-dapp-revenue-exceeds-187m/,posts,380886,https://coincu.com/analysis/sol-breakout-alert-eyes-on-126/,https://coincu.com/sol-breakout-alert-eyes-on-126/,1,0,not_found_in_raw
https://coincu.com/solana-dapp-revenue-exceeds-187m/,posts,380886,https://coincu.com/news/bitwise-solana-etf-withdrawal/,https://coincu.com/bitwise-solana-etf-withdrawal/,1,0,not_found_in_raw
https://coincu.com/solana-deeper-pullback-loss-103-to-63/,posts,393191,https://coincu.com/analysis/solana-faces-critical-support-loss/,https://coincu.com/solana-faces-critical-support-loss/,1,0,not_found_in_raw
https://coincu.com/solana-etf-approval-soon/,posts,365360,https://coincu.com/analysis/sol-bounces-at-200-support/,https://coincu.com/sol-bounces-at-200-support/,1,0,not_found_in_raw
https://coincu.com/solana-etf-approval-soon/,posts,365360,https://coincu.com/markets/solana-token-creation-decline/,https://coincu.com/solana-token-creation-decline/,1,0,not_found_in_raw
https://coincu.com/solana-etf-approval-soon/,posts,365360,https://coincu.com/markets/solana-treasury-key-corporates-stake/,https://coincu.com/solana-treasury-key-corporates-stake/,1,0,not_found_in_raw
https://coincu.com/solana-etf-tweet-deletion/,posts,371846,https://coincu.com/analysis/sei-surges-30-next-stop-0-49/,https://coincu.com/sei-surges-30-next-stop-0-49/,1,0,not_found_in_raw
https://coincu.com/solana-etf-tweet-deletion/,posts,371846,https://coincu.com/analysis/solana-surges-above-230-support-level/,https://coincu.com/solana-surges-above-230-support-level/,1,0,not_found_in_raw
https://coincu.com/solana-etfs-staking-yield-launch/,posts,373626,https://coincu.com/analysis/solana-shows-bullish-with-potential-250/,https://coincu.com/solana-shows-bullish-with-potential-250/,1,0,not_found_in_raw
https://coincu.com/solana-etfs-staking-yield-launch/,posts,373626,https://coincu.com/markets/solana-investor-hype-profit/,https://coincu.com/solana-investor-hype-profit/,1,0,not_found_in_raw
https://coincu.com/solana-etfs-surpass-1b-in-aum-amid-strong-start-to-2026/,posts,387241,https://coincu.com/analysis/solana-major-rally-bullish-reversal-150/,https://coincu.com/solana-major-rally-bullish-reversal-150/,1,0,not_found_in_raw
https://coincu.com/solana-etfs-surpass-1b-in-aum-amid-strong-start-to-2026/,posts,387241,https://coincu.com/markets/solana-2025-growth-2026-plans/,https://coincu.com/solana-2025-growth-2026-plans/,1,0,not_found_in_raw
https://coincu.com/solana-etfs-surpass-1b-in-aum-amid-strong-start-to-2026/,posts,387241,https://coincu.com/markets/solana-spot-dex-volume-surge/,https://coincu.com/solana-spot-dex-volume-surge/,1,0,not_found_in_raw
https://coincu.com/solana-eyes-226-229-breakout/,posts,368009,https://coincu.com/news/solana-tvl-record-42-billion/,https://coincu.com/solana-tvl-record-42-billion/,1,0,not_found_in_raw
https://coincu.com/solana-faces-critical-120-support/,posts,383562,https://coincu.com/news/solana-ecosystem-kamino-lending-launch/,https://coincu.com/solana-ecosystem-kamino-lending-launch/,1,0,not_found_in_raw
https://coincu.com/solana-faces-critical-support-loss/,posts,392621,https://coincu.com/markets/solana-active-addresses-transactions-2026/,https://coincu.com/solana-active-addresses-transactions-2026/,1,0,not_found_in_raw
https://coincu.com/solana-faces-pressure-as-price-tests-200/,posts,364673,https://coincu.com/analysis/solana-price-climbs-with-strong-trend/,https://coincu.com/solana-price-climbs-with-strong-trend/,1,0,not_found_in_raw
https://coincu.com/solana-forms-triangle-pattern-as-88-60-breakout-signals-bullish-shift/,posts,396512,https://coincu.com/news/solana-launches-payments-with-simulator-for-stablecoins/,https://coincu.com/,1,0,not_found_in_raw
https://coincu.com/solana-gains-on-western-union-crossmint-usdpt-rollout/,posts,396988,https://coincu.com/news/western-union-stablecoin-remittance-pilot/,https://coincu.com/western-union-stablecoin-remittance-pilot/,1,0,not_found_in_raw
https://coincu.com/solana-gearing-up-for-a-surge/,posts,369674,https://coincu.com/analysis/solana-cup-and-handle-breakout-signals-major-move-toward-1-30-target/,https://coincu.com/solana-cup-and-handle-breakout-signals-major-move-toward-1-30-target/,1,0,not_found_in_raw
https://coincu.com/solana-gearing-up-for-a-surge/,posts,369674,https://coincu.com/analysis/solana-shows-stability-around-200-as-market-eyes-potential-break-above-300/,https://coincu.com/solana-shows-stability-around-200-as-market-eyes-potential-break-above-300/,1,0,not_found_in_raw
https://coincu.com/solana-holds-above-205-support-with-target-of-240-250-resistance-zone/,posts,365610,https://coincu.com/analysis/solana-etf-approval-soon/,https://coincu.com/solana-etf-approval-soon/,1,0,not_found_in_raw
https://coincu.com/solana-holds-support-at-193-with-232-resistance-key-for-bullish-breakout/,posts,367507,https://coincu.com/news/solana-leads-active-blockchain-addresses/,https://coincu.com/solana-leads-active-blockchain-addresses/,1,0,not_found_in_raw
https://coincu.com/solana-jupiter-lend-challenge-rehypothecation/,posts,381848,https://coincu.com/analysis/ethereum-showing-strength-new-ath-run/,https://coincu.com/ethereum-showing-strength-new-ath-run/,1,0,not_found_in_raw
https://coincu.com/solana-jupiter-lend-challenge-rehypothecation/,posts,381848,https://coincu.com/analysis/sol-breakout-alert-eyes-on-126/,https://coincu.com/sol-breakout-alert-eyes-on-126/,1,0,not_found_in_raw
https://coincu.com/solana-leads-active-blockchain-addresses/,posts,366591,https://coincu.com/analysis/solana-faces-pressure-as-price-tests-200/,https://coincu.com/solana-faces-pressure-as-price-tests-200/,1,0,not_found_in_raw
https://coincu.com/solana-leads-active-blockchain-addresses/,posts,366591,https://coincu.com/analysis/solana-price-climbs-with-strong-trend/,https://coincu.com/solana-price-climbs-with-strong-trend/,1,0,not_found_in_raw
https://coincu.com/solana-leads-active-blockchain-addresses/,posts,366591,https://coincu.com/markets/sol-price-prediction-as-osprey-invests-15m/,https://coincu.com/sol-price-prediction-as-osprey-invests-15m/,1,0,not_found_in_raw
https://coincu.com/solana-leads-blockchain-engagement-aptos/,posts,373681,https://coincu.com/news/crypto-leaders-senate-meeting-market/,https://coincu.com/crypto-leaders-senate-meeting-market/,1,0,not_found_in_raw
https://coincu.com/solana-lending-market-kamino-jupiter/,posts,382010,https://coincu.com/news/uae-defi-regulations-massive-fines/,https://coincu.com/uae-defi-regulations-massive-fines/,1,0,not_found_in_raw
https://coincu.com/solana-litecoin-hedera-etfs-launch/,posts,372051,https://coincu.com/analysis/galaxy-digital-buys-1-2m-solana,https://coincu.com/galaxy-digital-buys-1-2m-solana/,1,0,not_found_in_raw
https://coincu.com/solana-major-rally-bullish-reversal-150/,posts,387015,https://coincu.com/analysis/solana-breaks-downtrend-consolidating-to-127-is-this-the-start-of-a-major-breakout/,https://coincu.com/solana-breaks-downtrend-consolidating-to-127-is-this-the-start-of-a-major-breakout/,1,0,not_found_in_raw
https://coincu.com/solana-meme-pushes-pumpfun-new-trading-records/,posts,387461,https://coincu.com/news/solana-pumpswap-dex-volume-surge/,https://coincu.com/solana-pumpswap-dex-volume-surge/,1,0,not_found_in_raw
https://coincu.com/solana-perp-dex-percolator-news/,posts,370120,https://coincu.com/news/titan-completes-seed-funding-enhance-dex/,https://coincu.com/titan-completes-seed-funding-enhance-dex/,1,0,not_found_in_raw
https://coincu.com/solana-phishing-attack-3m-loss/,posts,381219,https://coincu.com/analysis/sol-breakout-alert-eyes-on-126/,https://coincu.com/sol-breakout-alert-eyes-on-126/,1,0,not_found_in_raw
https://coincu.com/solana-phishing-attack-3m-loss/,posts,381219,https://coincu.com/news/upbit-exchange-hack-30m/,https://coincu.com/upbit-exchange-hack-30m/,1,0,not_found_in_raw
https://coincu.com/solana-potential-drop-price-hold-124/,posts,382165,https://coincu.com/news/solana-lending-market-kamino-jupiter/,https://coincu.com/solana-lending-market-kamino-jupiter/,1,0,not_found_in_raw
https://coincu.com/solana-price-climbs-with-strong-trend/,posts,363865,https://coincu.com/analysis/solana-whale-buys-11233-sol/,https://coincu.com/solana-whale-buys-11233-sol/,1,0,not_found_in_raw
https://coincu.com/solana-price-could-rally-to-210-as-etf/,posts,371899,https://coincu.com/analysis/solanas-bullish-signals-potential-for-260/,https://coincu.com/solanas-bullish-signals-potential-for-260/,1,0,not_found_in_raw
https://coincu.com/solana-price-could-rally-to-210-as-etf/,posts,371899,https://coincu.com/markets/bitwise-solana-etf-update/,https://coincu.com/bitwise-solana-etf-update/,1,0,not_found_in_raw
https://coincu.com/solana-price-prediction-210-204/,posts,367754,https://coincu.com/analysis/solana-holds-support-at-193-with-232-resistance-key-for-bullish-breakout/,https://coincu.com/solana-holds-support-at-193-with-232-resistance-key-for-bullish-breakout/,1,0,not_found_in_raw
https://coincu.com/solana-price-prediction-210-204/,posts,367754,https://coincu.com/news/solana-leads-active-blockchain-addresses/,https://coincu.com/solana-leads-active-blockchain-addresses/,1,0,not_found_in_raw
https://coincu.com/solana-price-retests-145-resistance-as/,posts,388245,https://coincu.com/analysis/solana-recovery-130-support-holds/,https://coincu.com/solana-recovery-130-support-holds/,1,0,not_found_in_raw
https://coincu.com/solana-price-retests-145-resistance-as/,posts,388245,https://coincu.com/news/solana-2025-performance-report/,https://coincu.com/solana-2025-performance-report/,1,0,not_found_in_raw
https://coincu.com/solana-protocols-cloudflare-outage/,posts,381596,https://coincu.com/analysis/solana-aims-150-after-drop-below-125/,https://coincu.com/solana-aims-150-after-drop-below-125/,1,0,not_found_in_raw
https://coincu.com/solana-ranger-finance-metadao-token/,posts,382958,https://coincu.com/news/solana-dapp-revenue-exceeds-187m/,https://coincu.com/solana-dapp-revenue-exceeds-187m/,1,0,not_found_in_raw
https://coincu.com/solana-recovery-130-support-holds/,posts,387717,https://coincu.com/analysis/solana-meme-pushes-pumpfun-new-trading-records/,https://coincu.com/solana-meme-pushes-pumpfun-new-trading-records/,1,0,not_found_in_raw
https://coincu.com/solana-remove-cu-limit/,posts,365230,https://coincu.com/analysis/solana-price-climbs-with-strong-trend/,https://coincu.com/solana-price-climbs-with-strong-trend/,1,0,not_found_in_raw
https://coincu.com/solana-remove-cu-limit/,posts,365230,https://coincu.com/markets/crypto-fear-greed-index-binance-updates/,https://coincu.com/crypto-fear-greed-index-binance-updates/,1,0,not_found_in_raw
https://coincu.com/solana-shows-stability-around-200-as-market-eyes-potential-break-above-300/,posts,368939,https://coincu.com/analysis/solana-stuck-between-resistance-and-support-as-254-target-looms/,https://coincu.com/solana-stuck-between-resistance-and-support-as-254-target-looms/,1,0,not_found_in_raw
https://coincu.com/solana-spot-dex-volume-surge/,posts,386355,https://coincu.com/markets/crypto-bear-market-new-leadership/,https://coincu.com/crypto-bear-market-new-leadership/,1,0,not_found_in_raw
https://coincu.com/solana-spot-etf-approval-pending/,posts,365778,https://coincu.com/analysis/solana-price-climbs-with-strong-trend/,https://coincu.com/solana-price-climbs-with-strong-trend/,1,0,not_found_in_raw
https://coincu.com/solana-spot-etf-approval-pending/,posts,365778,https://coincu.com/news/solana-etfs-filed-for-approval/,https://coincu.com/solana-etfs-filed-for-approval/,1,0,not_found_in_raw
https://coincu.com/solana-stuck-between-resistance-and-support-as-254-target-looms/,posts,368554,https://coincu.com/analysis/solana-crashes-to-182will-it-rebound/,https://coincu.com/solana-crashes-to-182will-it-rebound/,1,0,not_found_in_raw
https://coincu.com/solana-surges-4-weekly/,posts,355953,https://coincu.com/analysis/solana-hits-175-as-triple-bottom-pattern-points-to-bullish-momentum/,https://coincu.com/solana-hits-175-as-triple-bottom-pattern-points-to-bullish-momentum/,1,0,not_found_in_raw
https://coincu.com/solana-surges-to-146/,posts,381455,https://coincu.com/analysis/solana-aims-150-after-drop-below-125/,https://coincu.com/solana-aims-150-after-drop-below-125/,1,0,not_found_in_raw
https://coincu.com/solana-targets-115-resistance-after-breaking-above-85-55-mark/,posts,397016,https://coincu.com/markets/solana-gains-on-western-union-crossmint-usdpt-rollout/,https://coincu.com/solana-gains-on-western-union-crossmint-usdpt-rollout/,1,0,not_found_in_raw
https://coincu.com/solana-td-sequential-signal-surge-to-140/,posts,390021,https://coincu.com/analysis/solana-etfs-first-outflow-in-six-weeks/,https://coincu.com/solana-etfs-first-outflow-in-six-weeks/,1,0,not_found_in_raw
https://coincu.com/solana-token-creation-decline/,posts,365051,https://coincu.com/analysis/galaxy-digital-buys-1-2m-solana,https://coincu.com/galaxy-digital-buys-1-2m-solana/,1,0,not_found_in_raw
https://coincu.com/solana-token-creation-decline/,posts,365051,https://coincu.com/analysis/solana-whale-buys-11233-sol,https://coincu.com/solana-whale-buys-11233-sol/,1,0,not_found_in_raw
https://coincu.com/solana-tvl-record-42-billion/,posts,367806,https://coincu.com/news/solana-remove-cu-limit/,https://coincu.com/solana-remove-cu-limit/,1,0,not_found_in_raw
https://coincu.com/solana-weekly-hs-breakdown-signals-potential-drop-toward-59-zone/,posts,396639,https://coincu.com/analysis/solana-critical-support-reversal-90/,https://coincu.com/solana-critical-support-reversal-90/,1,0,not_found_in_raw
https://coincu.com/solana-whale-buys-11233-sol/,posts,363205,https://coincu.com/analysis/galaxy-digital-buys-1-2m-solana/,https://coincu.com/galaxy-digital-buys-1-2m-solana/,1,0,not_found_in_raw
https://coincu.com/sonnet-stockholders-approve-merger-with/,posts,381113,https://coincu.com/news/sonnet-rorschach-to-merge-in-888m-hype-crypto-treasury-deal/,https://coincu.com/sonnet-rorschach-to-merge-in-888m-hype-crypto-treasury-deal/,1,0,not_found_in_raw
https://coincu.com/sony-stablecoin-us-dollar-pegged/,posts,380821,https://coincu.com/analysis/eth-holds-3-2k-can-bulls-break/,https://coincu.com/eth-holds-3-2k-can-bulls-break/,1,0,not_found_in_raw
https://coincu.com/sony-stablecoin-us-dollar-pegged/,posts,380821,https://coincu.com/news/dutch-central-bank-stablecoin-risks/,https://coincu.com/dutch-central-bank-stablecoin-risks/,1,0,not_found_in_raw
https://coincu.com/south-africa-crypto-regulation-risks/,posts,379951,https://coincu.com/news/coinshares-etp-outflow-us-uncertainty,https://coincu.com/coinshares-etp-outflow-us-uncertainty/,1,0,not_found_in_raw
https://coincu.com/south-africa-crypto-regulation-risks/,posts,379951,https://coincu.com/news/sec-changes-crypto-regulation,https://coincu.com/sec-changes-crypto-regulation/,1,0,not_found_in_raw
https://coincu.com/south-dakota-lawmaker-revives-bitcoin/,posts,391914,https://coincu.com/markets/bitcoin-market-stability-2026-report/,https://coincu.com/bitcoin-market-stability-2026-report/,1,0,not_found_in_raw
https://coincu.com/south-dakota-lawmaker-revives-bitcoin/,posts,391914,https://coincu.com/news/us-crypto-market-regulation-bill/,https://coincu.com/us-crypto-market-regulation-bill/,1,0,not_found_in_raw
https://coincu.com/southern-utah-man-sentenced-to-3-years-in/,posts,389228,https://coincu.com/markets/bitcoin-policy-influence-2026/,https://coincu.com/bitcoin-policy-influence-2026/,1,0,not_found_in_raw
https://coincu.com/southern-utah-man-sentenced-to-3-years-in/,posts,389228,https://coincu.com/news/crypto-fraud-network-dismantled/,https://coincu.com/crypto-fraud-network-dismantled/,1,0,not_found_in_raw
https://coincu.com/sp-500-seen-at-7700-by-2026-in-tom-lee-outlook/,posts,398798,https://coincu.com/markets/tom-lee-expands-eth-with-150m-buy/,https://coincu.com/tom-lee-expands-eth-with-150m-buy/,1,0,not_found_in_raw
https://coincu.com/sp500-buybacks-surge-market-high/,posts,361674,https://coincu.com/news/crypto-ma-2025-prediction/,https://coincu.com/crypto-ma-2025-prediction/,1,0,not_found_in_raw
https://coincu.com/spacex-moves-268m-in-bitcoin-again-amid/,posts,370284,https://coincu.com/analysis/bitcoin-whales-predicts-rate-cuts/,https://coincu.com/bitcoin-whales-predicts-rate-cuts/,1,0,not_found_in_raw
https://coincu.com/spacex-moves-268m-in-bitcoin-again-amid/,posts,370284,https://coincu.com/analysis/spacex-transfers-153m-btc-to-new-wallet/,https://coincu.com/spacex-transfers-153m-btc-to-new-wallet/,1,0,not_found_in_raw
https://coincu.com/spacex-moves-268m-in-bitcoin-again-amid/,posts,370284,https://coincu.com/markets/bitcoin-market-decline-defensive-trading-shift/,https://coincu.com/bitcoin-market-decline-defensive-trading-shift/,1,0,not_found_in_raw
https://coincu.com/spot-gold-high-fed-speculation/,posts,362333,https://coincu.com/markets/crypto-stability-fed-rate-cut/,https://coincu.com/crypto-stability-fed-rate-cut/,1,0,not_found_in_raw
https://coincu.com/spot-gold-high-fed-speculation/,posts,362333,https://coincu.com/markets/fed-rate-cut-speculation-boosts-crypto/,https://coincu.com/fed-rate-cut-speculation-boosts-crypto/,1,0,not_found_in_raw
https://coincu.com/spot-gold-record-fed-rate-cut/,posts,363907,https://coincu.com/news/whale-unstakes-hype-profit/,https://coincu.com/whale-unstakes-hype-profit/,1,0,not_found_in_raw
https://coincu.com/spx6900-bullish-breakout-targets-0-58/,posts,364915,https://coincu.com/news/coinbase-spx6900-flock-trade/,https://coincu.com/coinbase-spx6900-flock-trade/,1,0,not_found_in_raw
https://coincu.com/stable-blockchain-mainnet-launch/,posts,381300,https://coincu.com/analysis/ethereum-showing-strength-new-ath-run/,https://coincu.com/ethereum-showing-strength-new-ath-run/,1,0,not_found_in_raw
https://coincu.com/stable-blockchain-mainnet-launch/,posts,381300,https://coincu.com/analysis/tao-accumulation-momentum-for-major-move/,https://coincu.com/tao-accumulation-momentum-for-major-move/,1,0,not_found_in_raw
https://coincu.com/stable-to-launch-phase-2-of-pre-deposit/,posts,372830,https://coincu.com/news/stablecoin-use-2025-growth/,https://coincu.com/stablecoin-use-2025-growth/,1,0,not_found_in_raw
https://coincu.com/stable-to-launch-phase-2-of-pre-deposit/,posts,372830,https://coincu.com/news/tether-us-stablecoin-market-return/,https://coincu.com/tether-us-stablecoin-market-return/,1,0,not_found_in_raw
https://coincu.com/stablecoin-deposit-risk-bofa/,posts,388991,https://coincu.com/markets/crypto-bear-market-new-leadership/,https://coincu.com/crypto-bear-market-new-leadership/,1,0,not_found_in_raw
https://coincu.com/stablecoin-deposit-risk-bofa/,posts,388991,https://coincu.com/news/genius-act-stablecoin-regulations/,https://coincu.com/genius-act-stablecoin-regulations/,1,0,not_found_in_raw
https://coincu.com/stablecoin-genius-act-restrictions/,posts,363911,https://coincu.com/news/uk-and-us-prepare-crypto-regulation/,https://coincu.com/uk-and-us-prepare-crypto-regulation/,1,0,not_found_in_raw
https://coincu.com/stablecoin-regulation-federal-reserve-occ/,posts,365451,https://coincu.com/news/paypal-invests-stable-pyusd-transactions/,https://coincu.com/paypal-invests-stable-pyusd-transactions/,1,0,not_found_in_raw
https://coincu.com/stablecoin-reserve-1-6-billion/,posts,376857,https://coincu.com/news/megaeth-public-sale-raises-one-billion/,https://coincu.com/megaeth-public-sale-raises-one-billion/,1,0,not_found_in_raw
https://coincu.com/stablecoin-reserve-1-6-billion/,posts,376857,https://coincu.com/news/stable-to-launch-phase-2-of-pre-deposit/,https://coincu.com/stable-to-launch-phase-2-of-pre-deposit/,1,0,not_found_in_raw
https://coincu.com/stablecoin-supply-bitcoin-price-trends/,posts,380393,https://coincu.com/news/dutch-central-bank-stablecoin-risks/,https://coincu.com/dutch-central-bank-stablecoin-risks/,1,0,not_found_in_raw
https://coincu.com/stablecoin-supply-hits-185-billion/,posts,380538,https://coincu.com/analysis/bitcoin-cycles-institutional-impact/,https://coincu.com/bitcoin-cycles-institutional-impact/,1,0,not_found_in_raw
https://coincu.com/stablecoins-iran-venezuela-sanctions/,posts,388330,https://coincu.com/analysis/fed-rate-cuts-impact-crypto-3/,https://coincu.com/fed-rate-cuts-impact-crypto-3/,1,0,not_found_in_raw
https://coincu.com/stablecoins-iran-venezuela-sanctions/,posts,388330,https://coincu.com/news/china-crackdown-stablecoins-regulation/,https://coincu.com/china-crackdown-stablecoins-regulation/,1,0,not_found_in_raw
https://coincu.com/stablecoins-remittance-impact/,posts,389448,https://coincu.com/news/genius-act-stablecoin-regulations/,https://coincu.com/genius-act-stablecoin-regulations/,2,0,not_found_in_raw
https://coincu.com/standard-chartered-and-dcs-partner-to/,posts,377406,https://coincu.com/news/us-treasury-singapore-stablecoin-talks/,https://coincu.com/us-treasury-singapore-stablecoin-talks/,1,0,not_found_in_raw
https://coincu.com/standard-chartered-bitcoin-target-2026/,posts,386666,https://coincu.com/analysis/bitcoin-japan-interest-rate-impact/,https://coincu.com/bitcoin-japan-interest-rate-impact/,1,0,not_found_in_raw
https://coincu.com/standard-chartered-bitcoin-target-2026/,posts,386666,https://coincu.com/markets/fed-interest-rate-decision-crypto-impact/,https://coincu.com/fed-interest-rate-decision-crypto-impact/,1,0,not_found_in_raw
https://coincu.com/stellar-lumens-2026-forecast-xlm/,posts,387533,https://coincu.com/analysis/stellar-xlm-breaks-support/,https://coincu.com/stellar-xlm-breaks-support/,1,0,not_found_in_raw
https://coincu.com/stellar-on-edge-break-above-0-183/,posts,393707,https://coincu.com/analysis/xlm-approaches-key-support-near-0-17/,https://coincu.com/xlm-approaches-key-support-near-0-17/,1,0,not_found_in_raw
https://coincu.com/stellar-price-surges-december-expansion/,posts,381088,https://coincu.com/analysis/xlm-gains-speed-is-a-breakout-to-0-385/,https://coincu.com/xlm-gains-speed-is-a-breakout-to-0-385/,1,0,not_found_in_raw
https://coincu.com/stellar-set-to-drop-to-0-19-beforerebound/,posts,388421,https://coincu.com/analysis/stellar-xlm-breaks-support/,https://coincu.com/stellar-xlm-breaks-support/,1,0,not_found_in_raw
https://coincu.com/stellar-sideways-movement-support-0-142/,posts,395809,https://coincu.com/analysis/stellar-on-edge-break-above-0-183/,https://coincu.com/stellar-on-edge-break-above-0-183/,1,0,not_found_in_raw
https://coincu.com/stellar-xlm-battles-at-0-37-breakout/,posts,367711,https://coincu.com/analysis/stellar-xlm-price-alert/,https://coincu.com/stellar-xlm-price-alert/,1,0,not_found_in_raw
https://coincu.com/stellar-xlm-battles-at-0-37-breakout/,posts,367711,https://coincu.com/analysis/xlm-bulls-charge/,https://coincu.com/xlm-bulls-charge/,1,0,not_found_in_raw
https://coincu.com/stellar-xlm-breaks-support/,posts,385800,https://coincu.com/analysis/xlm-rebounds-at-0-16/,https://coincu.com/xlm-rebounds-at-0-16/,1,0,not_found_in_raw
https://coincu.com/stellar-xlm-could-rally-to-1-if-0-30/,posts,368608,https://coincu.com/analysis/stellar-xlm-battles-at-0-37-breakout/,https://coincu.com/stellar-xlm-battles-at-0-37-breakout/,1,0,not_found_in_raw
https://coincu.com/stellar-xlm-could-rally-to-1-if-0-30/,posts,368608,https://coincu.com/analysis/xlm-bulls-charge/,https://coincu.com/xlm-bulls-charge/,1,0,not_found_in_raw
https://coincu.com/stellar-xlm-price-alert/,posts,355909,https://coincu.com/analysis/xlm-charts-send-mixed-signals/,https://coincu.com/xlm-charts-send-mixed-signals/,1,0,not_found_in_raw
https://coincu.com/strategy-acquires-1287-bitcoin/,posts,387058,https://coincu.com/markets/crypto-market-plunge-december/,https://coincu.com/crypto-market-plunge-december/,1,0,not_found_in_raw
https://coincu.com/strategy-acquires-21021-btc-post-ipo/,posts,351504,https://coincu.com/analysis/trump-media-bets-300m-on-bitcoin-option/,https://coincu.com/trump-media-bets-300m-on-bitcoin-option/,1,0,not_found_in_raw
https://coincu.com/strategy-adds-430-btc-now-holds-629376/,posts,355665,https://coincu.com/analysis/btc-golden-cross-returns/,https://coincu.com/btc-golden-cross-returns/,1,0,not_found_in_raw
https://coincu.com/strategy-billion-bitcoin-dividend-reserve/,posts,381955,https://coincu.com/analysis/bitcoin-open-interest-sees-sharpest-30/,https://coincu.com/bitcoin-open-interest-sees-sharpest-30/,1,0,not_found_in_raw
https://coincu.com/strategy-billion-bitcoin-dividend-reserve/,posts,381955,https://coincu.com/analysis/ethereum-showing-strength-new-ath-run/,https://coincu.com/ethereum-showing-strength-new-ath-run/,1,0,not_found_in_raw
https://coincu.com/strategy-bitcoin-acquisition-market/,posts,378525,https://coincu.com/markets/bitcoin-price-high-lower-trading-volumes/,https://coincu.com/bitcoin-price-high-lower-trading-volumes/,1,0,not_found_in_raw
https://coincu.com/strategy-bitcoin-acquisition-market/,posts,378525,https://coincu.com/markets/microstrategy-bitcoin-reserve-strategy/,https://coincu.com/microstrategy-bitcoin-reserve-strategy/,1,0,not_found_in_raw
https://coincu.com/strategy-btc-rating-indicator/,posts,389622,https://coincu.com/news/michael-saylor-teases-bitcoin-rally/,https://coincu.com/michael-saylor-teases-bitcoin-rally/,1,0,not_found_in_raw
https://coincu.com/strategy-buys-13627-bitcoin-worth-1-25b/,posts,388438,https://coincu.com/news/us-senate-clarity-act-inaccuracy/,https://coincu.com/us-senate-clarity-act-inaccuracy/,1,0,not_found_in_raw
https://coincu.com/strategy-buys-168-btc-lifting-total/,posts,370108,https://coincu.com/markets/strategy-pauses-bitcoin-acquisitions-profit/,https://coincu.com/strategy-pauses-bitcoin-acquisitions-profit/,1,0,not_found_in_raw
https://coincu.com/strategy-buys-17994-btc-bets-1-28b/,posts,397385,https://coincu.com/news/microstrategy-sees-stake-boost-as-schwab-buys-91859-shares/,https://coincu.com/,1,0,not_found_in_raw
https://coincu.com/strategy-buys-2-1b-in-bitcoin/,posts,390119,https://coincu.com/markets/strategy-btc-rating-indicator/,https://coincu.com/strategy-btc-rating-indicator/,1,0,not_found_in_raw
https://coincu.com/strategy-buys-487-btc-at-102k-holdings/,posts,377268,https://coincu.com/markets/microstrategy-bitcoin-reserve-strategy/,https://coincu.com/microstrategy-bitcoin-reserve-strategy/,1,0,not_found_in_raw
https://coincu.com/strategy-inc-bitcoin-buying/,posts,378402,https://coincu.com/markets/microstrategy-bitcoin-reserve-strategy/,https://coincu.com/microstrategy-bitcoin-reserve-strategy/,1,0,not_found_in_raw
https://coincu.com/strategy-msci-index-removal-impact/,posts,381190,https://coincu.com/analysis/bitcoin-etfs-bleed-2-8b/,https://coincu.com/bitcoin-etfs-bleed-2-8b/,1,0,not_found_in_raw
https://coincu.com/strategy-pauses-bitcoin-acquisitions-profit/,posts,367117,https://coincu.com/markets/us-shutdown-digital-assets-impact/,https://coincu.com/us-shutdown-digital-assets-impact/,2,0,not_found_in_raw
https://coincu.com/strategy-reserve-fund-bitcoin/,posts,380905,https://coincu.com/analysis/chainlink-whales-offload-31m-tokens/,https://coincu.com/chainlink-whales-offload-31m-tokens/,1,0,not_found_in_raw
https://coincu.com/strategy-reserve-fund-bitcoin/,posts,380905,https://coincu.com/markets/bitcoin-dominance-holding-support/,https://coincu.com/bitcoin-dominance-holding-support/,1,0,not_found_in_raw
https://coincu.com/strategy-says-it-can-survive-bitcoincrash/,posts,394758,https://coincu.com/news/microstrategy-maps-converts-equitization-over-3-6-years/,https://coincu.com/,1,0,not_found_in_raw
https://coincu.com/stripe-launches-open-issuance-for-custom/,posts,365738,https://coincu.com/news/stripe-acquires-privy-crypto-integration/,https://coincu.com/stripe-acquires-privy-crypto-integration/,1,0,not_found_in_raw
https://coincu.com/stripe-paradigm-tempo-blockchain-launch/,posts,382444,https://coincu.com/news/kalshi-polymarket-prediction-duopoly/,https://coincu.com/kalshi-polymarket-prediction-duopoly/,1,0,not_found_in_raw
https://coincu.com/strive-buys-72-btc-for-8-26m-lifting/,posts,372041,https://coincu.com/news/strive-semler-bitcoin-treasury-merger/,https://coincu.com/strive-semler-bitcoin-treasury-merger/,1,0,not_found_in_raw
https://coincu.com/strive-inc-semler-scientific-bitcoin/,posts,363824,https://coincu.com/analysis/sei-charts-hint-at-rebound/,https://coincu.com/sei-charts-hint-at-rebound/,1,0,not_found_in_raw
https://coincu.com/strive-semler-bitcoin-treasury-merger/,posts,366135,https://coincu.com/markets/fed-rate-cut-crypto-impact-5/,https://coincu.com/fed-rate-cut-crypto-impact-5/,1,0,not_found_in_raw
https://coincu.com/strive-semler-bitcoin-treasury-merger/,posts,366135,https://coincu.com/news/digital-asset-treasury-2023-20-billion/,https://coincu.com/digital-asset-treasury-2023-20-billion/,1,0,not_found_in_raw
https://coincu.com/strive-semler-bitcoin-treasury-merger/,posts,366135,https://coincu.com/news/strive-inc-semler-scientific-bitcoin/,https://coincu.com/strive-inc-semler-scientific-bitcoin/,1,0,not_found_in_raw
https://coincu.com/sui-achieves-866-transactions-per-second/,posts,386379,https://coincu.com/analysis/sui-holds-demand-zone-can-it-break-1-44/,https://coincu.com/sui-holds-demand-zone-can-it-break-1-44/,1,0,not_found_in_raw
https://coincu.com/sui-achieves-866-transactions-per-second/?_thumbnail_id=386386,posts,386379,https://coincu.com/analysis/sui-holds-demand-zone-can-it-break-1-44/,https://coincu.com/sui-holds-demand-zone-can-it-break-1-44/,1,0,not_found_in_raw
https://coincu.com/sui-bounces-at-2-55-but-heavy-sell-wall/,posts,369230,https://coincu.com/analysis/sui-breakout-signals-epic-move-to-8/,https://coincu.com/sui-breakout-signals-epic-move-to-8/,1,0,not_found_in_raw
https://coincu.com/sui-bounces-at-2-55-but-heavy-sell-wall/,posts,369230,https://coincu.com/analysis/sui-surges-above-3-37-resistance/,https://coincu.com/sui-surges-above-3-37-resistance/,1,0,not_found_in_raw
https://coincu.com/sui-breakout-holds-strong/,posts,362029,https://coincu.com/analysis/is-sui-poised-for-strong-q4-as-history/,https://coincu.com/is-sui-poised-for-strong-q4-as-history/,1,0,not_found_in_raw
https://coincu.com/sui-breakout-holds-strong/,posts,362029,https://coincu.com/analysis/sui-bullish-breakout-could-spark-momentum/,https://coincu.com/sui-bullish-breakout-could-spark-momentum/,1,0,not_found_in_raw
https://coincu.com/sui-breakout-holds-strong/,posts,362029,https://coincu.com/analysis/sui-ready-for-breakout/,https://coincu.com/sui-ready-for-breakout/,1,0,not_found_in_raw
https://coincu.com/sui-breakout-signals-epic-move-to-8/,posts,364213,https://coincu.com/analysis/sui-ready-for-breakout/,https://coincu.com/sui-ready-for-breakout/,1,0,not_found_in_raw
https://coincu.com/sui-builds-momentum/,posts,363441,https://coincu.com/analysis/is-sui-poised-for-strong-q4-as-history/,https://coincu.com/is-sui-poised-for-strong-q4-as-history/,1,0,not_found_in_raw
https://coincu.com/sui-builds-momentum/,posts,363441,https://coincu.com/analysis/sui-breakout-holds-strong/,https://coincu.com/sui-breakout-holds-strong/,1,0,not_found_in_raw
https://coincu.com/sui-bullish-breakout-could-spark-momentum/,posts,361375,https://coincu.com/analysis/sui-overtakes-base-in-dex-aggregator/,https://coincu.com/sui-overtakes-base-in-dex-aggregator/,1,0,not_found_in_raw
https://coincu.com/sui-eyeing-breakout-toward-2-30/,posts,377275,https://coincu.com/analysis/sui-surges-18b-monthly-dex-volume/,https://coincu.com/sui-surges-18b-monthly-dex-volume/,1,0,not_found_in_raw
https://coincu.com/sui-eyes-breakout-zone/,posts,383593,https://coincu.com/analysis/sui-recovers-145-targets-above-160/,https://coincu.com/sui-recovers-145-targets-above-160/,1,0,not_found_in_raw
https://coincu.com/sui-forms-classic-pattern/,posts,391974,https://coincu.com/analysis/sui-holds-support-1-42-eyeing-rebound/,https://coincu.com/sui-holds-support-1-42-eyeing-rebound/,1,0,not_found_in_raw
https://coincu.com/sui-forms-classic-pattern/,posts,391974,https://coincu.com/analysis/sui-momentum-builds-fast/,https://coincu.com/sui-momentum-builds-fast/,1,0,not_found_in_raw
https://coincu.com/sui-forms-higher-low-after-downtrend-eyeing-bounce-toward-1-02-resistance/,posts,396908,https://coincu.com/news/sui-gains-u-s-access-as-21shares-lists-tsui-txxs-on-nasdaq/,https://coincu.com/,1,0,not_found_in_raw
https://coincu.com/sui-hits-4b-transaction-blocks/,posts,356638,https://coincu.com/analysis/sui-tvl-reaches-2-25b-boosting-hopes-for-breakout-toward-7-price-level/,https://coincu.com/sui-tvl-reaches-2-25b-boosting-hopes-for-breakout-toward-7-price-level/,1,0,not_found_in_raw
https://coincu.com/sui-holds-above-0-80-signal-up-momentum/,posts,395136,https://coincu.com/analysis/sui-price-holds-strong-above-1-45-support/,https://coincu.com/sui-price-holds-strong-above-1-45-support/,1,0,not_found_in_raw
https://coincu.com/sui-holds-demand-zone-can-it-break-1-44/,posts,385823,https://coincu.com/analysis/sui-eyes-breakout-zone/,https://coincu.com/sui-eyes-breakout-zone/,1,0,not_found_in_raw
https://coincu.com/sui-holds-key-support-next-stop-3-68/,posts,365047,https://coincu.com/analysis/sui-breakout-holds-strong/,https://coincu.com/sui-breakout-holds-strong/,1,0,not_found_in_raw
https://coincu.com/sui-holds-key-support-next-stop-3-68/,posts,365047,https://coincu.com/analysis/sui-breakout-signals-epic-move-to-8/,https://coincu.com/sui-breakout-signals-epic-move-to-8/,1,0,not_found_in_raw
https://coincu.com/sui-holds-key-support-next-stop-3-68/,posts,365047,https://coincu.com/analysis/sui-builds-momentum/,https://coincu.com/sui-builds-momentum/,1,0,not_found_in_raw
https://coincu.com/sui-holds-key-support-next-stop-3-68/,posts,365047,https://coincu.com/analysis/sui-ready-for-breakout/,https://coincu.com/sui-ready-for-breakout/,1,0,not_found_in_raw
https://coincu.com/sui-holds-support-1-42-eyeing-rebound/,posts,391678,https://coincu.com/analysis/sui-tests-critical-support-bounce-1-58/,https://coincu.com/sui-tests-critical-support-bounce-1-58/,1,0,not_found_in_raw
https://coincu.com/sui-mainnet-outage-transactions/,posts,388895,https://coincu.com/news/hashkey-hkex-listing-digital-assets/,https://coincu.com/hashkey-hkex-listing-digital-assets/,1,0,not_found_in_raw
https://coincu.com/sui-may-reach-20-with-860-rally/,posts,378344,https://coincu.com/news/sui-stablecoin-usdsui-stripe-bridge/,https://coincu.com/sui-stablecoin-usdsui-stripe-bridge/,1,0,not_found_in_raw
https://coincu.com/sui-momentum-builds-fast/,posts,369684,https://coincu.com/analysis/sui-bounces-at-2-55-but-heavy-sell-wall/,https://coincu.com/sui-bounces-at-2-55-but-heavy-sell-wall/,1,0,not_found_in_raw
https://coincu.com/sui-momentum-builds-fast/,posts,369684,https://coincu.com/analysis/sui-set-to-explode/,https://coincu.com/sui-set-to-explode/,1,0,not_found_in_raw
https://coincu.com/sui-overtakes-base-in-dex-aggregator/,posts,360568,https://coincu.com/analysis/sui-double-bottom-signals-potential-surge/,https://coincu.com/sui-double-bottom-signals-potential-surge/,1,0,not_found_in_raw
https://coincu.com/sui-ready-for-breakout/,posts,361968,https://coincu.com/analysis/is-sui-poised-for-strong-q4-as-history/,https://coincu.com/is-sui-poised-for-strong-q4-as-history/,1,0,not_found_in_raw
https://coincu.com/sui-ready-for-breakout/,posts,361968,https://coincu.com/analysis/sui-bullish-breakout-could-spark-momentum/,https://coincu.com/sui-bullish-breakout-could-spark-momentum/,1,0,not_found_in_raw
https://coincu.com/sui-ready-for-breakout/,posts,361968,https://coincu.com/analysis/sui-double-bottom-signals-potential-surge/,https://coincu.com/sui-double-bottom-signals-potential-surge/,1,0,not_found_in_raw
https://coincu.com/sui-ready-for-breakout/,posts,361968,https://coincu.com/analysis/sui-overtakes-base-in-dex-aggregator/,https://coincu.com/sui-overtakes-base-in-dex-aggregator/,1,0,not_found_in_raw
https://coincu.com/sui-recovers-145-targets-above-160/,posts,380592,https://coincu.com/analysis/sui-shows-bullish-ob-and-liquidity-grab/,https://coincu.com/sui-shows-bullish-ob-and-liquidity-grab/,1,0,not_found_in_raw
https://coincu.com/sui-set-to-explode/,posts,366943,https://coincu.com/analysis/sui-breakout-signals-epic-move-to-8/,https://coincu.com/sui-breakout-signals-epic-move-to-8/,1,0,not_found_in_raw
https://coincu.com/sui-set-to-explode/,posts,366943,https://coincu.com/analysis/sui-holds-key-support-next-stop-3-68/,https://coincu.com/sui-holds-key-support-next-stop-3-68/,1,0,not_found_in_raw
https://coincu.com/sui-set-to-explode/,posts,366943,https://coincu.com/analysis/sui-surges-above-3-37-resistance/,https://coincu.com/sui-surges-above-3-37-resistance/,1,0,not_found_in_raw
https://coincu.com/sui-shows-bullish-ob-and-liquidity-grab/,posts,379687,https://coincu.com/analysis/sui-may-reach-20-with-860-rally/,https://coincu.com/sui-may-reach-20-with-860-rally/,1,0,not_found_in_raw
https://coincu.com/sui-surges-18b-monthly-dex-volume/,posts,370121,https://coincu.com/analysis/sui-bounces-at-2-55-but-heavy-sell-wall/,https://coincu.com/sui-bounces-at-2-55-but-heavy-sell-wall/,1,0,not_found_in_raw
https://coincu.com/sui-surges-18b-monthly-dex-volume/,posts,370121,https://coincu.com/analysis/sui-momentum-builds-fast/,https://coincu.com/sui-momentum-builds-fast/,1,0,not_found_in_raw
https://coincu.com/sui-surges-18b-monthly-dex-volume/,posts,370121,https://coincu.com/analysis/sui-surges-above-3-37-resistance/,https://coincu.com/sui-surges-above-3-37-resistance/,1,0,not_found_in_raw
https://coincu.com/sui-surges-above-3-37-resistance/,posts,366030,https://coincu.com/analysis/sui-holds-key-support-next-stop-3-68/,https://coincu.com/sui-holds-key-support-next-stop-3-68/,1,0,not_found_in_raw
https://coincu.com/sui-targets-20-market-structure-flips/,posts,389267,https://coincu.com/news/sui-mainnet-outage-transactions/,https://coincu.com/sui-mainnet-outage-transactions/,1,0,not_found_in_raw
https://coincu.com/sui-test-strong-support-relief-above-1-05/,posts,396057,https://coincu.com/news/sui-sees-u-s-staking-etfs-list-as-gsui-suis-launch/,https://coincu.com/,1,0,not_found_in_raw
https://coincu.com/sui-tests-critical-support-bounce-1-58/,posts,390543,https://coincu.com/analysis/sui-targets-20-market-structure-flips/,https://coincu.com/sui-targets-20-market-structure-flips/,1,0,not_found_in_raw
https://coincu.com/swift-blockchain-cross-border-payments/,posts,365295,https://coincu.com/news/swift-on-chain-linea-trial/,https://coincu.com/swift-on-chain-linea-trial/,1,0,not_found_in_raw
https://coincu.com/swiss-banks-test-ethereum-settlements/,posts,362321,https://coincu.com/news/vietnam-crypto-trading-pilot-2027/,https://coincu.com/vietnam-crypto-trading-pilot-2027/,1,0,not_found_in_raw
https://coincu.com/synthesia-raises-200m-led-by-google/,posts,373807,https://coincu.com/news/crypto-market-expansion-a16z-report/,https://coincu.com/crypto-market-expansion-a16z-report/,1,0,not_found_in_raw
https://coincu.com/taiwan-bitcoin-strategic-reserve-study/,posts,377827,https://coincu.com/markets/microstrategy-bitcoin-reserve-strategy/,https://coincu.com/microstrategy-bitcoin-reserve-strategy/,1,0,not_found_in_raw
https://coincu.com/tao-accumulation-momentum-for-major-move/,posts,379908,https://coincu.com/analysis/bittensortao-breaks-resistance-with/,https://coincu.com/bittensortao-breaks-resistance-with/,1,0,not_found_in_raw
https://coincu.com/tao-breaks-long-consolidation-eyeing-potential-rally-towards-250-breakout/,posts,396634,https://coincu.com/news/bittensor-tao-swings-as-upbit-lists-krw-btc-usdt-pairs/,https://coincu.com/,1,0,not_found_in_raw
https://coincu.com/tao-climbs-from-142-support-targeting-270/,posts,394885,https://coincu.com/news/bittensor-tao-swings-as-upbit-lists-krw-btc-usdt-pairs/,https://coincu.com/,1,0,not_found_in_raw
https://coincu.com/tao-forms-3-wave-move-78-6-retracement-level-where-next-tao/,posts,386898,https://coincu.com/analysis/tao-accumulation-momentum-for-major-move/,https://coincu.com/tao-accumulation-momentum-for-major-move/,1,0,not_found_in_raw
https://coincu.com/tao-path-recovery-weekly-close-above-290/,posts,387840,https://coincu.com/analysis/tao-forms-3-wave-move-78-6-retracement-level-where-next-tao/,https://coincu.com/tao-forms-3-wave-move-78-6-retracement-level-where-next-tao/,1,0,not_found_in_raw
https://coincu.com/tao-prepares-for-breakout/,posts,362644,https://coincu.com/news/tao-synergies-bittensor-purchase/,https://coincu.com/tao-synergies-bittensor-purchase/,1,0,not_found_in_raw
https://coincu.com/taurus-expands-to-u-s-opens-new-york/,posts,373112,https://coincu.com/news/deutsche-bank-and-taurus-digital-asset-custody/,https://coincu.com/deutsche-bank-and-taurus-digital-asset-custody/,1,0,not_found_in_raw
https://coincu.com/taurus-expands-to-u-s-opens-new-york/,posts,373112,https://coincu.com/news/ironlight-markets-approved-ats/,https://coincu.com/ironlight-markets-approved-ats/,1,0,not_found_in_raw
https://coincu.com/td-buy-signal-sparks-xrp-momentum-to-2-50/,posts,383605,https://coincu.com/analysis/xrp-surge-ahead-watch-this-key-2-20/,https://coincu.com/xrp-surge-ahead-watch-this-key-2-20/,1,0,not_found_in_raw
https://coincu.com/terra-classic-luna-market-surge/,posts,381786,https://coincu.com/news/binance-supports-network-upgrades/,https://coincu.com/binance-supports-network-upgrades/,1,0,not_found_in_raw
https://coincu.com/terra-classic-lunc-explained/,posts,401155,https://coincu.com/news/terraform-labs-sec-lawsuit-settled-for-4-47b/,https://coincu.com/terraform-labs-sec-lawsuit-settled-for-4-47b/,1,0,not_found_in_raw
https://coincu.com/tether-adds-960-btc-amid-rising-large-holder-accumulation/,posts,376680,https://coincu.com/analysis/bitcoin-struggles-at-100k/,https://coincu.com/bitcoin-struggles-at-100k/,1,0,not_found_in_raw
https://coincu.com/tether-adds-960-btc-amid-rising-large-holder-accumulation/,posts,376680,https://coincu.com/markets/tether-q3-2025-profit-report/,https://coincu.com/tether-q3-2025-profit-report/,1,0,not_found_in_raw
https://coincu.com/tether-adds-960-btc-amid-rising-large-holder-accumulation/,posts,376680,https://coincu.com/news/tether-record-profits-us-bond/,https://coincu.com/tether-record-profits-us-bond/,1,0,not_found_in_raw
https://coincu.com/tether-backs-layerzero-after-usdt0-70b/,posts,394107,https://coincu.com/markets/tether-usdt-profit-forecast-2025/,https://coincu.com/tether-usdt-profit-forecast-2025/,1,0,not_found_in_raw
https://coincu.com/tether-defends-finance-amid-downgrade/,posts,380789,https://coincu.com/news/dutch-central-bank-stablecoin-risks/,https://coincu.com/dutch-central-bank-stablecoin-risks/,1,0,not_found_in_raw
https://coincu.com/tether-defends-finance-amid-downgrade/,posts,380789,https://coincu.com/news/hong-kong-digital-assets-tax-exemption/,https://coincu.com/hong-kong-digital-assets-tax-exemption/,1,0,not_found_in_raw
https://coincu.com/tether-freezes-1-6m-in-usdt-linked-to/,posts,350508,https://coincu.com/analysis/tether-us-strategy-stablecoins/,https://coincu.com/tether-us-strategy-stablecoins/,1,0,not_found_in_raw
https://coincu.com/tether-freezes-1-6m-in-usdt-linked-to/,posts,350508,https://coincu.com/news/tether-freezes-usdt-tron-network/,https://coincu.com/tether-freezes-usdt-tron-network/,1,0,not_found_in_raw
https://coincu.com/tether-invests-in-whop-to-boost-global/,posts,395981,https://coincu.com/news/tether-launches-usa₮-as-first-federally/,https://coincu.com/tether-launches-usa₮-as-first-federally/,1,0,not_found_in_raw
https://coincu.com/tether-invests-ledn-bitcoin-lending/,posts,378967,https://coincu.com/news/tether-precious-metals-expansion/,https://coincu.com/tether-precious-metals-expansion/,1,0,not_found_in_raw
https://coincu.com/tether-invests-neura-robotics/,posts,378441,https://coincu.com/markets/crypto-market-crash-dat-stocks/,https://coincu.com/crypto-market-crash-dat-stocks/,1,0,not_found_in_raw
https://coincu.com/tether-invests-neura-robotics/,posts,378441,https://coincu.com/markets/usdc-surpasses-usdt-market-growth/,https://coincu.com/usdc-surpasses-usdt-market-growth/,1,0,not_found_in_raw
https://coincu.com/tether-launches-privacy-focused-health/,posts,382530,https://coincu.com/news/tether-venture-investment-is-fueled/,https://coincu.com/tether-venture-investment-is-fueled/,1,0,not_found_in_raw
https://coincu.com/tether-partners-with-bitqik-to-promote/,posts,389836,https://coincu.com/news/stablecoin-deposit-risk-bofa/,https://coincu.com/stablecoin-deposit-risk-bofa/,1,0,not_found_in_raw
https://coincu.com/tether-partners-with-bitqik-to-promote/,posts,389836,https://coincu.com/news/tether-tron-crypto-supply-growth/,https://coincu.com/tether-tron-crypto-supply-growth/,1,0,not_found_in_raw
https://coincu.com/tether-q3-2025-profit-report/,posts,373926,https://coincu.com/news/wintermute-defi-liquidity-crisis/,https://coincu.com/wintermute-defi-liquidity-crisis/,1,0,not_found_in_raw
https://coincu.com/tether-record-profits-us-bond/,posts,373557,https://coincu.com/analysis/btc-price-stability-could-fuel-long-term-surge-toward-120k-target/,https://coincu.com/btc-price-stability-could-fuel-long-term-surge-toward-120k-target/,1,0,not_found_in_raw
https://coincu.com/tether-record-profits-us-bond/,posts,373557,https://coincu.com/markets/xrp-dominance-holds-4-percent-surge-to-10/,https://coincu.com/xrp-dominance-holds-4-percent-surge-to-10/,1,0,not_found_in_raw
https://coincu.com/tether-rivals-central-banks-as-gold/,posts,391556,https://coincu.com/analysis/matrixport-gold-rise-bitcoin-2026/,https://coincu.com/matrixport-gold-rise-bitcoin-2026/,1,0,not_found_in_raw
https://coincu.com/tether-softbank-private-funding-round/,posts,365024,https://coincu.com/news/crypto-finance-anchornote-regulated-trades/,https://coincu.com/crypto-finance-anchornote-regulated-trades/,1,0,not_found_in_raw
https://coincu.com/tether-softbank-private-funding-round/,posts,365024,https://coincu.com/news/tether-us-stablecoin-market-return/,https://coincu.com/tether-us-stablecoin-market-return/,1,0,not_found_in_raw
https://coincu.com/tether-stops-cnh₮-issuance/,posts,395420,https://coincu.com/news/tether-launches-usa₮-as-first-federally/,https://coincu.com/tether-launches-usa₮-as-first-federally/,1,0,not_found_in_raw
https://coincu.com/tether-tron-crypto-supply-growth/,posts,389572,https://coincu.com/news/tether-profits-policies-hayes-questions/,https://coincu.com/tether-profits-policies-hayes-questions/,1,0,not_found_in_raw
https://coincu.com/tether-uruguay-bitcoin-mining-halt/,posts,380667,https://coincu.com/markets/bitcoin-trust-single-day-outflow/,https://coincu.com/bitcoin-trust-single-day-outflow/,1,0,not_found_in_raw
https://coincu.com/tether-us-stablecoin-market-return/,posts,362450,https://coincu.com/news/futurecrest-acquisition-250m-ipo-plan/,https://coincu.com/futurecrest-acquisition-250m-ipo-plan/,1,0,not_found_in_raw
https://coincu.com/tether-usdt-profit-forecast-2025/,posts,392895,https://coincu.com/news/china-crackdown-stablecoins-regulation/,https://coincu.com/china-crackdown-stablecoins-regulation/,1,0,not_found_in_raw
https://coincu.com/the-ravedao-rave-case-file-will-another-hard-pump-happen/,posts,400598,https://coincu.com/analysis/10b-eth-shorts-at-risk-if-price-pumps-10/,https://coincu.com/10b-eth-shorts-at-risk-if-price-pumps-10/,1,0,not_found_in_raw
https://coincu.com/the-ravedao-rave-case-file-will-another-hard-pump-happen/,posts,400598,https://coincu.com/news/cme-btc-futures-14-month-low-basis-trade-institutional-withdrawal/,https://coincu.com/cme-btc-futures-14-month-low-basis-trade-institutional-withdrawal/,1,0,not_found_in_raw
https://coincu.com/the-ravedao-rave-case-file-will-another-hard-pump-happen/,posts,400598,https://coincu.com/news/wallet-withdraws-link-binance/,https://coincu.com/wallet-withdraws-link-binance/,1,0,not_found_in_raw
https://coincu.com/token2049-removes-a7a5-sanctions/,posts,366709,https://coincu.com/news/tether-softbank-private-funding-round/,https://coincu.com/tether-softbank-private-funding-round/,1,0,not_found_in_raw
https://coincu.com/tom-lee-crypto-market-analysis/,posts,378785,https://coincu.com/analysis/ethereum-rockets-after-3-35k-liquidity-grab/,https://coincu.com/ethereum-rockets-after-3-35k-liquidity-grab/,1,0,not_found_in_raw
https://coincu.com/tom-lee-crypto-market-analysis/,posts,378785,https://coincu.com/markets/bitcoin-correction-risk-institutional-growth/,https://coincu.com/bitcoin-correction-risk-institutional-growth/,1,0,not_found_in_raw
https://coincu.com/tom-lee-crypto-market-analysis/,posts,378785,https://coincu.com/markets/bitmine-market-maker-instability/,https://coincu.com/bitmine-market-maker-instability/,1,0,not_found_in_raw
https://coincu.com/tom-lee-cryptocurrency-market-volatility/,posts,378643,https://coincu.com/markets/fed-interest-rate-cut-impact/,https://coincu.com/fed-interest-rate-cut-impact/,1,0,not_found_in_raw
https://coincu.com/tom-lee-embraces-eth-criticism/,posts,366847,https://coincu.com/news/bitmine-ethereum-purchase-2025-market/,https://coincu.com/bitmine-ethereum-purchase-2025-market/,1,0,not_found_in_raw
https://coincu.com/tom-lee-expands-eth-with-150m-buy/,posts,381614,https://coincu.com/markets/bitmine-buys-70-m-in-eth-as-firm-aims-5/,https://coincu.com/bitmine-buys-70-m-in-eth-as-firm-aims-5/,1,0,not_found_in_raw
https://coincu.com/tom-lee-sp500-melt-up/,posts,381029,https://coincu.com/analysis/fed-rate-cut-market-sensitivity/,https://coincu.com/fed-rate-cut-market-sensitivity/,1,0,not_found_in_raw
https://coincu.com/tom-lee-sp500-melt-up/,posts,381029,https://coincu.com/news/uae-regulates-defi-central-bank/,https://coincu.com/uae-regulates-defi-central-bank/,1,0,not_found_in_raw
https://coincu.com/toncoin-end-of-consolidation-eyes-on-6-85/,posts,391351,https://coincu.com/news/telegram-ton-token-sales-vesting/,https://coincu.com/telegram-ton-token-sales-vesting/,1,0,not_found_in_raw
https://coincu.com/top-1-holders-steady-as-doge-eyes-1-30/,posts,370296,https://coincu.com/analysis/dogecoin-forms-cup-handle-as-whales/,https://coincu.com/dogecoin-forms-cup-handle-as-whales/,1,0,not_found_in_raw
https://coincu.com/top-1-holders-steady-as-doge-eyes-1-30/,posts,370296,https://coincu.com/analysis/dogecoin-holds-0-19-support-eyes-0-33/,https://coincu.com/dogecoin-holds-0-19-support-eyes-0-33/,1,0,not_found_in_raw
https://coincu.com/top-bitcoin-etfs-by-total-aum/,posts,242490,https://coincu.com/analysis/bitcoin-etfs-see-238m-in-net-inflows/,https://coincu.com/bitcoin-etfs-see-238m-in-net-inflows/,2,0,not_found_in_raw
https://coincu.com/top-bitcoin-etfs-by-total-aum/,posts,242490,https://coincu.com/markets/ark-invest-sells-bitcoin-etf-tech-stocks/,https://coincu.com/ark-invest-sells-bitcoin-etf-tech-stocks/,1,0,not_found_in_raw
https://coincu.com/top-bitcoin-etfs-by-total-aum/,posts,242490,https://coincu.com/news/bitcoin-etfs-see-96m-from-intesa-sanpaolo-in-13f/,https://coincu.com/,1,0,not_found_in_raw
https://coincu.com/top-bitcoin-etfs-by-total-aum/,posts,242490,https://coincu.com/news/blackrock-deposits-bitcoin-eth-coinbase/,https://coincu.com/blackrock-deposits-bitcoin-eth-coinbase/,1,0,not_found_in_raw
https://coincu.com/tradegenius-review-2026-hands-on-test/,posts,402101,https://coincu.com/markets/perpetual-dex-trading-volumes-rise/,https://coincu.com/perpetual-dex-trading-volumes-rise/,1,0,not_found_in_raw
https://coincu.com/traders-eye-ena-0-108-support-move-0-129/,posts,395388,https://coincu.com/analysis/ena-tests-support-bounce-potential-0-19/,https://coincu.com/ena-tests-support-bounce-potential-0-19/,1,0,not_found_in_raw
https://coincu.com/traders-reject-new-york-fed-repo/,posts,379165,https://coincu.com/analysis/crypto-funds-see-1-17-billion-outflows/,https://coincu.com/crypto-funds-see-1-17-billion-outflows/,1,0,not_found_in_raw
https://coincu.com/tron-gains-1-1b-as-plasma-loses-996m/,posts,368092,https://coincu.com/news/defillama-delists-aster-dex-concerns/,https://coincu.com/defillama-delists-aster-dex-concerns/,1,0,not_found_in_raw
https://coincu.com/tron-gains-1-1b-as-plasma-loses-996m/,posts,368092,https://coincu.com/news/usdc-record-circulation-75-billion/,https://coincu.com/usdc-record-circulation-75-billion/,1,0,not_found_in_raw
https://coincu.com/tron-pushes-860m-usdt-into-okx-2/,posts,356194,https://coincu.com/analysis/tron-h1-2025-consistent-growth-across-key-fundamental-metrics/,https://coincu.com/tron-h1-2025-consistent-growth-across-key-fundamental-metrics/,1,0,not_found_in_raw
https://coincu.com/trump-american-bitcoin-nasdaq-listing/,posts,362435,https://coincu.com/news/nasdaq-tokenized-stock-sec-application/,https://coincu.com/nasdaq-tokenized-stock-sec-application/,1,0,not_found_in_raw
https://coincu.com/trump-approval-40-percent-disapproval-crypto-impact/,posts,377899,https://coincu.com/markets/us-china-trade-talks-consensus/,https://coincu.com/us-china-trade-talks-consensus/,1,0,not_found_in_raw
https://coincu.com/trump-executiveorder-impose-global-tariff/,posts,395471,https://coincu.com/news/markets-eye-trumps-iran-strike-talk-amid-war-powers-debate/,https://coincu.com/markets-eye-trumps-iran-strike-talk-amid-war-powers-debate/,1,0,not_found_in_raw
https://coincu.com/trump-fed-chair-hassett-nomination/,posts,380809,https://coincu.com/markets/bitcoin-drops-below-90000-market-shift/,https://coincu.com/bitcoin-drops-below-90000-market-shift/,1,0,not_found_in_raw
https://coincu.com/trump-fed-chair-inflation-concerns/,posts,381640,https://coincu.com/news/federal-reserve-chair-final-interviews/,https://coincu.com/federal-reserve-chair-final-interviews/,1,0,not_found_in_raw
https://coincu.com/trump-fed-chair-inflation-concerns/,posts,381640,https://coincu.com/news/kevin-hassett-fed-chair/,https://coincu.com/kevin-hassett-fed-chair/,1,0,not_found_in_raw
https://coincu.com/trump-fed-chair-nomination-impact/,posts,381035,https://coincu.com/markets/kevin-hassett-fed-chair-candidate/,https://coincu.com/kevin-hassett-fed-chair-candidate/,1,0,not_found_in_raw
https://coincu.com/trump-fed-chair-nomination-impact/,posts,381035,https://coincu.com/news/hong-kong-digital-asset-regulations/,https://coincu.com/hong-kong-digital-asset-regulations/,1,0,not_found_in_raw
https://coincu.com/trump-fed-rate-decision-2025/,posts,371681,https://coincu.com/markets/fed-rate-cut-impact-crypto/,https://coincu.com/fed-rate-cut-impact-crypto/,1,0,not_found_in_raw
https://coincu.com/trump-fed-rate-decision-2025/,posts,371681,https://coincu.com/markets/federal-reserve-25-basis-point-cut/,https://coincu.com/federal-reserve-25-basis-point-cut/,1,0,not_found_in_raw
https://coincu.com/trump-fed-rate-decision-2025/,posts,371681,https://coincu.com/markets/trump-nyt-lawsuit-memecoin-impact/,https://coincu.com/trump-nyt-lawsuit-memecoin-impact/,1,0,not_found_in_raw
https://coincu.com/trump-federal-reserve-chair-announcement/,posts,380815,https://coincu.com/markets/crypto-exchanges-profit-resilience/,https://coincu.com/crypto-exchanges-profit-resilience/,1,0,not_found_in_raw
https://coincu.com/trump-federal-reserve-chair-announcement/,posts,380815,https://coincu.com/markets/tom-lee-cryptocurrency-market-volatility/,https://coincu.com/tom-lee-cryptocurrency-market-volatility/,1,0,not_found_in_raw
https://coincu.com/trump-federal-reserve-chair-announcement/,posts,380815,https://coincu.com/news/feds-liquidity-measures-crypto-impact/,https://coincu.com/feds-liquidity-measures-crypto-impact/,1,0,not_found_in_raw
https://coincu.com/trump-linked-crypto-firm-wlfi-to-launch/,posts,381228,https://coincu.com/news/eric-trump-confirms-plans-to-tokenize/,https://coincu.com/eric-trump-confirms-plans-to-tokenize/,1,0,not_found_in_raw
https://coincu.com/trump-linked-crypto-firm-wlfi-to-launch/,posts,381228,https://coincu.com/news/trump-family-usd1-stablecoin-volume/,https://coincu.com/trump-family-usd1-stablecoin-volume/,1,0,not_found_in_raw
https://coincu.com/trump-media-bets-300m-on-bitcoin-option/,posts,351300,https://coincu.com/news/wlfi-tokens-tradable-soon/,https://coincu.com/wlfi-tokens-tradable-soon/,1,0,not_found_in_raw
https://coincu.com/trump-media-to-launch-prediction-markets/,posts,372029,https://coincu.com/markets/polymarket-kalshi-lead-market/,https://coincu.com/polymarket-kalshi-lead-market/,1,0,not_found_in_raw
https://coincu.com/trump-nyt-lawsuit-memecoin-impact/,posts,362453,https://coincu.com/markets/trump-interest-rate-influence-market/,https://coincu.com/trump-interest-rate-influence-market/,1,0,not_found_in_raw
https://coincu.com/trump-pardons-binance-founder-3/,posts,371360,https://coincu.com/news/binance-doj-compliance-supervision-end/,https://coincu.com/binance-doj-compliance-supervision-end/,1,0,not_found_in_raw
https://coincu.com/trump-pardons-binance-founder-3/,posts,371360,https://coincu.com/news/hype-whale-unstakes-107m-crypto/,https://coincu.com/hype-whale-unstakes-107m-crypto/,1,0,not_found_in_raw
https://coincu.com/trump-pardons-binance-founder-cz-2/,posts,371639,https://coincu.com/news/bnb-hits-a-new-all-time-high-at-950/,https://coincu.com/bnb-hits-a-new-all-time-high-at-950/,1,0,not_found_in_raw
https://coincu.com/trump-set-to-visit-jerusalem-this-sunday/,posts,367658,https://coincu.com/markets/us-gov-shutdown-trump-optimism/,https://coincu.com/us-gov-shutdown-trump-optimism/,1,0,not_found_in_raw
https://coincu.com/trump-set-to-visit-jerusalem-this-sunday/,posts,367658,https://coincu.com/news/trump-wlfi-sells-tokens-premium/,https://coincu.com/trump-wlfi-sells-tokens-premium/,1,0,not_found_in_raw
https://coincu.com/trump-signs-funding-bill-2026/,posts,377812,https://coincu.com/analysis/dogecoin-eyes-0-265-target/,https://coincu.com/dogecoin-eyes-0-265-target/,1,0,not_found_in_raw
https://coincu.com/trump-signs-funding-bill-2026/,posts,377812,https://coincu.com/markets/cryptocurrency-liquidation-btc-eth-impact/,https://coincu.com/cryptocurrency-liquidation-btc-eth-impact/,1,0,not_found_in_raw
https://coincu.com/trump-signs-funding-bill-2026/,posts,377812,https://coincu.com/news/courts-step-in-trump-must-fund-food-aid/,https://coincu.com/courts-step-in-trump-must-fund-food-aid/,1,0,not_found_in_raw
https://coincu.com/trump-signs-genius-act-crypto-framework/,posts,390334,https://coincu.com/news/china-crackdown-stablecoins-regulation/,https://coincu.com/china-crackdown-stablecoins-regulation/,1,0,not_found_in_raw
https://coincu.com/trump-signs-genius-act-crypto-framework/,posts,390334,https://coincu.com/news/new-stablecoin-regulations-bowman/,https://coincu.com/new-stablecoin-regulations-bowman/,1,0,not_found_in_raw
https://coincu.com/trump-tariff-policy-impact-crypto-2/,posts,381286,https://coincu.com/analysis/bitcoin-eyes-100k-can-bulls-break-93k-resistance/,https://coincu.com/bitcoin-eyes-100k-can-bulls-break-93k-resistance/,1,0,not_found_in_raw
https://coincu.com/trump-tariff-policy-impact-crypto-2/,posts,381286,https://coincu.com/analysis/bitcoin-open-interest-sees-sharpest-30/,https://coincu.com/bitcoin-open-interest-sees-sharpest-30/,1,0,not_found_in_raw
https://coincu.com/trump-united-nations-strategies/,posts,363992,https://coincu.com/news/uk-and-us-prepare-crypto-regulation/,https://coincu.com/uk-and-us-prepare-crypto-regulation/,1,0,not_found_in_raw
https://coincu.com/trump-wlfi-sells-tokens-premium/,posts,366663,https://coincu.com/analysis/wlfi-bounces-hard/,https://coincu.com/wlfi-bounces-hard/,1,0,not_found_in_raw
https://coincu.com/trump-wlfi-sells-tokens-premium/,posts,366663,https://coincu.com/news/uniswap-governance-token-debate/,https://coincu.com/uniswap-governance-token-debate/,1,0,not_found_in_raw
https://coincu.com/trust-wallet-launches-native-prediction/,posts,381121,https://coincu.com/markets/polymarket-kalshi-lead-market/,https://coincu.com/polymarket-kalshi-lead-market/,1,0,not_found_in_raw
https://coincu.com/trust-wallet-launches-native-prediction/,posts,381121,https://coincu.com/news/ondo-brings-tokenized-u-s-stocks-and/,https://coincu.com/ondo-brings-tokenized-u-s-stocks-and/,1,0,not_found_in_raw
https://coincu.com/u-s-drops-insider-trading-case-against/,posts,390742,https://coincu.com/news/appeals-court-rules-nft-trading-case/,https://coincu.com/appeals-court-rules-nft-trading-case/,1,0,not_found_in_raw
https://coincu.com/u-s-drops-insider-trading-case-against/,posts,390742,https://coincu.com/news/sec-lawsuit-against-opensea-ends/,https://coincu.com/sec-lawsuit-against-opensea-ends/,1,0,not_found_in_raw
https://coincu.com/u-s-finalizes-forfeiture-of-over-400/,posts,392456,https://coincu.com/news/bitcoin-price-geopolitical-tensions/,https://coincu.com/bitcoin-price-geopolitical-tensions/,1,0,not_found_in_raw
https://coincu.com/u-s-finalizes-forfeiture-of-over-400/,posts,392456,https://coincu.com/news/helix-money-laundering-case-operator/,https://coincu.com/helix-money-laundering-case-operator/,1,0,not_found_in_raw
https://coincu.com/u-s-indicts-chen-zhi-for-global-crypto-scam-via-cambodias-prince-group/,posts,368745,https://coincu.com/news/uk-new-anti-crypto-fraud-strategy/,https://coincu.com/uk-new-anti-crypto-fraud-strategy/,1,0,not_found_in_raw
https://coincu.com/u-s-indicts-chen-zhi-for-global-crypto-scam-via-cambodias-prince-group/,posts,368745,https://coincu.com/news/us-government-seizure-bitcoin-questions/,https://coincu.com/us-government-seizure-bitcoin-questions/,1,0,not_found_in_raw
https://coincu.com/u-s-indicts-chen-zhi-for-global-crypto-scam-via-cambodias-prince-group/,posts,368745,https://coincu.com/news/x-uncovers-bribery-ring-tied-to-crypto/,https://coincu.com/x-uncovers-bribery-ring-tied-to-crypto/,1,0,not_found_in_raw
https://coincu.com/u-s-treasury-debt-buyback-boost-market-2026/,posts,381429,https://coincu.com/markets/us-treasury-interest-rate-cut/,https://coincu.com/us-treasury-interest-rate-cut/,1,0,not_found_in_raw
https://coincu.com/u-s-unemployment-rate-hits-4-4-as-economic-warning-signs-grow-stronger/,posts,397225,https://coincu.com/news/u-s-stock-index-futures-dip-as-fed-bets-shift-on-jobs/,https://coincu.com/,1,0,not_found_in_raw
https://coincu.com/uae-defi-regulations-massive-fines/,posts,379870,https://coincu.com/analysis/eth-2-8k-key-support-level-signals/,https://coincu.com/eth-2-8k-key-support-level-signals/,1,0,not_found_in_raw
https://coincu.com/uae-defi-regulations-massive-fines/,posts,379870,https://coincu.com/news/aave-labs-defi-app-launch/,https://coincu.com/aave-labs-defi-app-launch/,1,0,not_found_in_raw
https://coincu.com/uae-successfully-completes-first-digital/,posts,377651,https://coincu.com/news/cbdcs-vs-instant-payment-systems-gain-central/,https://coincu.com/cbdcs-vs-instant-payment-systems-gain-central/,1,0,not_found_in_raw
https://coincu.com/uae-successfully-completes-first-digital/,posts,377651,https://coincu.com/news/first-dirham-pegged-stablecoin-approved/,https://coincu.com/first-dirham-pegged-stablecoin-approved/,1,0,not_found_in_raw
https://coincu.com/uae-successfully-completes-first-digital/,posts,377651,https://coincu.com/news/uae-central-bank-expands-cbdc-strategy/,https://coincu.com/uae-central-bank-expands-cbdc-strategy/,1,0,not_found_in_raw
https://coincu.com/ubs-completes-worlds-first-in-production/,posts,376137,https://coincu.com/analysis/chainlinks-240b-real-estate/,https://coincu.com/chainlinks-240b-real-estate/,1,0,not_found_in_raw
https://coincu.com/ubs-completes-worlds-first-in-production/,posts,376137,https://coincu.com/news/ftse-russell-partners-with-chainlink-to/,https://coincu.com/ftse-russell-partners-with-chainlink-to/,1,0,not_found_in_raw
https://coincu.com/uk-and-us-prepare-crypto-regulation/,posts,362387,https://coincu.com/news/openbank-crypto-trading-germany-launch/,https://coincu.com/openbank-crypto-trading-germany-launch/,1,0,not_found_in_raw
https://coincu.com/uk-defi-tax-framework/,posts,380380,https://coincu.com/news/aave-labs-defi-app-launch/,https://coincu.com/aave-labs-defi-app-launch/,1,0,not_found_in_raw
https://coincu.com/uk-defi-tax-framework/,posts,380380,https://coincu.com/news/brazil-tax-cross-border-crypto/,https://coincu.com/brazil-tax-cross-border-crypto/,1,0,not_found_in_raw
https://coincu.com/uk-fca-launches-mills-review-on-ai-impact/,posts,391622,https://coincu.com/news/uks-fca-seeks-feedback-on-consumer/,https://coincu.com/uks-fca-seeks-feedback-on-consumer/,1,0,not_found_in_raw
https://coincu.com/uk-lawmakers-urge-ban-on-crypto-donations/,posts,388356,https://coincu.com/analysis/btc-bounces-back-strong/,https://coincu.com/btc-bounces-back-strong/,1,0,not_found_in_raw
https://coincu.com/uk-sets-clear-timeline-for-fca-crypto-licensing-regime/,posts,387779,https://coincu.com/news/uk-fca-crypto-regulation-plans/,https://coincu.com/uk-fca-crypto-regulation-plans/,1,0,not_found_in_raw
https://coincu.com/uk-us-crypto-cooperation-stablecoins/,posts,362386,https://coincu.com/news/sec-roundtable-crypto-regulation-privacy/,https://coincu.com/sec-roundtable-crypto-regulation-privacy/,1,0,not_found_in_raw
https://coincu.com/uk-us-digital-asset-regulation/,posts,363862,https://coincu.com/news/uk-and-us-prepare-crypto-regulation/,https://coincu.com/uk-and-us-prepare-crypto-regulation/,1,0,not_found_in_raw
https://coincu.com/uk-us-digital-asset-regulation/,posts,363862,https://coincu.com/news/uk-us-crypto-cooperation-stablecoins/,https://coincu.com/uk-us-crypto-cooperation-stablecoins/,1,0,not_found_in_raw
https://coincu.com/uk-us-taskforce-digital-regulation/,posts,363882,https://coincu.com/news/uk-us-crypto-cooperation-stablecoins/,https://coincu.com/uk-us-crypto-cooperation-stablecoins/,1,0,not_found_in_raw
https://coincu.com/uks-fca-seeks-feedback-on-consumer/,posts,390815,https://coincu.com/analysis/bitcoin-gold-japanese-bonds-impact/,https://coincu.com/bitcoin-gold-japanese-bonds-impact/,1,0,not_found_in_raw
https://coincu.com/uniswap-breakout-target-set-at-42-49/,posts,377725,https://coincu.com/news/uniswap-fee-switch-uni-jumps/,https://coincu.com/uniswap-fee-switch-uni-jumps/,1,0,not_found_in_raw
https://coincu.com/uniswap-fee-switch-uni-jumps/,posts,377357,https://coincu.com/markets/federal-reserve-2025-crypto-impact/,https://coincu.com/federal-reserve-2025-crypto-impact/,1,0,not_found_in_raw
https://coincu.com/uniswap-fee-switch-uni-jumps/,posts,377357,https://coincu.com/news/trump-pardons-binance-founder-cz-2/,https://coincu.com/trump-pardons-binance-founder-cz-2/,1,0,not_found_in_raw
https://coincu.com/uniswap-founder-blockchain-criticism/,posts,388618,https://coincu.com/news/crypto-fraud-network-dismantled/,https://coincu.com/crypto-fraud-network-dismantled/,2,0,not_found_in_raw
https://coincu.com/uniswap-governance-token-debate/,posts,363662,https://coincu.com/markets/sp500-buybacks-surge-market-high/,https://coincu.com/sp500-buybacks-surge-market-high/,1,0,not_found_in_raw
https://coincu.com/uniswap-governance-token-debate/,posts,363662,https://coincu.com/news/scroll-dao-governance-changes/,https://coincu.com/scroll-dao-governance-changes/,1,0,not_found_in_raw
https://coincu.com/uniswap-unification-proposal-support/,posts,380284,https://coincu.com/markets/michael-saylor-strategy-msci-index/,https://coincu.com/michael-saylor-strategy-msci-index/,1,0,not_found_in_raw
https://coincu.com/uniswap-whale-transfers-uni-market-watch/,posts,371026,https://coincu.com/markets/crypto-market-weekly-sep-8-sep-14-altcoins-shine-as-bitcoin-holds-steady/,https://coincu.com/crypto-market-weekly-sep-8-sep-14-altcoins-shine-as-bitcoin-holds-steady/,1,0,not_found_in_raw
https://coincu.com/uniswap-whale-transfers-uni-market-watch/,posts,371026,https://coincu.com/news/hype-whale-unstakes-107m-crypto/,https://coincu.com/hype-whale-unstakes-107m-crypto/,1,0,not_found_in_raw
https://coincu.com/upbit-exchange-hack-30m/,posts,380350,https://coincu.com/analysis/fidelity-solana-etf-launch,https://coincu.com/fidelity-solana-etf-launch/,1,0,not_found_in_raw
https://coincu.com/upbit-restores-crypto-deposits-dec-1/,posts,380749,https://coincu.com/news/senate-crypto-bill-december-vote/,https://coincu.com/senate-crypto-bill-december-vote/,1,0,not_found_in_raw
https://coincu.com/upbit-restores-crypto-deposits-dec-1/,posts,380749,https://coincu.com/news/sharps-technology-solana-strategy/,https://coincu.com/sharps-technology-solana-strategy/,1,0,not_found_in_raw
https://coincu.com/upbit-solana-network-breach-2025/,posts,380197,https://coincu.com/news/fidelity-solana-etf-launch/,https://coincu.com/fidelity-solana-etf-launch/,1,0,not_found_in_raw
https://coincu.com/upbit-solana-network-breach-2025/,posts,380197,https://coincu.com/news/levelfield-burling-bank-crypto-acquisition/,https://coincu.com/levelfield-burling-bank-crypto-acquisition/,1,0,not_found_in_raw
https://coincu.com/us-approves-funding-bill-eu-mica/,posts,377843,https://coincu.com/markets/federal-reserve-crypto-impact/,https://coincu.com/federal-reserve-crypto-impact-rate-cut/,1,0,not_found_in_raw
https://coincu.com/us-bitcoin-reserve-discussion/,posts,362690,https://coincu.com/news/altvest-plans-210m-bitcoin-treasury/,https://coincu.com/altvest-plans-210m-bitcoin-treasury/,1,0,not_found_in_raw
https://coincu.com/us-bitcoin-reserve-discussion/,posts,362690,https://coincu.com/news/sec-roundtable-crypto-regulation-privacy/,https://coincu.com/sec-roundtable-crypto-regulation-privacy/,1,0,not_found_in_raw
https://coincu.com/us-china-trade-talks-consensus/,posts,371774,https://coincu.com/markets/bitcoin-volatility-fed-rate-cut/,https://coincu.com/bitcoin-volatility-fed-rate-cut/,1,0,not_found_in_raw
https://coincu.com/us-consumer-prices-rise-2-4-in-february-matching-forecasts/,posts,397557,https://coincu.com/news/bitcoin-holds-near-60k-as-january-cpi-seen-at-2-5/,https://coincu.com/,1,0,not_found_in_raw
https://coincu.com/us-consumer-prices-rise-2-4-in-february-matching-forecasts/,posts,397557,https://coincu.com/news/u-s-stock-index-futures-dip-as-yields-rise-on-core-cpi/,https://coincu.com/,1,0,not_found_in_raw
https://coincu.com/us-crypto-market-regulation-bill/,posts,391065,https://coincu.com/news/china-crackdown-stablecoins-regulation/,https://coincu.com/china-crackdown-stablecoins-regulation/,1,0,not_found_in_raw
https://coincu.com/us-declares-blockchain-and-crypto/,posts,397241,https://coincu.com/news/crypto-market-structure-bill-discussion/,https://coincu.com/crypto-market-structure-bill-discussion/,1,0,not_found_in_raw
https://coincu.com/us-dollar-fed-rate-cuts-crypto/,posts,380864,https://coincu.com/analysis/bitcoin-open-interest-sees-sharpest-30/,https://coincu.com/bitcoin-open-interest-sees-sharpest-30/,1,0,not_found_in_raw
https://coincu.com/us-dollar-fed-rate-cuts-crypto/,posts,380864,https://coincu.com/markets/fed-rate-cut-december-probabilities/,https://coincu.com/fed-rate-cut-december-probabilities/,1,0,not_found_in_raw
https://coincu.com/us-economic-growth-q3-crypto-impact/,posts,373554,https://coincu.com/news/crypto-leaders-senate-meeting-market/,https://coincu.com/crypto-leaders-senate-meeting-market/,1,0,not_found_in_raw
https://coincu.com/us-gov-shutdown-trump-optimism/,posts,366764,https://coincu.com/analysis/ethereum-retests-4060,https://coincu.com/ethereum-retests-4060/,1,0,not_found_in_raw
https://coincu.com/us-gov-shutdown-trump-optimism/,posts,366764,https://coincu.com/news/eu-digital-euro-roadmap-2028,https://coincu.com/eu-digital-euro-roadmap-2028/,1,0,not_found_in_raw
https://coincu.com/us-government-shutdown-boosts-market/,posts,377174,https://coincu.com/analysis/bitcoin-above-105k-break-toward-130k/,https://coincu.com/bitcoin-above-105k-break-toward-130k/,1,0,not_found_in_raw
https://coincu.com/us-government-shutdown-boosts-market/,posts,377174,https://coincu.com/markets/fed-rate-cut-sp500-high/,https://coincu.com/fed-rate-cut-sp500-high/,1,0,not_found_in_raw
https://coincu.com/us-government-shutdown-crypto-impact-2/,posts,365810,https://coincu.com/markets/fed-rate-cut-crypto-impact-5/,https://coincu.com/fed-rate-cut-crypto-impact-5/,1,0,not_found_in_raw
https://coincu.com/us-government-shutdown-crypto-market-impact/,posts,366423,https://coincu.com/markets/fed-rate-cuts-impact-crypto/,https://coincu.com/fed-rate-cuts-impact-crypto/,2,0,not_found_in_raw
https://coincu.com/us-government-shutdown-crypto-market-impact/,posts,366423,https://coincu.com/news/potential-us-government-shutdown-crypto-impact/,https://coincu.com/potential-us-government-shutdown-crypto-impact/,1,0,not_found_in_raw
https://coincu.com/us-government-shutdown-economic-impact/,posts,377629,https://coincu.com/markets/cryptocurrency-liquidation-btc-eth-impact/,https://coincu.com/cryptocurrency-liquidation-btc-eth-impact/,1,0,not_found_in_raw
https://coincu.com/us-government-shutdown-economic-impact/,posts,377629,https://coincu.com/markets/us-economic-growth-q3-crypto-impact/,https://coincu.com/us-economic-growth-q3-crypto-impact/,1,0,not_found_in_raw
https://coincu.com/us-government-shutdown-resolution-vote/,posts,377743,https://coincu.com/news/coinbase-apollo-stablecoin-credit/,https://coincu.com/coinbase-apollo-stablecoin-credit/,1,0,not_found_in_raw
https://coincu.com/us-inflation-data-federal-rate-cuts/,posts,381647,https://coincu.com/analysis/ethereum-showing-strength-new-ath-run/,https://coincu.com/ethereum-showing-strength-new-ath-run/,1,0,not_found_in_raw
https://coincu.com/us-leverage-5x-etf-proposal/,posts,369493,https://coincu.com/news/21x-us-market-blockchain-exchange/,https://coincu.com/21x-us-market-blockchain-exchange/,1,0,not_found_in_raw
https://coincu.com/us-leverage-5x-etf-proposal/,posts,369493,https://coincu.com/news/grayscale-us-spot-crypto-etps-staking/,https://coincu.com/grayscale-us-spot-crypto-etps-staking/,1,0,not_found_in_raw
https://coincu.com/us-sec-lag-crypto-regulations/,posts,369658,https://coincu.com/news/sec-innovation-hub-digital-assets-2025/,https://coincu.com/sec-innovation-hub-digital-assets-2025/,1,0,not_found_in_raw
https://coincu.com/us-seize-580m-crypto-global-scam/,posts,396399,https://coincu.com/news/amir-hatami-remains-safe-as-us-israel-strike-iran/,https://coincu.com/,1,0,not_found_in_raw
https://coincu.com/us-senate-appropriations-bill-passed/,posts,377157,https://coincu.com/news/senate-crypto-market-bill-draft/,https://coincu.com/senate-crypto-market-bill-draft/,1,0,not_found_in_raw
https://coincu.com/us-senate-appropriations-bill-passed/,posts,377157,https://coincu.com/news/us-shutdown-resolution-talks/,https://coincu.com/us-shutdown-resolution-talks/,1,0,not_found_in_raw
https://coincu.com/us-senate-approves-funding-bill/,posts,377155,https://coincu.com/analysis/bitcoin-above-105k-break-toward-130k/,https://coincu.com/bitcoin-above-105k-break-toward-130k/,1,0,not_found_in_raw
https://coincu.com/us-senate-clarity-act-inaccuracy/,posts,387521,https://coincu.com/analysis/bitcoin-bounces-at-88k-but-can-it-reclaim-90k/,https://coincu.com/bitcoin-bounces-at-88k-but-can-it-reclaim-90k/,1,0,not_found_in_raw
https://coincu.com/us-senate-clarity-act-inaccuracy/,posts,387521,https://coincu.com/news/regulated-us-spot-crypto-trading/,https://coincu.com/regulated-us-spot-crypto-trading/,1,0,not_found_in_raw
https://coincu.com/us-senate-clarity-act-inaccuracy/,posts,387521,https://coincu.com/news/sec-project-crypto-new-regulations/,https://coincu.com/sec-project-crypto-new-regulations/,1,0,not_found_in_raw
https://coincu.com/us-senate-funds-government-shutdown/,posts,377244,https://coincu.com/news/us-shutdown-resolution-talks/,https://coincu.com/us-shutdown-resolution-talks/,1,0,not_found_in_raw
https://coincu.com/us-senate-shifts-crypto-regulation/,posts,377451,https://coincu.com/news/senate-crypto-market-bill-draft/,https://coincu.com/senate-crypto-market-bill-draft/,1,0,not_found_in_raw
https://coincu.com/us-senate-unveils-crypto-market-structure/,posts,388644,https://coincu.com/news/digital-asset-act-altcoin-parity-analysis/,https://coincu.com/digital-asset-act-altcoin-parity-analysis/,1,0,not_found_in_raw
https://coincu.com/us-senate-unveils-crypto-market-structure/,posts,388644,https://coincu.com/news/stablecoins-iran-venezuela-sanctions/,https://coincu.com/stablecoins-iran-venezuela-sanctions/,1,0,not_found_in_raw
https://coincu.com/us-senate-vote-polymarket-odds/,posts,377161,https://coincu.com/news/etherfi-reports-significant-quarterly-growth,https://coincu.com/etherfi-reports-significant-quarterly-growth/,1,0,not_found_in_raw
https://coincu.com/us-shutdown-digital-assets-impact/,posts,365266,https://coincu.com/news/potential-us-government-shutdown-crypto-impact/,https://coincu.com/potential-us-government-shutdown-crypto-impact/,1,0,not_found_in_raw
https://coincu.com/us-shutdown-digital-assets-impact/,posts,365266,https://coincu.com/news/stablecoin-genius-act-restrictions/,https://coincu.com/stablecoin-genius-act-restrictions/,1,0,not_found_in_raw
https://coincu.com/us-shutdown-employment-report-delay/,posts,364844,https://coincu.com/analysis/federal-reserve-new-dot-plot-rate-cuts/,https://coincu.com/federal-reserve-new-dot-plot-rate-cuts/,2,0,not_found_in_raw
https://coincu.com/us-shutdown-employment-report-delay/,posts,364844,https://coincu.com/news/christopher-waller-federal-reserve-board/,https://coincu.com/christopher-waller-federal-reserve-board/,1,0,not_found_in_raw
https://coincu.com/us-shutdown-ends-economic-data/,posts,377852,https://coincu.com/markets/federal-reserve-rate-cut-analysis/,https://coincu.com/federal-reserve-rate-cut-analysis/,1,0,not_found_in_raw
https://coincu.com/us-shutdown-odds-polymarket/,posts,391257,https://coincu.com/markets/polymarket-fed-rate-cut-december/,https://coincu.com/polymarket-fed-rate-cut-december/,1,0,not_found_in_raw
https://coincu.com/us-shutdown-odds-polymarket/,posts,391257,https://coincu.com/markets/trump-fed-chair-inflation-concerns/,https://coincu.com/trump-fed-chair-inflation-concerns/,1,0,not_found_in_raw
https://coincu.com/us-shutdown-prediction-markets-react/,posts,367925,https://coincu.com/markets/polymarket-us-government-shutdown-probability/,https://coincu.com/polymarket-us-government-shutdown-probability/,1,0,not_found_in_raw
https://coincu.com/us-shutdown-prediction-markets-react/,posts,367925,https://coincu.com/markets/us-government-shutdown-2025/,https://coincu.com/us-government-shutdown-2025/,1,0,not_found_in_raw
https://coincu.com/us-shutdown-prediction-markets-react/,posts,367925,https://coincu.com/markets/us-government-shutdown-crypto-impact-2/,https://coincu.com/us-government-shutdown-crypto-impact-2/,1,0,not_found_in_raw
https://coincu.com/us-shutdown-probability-71-polymarket/,posts,364971,https://coincu.com/markets/crypto-market-weekly-sep-8-sep-14-altcoins-shine-as-bitcoin-holds-steady/,https://coincu.com/crypto-market-weekly-sep-8-sep-14-altcoins-shine-as-bitcoin-holds-steady/,1,0,not_found_in_raw
https://coincu.com/us-shutdown-probability-71-polymarket/,posts,364971,https://coincu.com/markets/fed-rate-cut-impact-crypto/,https://coincu.com/fed-rate-cut-impact-crypto/,1,0,not_found_in_raw
https://coincu.com/us-shutdown-resolution-talks/,posts,373120,https://coincu.com/analysis/btc-leverage-builds-near-120k/,https://coincu.com/btc-leverage-builds-near-120k/,1,0,not_found_in_raw
https://coincu.com/us-shutdown-resolution-talks/,posts,373120,https://coincu.com/markets/whale-unstakes-hype-profit/,https://coincu.com/whale-unstakes-hype-profit/,1,0,not_found_in_raw
https://coincu.com/us-treasury-crypto-etp-tax-staking/,posts,377352,https://coincu.com/news/solana-etfs-staking-yield-launch/,https://coincu.com/solana-etfs-staking-yield-launch/,1,0,not_found_in_raw
https://coincu.com/us-treasury-federal-reserve-rate/,posts,373411,https://coincu.com/markets/federal-reserve-potential-rate-cuts/,https://coincu.com/federal-reserve-potential-rate-cuts/,1,0,not_found_in_raw
https://coincu.com/us-treasury-interest-rate-cut/,posts,381274,https://coincu.com/analysis/bitcoin-eyes-100k-can-bulls-break-93k-resistance/,https://coincu.com/bitcoin-eyes-100k-can-bulls-break-93k-resistance/,1,0,not_found_in_raw
https://coincu.com/us-treasury-interest-rate-cut/,posts,381274,https://coincu.com/analysis/fed-rate-cut-market-sensitivity/,https://coincu.com/fed-rate-cut-market-sensitivity/,1,0,not_found_in_raw
https://coincu.com/us-treasury-singapore-stablecoin-talks/,posts,373635,https://coincu.com/markets/stablecoin-use-2025-growth/,https://coincu.com/stablecoin-use-2025-growth/,1,0,not_found_in_raw
https://coincu.com/us-treasury-tax-regulations-2025/,posts,377165,https://coincu.com/news/trump-pardons-binance-founder-cz-2/,https://coincu.com/trump-pardons-binance-founder-cz-2/,1,0,not_found_in_raw
https://coincu.com/usd1-on-binance-unlocks-235m-wlfi-rewards/,posts,395406,https://coincu.com/news/binance-usd1-stablecoin-launch/,https://coincu.com/binance-usd1-stablecoin-launch/,1,0,not_found_in_raw
https://coincu.com/usdc-record-circulation-75-billion/,posts,366486,https://coincu.com/news/stablecoin-genius-act-restrictions/,https://coincu.com/stablecoin-genius-act-restrictions/,1,0,not_found_in_raw
https://coincu.com/usdc-surpasses-usdt-market-growth/,posts,373463,https://coincu.com/news/coinbase-usdc-lending-high-yield/,https://coincu.com/coinbase-usdc-lending-high-yield/,1,0,not_found_in_raw
https://coincu.com/usdc-treasury-mints-750-million-solana/,posts,380299,https://coincu.com/news/vaneck-solana-etf-vsol-launches-with/,https://coincu.com/vaneck-solana-etf-vsol-launches-with/,1,0,not_found_in_raw
https://coincu.com/usdpt-stablecoin-debuts-western-union/,posts,397059,https://coincu.com/markets/solana-gains-on-western-union-crossmint-usdpt-rollout/,https://coincu.com/solana-gains-on-western-union-crossmint-usdpt-rollout/,1,0,not_found_in_raw
https://coincu.com/vaneck-files-for-spot-bnb-etf-with-sec/,posts,379854,https://coincu.com/analysis/bnb-crashes-27key-1080-support/,https://coincu.com/bnb-crashes-27key-1080-support/,1,0,not_found_in_raw
https://coincu.com/vaneck-files-for-spot-bnb-etf-with-sec/,posts,379854,https://coincu.com/news/bnb-chain-native-staking-is-supported/,https://coincu.com/bnb-chain-native-staking-is-supported/,1,0,not_found_in_raw
https://coincu.com/vaneck-renames-gaming-etf-to-focus-on/,posts,382623,https://coincu.com/news/bitwise-index-fund-nyse-etf/,https://coincu.com/bitwise-index-fund-nyse-etf/,1,0,not_found_in_raw
https://coincu.com/vaneck-solana-etf-sec-filing/,posts,378051,https://coincu.com/markets/bitwise-solana-spot-etf-launch/,https://coincu.com/bitwise-solana-spot-etf-launch/,1,0,not_found_in_raw
https://coincu.com/vaneck-solana-etf-vsol-launches-with/,posts,378796,https://coincu.com/markets/bitwise-solana-etf-500-million-inflows/,https://coincu.com/bitwise-solana-etf-500-million-inflows/,1,0,not_found_in_raw
https://coincu.com/vaneck-solana-etf-vsol-launches-with/,posts,378796,https://coincu.com/news/solana-etfs-staking-yield-launch/,https://coincu.com/solana-etfs-staking-yield-launch/,1,0,not_found_in_raw
https://coincu.com/vaneck-solana-etf-vsol-launches-with/,posts,378796,https://coincu.com/news/vaneck-solana-etf-sec-filing/,https://coincu.com/vaneck-solana-etf-sec-filing/,1,0,not_found_in_raw
https://coincu.com/vanguard-allegedly-supports-crypto-etfs/,posts,380997,https://coincu.com/analysis/bitcoin-dominance-at-60/,https://coincu.com/bitcoin-dominance-at-60/,1,0,not_found_in_raw
https://coincu.com/vanguard-allows-crypto-etf-trading/,posts,381056,https://coincu.com/analysis/doge-price-slips-0-13-area-eyeing-surge/,https://coincu.com/doge-price-slips-0-13-area-eyeing-surge/,1,0,not_found_in_raw
https://coincu.com/videotutor-11m-seed-round-complete/,posts,373267,https://coincu.com/analysis/btc-soars-higher-while-open-interest/,https://coincu.com/btc-soars-higher-while-open-interest/,1,0,not_found_in_raw
https://coincu.com/videotutor-secures-11-million-funding/,posts,373265,https://coincu.com/analysis/btc-soars-higher-while-open-interest/,https://coincu.com/btc-soars-higher-while-open-interest/,1,0,not_found_in_raw
https://coincu.com/visa-bvnk-stablecoin-partnership/,posts,388742,https://coincu.com/news/china-crackdown-stablecoins-regulation/,https://coincu.com/china-crackdown-stablecoins-regulation/,1,0,not_found_in_raw
https://coincu.com/vitalik-buterin-ethereum-eth-withdrawal/,posts,392499,https://coincu.com/news/china-crypto-comprehensive-governance/,https://coincu.com/china-crypto-comprehensive-governance/,1,0,not_found_in_raw
https://coincu.com/vitalik-buterin-ethereum-future-summit/,posts,366175,https://coincu.com/markets/fed-rate-cut-crypto-impact-5/,https://coincu.com/fed-rate-cut-crypto-impact-5/,1,0,not_found_in_raw
https://coincu.com/vitalik-buterin-polygon-praise-shib-donation/,posts,370252,https://coincu.com/analysis/ethereum-eye-new-ath-with-4880-breakout/,https://coincu.com/ethereum-eye-new-ath-with-4880-breakout/,1,0,not_found_in_raw
https://coincu.com/vitalik-buterin-says-ethereum-should/,posts,387585,https://coincu.com/analysis/ethereum-faces-key-3250-resistance/,https://coincu.com/ethereum-faces-key-3250-resistance/,1,0,not_found_in_raw
https://coincu.com/vitalik-buterin-says-ethereum-should/,posts,387585,https://coincu.com/news/morgan-stanley-ethereum-etf-claims/,https://coincu.com/morgan-stanley-ethereum-etf-claims/,1,0,not_found_in_raw
https://coincu.com/vitalik-buterin-urges-algorithm-transparency-to-defend-free-speech/,posts,383517,https://coincu.com/analysis/ethereum-shows-signs-of-breakout/,https://coincu.com/ethereum-shows-signs-of-breakout/,1,0,not_found_in_raw
https://coincu.com/wallet-withdraws-link-binance/,posts,369972,https://coincu.com/analysis/chainlink-targets-rally-to-27/,https://coincu.com/chainlink-targets-rally-to-27/,1,0,not_found_in_raw
https://coincu.com/wallet-withdraws-link-binance/,posts,369972,https://coincu.com/markets/eth-price-could-see-a-boost-this-week/,https://coincu.com/eth-price-could-see-a-boost-this-week/,1,0,not_found_in_raw
https://coincu.com/warsaw-stock-exchange-launches-first/,posts,362969,https://coincu.com/news/sec-digital-asset-etf-listings/,https://coincu.com/sec-digital-asset-etf-listings/,1,0,not_found_in_raw
https://coincu.com/warsaw-stock-exchange-launches-first/,posts,362969,https://coincu.com/news/uk-fca-crypto-regulations-2025/,https://coincu.com/uk-fca-crypto-regulations-2025/,1,0,not_found_in_raw
https://coincu.com/warsh-fed-chair-nomination-market/,posts,393235,https://coincu.com/markets/federal-reserve-crypto-impact-rate-cut/,https://coincu.com/federal-reserve-crypto-impact-rate-cut/,1,0,not_found_in_raw
https://coincu.com/western-union-solana-stablecoin-plan-2026/,posts,372105,https://coincu.com/analysis/galaxy-digital-buys-1-2m-solana/,https://coincu.com/galaxy-digital-buys-1-2m-solana/,1,0,not_found_in_raw
https://coincu.com/western-union-solana-stablecoin-plan-2026/,posts,372105,https://coincu.com/news/us-treasury-stablecoin-rulemaking/,https://coincu.com/us-treasury-stablecoin-rulemaking/,1,0,not_found_in_raw
https://coincu.com/whale-buys-4-7m-aave/,posts,385795,https://coincu.com/news/aave-plasma-chain-deposits/,https://coincu.com/aave-plasma-chain-deposits/,1,0,not_found_in_raw
https://coincu.com/whale-buys-aster-market-movement/,posts,363625,https://coincu.com/analysis/crypto-whales-uni-sol-movements/,https://coincu.com/crypto-whales-uni-sol-movements/,1,0,not_found_in_raw
https://coincu.com/whale-scoops-50m-in-aster-as-price-hits/,posts,364314,https://coincu.com/markets/aster-token-profits-investors/,https://coincu.com/aster-token-profits-investors/,1,0,not_found_in_raw
https://coincu.com/whale-scoops-50m-in-aster-as-price-hits/,posts,364314,https://coincu.com/markets/whale-buys-aster-market-movement/,https://coincu.com/whale-buys-aster-market-movement/,1,0,not_found_in_raw
https://coincu.com/whale-unstakes-hype-profit/,posts,362369,https://coincu.com/analysis/whales-buy-80-7m-in-solana-as-sol/,https://coincu.com/whales-buy-80-7m-in-solana-as-sol/,1,0,not_found_in_raw
https://coincu.com/whale-unstakes-hype-profit/,posts,362369,https://coincu.com/markets/crypto-market-weekly-sep-1-sep-7-btc-eth-institutional-inflows-solana-ipo-and-fed-rate-cut/,https://coincu.com/crypto-market-weekly-sep-1-sep-7-btc-eth-institutional-inflows-solana-ipo-and-fed-rate-cut/,1,0,not_found_in_raw
https://coincu.com/whale-usdt-deposit-aster-withdrawal/,posts,363659,https://coincu.com/analysis/whales-sell-140m-ada-as-cardano-eyes-1-86/,https://coincu.com/whales-sell-140m-ada-as-cardano-eyes-1-86/,1,0,not_found_in_raw
https://coincu.com/whale-usdt-deposit-aster-withdrawal/,posts,363659,https://coincu.com/news/futurecrest-acquisition-250m-ipo-plan/,https://coincu.com/futurecrest-acquisition-250m-ipo-plan/,1,0,not_found_in_raw
https://coincu.com/whales-abandon-dogecoin/,posts,387868,https://coincu.com/analysis/doge-surges-bull-pennant-target-0-1718/,https://coincu.com/doge-surges-bull-pennant-target-0-1718/,1,0,not_found_in_raw
https://coincu.com/whales-are-loading-aster/,posts,390368,https://coincu.com/analysis/aster-breakdown-nears/,https://coincu.com/aster-breakdown-nears/,1,0,not_found_in_raw
https://coincu.com/whales-buy-80-7m-in-solana-as-sol/,posts,361162,https://coincu.com/analysis/solana-dex-surpasses-750m-addresses/,https://coincu.com/solana-dex-surpasses-750m-addresses/,1,0,not_found_in_raw
https://coincu.com/whales-buy-80-7m-in-solana-as-sol/,posts,361162,https://coincu.com/news/forward-solana-billion-investment/,https://coincu.com/forward-solana-billion-investment/,1,0,not_found_in_raw
https://coincu.com/whales-dump-3b-doge/,posts,377026,https://coincu.com/analysis/dogecoin-eyes-0-265-target/,https://coincu.com/dogecoin-eyes-0-265-target/,1,0,not_found_in_raw
https://coincu.com/whales-profit-aster-surge-leverage/,posts,363637,https://coincu.com/markets/analysts-predict-fed-rate-cut-september/,https://coincu.com/analysts-predict-fed-rate-cut-september/,1,0,not_found_in_raw
https://coincu.com/whales-profit-aster-surge-leverage/,posts,363637,https://coincu.com/markets/whale-stakes-60m-solana/,https://coincu.com/whale-stakes-60m-solana/,1,0,not_found_in_raw
https://coincu.com/whales-sell-140m-ada-as-cardano-eyes-1-86/,posts,361675,https://coincu.com/analysis/cardano-ada-breaks-out-heres-why/,https://coincu.com/cardano-ada-breaks-out-heres-why/,1,0,not_found_in_raw
https://coincu.com/whales-target-arb-for-long-term-gains-with-potential-10x-return-to-2-43/,posts,368764,https://coincu.com/analysis/is-a-0-48-breakout-next-as-arbitrum-arb-dex-volume-hits-ath/,https://coincu.com/is-a-0-48-breakout-next-as-arbitrum-arb-dex-volume-hits-ath/,1,0,not_found_in_raw
https://coincu.com/what-is-kaito-ai-ai-powered-research-web3/,posts,324404,https://coincu.com/news/polymarket-cftc-approval-us-market/,https://coincu.com/polymarket-cftc-approval-us-market/,1,0,not_found_in_raw
https://coincu.com/what-is-suilend-sui-lending-protocol/,posts,352712,https://coincu.com/news/sui-network-tvl-growth-may-2025/,https://coincu.com/sui-network-tvl-growth-may-2025/,1,0,not_found_in_raw
https://coincu.com/what-is-usd-ai-chip/,posts,400798,https://coincu.com/markets/stablecoin-market-yield-growth/,https://coincu.com/stablecoin-market-yield-growth/,1,0,not_found_in_raw
https://coincu.com/what-is-usd-ai-chip/,posts,400798,https://coincu.com/news/coinbase-apollo-stablecoin-credit/,https://coincu.com/coinbase-apollo-stablecoin-credit/,1,0,not_found_in_raw
https://coincu.com/what-is-usd-ai-chip/,posts,400798,https://coincu.com/news/rwa-defi-growth/,https://coincu.com/rwa-defi-growth/,1,0,not_found_in_raw
https://coincu.com/why-ethereums-eth-2016-level-supply/,posts,393868,https://coincu.com/analysis/eth-etf-outflows-21-3m-as-blackrock-dump/,https://coincu.com/eth-etf-outflows-21-3m-as-blackrock-dump/,1,0,not_found_in_raw
https://coincu.com/why-ethereums-eth-2016-level-supply/,posts,393868,https://coincu.com/analysis/eth-eye-2200-liquidity-zone-potential-run/,https://coincu.com/eth-eye-2200-liquidity-zone-potential-run/,1,0,not_found_in_raw
https://coincu.com/why-is-buildon-b-pumping/,posts,401461,https://coincu.com/news/bnb-chain-daily-transactions-record/,https://coincu.com/bnb-chain-daily-transactions-record/,1,0,not_found_in_raw
https://coincu.com/why-is-memecore-m-pumping-5-clues-hidden-in-wallet-data/,posts,400687,https://coincu.com/markets/altlayer-whale-market-impact/,https://coincu.com/altlayer-whale-market-impact/,1,0,not_found_in_raw
https://coincu.com/why-is-memecore-m-pumping-5-clues-hidden-in-wallet-data/,posts,400687,https://coincu.com/news/crypto-tokens-lag-as-85-of-2025-tges-trade-below-issue/,https://coincu.com/,1,0,not_found_in_raw
https://coincu.com/why-is-memecore-m-pumping-5-clues-hidden-in-wallet-data/,posts,400687,https://coincu.com/news/safe-wallet-now-adds-erc-4337/,https://coincu.com/safe-wallet-now-adds-erc-4337/,1,0,not_found_in_raw
https://coincu.com/why-is-skyai-skyai-pumping-today/,posts,401522,https://coincu.com/news/bnb-chain-daily-transactions-record/,https://coincu.com/bnb-chain-daily-transactions-record/,1,0,not_found_in_raw
https://coincu.com/will-link-47-level-be-next-as-chainlink/,posts,366226,https://coincu.com/analysis/chainlink-breakout-setup-targets-100/,https://coincu.com/chainlink-breakout-setup-targets-100/,1,0,not_found_in_raw
https://coincu.com/will-link-47-level-be-next-as-chainlink/,posts,366226,https://coincu.com/analysis/chainlink-dips-can-21-27-hold-as-wave-4/,https://coincu.com/chainlink-dips-can-21-27-hold-as-wave-4/,1,0,not_found_in_raw
https://coincu.com/will-link-price-rebound-as-whales-buy/,posts,364096,https://coincu.com/analysis/chainlinks-next-move-could-propel-link/,https://coincu.com/chainlinks-next-move-could-propel-link/,1,0,not_found_in_raw
https://coincu.com/wintermute-defi-liquidity-crisis/,posts,370007,https://coincu.com/markets/eth-price-could-see-a-boost-this-week/,https://coincu.com/eth-price-could-see-a-boost-this-week/,1,0,not_found_in_raw
https://coincu.com/wintermute-defi-liquidity-crisis/,posts,370007,https://coincu.com/news/coinbase-ceo-defi-regulation-opposition/,https://coincu.com/coinbase-ceo-defi-regulation-opposition/,1,0,not_found_in_raw
https://coincu.com/wisdomtree-expands-tokenized-fund-access/,posts,391919,https://coincu.com/analysis/solana-bulls-watch-133next-stop-170/,https://coincu.com/solana-bulls-watch-133next-stop-170/,1,0,not_found_in_raw
https://coincu.com/wisdomtree-expands-tokenized-fund-access/,posts,391919,https://coincu.com/news/wisdomtree-launches-europes-first/,https://coincu.com/wisdomtree-launches-europes-first/,1,0,not_found_in_raw
https://coincu.com/wisdomtree-launches-europes-first/,posts,381681,https://coincu.com/markets/crypto-etps-diversification-trends/,https://coincu.com/crypto-etps-diversification-trends/,1,0,not_found_in_raw
https://coincu.com/wisdomtree-launches-europes-first/,posts,381681,https://coincu.com/news/us-treasury-crypto-etp-tax-staking/,https://coincu.com/us-treasury-crypto-etp-tax-staking/,1,0,not_found_in_raw
https://coincu.com/wisdomtree-tokenized-funds-solana/,posts,391923,https://coincu.com/news/solana-dapp-revenue-exceeds-187m/,https://coincu.com/solana-dapp-revenue-exceeds-187m/,1,0,not_found_in_raw
https://coincu.com/wizzwoods-10m-series-a-animoca-ivc/,posts,379070,https://coincu.com/markets/bitcoin-market-mixed-signals/,https://coincu.com/bitcoin-market-mixed-signals/,1,0,not_found_in_raw
https://coincu.com/wld-recovery-falling-wedge-eye-0-62/,posts,393504,https://coincu.com/markets/multicoin-capital-usdc-worldcoin/,https://coincu.com/multicoin-capital-usdc-worldcoin/,1,0,not_found_in_raw
https://coincu.com/wld-whale-scores-91-gain/,posts,361168,https://coincu.com/news/worldcoin-secures-10-million-wld-loan-extension/,https://coincu.com/worldcoin-secures-10-million-wld-loan-extension/,1,0,not_found_in_raw
https://coincu.com/wld-whale-scores-91-gain/,posts,361168,https://coincu.com/news/worldcoin-wld-claim-deadline-extended-july-2025/,https://coincu.com/worldcoin-wld-claim-deadline-extended-july-2025/,1,0,not_found_in_raw
https://coincu.com/wlf-advisor-ogle-aster-position/,posts,363533,https://coincu.com/analysis/mantle-mnt-hits-ath-with-5b-cap-on/,https://coincu.com/mantle-mnt-hits-ath-with-5b-cap-on/,1,0,not_found_in_raw
https://coincu.com/wlf-advisor-ogle-aster-position/,posts,363533,https://coincu.com/news/binance-futures-wlfiusdc-contract/,https://coincu.com/binance-futures-wlfiusdc-contract/,1,0,not_found_in_raw
https://coincu.com/wlf-wlfi-token-buyback-plan/,posts,363488,https://coincu.com/markets/crypto-stability-fed-rate-cut/,https://coincu.com/crypto-stability-fed-rate-cut/,1,0,not_found_in_raw
https://coincu.com/wlf-wlfi-token-buyback-plan/,posts,363488,https://coincu.com/news/binance-futures-wlfiusdc-contract/,https://coincu.com/binance-futures-wlfiusdc-contract/,1,0,not_found_in_raw
https://coincu.com/wlf-wlfi-token-buyback-plan/,posts,363488,https://coincu.com/news/trump-family-crypto-wealth-increase/,https://coincu.com/trump-family-crypto-wealth-increase/,1,0,not_found_in_raw
https://coincu.com/wlfi-bounces-hard/,posts,364417,https://coincu.com/markets/wlf-advisor-ogle-aster-position/,https://coincu.com/wlf-advisor-ogle-aster-position/,1,0,not_found_in_raw
https://coincu.com/wlfi-bounces-hard/,posts,364417,https://coincu.com/markets/wlfi-transfers-binance-market/,https://coincu.com/wlfi-transfers-binance-market/,1,0,not_found_in_raw
https://coincu.com/wlfi-bounces-hard/,posts,364417,https://coincu.com/news/wlf-wlfi-token-buyback-plan/,https://coincu.com/wlf-wlfi-token-buyback-plan/,1,0,not_found_in_raw
https://coincu.com/wlfi-forms-perfect-cup-and-handle-pattern/,posts,389033,https://coincu.com/news/wlfi-token-expenditure-debate/,https://coincu.com/wlfi-token-expenditure-debate/,1,0,not_found_in_raw
https://coincu.com/wlfi-transfers-binance-market/,posts,363275,https://coincu.com/news/binance-futures-wlfiusdc-contract/,https://coincu.com/binance-futures-wlfiusdc-contract/,1,0,not_found_in_raw
https://coincu.com/wlfi-transfers-binance-market/,posts,363275,https://coincu.com/news/binance-lists-ethena-usde-spot-trading/,https://coincu.com/binance-lists-ethena-usde-spot-trading/,1,0,not_found_in_raw
https://coincu.com/wlfi-transfers-binance-market/,posts,363275,https://coincu.com/news/trump-family-crypto-wealth-increase/,https://coincu.com/trump-family-crypto-wealth-increase/,1,0,not_found_in_raw
https://coincu.com/wlfi-under-fireanalyst-warns-hyperliquid/,posts,379197,https://coincu.com/news/trump-family-wlfi-hut8-token-sale/,https://coincu.com/trump-family-wlfi-hut8-token-sale/,1,0,not_found_in_raw
https://coincu.com/wlfs-usd1-stablecoin-approved-abroad/,posts,388828,https://coincu.com/news/senator-warren-pancakeswap-wlfi-investigation/,https://coincu.com/senator-warren-pancakeswap-wlfi-investigation/,1,0,not_found_in_raw
https://coincu.com/world-liberty-financial-shifts-8m/,posts,391268,https://coincu.com/markets/crypto-pressure-economic-turbulence/,https://coincu.com/crypto-pressure-economic-turbulence/,1,0,not_found_in_raw
https://coincu.com/x-uncovers-bribery-ring-tied-to-crypto/,posts,363238,https://coincu.com/news/hyperliquid-twitter-account-hack/,https://coincu.com/hyperliquid-twitter-account-hack/,1,0,not_found_in_raw
https://coincu.com/x402-usdc-breach-impact/,posts,372108,https://coincu.com/news/uk-and-us-prepare-crypto-regulation/,https://coincu.com/uk-and-us-prepare-crypto-regulation/,1,0,not_found_in_raw
https://coincu.com/xlm-approaches-key-support-near-0-17/,posts,393484,https://coincu.com/analysis/stellar-set-to-drop-to-0-19-beforerebound/,https://coincu.com/stellar-set-to-drop-to-0-19-beforerebound/,1,0,not_found_in_raw
https://coincu.com/xlm-bullish-outlook-and-support-levels/,posts,383417,https://coincu.com/analysis/xlm-rebounds-at-0-16/,https://coincu.com/xlm-rebounds-at-0-16/,1,0,not_found_in_raw
https://coincu.com/xlm-bulls-charge/,posts,365837,https://coincu.com/analysis/xlm-charts-right-shoulder/,https://coincu.com/xlm-charts-right-shoulder/,1,0,not_found_in_raw
https://coincu.com/xlm-charts-right-shoulder/,posts,356927,https://coincu.com/analysis/xlm-charts-send-mixed-signals/,https://coincu.com/xlm-charts-send-mixed-signals/,1,0,not_found_in_raw
https://coincu.com/xlm-gains-speed-is-a-breakout-to-0-385/,posts,369740,https://coincu.com/analysis/stellar-xlm-battles-at-0-37-breakout/,https://coincu.com/stellar-xlm-battles-at-0-37-breakout/,1,0,not_found_in_raw
https://coincu.com/xlm-gains-speed-is-a-breakout-to-0-385/,posts,369740,https://coincu.com/analysis/stellar-xlm-could-rally-to-1-if-0-30/,https://coincu.com/stellar-xlm-could-rally-to-1-if-0-30/,1,0,not_found_in_raw
https://coincu.com/xlm-hits-target-zone-breakout-above/,posts,393796,https://coincu.com/analysis/xlm-rebounds-at-0-16/,https://coincu.com/xlm-rebounds-at-0-16/,2,0,not_found_in_raw
https://coincu.com/xlm-price-watch-0-148-support-eyeing-key-resistance-at-0-166-for-breakout/,posts,397442,https://coincu.com/analysis/stellar-sideways-movement-support-0-142/,https://coincu.com/stellar-sideways-movement-support-0-142/,1,0,not_found_in_raw
https://coincu.com/xlm-rebounds-at-0-16/,posts,370707,https://coincu.com/analysis/stellar-xlm-price-alert/,https://coincu.com/stellar-xlm-price-alert/,1,0,not_found_in_raw
https://coincu.com/xlm-rebounds-at-0-16/,posts,370707,https://coincu.com/analysis/xlm-gains-speed-is-a-breakout-to-0-385/,https://coincu.com/xlm-gains-speed-is-a-breakout-to-0-385/,1,0,not_found_in_raw
https://coincu.com/xmr-eyes-big-move-from-key-490-support/,posts,390785,https://coincu.com/analysis/xmr-soars-16-off-support/,https://coincu.com/xmr-soars-16-off-support/,1,0,not_found_in_raw
https://coincu.com/xmr-eyes-big-move-from-key-490-support/,posts,390785,https://coincu.com/markets/hyperliquid-launches-xmrperps/,https://coincu.com/hyperliquid-launches-xmrperps/,1,0,not_found_in_raw
https://coincu.com/xmr-targets-514-518-as-ema200-esistance/,posts,392268,https://coincu.com/analysis/xmr-eyes-big-move-from-key-490-support/,https://coincu.com/xmr-eyes-big-move-from-key-490-support/,1,0,not_found_in_raw
https://coincu.com/xmr-targets-514-518-as-ema200-esistance/,posts,392268,https://coincu.com/news/zcash-surges-14-as-okx-reverses-privacy/,https://coincu.com/zcash-surges-14-as-okx-reverses-privacy/,1,0,not_found_in_raw
https://coincu.com/xrp-below-55-ema/,posts,382198,https://coincu.com/analysis/xrp-etf-launch-imminent-as-canary-files/,https://coincu.com/xrp-etf-launch-imminent-as-canary-files/,1,0,not_found_in_raw
https://coincu.com/xrp-below-55-ema/,posts,382198,https://coincu.com/analysis/xrp-set-for-impulsive-move-toward-4-13/,https://coincu.com/xrp-set-for-impulsive-move-toward-4-13/,1,0,not_found_in_raw
https://coincu.com/xrp-blasts-past-targets/,posts,386930,https://coincu.com/analysis/xrp-set-to-explode-2/,https://coincu.com/xrp-set-to-explode-2/,1,0,not_found_in_raw
https://coincu.com/xrp-bounce-was-a-trap/,posts,355620,https://coincu.com/analysis/xrp-price-poised-to-pop-if-3-48-cracks/,https://coincu.com/xrp-price-poised-to-pop-if-3-48-cracks/,1,0,not_found_in_raw
https://coincu.com/xrp-bounces-back-is-3-50-the-next-stop/,posts,379830,https://coincu.com/analysis/xrp-eyes-2-15-as-liquidity-zone-attracts/,https://coincu.com/xrp-eyes-2-15-as-liquidity-zone-attracts/,1,0,not_found_in_raw
https://coincu.com/xrp-breakout-sets-4-50-target/,posts,361629,https://coincu.com/analysis/3-57b-xrp-on-binance-liquidity-boom-or/,https://coincu.com/3-57b-xrp-on-binance-liquidity-boom-or/,1,0,not_found_in_raw
https://coincu.com/xrp-bullish-outlook-target-range-3-7-3-8/,posts,371797,https://coincu.com/analysis/xrp-weekly-cross-returns-next-stop/,https://coincu.com/xrp-weekly-cross-returns-next-stop/,1,0,not_found_in_raw
https://coincu.com/xrp-buy-alert-td-signal-hints-at-weekend/,posts,378406,https://coincu.com/analysis/xrp-slows-with-possible-retest-of-2-25/,https://coincu.com/xrp-slows-with-possible-retest-of-2-25/,1,0,not_found_in_raw
https://coincu.com/xrp-chart-signals-4-80-target/,posts,364568,https://coincu.com/analysis/xrp-eyes-56-breakout-as-price-holds/,https://coincu.com/xrp-eyes-56-breakout-as-price-holds/,1,0,not_found_in_raw
https://coincu.com/xrp-chart-signals-4-80-target/,posts,364568,https://coincu.com/analysis/xrp-price-eyes-2-77-as-50-ema-nears/,https://coincu.com/xrp-price-eyes-2-77-as-50-ema-nears/,1,0,not_found_in_raw
https://coincu.com/xrp-chart-signals-4-80-target/,posts,364568,https://coincu.com/analysis/xrp-rebounds-from-3-00/,https://coincu.com/xrp-rebounds-from-3-00/,1,0,not_found_in_raw
https://coincu.com/xrp-crash-coming-all-eyes-on-nov-24-etf/,posts,379181,https://coincu.com/news/xrp-spot-etf-nasdaq-launch-2/,https://coincu.com/xrp-spot-etf-nasdaq-launch-2/,1,0,not_found_in_raw
https://coincu.com/xrp-cup-handle-pattern-nears-9-target/,posts,373346,https://coincu.com/analysis/xrp-rallies-hard-as-whales-offload-140-million-coins/,https://coincu.com/xrp-rallies-hard-as-whales-offload-140-million-coins/,1,0,not_found_in_raw
https://coincu.com/xrp-dominance-holds-4-percent-surge-to-10/,posts,370343,https://coincu.com/analysis/xrp-eyes-2-70-breakout/,https://coincu.com/xrp-eyes-2-70-breakout/,1,0,not_found_in_raw
https://coincu.com/xrp-drops-16-as-50m-tokens-hit/,posts,394763,https://coincu.com/analysis/xrp-tests-key-resistance-1-50-break/,https://coincu.com/xrp-tests-key-resistance-1-50-break/,1,0,not_found_in_raw
https://coincu.com/xrp-drops-below-2-109/,posts,389095,https://coincu.com/analysis/xrp-set-to-explode-3-target-looms/,https://coincu.com/xrp-set-to-explode-3-target-looms/,1,0,not_found_in_raw
https://coincu.com/xrp-etf-hits-1-25b-as-price-stalls/,posts,385546,https://coincu.com/news/xrp-etf-over-1-billion-inflows/,https://coincu.com/xrp-etf-over-1-billion-inflows/,1,0,not_found_in_raw
https://coincu.com/xrp-etf-over-1-billion-inflows/,posts,383772,https://coincu.com/news/vanguard-allegedly-supports-crypto-etfs/,https://coincu.com/vanguard-allegedly-supports-crypto-etfs/,1,0,not_found_in_raw
https://coincu.com/xrp-eyes-2-15-as-liquidity-zone-attracts/,posts,379596,https://coincu.com/analysis/xrp-buy-alert-td-signal-hints-at-weekend/,https://coincu.com/xrp-buy-alert-td-signal-hints-at-weekend/,1,0,not_found_in_raw
https://coincu.com/xrp-eyes-2-70-breakout/,posts,368984,https://coincu.com/analysis/xrp-holds-above-0-886-fibonacci-level-showing-bullish-potential-to-7-500/,https://coincu.com/xrp-holds-above-0-886-fibonacci-level-showing-bullish-potential-to-7-500/,1,0,not_found_in_raw
https://coincu.com/xrp-eyes-2-70-breakout/,posts,368984,https://coincu.com/analysis/xrp-shows-2017-deja-vu-as-new-cycle-builds/,https://coincu.com/xrp-shows-2017-deja-vu-as-new-cycle-builds/,1,0,not_found_in_raw
https://coincu.com/xrp-eyes-56-breakout-as-price-holds/,posts,364156,https://coincu.com/analysis/heres-what-analysts-say-about-xrps-next/,https://coincu.com/heres-what-analysts-say-about-xrps-next/,1,0,not_found_in_raw
https://coincu.com/xrp-eyes-56-breakout-as-price-holds/,posts,364156,https://coincu.com/analysis/xrp-price-eyes-2-77-as-50-ema-nears/,https://coincu.com/xrp-price-eyes-2-77-as-50-ema-nears/,1,0,not_found_in_raw
https://coincu.com/xrp-eyes-56-breakout-as-price-holds/,posts,364156,https://coincu.com/analysis/xrp-shows-strength-after-10-months-of/,https://coincu.com/xrp-shows-strength-after-10-months-of/,1,0,not_found_in_raw
https://coincu.com/xrp-faces-3-00-support-with-brad-garlinghouse-pushing-for-adoption/,posts,355880,https://coincu.com/analysis/xrp-price-poised-to-pop-if-3-48-cracks/,https://coincu.com/xrp-price-poised-to-pop-if-3-48-cracks/,1,0,not_found_in_raw
https://coincu.com/xrp-forms-2022-like-rsi-signal-next-stop/,posts,383607,https://coincu.com/analysis/xrp-below-55-ema/,https://coincu.com/xrp-below-55-ema/,1,0,not_found_in_raw
https://coincu.com/xrp-hits-3-10-and-pulls-back/,posts,366565,https://coincu.com/analysis/xrp-set-for-impulsive-move-toward-4-13/,https://coincu.com/xrp-set-for-impulsive-move-toward-4-13/,1,0,not_found_in_raw
https://coincu.com/xrp-hits-3-10-and-pulls-back/,posts,366565,https://coincu.com/analysis/xrp-tests-support-after-double-bottom/,https://coincu.com/xrp-tests-support-after-double-bottom/,1,0,not_found_in_raw
https://coincu.com/xrp-holding-1-64-strong/,posts,393347,https://coincu.com/analysis/2-20-breakout-looms-xrp-holders-brace/,https://coincu.com/2-20-breakout-looms-xrp-holders-brace/,1,0,not_found_in_raw
https://coincu.com/xrp-holds-3-after-breakout/,posts,362108,https://coincu.com/analysis/3-57b-xrp-on-binance-liquidity-boom-or/,https://coincu.com/3-57b-xrp-on-binance-liquidity-boom-or/,1,0,not_found_in_raw
https://coincu.com/xrp-holds-3-after-breakout/,posts,362108,https://coincu.com/analysis/heres-xrp-price-target-as-bulls-eye/,https://coincu.com/heres-xrp-price-target-as-bulls-eye/,1,0,not_found_in_raw
https://coincu.com/xrp-holds-3-after-breakout/,posts,362108,https://coincu.com/analysis/xrp-breakout-sets-4-50-target/,https://coincu.com/xrp-breakout-sets-4-50-target/,1,0,not_found_in_raw
https://coincu.com/xrp-holds-above-0-886-fibonacci-level-showing-bullish-potential-to-7-500/,posts,368450,https://coincu.com/analysis/xrp-rejected-at-resistance/,https://coincu.com/xrp-rejected-at-resistance/,1,0,not_found_in_raw
https://coincu.com/xrp-holds-strong-next-stop-2-70/,posts,387597,https://coincu.com/analysis/xrp-blasts-past-targets/,https://coincu.com/xrp-blasts-past-targets/,1,0,not_found_in_raw
https://coincu.com/xrp-ledger-the-new-standard-for-on-chain/,posts,393727,https://coincu.com/news/ripple-native-staking-xrp-ledger/,https://coincu.com/ripple-native-staking-xrp-ledger/,1,0,not_found_in_raw
https://coincu.com/xrp-on-the-edge-key-support-at-2/,posts,381192,https://coincu.com/analysis/xrp-rebounds-from-key-support/,https://coincu.com/xrp-rebounds-from-key-support/,1,0,not_found_in_raw
https://coincu.com/xrp-on-the-edge-will-it-explode/,posts,390921,https://coincu.com/analysis/xrp-surge-incoming-2-target-looms/,https://coincu.com/xrp-surge-incoming-2-target-looms/,1,0,not_found_in_raw
https://coincu.com/xrp-on-the-edge-will-it-explode/,posts,390921,https://coincu.com/analysis/xrp-tests-key-support-next-stop-2-50/,https://coincu.com/xrp-tests-key-support-next-stop-2-50/,1,0,not_found_in_raw
https://coincu.com/xrp-price-eyes-2-77-as-50-ema-nears/,posts,363706,https://coincu.com/analysis/heres-what-analysts-say-about-xrps-next/,https://coincu.com/heres-what-analysts-say-about-xrps-next/,1,0,not_found_in_raw
https://coincu.com/xrp-price-holds-strong-around-3-05/,posts,356770,https://coincu.com/analysis/xrp-targets-10-strong-support-at-2/,https://coincu.com/xrp-targets-10-strong-support-at-2/,1,0,not_found_in_raw
https://coincu.com/xrp-price-poised-to-pop-if-3-48-cracks/,posts,355287,https://coincu.com/analysis/xrp-set-to-explode/,https://coincu.com/xrp-set-to-explode/,1,0,not_found_in_raw
https://coincu.com/xrp-price-prediction-2026-xrp-reclaims-2-on-etf-inflows-and-on-chain-growth/,posts,386993,https://coincu.com/analysis/xrp-set-to-explode-2/,https://coincu.com/xrp-set-to-explode-2/,1,0,not_found_in_raw
https://coincu.com/xrp-price-prediction-2026-xrp-reclaims-2-on-etf-inflows-and-on-chain-growth/,posts,386993,https://coincu.com/news/ripple-native-staking-xrp-ledger/,https://coincu.com/ripple-native-staking-xrp-ledger/,1,0,not_found_in_raw
https://coincu.com/xrp-prints-biggest-loss-since-2022/,posts,395487,https://coincu.com/analysis/xrp-cup-handle-pattern-nears-9-target/,https://coincu.com/xrp-cup-handle-pattern-nears-9-target/,1,0,not_found_in_raw
https://coincu.com/xrp-rallies-hard-as-whales-offload-140-million-coins/,posts,372061,https://coincu.com/analysis/xrp-rejected-at-resistance/,https://coincu.com/xrp-rejected-at-resistance/,1,0,not_found_in_raw
https://coincu.com/xrp-rallies-hard-as-whales-offload-140-million-coins/,posts,372061,https://coincu.com/markets/xrp-dominance-holds-4-percent-surge-to-10/,https://coincu.com/xrp-dominance-holds-4-percent-surge-to-10/,1,0,not_found_in_raw
https://coincu.com/xrp-rebounds-from-3-00/,posts,363113,https://coincu.com/analysis/3-57b-xrp-on-binance-liquidity-boom-or/,https://coincu.com/3-57b-xrp-on-binance-liquidity-boom-or/,1,0,not_found_in_raw
https://coincu.com/xrp-rebounds-from-key-support/,posts,380025,https://coincu.com/analysis/xrp-price-surge-expected-to-reach-27/,https://coincu.com/xrp-price-surge-expected-to-reach-27/,1,0,not_found_in_raw
https://coincu.com/xrp-rebounds-from-key-support/,posts,380025,https://coincu.com/analysis/xrp-rejected-at-resistance/,https://coincu.com/xrp-rejected-at-resistance/,1,0,not_found_in_raw
https://coincu.com/xrp-recovery-faces-test-1-50-resistance/,posts,393699,https://coincu.com/analysis/xrp-holding-1-64-strong/,https://coincu.com/xrp-holding-1-64-strong/,1,0,not_found_in_raw
https://coincu.com/xrp-recovery-faces-test-1-50-resistance/,posts,393699,https://coincu.com/analysis/xrp-slows-with-possible-retest-of-2-25/,https://coincu.com/xrp-slows-with-possible-retest-of-2-25/,1,0,not_found_in_raw
https://coincu.com/xrp-rejected-at-resistance/,posts,367630,https://coincu.com/analysis/xrp-price-surge-expected-to-reach-27/,https://coincu.com/xrp-price-surge-expected-to-reach-27/,1,0,not_found_in_raw
https://coincu.com/xrp-rejected-at-resistance/,posts,367630,https://coincu.com/analysis/xrp-set-for-impulsive-move-toward-4-13/,https://coincu.com/xrp-set-for-impulsive-move-toward-4-13/,1,0,not_found_in_raw
https://coincu.com/xrp-remains-in-tight-consolidation-around-1-40-as-traders-eye-next-move-towards-1-80/,posts,397147,https://coincu.com/analysis/xrp-early-recovery-signs-break-above-1-40/,https://coincu.com/xrp-early-recovery-signs-break-above-1-40/,1,0,not_found_in_raw
https://coincu.com/xrp-sentiment-weakens-as-analysts-point/,posts,385054,https://coincu.com/analysis/xrp-forms-2022-like-rsi-signal-next-stop/,https://coincu.com/xrp-forms-2022-like-rsi-signal-next-stop/,1,0,not_found_in_raw
https://coincu.com/xrp-sentiment-weakens-as-analysts-point/,posts,385054,https://coincu.com/analysis/xrp-shows-potential-for-rebound/,https://coincu.com/xrp-shows-potential-for-rebound/,1,0,not_found_in_raw
https://coincu.com/xrp-set-for-impulsive-move-toward-4-13/,posts,366085,https://coincu.com/analysis/xrp-tests-support-after-double-bottom/,https://coincu.com/xrp-tests-support-after-double-bottom/,1,0,not_found_in_raw
https://coincu.com/xrp-set-for-lift-off-as-consolidation-end/,posts,364301,https://coincu.com/analysis/xrp-eyes-56-breakout-as-price-holds/,https://coincu.com/xrp-eyes-56-breakout-as-price-holds/,1,0,not_found_in_raw
https://coincu.com/xrp-set-for-lift-off-as-consolidation-end/,posts,364301,https://coincu.com/analysis/xrp-rebounds-from-3-00/,https://coincu.com/xrp-rebounds-from-3-00/,1,0,not_found_in_raw
https://coincu.com/xrp-set-for-lift-off-as-consolidation-end/,posts,364301,https://coincu.com/analysis/xrp-shows-strength-after-10-months-of/,https://coincu.com/xrp-shows-strength-after-10-months-of/,1,0,not_found_in_raw
https://coincu.com/xrp-set-to-explode-2/,posts,386835,https://coincu.com/analysis/xrp-surge-ahead-watch-this-key-2-20/,https://coincu.com/xrp-surge-ahead-watch-this-key-2-20/,1,0,not_found_in_raw
https://coincu.com/xrp-set-to-explode-3-target-looms/,posts,383832,https://coincu.com/analysis/xrp-surge-ahead-watch-this-key-2-20/,https://coincu.com/xrp-surge-ahead-watch-this-key-2-20/,1,0,not_found_in_raw
https://coincu.com/xrp-set-to-explode/,posts,355116,https://coincu.com/analysis/320m-xrp-bought-by-whales-massive-move/,https://coincu.com/320m-xrp-bought-by-whales-massive-move/,1,0,not_found_in_raw
https://coincu.com/xrp-shows-2017-deja-vu-as-new-cycle-builds/,posts,368176,https://coincu.com/analysis/xrp-hits-3-10-and-pulls-back/,https://coincu.com/xrp-hits-3-10-and-pulls-back/,1,0,not_found_in_raw
https://coincu.com/xrp-shows-2017-deja-vu-as-new-cycle-builds/,posts,368176,https://coincu.com/analysis/xrp-price-surge-expected-to-reach-27/,https://coincu.com/xrp-price-surge-expected-to-reach-27/,1,0,not_found_in_raw
https://coincu.com/xrp-shows-2017-deja-vu-as-new-cycle-builds/,posts,368176,https://coincu.com/analysis/xrp-rejected-at-resistance/,https://coincu.com/xrp-rejected-at-resistance/,1,0,not_found_in_raw
https://coincu.com/xrp-shows-potential-for-rebound/,posts,384965,https://coincu.com/analysis/etf-buys-19m-xrp-as-rsi-drops-to-33/,https://coincu.com/etf-buys-19m-xrp-as-rsi-drops-to-33/,1,0,not_found_in_raw
https://coincu.com/xrp-shows-resilience-targeting-5-5/,posts,376649,https://coincu.com/analysis/xrp-slows-with-possible-retest-of-2-25/,https://coincu.com/xrp-slows-with-possible-retest-of-2-25/,1,0,not_found_in_raw
https://coincu.com/xrp-shows-strength-after-10-months-of/,posts,363334,https://coincu.com/analysis/investors-rotate-in-q3-flows-shift-to-sol/,https://coincu.com/investors-rotate-in-q3-flows-shift-to-sol/,1,0,not_found_in_raw
https://coincu.com/xrp-shows-strength-after-10-months-of/,posts,363334,https://coincu.com/analysis/xrp-rebounds-from-3-00/,https://coincu.com/xrp-rebounds-from-3-00/,1,0,not_found_in_raw
https://coincu.com/xrp-slows-with-possible-retest-of-2-25/,posts,376026,https://coincu.com/analysis/965m-xrp-pulled-from-exchanges/,https://coincu.com/965m-xrp-pulled-from-exchanges/,1,0,not_found_in_raw
https://coincu.com/xrp-soars-to-3-90-before-rejection/,posts,362504,https://coincu.com/analysis/xrp-breakout-sets-4-50-target/,https://coincu.com/xrp-breakout-sets-4-50-target/,1,0,not_found_in_raw
https://coincu.com/xrp-soars-to-3-90-before-rejection/,posts,362504,https://coincu.com/analysis/xrp-holds-3-after-breakout/,https://coincu.com/xrp-holds-3-after-breakout/,1,0,not_found_in_raw
https://coincu.com/xrp-spot-etf-nasdaq-launch-2/,posts,378466,https://coincu.com/markets/federal-reserve-rate-cut-analysis/,https://coincu.com/federal-reserve-rate-cut-analysis/,1,0,not_found_in_raw
https://coincu.com/xrp-spot-etfs-post-first-net-outflows/,posts,391215,https://coincu.com/analysis/whales-accumulate-50-million-xrp/,https://coincu.com/whales-accumulate-50-million-xrp/,1,0,not_found_in_raw
https://coincu.com/xrp-spot-etfs-post-first-net-outflows/,posts,391215,https://coincu.com/analysis/xrp-on-the-edge-will-it-explode/,https://coincu.com/xrp-on-the-edge-will-it-explode/,1,0,not_found_in_raw
https://coincu.com/xrp-stuck-below-2-10/,posts,389867,https://coincu.com/analysis/xrp-drops-below-2-109/,https://coincu.com/xrp-drops-below-2-109/,1,0,not_found_in_raw
https://coincu.com/xrp-stuck-below-2-10/,posts,389867,https://coincu.com/analysis/xrp-holds-strong-next-stop-2-70/,https://coincu.com/xrp-holds-strong-next-stop-2-70/,1,0,not_found_in_raw
https://coincu.com/xrp-surge-ahead-watch-this-key-2-20/,posts,383162,https://coincu.com/analysis/xrp-below-55-ema/,https://coincu.com/xrp-below-55-ema/,1,0,not_found_in_raw
https://coincu.com/xrp-surge-incoming-2-target-looms/,posts,385686,https://coincu.com/analysis/xrp-set-for-lift-off-as-consolidation-end/,https://coincu.com/xrp-set-for-lift-off-as-consolidation-end/,1,0,not_found_in_raw
https://coincu.com/xrp-surge-incoming-2-target-looms/,posts,385686,https://coincu.com/analysis/xrp-slows-with-possible-retest-of-2-25/,https://coincu.com/xrp-slows-with-possible-retest-of-2-25/,1,0,not_found_in_raw
https://coincu.com/xrp-targets-10-strong-support-at-2/,posts,356520,https://coincu.com/analysis/xrp-whales-sell-470m-tokens-in-10-days/,https://coincu.com/xrp-whales-sell-470m-tokens-in-10-days/,1,0,not_found_in_raw
https://coincu.com/xrp-tests-key-resistance-1-50-break/,posts,394556,https://coincu.com/analysis/xrp-recovery-faces-test-1-50-resistance/,https://coincu.com/xrp-recovery-faces-test-1-50-resistance/,1,0,not_found_in_raw
https://coincu.com/xrp-tests-key-support-next-stop-2-50/,posts,390128,https://coincu.com/analysis/xrp-stuck-below-2-10/,https://coincu.com/xrp-stuck-below-2-10/,1,0,not_found_in_raw
https://coincu.com/xrp-tests-key-support-next-stop-2-50/,posts,390128,https://coincu.com/analysis/xrp-surge-ahead-watch-this-key-2-20/,https://coincu.com/xrp-surge-ahead-watch-this-key-2-20/,1,0,not_found_in_raw
https://coincu.com/xrp-tests-support-after-double-bottom/,posts,365254,https://coincu.com/analysis/can-xrp-bounce-to-3-20/,https://coincu.com/can-xrp-bounce-to-3-20/,1,0,not_found_in_raw
https://coincu.com/xrp-tests-support-after-double-bottom/,posts,365254,https://coincu.com/analysis/xrp-chart-signals-4-80-target/,https://coincu.com/xrp-chart-signals-4-80-target/,1,0,not_found_in_raw
https://coincu.com/xrp-tests-support-after-double-bottom/,posts,365254,https://coincu.com/analysis/xrp-holds-3-after-breakout/,https://coincu.com/xrp-holds-3-after-breakout/,1,0,not_found_in_raw
https://coincu.com/xrp-weekly-cross-returns-next-stop/,posts,371508,https://coincu.com/analysis/xrp-holds-above-0-886-fibonacci-level-showing-bullish-potential-to-7-500/,https://coincu.com/xrp-holds-above-0-886-fibonacci-level-showing-bullish-potential-to-7-500/,1,0,not_found_in_raw
https://coincu.com/xrp-weekly-cross-returns-next-stop/,posts,371508,https://coincu.com/analysis/xrp-price-eyes-2-77-as-50-ema-nears/,https://coincu.com/xrp-price-eyes-2-77-as-50-ema-nears/,1,0,not_found_in_raw
https://coincu.com/xrp-whales-sell-470m-tokens-in-10-days/,posts,356090,https://coincu.com/analysis/xrp-bounce-was-a-trap/,https://coincu.com/xrp-bounce-was-a-trap/,1,0,not_found_in_raw
https://coincu.com/xrp-whales-sell-470m-tokens-in-10-days/,posts,356090,https://coincu.com/analysis/xrp-faces-3-00-support-with-brad-garlinghouse-pushing-for-adoption/,https://coincu.com/xrp-faces-3-00-support-with-brad-garlinghouse-pushing-for-adoption/,1,0,not_found_in_raw
https://coincu.com/yearn-attack-identified-phishing/,posts,380847,https://coincu.com/news/aqua-protocol-defi-liquidity/,https://coincu.com/aqua-protocol-defi-liquidity/,1,0,not_found_in_raw
https://coincu.com/yield-stablecoins-250m-rewards-2025/,posts,386685,https://coincu.com/analysis/federal-reserve-crypto-impact-rate-cut/,https://coincu.com/federal-reserve-crypto-impact-rate-cut/,1,0,not_found_in_raw
https://coincu.com/yield-stablecoins-250m-rewards-2025/,posts,386685,https://coincu.com/news/regulated-us-spot-crypto-trading/,https://coincu.com/regulated-us-spot-crypto-trading/,1,0,not_found_in_raw
https://coincu.com/yuga-labs-launch-koda-nexus/,posts,371944,https://coincu.com/analysis/galaxy-digital-buys-1-2m-solana/,https://coincu.com/galaxy-digital-buys-1-2m-solana/,1,0,not_found_in_raw
https://coincu.com/yuga-labs-otherside-launch-metaverse/,posts,371439,https://coincu.com/analysis/avax-price-breakout-double-bottom-fuels/,https://coincu.com/avax-price-breakout-double-bottom-fuels/,1,0,not_found_in_raw
https://coincu.com/yzi-labs-boosts-usde-investment/,posts,363288,https://coincu.com/markets/crypto-stability-fed-rate-cut/,https://coincu.com/crypto-stability-fed-rate-cut/,1,0,not_found_in_raw
https://coincu.com/yzi-labs-boosts-usde-investment/,posts,363288,https://coincu.com/news/binance-ethena-usde-september-launch/,https://coincu.com/binance-ethena-usde-september-launch/,1,0,not_found_in_raw
https://coincu.com/yzi-labs-investors-binance-focus/,posts,364002,https://coincu.com/news/chainlink-joins-aethirs-ai-unbundled/,https://coincu.com/chainlink-joins-aethirs-ai-unbundled/,1,0,not_found_in_raw
https://coincu.com/yzi-labs-investors-binance-focus/,posts,364002,https://coincu.com/news/crypto-finance-anchornote-regulated-trades/,https://coincu.com/crypto-finance-anchornote-regulated-trades/,1,0,not_found_in_raw
https://coincu.com/yzi-labs-launches-1b-builder-fund-to/,posts,367375,https://coincu.com/news/applied-dna-sciences-bnb-investment/,https://coincu.com/applied-dna-sciences-bnb-investment/,1,0,not_found_in_raw
https://coincu.com/yzi-labs-launches-1b-builder-fund-to/,posts,367375,https://coincu.com/news/yzi-labs-investors-binance-focus/,https://coincu.com/yzi-labs-investors-binance-focus/,1,0,not_found_in_raw
https://coincu.com/zbd-bitcoin-startup-raises-40m/,posts,390519,https://coincu.com/markets/glassnode-bitcoin-market-risk-decline/,https://coincu.com/glassnode-bitcoin-market-risk-decline/,1,0,not_found_in_raw
https://coincu.com/zcash-dev-team-quits-after-governance/,posts,387575,https://coincu.com/analysis/zcash-on-the-edge-430-or-a-major-crash/,https://coincu.com/zcash-on-the-edge-430-or-a-major-crash/,1,0,not_found_in_raw
https://coincu.com/zcash-dev-team-quits-after-governance/,posts,387575,https://coincu.com/markets/zcash-futures-open-interest/,https://coincu.com/zcash-futures-open-interest/,1,0,not_found_in_raw
https://coincu.com/zcash-developers-launch-cashz-wallet/,posts,387794,https://coincu.com/news/ecc-resignation-zcash-protocol-unaffected/,https://coincu.com/ecc-resignation-zcash-protocol-unaffected/,1,0,not_found_in_raw
https://coincu.com/zcash-ecc-q4-2025-roadmap/,posts,373819,https://coincu.com/news/crypto-leaders-senate-meeting-market/,https://coincu.com/crypto-leaders-senate-meeting-market/,1,0,not_found_in_raw
https://coincu.com/zcash-futures-open-interest/,posts,378557,https://coincu.com/markets/zcash-price-surges-privacy-narrative/,https://coincu.com/zcash-price-surges-privacy-narrative/,1,0,not_found_in_raw
https://coincu.com/zcash-long-term-holder-cobie/,posts,378533,https://coincu.com/markets/zcash-market-cap-halving-impact/,https://coincu.com/zcash-market-cap-halving-impact/,1,0,not_found_in_raw
https://coincu.com/zcash-long-term-holder-cobie/,posts,378533,https://coincu.com/news/zcash-ecc-q4-2025-roadmap/,https://coincu.com/zcash-ecc-q4-2025-roadmap/,1,0,not_found_in_raw
https://coincu.com/zcash-market-cap-halving-impact/,posts,371793,https://coincu.com/analysis/xrp-holds-3-after-breakout/,https://coincu.com/xrp-holds-3-after-breakout/,1,0,not_found_in_raw
https://coincu.com/zcash-ready-to-break-out/,posts,389305,https://coincu.com/analysis/zcash-on-the-edge-430-or-a-major-crash/,https://coincu.com/zcash-on-the-edge-430-or-a-major-crash/,1,0,not_found_in_raw
https://coincu.com/zcash-ready-to-break-out/,posts,389305,https://coincu.com/analysis/zec-surges-toward-480-resistance/,https://coincu.com/zec-surges-toward-480-resistance/,1,0,not_found_in_raw
https://coincu.com/zcash-surges-14-as-okx-reverses-privacy/,posts,379740,https://coincu.com/markets/zcash-wallet-opens-long-position/,https://coincu.com/zcash-wallet-opens-long-position/,1,0,not_found_in_raw
https://coincu.com/zcash-wallet-opens-long-position/,posts,376869,https://coincu.com/markets/zcash-market-cap-halving-impact/,https://coincu.com/zcash-market-cap-halving-impact/,1,0,not_found_in_raw
https://coincu.com/zcash-wallet-opens-long-position/,posts,376869,https://coincu.com/markets/zcash-price-surges-privacy-narrative/,https://coincu.com/zcash-price-surges-privacy-narrative/,1,0,not_found_in_raw
https://coincu.com/zec-bounces-from-372/,posts,385838,https://coincu.com/analysis/zec-surges-toward-480-resistance/,https://coincu.com/zec-surges-toward-480-resistance/,1,0,not_found_in_raw
https://coincu.com/zec-crashes-9-key-support-zone-at-331/,posts,387994,https://coincu.com/analysis/zec-bounces-from-372/,https://coincu.com/zec-bounces-from-372/,1,0,not_found_in_raw
https://coincu.com/zec-nears-breakdown-is-300-the-next/,posts,390137,https://coincu.com/analysis/zec-bounces-from-372/,https://coincu.com/zec-bounces-from-372/,1,0,not_found_in_raw
https://coincu.com/zec-nears-breakdown-is-300-the-next/,posts,390137,https://coincu.com/analysis/zec-crashes-9-key-support-zone-at-331/,https://coincu.com/zec-crashes-9-key-support-zone-at-331/,1,0,not_found_in_raw
https://coincu.com/zec-whale-holdings-reduction/,posts,376919,https://coincu.com/markets/zcash-market-cap-halving-impact/,https://coincu.com/zcash-market-cap-halving-impact/,1,0,not_found_in_raw
https://coincu.com/zerolend-winds-down-as-tvl-drops-98-users-told-to-withdraw/,posts,395138,https://coincu.com/news/zksync-token-airdrop-is-now-causing-controversy/,https://coincu.com/zksync-token-airdrop-is-now-causing-controversy/,1,0,not_found_in_raw
