post_id,post_name,url,issue_types,gsc_clicks,gsc_impressions,backlinks,ref_domains,h2_count,anchor_count,promo_pattern,wire_style,claim_check_style,writing_qc_verdict,suggested_action,why,sample_1,sample_2,sample_3
323520,best-meme-coin-to-buy-today-arctic-pablo-presale-heats-up-with-toshi-dogwifhat-updates,https://coincu.com/best-meme-coin-to-buy-today-arctic-pablo-presale-heats-up-with-toshi-dogwifhat-updates/,visible_raw_url_in_text,0,0,0,0,6,12,yes,no,no,FAIL,delete_candidate_high,link_citation_format_fail|promotional_or_money_page_pattern|no_local_gsc_backlink_signal, the most exciting opportunities in crypto right now. For More Information: Arctic Pablo Coin: https://www.arcticpablo.com/&nbsp; Telegram: https://t.me/ArcticPabloOfficial &nbsp; Twitter: https://x.com/arcticpabloHQ Frequently Asked Questions (FAQs) Q1: Why is Arctic Pablo Coin’s ,,
323516,arctic-pablo-coin-presale-heats-up-12618-roi-1-47m-raised,https://coincu.com/arctic-pablo-coin-presale-heats-up-12618-roi-1-47m-raised/,visible_raw_url_in_text,0,0,0,0,6,12,yes,no,no,FAIL,delete_candidate_high,link_citation_format_fail|promotional_or_money_page_pattern|no_local_gsc_backlink_signal,"ity, or watch from the sidelines as others cash in? For More Information: Arctic Pablo Coin: https://www.arcticpablo.com/ Telegram: https://t.me/ArcticPabloOfficial Twitter: https://x.com/arcticpabloHQ FAQs 1. What makes Arctic Pablo Coin ($APC) different from other me",,
323512,crypto-top-gainers-qubetics-presale-hits-13-5m-while-sonics-tvl-surges-and-bitcoin-cash-holds-firm,https://coincu.com/crypto-top-gainers-qubetics-presale-hits-13-5m-while-sonics-tvl-surges-and-bitcoin-cash-holds-firm/,visible_raw_url_in_text,0,0,0,0,5,11,yes,no,no,FAIL,delete_candidate_high,link_citation_format_fail|promotional_or_money_page_pattern|no_local_gsc_backlink_signal,n the Qubetics presale today before the next price jump! &nbsp; For More Information: Qubetics: https://www.qubetics.com/ Telegram: https://t.me/qubetics &nbsp; Twitter: https://x.com/qubetics Frequently Asked Questions (FAQs) 1. What makes Qubetics different from other cry,,
323509,propichains-token-presale-gains-momentum-as-2025s-best-crypto-opportunity,https://coincu.com/propichains-token-presale-gains-momentum-as-2025s-best-crypto-opportunity/,visible_raw_url_in_text,0,0,0,0,3,7,yes,no,no,FAIL,delete_candidate_high,link_citation_format_fail|promotional_or_money_page_pattern|no_local_gsc_backlink_signal, Now’s your chance — get in before it’s too late! For more information about the PropiChain Presale: Website: https://propichain.finance/ Join Community: https://linktr.ee/propichain Disclaimer: The text above is an advertorial article that is not part of Coincu.com editorial content. ,,
323528,goatseus-maximus-had-its-moment-now-btfd-coins-3650-roi-and-6-14m-presale-are-where-the-real-gains-are,https://coincu.com/goatseus-maximus-had-its-moment-now-btfd-coins-3650-roi-and-6-14m-presale-are-where-the-real-gains-are/,visible_raw_url_in_text,0,0,0,0,3,13,yes,no,no,FAIL,delete_candidate_high,link_citation_format_fail|promotional_or_money_page_pattern|no_local_gsc_backlink_signal,"14 is live, buying now means securing BTFD at $0.00016 before it lists at $0.0006. Find Out More: Website: https://www.btfd.io/ X/Twitter: https://x.com/BTFD_COIN Telegram: https://t.me/btfd_coin Disclaimer: The text above is an advertorial article that is not part of Coincu.com ",,
323380,arctic-pablo-coin-presale-heats-up-dogecoin-popcat-updates,https://coincu.com/arctic-pablo-coin-presale-heats-up-dogecoin-popcat-updates/,visible_raw_url_in_text,0,0,0,0,5,11,yes,no,no,FAIL,delete_candidate_high,link_citation_format_fail|promotional_or_money_page_pattern|no_local_gsc_backlink_signal, to seize the opportunity before the next price jump! For More Information: Arctic Pablo Coin: https://www.arcticpablo.com/&nbsp; Telegram: https://t.me/ArcticPabloOfficial &nbsp; Twitter: https://x.com/arcticpabloHQ Frequently Asked Questions 1. What is Arctic Pablo Coin’s presale,,
323377,did-you-miss-out-on-turbos-early-days-arctic-pablo-coin-presale-offers-a-second-chance,https://coincu.com/did-you-miss-out-on-turbos-early-days-arctic-pablo-coin-presale-offers-a-second-chance/,visible_raw_url_in_text,0,0,0,0,6,12,yes,no,no,FAIL,delete_candidate_high,link_citation_format_fail|promotional_or_money_page_pattern|no_local_gsc_backlink_signal,hoice is simple: act now or risk missing out—again. For More Information: Arctic Pablo Coin: https://www.arcticpablo.com/ Telegram: https://t.me/ArcticPabloOfficial Twitter: https://x.com/arcticpabloHQ Frequently Asked Questions (FAQs) 1. What was Turbo Coin’s price at,,
323258,best-cryptos-to-hold-qubetics-presale-price-set-to-rise-as-xrp-etf-speculation-grows-and-helium-revamps-tokenomics,https://coincu.com/best-cryptos-to-hold-qubetics-presale-price-set-to-rise-as-xrp-etf-speculation-grows-and-helium-revamps-tokenomics/,visible_raw_url_in_text,0,0,0,0,6,13,yes,no,no,FAIL,delete_candidate_high,link_citation_format_fail|promotional_or_money_page_pattern|no_local_gsc_backlink_signal,h the potential to outperform XRP and HNT in the coming years. For More Information: Qubetics: https://qubetics.com/ Telegram: https://t.me/qubetics &nbsp; Twitter: https://twitter.com/qubetics &nbsp; FAQs Why is Qubetics one of the best cryptos to hold? Qubetics ,,
323214,arctic-pablo-coin-presale-top-new-meme-coins-to-invest-in-now,https://coincu.com/arctic-pablo-coin-presale-top-new-meme-coins-to-invest-in-now/,visible_raw_url_in_text,0,0,0,0,5,12,yes,no,no,FAIL,delete_candidate_high,link_citation_format_fail|promotional_or_money_page_pattern|no_local_gsc_backlink_signal,e today and consider joining this promising venture. For More Information: Arctic Pablo Coin: https://www.arcticpablo.com/&nbsp; Telegram: https://t.me/ArcticPabloOfficial &nbsp; Twitter: https://x.com/arcticpabloHQ Frequently Asked Questions What is Arctic Pablo Coin&#8217;s to,,
323098,arctic-pablo-coin-spx6900-snek-coin-top-meme-coin-presales-to-buy-now,https://coincu.com/arctic-pablo-coin-spx6900-snek-coin-top-meme-coin-presales-to-buy-now/,visible_raw_url_in_text,0,0,0,0,7,13,yes,no,no,FAIL,delete_candidate_high,link_citation_format_fail|promotional_or_money_page_pattern|no_local_gsc_backlink_signal,ey – Arctic Pablo Coin is the future of meme coins! For More Information: Arctic Pablo Coin: https://www.arcticpablo.com/ Telegram: https://t.me/ArcticPabloOfficial Twitter: https://x.com/arcticpabloHQ Frequently Asked Questions: What is Arctic Pablo Coin (APC)? ,,
323140,why-this-presale-is-selling-out-fast-investors-are-already-seeing-90-gains,https://coincu.com/why-this-presale-is-selling-out-fast-investors-are-already-seeing-90-gains/,visible_raw_url_in_text,0,0,0,0,2,7,yes,no,no,FAIL,delete_candidate_high,link_citation_format_fail|promotional_or_money_page_pattern|no_local_gsc_backlink_signal," in the emerging AI blockchain sector. For more information about Ozak AI, visit the links below: Website: https://ozak.ai/ Twitter/X: https://x.com/OzakAGI Telegram: https://t.me/OzakAGI Disclaimer: The text above is an advertorial article that is not part of Coincu.com editorial",,
323086,best-crypto-to-explode-in-2025-btfd-coins-6-12m-presale-momentum-dogwifhats-market-dynamics-and-bonks-community-strength,https://coincu.com/best-crypto-to-explode-in-2025-btfd-coins-6-12m-presale-momentum-dogwifhats-market-dynamics-and-bonks-community-strength/,visible_raw_url_in_text,0,0,0,0,4,11,yes,no,no,FAIL,delete_candidate_high,link_citation_format_fail|promotional_or_money_page_pattern|no_local_gsc_backlink_signal,"tion is—will you be early, or will you be watching from the sidelines? Find Out More: Website: https://www.btfd.io/ X/Twitter: https://x.com/BTFD_COIN Telegram: https://t.me/btfd_coin FAQs 1. What is the current status of BTFD Coin&#8217;s presale? BTFD Coin is i",,
323081,arctic-pablo-coin-presale-skyrockets-top-new-meme-coins-to-join-for-short-term,https://coincu.com/arctic-pablo-coin-presale-skyrockets-top-new-meme-coins-to-join-for-short-term/,visible_raw_url_in_text,0,0,0,0,7,12,yes,no,no,FAIL,delete_candidate_high,link_citation_format_fail|promotional_or_money_page_pattern|no_local_gsc_backlink_signal, term—secure your stake in Arctic Pablo Coin today! For More Information: Arctic Pablo Coin: https://www.arcticpablo.com/ Telegram: https://t.me/ArcticPabloOfficial Twitter: https://x.com/arcticpabloHQ Frequently Asked Questions (FAQs) 1. What makes Arctic Pablo Coin d,,
322988,btcs-unveils-strategic-partnership-with-figment-and-wonderfi-leading-its-staker-protection-plan,https://coincu.com/btcs-unveils-strategic-partnership-with-figment-and-wonderfi-leading-its-staker-protection-plan/,visible_raw_url_in_text,0,0,0,0,0,15,yes,no,no,FAIL,delete_candidate_high,link_citation_format_fail|promotional_or_money_page_pattern|no_local_gsc_backlink_signal,"structure in the public markets by visiting www.btcs.com . For more information, users can follow on: Twitter: https://x.com/NasdaqBTCS LinkedIn: https://www.linkedin.com/company/nasdaq-btcs Facebook: https://www.facebook.com/NasdaqBTCS About Figment Figment is the leading provider of staking infr",,
322929,best-coins-to-join-now-qubetics-presale-surpasses-13-2m-arbitrum-faces-selling-pressure-and-toncoin-eyes-5-recovery,https://coincu.com/best-coins-to-join-now-qubetics-presale-surpasses-13-2m-arbitrum-faces-selling-pressure-and-toncoin-eyes-5-recovery/,visible_raw_url_in_text,0,0,0,0,4,12,yes,no,no,FAIL,delete_candidate_high,link_citation_format_fail|promotional_or_money_page_pattern|no_local_gsc_backlink_signal,t 10% price hike could be the smartest move in today’s market. For More Information: Qubetics: https://qubetics.com/ Telegram: https://t.me/qubetics &nbsp; Twitter: https://twitter.com/qubetics &nbsp; FAQs 1. What makes Qubetics’ dVPN different from traditional VPNs? ,,
322861,missed-neiros-explosive-115-surge-btfd-coin-is-your-second-chance-1500-could-become-56250-but-only-if-you-act-now,https://coincu.com/missed-neiros-explosive-115-surge-btfd-coin-is-your-second-chance-1500-could-become-56250-but-only-if-you-act-now/,visible_raw_url_in_text,0,0,0,0,0,16,yes,no,no,FAIL,delete_candidate_high,link_citation_format_fail|promotional_or_money_page_pattern|no_local_gsc_backlink_signal,d secure your position before this opportunity disappears. Find Out More: Website: https://www.btfd.io/ X/Twitter: https://x.com/BTFD_COIN Telegram: https://t.me/btfd_coin FAQs 1. What makes BTFD Coin different from other meme coins? Unlike most,,
322758,colend-roadmap-for-2025-new-features-subscription-model-and-the-first-crypto-credit-card,https://coincu.com/colend-roadmap-for-2025-new-features-subscription-model-and-the-first-crypto-credit-card/,visible_raw_url_in_text,0,0,0,0,0,4,yes,no,no,FAIL,delete_candidate_high,link_citation_format_fail|promotional_or_money_page_pattern|no_local_gsc_backlink_signal,"Colend emphasizes security through ongoing audits conducted by firms such as Halborn, Zokyo, and Verichains. Source: https://x.com/colend_xyz/status/1891102662466138233 ",,
322650,arctic-pablo-coins-13451-72-roi-presale-soars-turbo-and-book-of-meme-ride-the-meme-coin-wave,https://coincu.com/arctic-pablo-coins-13451-72-roi-presale-soars-turbo-and-book-of-meme-ride-the-meme-coin-wave/,visible_raw_url_in_text,0,0,0,0,4,12,yes,no,no,FAIL,delete_candidate_high,link_citation_format_fail|promotional_or_money_page_pattern|no_local_gsc_backlink_signal,ng an adventure unlike any other in the crypto world. For More Information: Arctic Pablo Coin: https://www.arcticpablo.com/&nbsp; Telegram: https://t.me/ArcticPabloOfficial &nbsp; Twitter: https://x.com/arcticpabloHQ Frequently Asked Questions What is Arctic Pablo Coin (APC)? A,,
322629,qubetics-tics-presale-surges-past-12-7m-polkadots-ecosystem-expands-and-solanas-developer-friendly-platform-gains-traction,https://coincu.com/qubetics-tics-presale-surges-past-12-7m-polkadots-ecosystem-expands-and-solanas-developer-friendly-platform-gains-traction/,visible_raw_url_in_text,0,0,0,0,4,12,yes,no,no,FAIL,delete_candidate_high,link_citation_format_fail|promotional_or_money_page_pattern|no_local_gsc_backlink_signal, could see life-changing gains before it hits the open market. For More Information: Qubetics: https://qubetics.com/ Telegram: https://t.me/qubetics &nbsp; Twitter: https://twitter.com/qubetics &nbsp; Disclaimer: The text above is an advertorial article that is not part o,,
322623,arctic-pablo-coin-presale-heats-up-highest-roi-crypto-with-66-apy-staking,https://coincu.com/arctic-pablo-coin-presale-heats-up-highest-roi-crypto-with-66-apy-staking/,visible_raw_url_in_text,0,0,0,0,4,13,yes,no,no,FAIL,delete_candidate_high,link_citation_format_fail|promotional_or_money_page_pattern|no_local_gsc_backlink_signal, be the most explosive meme coin presale of the year! For More Information: Arctic Pablo Coin: https://www.arcticpablo.com/&nbsp; Telegram: https://t.me/ArcticPabloOfficial &nbsp; Twitter: https://x.com/arcticpabloHQ Frequently Asked Questions What is the current price of Arctic P,,
322530,wallitiq-wltq-raises-7-million-faster-than-experts-predicted-presale-stage-3-almost-sold-out,https://coincu.com/wallitiq-wltq-raises-7-million-faster-than-experts-predicted-presale-stage-3-almost-sold-out/,visible_raw_url_in_text,0,0,0,0,0,14,yes,no,no,FAIL,delete_candidate_high,link_citation_format_fail|promotional_or_money_page_pattern|no_local_gsc_backlink_signal,tunity to acquire the token at a low price. Join the WallitIQ (WLTQ) presale and community: &nbsp; Website: https://wallitiq.io/ Whitepaper: https://wallitiq.gitbook.io/wallitiq Telegram: https://t.me/wallitiqofficial Twitter/X: https://x.com/wiqnetwork Instagram: https://www.ins,,
322407,qubetics-presale-surges-past-12-6m-as-bitcoin-cash-and-bittensor-navigate-market-challenges,https://coincu.com/qubetics-presale-surges-past-12-6m-as-bitcoin-cash-and-bittensor-navigate-market-challenges/,visible_raw_url_in_text,0,0,0,0,4,13,yes,no,no,FAIL,delete_candidate_high,link_citation_format_fail|promotional_or_money_page_pattern|no_local_gsc_backlink_signal,n’t wait—join the Qubetics presale before the next price hike! For More Information: Qubetics: https://qubetics.com &nbsp;&nbsp;&nbsp; Telegram: https://t.me/qubetics &nbsp; Twitter: https://x.com/qubetics FAQs What makes Qubetics different from other projects? Q,,
322446,best-new-meme-coins-to-join-for-long-term-btfd-coins-0-00016-presale-price-wont-last-next-stop-0-0006-while-turbo-and-ponke-see-steady-growth,https://coincu.com/best-new-meme-coins-to-join-for-long-term-btfd-coins-0-00016-presale-price-wont-last-next-stop-0-0006-while-turbo-and-ponke-see-steady-growth/,visible_raw_url_in_text,0,0,0,0,5,14,yes,no,no,FAIL,delete_candidate_high,link_citation_format_fail|promotional_or_money_page_pattern|no_local_gsc_backlink_signal,"FD Coin presale today and double your investment before it’s too late. Find Out More: Website: https://www.btfd.io/ X/Twitter: https://x.com/BTFD_COIN Telegram: https://t.me/btfd_coin FAQs 1. What is the current BTFD presale stage? BTFD is currently in Stage 14, p",,
322336,shiba-inu-and-cardano-price-bounces-coming-while-presale-gem-soars-811,https://coincu.com/shiba-inu-and-cardano-price-bounces-coming-while-presale-gem-soars-811/,visible_raw_url_in_text,0,0,0,0,4,6,yes,no,no,FAIL,delete_candidate_high,link_citation_format_fail|promotional_or_money_page_pattern|no_local_gsc_backlink_signal,"aring by 1,800% in 2025. For more information about IntelMarkets (INTL) visit the links below: Presale: https://intelmarkets.io/ Telegram: https://t.me/IntelMarketsOfficial Twitter: https://x.com/intel_markets Disclaimer: The text above is an advertorial article that is no",,
322350,whale-io-says-goodbye-to-telegram-and-focuses-on-web,https://coincu.com/whale-io-says-goodbye-to-telegram-and-focuses-on-web/,visible_raw_url_in_text,0,0,0,0,0,5,yes,no,no,FAIL,delete_candidate_high,link_citation_format_fail|promotional_or_money_page_pattern|no_local_gsc_backlink_signal,fees. Users can discover the future of Whale Casino and $WHALE token by checking them out here: Website: https://whale.io/ Socials: https://linktr.ee/whalesocials_tg ,,
322208,arctic-pablo-is-one-of-the-top-crypto-presale-opportunities-gala-icp-latest-updates,https://coincu.com/arctic-pablo-is-one-of-the-top-crypto-presale-opportunities-gala-icp-latest-updates/,visible_raw_url_in_text,0,0,0,0,6,12,yes,no,no,FAIL,delete_candidate_high,link_citation_format_fail|promotional_or_money_page_pattern|no_local_gsc_backlink_signal,on what could be the next major meme coin breakout! For More Information: Arctic Pablo Coin: https://www.arcticpablo.com/ Telegram: https://t.me/ArcticPabloOfficial Twitter: https://x.com/arcticpabloHQ Frequently Asked Questions 1. What makes Arctic Pablo Coin one of t,,
322168,best-ai-cryptos-qubetics-presale-rockets-to-12-6m-stacks-founder-drops-10m-on-stx-and-bittensors-tao-gains-12,https://coincu.com/best-ai-cryptos-qubetics-presale-rockets-to-12-6m-stacks-founder-drops-10m-on-stx-and-bittensors-tao-gains-12/,visible_raw_url_in_text,0,0,0,0,4,11,yes,no,no,FAIL,delete_candidate_high,link_citation_format_fail|promotional_or_money_page_pattern|no_local_gsc_backlink_signal, Qubetics presale before the next price jump. Are you in? For More Information: Qubetics: https://qubetics.com &nbsp; Telegram: https://t.me/qubetics &nbsp; Twitter: https://x.com/qubetics &nbsp; FAQs 1. Why is Qubetics considered the Best AI Crypto? Qubetics,,
322042,arctic-pablo-coin-shines-with-the-best-new-meme-coins-for-exponential-returns-while-dogs-and-pudgy-penguins-presale-gains-momentum,https://coincu.com/arctic-pablo-coin-shines-with-the-best-new-meme-coins-for-exponential-returns-while-dogs-and-pudgy-penguins-presale-gains-momentum/,visible_raw_url_in_text,0,0,0,0,4,12,yes,no,no,FAIL,delete_candidate_high,link_citation_format_fail|promotional_or_money_page_pattern|no_local_gsc_backlink_signal,hance to be part of the Arctic Pablo Coin movement! For More Information: Arctic Pablo Coin: https://www.arcticpablo.com/ Telegram: https://t.me/ArcticPabloOfficial Twitter: https://x.com/arcticpabloHQ Frequently Asked Questions (FAQs) 1. What is Arctic Pablo Coin (APC,,
322007,were-you-in-hibernation-when-pepe-rose-to-stardom-btfd-coins-6m-presale-is-expected-to-deliver-1000x-gains-but-only-if-you-act-now,https://coincu.com/were-you-in-hibernation-when-pepe-rose-to-stardom-btfd-coins-6m-presale-is-expected-to-deliver-1000x-gains-but-only-if-you-act-now/,visible_raw_url_in_text,0,0,0,0,3,11,yes,no,no,FAIL,delete_candidate_high,link_citation_format_fail|promotional_or_money_page_pattern|no_local_gsc_backlink_signal,too late and invest in one of the best meme coins with 100x potential! Find Out More: Website: https://www.btfd.io/ X/Twitter: https://x.com/BTFD_COIN Telegram: https://t.me/btfd_coin FAQs 1. What makes BTFD Coin special? BTFD Coin isn’t just another meme token,,
321962,top-new-meme-coins-to-buy-this-week-btfd-coins-lightning-fast-6m-presale-book-of-memes-52m-trading-volume-and-turbos-9-fall,https://coincu.com/top-new-meme-coins-to-buy-this-week-btfd-coins-lightning-fast-6m-presale-book-of-memes-52m-trading-volume-and-turbos-9-fall/,visible_raw_url_in_text,0,0,0,0,5,12,yes,no,no,FAIL,delete_candidate_high,link_citation_format_fail|promotional_or_money_page_pattern|no_local_gsc_backlink_signal,efore prices shoot up. Get Your BTFD Tokens with LAUNCH100 Now! Find Out More: Website: https://www.btfd.io/ X/Twitter: https://x.com/BTFD_COIN Telegram: https://t.me/btfd_coin FAQs 1. How does the BTFD Coin staking APY work? BTFD Coin offers a 90% APY s,,
321956,best-cryptos-for-beginners-catch-btfds-fast-moving-presale-before-it-bursts-into-stage-15-or-buy-the-dip-of-just-a-chill-guy-and-spx6900,https://coincu.com/best-cryptos-for-beginners-catch-btfds-fast-moving-presale-before-it-bursts-into-stage-15-or-buy-the-dip-of-just-a-chill-guy-and-spx6900/,visible_raw_url_in_text,0,0,0,0,5,12,yes,no,no,FAIL,delete_candidate_high,link_citation_format_fail|promotional_or_money_page_pattern|no_local_gsc_backlink_signal,"’s 100% bonus won’t last—get in before the presale moves to Stage 15! Find Out More: Website: https://www.btfd.io/ X/Twitter: https://x.com/BTFD_COIN Telegram: https://t.me/btfd_coin FAQs What is the best crypto for beginners right now? BTFD Coin, Just a Chill",,
321947,stage-21-madness-tics-presale-nears-0-25-with-19600-holders-top-crypto-to-invest-in-for-short-term-solanas-ai-leap-xrps-market-strength,https://coincu.com/stage-21-madness-tics-presale-nears-0-25-with-19600-holders-top-crypto-to-invest-in-for-short-term-solanas-ai-leap-xrps-market-strength/,visible_raw_url_in_text,0,0,0,0,4,12,yes,no,no,FAIL,delete_candidate_high,link_citation_format_fail|promotional_or_money_page_pattern|no_local_gsc_backlink_signal,he next major crypto breakout could be just around the corner. For More Information: Qubetics: https://qubetics.com &nbsp;&nbsp;&nbsp; Telegram: https://t.me/qubetics &nbsp; Twitter: https://x.com/qubetics FAQs What is the top crypto to invest in for the short term? ,,
321832,top-new-meme-coins-for-exponential-returns-missed-turbo-join-this-new-presale-with-13400-roi,https://coincu.com/top-new-meme-coins-for-exponential-returns-missed-turbo-join-this-new-presale-with-13400-roi/,visible_raw_url_in_text,0,0,0,0,3,12,yes,no,no,FAIL,delete_candidate_high,link_citation_format_fail|promotional_or_money_page_pattern|no_local_gsc_backlink_signal,rience the explosive growth of these top investments. For More Information: Arctic Pablo Coin: https://www.arcticpablo.com/&nbsp; Telegram: https://t.me/ArcticPabloOfficial &nbsp; Twitter: https://x.com/arcticpabloHQ Disclaimer: The text above is an advertorial article that is not pa,,
321727,ymcrypto-launches-the-best-us-regulated-cloud-mining-for-all-bitcoin-and-dogecoin-enthusiasts-in-2025-earn-cryptocurrency,https://coincu.com/ymcrypto-launches-the-best-us-regulated-cloud-mining-for-all-bitcoin-and-dogecoin-enthusiasts-in-2025-earn-cryptocurrency/,visible_raw_url_in_text,0,0,0,0,5,9,yes,no,no,FAIL,delete_candidate_high,link_citation_format_fail|promotional_or_money_page_pattern|no_local_gsc_backlink_signal,"mer, YMCrypto provides a reliable and profitable way to enter the world of cloud mining. Start mining today at https://ymcrypto.com official website. Disclaimer: The text above is an advertorial article that is not part of Coincu.com editorial content. ",,
321587,best-crypto-coin-with-100x-potential-arctic-pablo-coins-explosive-presale-as-near-and-bch-hit-milestones,https://coincu.com/best-crypto-coin-with-100x-potential-arctic-pablo-coins-explosive-presale-as-near-and-bch-hit-milestones/,visible_raw_url_in_text,0,0,0,0,5,13,yes,no,no,FAIL,delete_candidate_high,link_citation_format_fail|promotional_or_money_page_pattern|no_local_gsc_backlink_signal,w and position yourself for massive potential gains!​ For More Information: Arctic Pablo Coin: https://www.arcticpablo.com/&nbsp; Telegram: https://t.me/ArcticPabloOfficial &nbsp; Twitter: https://x.com/arcticpabloHQ FAQs 1. Why is Arctic Pablo Coin considered the best crypto coin ,,
321522,pepe-coin-investors-made-millions-now-btfd-coins-presale-is-your-best-chance-for-100x-returns,https://coincu.com/pepe-coin-investors-made-millions-now-btfd-coins-presale-is-your-best-chance-for-100x-returns/,visible_raw_url_in_text,0,0,0,0,3,12,yes,no,no,FAIL,delete_candidate_high,link_citation_format_fail|promotional_or_money_page_pattern|no_local_gsc_backlink_signal,500. That’s why many see it as one of the best new meme coins with 100x potential. Find Out More: Website: https://www.btfd.io/ X/Twitter: https://x.com/BTFD_COIN Telegram: https://t.me/btfd_coin Disclaimer: The text above is an advertorial article that is not part of Coincu.com ,,
321584,wall-street-pepes-presale-ends-pepeto-takes-the-lead-as-the-next-100x-memecoin,https://coincu.com/wall-street-pepes-presale-ends-pepeto-takes-the-lead-as-the-next-100x-memecoin/,visible_raw_url_in_text,0,0,0,0,2,7,yes,no,no,FAIL,delete_candidate_high,link_citation_format_fail|promotional_or_money_page_pattern|no_local_gsc_backlink_signal,"akout project in the crypto world, Pepeto is undoubtedly one to watch. Official Links for Pepeto: Website: https://pepeto.io &nbsp; Twitter: https://x.com/Pepetocoin &nbsp;&nbsp; Telegram: https://t.me/pepeto_channel &nbsp; Instagram: https://www.instagram.com/pepetocoin/ &nbsp; Y",,
321508,qubetics-hits-12-4m-milestone-as-best-crypto-presale-for-2025-how-does-it-compare-to-litecoins-speed-and-terra-classics-ecosystem,https://coincu.com/qubetics-hits-12-4m-milestone-as-best-crypto-presale-for-2025-how-does-it-compare-to-litecoins-speed-and-terra-classics-ecosystem/,visible_raw_url_in_text,0,0,0,0,4,12,yes,no,no,FAIL,delete_candidate_high,link_citation_format_fail|promotional_or_money_page_pattern|no_local_gsc_backlink_signal,ovement before the $TICS token price surges in the 21st stage. For More Information: Qubetics: https://qubetics.com &nbsp; Telegram: https://t.me/qubetics &nbsp; Twitter: https://x.com/qubetics &nbsp; Frequently Asked Questions 1. Why is Qubetics considered the best cry,,
321380,best-coins-to-join-now-qubetics-presale-gains-traction-filecoin-reshapes-storage-and-icp-reinvents-the-internet,https://coincu.com/best-coins-to-join-now-qubetics-presale-gains-traction-filecoin-reshapes-storage-and-icp-reinvents-the-internet/,visible_raw_url_in_text,0,0,0,0,5,14,yes,no,no,FAIL,delete_candidate_high,link_citation_format_fail|promotional_or_money_page_pattern|no_local_gsc_backlink_signal,one of the best coins to join now. Get in while you still can. For More Information: Qubetics: https://qubetics.com &nbsp; Telegram: https://t.me/qubetics &nbsp; Twitter: https://x.com/qubetics &nbsp; FAQs What makes Qubetics different from other cryptos? Qubetics,,
321364,fomo-over-neiro-this-hot-new-cryptos-staking-rewards-are-turning-heads-among-the-best-coin-presales-to-buy-in-2025,https://coincu.com/fomo-over-neiro-this-hot-new-cryptos-staking-rewards-are-turning-heads-among-the-best-coin-presales-to-buy-in-2025/,visible_raw_url_in_text,0,0,0,0,3,11,yes,no,no,FAIL,delete_candidate_high,link_citation_format_fail|promotional_or_money_page_pattern|no_local_gsc_backlink_signal,sit the BTFD Coin presale page now before this opportunity disappears! Find Out More: Website: https://www.btfd.io/ X/Twitter: https://x.com/BTFD_COIN Telegram: https://t.me/btfd_coin FAQs 1. What is the current price of BTFD Coin? BTFD Coin is currently priced,,
321352,arctic-pablo-coin-presale-soars-best-crypto-presales-to-buy-now,https://coincu.com/arctic-pablo-coin-presale-soars-best-crypto-presales-to-buy-now/,visible_raw_url_in_text,0,0,0,0,5,13,yes,no,no,FAIL,delete_candidate_high,link_citation_format_fail|promotional_or_money_page_pattern|no_local_gsc_backlink_signal,e your position before the journey moves forward! For More Information: Arctic Pablo Coin: https://www.arcticpablo.com/&nbsp; Telegram: https://t.me/ArcticPabloOfficial &nbsp; Twitter: https://x.com/arcticpabloHQ Frequently Asked Questions (FAQs) 1. What makes Arctic Pablo Coin,,
321343,exploring-qubetics-presale-success-filecoins-decentralized-storage-and-arbitrums-layer-2-scaling-solutions,https://coincu.com/exploring-qubetics-presale-success-filecoins-decentralized-storage-and-arbitrums-layer-2-scaling-solutions/,visible_raw_url_in_text,0,0,0,0,4,11,yes,no,no,FAIL,delete_candidate_high,link_citation_format_fail|promotional_or_money_page_pattern|no_local_gsc_backlink_signal,ing the diverse and rapidly advancing world of cryptocurrency. For More Information: Qubetics: https://qubetics.com &nbsp; Telegram: https://t.me/qubetics &nbsp; Twitter: https://x.com/qubetics &nbsp; FAQs What is Qubetics&#8217; QubeQode IDE? QubeQode is an Integ,,
321325,qubetics-positioned-itself-as-a-top-crypto-presale-to-watch-while-internet-computer-protocol-and-toncoin-are-dominating-the-crypto-market,https://coincu.com/qubetics-positioned-itself-as-a-top-crypto-presale-to-watch-while-internet-computer-protocol-and-toncoin-are-dominating-the-crypto-market/,visible_raw_url_in_text,0,0,0,0,4,11,yes,no,no,FAIL,delete_candidate_high,link_citation_format_fail|promotional_or_money_page_pattern|no_local_gsc_backlink_signal,question is—are you ready to invest before the next big surge? For More Information: Qubetics: https://qubetics.com &nbsp; Telegram: https://t.me/qubetics &nbsp; Twitter: https://x.com/qubetics &nbsp; FAQs 1. What is the current price of Qubetics ($TICS)? The price of $T,,
321307,blockdag-presale-explodes-nearing-200m-outshining-solana-dogecoin,https://coincu.com/blockdag-presale-explodes-nearing-200m-outshining-solana-dogecoin/,visible_raw_url_in_text,0,0,0,0,4,11,yes,no,no,FAIL,delete_candidate_high,link_citation_format_fail|promotional_or_money_page_pattern|no_local_gsc_backlink_signal,"e digital asset space evolves, BlockDAG’s developments will continue to be closely observed. Presale: https://purchase.blockdag.network Website: https://blockdag.network Telegram: https://t.me/blockDAGnetwork Discord: https://discord.gg/Q7BxghMVyu Disclaimer: The text above is an a",,
321276,missed-the-popcat-wave-arctic-pablo-coin-presale-could-be-your-ticket-to-huge-returns,https://coincu.com/missed-the-popcat-wave-arctic-pablo-coin-presale-could-be-your-ticket-to-huge-returns/,visible_raw_url_in_text,0,0,0,0,3,12,yes,no,no,FAIL,delete_candidate_high,link_citation_format_fail|promotional_or_money_page_pattern|no_local_gsc_backlink_signal,akes off and leaves you wishing you had acted sooner. For More Information: Arctic Pablo Coin: https://www.arcticpablo.com/&nbsp; Telegram: https://t.me/ArcticPabloOfficial &nbsp; Twitter: https://x.com/arcticpabloHQ Frequently Asked Questions What is Arctic Pablo Coin? Arctic Pab,,
321273,qubetics-gains-momentum-in-presale-while-aave-and-injective-lead-the-pack-best-altcoins-to-invest-in-right-now,https://coincu.com/qubetics-gains-momentum-in-presale-while-aave-and-injective-lead-the-pack-best-altcoins-to-invest-in-right-now/,visible_raw_url_in_text,0,0,0,0,4,11,yes,no,no,FAIL,delete_candidate_high,link_citation_format_fail|promotional_or_money_page_pattern|no_local_gsc_backlink_signal, now’s the time to secure early gains before prices skyrocket. For More Information: Qubetics: https://qubetics.com &nbsp; Telegram: https://t.me/qubetics &nbsp; Twitter: https://x.com/qubetics &nbsp; FAQs 1. Is Qubetics a good investment in 2025? Absolutely. With it,,
321222,top-meme-coin-presales-to-buy-now-btfd-p2e-game-throws-massive-rewards-as-popcat-and-pepe-fuel-the-hype,https://coincu.com/top-meme-coin-presales-to-buy-now-btfd-p2e-game-throws-massive-rewards-as-popcat-and-pepe-fuel-the-hype/,visible_raw_url_in_text,0,0,0,0,5,14,yes,no,no,FAIL,delete_candidate_high,link_citation_format_fail|promotional_or_money_page_pattern|no_local_gsc_backlink_signal, hits exchanges at $0.0006. Use LAUNCH100 and double your coins today! Find Out More: Website: https://www.btfd.io/ X/Twitter: https://x.com/BTFD_COIN Telegram: https://t.me/btfd_coin FAQs 1. What is the current stage of the BTFD Coin presale? &nbsp; The presale,,
321216,best-meme-coins-to-join-for-long-term-arctic-pablo-coin-presale-cat-in-a-dogs-world-goatseus-maximus,https://coincu.com/best-meme-coins-to-join-for-long-term-arctic-pablo-coin-presale-cat-in-a-dogs-world-goatseus-maximus/,visible_raw_url_in_text,0,0,0,0,4,11,yes,no,no,FAIL,delete_candidate_high,link_citation_format_fail|promotional_or_money_page_pattern|no_local_gsc_backlink_signal,"oin could be your key to long-term crypto success. For More Information: Arctic Pablo Coin: https://www.arcticpablo.com/&nbsp; Telegram: https://t.me/ArcticPabloOfficial &nbsp; Twitter: https://x.com/arcticpabloHQ Frequently Asked Questions: What is Arctic Pablo Coin, and why i",,
319812,qubetics-presale-crosses-12m-projected-22382-roi-gains-steam-as-the-next-bull-run-crypto-while-render-rebounds-and-cronos-battles-market-uncertainty,https://coincu.com/qubetics-presale-crosses-12m-projected-22382-roi-gains-steam-as-the-next-bull-run-crypto-while-render-rebounds-and-cronos-battles-market-uncertainty/,visible_raw_url_in_text,0,0,0,0,4,12,yes,no,no,FAIL,delete_candidate_high,link_citation_format_fail|promotional_or_money_page_pattern|no_local_gsc_backlink_signal,"price jump—because once it takes off, there’s no looking back. For More Information: Qubetics: https://qubetics.com &nbsp; Telegram: https://t.me/qubetics &nbsp; Twitter: https://x.com/qubetics &nbsp; FAQs 1. Why is Qubetics considered the next bull run crypto? Qu",,
319793,the-early-bird-gets-the-worm-arctic-pablo-coin-presale-could-be-the-opportunity-you-missed-with-notcoin,https://coincu.com/the-early-bird-gets-the-worm-arctic-pablo-coin-presale-could-be-the-opportunity-you-missed-with-notcoin/,visible_raw_url_in_text,0,0,0,0,3,13,yes,no,no,FAIL,delete_candidate_high,link_citation_format_fail|promotional_or_money_page_pattern|no_local_gsc_backlink_signal,f gains that Notcoin investors are celebrating today. For More Information: Arctic Pablo Coin: https://www.arcticpablo.com/&nbsp; Telegram: https://t.me/ArcticPabloOfficial &nbsp; Twitter: https://x.com/arcticpabloHQ Frequently Asked Questions: What makes Arctic Pablo Coin differe,,
319733,arctic-pablo-coin-presale-heats-up-best-new-meme-coins-to-buy-and-hold,https://coincu.com/arctic-pablo-coin-presale-heats-up-best-new-meme-coins-to-buy-and-hold/,visible_raw_url_in_text,0,0,0,0,5,12,yes,no,no,FAIL,delete_candidate_high,link_citation_format_fail|promotional_or_money_page_pattern|no_local_gsc_backlink_signal,tunity before the meme coin presale advances again? For More Information: Arctic Pablo Coin: https://www.arcticpablo.com/&nbsp; Telegram: https://t.me/ArcticPabloOfficial &nbsp; Twitter: https://x.com/arcticpabloHQ Frequently Asked Questions (FAQs) 1. What makes Arctic Pablo Coin,,
319721,which-cryptos-are-the-best-cryptos-to-join-for-short-term-profits-this-month-qubetics-presale-heats-up-at-stage-20-while-theta-xrp-surge-in-the-bull-market,https://coincu.com/which-cryptos-are-the-best-cryptos-to-join-for-short-term-profits-this-month-qubetics-presale-heats-up-at-stage-20-while-theta-xrp-surge-in-the-bull-market/,visible_raw_url_in_text,0,0,0,0,4,12,yes,no,no,FAIL,delete_candidate_high,link_citation_format_fail|promotional_or_money_page_pattern|no_local_gsc_backlink_signal," With the presale window closing soon, now is the time to act. For More Information: Qubetics: https://qubetics.com &nbsp; Telegram: https://t.me/qubetics &nbsp; Twitter: https://x.com/qubetics &nbsp; Frequently Asked Questions (FAQs) Why is Qubetics one of the best c",,
312759,lzminer-platform-backed-by-us-financial-regulators-announces-best-free-bitcoin-btc-and-dogecoin-doge-cloud-mining-earn-btc-doge-for-cryptocurrency-enthusiasts-worldwide,https://coincu.com/lzminer-platform-backed-by-us-financial-regulators-announces-best-free-bitcoin-btc-and-dogecoin-doge-cloud-mining-earn-btc-doge-for-cryptocurrency-enthusiasts-worldwide/,visible_raw_url_in_text,0,0,0,0,3,11,yes,no,no,FAIL,delete_candidate_high,link_citation_format_fail|promotional_or_money_page_pattern|no_local_gsc_backlink_signal,ow is the time to mine like a pro —sign up today and start your cloud mining journey! Visit the official website: https://lzminer.com/ Disclaimer: The text above is an advertorial article that is not part of Coincu.com editorial content. ,,
311512,arctic-pablo-coin-presale-reaches-frostburg-updates-on-simons-cat-apu-apustaja,https://coincu.com/arctic-pablo-coin-presale-reaches-frostburg-updates-on-simons-cat-apu-apustaja/,visible_raw_url_in_text,0,0,0,0,4,12,yes,no,no,FAIL,delete_candidate_high,link_citation_format_fail|promotional_or_money_page_pattern|no_local_gsc_backlink_signal,he most thrilling crypto stories unfolding right now. For More Information: Arctic Pablo Coin: https://www.arcticpablo.com/&nbsp; Telegram: https://t.me/ArcticPabloOfficial &nbsp; Twitter: https://x.com/arcticpabloHQ Frequently Asked Questions What is Arctic Pablo Coin (APC)? Arct,,
311424,missed-out-on-bonks-explosive-rally-btfd-coins-surging-presale-and-bold-analyst-predictions-make-it-the-next-big-move,https://coincu.com/missed-out-on-bonks-explosive-rally-btfd-coins-surging-presale-and-bold-analyst-predictions-make-it-the-next-big-move/,visible_raw_url_in_text,0,0,0,0,3,12,yes,no,no,FAIL,delete_candidate_high,link_citation_format_fail|promotional_or_money_page_pattern|no_local_gsc_backlink_signal,"hase amount, confirm the transaction, and claim your tokens once the presale ends. Find Out More: Website: https://www.btfd.io/ X/Twitter: https://x.com/BTFD_COIN Telegram: https://t.me/btfd_coin Disclaimer: The text above is an advertorial article that is not part of Coincu.com ",,
311419,pudgy-penguins-took-flight-without-you-get-ready-for-arctic-pablos-presale-boom,https://coincu.com/pudgy-penguins-took-flight-without-you-get-ready-for-arctic-pablos-presale-boom/,visible_raw_url_in_text,0,0,0,0,3,13,yes,no,no,FAIL,delete_candidate_high,link_citation_format_fail|promotional_or_money_page_pattern|no_local_gsc_backlink_signal,"edible gains is still open. Will you walk through it? For More Information: Arctic Pablo Coin: https://www.arcticpablo.com/&nbsp; Telegram: https://t.me/ArcticPabloOfficial &nbsp; Twitter: https://x.com/arcticpabloHQ Frequently Asked Questions What is Arctic Pablo Coin, and why is",,
311415,best-new-meme-coins-to-invest-in-now-btfd-coin-smashes-into-5-95-million-in-presale-as-floki-and-peanut-the-squirrel-dip-5-and-6,https://coincu.com/best-new-meme-coins-to-invest-in-now-btfd-coin-smashes-into-5-95-million-in-presale-as-floki-and-peanut-the-squirrel-dip-5-and-6/,visible_raw_url_in_text,0,0,0,0,4,12,yes,no,no,FAIL,delete_candidate_high,link_citation_format_fail|promotional_or_money_page_pattern|no_local_gsc_backlink_signal,"age, connect your wallet, and secure your tokens before it’s too late. Find Out More: Website: https://www.btfd.io/ X/Twitter: https://x.com/BTFD_COIN Telegram: https://t.me/btfd_coin FAQs 1. How do I claim the LAUNCH100 bonus code for BTFD Coin? Simply visit t",,
311409,qubetics-raises-12m-in-presale-stacks-ecosystem-and-immutable-x-revolutionizes-blockchain-gaming-best-cryptos-for-exponential-returns-in-2025,https://coincu.com/qubetics-raises-12m-in-presale-stacks-ecosystem-and-immutable-x-revolutionizes-blockchain-gaming-best-cryptos-for-exponential-returns-in-2025/,visible_raw_url_in_text,0,0,0,0,4,12,yes,no,no,FAIL,delete_candidate_high,link_citation_format_fail|promotional_or_money_page_pattern|no_local_gsc_backlink_signal,"and revolutionary use case, it’s a must-watch project in 2025. For More Information: Qubetics: https://qubetics.com &nbsp; Telegram: https://t.me/qubetics &nbsp; Twitter: https://x.com/qubetics &nbsp; Frequently Asked Questions (FAQs) Why is Qubetics considered one of",,
307175,if-youd-bought-pudgy-penguins-early-youd-be-rolling-in-profits-btfd-coins-presale-might-be-your-second-chance,https://coincu.com/if-youd-bought-pudgy-penguins-early-youd-be-rolling-in-profits-btfd-coins-presale-might-be-your-second-chance/,visible_raw_url_in_text,0,0,0,0,3,13,yes,no,no,FAIL,delete_candidate_high,link_citation_format_fail|promotional_or_money_page_pattern|no_local_gsc_backlink_signal,gnized as one of the best new meme coins to join today before its price takes off. Find Out More: Website: https://www.btfd.io/ X/Twitter: https://x.com/BTFD_COIN Telegram: https://t.me/btfd_coin Disclaimer: The text above is an advertorial article that is not part of Coincu.com ,,
307169,bretts-early-days-created-fortunes-arctic-pablo-coin-is-your-next-best-crypto-presale-to-buy,https://coincu.com/bretts-early-days-created-fortunes-arctic-pablo-coin-is-your-next-best-crypto-presale-to-buy/,visible_raw_url_in_text,0,0,0,0,4,12,yes,no,no,FAIL,delete_candidate_high,link_citation_format_fail|promotional_or_money_page_pattern|no_local_gsc_backlink_signal,"buy right now . The question is—will you take action? For More Information: Arctic Pablo Coin: https://www.arcticpablo.com/&nbsp; Telegram: https://t.me/ArcticPabloOfficial &nbsp; Twitter: https://x.com/arcticpabloHQ Frequently Asked Questions 1. What is Arctic Pablo Coin, and why ",,
307164,top-cryptos-to-join-this-week-qubetics-tics-presale-skyrockets-sui-redefines-web3-transactions-and-astra-leads-ai-driven-blockchain-innovation,https://coincu.com/top-cryptos-to-join-this-week-qubetics-tics-presale-skyrockets-sui-redefines-web3-transactions-and-astra-leads-ai-driven-blockchain-innovation/,visible_raw_url_in_text,0,0,0,0,4,12,yes,no,no,FAIL,delete_candidate_high,link_citation_format_fail|promotional_or_money_page_pattern|no_local_gsc_backlink_signal,e time to explore what this innovative ecosystem has to offer. For More Information: Qubetics: https://qubetics.com &nbsp; Telegram: https://t.me/qubetics &nbsp; Twitter: https://x.com/qubetics &nbsp; FAQs What makes Qubetics ($TICS) a top crypto to join this week? ,,
305464,pepeto-nears-the-5-million-presale-milestone-as-muskit-debuts-in-the-market,https://coincu.com/pepeto-nears-the-5-million-presale-milestone-as-muskit-debuts-in-the-market/,visible_raw_url_in_text,0,0,0,0,4,15,yes,no,no,FAIL,delete_candidate_high,link_citation_format_fail|promotional_or_money_page_pattern|no_local_gsc_backlink_signal,ant rewards through staking and help shape the future of digital currency adoption. Media Links Website: https://pepeto.io X: https://x.com/Pepetocoin TG: https://t.me/pepeto_channel IG: https://www.instagram.com/pepetocoin/ YouTube: https://www.youtube.com/@Pepetocoin/ ,,
305459,qubetics-presale-surges-past-11-9m-best-100x-crypto-opportunity-filecoin-slips-quant-eyes-bullish-surge,https://coincu.com/qubetics-presale-surges-past-11-9m-best-100x-crypto-opportunity-filecoin-slips-quant-eyes-bullish-surge/,visible_raw_url_in_text,0,0,0,0,4,12,yes,no,no,FAIL,delete_candidate_high,link_citation_format_fail|promotional_or_money_page_pattern|no_local_gsc_backlink_signal,"t—Qubetics is proving why it’s the Best 100x Crypto of 2025! For More Information: Qubetics: https://qubetics.com/ Telegram: https://t.me/qubetics &nbsp; Twitter: https://twitter.com/qubetics &nbsp; FAQs About Qubetics, Filecoin, and Quant 1. Why is Qubetics considere",,
305420,btfd-coin-book-of-meme-and-turbo-best-meme-coin-presales-to-buy-this-week,https://coincu.com/btfd-coin-book-of-meme-and-turbo-best-meme-coin-presales-to-buy-this-week/,visible_raw_url_in_text,0,0,0,0,5,13,yes,no,no,FAIL,delete_candidate_high,link_citation_format_fail|promotional_or_money_page_pattern|no_local_gsc_backlink_signal,TFD Coin presale now and stake your claim in the future of meme coins. Find Out More: Website: https://www.btfd.io/ X/Twitter: https://x.com/BTFD_COIN Telegram: https://t.me/btfd_coin FAQs How can I participate in the BTFD Coin presale? To join the BTFD Coin pre,,
305295,regretting-not-investing-in-cardano-before-its-volume-surged-428-qubetics-could-be-the-next-big-crypto-to-explode-with-its-presale-surpassing-11-8-million,https://coincu.com/regretting-not-investing-in-cardano-before-its-volume-surged-428-qubetics-could-be-the-next-big-crypto-to-explode-with-its-presale-surpassing-11-8-million/,visible_raw_url_in_text,0,0,0,0,3,12,yes,no,no,FAIL,delete_candidate_high,link_citation_format_fail|promotional_or_money_page_pattern|no_local_gsc_backlink_signal,d join the Qubetics presale before the next price hike hits. For More Information: Qubetics: https://qubetics.com/ Telegram: https://t.me/qubetics &nbsp; Twitter: https://twitter.com/qubetics &nbsp; Disclaimer: The text above is an advertorial article that is not part o,,
305233,qubetics-presale-surges-past-11-8m-suis-rapid-growth-and-bittensors-ai-integration-top-cryptos-to-invest-in-today,https://coincu.com/qubetics-presale-surges-past-11-8m-suis-rapid-growth-and-bittensors-ai-integration-top-cryptos-to-invest-in-today/,visible_raw_url_in_text,0,0,0,0,6,18,yes,no,no,FAIL,delete_candidate_high,link_citation_format_fail|promotional_or_money_page_pattern|no_local_gsc_backlink_signal,rojects present in the evolving digital economy. For More Information: Qubetics: https://qubetics.com Telegram: https://t.me/qubetics Twitter: https://x.com/qubetics Frequently Asked Questions (FAQs) 1. How can I participate in the Qubetics presal,,
305154,best-coins-to-join-now-qubetics-tics-presale-surges-with-18200-holders-arbitrum-tumbles-68-and-toncoin-faces-profit-taking,https://coincu.com/best-coins-to-join-now-qubetics-tics-presale-surges-with-18200-holders-arbitrum-tumbles-68-and-toncoin-faces-profit-taking/,visible_raw_url_in_text,0,0,0,0,5,13,yes,no,no,FAIL,delete_candidate_high,link_citation_format_fail|promotional_or_money_page_pattern|no_local_gsc_backlink_signal,and secure your place in the future of decentralized security. For More Information: Qubetics: https://qubetics.com/ Telegram: https://t.me/qubetics &nbsp; Twitter: https://twitter.com/qubetics &nbsp; Frequently Asked Questions (FAQs) 1. Why is Qubetics considered one o,,
305224,rue-skipping-cardano-in-early-days-this-high-flying-presale-eclipses-top-altcoins-for-massive-return-potential-this-year,https://coincu.com/rue-skipping-cardano-in-early-days-this-high-flying-presale-eclipses-top-altcoins-for-massive-return-potential-this-year/,visible_raw_url_in_text,0,0,0,0,5,14,yes,no,no,FAIL,delete_candidate_high,link_citation_format_fail|promotional_or_money_page_pattern|no_local_gsc_backlink_signal, Get in now before Qubetics leaves the station. For More Information: Qubetics: https://qubetics.com Telegram: https://t.me/qubetics Twitter: https://x.com/qubetics FAQs 1. What makes Qubetics different from Cardano? Cardano is focused on sca,,
305207,arctic-pablo-coins-record-breaking-presale-plus-the-rise-of-andy-and-degen-best-meme-coins-with-100x-potential,https://coincu.com/arctic-pablo-coins-record-breaking-presale-plus-the-rise-of-andy-and-degen-best-meme-coins-with-100x-potential/,visible_raw_url_in_text,0,0,0,0,4,16,yes,no,no,FAIL,delete_candidate_high,link_citation_format_fail|promotional_or_money_page_pattern|no_local_gsc_backlink_signal,o be part of this groundbreaking journey! For More Information: Arctic Pablo Coin: https://www.arcticpablo.com/ Telegram: https://t.me/ArcticPabloOfficial Twitter: https://x.com/arcticpabloHQ DISCLAIMER :&nbsp;The text above is an advertorial article that is not pa,,
305131,missed-bonk-invest-in-this-top-ico-presale-that-offers-90-apy-on-staking,https://coincu.com/missed-bonk-invest-in-this-top-ico-presale-that-offers-90-apy-on-staking/,visible_raw_url_in_text,0,0,0,0,3,8,yes,no,no,FAIL,delete_candidate_high,link_citation_format_fail|promotional_or_money_page_pattern|no_local_gsc_backlink_signal,ke the Most of this wealth-generation opportunity with BTFD Coin presale . Find Out More: Website: https://www.btfd.io/ X/Twitter: https://x.com/BTFD_COIN Telegram: https://t.me/btfd_coin Disclaimer: The text above is an advertorial article that is not part of Coincu.com ,,
305124,qubetics-presale-surges-past-11-8m-a-deep-dive-into-qubetics-kaspa-and-polkadot,https://coincu.com/qubetics-presale-surges-past-11-8m-a-deep-dive-into-qubetics-kaspa-and-polkadot/,visible_raw_url_in_text,0,0,0,0,6,13,yes,no,no,FAIL,delete_candidate_high,link_citation_format_fail|promotional_or_money_page_pattern|no_local_gsc_backlink_signal,"ity, and strong market momentum, Qubetics is a clear standout. For More Information: Qubetics: https://qubetics.com &nbsp; Telegram: https://t.me/qubetics &nbsp; Twitter: https://x.com/qubetics &nbsp; Frequently Asked Questions (FAQs) 1. What makes Qubetics different fr",,
305075,pepeto-gains-on-wall-street-pepe-as-presale-heats-up,https://coincu.com/pepeto-gains-on-wall-street-pepe-as-presale-heats-up/,visible_raw_url_in_text,0,0,0,0,2,13,yes,no,no,FAIL,delete_candidate_high,link_citation_format_fail|promotional_or_money_page_pattern|no_local_gsc_backlink_signal," swaps, and staking rewards designed to support the next generation of tokens. Media Links:&nbsp; Website: https://pepeto.io/ &nbsp; X: https://x.com/Pepetocoin &nbsp; TG: https://t.me/pepeto_channel &nbsp; IG: https://www.instagram.com/pepetocoin/ &nbsp; YouTube: https://www.yout",,
305018,missed-out-on-floki-inus-meteoric-rise-btfd-coins-explosive-presale-could-be-your-second-chance-at-massive-gains,https://coincu.com/missed-out-on-floki-inus-meteoric-rise-btfd-coins-explosive-presale-could-be-your-second-chance-at-massive-gains/,visible_raw_url_in_text,0,0,0,0,3,12,yes,no,no,FAIL,delete_candidate_high,link_citation_format_fail|promotional_or_money_page_pattern|no_local_gsc_backlink_signal,massive gains with one of the top new meme coins to join this weekend. Find Out More: Website: https://www.btfd.io/ X/Twitter: https://x.com/BTFD_COIN Telegram: https://t.me/btfd_coin Disclaimer: The text above is an advertorial article that is not part of Coincu.com ,,
305014,4-most-resilient-meme-coins-today-as-this-emerging-best-crypto-doubles-every-presale-purchase-in-stage-14,https://coincu.com/4-most-resilient-meme-coins-today-as-this-emerging-best-crypto-doubles-every-presale-purchase-in-stage-14/,visible_raw_url_in_text,0,0,0,0,5,13,yes,no,no,FAIL,delete_candidate_high,link_citation_format_fail|promotional_or_money_page_pattern|no_local_gsc_backlink_signal,p toward significant financial growth. Are you ready to ride the bull? Find Out More: Website: https://www.btfd.io/ X/Twitter: https://x.com/BTFD_COIN Telegram: https://t.me/btfd_coin Disclaimer: The text above is an advertorial article that is not part of Coincu.com ,,
305002,missed-the-floki-inu-boom-heres-your-next-chance-with-arctic-pablos-thrilling-presale-adventure-66-apy-awaits,https://coincu.com/missed-the-floki-inu-boom-heres-your-next-chance-with-arctic-pablos-thrilling-presale-adventure-66-apy-awaits/,visible_raw_url_in_text,0,0,0,0,5,12,yes,no,no,FAIL,delete_candidate_high,link_citation_format_fail|promotional_or_money_page_pattern|no_local_gsc_backlink_signal,n Arctic Pablo’s journey and make it count this time? For More Information: Arctic Pablo Coin: https://www.arcticpablo.com/&nbsp; Telegram: https://t.me/ArcticPabloOfficial &nbsp; Twitter: https://x.com/arcticpabloHQ Disclaimer: The text above is an advertorial article that is not pa,,
304999,notcoin-took-off-without-you-dont-worry-arctic-pablos-presale-is-here-to-offer-even-greater-investment-potential,https://coincu.com/notcoin-took-off-without-you-dont-worry-arctic-pablos-presale-is-here-to-offer-even-greater-investment-potential/,visible_raw_url_in_text,0,0,0,0,3,11,yes,no,no,FAIL,delete_candidate_high,link_citation_format_fail|promotional_or_money_page_pattern|no_local_gsc_backlink_signal,s! Act now and secure your spot before it’s too late! For More Information: Arctic Pablo Coin: https://www.arcticpablo.com/&nbsp; Telegram: https://t.me/ArcticPabloOfficial &nbsp; Twitter: https://x.com/arcticpabloHQ Disclaimer: The text above is an advertorial article that is not pa,,
304996,skipped-goats-early-days-dont-sleep-on-this-presale-thats-minting-future-millionaires-2,https://coincu.com/skipped-goats-early-days-dont-sleep-on-this-presale-thats-minting-future-millionaires-2/,visible_raw_url_in_text,0,0,0,0,4,14,yes,no,no,FAIL,delete_candidate_high,link_citation_format_fail|promotional_or_money_page_pattern|no_local_gsc_backlink_signal," Sign up before Stage 14 ends, and let’s make 2025 your year of gains! Find Out More: Website: https://www.btfd.io/ X/Twitter: https://x.com/BTFD_COIN Telegram: https://t.me/btfd_coin Disclaimer: The text above is an advertorial article that is not part of Coincu.com ",,
304978,skipped-goats-early-days-dont-sleep-on-this-presale-thats-minting-future-millionaires,https://coincu.com/skipped-goats-early-days-dont-sleep-on-this-presale-thats-minting-future-millionaires/,visible_raw_url_in_text,0,0,0,0,4,16,yes,no,no,FAIL,delete_candidate_high,link_citation_format_fail|promotional_or_money_page_pattern|no_local_gsc_backlink_signal," up before Stage 14 ends, and let’s make 2025 your year of gains! Find Out More: Website: https://www.btfd.io/ X/Twitter: https://x.com/BTFD_COIN Telegram: https://t.me/btfd_coin DISCLAIMER :&nbsp;The text above is an advertorial article that is not part of C",,
304938,top-meme-coins-to-join-for-long-term-arctic-pablo-coin-presale-turns-hot-as-bonk-and-dogwifhat-continue-to-capture-attention,https://coincu.com/top-meme-coins-to-join-for-long-term-arctic-pablo-coin-presale-turns-hot-as-bonk-and-dogwifhat-continue-to-capture-attention/,visible_raw_url_in_text,0,0,0,0,4,16,yes,no,no,FAIL,delete_candidate_high,link_citation_format_fail|promotional_or_money_page_pattern|no_local_gsc_backlink_signal,set to revolutionize the meme coin space! For More Information: Arctic Pablo Coin: https://www.arcticpablo.com/ Telegram: https://t.me/ArcticPabloOfficial Twitter: https://x.com/arcticpabloHQ DISCLAIMER :&nbsp;The text above is an advertorial article that is not pa,,
304913,best-cryptos-to-invest-in-for-long-term-qubetics-hits-11-6m-presale-milestone-while-solana-and-monero-lead-blockchain-innovation,https://coincu.com/best-cryptos-to-invest-in-for-long-term-qubetics-hits-11-6m-presale-milestone-while-solana-and-monero-lead-blockchain-innovation/,visible_raw_url_in_text,0,0,0,0,4,11,yes,no,no,FAIL,delete_candidate_high,link_citation_format_fail|promotional_or_money_page_pattern|no_local_gsc_backlink_signal,t could be the most transformative blockchain project of 2025. For More Information: Qubetics: https://qubetics.com/ Telegram: https://t.me/qubetics &nbsp; Twitter: https://twitter.com/qubetics &nbsp; Disclaimer: The text above is an advertorial article that is not part o,,
304900,best-new-meme-coins-to-buy-this-month-btfds-90-apy-staking-leads-the-pack-as-brett-and-dogecoin-gain-momentum,https://coincu.com/best-new-meme-coins-to-buy-this-month-btfds-90-apy-staking-leads-the-pack-as-brett-and-dogecoin-gain-momentum/,visible_raw_url_in_text,0,0,0,0,0,11,yes,no,no,FAIL,delete_candidate_high,link_citation_format_fail|promotional_or_money_page_pattern|no_local_gsc_backlink_signal,dering. Ready to make your move? BTFD or miss out—the choice is yours. Find Out More: Website: https://www.btfd.io/ X/Twitter: https://x.com/BTFD_COIN Telegram: https://t.me/btfd_coin Disclaimer: The text above is an advertorial article that is not part of Coincu.com ,,
304860,best-crypto-investment-qubetics-presale-advances-as-ethereum-and-near-protocol-tackle-scalability-challenges,https://coincu.com/best-crypto-investment-qubetics-presale-advances-as-ethereum-and-near-protocol-tackle-scalability-challenges/,visible_raw_url_in_text,0,0,0,0,4,12,yes,no,no,FAIL,delete_candidate_high,link_citation_format_fail|promotional_or_money_page_pattern|no_local_gsc_backlink_signal,st crypto investment for those looking at long-term potential. For More Information: Qubetics: https://qubetics.com/ Telegram: https://t.me/qubetics &nbsp; Twitter: https://twitter.com/qubetics &nbsp; Disclaimer: The text above is an advertorial article that is not part o,,
304853,qubetics-leading-the-way-in-crypto-presales-immutable-x-booming-in-nfts-and-seis-next-gen-blockchain-revolution,https://coincu.com/qubetics-leading-the-way-in-crypto-presales-immutable-x-booming-in-nfts-and-seis-next-gen-blockchain-revolution/,visible_raw_url_in_text,0,0,0,0,4,10,yes,no,no,FAIL,delete_candidate_high,link_citation_format_fail|promotional_or_money_page_pattern|no_local_gsc_backlink_signal,today and position yourself for a future of financial success. For More Information: Qubetics: https://qubetics.com &nbsp; Telegram: https://t.me/qubetics &nbsp; Twitter: https://x.com/qubetics &nbsp; Disclaimer: The text above is an advertorial article that is not part o,,
304822,pepeto-presale-reaches-impressive-heights-as-doge-etf-rumours-gain-momentum,https://coincu.com/pepeto-presale-reaches-impressive-heights-as-doge-etf-rumours-gain-momentum/,visible_raw_url_in_text,0,0,0,0,4,16,yes,no,no,FAIL,delete_candidate_high,link_citation_format_fail|promotional_or_money_page_pattern|no_local_gsc_backlink_signal,"ss swaps, and staking rewards designed to support the next generation of tokens. Media Links:&nbsp; Website: https://pepeto.io/ X: https://x.com/Pepetocoin &nbsp; TG: https://t.me/pepeto_channel &nbsp; IG: https://www.instagram.com/pepetocoin/ &nbsp; YouTube: https://www.youtube.c",,
304764,best-altcoins-to-buy-and-hold-for-short-term-qubetics-tics-presale-surges-aave-enhances-liquidity-and-aptos-gains-popularity,https://coincu.com/best-altcoins-to-buy-and-hold-for-short-term-qubetics-tics-presale-surges-aave-enhances-liquidity-and-aptos-gains-popularity/,visible_raw_url_in_text,0,0,0,0,4,12,yes,no,no,FAIL,delete_candidate_high,link_citation_format_fail|promotional_or_money_page_pattern|no_local_gsc_backlink_signal,to get in early before its market expansion may not last long. For More Information: Qubetics: https://qubetics.com/ Telegram: https://t.me/qubetics &nbsp; Twitter: https://twitter.com/qubetics &nbsp; Disclaimer: The text above is an advertorial article that is not part o,,
304720,qubetics-11-5m-presale-internet-computers-web3-innovations-and-algorands-inclusive-staking-best-altcoins-to-invest-in-now,https://coincu.com/qubetics-11-5m-presale-internet-computers-web3-innovations-and-algorands-inclusive-staking-best-altcoins-to-invest-in-now/,visible_raw_url_in_text,0,0,0,0,5,14,yes,no,no,FAIL,delete_candidate_high,link_citation_format_fail|promotional_or_money_page_pattern|no_local_gsc_backlink_signal,c decisions to diversify and strengthen your crypto portfolio. For More Information: Qubetics: https://qubetics.com &nbsp; Telegram: https://t.me/qubetics &nbsp; Twitter: https://x.com/qubetics &nbsp; Disclaimer: The text above is an advertorial article that is not part o,,
304714,missed-dogecoins-rocket-ride-btfd-coin-presale-could-be-your-last-chance-to-multiply-gains-with-top-meme-coin-presales-to-buy-now,https://coincu.com/missed-dogecoins-rocket-ride-btfd-coin-presale-could-be-your-last-chance-to-multiply-gains-with-top-meme-coin-presales-to-buy-now/,visible_raw_url_in_text,0,0,0,0,3,11,yes,no,no,FAIL,delete_candidate_high,link_citation_format_fail|promotional_or_money_page_pattern|no_local_gsc_backlink_signal,because the next Dogecoin might just be sitting right in front of you. Find Out More: Website: https://www.btfd.io/ X/Twitter: https://x.com/BTFD_COIN Telegram: https://t.me/btfd_coin Disclaimer: The text above is an advertorial article that is not part of Coincu.com ,,
304644,top-cryptos-to-invest-in-today-qubetics-explosive-presale-trons-web3-revolution-algorands-scalability,https://coincu.com/top-cryptos-to-invest-in-today-qubetics-explosive-presale-trons-web3-revolution-algorands-scalability/,visible_raw_url_in_text,0,0,0,0,5,12,yes,no,no,FAIL,delete_candidate_high,link_citation_format_fail|promotional_or_money_page_pattern|no_local_gsc_backlink_signal,"tay informed, and get ready for the future of digital finance. For More Information: Qubetics: https://qubetics.com/ Telegram: https://t.me/qubetics &nbsp; Twitter: https://twitter.com/qubetics &nbsp; Disclaimer: The text above is an advertorial article that is not part o",,
304639,qubetics-revolutionary-innovations-make-it-a-top-crypto-presale-investment-for-2025-while-algorand-and-tezos-lead-the-crypto-space,https://coincu.com/qubetics-revolutionary-innovations-make-it-a-top-crypto-presale-investment-for-2025-while-algorand-and-tezos-lead-the-crypto-space/,visible_raw_url_in_text,0,0,0,0,4,12,yes,no,no,FAIL,delete_candidate_high,link_citation_format_fail|promotional_or_money_page_pattern|no_local_gsc_backlink_signal,st—savvy investors are making their move before it skyrockets. For More Information: Qubetics: https://qubetics.com &nbsp; Telegram: https://t.me/qubetics &nbsp; Twitter: https://x.com/qubetics &nbsp; Disclaimer: The text above is an advertorial article that is not part o,,
304620,missed-the-brett-coin-surge-dont-let-btfd-coins-presale-pass-you-by-top-new-meme-coin-with-100x-potential,https://coincu.com/missed-the-brett-coin-surge-dont-let-btfd-coins-presale-pass-you-by-top-new-meme-coin-with-100x-potential/,visible_raw_url_in_text,0,0,0,0,3,12,yes,no,no,FAIL,delete_candidate_high,link_citation_format_fail|promotional_or_money_page_pattern|no_local_gsc_backlink_signal,looking for. Don’t wait until the price skyrockets—make your move now. Find Out More: Website: https://www.btfd.io/ X/Twitter: https://x.com/BTFD_COIN Telegram: https://t.me/btfd_coin Disclaimer: The text above is an advertorial article that is not part of Coincu.com ,,
304578,why-qubetics-ranks-as-the-best-crypto-presale-for-2025-while-vechain-boosts-transparency-and-sei-leads-defi-innovations,https://coincu.com/why-qubetics-ranks-as-the-best-crypto-presale-for-2025-while-vechain-boosts-transparency-and-sei-leads-defi-innovations/,visible_raw_url_in_text,0,0,0,0,4,11,yes,no,no,FAIL,delete_candidate_high,link_citation_format_fail|promotional_or_money_page_pattern|no_local_gsc_backlink_signal,s out on the chance to be part of this groundbreaking project. For More Information: Qubetics: https://qubetics.com &nbsp; Telegram: https://t.me/qubetics &nbsp; Twitter: https://x.com/qubetics &nbsp; Disclaimer: The text above is an advertorial article that is not part o,,
304599,gems-launches-astra-nova-raising-1m-on-first-day-of-token-presale,https://coincu.com/gems-launches-astra-nova-raising-1m-on-first-day-of-token-presale/,visible_raw_url_in_text,0,0,0,0,0,6,yes,no,no,FAIL,delete_candidate_high,link_citation_format_fail|promotional_or_money_page_pattern|no_local_gsc_backlink_signal, exciting journey toward limitless possibilities.” To participate in Astra Nova’s private sale on Gems Launchpad: https://gems.vip/astranova &nbsp; About Gems: Gems is a distinguished crypto launchpad with the mission of un-earthing genuine “gems” in the Web3 landscape through rigorous due diligence. The pl,,
304454,elympics-aethir-launch-the-worlds-first-global-decentralized-network,https://coincu.com/elympics-aethir-launch-the-worlds-first-global-decentralized-network/,visible_raw_url_in_text,0,0,0,0,0,15,yes,no,no,FAIL,delete_candidate_high,link_citation_format_fail|promotional_or_money_page_pattern|no_local_gsc_backlink_signal," by introducing sustainable tokenized economies and skill-based engagement mechanics. For more information, visit https://www.elympics.ai/ Website | X | Discord | Telegram |&nbsp; About Aethir Aethir is a leading enterprise-grade, AI-focused GPU-as-a-service provider. Its decentralized cloud",,
304478,qubetics-presale-surges-past-11-3m-qubetics-ethereum-and-avalanche-the-best-cryptos-to-invest-in-today-for-exponential-return-potential,https://coincu.com/qubetics-presale-surges-past-11-3m-qubetics-ethereum-and-avalanche-the-best-cryptos-to-invest-in-today-for-exponential-return-potential/,visible_raw_url_in_text,0,0,0,0,4,12,yes,no,no,FAIL,delete_candidate_high,link_citation_format_fail|promotional_or_money_page_pattern|no_local_gsc_backlink_signal,valanche could yield significant rewards in the years to come. For More Information: Qubetics: https://qubetics.com &nbsp; Telegram: https://t.me/qubetics &nbsp; Twitter: https://x.com/qubetics &nbsp; Disclaimer: The text above is an advertorial article that is not part o,,
304464,arctic-pablo-presale-hits-600k-top-meme-coins-with-shiba-inu-pudgy-penguins,https://coincu.com/arctic-pablo-presale-hits-600k-top-meme-coins-with-shiba-inu-pudgy-penguins/,visible_raw_url_in_text,0,0,0,0,4,12,yes,no,no,FAIL,delete_candidate_high,link_citation_format_fail|promotional_or_money_page_pattern|no_local_gsc_backlink_signal,e part of the next big thing in the meme coin market! For More Information: Arctic Pablo Coin: https://www.arcticpablo.com/&nbsp; Telegram: https://t.me/ArcticPabloOfficial &nbsp; Twitter: https://x.com/arcticpabloHQ Disclaimer: The text above is an advertorial article that is not pa,,
304428,best-new-meme-coins-to-buy-this-month-btfd-coins-presale-sells-68b-tokens-while-popcat-sheds-4-and-dogwifhat-climbs-by-11,https://coincu.com/best-new-meme-coins-to-buy-this-month-btfd-coins-presale-sells-68b-tokens-while-popcat-sheds-4-and-dogwifhat-climbs-by-11/,visible_raw_url_in_text,0,0,0,0,5,13,yes,no,no,FAIL,delete_candidate_high,link_citation_format_fail|promotional_or_money_page_pattern|no_local_gsc_backlink_signal, No more hesitation. No more missing out. BTFD or get left behind! Find Out More: Website: https://www.btfd.io/ X/Twitter: https://x.com/BTFD_COIN Telegram: https://t.me/btfd_coin Disclaimer: The text above is an advertorial article that is not part of Coincu.com ,,
304425,qubetics-11-3m-presale-milestone-zignalys-trading-advancements-and-internet-computer-protocols-decentralized-web-initiatives-the-best-crypto-under-a-penny,https://coincu.com/qubetics-11-3m-presale-milestone-zignalys-trading-advancements-and-internet-computer-protocols-decentralized-web-initiatives-the-best-crypto-under-a-penny/,visible_raw_url_in_text,0,0,0,0,5,12,yes,no,no,FAIL,delete_candidate_high,link_citation_format_fail|promotional_or_money_page_pattern|no_local_gsc_backlink_signal,"ICS tokens priced at $0.0606, now is the time to get involved. For More Information: Qubetics: https://qubetics.com &nbsp; Telegram: https://t.me/qubetics &nbsp; Twitter: https://x.com/qubetics &nbsp; Disclaimer: The text above is an advertorial article that is not part o",,
304334,did-you-miss-out-on-bretts-ico-arctic-pablo-offers-the-best-crypto-presale-to-buy-in-2025,https://coincu.com/did-you-miss-out-on-bretts-ico-arctic-pablo-offers-the-best-crypto-presale-to-buy-in-2025/,visible_raw_url_in_text,0,0,0,0,5,11,yes,no,no,FAIL,delete_candidate_high,link_citation_format_fail|promotional_or_money_page_pattern|no_local_gsc_backlink_signal,around often. Arctic Pablo is here now—don’t miss it. For More Information: Arctic Pablo Coin: https://www.arcticpablo.com/&nbsp; Telegram: https://t.me/ArcticPabloOfficial &nbsp; Twitter: https://x.com/arcticpabloHQ Disclaimer: The text above is an advertorial article that is not pa,,
304321,top-new-meme-coins-to-buy-today-btfds-100-bonus-presale-bretts-steady-growth-and-popcats-drop-risk,https://coincu.com/top-new-meme-coins-to-buy-today-btfds-100-bonus-presale-bretts-steady-growth-and-popcats-drop-risk/,visible_raw_url_in_text,0,0,0,0,4,13,yes,no,no,FAIL,delete_candidate_high,link_citation_format_fail|promotional_or_money_page_pattern|no_local_gsc_backlink_signal,t exciting crypto movements of 2025. The Bulls Squad is ready—are you? Find Out More: Website: https://www.btfd.io/ X/Twitter: https://x.com/BTFD_COIN Telegram: https://t.me/btfd_coin Disclaimer: The text above is an advertorial article that is not part of Coincu.com ,,
304315,top-new-meme-coins-to-join-for-long-term-btfd-coins-5-7m-presale-outshines-dogwifhat-and-bonk,https://coincu.com/top-new-meme-coins-to-join-for-long-term-btfd-coins-5-7m-presale-outshines-dogwifhat-and-bonk/,visible_raw_url_in_text,0,0,0,0,4,12,yes,no,no,FAIL,delete_candidate_high,link_citation_format_fail|promotional_or_money_page_pattern|no_local_gsc_backlink_signal,esale now and join one of the most promising crypto projects of 2025. Find Out More: Website: https://www.btfd.io/ X/Twitter: https://x.com/BTFD_COIN Telegram: https://t.me/btfd_coin Disclaimer: The text above is an advertorial article that is not part of Coincu.com ,,
304203,top-new-meme-coins-to-buy-this-year-btfds-hot-referral-program-shiba-inus-market-shifts-and-bonks-solana-hype,https://coincu.com/top-new-meme-coins-to-buy-this-year-btfds-hot-referral-program-shiba-inus-market-shifts-and-bonks-solana-hype/,visible_raw_url_in_text,0,0,0,0,0,11,yes,no,no,FAIL,delete_candidate_high,link_citation_format_fail|promotional_or_money_page_pattern|no_local_gsc_backlink_signal,ject with the potential to deliver massive returns in 2025 and beyond. Find Out More: Website: https://www.btfd.io/ X/Twitter: https://x.com/BTFD_COIN Telegram: https://t.me/btfd_coin Disclaimer: The text above is an advertorial article that is not part of Coincu.com ,,
304200,qubetics-becomes-the-best-crypto-presale-to-buy-for-2025-at-0-0606-while-litecoin-hits-300m-transactions-and-avalanche-excels-in-defi,https://coincu.com/qubetics-becomes-the-best-crypto-presale-to-buy-for-2025-at-0-0606-while-litecoin-hits-300m-transactions-and-avalanche-excels-in-defi/,visible_raw_url_in_text,0,0,0,0,4,12,yes,no,no,FAIL,delete_candidate_high,link_citation_format_fail|promotional_or_money_page_pattern|no_local_gsc_backlink_signal," seasoned investor or new to the game, the time to act is now. For More Information: Qubetics: https://qubetics.com &nbsp; Telegram: https://t.me/qubetics &nbsp; Twitter: https://x.com/qubetics &nbsp; Disclaimer: The text above is an advertorial article that is not part o",,
304088,best-cryptos-for-exponential-returns-qubetics-presale-surges-with-435m-tokens-sold-litecoins-simplicity-and-solanas-innovation,https://coincu.com/best-cryptos-for-exponential-returns-qubetics-presale-surges-with-435m-tokens-sold-litecoins-simplicity-and-solanas-innovation/,visible_raw_url_in_text,0,0,0,0,4,12,yes,no,no,FAIL,delete_candidate_high,link_citation_format_fail|promotional_or_money_page_pattern|no_local_gsc_backlink_signal,f up for success in the ever-evolving world of cryptocurrency. For More Information: Qubetics: https://qubetics.com &nbsp; Telegram: https://t.me/qubetics &nbsp; Twitter: https://x.com/qubetics &nbsp; Disclaimer: The text above is an advertorial article that is not part o,,
304149,safe-ai-agent-hackathon-launches-with-over-200000-in-bounties-for-ai-native-smart-accounts,https://coincu.com/safe-ai-agent-hackathon-launches-with-over-200000-in-bounties-for-ai-native-smart-accounts/,visible_raw_url_in_text,0,0,0,0,0,24,yes,no,no,FAIL,delete_candidate_high,link_citation_format_fail|promotional_or_money_page_pattern|no_local_gsc_backlink_signal," participate in the Agentathon and redefine the intersection of AI and crypto. Registration opens January 27, 2025, at https://safe.global/ai &nbsp; About Safe Safe (previously Gnosis Safe) is an onchain asset custody protocol, securing ~ $100 Billion in assets today. Released as an open source software",,
304079,wishing-youd-caught-turbos-big-break-btfd-coins-presale-is-your-next-chance-to-stack-massive-gains-dont-miss-out,https://coincu.com/wishing-youd-caught-turbos-big-break-btfd-coins-presale-is-your-next-chance-to-stack-massive-gains-dont-miss-out/,visible_raw_url_in_text,0,0,0,0,3,12,yes,no,no,FAIL,delete_candidate_high,link_citation_format_fail|promotional_or_money_page_pattern|no_local_gsc_backlink_signal, ticket to stacking gains and making 2025 your year of crypto success. Find Out More: Website: https://www.btfd.io/ X/Twitter: https://x.com/BTFD_COIN Telegram: https://t.me/btfd_coin Disclaimer: The text above is an advertorial article that is not part of Coincu.com ,,
304076,best-coins-to-buy-today-qubetics-groundbreaking-presale-stellars-cross-border-payments-and-moneros-unmatched-privacy,https://coincu.com/best-coins-to-buy-today-qubetics-groundbreaking-presale-stellars-cross-border-payments-and-moneros-unmatched-privacy/,visible_raw_url_in_text,0,0,0,0,5,15,yes,no,no,FAIL,delete_candidate_high,link_citation_format_fail|promotional_or_money_page_pattern|no_local_gsc_backlink_signal, finance. Opportunities like this don’t come around every day. For More Information: Qubetics: https://qubetics.com &nbsp; Telegram: https://t.me/qubetics &nbsp; Twitter: https://x.com/qubetics &nbsp; Disclaimer: The text above is an advertorial article that is not part o,,
304073,best-new-meme-coins-to-buy-for-2025-btfd-coins-successful-presale-hits-5-5m-as-pepe-coin-and-dogwifhat-show-signs-of-a-surge,https://coincu.com/best-new-meme-coins-to-buy-for-2025-btfd-coins-successful-presale-hits-5-5m-as-pepe-coin-and-dogwifhat-show-signs-of-a-surge/,visible_raw_url_in_text,0,0,0,0,5,12,yes,no,no,FAIL,delete_candidate_high,link_citation_format_fail|promotional_or_money_page_pattern|no_local_gsc_backlink_signal,he Bull to the moon. As they say in the crypto world: BTFD or get out! Find Out More: Website: https://www.btfd.io/ X/Twitter: https://x.com/BTFD_COIN Telegram: https://t.me/btfd_coin Disclaimer: The text above is an advertorial article that is not part of Coincu.com ,,
304070,best-coin-presales-to-buy-btfd-woos-bulls-with-100-bonus-as-bonk-and-brett-lead-meme-coin-mania,https://coincu.com/best-coin-presales-to-buy-btfd-woos-bulls-with-100-bonus-as-bonk-and-brett-lead-meme-coin-mania/,visible_raw_url_in_text,0,0,0,0,4,13,yes,no,no,FAIL,delete_candidate_high,link_citation_format_fail|promotional_or_money_page_pattern|no_local_gsc_backlink_signal,"AUNCH100 code. The Bulls are charging, and it’s time to join the herd! Find Out More: Website: https://www.btfd.io/ X/Twitter: https://x.com/BTFD_COIN Telegram: https://t.me/btfd_coin Disclaimer: The text above is an advertorial article that is not part of Coincu.com ",,
304022,best-crypto-under-a-penny-qubetics-raises-over-10-7-million-litecoin-surges-16-and-injective-climbs-5-51-are-these-the-next-big-plays,https://coincu.com/best-crypto-under-a-penny-qubetics-raises-over-10-7-million-litecoin-surges-16-and-injective-climbs-5-51-are-these-the-next-big-plays/,visible_raw_url_in_text,0,0,0,0,0,13,yes,no,no,FAIL,delete_candidate_high,link_citation_format_fail|promotional_or_money_page_pattern|no_local_gsc_backlink_signal,ortunities and unlock the potential for life-changing returns. For More Information: Qubetics: https://qubetics.com &nbsp; Telegram: https://t.me/qubetics &nbsp; Twitter: https://x.com/qubetics &nbsp; Disclaimer: The text above is an advertorial article that is not part o,,
304016,qubetics-a-leading-top-crypto-presale-at-0-0551-in-18th-stage-while-internet-computer-blockchain-revolution-polkadot-enhances-interoperability,https://coincu.com/qubetics-a-leading-top-crypto-presale-at-0-0551-in-18th-stage-while-internet-computer-blockchain-revolution-polkadot-enhances-interoperability/,visible_raw_url_in_text,0,0,0,0,4,12,yes,no,no,FAIL,delete_candidate_high,link_citation_format_fail|promotional_or_money_page_pattern|no_local_gsc_backlink_signal,ture today and unlock the potential for life-changing returns. For More Information: Qubetics: https://qubetics.com &nbsp; Telegram: https://t.me/qubetics &nbsp; Twitter: https://x.com/qubetics &nbsp; Disclaimer: The text above is an advertorial article that is not part o,,
303991,reward-20k-in-cash-earn-4k-per-day-aeon-mining-cloud-mining-machine-btc-attractive-value-investment,https://coincu.com/reward-20k-in-cash-earn-4k-per-day-aeon-mining-cloud-mining-machine-btc-attractive-value-investment/,visible_raw_url_in_text,0,0,0,0,2,4,yes,no,no,FAIL,delete_candidate_high,link_citation_format_fail|promotional_or_money_page_pattern|no_local_gsc_backlink_signal,"ssive income potential. If you would like to learn more about AEON MINING, please visit their official website: https://aeonmining.com/ Disclaimer: The text above is an advertorial article that is not part of Coincu.com editorial content. ",,
303942,qubetics-10-5m-presale-ethereums-smart-contracts-and-bitcoins-dominance-best-cryptos-for-significant-returns-in-2025,https://coincu.com/qubetics-10-5m-presale-ethereums-smart-contracts-and-bitcoins-dominance-best-cryptos-for-significant-returns-in-2025/,visible_raw_url_in_text,0,0,0,0,5,16,yes,no,no,FAIL,delete_candidate_high,link_citation_format_fail|promotional_or_money_page_pattern|no_local_gsc_backlink_signal,y-level price. The future of blockchain is here—be part of it. For More Information: Qubetics: https://qubetics.com &nbsp; Telegram: https://t.me/qubetics &nbsp; Twitter: https://x.com/qubetics &nbsp; Disclaimer: The text above is an advertorial article that is not part o,,
303926,regret-missing-dogs-explosive-run-btfd-coins-presale-is-the-next-big-crypto-breakout-waiting-for-you,https://coincu.com/regret-missing-dogs-explosive-run-btfd-coins-presale-is-the-next-big-crypto-breakout-waiting-for-you/,visible_raw_url_in_text,0,0,0,0,3,12,yes,no,no,FAIL,delete_candidate_high,link_citation_format_fail|promotional_or_money_page_pattern|no_local_gsc_backlink_signal,The clock is ticking—are you ready to secure your piece of the action? Find Out More: Website: https://www.btfd.io/ X/Twitter: https://x.com/BTFD_COIN Telegram: https://t.me/btfd_coin Disclaimer: The text above is an advertorial article that is not part of Coincu.com ,,
303908,qubetics-presale-cronos-growth-and-arbitrums-scalability-top-cryptos-to-join-this-week-for-long-term-value,https://coincu.com/qubetics-presale-cronos-growth-and-arbitrums-scalability-top-cryptos-to-join-this-week-for-long-term-value/,visible_raw_url_in_text,0,0,0,0,5,15,yes,no,no,FAIL,delete_candidate_high,link_citation_format_fail|promotional_or_money_page_pattern|no_local_gsc_backlink_signal,project that’s changing the game—secure your $TICS tokens now. For More Information: Qubetics: https://qubetics.com &nbsp; Telegram: https://t.me/qubetics &nbsp; Twitter: https://x.com/qubetics &nbsp; Disclaimer: The text above is an advertorial article that is not part o,,
303870,lzminer-launches-dogecoindoge-bitcoinbtc-best-free-cloud-mining-plans-allowing-users-to-earn-passive-income-for-free,https://coincu.com/lzminer-launches-dogecoindoge-bitcoinbtc-best-free-cloud-mining-plans-allowing-users-to-earn-passive-income-for-free/,visible_raw_url_in_text,0,0,0,0,1,5,yes,no,no,FAIL,delete_candidate_high,link_citation_format_fail|promotional_or_money_page_pattern|no_local_gsc_backlink_signal,"ecure, and profitable for users to mine Dogecoin and capitalize on its growing popularity. For more information, visit https://lzminer.com .&nbsp; About LZMiner LZMiner is a leading cloud mining platform committed to providing users with a user-friendly and profitable mining experience. With a focus on ",,
303867,trump-and-melania-coins-pump-is-pepeto-the-next-big-opportunity,https://coincu.com/trump-and-melania-coins-pump-is-pepeto-the-next-big-opportunity/,visible_raw_url_in_text,0,0,0,0,0,14,yes,no,no,FAIL,delete_candidate_high,link_citation_format_fail|promotional_or_money_page_pattern|no_local_gsc_backlink_signal," aka Pepe, who missed the mark, $Pepeto waits for the perfect moment to rise as the crypto space turns bullish. ? : https://t.co/RyI7SlT0Mh pic.twitter.com/EBgBrGy3D7 &mdash; Pepeto (@Pepetocoin) January 12, 2025 The Whale Effect: Strong Interest from Major Investors Whale investors are also starti",,
303800,with-over-5-5m-raised-btfd-coin-shines-as-one-of-the-best-coin-presales-to-buy-today-as-pnut-goes-down-4-and-goat-surges-30,https://coincu.com/with-over-5-5m-raised-btfd-coin-shines-as-one-of-the-best-coin-presales-to-buy-today-as-pnut-goes-down-4-and-goat-surges-30/,visible_raw_url_in_text,0,0,0,0,5,12,yes,no,no,FAIL,delete_candidate_high,link_citation_format_fail|promotional_or_money_page_pattern|no_local_gsc_backlink_signal, grows. Be a part of something massive — BTFD or get left behind. Find Out More: Website: https://www.btfd.io/ X/Twitter: https://x.com/BTFD_COIN Telegram: https://t.me/btfd_coin Disclaimer: The text above is an advertorial article that is not part of Coincu.com ,,
303777,qubetics-presale-soars-past-10-4m-bitcoin-targets-700k-bitcoin-cash-faces-challenges,https://coincu.com/qubetics-presale-soars-past-10-4m-bitcoin-targets-700k-bitcoin-cash-faces-challenges/,visible_raw_url_in_text,0,0,0,0,4,16,yes,no,no,FAIL,delete_candidate_high,link_citation_format_fail|promotional_or_money_page_pattern|no_local_gsc_backlink_signal,of the most promising blockchain projects of 2025. For More Information: Qubetics: https://qubetics.com/ Telegram: https://t.me/qubetics Twitter: https://twitter.com/qubetics DISCLAIMER :&nbsp;The text above is an advertorial article that is not part of Coi,,
303771,top-new-meme-coins-to-buy-this-month-btfd-coins-presale-soars-as-baby-doge-coin-and-dogs-gain-traction,https://coincu.com/top-new-meme-coins-to-buy-this-month-btfd-coins-presale-soars-as-baby-doge-coin-and-dogs-gain-traction/,visible_raw_url_in_text,0,0,0,0,5,19,yes,no,no,FAIL,delete_candidate_high,link_citation_format_fail|promotional_or_money_page_pattern|no_local_gsc_backlink_signal,fficial site and join the Bulls Squad before Stage 14 ends! Find Out More: Website: https://www.btfd.io/ X/Twitter: https://x.com/BTFD_COIN Telegram: https://t.me/btfd_coin DISCLAIMER :&nbsp;The text above is an advertorial article that is not part of C,,
303763,top-cryptos-to-buy-this-month-qubetics-presale-soars-hedera-eyes-15-breakout-sui-faces-potential-30-dip,https://coincu.com/top-cryptos-to-buy-this-month-qubetics-presale-soars-hedera-eyes-15-breakout-sui-faces-potential-30-dip/,visible_raw_url_in_text,0,0,0,0,4,17,yes,no,no,FAIL,delete_candidate_high,link_citation_format_fail|promotional_or_money_page_pattern|no_local_gsc_backlink_signal,uture of blockchain is here—don’t get left behind. For More Information: Qubetics: https://qubetics.com/ Telegram: https://t.me/qubetics Twitter: https://twitter.com/qubetics DISCLAIMER :&nbsp;The text above is an advertorial article that is not part of Coi,,
303654,best-new-meme-coin-presales-to-invest-in-today-btfd-coin-turbo-and-meme-updates,https://coincu.com/best-new-meme-coin-presales-to-invest-in-today-btfd-coin-turbo-and-meme-updates/,visible_raw_url_in_text,0,0,0,0,3,12,yes,no,no,FAIL,delete_candidate_high,link_citation_format_fail|promotional_or_money_page_pattern|no_local_gsc_backlink_signal,ale today and secure your place in the next big crypto success story. Find Out More: Website: https://www.btfd.io/ X/Twitter: https://x.com/BTFD_COIN Telegram: https://t.me/btfd_coin Disclaimer: The text above is an advertorial article that is not part of Coincu.com ,,
303645,top-coins-to-watch-for-massive-returns-qubetics-hits-10-2m-in-presale-hedera-teams-up-with-tech-giants-cosmos-advances-inter-blockchain-communication,https://coincu.com/top-coins-to-watch-for-massive-returns-qubetics-hits-10-2m-in-presale-hedera-teams-up-with-tech-giants-cosmos-advances-inter-blockchain-communication/,visible_raw_url_in_text,0,0,0,0,4,12,yes,no,no,FAIL,delete_candidate_high,link_citation_format_fail|promotional_or_money_page_pattern|no_local_gsc_backlink_signal,spot in what could be the most lucrative crypto story of 2025. For More Information: Qubetics: https://qubetics.com &nbsp; Telegram: https://t.me/qubetics &nbsp; Twitter: https://x.com/qubetics &nbsp; Disclaimer: The text above is an advertorial article that is not part o,,
303625,btfd-coin-presale-offers-unmatched-potential-among-top-new-meme-coins,https://coincu.com/btfd-coin-presale-offers-unmatched-potential-among-top-new-meme-coins/,visible_raw_url_in_text,0,0,0,0,5,10,yes,no,no,FAIL,delete_candidate_high,link_citation_format_fail|promotional_or_money_page_pattern|no_local_gsc_backlink_signal,d make a move that could set you up for future success. Buy Now! Find Out More: Website: https://www.btfd.io/ X/Twitter: https://x.com/BTFD_COIN Telegram: https://t.me/btfd_coin Disclaimer: The text above is an advertorial article that is not part of Coincu.com ,,
303485,didnt-get-in-on-pudgy-penguins-this-new-presale-is-making-waves-as-one-of-the-best-crypto-presales-to-buy-now,https://coincu.com/didnt-get-in-on-pudgy-penguins-this-new-presale-is-making-waves-as-one-of-the-best-crypto-presales-to-buy-now/,visible_raw_url_in_text,0,0,0,0,3,17,yes,no,no,FAIL,delete_candidate_high,link_citation_format_fail|promotional_or_money_page_pattern|no_local_gsc_backlink_signal,day and claim your stake in the future of meme coins. For More Information: Arctic Pablo Coin: https://www.arcticpablo.com/ &nbsp; Telegram: https://t.me/ArcticPabloOfficial &nbsp; Twitter: https://x.com/arcticpabloHQ &nbsp; Disclaimer: The text above is an advertorial articl,,
303467,new-memecoin-pengu-unleashed-raise-1-5m-in-first-day-of-presale,https://coincu.com/new-memecoin-pengu-unleashed-raise-1-5m-in-first-day-of-presale/,visible_raw_url_in_text,0,0,0,0,2,7,yes,no,no,FAIL,delete_candidate_high,link_citation_format_fail|promotional_or_money_page_pattern|no_local_gsc_backlink_signal,tioning in the Pungu space make it a project that many investors are watching closely. Media: Twitter (X): https://x.com/pengu_unleashed Telegram: http://t.me/pengu_unleashed &nbsp; 🐧 Where to buy PUNGU: pungu.io Disclaimer: The text above is an advertorial article that is not part of Coin,,
303359,missed-out-on-bonks-initial-boom-dont-let-this-top-meme-coin-presale-to-buy-now-be-your-next-regret,https://coincu.com/missed-out-on-bonks-initial-boom-dont-let-this-top-meme-coin-presale-to-buy-now-be-your-next-regret/,visible_raw_url_in_text,0,0,0,0,4,13,yes,no,no,FAIL,delete_candidate_high,link_citation_format_fail|promotional_or_money_page_pattern|no_local_gsc_backlink_signal,ur moment. Don’t let the top meme coin presale to buy now pass you by. Find Out More: Website: https://www.btfd.io/ X/Twitter: https://x.com/BTFD_COIN Telegram: https://t.me/btfd_coin Disclaimer: The text above is an advertorial article that is not part of Coincu.co m,,
303203,pepeto-nears-4-million-presale-mark-as-bitcoin-surges-past-100k,https://coincu.com/pepeto-nears-4-million-presale-mark-as-bitcoin-surges-past-100k/,visible_raw_url_in_text,0,0,0,0,3,13,yes,no,no,FAIL,delete_candidate_high,link_citation_format_fail|promotional_or_money_page_pattern|no_local_gsc_backlink_signal,"ss swaps, and staking rewards designed to support the next generation of tokens. Media Links:&nbsp; Website: https://pepeto.io/ &nbsp;&nbsp; X: https://x.com/Pepetocoin &nbsp;&nbsp; TG: https://t.me/pepeto_channel &nbsp;&nbsp;&nbsp; IG: https://www.instagram.com/pepetocoin/ &nbsp;&nbsp;&n",,
303185,best-coins-to-join-today-qubetics-presale-booms-sui-drives-scalability-and-immutable-x-leads-nft-innovation,https://coincu.com/best-coins-to-join-today-qubetics-presale-booms-sui-drives-scalability-and-immutable-x-leads-nft-innovation/,visible_raw_url_in_text,0,0,0,0,4,14,yes,no,no,FAIL,delete_candidate_high,link_citation_format_fail|promotional_or_money_page_pattern|no_local_gsc_backlink_signal,able X are already making waves. Now’s the time to make moves. For More Information: Qubetics: https://qubetics.com/ Telegram: https://t.me/qubetics &nbsp; Twitter: https://twitter.com/qubetics &nbsp; Disclaimer: The text above is an advertorial article that is not part o,,
303087,top-coins-to-buy-today-qubetics-presale-surges-vechain-drives-supply-chains-and-polygon-boosts-ethereum-scaling,https://coincu.com/top-coins-to-buy-today-qubetics-presale-surges-vechain-drives-supply-chains-and-polygon-boosts-ethereum-scaling/,visible_raw_url_in_text,0,0,0,0,4,13,yes,no,no,FAIL,delete_candidate_high,link_citation_format_fail|promotional_or_money_page_pattern|no_local_gsc_backlink_signal,eking innovative projects with the potential for high returns. For More Information: Qubetics: https://qubetics.com/ Telegram: https://t.me/qubetics &nbsp;Twitter: https://twitter.com/qubetics Disclaimer: The text above is an advertorial article that is not part of Coincu.co,,
303084,qubetics-presale-phase-17-unmatched-roi-with-cronos-cardano-innovations,https://coincu.com/qubetics-presale-phase-17-unmatched-roi-with-cronos-cardano-innovations/,visible_raw_url_in_text,0,0,0,0,4,12,yes,no,no,FAIL,delete_candidate_high,link_citation_format_fail|promotional_or_money_page_pattern|no_local_gsc_backlink_signal, offering a gateway to the future of decentralized innovation. For More Information: Qubetics: https://qubetics.com &nbsp;&nbsp;&nbsp; Telegram: https://t.me/qubetics &nbsp; Twitter: https://x.com/qubetics Disclaimer: The text above is an advertorial article that is not ,,
302909,7-top-cryptocurrencies-to-buy-today-17-jan-featuring-hot-crypto-presale-must-watch-coins,https://coincu.com/7-top-cryptocurrencies-to-buy-today-17-jan-featuring-hot-crypto-presale-must-watch-coins/,visible_raw_url_in_text,0,0,0,0,8,13,yes,no,no,FAIL,delete_candidate_high,link_citation_format_fail|promotional_or_money_page_pattern|no_local_gsc_backlink_signal,action today to secure your place in the future of blockchain. For More Information: Qubetics: https://qubetics.com &nbsp; Telegram: https://t.me/qubetics &nbsp; Twitter: https://x.com/qubetics Disclaimer: The text above is an advertorial article that is not part of Co,,
302841,xrp-reaches-7-year-peak-as-new-frog-token-pepeto-shines-in-presale,https://coincu.com/xrp-reaches-7-year-peak-as-new-frog-token-pepeto-shines-in-presale/,visible_raw_url_in_text,0,0,0,0,7,14,yes,no,no,FAIL,delete_candidate_high,link_citation_format_fail|promotional_or_money_page_pattern|no_local_gsc_backlink_signal,"mless swaps, and staking rewards designed to support the next generation of tokens. Media Links Website: https://pepeto.io X: https://x.com/Pepetocoin TG: https://t.me/pepeto_channel IG: https://www.instagram.com/pepetocoin/ YouTube: https://www.youtube.com/@Pepetocoin/ ",,
302899,over-5-million-solv-tokens-up-for-grabs-in-upcoming-airdrop-events,https://coincu.com/over-5-million-solv-tokens-up-for-grabs-in-upcoming-airdrop-events/,visible_raw_url_in_text,0,0,0,0,1,8,yes,no,no,FAIL,delete_candidate_high,link_citation_format_fail|promotional_or_money_page_pattern|no_local_gsc_backlink_signal,"to Gate.io Navigate to the &#8220;Startup Mining&#8221; section Click [Stake Now] More details https://www.gate.io/announcements/article/42631 January 16th, 14:00 (UTC+8): Gate Web3 Startup – 16,666 SOLV Airdrop Giveaway! Gate Web3 Startup has listed Solv Protocol (SOLV), offering airdrop allocations through ",,
302864,ddb-miner-provides-stable-and-efficient-cloud-mining-services,https://coincu.com/ddb-miner-provides-stable-and-efficient-cloud-mining-services/,visible_raw_url_in_text,0,0,0,0,0,7,yes,no,no,FAIL,delete_candidate_high,link_citation_format_fail|promotional_or_money_page_pattern|no_local_gsc_backlink_signal,"rested in making money from DDBMiner and want to learn more about DDBMiner, you can now log in to our official website： https://ddbminer.com The DDB Miner app is easily downloaded from the Google App Store or Apple Store (click to download). Disclaimer: The text above is an advertorial article that",,
302719,qubetics-presale-hits-9-6m-render-and-aave-shine-best-coins-to-join-now,https://coincu.com/qubetics-presale-hits-9-6m-render-and-aave-shine-best-coins-to-join-now/,visible_raw_url_in_text,0,0,0,0,4,13,yes,no,no,FAIL,delete_candidate_high,link_citation_format_fail|promotional_or_money_page_pattern|no_local_gsc_backlink_signal,st coins to join now are here—are you ready to make your move? For More Information: Qubetics: https://qubetics.com &nbsp; Telegram: https://t.me/qubetics &nbsp; Twitter: https://x.com/qubetics Disclaimer: The text above is an advertorial article that is not part of Co,,
302598,this-crypto-presale-could-unlock-massive-profits-qubetics-tics-at-0-0501-polkadots-blockchain-trilemma-and-cosmos-blockchains-are-the-top-picks-to-buy-this-month,https://coincu.com/this-crypto-presale-could-unlock-massive-profits-qubetics-tics-at-0-0501-polkadots-blockchain-trilemma-and-cosmos-blockchains-are-the-top-picks-to-buy-this-month/,visible_raw_url_in_text,0,0,0,0,4,13,yes,no,no,FAIL,delete_candidate_high,link_citation_format_fail|promotional_or_money_page_pattern|no_local_gsc_backlink_signal,ile the getting’s good. Your future self might just thank you. For More Information: Qubetics: https://qubetics.com &nbsp; Telegram: https://t.me/qubetics &nbsp; Twitter: https://x.com/qubetics &nbsp; Disclaimer: The text above is an advertorial article that is not part o,,
302595,the-revolutionary-crypto-opportunity-you-cant-afford-to-miss-while-bnbs-ico-is-a-stark-reminder-top-altcoin-presale-of-2025,https://coincu.com/the-revolutionary-crypto-opportunity-you-cant-afford-to-miss-while-bnbs-ico-is-a-stark-reminder-top-altcoin-presale-of-2025/,visible_raw_url_in_text,0,0,0,0,3,12,yes,no,no,FAIL,delete_candidate_high,link_citation_format_fail|promotional_or_money_page_pattern|no_local_gsc_backlink_signal,ourself for success in the next wave of blockchain innovation. For More Information: Qubetics: https://qubetics.com &nbsp;&nbsp;&nbsp; Telegram: https://t.me/qubetics &nbsp; Twitter: https://x.com/qubetics Disclaimer: The text above is an advertorial article that is not ,,
302554,top-meme-coins-to-invest-btfd-coin-presale-and-staking-explode-amid-doge-and-pengu-surge,https://coincu.com/top-meme-coins-to-invest-btfd-coin-presale-and-staking-explode-amid-doge-and-pengu-surge/,visible_raw_url_in_text,0,0,0,0,5,13,yes,no,no,FAIL,delete_candidate_high,link_citation_format_fail|promotional_or_money_page_pattern|no_local_gsc_backlink_signal,"wth, BTFD is more than just a coin—it’s your ticket to crypto success. Find Out More: Website: https://www.btfd.io/ X/Twitter: https://x.com/BTFD_COIN Telegram: https://t.me/btfd_coin Disclaimer: The text above is an advertorial article that is not part of Coincu.com ",,
302529,btfd-coin-presale-gains-traction-best-new-meme-coins-to-invest-in-for-short-term,https://coincu.com/btfd-coin-presale-gains-traction-best-new-meme-coins-to-invest-in-for-short-term/,visible_raw_url_in_text,0,0,0,0,4,12,yes,no,no,FAIL,delete_candidate_high,link_citation_format_fail|promotional_or_money_page_pattern|no_local_gsc_backlink_signal,"s good, and ride the wave of the next big thing in the crypto world! Find Out More: Website: https://www.btfd.io/ X/Twitter: https://x.com/BTFD_COIN Telegram: https://t.me/btfd_coin Disclaimer: The text above is an advertorial article that is not part of Coincu.com ",,
302707,btfd-coin-presale-hits-5-2m-while-binance-listing-rumors-build-best-new-meme-coin-presales-to-invest-in-today-pepe-and-shib-updates,https://coincu.com/btfd-coin-presale-hits-5-2m-while-binance-listing-rumors-build-best-new-meme-coin-presales-to-invest-in-today-pepe-and-shib-updates/,visible_raw_url_in_text,0,0,0,0,4,12,yes,no,no,FAIL,delete_candidate_high,link_citation_format_fail|promotional_or_money_page_pattern|no_local_gsc_backlink_signal,ur claim in the future of crypto. Don’t wait—run with the bulls today! Find Out More: Website: https://www.btfd.io/ X/Twitter: https://x.com/BTFD_COIN Telegram: https://t.me/btfd_coin Disclaimer: The text above is an advertorial article that is not part of Coincu.com ,,
302251,alkimiya-unveils-first-defi-market-for-trading-base-rollup-revenue,https://coincu.com/alkimiya-unveils-first-defi-market-for-trading-base-rollup-revenue/,visible_raw_url_in_text,0,0,0,0,0,10,yes,no,no,FAIL,delete_candidate_high,link_citation_format_fail|promotional_or_money_page_pattern|no_local_gsc_backlink_signal,"X, GMR, Coinbase Ventures, Circle Ventures, Tribe Capital and Robot Ventures among others. For more information, visit https://alkimiya.io/ . Disclaimer: The text above is an advertorial article that is not part of Coincu.com editorial content. ",,
302148,shib-faces-challenges-while-pepeto-presale-gains-momentum,https://coincu.com/shib-faces-challenges-while-pepeto-presale-gains-momentum/,visible_raw_url_in_text,0,0,0,0,6,22,yes,no,no,FAIL,delete_candidate_high,link_citation_format_fail|promotional_or_money_page_pattern|no_local_gsc_backlink_signal,cross-chain bridge seamless swaps stake rewards supporting next-gen tokens overall! Media Links Website: https://pepeto.io X: https://x.com/Pepetocoin TG: https://t.me/pepeto_channel IG: https://www.instagram.com/pepetocoin/ YouTube: https://www.youtube.com/@Pepetocoin/ ,,
302101,missed-the-turbo-wealth-ride-dont-sleep-on-btfd-coins-presale-top-new-meme-coin-to-join-for-long-term-gains,https://coincu.com/missed-the-turbo-wealth-ride-dont-sleep-on-btfd-coins-presale-top-new-meme-coin-to-join-for-long-term-gains/,visible_raw_url_in_text,0,0,0,0,4,12,yes,no,no,FAIL,delete_candidate_high,link_citation_format_fail|promotional_or_money_page_pattern|no_local_gsc_backlink_signal,"use this time, you’re riding the wave, not watching it from the shore. Find Out More: Website: https://www.btfd.io/ X/Twitter: https://x.com/BTFD_COIN Telegram: https://t.me/btfd_coin Disclaimer: The text above is an advertorial article that is not part of Coincu.com ",,
302079,why-qubetics-9-5m-presale-avalanches-tri-chain-nears-nightshade-are-top-long-term-altcoins,https://coincu.com/why-qubetics-9-5m-presale-avalanches-tri-chain-nears-nightshade-are-top-long-term-altcoins/,visible_raw_url_in_text,0,0,0,0,4,12,yes,no,no,FAIL,delete_candidate_high,link_citation_format_fail|promotional_or_money_page_pattern|no_local_gsc_backlink_signal,cies and unlock the potential for substantial long-term gains. For More Information: Qubetics: https://qubetics.com &nbsp;&nbsp;&nbsp; Telegram: https://t.me/qubetics &nbsp; Twitter: https://x.com/qubetics Disclaimer: The text above is an advertorial article that is not ,,
302054,qubetics-presale-surges-with-9-5m-raised-discover-why-bitcoin-solana-are-must-have-altcoins,https://coincu.com/qubetics-presale-surges-with-9-5m-raised-discover-why-bitcoin-solana-are-must-have-altcoins/,visible_raw_url_in_text,0,0,0,0,5,13,yes,no,no,FAIL,delete_candidate_high,link_citation_format_fail|promotional_or_money_page_pattern|no_local_gsc_backlink_signal,ese transformative assets and unlock the future of investment. For More Information: Qubetics: https://qubetics.com &nbsp;&nbsp;&nbsp; Telegram: https://t.me/qubetics &nbsp; Twitter: https://x.com/qubetics Disclaimer: The text above is an advertorial article that is no,,
301834,best-crypto-to-invest-btfd-coin-stellar-presale,https://coincu.com/best-crypto-to-invest-btfd-coin-stellar-presale/,visible_raw_url_in_text,0,0,0,0,6,13,yes,no,no,FAIL,delete_candidate_high,link_citation_format_fail|promotional_or_money_page_pattern|no_local_gsc_backlink_signal,cape. The bull run is calling—don’t miss your chance to ride the wave! Find Out More: Website: https://www.btfd.io/ X/Twitter: https://x.com/BTFD_COIN Telegram: https://t.me/btfd_coin Disclaimer: The text above is an advertorial article that is not part of&nbsp; Coincu,,
301789,qubetics-presale-surpasses-13800-holders-2,https://coincu.com/qubetics-presale-surpasses-13800-holders-2/,visible_raw_url_in_text,0,0,0,0,5,13,yes,no,no,FAIL,delete_candidate_high,link_citation_format_fail|promotional_or_money_page_pattern|no_local_gsc_backlink_signal,blazing altcoins now and be part of the blockchain revolution. For More Information: Qubetics: https://qubetics.com &nbsp;&nbsp;&nbsp; Telegram: https://t.me/qubetics &nbsp; Twitter: https://x.com/qubetics Disclaimer: The text above is an advertorial article that is not ,,
301750,qubetics-9-1m-presale-dominates-as-sei-and-tezos-make-waves,https://coincu.com/qubetics-9-1m-presale-dominates-as-sei-and-tezos-make-waves/,visible_raw_url_in_text,0,0,0,0,6,13,yes,no,no,FAIL,delete_candidate_high,link_citation_format_fail|promotional_or_money_page_pattern|no_local_gsc_backlink_signal,"pen, but the clock is ticking—don’t let this chance slip away! For More Information: Qubetics: https://qubetics.com/ Telegram: https://t.me/qubetics &nbsp; Twitter: https://twitter.com/qubetics &nbsp; Disclaimer: The text above is an advertorial article that is not part o",,
301711,earn-up-to-9999-a-day-aeon-mining-teaches-you-the-fastest-way-to-mine-cryptocurrency-using-dogecoin-doge,https://coincu.com/earn-up-to-9999-a-day-aeon-mining-teaches-you-the-fastest-way-to-mine-cryptocurrency-using-dogecoin-doge/,visible_raw_url_in_text,0,0,0,0,2,7,yes,no,no,FAIL,delete_candidate_high,link_citation_format_fail|promotional_or_money_page_pattern|no_local_gsc_backlink_signal,"ssive income potential. If you would like to learn more about AEON MINING, please visit their official website: https://aeonmining.com/ Disclaimer: The text above is an advertorial article that is not part of&nbsp; Coincu.com &nbsp;editorial content. ",,
301647,top-new-meme-coins-to-invest-in-now,https://coincu.com/top-new-meme-coins-to-invest-in-now/,visible_raw_url_in_text,0,0,0,0,0,11,yes,no,no,FAIL,delete_candidate_high,link_citation_format_fail|promotional_or_money_page_pattern|no_local_gsc_backlink_signal,be on your way to joining the ranks of crypto success stories in 2025. Find Out More: Website: https://www.btfd.io/ X/Twitter: https://x.com/BTFD_COIN Telegram: https://t.me/btfd_coin Disclaimer: The text above is an advertorial article that is not part of&nbsp; Coincu,,
301544,qubetics-with-408m-tokens-sold-joins-best-altcoin-presale,https://coincu.com/qubetics-with-408m-tokens-sold-joins-best-altcoin-presale/,visible_raw_url_in_text,0,0,0,0,5,14,yes,no,no,FAIL,delete_candidate_high,link_citation_format_fail|promotional_or_money_page_pattern|no_local_gsc_backlink_signal,"ing big or small, these opportunities don’t come around often. For More Information: Qubetics: https://qubetics.com/ Telegram: https://t.me/qubetics &nbsp; Twitter: https://twitter.com/qubetics &nbsp; Disclaimer: The text above is an advertorial article that is not part o",,
301581,blockdag-solaxy-and-pepeto-the-presale-tokens,https://coincu.com/blockdag-solaxy-and-pepeto-the-presale-tokens/,visible_raw_url_in_text,0,0,0,0,0,13,yes,no,no,FAIL,delete_candidate_high,link_citation_format_fail|promotional_or_money_page_pattern|no_local_gsc_backlink_signal," pay with your card, ETH, USDT or BNB. Don’t miss this chance to earn big with Pepeto by visiting the official site at https://pepeto.io/ .&nbsp;&nbsp; ABOUT PEPETO Pepeto is a cutting-edge cryptocurrency project blending the playful spirit of memecoins with a powerful utility-driven ecosyste",,
301486,qubetics-9-1m-presale-near-protocols-ai-driven-ecosystem-and-cronos-defi-integration-top-altcoins-to-join-in-january-2025,https://coincu.com/qubetics-9-1m-presale-near-protocols-ai-driven-ecosystem-and-cronos-defi-integration-top-altcoins-to-join-in-january-2025/,visible_raw_url_in_text,0,0,0,0,6,13,yes,no,no,FAIL,delete_candidate_high,link_citation_format_fail|promotional_or_money_page_pattern|no_local_gsc_backlink_signal,o be part of this exciting new phase in blockchain technology. For More Information: Qubetics: https://qubetics.com &nbsp; Telegram: https://t.me/qubetics &nbsp; Twitter: https://x.com/qubetics &nbsp; Disclaimer: The text above is an advertorial article that is not part o,,
301489,pepeto-presale-cracks-3m-best-crypto-of-2025,https://coincu.com/pepeto-presale-cracks-3m-best-crypto-of-2025/,visible_raw_url_in_text,0,0,0,0,5,17,yes,no,no,FAIL,delete_candidate_high,link_citation_format_fail|promotional_or_money_page_pattern|no_local_gsc_backlink_signal,"nd leverage its investors with unique opportunities. For more information about pepeto, visit the official website at: https://pepeto.io/ &nbsp; About PEPETO&nbsp;&nbsp; Pepeto is a redefining cryptocurrency that incorporates memecoins with practical use cases. Pepeto has created something ",,
301394,why-qubetics-bitcoin-and-monero-are-the-best-cryptos-to-buy-this-week-for-2025,https://coincu.com/why-qubetics-bitcoin-and-monero-are-the-best-cryptos-to-buy-this-week-for-2025/,visible_raw_url_in_text,0,0,0,0,0,13,yes,no,no,FAIL,delete_candidate_high,link_citation_format_fail|promotional_or_money_page_pattern|no_local_gsc_backlink_signal,nero (XMR) as the top picks for your 2025 investment strategy. For More Information: Qubetics: https://qubetics.com/ Telegram: https://t.me/qubetics &nbsp;Twitter: https://twitter.com/qubetics Disclaimer: The text above is an advertorial article that is not part of Coincu.co,,
301389,btfds-fully-live-p2e-game-makes-it-one-of-the-top-meme-coin-presales-to-buy-now-while-neiro-and-mog-coin-face-crazy-price-drops,https://coincu.com/btfds-fully-live-p2e-game-makes-it-one-of-the-top-meme-coin-presales-to-buy-now-while-neiro-and-mog-coin-face-crazy-price-drops/,visible_raw_url_in_text,0,0,0,0,4,11,yes,no,no,FAIL,delete_candidate_high,link_citation_format_fail|promotional_or_money_page_pattern|no_local_gsc_backlink_signal,"y that’s revolutionising the crypto space, one bullish move at a time. Find Out More: Website: https://www.btfd.io/ X/Twitter: https://x.com/BTFD_COIN Telegram: https://t.me/btfd_coin Disclaimer: The text above is an advertorial article that is not part of Coincu.com ",,
301379,best-new-meme-coins-to-invest-in-this-month-btfd-coins-presale-andys-227-surge-and-osaka-protocols-464-long-term-potential,https://coincu.com/best-new-meme-coins-to-invest-in-this-month-btfd-coins-presale-andys-227-surge-and-osaka-protocols-464-long-term-potential/,visible_raw_url_in_text,0,0,0,0,4,13,yes,no,no,FAIL,delete_candidate_high,link_citation_format_fail|promotional_or_money_page_pattern|no_local_gsc_backlink_signal,ride the next wave of crypto success—and maybe even make some history. Find Out More: Website: https://www.btfd.io/ X/Twitter: https://x.com/BTFD_COIN Telegram: https://t.me/btfd_coin Disclaimer: The text above is an advertorial article that is not part of Coincu.com ,,
301298,blockdag-hits-6m-in-mining-rig-sales-avax-insights-ton-staking-trends,https://coincu.com/blockdag-hits-6m-in-mining-rig-sales-avax-insights-ton-staking-trends/,visible_raw_url_in_text,0,0,0,0,4,10,yes,no,no,FAIL,delete_candidate_high,link_citation_format_fail|promotional_or_money_page_pattern|no_local_gsc_backlink_signal,"ty dynamics, these trends underline the vibrant opportunities awaiting participants in 2025. Presale: https://purchase.blockdag.network Website: https://blockdag.network Telegram: https://t.me/blockDAGnetworkOfficial Discord: https://discord.gg/Q7BxghMVyu &nbsp; Disclaimer: The text",,
300894,earn-passive-income-from-home-with-amber-mining-in-2025,https://coincu.com/earn-passive-income-from-home-with-amber-mining-in-2025/,visible_raw_url_in_text,0,0,0,0,8,6,yes,no,no,FAIL,delete_candidate_high,link_citation_format_fail|promotional_or_money_page_pattern|no_local_gsc_backlink_signal," returns. With AmberMining, achieving financial freedom has never been easier! For more details please visit&nbsp; https://ambermining.com Disclaimer: The text above is an advertorial article that is not part of Coincu.com editorial content. ",,
300863,top-new-meme-coins-to-invest-in-for-short-term-btfds-5m-presale-flokis-etp-move-and-pepes-8-5b-iconic-run,https://coincu.com/top-new-meme-coins-to-invest-in-for-short-term-btfds-5m-presale-flokis-etp-move-and-pepes-8-5b-iconic-run/,visible_raw_url_in_text,0,0,0,0,4,13,yes,no,no,FAIL,delete_candidate_high,link_citation_format_fail|promotional_or_money_page_pattern|no_local_gsc_backlink_signal,imit. Don’t miss out—this is your chance to be part of crypto history. Find Out More: Website: https://www.btfd.io/ X/Twitter: https://x.com/BTFD_COIN Telegram: https://t.me/btfd_coin Disclaimer: The text above is an advertorial article that is not part of Coincu.com ,,
300843,top-cryptos-to-join-for-short-term-btfd-coins-presale-boom-peanuts-quirky-rise-and-flokis-bold-next-steps,https://coincu.com/top-cryptos-to-join-for-short-term-btfd-coins-presale-boom-peanuts-quirky-rise-and-flokis-bold-next-steps/,visible_raw_url_in_text,0,0,0,0,4,13,yes,no,no,FAIL,delete_candidate_high,link_citation_format_fail|promotional_or_money_page_pattern|no_local_gsc_backlink_signal,rt of the Bulls Squad leading the charge in crypto’s next big chapter! Find Out More: Website: https://www.btfd.io/ X/Twitter: https://x.com/BTFD_COIN Telegram: https://t.me/btfd_coin Disclaimer: The text above is an advertorial article that is not part of Coincu.com ,,
300837,top-new-meme-coin-presales-to-invest-in-today-discover-btfd-goat-and-mew,https://coincu.com/top-new-meme-coin-presales-to-invest-in-today-discover-btfd-goat-and-mew/,visible_raw_url_in_text,0,0,0,0,4,12,yes,no,no,FAIL,delete_candidate_high,link_citation_format_fail|promotional_or_money_page_pattern|no_local_gsc_backlink_signal,cial presale page today and secure your stake in the future of crypto. Find Out More: Website: https://www.btfd.io/ X/Twitter: https://x.com/BTFD_COIN Telegram: https://t.me/btfd_coin Disclaimer: The text above is an advertorial article that is not part of Coincu.com ,,
300733,hedera-news-and-bitget-analysis-with-blockdags-mining-growth,https://coincu.com/hedera-news-and-bitget-analysis-with-blockdags-mining-growth/,visible_raw_url_in_text,0,0,0,0,4,13,yes,no,no,FAIL,delete_candidate_high,link_citation_format_fail|promotional_or_money_page_pattern|no_local_gsc_backlink_signal,"evenues beyond $176.5 million, establishing a robust benchmark in the cryptocurrency market. Presale: https://purchase.blockdag.network Website: https://blockdag.network Telegram: https://t.me/blockDAGnetworkOfficial Discord: https://discord.gg/Q7BxghMVyu Disclaimer: The text above",,
300790,qubetics-hits-9m-in-presale-monero-boosts-privacy-vechain-surges-best-cryptos-to-buy-now,https://coincu.com/qubetics-hits-9m-in-presale-monero-boosts-privacy-vechain-surges-best-cryptos-to-buy-now/,visible_raw_url_in_text,0,0,0,0,4,12,yes,no,no,FAIL,delete_candidate_high,link_citation_format_fail|promotional_or_money_page_pattern|no_local_gsc_backlink_signal,ubtedly the cryptocurrencies to watch and hold for the future. For More Information: Qubetics: https://qubetics.com Telegram: https://t.me/qubetics Twitter: https://x.com/qubetics Disclaimer: The text above is an advertorial article that is not part of Coincu.com edi,,
300456,regretting-missing-bonks-ico-btfd-coins-5m-presale-is-one-of-the-top-cryptos-to-join-for-short-term-roi,https://coincu.com/regretting-missing-bonks-ico-btfd-coins-5m-presale-is-one-of-the-top-cryptos-to-join-for-short-term-roi/,visible_raw_url_in_text,0,0,0,0,3,11,yes,no,no,FAIL,delete_candidate_high,link_citation_format_fail|promotional_or_money_page_pattern|no_local_gsc_backlink_signal,e sitting on substantial profits when BTFD Coin hits the market.&nbsp; Find Out More: Website: https://www.btfd.io/ X/Twitter: https://x.com/BTFD_COIN Telegram: https://t.me/btfd_coin Disclaimer: The text above is an advertorial article that is not part of Coincu.com ,,
300389,qubetics-presale-booms-as-hedera-litecoin-rises,https://coincu.com/qubetics-presale-booms-as-hedera-litecoin-rises/,visible_raw_url_in_text,0,0,0,0,4,13,yes,no,no,FAIL,delete_candidate_high,link_citation_format_fail|promotional_or_money_page_pattern|no_local_gsc_backlink_signal,anks of forward-thinking investors shaping the future of Web3. For More Information: Qubetics: https://qubetics.com Telegram: https://t.me/qubetics Twitter: https://x.com/qubetics Disclaimer: The text above is an advertorial article that is not part of Coincu.com edi,,
300265,from-qubetics-7-8m-presale-to-toncoins-scalability-and-chainlinks-oracle-power-best-cryptos-to-invest-in-for-long-term-gains,https://coincu.com/from-qubetics-7-8m-presale-to-toncoins-scalability-and-chainlinks-oracle-power-best-cryptos-to-invest-in-for-long-term-gains/,visible_raw_url_in_text,0,0,0,0,4,13,yes,no,no,FAIL,delete_candidate_high,link_citation_format_fail|promotional_or_money_page_pattern|no_local_gsc_backlink_signal,"The future of blockchain is here, and it starts with Qubetics. For More Information: Qubetics: https://qubetics.com/ Telegram: https://t.me/qubetics &nbsp; Twitter: https://twitter.com/qubetics &nbsp; Disclaimer: The text above is an advertorial article that is not part o",,
300141,amber-mining-launches-new-cloud-mining-program-for-cryptocurrency-enthusiasts-to-earn-free-bitcoin,https://coincu.com/amber-mining-launches-new-cloud-mining-program-for-cryptocurrency-enthusiasts-to-earn-free-bitcoin/,visible_raw_url_in_text,0,0,0,0,5,6,yes,no,no,FAIL,delete_candidate_high,link_citation_format_fail|promotional_or_money_page_pattern|no_local_gsc_backlink_signal,"er Mining is poised to become a leading force in the cryptocurrency mining sector. For more details, please visit https://ambermining.com Disclaimer: The text above is an advertorial article that is not part of Coincu.com editorial content. ",,
299933,the-presale-thats-turning-heads-after-zignaly-zigs-missed-ico-dont-miss-out-again,https://coincu.com/the-presale-thats-turning-heads-after-zignaly-zigs-missed-ico-dont-miss-out-again/,visible_raw_url_in_text,0,0,0,0,4,11,yes,no,no,FAIL,delete_candidate_high,link_citation_format_fail|promotional_or_money_page_pattern|no_local_gsc_backlink_signal,eking to capitalise on the next phase of blockchain evolution. For More Information: Qubetics: https://qubetics.com &nbsp; Telegram: https://t.me/qubetics &nbsp; Twitter: https://x.com/qubetics Disclaimer: The text above is an advertorial article that is not part of Coi,,
299924,why-qubetics-surging-presale-matics-smart-scaling-and-algos-speedy-transactions-make-them-the-best-coins-for-significant-returns,https://coincu.com/why-qubetics-surging-presale-matics-smart-scaling-and-algos-speedy-transactions-make-them-the-best-coins-for-significant-returns/,visible_raw_url_in_text,0,0,0,0,4,13,yes,no,no,FAIL,delete_candidate_high,link_citation_format_fail|promotional_or_money_page_pattern|no_local_gsc_backlink_signal,ur portfolio grow with these top-performing blockchain assets. For More Information- Qubetics: https://qubetics.com Telegram: https://t.me/qubetics&nbsp; Twitter: https://twitter.com/qubetics Disclaimer: The text above is an advertorial article that is not part of Coi,,
299866,missed-solana-dont-worry-this-ico-presale-could-be-your-next-big-win,https://coincu.com/missed-solana-dont-worry-this-ico-presale-could-be-your-next-big-win/,visible_raw_url_in_text,0,0,0,0,4,11,yes,no,no,FAIL,delete_candidate_high,link_citation_format_fail|promotional_or_money_page_pattern|no_local_gsc_backlink_signal,oking to capitalise on the future of decentralised technology. For More Information: Qubetics: https://qubetics.com &nbsp; Telegram: https://t.me/qubetics &nbsp; Twitter: https://x.com/qubetics Disclaimer: The text above is an advertorial article that is not part of Coi,,
299863,bretts-early-success-was-your-missed-opportunity-btfd-coins-explosive-presale-is-the-perfect-comeback-dont-miss-out,https://coincu.com/bretts-early-success-was-your-missed-opportunity-btfd-coins-explosive-presale-is-the-perfect-comeback-dont-miss-out/,visible_raw_url_in_text,0,0,0,0,3,12,yes,no,no,FAIL,delete_candidate_high,link_citation_format_fail|promotional_or_money_page_pattern|no_local_gsc_backlink_signal,t comeback. Don’t let this one slip by. Join the BTFD presale today ! Find Out More: Website: https://www.btfd.io/ X/Twitter: https://x.com/BTFD_COIN Telegram: https://t.me/btfd_coin Disclaimer: The text above is an advertorial article that is not part of Coincu.com ,,
299844,best-meme-coin-presales-to-invest-in-for-long-term-btfd-coins-4-8m-surge-peanuts-gamified-fun-and-npcs-web3-innovation,https://coincu.com/best-meme-coin-presales-to-invest-in-for-long-term-btfd-coins-4-8m-surge-peanuts-gamified-fun-and-npcs-web3-innovation/,visible_raw_url_in_text,0,0,0,0,5,13,yes,no,no,FAIL,delete_candidate_high,link_citation_format_fail|promotional_or_money_page_pattern|no_local_gsc_backlink_signal,ure your spot in crypto history. Let’s ride the bull together! Find Out More: Website: https://www.btfd.io/ X/Twitter: https://x.com/BTFD_COIN Telegram: https://t.me/btfd_coin Disclaimer: The text above is an advertorial article that is not part of Coincu.com ,,
299807,why-qubetics-presale-surge-suis-speed-and-hnts-connectivity-make-them-the-best-altcoins-to-join-now,https://coincu.com/why-qubetics-presale-surge-suis-speed-and-hnts-connectivity-make-them-the-best-altcoins-to-join-now/,visible_raw_url_in_text,0,0,0,0,4,13,yes,no,no,FAIL,delete_candidate_high,link_citation_format_fail|promotional_or_money_page_pattern|no_local_gsc_backlink_signal,ct time to get involved and make your move in the crypto space. For More Information Qubetics: https://qubetics.com Telegram: https://t.me/qubetics&nbsp; Twitter: https://twitter.com/qubetics Disclaimer: The text above is an advertorial article that is not part of Coi,,
299729,didnt-buy-act-i-the-ai-prophecy-initially-dont-miss-the-best-new-meme-coin-presales-to-invest-in-now,https://coincu.com/didnt-buy-act-i-the-ai-prophecy-initially-dont-miss-the-best-new-meme-coin-presales-to-invest-in-now/,visible_raw_url_in_text,0,0,0,0,4,14,yes,no,no,FAIL,delete_candidate_high,link_citation_format_fail|promotional_or_money_page_pattern|no_local_gsc_backlink_signal, chance to ride the next wave of meme coin mania with its BIG50 bonus. Find Out More: Website: https://www.btfd.io/ X/Twitter: https://x.com/BTFD_COIN Telegram: https://t.me/btfd_coin Disclaimer: The text above is an advertorial article that is not part of Coincu.com ,,
299723,btfd-coin-presale-leads-best-new-meme-coin-presales-with-turbo-cheems,https://coincu.com/btfd-coin-presale-leads-best-new-meme-coin-presales-with-turbo-cheems/,visible_raw_url_in_text,0,0,0,0,4,13,yes,no,no,FAIL,delete_candidate_high,link_citation_format_fail|promotional_or_money_page_pattern|no_local_gsc_backlink_signal,n presales to buy today. The Bulls are charging—are you ready to ride? Find Out More: Website: https://www.btfd.io/ X/Twitter: https://x.com/BTFD_COIN Telegram: https://t.me/btfd_coin Disclaimer: The text above is an advertorial article that is not part of Coincu.com ,,
299720,btfd-coin-presale-best-meme-coin-presales-to-join-this-month-with-brett-and-gigachad,https://coincu.com/btfd-coin-presale-best-meme-coin-presales-to-join-this-month-with-brett-and-gigachad/,visible_raw_url_in_text,0,0,0,0,4,13,yes,no,no,FAIL,delete_candidate_high,link_citation_format_fail|promotional_or_money_page_pattern|no_local_gsc_backlink_signal,in the BTFD Coin presale today and be part of the next wave in crypto! Find Out More: Website: https://www.btfd.io/ X/Twitter: https://x.com/BTFD_COIN Telegram: https://t.me/btfd_coin Disclaimer: The text above is an advertorial article that is not part of Coincu.com ,,
299678,btfd-coin-dogwifhat-and-dogs-best-meme-coin-presales-to-buy-now,https://coincu.com/btfd-coin-dogwifhat-and-dogs-best-meme-coin-presales-to-buy-now/,visible_raw_url_in_text,0,0,0,0,5,12,yes,no,no,FAIL,delete_candidate_high,link_citation_format_fail|promotional_or_money_page_pattern|no_local_gsc_backlink_signal,rypto revolution. Join BTFD presale to secure your investment today. Find Out More: Website: https://www.btfd.io/ X/Twitter: https://x.com/BTFD_COIN Telegram: https://t.me/btfd_coin Disclaimer: The text above is an advertorial article that is not part of Coincu.com ,,
299522,best-meme-coin-presales-to-invest-in-today-highlighting-btfd-coin-bonk-and-act-i-the-ai-prophecy,https://coincu.com/best-meme-coin-presales-to-invest-in-today-highlighting-btfd-coin-bonk-and-act-i-the-ai-prophecy/,visible_raw_url_in_text,0,0,0,0,6,14,yes,no,no,FAIL,delete_candidate_high,link_citation_format_fail|promotional_or_money_page_pattern|no_local_gsc_backlink_signal,he presale ends. Don’t just watch history repeat itself—be part of it. Find Out More: Website: https://www.btfd.io/ X/Twitter: https://x.com/BTFD_COIN Telegram: https://t.me/btfd_coin Disclaimer: The text above is an advertorial article that is not part of Coincu.com ,,
299516,best-meme-coin-presales-for-exponential-returns-a-comparison-of-btfd-coin-baby-doge-and-bone-shibaswap,https://coincu.com/best-meme-coin-presales-for-exponential-returns-a-comparison-of-btfd-coin-baby-doge-and-bone-shibaswap/,visible_raw_url_in_text,0,0,0,0,5,15,yes,no,no,FAIL,delete_candidate_high,link_citation_format_fail|promotional_or_money_page_pattern|no_local_gsc_backlink_signal,"to jump on the BTFD Coin presale and lock in your bonus? Here’s how to do it: Go to the Presale Page : Head to https://www.btfd.io/buy-now/ . Connect Your Wallet : Click &#8220;Connect Wallet&#8221; and choose your preferred wallet (e.g., MetaMask, Trust Wallet). Enter the Bonus Code : In the bonus code fi",,
299475,dogs-was-just-the-start-join-the-btfd-coin-presale-thats-blowing-up-right-now-with-big50-bonus-code,https://coincu.com/dogs-was-just-the-start-join-the-btfd-coin-presale-thats-blowing-up-right-now-with-big50-bonus-code/,visible_raw_url_in_text,0,0,0,0,4,12,yes,no,no,FAIL,delete_candidate_high,link_citation_format_fail|promotional_or_money_page_pattern|no_local_gsc_backlink_signal,me coins. Don’t forget to use BIG50 code to get 50% extra coins.&nbsp; Find Out More: Website: https://www.btfd.io/ X/Twitter: https://x.com/BTFD_COIN Telegram: https://t.me/btfd_coin Disclaimer: The text above is an advertorial article that is not part of Coincu.com ,,
299480,qubetics-presale-soars-best-coin-to-invest-in-now-hnt-and-avax,https://coincu.com/qubetics-presale-soars-best-coin-to-invest-in-now-hnt-and-avax/,visible_raw_url_in_text,0,0,0,0,4,13,yes,no,no,FAIL,delete_candidate_high,link_citation_format_fail|promotional_or_money_page_pattern|no_local_gsc_backlink_signal,eize the opportunity and become part of the Qubetics movement. For More Information: Qubetics: https://qubetics.com Telegram: https://t.me/qubetics Twitter: https://x.com/qubetics Disclaimer: The text above is an advertorial article that is not part of Coincu.com edi,,
299467,best-meme-coin-presales-to-buy-this-month-btfd-coin-vs-neiro-vs-degen,https://coincu.com/best-meme-coin-presales-to-buy-this-month-btfd-coin-vs-neiro-vs-degen/,visible_raw_url_in_text,0,0,0,0,6,14,yes,no,no,FAIL,delete_candidate_high,link_citation_format_fail|promotional_or_money_page_pattern|no_local_gsc_backlink_signal,"before it’s gone. Remember, BIG50 is your ticket to even bigger gains! Find Out More: Website: https://www.btfd.io/ X/Twitter: https://x.com/BTFD_COIN Telegram: https://t.me/btfd_coin Disclaimer: The text above is an advertorial article that is not part of Coincu.com ",,
299354,best-new-meme-coins-to-buy-and-hold-for-short-term-btfd-coins-presale-buzz-flokis-ecosystem-and-acts-ai-edge,https://coincu.com/best-new-meme-coins-to-buy-and-hold-for-short-term-btfd-coins-presale-buzz-flokis-ecosystem-and-acts-ai-edge/,visible_raw_url_in_text,0,0,0,0,4,13,yes,no,no,FAIL,delete_candidate_high,link_citation_format_fail|promotional_or_money_page_pattern|no_local_gsc_backlink_signal, The next big meme coin success story could be just a few clicks away! Find Out More: Website: https://www.btfd.io/ X/Twitter: https://x.com/BTFD_COIN Telegram: https://t.me/btfd_coin Disclaimer: The text above is an advertorial article that is not part of Coincu.com ,,
299348,missed-avalanches-rocket-invest-in-qubetics-this-december-2024-for-life-changing-profits,https://coincu.com/missed-avalanches-rocket-invest-in-qubetics-this-december-2024-for-life-changing-profits/,visible_raw_url_in_text,0,0,0,0,0,11,yes,no,no,FAIL,delete_candidate_high,link_citation_format_fail|promotional_or_money_page_pattern|no_local_gsc_backlink_signal,"e self will thank you, best cryptos to buy in December 2024 . For More Information: Qubetics: https://qubetics.com Telegram: https://t.me/qubetics Twitter: https://x.com/qubetics Disclaimer: The text above is an advertorial article that is not part of Coincu.com edi",,
299345,dont-worry-if-you-missed-ponke-presale-btfd-coins-presale-is-redefining-meme-coin-potential,https://coincu.com/dont-worry-if-you-missed-ponke-presale-btfd-coins-presale-is-redefining-meme-coin-potential/,visible_raw_url_in_text,0,0,0,0,3,12,yes,no,no,FAIL,delete_candidate_high,link_citation_format_fail|promotional_or_money_page_pattern|no_local_gsc_backlink_signal, presale now and be part of the next big thing in the meme coin world. Find Out More: Website: https://www.btfd.io/ X/Twitter: https://x.com/BTFD_COIN Telegram: https://t.me/btfd_coin Disclaimer: The text above is an advertorial article that is not part of Coincu.com ,,
299337,skipped-terra-classics-early-days-invest-in-qubetics-now-2024-for-breakthrough-wealth-opportunities,https://coincu.com/skipped-terra-classics-early-days-invest-in-qubetics-now-2024-for-breakthrough-wealth-opportunities/,visible_raw_url_in_text,0,0,0,0,0,11,yes,no,no,FAIL,delete_candidate_high,link_citation_format_fail|promotional_or_money_page_pattern|no_local_gsc_backlink_signal,y. The future is here—don’t miss your chance to be part of it. For More Information: Qubetics: https://qubetics.com Telegram: https://t.me/qubetics Twitter: https://x.com/qubetics Disclaimer: The text above is an advertorial article that is not part of Coincu.com edi,,
299324,ignored-goatseus-maximus-can-this-viral-ongoing-meme-coin-presale-make-you-rich,https://coincu.com/ignored-goatseus-maximus-can-this-viral-ongoing-meme-coin-presale-make-you-rich/,visible_raw_url_in_text,0,0,0,0,4,13,yes,no,no,FAIL,delete_candidate_high,link_citation_format_fail|promotional_or_money_page_pattern|no_local_gsc_backlink_signal,st another presale; it’s your ticket to the top. Let’s make it happen. Find Out More: Website: https://www.btfd.io/ X/Twitter: https://x.com/BTFD_COIN Telegram: https://t.me/btfd_coin Disclaimer: The text above is an advertorial article that is not part of Coincu.com ,,
299228,qubetics-presale-surges-as-near-and-sui-hit-growth-milestones,https://coincu.com/qubetics-presale-surges-as-near-and-sui-hit-growth-milestones/,visible_raw_url_in_text,0,0,0,0,4,14,yes,no,no,FAIL,delete_candidate_high,link_citation_format_fail|promotional_or_money_page_pattern|no_local_gsc_backlink_signal,portunities across different sectors of blockchain innovation. For More Information: Qubetics: https://qubetics.com/ Telegram: https://t.me/qubetics &nbsp; Twitter: https://twitter.com/qubetics &nbsp; Disclaimer: The text above is an advertorial article that is not part o,,
299174,qubetics-presale-raises-7-9m-with-379m-tokens-sold-while-ethereum-hits-3300-and-kaspas-layer-2-tech-gains-buzz,https://coincu.com/qubetics-presale-raises-7-9m-with-379m-tokens-sold-while-ethereum-hits-3300-and-kaspas-layer-2-tech-gains-buzz/,visible_raw_url_in_text,0,0,0,0,0,12,yes,no,no,FAIL,delete_candidate_high,link_citation_format_fail|promotional_or_money_page_pattern|no_local_gsc_backlink_signal,", and the opportunity to invest at this stage won’t last long! For More Information: Qubetics: https://qubetics.com/ Telegram: https://t.me/qubetics &nbsp; Twitter: https://twitter.com/qubetics &nbsp; Disclaimer: The text above is an advertorial article that is not part o",,
299169,meme-coin-presales-to-buy-now-btfd-coins-50-bonus-more,https://coincu.com/meme-coin-presales-to-buy-now-btfd-coins-50-bonus-more/,visible_raw_url_in_text,0,0,0,0,5,13,yes,no,no,FAIL,delete_candidate_high,link_citation_format_fail|promotional_or_money_page_pattern|no_local_gsc_backlink_signal,"de, and join the Bulls. The dip’s here, and it’s yours for the taking! Find Out More: Website: https://www.btfd.io/ X/Twitter: https://x.com/BTFD_COIN Telegram: https://t.me/btfd_coin Disclaimer: The text above is an advertorial article that is not part of Coincu.com ",,
299179,blockdags-bdag400-boosts-presale-more-on-ton-link-price,https://coincu.com/blockdags-bdag400-boosts-presale-more-on-ton-link-price/,visible_raw_url_in_text,0,0,0,0,4,12,yes,no,no,FAIL,delete_candidate_high,link_citation_format_fail|promotional_or_money_page_pattern|no_local_gsc_backlink_signal,"r early holders, BlockDAG is a standout opportunity for both seasoned traders and newcomers. Presale: https://purchase.blockdag.network Website: https://blockdag.network Telegram: https://t.me/blockDAGnetworkOfficial Discord: https://discord.gg/Q7BxghMVyu &nbsp; Disclaimer: The text",,
299091,seize-the-opportunity-of-new-energy-cloud-mining-bch-miner-helps-you-make-5000-a-day,https://coincu.com/seize-the-opportunity-of-new-energy-cloud-mining-bch-miner-helps-you-make-5000-a-day/,visible_raw_url_in_text,0,0,0,0,4,6,yes,no,no,FAIL,delete_candidate_high,link_citation_format_fail|promotional_or_money_page_pattern|no_local_gsc_backlink_signal,"ever. If you want to know more about BCH For more information about BCH Miner, please visit its official website: https://www.bchminer.com/ Mobile app download address: Click to download from Google Play Store Disclaimer: The text above is an advertorial article that is not part of Coincu.com edit",,
299036,best-meme-coin-presales-to-buy-today-btfd-coin-wows-investors-with-a-50-bonus-as-floki-announces-european-etp-and-aic-falls,https://coincu.com/best-meme-coin-presales-to-buy-today-btfd-coin-wows-investors-with-a-50-bonus-as-floki-announces-european-etp-and-aic-falls/,visible_raw_url_in_text,0,0,0,0,5,12,yes,no,no,FAIL,delete_candidate_high,link_citation_format_fail|promotional_or_money_page_pattern|no_local_gsc_backlink_signal,ow and secure your investment before the offer ends after January 5th! Find Out More: Website: https://www.btfd.io/ X/Twitter: https://x.com/BTFD_COIN Telegram: https://t.me/btfd_coin Disclaimer: The text above is an advertorial article that is not part of Coincu.com ,,
299002,cardanos-climb-left-plenty-of-people-behind-but-qubetics-presale-is-still-here-and-ready-to-give-you-a-shot-at-whats-next,https://coincu.com/cardanos-climb-left-plenty-of-people-behind-but-qubetics-presale-is-still-here-and-ready-to-give-you-a-shot-at-whats-next/,visible_raw_url_in_text,0,0,0,0,3,12,yes,no,no,FAIL,delete_candidate_high,link_citation_format_fail|promotional_or_money_page_pattern|no_local_gsc_backlink_signal,are shot at being part of something before it fully takes off. For More Information: Qubetics: https://qubetics.com/ Telegram: https://t.me/qubetics &nbsp; Twitter: https://twitter.com/qubetics &nbsp; Disclaimer: The text above is an advertorial article that is not part o,,
299019,too-late-for-turbos-ico-no-worries-get-in-on-btfd-coins-presale-today,https://coincu.com/too-late-for-turbos-ico-no-worries-get-in-on-btfd-coins-presale-today/,visible_raw_url_in_text,0,0,0,0,4,12,yes,no,no,FAIL,delete_candidate_high,link_citation_format_fail|promotional_or_money_page_pattern|no_local_gsc_backlink_signal,ke flight. You missed Turbo Coin—but you don’t have to miss BTFD Coin! Find Out More: Website: https://www.btfd.io/ X/Twitter: https://x.com/BTFD_COIN Telegram: https://t.me/btfd_coin Disclaimer: The text above is an advertorial article that is not part of Coincu.com ,,
298996,qubetics-presale-booms-top-coin-to-join-today-amid-tron-and-fantom,https://coincu.com/qubetics-presale-booms-top-coin-to-join-today-amid-tron-and-fantom/,visible_raw_url_in_text,0,0,0,0,4,13,yes,no,no,FAIL,delete_candidate_high,link_citation_format_fail|promotional_or_money_page_pattern|no_local_gsc_backlink_signal,sforms your portfolio? Don’t let this opportunity pass you by. For More Information: Qubetics: https://qubetics.com Telegram: https://t.me/qubetics Twitter: https://x.com/qubetics Disclaimer: The text above is an advertorial article that is not part of Coincu.com edi,,
299007,btfd-coin-presale-offers-50-offer-pepe-coin-just-a-chill-guy-shine-as-best-new-meme-coins-to-join-this-month,https://coincu.com/btfd-coin-presale-offers-50-offer-pepe-coin-just-a-chill-guy-shine-as-best-new-meme-coins-to-join-this-month/,visible_raw_url_in_text,0,0,0,0,5,13,yes,no,no,FAIL,delete_candidate_high,link_citation_format_fail|promotional_or_money_page_pattern|no_local_gsc_backlink_signal,in the BTFD Coin presale now and ride the bull to financial freedom! Find Out More: Website: https://www.btfd.io/ X/Twitter: https://x.com/BTFD_COIN Telegram: https://t.me/btfd_coin Disclaimer: The text above is an advertorial article that is not part of Coincu.com ,,
298892,fantom-rebrands-on-binance-polygon-hits-a-low-and-qubetics-emerges-as-the-top-crypto-presale-in-2025,https://coincu.com/fantom-rebrands-on-binance-polygon-hits-a-low-and-qubetics-emerges-as-the-top-crypto-presale-in-2025/,visible_raw_url_in_text,0,0,0,0,5,15,yes,no,no,FAIL,delete_candidate_high,link_citation_format_fail|promotional_or_money_page_pattern|no_local_gsc_backlink_signal,"k is ticking, and the future is waiting—don’t get left behind. For More Information: Qubetics: https://qubetics.com &nbsp; Telegram: https://t.me/qubetics &nbsp; Twitter: https://x.com/qubetics &nbsp; Disclaimer: The text above is an advertorial article that is not part o",,
298884,qubetics-raises-7-8m-in-presale-while-cardano-and-polkadot-rally-toward-gains,https://coincu.com/qubetics-raises-7-8m-in-presale-while-cardano-and-polkadot-rally-toward-gains/,visible_raw_url_in_text,0,0,0,0,0,12,yes,no,no,FAIL,delete_candidate_high,link_citation_format_fail|promotional_or_money_page_pattern|no_local_gsc_backlink_signal, . Don’t miss out—these opportunities are ripe for the taking! For More Information: Qubetics: https://qubetics.com/ Telegram: https://t.me/qubetics &nbsp; Twitter: https://twitter.com/qubetics &nbsp; Disclaimer: The text above is an advertorial article that is not part o,,
