source_url,source_type,source_id,old_link,new_link,old_count_found_in_raw,status
https://coincu.com/dogecoin-set-for-potential-to-reach-5/,posts,377487,https://coincu.com/c/casino-reviews/,https://coincu.com/casino-reviews/,0,no_match_in_raw
https://coincu.com/dogecoin-set-for-potential-to-reach-5/,posts,377487,https://coincu.com/c/pr/press-release/,https://coincu.com/pr/press-release/,0,no_match_in_raw
https://coincu.com/dogecoin-set-for-potential-to-reach-5/,posts,377487,https://coincu.com/c/analysis,https://coincu.com/analysis/,0,no_match_in_raw
https://coincu.com/heres-xrp-price-target-as-bulls-eye/,posts,361448,https://coincu.com/c/casino-reviews/,https://coincu.com/casino-reviews/,0,no_match_in_raw
https://coincu.com/heres-xrp-price-target-as-bulls-eye/,posts,361448,https://coincu.com/c/pr/press-release/,https://coincu.com/pr/press-release/,0,no_match_in_raw
https://coincu.com/heres-xrp-price-target-as-bulls-eye/,posts,361448,https://coincu.com/c/analysis,https://coincu.com/analysis/,0,no_match_in_raw
https://coincu.com/binance-ai-avatar-airdrop-skepticism/,posts,386758,https://coincu.com/c/casino-reviews/,https://coincu.com/casino-reviews/,0,no_match_in_raw
https://coincu.com/binance-ai-avatar-airdrop-skepticism/,posts,386758,https://coincu.com/c/pr/press-release/,https://coincu.com/pr/press-release/,0,no_match_in_raw
https://coincu.com/binance-ai-avatar-airdrop-skepticism/,posts,386758,https://coincu.com/c/airdrop,https://coincu.com/airdrop/,0,no_match_in_raw
https://coincu.com/ecc-resignation-zcash-protocol-unaffected/,posts,387737,https://coincu.com/c/casino-reviews/,https://coincu.com/casino-reviews/,0,no_match_in_raw
https://coincu.com/ecc-resignation-zcash-protocol-unaffected/,posts,387737,https://coincu.com/c/pr/press-release/,https://coincu.com/pr/press-release/,0,no_match_in_raw
https://coincu.com/ecc-resignation-zcash-protocol-unaffected/,posts,387737,https://coincu.com/c/news,https://coincu.com/news/,0,no_match_in_raw
https://coincu.com/house-passes-crypto-bills-procedural-rules/,posts,349109,https://coincu.com/c/casino-reviews/,https://coincu.com/casino-reviews/,0,no_match_in_raw
https://coincu.com/house-passes-crypto-bills-procedural-rules/,posts,349109,https://coincu.com/c/pr/press-release/,https://coincu.com/pr/press-release/,0,no_match_in_raw
https://coincu.com/house-passes-crypto-bills-procedural-rules/,posts,349109,https://coincu.com/c/news,https://coincu.com/news/,0,no_match_in_raw
https://coincu.com/hashkey-holdings-hong-kong-ipo/,posts,383913,https://coincu.com/c/casino-reviews/,https://coincu.com/casino-reviews/,0,no_match_in_raw
https://coincu.com/hashkey-holdings-hong-kong-ipo/,posts,383913,https://coincu.com/c/pr/press-release/,https://coincu.com/pr/press-release/,0,no_match_in_raw
https://coincu.com/hashkey-holdings-hong-kong-ipo/,posts,383913,https://coincu.com/c/news,https://coincu.com/news/,0,no_match_in_raw
https://coincu.com/global-asset-demand-boost/,posts,366758,https://coincu.com/c/casino-reviews/,https://coincu.com/casino-reviews/,0,no_match_in_raw
https://coincu.com/global-asset-demand-boost/,posts,366758,https://coincu.com/c/pr/press-release/,https://coincu.com/pr/press-release/,0,no_match_in_raw
https://coincu.com/global-asset-demand-boost/,posts,366758,https://coincu.com/c/analysis,https://coincu.com/analysis/,0,no_match_in_raw
https://coincu.com/stablecoin-legislation-boosts-crypto-market/,posts,346717,https://coincu.com/c/casino-reviews/,https://coincu.com/casino-reviews/,0,no_match_in_raw
https://coincu.com/stablecoin-legislation-boosts-crypto-market/,posts,346717,https://coincu.com/c/pr/press-release/,https://coincu.com/pr/press-release/,0,no_match_in_raw
https://coincu.com/stablecoin-legislation-boosts-crypto-market/,posts,346717,https://coincu.com/c/news,https://coincu.com/news/,0,no_match_in_raw
https://coincu.com/crypto-liquidity-reversal-december/,posts,380287,https://coincu.com/c/casino-reviews/,https://coincu.com/casino-reviews/,0,no_match_in_raw
https://coincu.com/crypto-liquidity-reversal-december/,posts,380287,https://coincu.com/c/markets,https://coincu.com/markets/,0,no_match_in_raw
https://coincu.com/crypto-liquidity-reversal-december/,posts,380287,https://coincu.com/c/pr/press-release/,https://coincu.com/pr/press-release/,0,no_match_in_raw
https://coincu.com/pump-fun-3-297m-buyback/,posts,362529,https://coincu.com/c/casino-reviews/,https://coincu.com/casino-reviews/,0,no_match_in_raw
https://coincu.com/pump-fun-3-297m-buyback/,posts,362529,https://coincu.com/c/markets,https://coincu.com/markets/,0,no_match_in_raw
https://coincu.com/pump-fun-3-297m-buyback/,posts,362529,https://coincu.com/c/pr/press-release/,https://coincu.com/pr/press-release/,0,no_match_in_raw
https://coincu.com/pump-whales-profit-sale/,posts,363311,https://coincu.com/c/casino-reviews/,https://coincu.com/casino-reviews/,0,no_match_in_raw
https://coincu.com/pump-whales-profit-sale/,posts,363311,https://coincu.com/c/pr/press-release/,https://coincu.com/pr/press-release/,0,no_match_in_raw
https://coincu.com/pump-whales-profit-sale/,posts,363311,https://coincu.com/c/analysis,https://coincu.com/analysis/,0,no_match_in_raw
https://coincu.com/binance-bicasso-is-now-live/,posts,177283,https://coincu.com/c/casino-reviews/,https://coincu.com/casino-reviews/,0,no_match_in_raw
https://coincu.com/binance-bicasso-is-now-live/,posts,177283,https://coincu.com/c/pr/press-release/,https://coincu.com/pr/press-release/,0,no_match_in_raw
https://coincu.com/binance-bicasso-is-now-live/,posts,177283,https://coincu.com/c/nft,https://coincu.com/nft/,0,no_match_in_raw
https://coincu.com/coinbase-review-top-trading-platform/,posts,164607,https://coincu.com/c/casino-reviews/,https://coincu.com/casino-reviews/,0,no_match_in_raw
https://coincu.com/coinbase-review-top-trading-platform/,posts,164607,https://coincu.com/c/pr/press-release/,https://coincu.com/pr/press-release/,0,no_match_in_raw
https://coincu.com/coinbase-review-top-trading-platform/,posts,164607,https://coincu.com/c/exchange-reviews,https://coincu.com/exchange-reviews/,0,no_match_in_raw
https://coincu.com/is-coinbase-nft-at-a-deadlock/,posts,164664,https://coincu.com/c/casino-reviews/,https://coincu.com/casino-reviews/,0,no_match_in_raw
https://coincu.com/is-coinbase-nft-at-a-deadlock/,posts,164664,https://coincu.com/c/pr/press-release/,https://coincu.com/pr/press-release/,0,no_match_in_raw
https://coincu.com/is-coinbase-nft-at-a-deadlock/,posts,164664,https://coincu.com/c/knowledge,https://coincu.com/knowledge/,0,no_match_in_raw
https://coincu.com/coinbase-wallet-transaction-preview-approva/,posts,163487,https://coincu.com/c/casino-reviews/,https://coincu.com/casino-reviews/,0,no_match_in_raw
https://coincu.com/coinbase-wallet-transaction-preview-approva/,posts,163487,https://coincu.com/c/pr/press-release/,https://coincu.com/pr/press-release/,0,no_match_in_raw
https://coincu.com/coinbase-wallet-transaction-preview-approva/,posts,163487,https://coincu.com/c/news,https://coincu.com/news/,0,no_match_in_raw
https://coincu.com/celsius-network-a-story-of-greed-and-deception/,posts,204802,https://coincu.com/c/casino-reviews/,https://coincu.com/casino-reviews/,0,no_match_in_raw
https://coincu.com/celsius-network-a-story-of-greed-and-deception/,posts,204802,https://coincu.com/c/pr/press-release/,https://coincu.com/pr/press-release/,0,no_match_in_raw
https://coincu.com/celsius-network-a-story-of-greed-and-deception/,posts,204802,https://coincu.com/c/uncategorized,https://coincu.com/uncategorized/,0,no_match_in_raw
https://coincu.com/celsius-creditor-repayment-of-2-billion-approved/,posts,227512,https://coincu.com/c/casino-reviews/,https://coincu.com/casino-reviews/,0,no_match_in_raw
https://coincu.com/celsius-creditor-repayment-of-2-billion-approved/,posts,227512,https://coincu.com/c/pr/press-release/,https://coincu.com/pr/press-release/,0,no_match_in_raw
https://coincu.com/celsius-creditor-repayment-of-2-billion-approved/,posts,227512,https://coincu.com/c/news,https://coincu.com/news/,0,no_match_in_raw
https://coincu.com/iris-energy-risk-of-default/,posts,140429,https://coincu.com/c/casino-reviews/,https://coincu.com/casino-reviews/,0,no_match_in_raw
https://coincu.com/iris-energy-risk-of-default/,posts,140429,https://coincu.com/c/pr/press-release/,https://coincu.com/pr/press-release/,0,no_match_in_raw
https://coincu.com/iris-energy-risk-of-default/,posts,140429,https://coincu.com/c/news,https://coincu.com/news/,0,no_match_in_raw
https://coincu.com/miners-move-4400-bitcoin-to-binance/,posts,121924,https://coincu.com/c/casino-reviews/,https://coincu.com/casino-reviews/,0,no_match_in_raw
https://coincu.com/miners-move-4400-bitcoin-to-binance/,posts,121924,https://coincu.com/c/pr/press-release/,https://coincu.com/pr/press-release/,0,no_match_in_raw
https://coincu.com/miners-move-4400-bitcoin-to-binance/,posts,121924,https://coincu.com/c/bitcoin,https://coincu.com/bitcoin/,0,no_match_in_raw
https://coincu.com/polygon-selected-by-nexon/,posts,175620,https://coincu.com/c/casino-reviews/,https://coincu.com/casino-reviews/,0,no_match_in_raw
https://coincu.com/polygon-selected-by-nexon/,posts,175620,https://coincu.com/c/pr/press-release/,https://coincu.com/pr/press-release/,0,no_match_in_raw
https://coincu.com/polygon-selected-by-nexon/,posts,175620,https://coincu.com/c/gamefi,https://coincu.com/gamefi/,0,no_match_in_raw
https://coincu.com/top-6-nft-marketplace-development/,posts,119568,https://coincu.com/c/casino-reviews/,https://coincu.com/casino-reviews/,0,no_match_in_raw
https://coincu.com/top-6-nft-marketplace-development/,posts,119568,https://coincu.com/c/pr/press-release/,https://coincu.com/pr/press-release/,0,no_match_in_raw
https://coincu.com/top-6-nft-marketplace-development/,posts,119568,https://coincu.com/c/analysis,https://coincu.com/analysis/,0,no_match_in_raw
https://coincu.com/worldcoin-distributed-90-million-wld-token-to/,posts,209968,https://coincu.com/c/casino-reviews/,https://coincu.com/casino-reviews/,0,no_match_in_raw
https://coincu.com/worldcoin-distributed-90-million-wld-token-to/,posts,209968,https://coincu.com/c/pr/press-release/,https://coincu.com/pr/press-release/,0,no_match_in_raw
https://coincu.com/worldcoin-distributed-90-million-wld-token-to/,posts,209968,https://coincu.com/c/analysis,https://coincu.com/analysis/,0,no_match_in_raw
https://coincu.com/over-3-7-million-wld-withdrawn-binance-okx/,posts,212499,https://coincu.com/c/casino-reviews/,https://coincu.com/casino-reviews/,0,no_match_in_raw
https://coincu.com/over-3-7-million-wld-withdrawn-binance-okx/,posts,212499,https://coincu.com/c/pr/press-release/,https://coincu.com/pr/press-release/,0,no_match_in_raw
https://coincu.com/over-3-7-million-wld-withdrawn-binance-okx/,posts,212499,https://coincu.com/c/uncategorized,https://coincu.com/uncategorized/,0,no_match_in_raw
https://coincu.com/ena-treasury-withdrawals-43-million/,posts,363975,https://coincu.com/c/casino-reviews/,https://coincu.com/casino-reviews/,0,no_match_in_raw
https://coincu.com/ena-treasury-withdrawals-43-million/,posts,363975,https://coincu.com/c/markets,https://coincu.com/markets/,0,no_match_in_raw
https://coincu.com/ena-treasury-withdrawals-43-million/,posts,363975,https://coincu.com/c/pr/press-release/,https://coincu.com/pr/press-release/,0,no_match_in_raw
https://coincu.com/ena-eyes-10-strong-bullish-momentum/,posts,364409,https://coincu.com/c/casino-reviews/,https://coincu.com/casino-reviews/,0,no_match_in_raw
https://coincu.com/ena-eyes-10-strong-bullish-momentum/,posts,364409,https://coincu.com/c/pr/press-release/,https://coincu.com/pr/press-release/,0,no_match_in_raw
https://coincu.com/ena-eyes-10-strong-bullish-momentum/,posts,364409,https://coincu.com/c/analysis,https://coincu.com/analysis/,0,no_match_in_raw
https://coincu.com/congress-asks-dos-to-tell-crypto-payments/,posts,126234,https://coincu.com/c/casino-reviews/,https://coincu.com/casino-reviews/,0,no_match_in_raw
https://coincu.com/congress-asks-dos-to-tell-crypto-payments/,posts,126234,https://coincu.com/c/pr/press-release/,https://coincu.com/pr/press-release/,0,no_match_in_raw
https://coincu.com/congress-asks-dos-to-tell-crypto-payments/,posts,126234,https://coincu.com/c/news,https://coincu.com/news/,0,no_match_in_raw
https://coincu.com/cbdc-are-anticipated-in-the-coming-weeks/,posts,123075,https://coincu.com/c/casino-reviews/,https://coincu.com/casino-reviews/,0,no_match_in_raw
https://coincu.com/cbdc-are-anticipated-in-the-coming-weeks/,posts,123075,https://coincu.com/c/pr/press-release/,https://coincu.com/pr/press-release/,0,no_match_in_raw
https://coincu.com/cbdc-are-anticipated-in-the-coming-weeks/,posts,123075,https://coincu.com/c/news,https://coincu.com/news/,0,no_match_in_raw
https://coincu.com/xrp-rebounds-from-key-support/,posts,380025,https://coincu.com/c/casino-reviews/,https://coincu.com/casino-reviews/,0,no_match_in_raw
https://coincu.com/xrp-rebounds-from-key-support/,posts,380025,https://coincu.com/c/pr/press-release/,https://coincu.com/pr/press-release/,0,no_match_in_raw
https://coincu.com/xrp-rebounds-from-key-support/,posts,380025,https://coincu.com/c/analysis,https://coincu.com/analysis/,0,no_match_in_raw
https://coincu.com/kraken-ink-launches-tydro-protocol/,posts,368994,https://coincu.com/c/casino-reviews/,https://coincu.com/casino-reviews/,0,no_match_in_raw
https://coincu.com/kraken-ink-launches-tydro-protocol/,posts,368994,https://coincu.com/c/pr/press-release/,https://coincu.com/pr/press-release/,0,no_match_in_raw
https://coincu.com/kraken-ink-launches-tydro-protocol/,posts,368994,https://coincu.com/c/ethereum,https://coincu.com/ethereum/,0,no_match_in_raw
https://coincu.com/fractal-bitcoin-mainnet-launch-taps-btc-core-code-for-scaling-solution/,posts,281763,https://coincu.com/c/casino-reviews/,https://coincu.com/casino-reviews/,0,no_match_in_raw
https://coincu.com/fractal-bitcoin-mainnet-launch-taps-btc-core-code-for-scaling-solution/,posts,281763,https://coincu.com/c/pr/press-release/,https://coincu.com/pr/press-release/,0,no_match_in_raw
https://coincu.com/fractal-bitcoin-mainnet-launch-taps-btc-core-code-for-scaling-solution/,posts,281763,https://coincu.com/c/news,https://coincu.com/news/,0,no_match_in_raw
https://coincu.com/btc-eth-bnb-as-binance-converts-1-billion/,posts,173348,https://coincu.com/c/casino-reviews/,https://coincu.com/casino-reviews/,0,no_match_in_raw
https://coincu.com/btc-eth-bnb-as-binance-converts-1-billion/,posts,173348,https://coincu.com/c/markets,https://coincu.com/markets/,0,no_match_in_raw
https://coincu.com/btc-eth-bnb-as-binance-converts-1-billion/,posts,173348,https://coincu.com/c/pr/press-release/,https://coincu.com/pr/press-release/,0,no_match_in_raw
https://coincu.com/okx-ordinals-market-has-recovered-compensation/,posts,240202,https://coincu.com/c/casino-reviews/,https://coincu.com/casino-reviews/,0,no_match_in_raw
https://coincu.com/okx-ordinals-market-has-recovered-compensation/,posts,240202,https://coincu.com/c/pr/press-release/,https://coincu.com/pr/press-release/,0,no_match_in_raw
https://coincu.com/okx-ordinals-market-has-recovered-compensation/,posts,240202,https://coincu.com/c/news,https://coincu.com/news/,0,no_match_in_raw
https://coincu.com/why-you-should-pay-close-attention-bitcoin/,posts,105562,https://coincu.com/c/casino-reviews/,https://coincu.com/casino-reviews/,0,no_match_in_raw
https://coincu.com/why-you-should-pay-close-attention-bitcoin/,posts,105562,https://coincu.com/c/pr/press-release/,https://coincu.com/pr/press-release/,0,no_match_in_raw
https://coincu.com/why-you-should-pay-close-attention-bitcoin/,posts,105562,https://coincu.com/c/bitcoin,https://coincu.com/bitcoin/,0,no_match_in_raw
https://coincu.com/btc-and-eth-expiry-looms-with-billion-dollar/,posts,220862,https://coincu.com/c/casino-reviews/,https://coincu.com/casino-reviews/,0,no_match_in_raw
https://coincu.com/btc-and-eth-expiry-looms-with-billion-dollar/,posts,220862,https://coincu.com/c/pr/press-release/,https://coincu.com/pr/press-release/,0,no_match_in_raw
https://coincu.com/btc-and-eth-expiry-looms-with-billion-dollar/,posts,220862,https://coincu.com/c/news,https://coincu.com/news/,0,no_match_in_raw
https://coincu.com/softer-cpi-labor-data-may-prompt-fed-rate-cuts/,posts,267727,https://coincu.com/c/casino-reviews/,https://coincu.com/casino-reviews/,0,no_match_in_raw
https://coincu.com/softer-cpi-labor-data-may-prompt-fed-rate-cuts/,posts,267727,https://coincu.com/c/pr/press-release/,https://coincu.com/pr/press-release/,0,no_match_in_raw
https://coincu.com/softer-cpi-labor-data-may-prompt-fed-rate-cuts/,posts,267727,https://coincu.com/c/news,https://coincu.com/news/,0,no_match_in_raw
https://coincu.com/richest-whale-wallet-btc-make-102m-a-month/,posts,104955,https://coincu.com/c/casino-reviews/,https://coincu.com/casino-reviews/,0,no_match_in_raw
https://coincu.com/richest-whale-wallet-btc-make-102m-a-month/,posts,104955,https://coincu.com/c/pr/press-release/,https://coincu.com/pr/press-release/,0,no_match_in_raw
https://coincu.com/richest-whale-wallet-btc-make-102m-a-month/,posts,104955,https://coincu.com/c/uncategorized,https://coincu.com/uncategorized/,0,no_match_in_raw
https://coincu.com/bitcoin-is-set-to-net-zero-emission-by-2024/,posts,122617,https://coincu.com/c/casino-reviews/,https://coincu.com/casino-reviews/,0,no_match_in_raw
https://coincu.com/bitcoin-is-set-to-net-zero-emission-by-2024/,posts,122617,https://coincu.com/c/pr/press-release/,https://coincu.com/pr/press-release/,0,no_match_in_raw
https://coincu.com/bitcoin-is-set-to-net-zero-emission-by-2024/,posts,122617,https://coincu.com/c/bitcoin,https://coincu.com/bitcoin/,0,no_match_in_raw
https://coincu.com/bitcoin-miner-survey-stopped-after-riots-lawsuit/,posts,248912,https://coincu.com/c/casino-reviews/,https://coincu.com/casino-reviews/,0,no_match_in_raw
https://coincu.com/bitcoin-miner-survey-stopped-after-riots-lawsuit/,posts,248912,https://coincu.com/c/pr/press-release/,https://coincu.com/pr/press-release/,0,no_match_in_raw
https://coincu.com/bitcoin-miner-survey-stopped-after-riots-lawsuit/,posts,248912,https://coincu.com/c/news,https://coincu.com/news/,0,no_match_in_raw
https://coincu.com/cipher-mining-plans-raise-250-million/,posts,127429,https://coincu.com/c/casino-reviews/,https://coincu.com/casino-reviews/,0,no_match_in_raw
https://coincu.com/cipher-mining-plans-raise-250-million/,posts,127429,https://coincu.com/c/pr/press-release/,https://coincu.com/pr/press-release/,0,no_match_in_raw
https://coincu.com/cipher-mining-plans-raise-250-million/,posts,127429,https://coincu.com/c/news,https://coincu.com/news/,0,no_match_in_raw
https://coincu.com/warner-bros-launch-lord-of-the-rings-nfts/,posts,135544,https://coincu.com/c/casino-reviews/,https://coincu.com/casino-reviews/,0,no_match_in_raw
https://coincu.com/warner-bros-launch-lord-of-the-rings-nfts/,posts,135544,https://coincu.com/c/pr/press-release/,https://coincu.com/pr/press-release/,0,no_match_in_raw
https://coincu.com/warner-bros-launch-lord-of-the-rings-nfts/,posts,135544,https://coincu.com/c/nfts-news,https://coincu.com/nfts-news/,0,no_match_in_raw
https://coincu.com/cipher-mining-impressive-bitcoin-mining/,posts,164052,https://coincu.com/c/casino-reviews/,https://coincu.com/casino-reviews/,0,no_match_in_raw
https://coincu.com/cipher-mining-impressive-bitcoin-mining/,posts,164052,https://coincu.com/c/pr/press-release/,https://coincu.com/pr/press-release/,0,no_match_in_raw
https://coincu.com/cipher-mining-impressive-bitcoin-mining/,posts,164052,https://coincu.com/c/news,https://coincu.com/news/,0,no_match_in_raw
https://coincu.com/ethereum-non-zero-wallets-ath/,posts,107236,https://coincu.com/c/casino-reviews/,https://coincu.com/casino-reviews/,0,no_match_in_raw
https://coincu.com/ethereum-non-zero-wallets-ath/,posts,107236,https://coincu.com/c/pr/press-release/,https://coincu.com/pr/press-release/,0,no_match_in_raw
https://coincu.com/ethereum-non-zero-wallets-ath/,posts,107236,https://coincu.com/c/blockchain,https://coincu.com/blockchain/,0,no_match_in_raw
https://coincu.com/helix-ceos-brother-stealing-712-btc-irs/,posts,158796,https://coincu.com/c/casino-reviews/,https://coincu.com/casino-reviews/,0,no_match_in_raw
https://coincu.com/helix-ceos-brother-stealing-712-btc-irs/,posts,158796,https://coincu.com/c/pr/press-release/,https://coincu.com/pr/press-release/,0,no_match_in_raw
https://coincu.com/helix-ceos-brother-stealing-712-btc-irs/,posts,158796,https://coincu.com/c/news,https://coincu.com/news/,0,no_match_in_raw
https://coincu.com/bitcoin-launderer-gets-3-years-in-prison/,posts,292369,https://coincu.com/c/casino-reviews/,https://coincu.com/casino-reviews/,0,no_match_in_raw
https://coincu.com/bitcoin-launderer-gets-3-years-in-prison/,posts,292369,https://coincu.com/c/pr/press-release/,https://coincu.com/pr/press-release/,0,no_match_in_raw
https://coincu.com/bitcoin-launderer-gets-3-years-in-prison/,posts,292369,https://coincu.com/c/news,https://coincu.com/news/,0,no_match_in_raw
https://coincu.com/crypto-pressure-economic-turbulence/,posts,391249,https://coincu.com/c/casino-reviews/,https://coincu.com/casino-reviews/,0,no_match_in_raw
https://coincu.com/crypto-pressure-economic-turbulence/,posts,391249,https://coincu.com/c/markets,https://coincu.com/markets/,0,no_match_in_raw
https://coincu.com/crypto-pressure-economic-turbulence/,posts,391249,https://coincu.com/c/pr/press-release/,https://coincu.com/pr/press-release/,0,no_match_in_raw
https://coincu.com/stablecoins-remittance-impact/,posts,389448,https://coincu.com/c/casino-reviews/,https://coincu.com/casino-reviews/,0,no_match_in_raw
https://coincu.com/stablecoins-remittance-impact/,posts,389448,https://coincu.com/c/pr/press-release/,https://coincu.com/pr/press-release/,0,no_match_in_raw
https://coincu.com/stablecoins-remittance-impact/,posts,389448,https://coincu.com/c/news,https://coincu.com/news/,0,no_match_in_raw
https://coincu.com/crypto-market-rebound-short-squeeze/,posts,388866,https://coincu.com/c/casino-reviews/,https://coincu.com/casino-reviews/,0,no_match_in_raw
https://coincu.com/crypto-market-rebound-short-squeeze/,posts,388866,https://coincu.com/c/markets,https://coincu.com/markets/,0,no_match_in_raw
https://coincu.com/crypto-market-rebound-short-squeeze/,posts,388866,https://coincu.com/c/pr/press-release/,https://coincu.com/pr/press-release/,0,no_match_in_raw
https://coincu.com/btc-bullish-retest/,posts,389294,https://coincu.com/c/casino-reviews/,https://coincu.com/casino-reviews/,0,no_match_in_raw
https://coincu.com/btc-bullish-retest/,posts,389294,https://coincu.com/c/pr/press-release/,https://coincu.com/pr/press-release/,0,no_match_in_raw
https://coincu.com/btc-bullish-retest/,posts,389294,https://coincu.com/c/analysis,https://coincu.com/analysis/,0,no_match_in_raw
https://coincu.com/iran-maps-us-bases-tensions/,posts,344192,https://coincu.com/c/casino-reviews/,https://coincu.com/casino-reviews/,0,no_match_in_raw
https://coincu.com/iran-maps-us-bases-tensions/,posts,344192,https://coincu.com/c/pr/press-release/,https://coincu.com/pr/press-release/,0,no_match_in_raw
https://coincu.com/iran-maps-us-bases-tensions/,posts,344192,https://coincu.com/c/analysis,https://coincu.com/analysis/,0,no_match_in_raw
https://coincu.com/binance-ruble-payment-partnership-terminates/,posts,226305,https://coincu.com/c/casino-reviews/,https://coincu.com/casino-reviews/,0,no_match_in_raw
https://coincu.com/binance-ruble-payment-partnership-terminates/,posts,226305,https://coincu.com/c/pr/press-release/,https://coincu.com/pr/press-release/,0,no_match_in_raw
https://coincu.com/binance-ruble-payment-partnership-terminates/,posts,226305,https://coincu.com/c/news,https://coincu.com/news/,0,no_match_in_raw
https://coincu.com/sec-thwarts-191m-cattle-ponzi-scheme/,posts,236841,https://coincu.com/c/casino-reviews/,https://coincu.com/casino-reviews/,0,no_match_in_raw
https://coincu.com/sec-thwarts-191m-cattle-ponzi-scheme/,posts,236841,https://coincu.com/c/pr/press-release/,https://coincu.com/pr/press-release/,0,no_match_in_raw
https://coincu.com/sec-thwarts-191m-cattle-ponzi-scheme/,posts,236841,https://coincu.com/c/news,https://coincu.com/news/,0,no_match_in_raw
https://coincu.com/proofs-aax-rug-pull-5000-eth-hot-wallet/,posts,147591,https://coincu.com/c/casino-reviews/,https://coincu.com/casino-reviews/,0,no_match_in_raw
https://coincu.com/proofs-aax-rug-pull-5000-eth-hot-wallet/,posts,147591,https://coincu.com/c/pr/press-release/,https://coincu.com/pr/press-release/,0,no_match_in_raw
https://coincu.com/proofs-aax-rug-pull-5000-eth-hot-wallet/,posts,147591,https://coincu.com/c/news,https://coincu.com/news/,0,no_match_in_raw
https://coincu.com/gateio-notifies-deposit-withdrawal-services/,posts,153024,https://coincu.com/c/casino-reviews/,https://coincu.com/casino-reviews/,0,no_match_in_raw
https://coincu.com/gateio-notifies-deposit-withdrawal-services/,posts,153024,https://coincu.com/c/pr/press-release/,https://coincu.com/pr/press-release/,0,no_match_in_raw
https://coincu.com/gateio-notifies-deposit-withdrawal-services/,posts,153024,https://coincu.com/c/news,https://coincu.com/news/,0,no_match_in_raw
https://coincu.com/genesis-mediation-process/,posts,184625,https://coincu.com/c/casino-reviews/,https://coincu.com/casino-reviews/,0,no_match_in_raw
https://coincu.com/genesis-mediation-process/,posts,184625,https://coincu.com/c/pr/press-release/,https://coincu.com/pr/press-release/,0,no_match_in_raw
https://coincu.com/genesis-mediation-process/,posts,184625,https://coincu.com/c/news,https://coincu.com/news/,0,no_match_in_raw
https://coincu.com/court-approved-an-examiner-celsius/,posts,129189,https://coincu.com/c/casino-reviews/,https://coincu.com/casino-reviews/,0,no_match_in_raw
https://coincu.com/court-approved-an-examiner-celsius/,posts,129189,https://coincu.com/c/pr/press-release/,https://coincu.com/pr/press-release/,0,no_match_in_raw
https://coincu.com/court-approved-an-examiner-celsius/,posts,129189,https://coincu.com/c/news,https://coincu.com/news/,0,no_match_in_raw
https://coincu.com/website-rates-doxxed-celsius-users/,posts,132410,https://coincu.com/c/casino-reviews/,https://coincu.com/casino-reviews/,0,no_match_in_raw
https://coincu.com/website-rates-doxxed-celsius-users/,posts,132410,https://coincu.com/c/pr/press-release/,https://coincu.com/pr/press-release/,0,no_match_in_raw
https://coincu.com/website-rates-doxxed-celsius-users/,posts,132410,https://coincu.com/c/news,https://coincu.com/news/,0,no_match_in_raw
https://coincu.com/solana-continues-outage/,posts,129695,https://coincu.com/c/casino-reviews/,https://coincu.com/casino-reviews/,0,no_match_in_raw
https://coincu.com/solana-continues-outage/,posts,129695,https://coincu.com/c/pr/press-release/,https://coincu.com/pr/press-release/,0,no_match_in_raw
https://coincu.com/solana-continues-outage/,posts,129695,https://coincu.com/c/blockchain,https://coincu.com/blockchain/,0,no_match_in_raw
https://coincu.com/solana-labs-uses-only-part-250m-fund/,posts,146822,https://coincu.com/c/casino-reviews/,https://coincu.com/casino-reviews/,0,no_match_in_raw
https://coincu.com/solana-labs-uses-only-part-250m-fund/,posts,146822,https://coincu.com/c/pr/press-release/,https://coincu.com/pr/press-release/,0,no_match_in_raw
https://coincu.com/solana-labs-uses-only-part-250m-fund/,posts,146822,https://coincu.com/c/gamefi,https://coincu.com/gamefi/,0,no_match_in_raw
https://coincu.com/polygon-nft-volume-boosts/,posts,166405,https://coincu.com/c/casino-reviews/,https://coincu.com/casino-reviews/,0,no_match_in_raw
https://coincu.com/polygon-nft-volume-boosts/,posts,166405,https://coincu.com/c/pr/press-release/,https://coincu.com/pr/press-release/,0,no_match_in_raw
https://coincu.com/polygon-nft-volume-boosts/,posts,166405,https://coincu.com/c/nfts-news,https://coincu.com/nfts-news/,0,no_match_in_raw
https://coincu.com/gamefi-momentum/,posts,167153,https://coincu.com/c/casino-reviews/,https://coincu.com/casino-reviews/,0,no_match_in_raw
https://coincu.com/gamefi-momentum/,posts,167153,https://coincu.com/c/pr/press-release/,https://coincu.com/pr/press-release/,0,no_match_in_raw
https://coincu.com/gamefi-momentum/,posts,167153,https://coincu.com/c/knowledge,https://coincu.com/knowledge/,0,no_match_in_raw
https://coincu.com/top-5-bitcoin-miners-not-selling-bitcoin-in-anticipation-of-halving/,posts,255635,https://coincu.com/c/casino-reviews/,https://coincu.com/casino-reviews/,0,no_match_in_raw
https://coincu.com/top-5-bitcoin-miners-not-selling-bitcoin-in-anticipation-of-halving/,posts,255635,https://coincu.com/c/pr/press-release/,https://coincu.com/pr/press-release/,0,no_match_in_raw
https://coincu.com/top-5-bitcoin-miners-not-selling-bitcoin-in-anticipation-of-halving/,posts,255635,https://coincu.com/c/news,https://coincu.com/news/,0,no_match_in_raw
https://coincu.com/hodlnaut-interrupts-withdrawals-liquidity/,posts,115648,https://coincu.com/c/casino-reviews/,https://coincu.com/casino-reviews/,0,no_match_in_raw
https://coincu.com/hodlnaut-interrupts-withdrawals-liquidity/,posts,115648,https://coincu.com/c/pr/press-release/,https://coincu.com/pr/press-release/,0,no_match_in_raw
https://coincu.com/hodlnaut-interrupts-withdrawals-liquidity/,posts,115648,https://coincu.com/c/news,https://coincu.com/news/,0,no_match_in_raw
https://coincu.com/cowswap-hacked-200000-stolen/,posts,165400,https://coincu.com/c/casino-reviews/,https://coincu.com/casino-reviews/,0,no_match_in_raw
https://coincu.com/cowswap-hacked-200000-stolen/,posts,165400,https://coincu.com/c/markets,https://coincu.com/markets/,0,no_match_in_raw
https://coincu.com/cowswap-hacked-200000-stolen/,posts,165400,https://coincu.com/c/pr/press-release/,https://coincu.com/pr/press-release/,0,no_match_in_raw
https://coincu.com/onekey-card-suspends-applications-china-russia/,posts,208988,https://coincu.com/c/casino-reviews/,https://coincu.com/casino-reviews/,0,no_match_in_raw
https://coincu.com/onekey-card-suspends-applications-china-russia/,posts,208988,https://coincu.com/c/pr/press-release/,https://coincu.com/pr/press-release/,0,no_match_in_raw
https://coincu.com/onekey-card-suspends-applications-china-russia/,posts,208988,https://coincu.com/c/news,https://coincu.com/news/,0,no_match_in_raw
https://coincu.com/onekey-raises-20-million/,posts,128591,https://coincu.com/c/casino-reviews/,https://coincu.com/casino-reviews/,0,no_match_in_raw
https://coincu.com/onekey-raises-20-million/,posts,128591,https://coincu.com/c/pr/press-release/,https://coincu.com/pr/press-release/,0,no_match_in_raw
https://coincu.com/onekey-raises-20-million/,posts,128591,https://coincu.com/c/news,https://coincu.com/news/,0,no_match_in_raw
https://coincu.com/unciphered-ripple-cto-wallet-recover-7002-btc/,posts,225645,https://coincu.com/c/casino-reviews/,https://coincu.com/casino-reviews/,0,no_match_in_raw
https://coincu.com/unciphered-ripple-cto-wallet-recover-7002-btc/,posts,225645,https://coincu.com/c/pr/press-release/,https://coincu.com/pr/press-release/,0,no_match_in_raw
https://coincu.com/unciphered-ripple-cto-wallet-recover-7002-btc/,posts,225645,https://coincu.com/c/news,https://coincu.com/news/,0,no_match_in_raw
https://coincu.com/why-litecoins-latest-move-is-turning-heads/,posts,187372,https://coincu.com/c/casino-reviews/,https://coincu.com/casino-reviews/,0,no_match_in_raw
https://coincu.com/why-litecoins-latest-move-is-turning-heads/,posts,187372,https://coincu.com/c/pr/press-release/,https://coincu.com/pr/press-release/,0,no_match_in_raw
https://coincu.com/why-litecoins-latest-move-is-turning-heads/,posts,187372,https://coincu.com/c/uncategorized,https://coincu.com/uncategorized/,0,no_match_in_raw
https://coincu.com/hazards-of-shadow-banking-in-crypto/,posts,170320,https://coincu.com/c/casino-reviews/,https://coincu.com/casino-reviews/,0,no_match_in_raw
https://coincu.com/hazards-of-shadow-banking-in-crypto/,posts,170320,https://coincu.com/c/pr/press-release/,https://coincu.com/pr/press-release/,0,no_match_in_raw
https://coincu.com/hazards-of-shadow-banking-in-crypto/,posts,170320,https://coincu.com/c/knowledge,https://coincu.com/knowledge/,0,no_match_in_raw
https://coincu.com/bitfinex-confirms-2-eth-tokens-after-merge/,posts,119573,https://coincu.com/c/casino-reviews/,https://coincu.com/casino-reviews/,0,no_match_in_raw
https://coincu.com/bitfinex-confirms-2-eth-tokens-after-merge/,posts,119573,https://coincu.com/c/pr/press-release/,https://coincu.com/pr/press-release/,0,no_match_in_raw
https://coincu.com/bitfinex-confirms-2-eth-tokens-after-merge/,posts,119573,https://coincu.com/c/news,https://coincu.com/news/,0,no_match_in_raw
https://coincu.com/btfd-coin-floki-inu-and-fartcoin-among-the-top-meme-coins-to-buy-and-hold-for-2025/,posts,300062,https://coincu.com/c/casino-reviews/,https://coincu.com/casino-reviews/,0,no_match_in_raw
https://coincu.com/btfd-coin-floki-inu-and-fartcoin-among-the-top-meme-coins-to-buy-and-hold-for-2025/,posts,300062,https://coincu.com/c/pr/press-release/,https://coincu.com/pr/press-release/,0,no_match_in_raw
https://coincu.com/btfd-coin-floki-inu-and-fartcoin-among-the-top-meme-coins-to-buy-and-hold-for-2025/,posts,300062,https://coincu.com/c/cmc,https://coincu.com/cmc/,0,no_match_in_raw
https://coincu.com/best-new-meme-coins-to-invest-in-now-btfd-bonk-fartcoin/,posts,298296,https://coincu.com/c/casino-reviews/,https://coincu.com/casino-reviews/,0,no_match_in_raw
https://coincu.com/best-new-meme-coins-to-invest-in-now-btfd-bonk-fartcoin/,posts,298296,https://coincu.com/c/press-release,https://coincu.com/press-release/,0,no_match_in_raw
https://coincu.com/best-new-meme-coins-to-invest-in-now-btfd-bonk-fartcoin/,posts,298296,https://coincu.com/c/pr/press-release/,https://coincu.com/pr/press-release/,0,no_match_in_raw
https://coincu.com/best-meme-coins-to-invest-in-for-short-term-btfd-coin-bonk-and-fartcoin/,posts,299304,https://coincu.com/c/casino-reviews/,https://coincu.com/casino-reviews/,0,no_match_in_raw
https://coincu.com/best-meme-coins-to-invest-in-for-short-term-btfd-coin-bonk-and-fartcoin/,posts,299304,https://coincu.com/c/pr/press-release/,https://coincu.com/pr/press-release/,0,no_match_in_raw
https://coincu.com/best-meme-coins-to-invest-in-for-short-term-btfd-coin-bonk-and-fartcoin/,posts,299304,https://coincu.com/c/cmc,https://coincu.com/cmc/,0,no_match_in_raw
https://coincu.com/israeli-court-decides-150-blocked-wallets/,posts,153202,https://coincu.com/c/casino-reviews/,https://coincu.com/casino-reviews/,0,no_match_in_raw
https://coincu.com/israeli-court-decides-150-blocked-wallets/,posts,153202,https://coincu.com/c/pr/press-release/,https://coincu.com/pr/press-release/,0,no_match_in_raw
https://coincu.com/israeli-court-decides-150-blocked-wallets/,posts,153202,https://coincu.com/c/news,https://coincu.com/news/,0,no_match_in_raw
https://coincu.com/bitcoin-strategic-reserve-proposed-in-us/,posts,297534,https://coincu.com/c/casino-reviews/,https://coincu.com/casino-reviews/,0,no_match_in_raw
https://coincu.com/bitcoin-strategic-reserve-proposed-in-us/,posts,297534,https://coincu.com/c/pr/press-release/,https://coincu.com/pr/press-release/,0,no_match_in_raw
https://coincu.com/bitcoin-strategic-reserve-proposed-in-us/,posts,297534,https://coincu.com/c/news,https://coincu.com/news/,0,no_match_in_raw
https://coincu.com/will-bitcoin-hit-100k-by-year-end-as-hopes-rise/,posts,291586,https://coincu.com/c/casino-reviews/,https://coincu.com/casino-reviews/,0,no_match_in_raw
https://coincu.com/will-bitcoin-hit-100k-by-year-end-as-hopes-rise/,posts,291586,https://coincu.com/c/pr/press-release/,https://coincu.com/pr/press-release/,0,no_match_in_raw
https://coincu.com/will-bitcoin-hit-100k-by-year-end-as-hopes-rise/,posts,291586,https://coincu.com/c/news,https://coincu.com/news/,0,no_match_in_raw
https://coincu.com/prediction-market-crypto-oct-9-oct-15/,posts,223559,https://coincu.com/c/casino-reviews/,https://coincu.com/casino-reviews/,0,no_match_in_raw
https://coincu.com/prediction-market-crypto-oct-9-oct-15/,posts,223559,https://coincu.com/c/pr/press-release/,https://coincu.com/pr/press-release/,0,no_match_in_raw
https://coincu.com/prediction-market-crypto-oct-9-oct-15/,posts,223559,https://coincu.com/c/analysis,https://coincu.com/analysis/,0,no_match_in_raw
https://coincu.com/mk-oct2-oct8-prediction-market-crypto/,posts,222337,https://coincu.com/c/casino-reviews/,https://coincu.com/casino-reviews/,0,no_match_in_raw
https://coincu.com/mk-oct2-oct8-prediction-market-crypto/,posts,222337,https://coincu.com/c/pr/press-release/,https://coincu.com/pr/press-release/,0,no_match_in_raw
https://coincu.com/mk-oct2-oct8-prediction-market-crypto/,posts,222337,https://coincu.com/c/analysis,https://coincu.com/analysis/,0,no_match_in_raw
https://coincu.com/kraken-australia-loses-case-to-a-regulator/,posts,279577,https://coincu.com/c/casino-reviews/,https://coincu.com/casino-reviews/,0,no_match_in_raw
https://coincu.com/kraken-australia-loses-case-to-a-regulator/,posts,279577,https://coincu.com/c/pr/press-release/,https://coincu.com/pr/press-release/,0,no_match_in_raw
https://coincu.com/kraken-australia-loses-case-to-a-regulator/,posts,279577,https://coincu.com/c/news,https://coincu.com/news/,0,no_match_in_raw
https://coincu.com/valio-goes-public-on-arbitrum-and-optimism/,posts,208824,https://coincu.com/c/casino-reviews/,https://coincu.com/casino-reviews/,0,no_match_in_raw
https://coincu.com/valio-goes-public-on-arbitrum-and-optimism/,posts,208824,https://coincu.com/c/pr/press-release/,https://coincu.com/pr/press-release/,0,no_match_in_raw
https://coincu.com/valio-goes-public-on-arbitrum-and-optimism/,posts,208824,https://coincu.com/c/news,https://coincu.com/news/,0,no_match_in_raw
https://coincu.com/helio-lending-faces-unique-sentence/,posts,211663,https://coincu.com/c/casino-reviews/,https://coincu.com/casino-reviews/,0,no_match_in_raw
https://coincu.com/helio-lending-faces-unique-sentence/,posts,211663,https://coincu.com/c/pr/press-release/,https://coincu.com/pr/press-release/,0,no_match_in_raw
https://coincu.com/helio-lending-faces-unique-sentence/,posts,211663,https://coincu.com/c/news,https://coincu.com/news/,0,no_match_in_raw
https://coincu.com/cuscal-imposes-crypto-restrictions/,posts,196607,https://coincu.com/c/casino-reviews/,https://coincu.com/casino-reviews/,0,no_match_in_raw
https://coincu.com/cuscal-imposes-crypto-restrictions/,posts,196607,https://coincu.com/c/pr/press-release/,https://coincu.com/pr/press-release/,0,no_match_in_raw
https://coincu.com/cuscal-imposes-crypto-restrictions/,posts,196607,https://coincu.com/c/news,https://coincu.com/news/,0,no_match_in_raw
https://coincu.com/binance-australia-rise-in-crypto-scams/,posts,188516,https://coincu.com/c/casino-reviews/,https://coincu.com/casino-reviews/,0,no_match_in_raw
https://coincu.com/binance-australia-rise-in-crypto-scams/,posts,188516,https://coincu.com/c/pr/press-release/,https://coincu.com/pr/press-release/,0,no_match_in_raw
https://coincu.com/binance-australia-rise-in-crypto-scams/,posts,188516,https://coincu.com/c/news,https://coincu.com/news/,0,no_match_in_raw
https://coincu.com/binance-australia-officially-stopped-aud/,posts,191438,https://coincu.com/c/casino-reviews/,https://coincu.com/casino-reviews/,0,no_match_in_raw
https://coincu.com/binance-australia-officially-stopped-aud/,posts,191438,https://coincu.com/c/pr/press-release/,https://coincu.com/pr/press-release/,0,no_match_in_raw
https://coincu.com/binance-australia-officially-stopped-aud/,posts,191438,https://coincu.com/c/news,https://coincu.com/news/,0,no_match_in_raw
https://coincu.com/goblin-sax-allows-instant-nft/,posts,139094,https://coincu.com/c/casino-reviews/,https://coincu.com/casino-reviews/,0,no_match_in_raw
https://coincu.com/goblin-sax-allows-instant-nft/,posts,139094,https://coincu.com/c/pr/press-release/,https://coincu.com/pr/press-release/,0,no_match_in_raw
https://coincu.com/goblin-sax-allows-instant-nft/,posts,139094,https://coincu.com/c/nfts-news,https://coincu.com/nfts-news/,0,no_match_in_raw
https://coincu.com/paraspace-nftfis-innovative-gameplay/,posts,170652,https://coincu.com/c/casino-reviews/,https://coincu.com/casino-reviews/,0,no_match_in_raw
https://coincu.com/paraspace-nftfis-innovative-gameplay/,posts,170652,https://coincu.com/c/pr/press-release/,https://coincu.com/pr/press-release/,0,no_match_in_raw
https://coincu.com/paraspace-nftfis-innovative-gameplay/,posts,170652,https://coincu.com/c/knowledge,https://coincu.com/knowledge/,0,no_match_in_raw
https://coincu.com/nftfi-review-top-5-projects-to-keep-an-eye/,posts,223336,https://coincu.com/c/casino-reviews/,https://coincu.com/casino-reviews/,0,no_match_in_raw
https://coincu.com/nftfi-review-top-5-projects-to-keep-an-eye/,posts,223336,https://coincu.com/c/pr/press-release/,https://coincu.com/pr/press-release/,0,no_match_in_raw
https://coincu.com/nftfi-review-top-5-projects-to-keep-an-eye/,posts,223336,https://coincu.com/c/top-projects,https://coincu.com/top-projects/,0,no_match_in_raw
https://coincu.com/btc-hits-key-resistance/,posts,377501,https://coincu.com/c/casino-reviews/,https://coincu.com/casino-reviews/,0,no_match_in_raw
https://coincu.com/btc-hits-key-resistance/,posts,377501,https://coincu.com/c/pr/press-release/,https://coincu.com/pr/press-release/,0,no_match_in_raw
https://coincu.com/btc-hits-key-resistance/,posts,377501,https://coincu.com/c/analysis,https://coincu.com/analysis/,0,no_match_in_raw
https://coincu.com/trump-signs-genius-act-crypto-framework/,posts,390334,https://coincu.com/c/casino-reviews/,https://coincu.com/casino-reviews/,0,no_match_in_raw
https://coincu.com/trump-signs-genius-act-crypto-framework/,posts,390334,https://coincu.com/c/pr/press-release/,https://coincu.com/pr/press-release/,0,no_match_in_raw
https://coincu.com/trump-signs-genius-act-crypto-framework/,posts,390334,https://coincu.com/c/news,https://coincu.com/news/,0,no_match_in_raw
https://coincu.com/btc-stop-hunt-at-74k-is-the-bull-run/,posts,393454,https://coincu.com/c/casino-reviews/,https://coincu.com/casino-reviews/,0,no_match_in_raw
https://coincu.com/btc-stop-hunt-at-74k-is-the-bull-run/,posts,393454,https://coincu.com/c/pr/press-release/,https://coincu.com/pr/press-release/,0,no_match_in_raw
https://coincu.com/btc-stop-hunt-at-74k-is-the-bull-run/,posts,393454,https://coincu.com/c/analysis,https://coincu.com/analysis/,0,no_match_in_raw
https://coincu.com/seba-bank-partners-with-hashkey/,posts,149227,https://coincu.com/c/casino-reviews/,https://coincu.com/casino-reviews/,0,no_match_in_raw
https://coincu.com/seba-bank-partners-with-hashkey/,posts,149227,https://coincu.com/c/pr/press-release/,https://coincu.com/pr/press-release/,0,no_match_in_raw
https://coincu.com/seba-bank-partners-with-hashkey/,posts,149227,https://coincu.com/c/news,https://coincu.com/news/,0,no_match_in_raw
https://coincu.com/hong-kong-retail-invest-virtual-assets/,posts,135713,https://coincu.com/c/casino-reviews/,https://coincu.com/casino-reviews/,0,no_match_in_raw
https://coincu.com/hong-kong-retail-invest-virtual-assets/,posts,135713,https://coincu.com/c/markets,https://coincu.com/markets/,0,no_match_in_raw
https://coincu.com/hong-kong-retail-invest-virtual-assets/,posts,135713,https://coincu.com/c/pr/press-release/,https://coincu.com/pr/press-release/,0,no_match_in_raw
https://coincu.com/seba-bank-offers-regulatory-custody/,posts,136944,https://coincu.com/c/casino-reviews/,https://coincu.com/casino-reviews/,0,no_match_in_raw
https://coincu.com/seba-bank-offers-regulatory-custody/,posts,136944,https://coincu.com/c/pr/press-release/,https://coincu.com/pr/press-release/,0,no_match_in_raw
https://coincu.com/seba-bank-offers-regulatory-custody/,posts,136944,https://coincu.com/c/news,https://coincu.com/news/,0,no_match_in_raw
https://coincu.com/imtokens-transfer-tron-usdt-to-ethereum/,posts,205338,https://coincu.com/c/casino-reviews/,https://coincu.com/casino-reviews/,0,no_match_in_raw
https://coincu.com/imtokens-transfer-tron-usdt-to-ethereum/,posts,205338,https://coincu.com/c/pr/press-release/,https://coincu.com/pr/press-release/,0,no_match_in_raw
https://coincu.com/imtokens-transfer-tron-usdt-to-ethereum/,posts,205338,https://coincu.com/c/news,https://coincu.com/news/,0,no_match_in_raw
https://coincu.com/hong-kong-leads-crypto-ready-region/,posts,217861,https://coincu.com/c/casino-reviews/,https://coincu.com/casino-reviews/,0,no_match_in_raw
https://coincu.com/hong-kong-leads-crypto-ready-region/,posts,217861,https://coincu.com/c/pr/press-release/,https://coincu.com/pr/press-release/,0,no_match_in_raw
https://coincu.com/hong-kong-leads-crypto-ready-region/,posts,217861,https://coincu.com/c/news,https://coincu.com/news/,0,no_match_in_raw
https://coincu.com/memecoin-announced-the-new-airdrop/,posts,204272,https://coincu.com/c/casino-reviews/,https://coincu.com/casino-reviews/,0,no_match_in_raw
https://coincu.com/memecoin-announced-the-new-airdrop/,posts,204272,https://coincu.com/c/pr/press-release/,https://coincu.com/pr/press-release/,0,no_match_in_raw
https://coincu.com/memecoin-announced-the-new-airdrop/,posts,204272,https://coincu.com/c/airdrop,https://coincu.com/airdrop/,0,no_match_in_raw
https://coincu.com/multichain-to-stop-all-services/,posts,200910,https://coincu.com/c/casino-reviews/,https://coincu.com/casino-reviews/,0,no_match_in_raw
https://coincu.com/multichain-to-stop-all-services/,posts,200910,https://coincu.com/c/pr/press-release/,https://coincu.com/pr/press-release/,0,no_match_in_raw
https://coincu.com/multichain-to-stop-all-services/,posts,200910,https://coincu.com/c/scam-alert,https://coincu.com/scam-alert/,0,no_match_in_raw
https://coincu.com/bitcoin-spot-etfs-see-massive-123m-inflows/,posts,254735,https://coincu.com/c/casino-reviews/,https://coincu.com/casino-reviews/,0,no_match_in_raw
https://coincu.com/bitcoin-spot-etfs-see-massive-123m-inflows/,posts,254735,https://coincu.com/c/pr/press-release/,https://coincu.com/pr/press-release/,0,no_match_in_raw
https://coincu.com/bitcoin-spot-etfs-see-massive-123m-inflows/,posts,254735,https://coincu.com/c/news,https://coincu.com/news/,0,no_match_in_raw
https://coincu.com/binance-gets-mvp-license/,posts,126525,https://coincu.com/c/casino-reviews/,https://coincu.com/casino-reviews/,0,no_match_in_raw
https://coincu.com/binance-gets-mvp-license/,posts,126525,https://coincu.com/c/pr/press-release/,https://coincu.com/pr/press-release/,0,no_match_in_raw
https://coincu.com/binance-gets-mvp-license/,posts,126525,https://coincu.com/c/news,https://coincu.com/news/,0,no_match_in_raw
https://coincu.com/canadian-spins-extravaganza-best-online-casino/,posts,240727,https://coincu.com/c/casino-reviews/,https://coincu.com/casino-reviews/,0,no_match_in_raw
https://coincu.com/canadian-spins-extravaganza-best-online-casino/,posts,240727,https://coincu.com/c/pr/press-release/,https://coincu.com/pr/press-release/,0,no_match_in_raw
https://coincu.com/canadian-spins-extravaganza-best-online-casino/,posts,240727,https://coincu.com/c/organic-coverage-pr,https://coincu.com/organic-coverage-pr/,0,no_match_in_raw
https://coincu.com/exploring-the-dynamic-world-of-new-online-casino-sites/,posts,305472,https://coincu.com/c/casino-reviews/,https://coincu.com/casino-reviews/,0,no_match_in_raw
https://coincu.com/exploring-the-dynamic-world-of-new-online-casino-sites/,posts,305472,https://coincu.com/c/press-release,https://coincu.com/press-release/,0,no_match_in_raw
https://coincu.com/exploring-the-dynamic-world-of-new-online-casino-sites/,posts,305472,https://coincu.com/c/pr/press-release/,https://coincu.com/pr/press-release/,0,no_match_in_raw
https://coincu.com/what-is-a-supernet-and-how-does-it-work/,posts,190687,https://coincu.com/c/casino-reviews/,https://coincu.com/casino-reviews/,0,no_match_in_raw
https://coincu.com/what-is-a-supernet-and-how-does-it-work/,posts,190687,https://coincu.com/c/pr/press-release/,https://coincu.com/pr/press-release/,0,no_match_in_raw
https://coincu.com/what-is-a-supernet-and-how-does-it-work/,posts,190687,https://coincu.com/c/knowledge,https://coincu.com/knowledge/,0,no_match_in_raw
https://coincu.com/palm-networks-bold-move-with-polygon/,posts,206551,https://coincu.com/c/casino-reviews/,https://coincu.com/casino-reviews/,0,no_match_in_raw
https://coincu.com/palm-networks-bold-move-with-polygon/,posts,206551,https://coincu.com/c/pr/press-release/,https://coincu.com/pr/press-release/,0,no_match_in_raw
https://coincu.com/palm-networks-bold-move-with-polygon/,posts,206551,https://coincu.com/c/uncategorized,https://coincu.com/uncategorized/,0,no_match_in_raw
https://coincu.com/defrost-finance-reveals-scam-signs/,posts,155630,https://coincu.com/c/casino-reviews/,https://coincu.com/casino-reviews/,0,no_match_in_raw
https://coincu.com/defrost-finance-reveals-scam-signs/,posts,155630,https://coincu.com/c/pr/press-release/,https://coincu.com/pr/press-release/,0,no_match_in_raw
https://coincu.com/defrost-finance-reveals-scam-signs/,posts,155630,https://coincu.com/c/news,https://coincu.com/news/,0,no_match_in_raw
https://coincu.com/defrost-finance-will-return-hacked-funds/,posts,155626,https://coincu.com/c/casino-reviews/,https://coincu.com/casino-reviews/,0,no_match_in_raw
https://coincu.com/defrost-finance-will-return-hacked-funds/,posts,155626,https://coincu.com/c/pr/press-release/,https://coincu.com/pr/press-release/,0,no_match_in_raw
https://coincu.com/defrost-finance-will-return-hacked-funds/,posts,155626,https://coincu.com/c/news,https://coincu.com/news/,0,no_match_in_raw
https://coincu.com/defrost-finance-smashes-rug-pull-rumors/,posts,156926,https://coincu.com/c/casino-reviews/,https://coincu.com/casino-reviews/,0,no_match_in_raw
https://coincu.com/defrost-finance-smashes-rug-pull-rumors/,posts,156926,https://coincu.com/c/pr/press-release/,https://coincu.com/pr/press-release/,0,no_match_in_raw
https://coincu.com/defrost-finance-smashes-rug-pull-rumors/,posts,156926,https://coincu.com/c/defi,https://coincu.com/defi/,0,no_match_in_raw
https://coincu.com/ukraine-russia-top-population-owning-crypto/,posts,117505,https://coincu.com/c/casino-reviews/,https://coincu.com/casino-reviews/,0,no_match_in_raw
https://coincu.com/ukraine-russia-top-population-owning-crypto/,posts,117505,https://coincu.com/c/pr/press-release/,https://coincu.com/pr/press-release/,0,no_match_in_raw
https://coincu.com/ukraine-russia-top-population-owning-crypto/,posts,117505,https://coincu.com/c/news,https://coincu.com/news/,0,no_match_in_raw
https://coincu.com/ethermail-review/,posts,188920,https://coincu.com/c/casino-reviews/,https://coincu.com/casino-reviews/,0,no_match_in_raw
https://coincu.com/ethermail-review/,posts,188920,https://coincu.com/c/pr/press-release/,https://coincu.com/pr/press-release/,0,no_match_in_raw
https://coincu.com/ethermail-review/,posts,188920,https://coincu.com/c/other-reviews,https://coincu.com/other-reviews/,0,no_match_in_raw
https://coincu.com/cub3-raises-6-5-million/,posts,166013,https://coincu.com/c/casino-reviews/,https://coincu.com/casino-reviews/,0,no_match_in_raw
https://coincu.com/cub3-raises-6-5-million/,posts,166013,https://coincu.com/c/pr/press-release/,https://coincu.com/pr/press-release/,0,no_match_in_raw
https://coincu.com/cub3-raises-6-5-million/,posts,166013,https://coincu.com/c/news,https://coincu.com/news/,0,no_match_in_raw
https://coincu.com/celsius-debt-collection-6-million/,posts,161367,https://coincu.com/c/casino-reviews/,https://coincu.com/casino-reviews/,0,no_match_in_raw
https://coincu.com/celsius-debt-collection-6-million/,posts,161367,https://coincu.com/c/pr/press-release/,https://coincu.com/pr/press-release/,0,no_match_in_raw
https://coincu.com/celsius-debt-collection-6-million/,posts,161367,https://coincu.com/c/news,https://coincu.com/news/,0,no_match_in_raw
https://coincu.com/how-tethers-falling-market-share/,posts,107223,https://coincu.com/c/casino-reviews/,https://coincu.com/casino-reviews/,0,no_match_in_raw
https://coincu.com/how-tethers-falling-market-share/,posts,107223,https://coincu.com/c/pr/press-release/,https://coincu.com/pr/press-release/,0,no_match_in_raw
https://coincu.com/how-tethers-falling-market-share/,posts,107223,https://coincu.com/c/knowledge,https://coincu.com/knowledge/,0,no_match_in_raw
https://coincu.com/yam-finance-is-considering-sharing-treasury/,posts,132172,https://coincu.com/c/casino-reviews/,https://coincu.com/casino-reviews/,0,no_match_in_raw
https://coincu.com/yam-finance-is-considering-sharing-treasury/,posts,132172,https://coincu.com/c/pr/press-release/,https://coincu.com/pr/press-release/,0,no_match_in_raw
https://coincu.com/yam-finance-is-considering-sharing-treasury/,posts,132172,https://coincu.com/c/defi,https://coincu.com/defi/,0,no_match_in_raw
https://coincu.com/trump-fed-chair-hassett-nomination/,posts,380809,https://coincu.com/c/casino-reviews/,https://coincu.com/casino-reviews/,0,no_match_in_raw
https://coincu.com/trump-fed-chair-hassett-nomination/,posts,380809,https://coincu.com/c/markets,https://coincu.com/markets/,0,no_match_in_raw
https://coincu.com/trump-fed-chair-hassett-nomination/,posts,380809,https://coincu.com/c/pr/press-release/,https://coincu.com/pr/press-release/,0,no_match_in_raw
https://coincu.com/fantom-to-launch-watchdog/,posts,137461,https://coincu.com/c/casino-reviews/,https://coincu.com/casino-reviews/,0,no_match_in_raw
https://coincu.com/fantom-to-launch-watchdog/,posts,137461,https://coincu.com/c/pr/press-release/,https://coincu.com/pr/press-release/,0,no_match_in_raw
https://coincu.com/fantom-to-launch-watchdog/,posts,137461,https://coincu.com/c/blockchain,https://coincu.com/blockchain/,0,no_match_in_raw
https://coincu.com/fantom-proposes-reducing-token-burn/,posts,148387,https://coincu.com/c/casino-reviews/,https://coincu.com/casino-reviews/,0,no_match_in_raw
https://coincu.com/fantom-proposes-reducing-token-burn/,posts,148387,https://coincu.com/c/pr/press-release/,https://coincu.com/pr/press-release/,0,no_match_in_raw
https://coincu.com/fantom-proposes-reducing-token-burn/,posts,148387,https://coincu.com/c/defi,https://coincu.com/defi/,0,no_match_in_raw
https://coincu.com/lombard-finance-funding-gets-1m-boost/,posts,287545,https://coincu.com/c/casino-reviews/,https://coincu.com/casino-reviews/,0,no_match_in_raw
https://coincu.com/lombard-finance-funding-gets-1m-boost/,posts,287545,https://coincu.com/c/pr/press-release/,https://coincu.com/pr/press-release/,0,no_match_in_raw
https://coincu.com/lombard-finance-funding-gets-1m-boost/,posts,287545,https://coincu.com/c/news,https://coincu.com/news/,0,no_match_in_raw
https://coincu.com/galaxy-digital-reveals-76-8m-exposure-ftx/,posts,140900,https://coincu.com/c/casino-reviews/,https://coincu.com/casino-reviews/,0,no_match_in_raw
https://coincu.com/galaxy-digital-reveals-76-8m-exposure-ftx/,posts,140900,https://coincu.com/c/pr/press-release/,https://coincu.com/pr/press-release/,0,no_match_in_raw
https://coincu.com/galaxy-digital-reveals-76-8m-exposure-ftx/,posts,140900,https://coincu.com/c/news,https://coincu.com/news/,0,no_match_in_raw
https://coincu.com/galaxy-digital-remarkable-rebound-q2/,posts,209153,https://coincu.com/c/casino-reviews/,https://coincu.com/casino-reviews/,0,no_match_in_raw
https://coincu.com/galaxy-digital-remarkable-rebound-q2/,posts,209153,https://coincu.com/c/pr/press-release/,https://coincu.com/pr/press-release/,0,no_match_in_raw
https://coincu.com/galaxy-digital-remarkable-rebound-q2/,posts,209153,https://coincu.com/c/news,https://coincu.com/news/,0,no_match_in_raw
https://coincu.com/what-is-the-ethereum-london-hard-fork/,posts,157410,https://coincu.com/c/casino-reviews/,https://coincu.com/casino-reviews/,0,no_match_in_raw
https://coincu.com/what-is-the-ethereum-london-hard-fork/,posts,157410,https://coincu.com/c/pr/press-release/,https://coincu.com/pr/press-release/,0,no_match_in_raw
https://coincu.com/what-is-the-ethereum-london-hard-fork/,posts,157410,https://coincu.com/c/knowledge,https://coincu.com/knowledge/,0,no_match_in_raw
https://coincu.com/korean-evidence-do-kwon-manipulation/,posts,139390,https://coincu.com/c/casino-reviews/,https://coincu.com/casino-reviews/,0,no_match_in_raw
https://coincu.com/korean-evidence-do-kwon-manipulation/,posts,139390,https://coincu.com/c/pr/press-release/,https://coincu.com/pr/press-release/,0,no_match_in_raw
https://coincu.com/korean-evidence-do-kwon-manipulation/,posts,139390,https://coincu.com/c/news,https://coincu.com/news/,0,no_match_in_raw
https://coincu.com/aragon-deceived-investors/,posts,186471,https://coincu.com/c/casino-reviews/,https://coincu.com/casino-reviews/,0,no_match_in_raw
https://coincu.com/aragon-deceived-investors/,posts,186471,https://coincu.com/c/pr/press-release/,https://coincu.com/pr/press-release/,0,no_match_in_raw
https://coincu.com/aragon-deceived-investors/,posts,186471,https://coincu.com/c/news,https://coincu.com/news/,0,no_match_in_raw
https://coincu.com/aragon-not-to-give-control/,posts,186423,https://coincu.com/c/casino-reviews/,https://coincu.com/casino-reviews/,0,no_match_in_raw
https://coincu.com/aragon-not-to-give-control/,posts,186423,https://coincu.com/c/pr/press-release/,https://coincu.com/pr/press-release/,0,no_match_in_raw
https://coincu.com/aragon-not-to-give-control/,posts,186423,https://coincu.com/c/news,https://coincu.com/news/,0,no_match_in_raw
https://coincu.com/arca-doubled-sales-of-its-flagship-fund/,posts,137800,https://coincu.com/c/casino-reviews/,https://coincu.com/casino-reviews/,0,no_match_in_raw
https://coincu.com/arca-doubled-sales-of-its-flagship-fund/,posts,137800,https://coincu.com/c/pr/press-release/,https://coincu.com/pr/press-release/,0,no_match_in_raw
https://coincu.com/arca-doubled-sales-of-its-flagship-fund/,posts,137800,https://coincu.com/c/news,https://coincu.com/news/,0,no_match_in_raw
https://coincu.com/arca-closed-terrausd-exposed-fund/,posts,139711,https://coincu.com/c/casino-reviews/,https://coincu.com/casino-reviews/,0,no_match_in_raw
https://coincu.com/arca-closed-terrausd-exposed-fund/,posts,139711,https://coincu.com/c/pr/press-release/,https://coincu.com/pr/press-release/,0,no_match_in_raw
https://coincu.com/arca-closed-terrausd-exposed-fund/,posts,139711,https://coincu.com/c/news,https://coincu.com/news/,0,no_match_in_raw
https://coincu.com/oasis-cooperates-with-meta/,posts,112871,https://coincu.com/c/casino-reviews/,https://coincu.com/casino-reviews/,0,no_match_in_raw
https://coincu.com/oasis-cooperates-with-meta/,posts,112871,https://coincu.com/c/pr/press-release/,https://coincu.com/pr/press-release/,0,no_match_in_raw
https://coincu.com/oasis-cooperates-with-meta/,posts,112871,https://coincu.com/c/news,https://coincu.com/news/,0,no_match_in_raw
https://coincu.com/kenyan-parliamentary-worldcoin-backlash/,posts,212153,https://coincu.com/c/casino-reviews/,https://coincu.com/casino-reviews/,0,no_match_in_raw
https://coincu.com/kenyan-parliamentary-worldcoin-backlash/,posts,212153,https://coincu.com/c/pr/press-release/,https://coincu.com/pr/press-release/,0,no_match_in_raw
https://coincu.com/kenyan-parliamentary-worldcoin-backlash/,posts,212153,https://coincu.com/c/news,https://coincu.com/news/,0,no_match_in_raw
https://coincu.com/merchants-crypto-payments-customers/,posts,106257,https://coincu.com/c/casino-reviews/,https://coincu.com/casino-reviews/,0,no_match_in_raw
https://coincu.com/merchants-crypto-payments-customers/,posts,106257,https://coincu.com/c/pr/press-release/,https://coincu.com/pr/press-release/,0,no_match_in_raw
https://coincu.com/merchants-crypto-payments-customers/,posts,106257,https://coincu.com/c/news,https://coincu.com/news/,0,no_match_in_raw
https://coincu.com/kucoin-bolsters-security-certificate-update/,posts,207640,https://coincu.com/c/casino-reviews/,https://coincu.com/casino-reviews/,0,no_match_in_raw
https://coincu.com/kucoin-bolsters-security-certificate-update/,posts,207640,https://coincu.com/c/pr/press-release/,https://coincu.com/pr/press-release/,0,no_match_in_raw
https://coincu.com/kucoin-bolsters-security-certificate-update/,posts,207640,https://coincu.com/c/news,https://coincu.com/news/,0,no_match_in_raw
https://coincu.com/dcg-has-shut-down-a-3-5b-asset-management/,posts,158948,https://coincu.com/c/casino-reviews/,https://coincu.com/casino-reviews/,0,no_match_in_raw
https://coincu.com/dcg-has-shut-down-a-3-5b-asset-management/,posts,158948,https://coincu.com/c/pr/press-release/,https://coincu.com/pr/press-release/,0,no_match_in_raw
https://coincu.com/dcg-has-shut-down-a-3-5b-asset-management/,posts,158948,https://coincu.com/c/news,https://coincu.com/news/,0,no_match_in_raw
https://coincu.com/binance-issues-warning-on-token-model-risks/,posts,285155,https://coincu.com/c/casino-reviews/,https://coincu.com/casino-reviews/,0,no_match_in_raw
https://coincu.com/binance-issues-warning-on-token-model-risks/,posts,285155,https://coincu.com/c/pr/press-release/,https://coincu.com/pr/press-release/,0,no_match_in_raw
https://coincu.com/binance-issues-warning-on-token-model-risks/,posts,285155,https://coincu.com/c/news,https://coincu.com/news/,0,no_match_in_raw
https://coincu.com/nomad-attacker-transfers-1205-eth/,posts,158983,https://coincu.com/c/casino-reviews/,https://coincu.com/casino-reviews/,0,no_match_in_raw
https://coincu.com/nomad-attacker-transfers-1205-eth/,posts,158983,https://coincu.com/c/pr/press-release/,https://coincu.com/pr/press-release/,0,no_match_in_raw
https://coincu.com/nomad-attacker-transfers-1205-eth/,posts,158983,https://coincu.com/c/defi,https://coincu.com/defi/,0,no_match_in_raw
https://coincu.com/7-5-m-dollars-nomad-bridge-mining-moved/,posts,119967,https://coincu.com/c/casino-reviews/,https://coincu.com/casino-reviews/,0,no_match_in_raw
https://coincu.com/7-5-m-dollars-nomad-bridge-mining-moved/,posts,119967,https://coincu.com/c/pr/press-release/,https://coincu.com/pr/press-release/,0,no_match_in_raw
https://coincu.com/7-5-m-dollars-nomad-bridge-mining-moved/,posts,119967,https://coincu.com/c/scam-alert,https://coincu.com/scam-alert/,0,no_match_in_raw
https://coincu.com/nomad-whitehat-nft-exclusive-nomad-bridge/,posts,119638,https://coincu.com/c/casino-reviews/,https://coincu.com/casino-reviews/,0,no_match_in_raw
https://coincu.com/nomad-whitehat-nft-exclusive-nomad-bridge/,posts,119638,https://coincu.com/c/pr/press-release/,https://coincu.com/pr/press-release/,0,no_match_in_raw
https://coincu.com/nomad-whitehat-nft-exclusive-nomad-bridge/,posts,119638,https://coincu.com/c/news,https://coincu.com/news/,0,no_match_in_raw
https://coincu.com/metaverse-ifland-in-49-nations/,posts,145693,https://coincu.com/c/casino-reviews/,https://coincu.com/casino-reviews/,0,no_match_in_raw
https://coincu.com/metaverse-ifland-in-49-nations/,posts,145693,https://coincu.com/c/pr/press-release/,https://coincu.com/pr/press-release/,0,no_match_in_raw
https://coincu.com/metaverse-ifland-in-49-nations/,posts,145693,https://coincu.com/c/news,https://coincu.com/news/,0,no_match_in_raw
https://coincu.com/chainlink-price-data-source-protect-web3/,posts,124143,https://coincu.com/c/casino-reviews/,https://coincu.com/casino-reviews/,0,no_match_in_raw
https://coincu.com/chainlink-price-data-source-protect-web3/,posts,124143,https://coincu.com/c/pr/press-release/,https://coincu.com/pr/press-release/,0,no_match_in_raw
https://coincu.com/chainlink-price-data-source-protect-web3/,posts,124143,https://coincu.com/c/blockchain,https://coincu.com/blockchain/,0,no_match_in_raw
https://coincu.com/nomad-bridge-190m-withdrawn-in-attack/,posts,113907,https://coincu.com/c/casino-reviews/,https://coincu.com/casino-reviews/,0,no_match_in_raw
https://coincu.com/nomad-bridge-190m-withdrawn-in-attack/,posts,113907,https://coincu.com/c/pr/press-release/,https://coincu.com/pr/press-release/,0,no_match_in_raw
https://coincu.com/nomad-bridge-190m-withdrawn-in-attack/,posts,113907,https://coincu.com/c/scam-alert,https://coincu.com/scam-alert/,0,no_match_in_raw
https://coincu.com/carrieverse-the-metaverse-game-explode-2023/,posts,197453,https://coincu.com/c/casino-reviews/,https://coincu.com/casino-reviews/,0,no_match_in_raw
https://coincu.com/carrieverse-the-metaverse-game-explode-2023/,posts,197453,https://coincu.com/c/press-release,https://coincu.com/press-release/,0,no_match_in_raw
https://coincu.com/carrieverse-the-metaverse-game-explode-2023/,posts,197453,https://coincu.com/c/pr/press-release/,https://coincu.com/pr/press-release/,0,no_match_in_raw
https://coincu.com/what-is-merit-circlemc/,posts,120450,https://coincu.com/c/casino-reviews/,https://coincu.com/casino-reviews/,0,no_match_in_raw
https://coincu.com/what-is-merit-circlemc/,posts,120450,https://coincu.com/c/pr/press-release/,https://coincu.com/pr/press-release/,0,no_match_in_raw
https://coincu.com/what-is-merit-circlemc/,posts,120450,https://coincu.com/c/gamefi,https://coincu.com/gamefi/,0,no_match_in_raw
https://coincu.com/polkadot-wins-green-blockchain-title/,posts,122185,https://coincu.com/c/casino-reviews/,https://coincu.com/casino-reviews/,0,no_match_in_raw
https://coincu.com/polkadot-wins-green-blockchain-title/,posts,122185,https://coincu.com/c/pr/press-release/,https://coincu.com/pr/press-release/,0,no_match_in_raw
https://coincu.com/polkadot-wins-green-blockchain-title/,posts,122185,https://coincu.com/c/blockchain,https://coincu.com/blockchain/,0,no_match_in_raw
https://coincu.com/changpeng-zhao-sentencing-guidelines/,posts,257245,https://coincu.com/c/casino-reviews/,https://coincu.com/casino-reviews/,0,no_match_in_raw
https://coincu.com/changpeng-zhao-sentencing-guidelines/,posts,257245,https://coincu.com/c/pr/press-release/,https://coincu.com/pr/press-release/,0,no_match_in_raw
https://coincu.com/changpeng-zhao-sentencing-guidelines/,posts,257245,https://coincu.com/c/news,https://coincu.com/news/,0,no_match_in_raw
https://coincu.com/genesis-subsidiary-seeks-20-9m/,posts,162300,https://coincu.com/c/casino-reviews/,https://coincu.com/casino-reviews/,0,no_match_in_raw
https://coincu.com/genesis-subsidiary-seeks-20-9m/,posts,162300,https://coincu.com/c/pr/press-release/,https://coincu.com/pr/press-release/,0,no_match_in_raw
https://coincu.com/genesis-subsidiary-seeks-20-9m/,posts,162300,https://coincu.com/c/news,https://coincu.com/news/,0,no_match_in_raw
https://coincu.com/vulnerability-avalanche-to-lose-24-million/,posts,123447,https://coincu.com/c/casino-reviews/,https://coincu.com/casino-reviews/,0,no_match_in_raw
https://coincu.com/vulnerability-avalanche-to-lose-24-million/,posts,123447,https://coincu.com/c/pr/press-release/,https://coincu.com/pr/press-release/,0,no_match_in_raw
https://coincu.com/vulnerability-avalanche-to-lose-24-million/,posts,123447,https://coincu.com/c/blockchain,https://coincu.com/blockchain/,0,no_match_in_raw
https://coincu.com/cryptocurrency-financial-product/,posts,135486,https://coincu.com/c/casino-reviews/,https://coincu.com/casino-reviews/,0,no_match_in_raw
https://coincu.com/cryptocurrency-financial-product/,posts,135486,https://coincu.com/c/pr/press-release/,https://coincu.com/pr/press-release/,0,no_match_in_raw
https://coincu.com/cryptocurrency-financial-product/,posts,135486,https://coincu.com/c/news,https://coincu.com/news/,0,no_match_in_raw
https://coincu.com/south-africa-dispute-resolution-office/,posts,162896,https://coincu.com/c/casino-reviews/,https://coincu.com/casino-reviews/,0,no_match_in_raw
https://coincu.com/south-africa-dispute-resolution-office/,posts,162896,https://coincu.com/c/pr/press-release/,https://coincu.com/pr/press-release/,0,no_match_in_raw
https://coincu.com/south-africa-dispute-resolution-office/,posts,162896,https://coincu.com/c/news,https://coincu.com/news/,0,no_match_in_raw
https://coincu.com/voyager-accused-of-false-marketing/,posts,108818,https://coincu.com/c/casino-reviews/,https://coincu.com/casino-reviews/,0,no_match_in_raw
https://coincu.com/voyager-accused-of-false-marketing/,posts,108818,https://coincu.com/c/pr/press-release/,https://coincu.com/pr/press-release/,0,no_match_in_raw
https://coincu.com/voyager-accused-of-false-marketing/,posts,108818,https://coincu.com/c/news,https://coincu.com/news/,0,no_match_in_raw
https://coincu.com/customers-celsius-wait-years-for-a-payout/,posts,109878,https://coincu.com/c/casino-reviews/,https://coincu.com/casino-reviews/,0,no_match_in_raw
https://coincu.com/customers-celsius-wait-years-for-a-payout/,posts,109878,https://coincu.com/c/pr/press-release/,https://coincu.com/pr/press-release/,0,no_match_in_raw
https://coincu.com/customers-celsius-wait-years-for-a-payout/,posts,109878,https://coincu.com/c/news,https://coincu.com/news/,0,no_match_in_raw
https://coincu.com/celsius-creditors-claims-439m-collateral/,posts,129236,https://coincu.com/c/casino-reviews/,https://coincu.com/casino-reviews/,0,no_match_in_raw
https://coincu.com/celsius-creditors-claims-439m-collateral/,posts,129236,https://coincu.com/c/pr/press-release/,https://coincu.com/pr/press-release/,0,no_match_in_raw
https://coincu.com/celsius-creditors-claims-439m-collateral/,posts,129236,https://coincu.com/c/news,https://coincu.com/news/,0,no_match_in_raw
https://coincu.com/blackrock-spot-bitcoin-etf-in-top-10-of-all-etfs/,posts,246233,https://coincu.com/c/casino-reviews/,https://coincu.com/casino-reviews/,0,no_match_in_raw
https://coincu.com/blackrock-spot-bitcoin-etf-in-top-10-of-all-etfs/,posts,246233,https://coincu.com/c/pr/press-release/,https://coincu.com/pr/press-release/,0,no_match_in_raw
https://coincu.com/blackrock-spot-bitcoin-etf-in-top-10-of-all-etfs/,posts,246233,https://coincu.com/c/bitcoin,https://coincu.com/bitcoin/,0,no_match_in_raw
https://coincu.com/dcg-owes-subsidiary-genesis-global/,posts,161569,https://coincu.com/c/casino-reviews/,https://coincu.com/casino-reviews/,0,no_match_in_raw
https://coincu.com/dcg-owes-subsidiary-genesis-global/,posts,161569,https://coincu.com/c/pr/press-release/,https://coincu.com/pr/press-release/,0,no_match_in_raw
https://coincu.com/dcg-owes-subsidiary-genesis-global/,posts,161569,https://coincu.com/c/news,https://coincu.com/news/,0,no_match_in_raw
https://coincu.com/delio-network-faces-interruption-amid-bankruptcy/,posts,208970,https://coincu.com/c/casino-reviews/,https://coincu.com/casino-reviews/,0,no_match_in_raw
https://coincu.com/delio-network-faces-interruption-amid-bankruptcy/,posts,208970,https://coincu.com/c/pr/press-release/,https://coincu.com/pr/press-release/,0,no_match_in_raw
https://coincu.com/delio-network-faces-interruption-amid-bankruptcy/,posts,208970,https://coincu.com/c/news,https://coincu.com/news/,0,no_match_in_raw
https://coincu.com/delios-67-95m-deposit-and-projected-30-50-loss/,posts,214598,https://coincu.com/c/casino-reviews/,https://coincu.com/casino-reviews/,0,no_match_in_raw
https://coincu.com/delios-67-95m-deposit-and-projected-30-50-loss/,posts,214598,https://coincu.com/c/pr/press-release/,https://coincu.com/pr/press-release/,0,no_match_in_raw
https://coincu.com/delios-67-95m-deposit-and-projected-30-50-loss/,posts,214598,https://coincu.com/c/news,https://coincu.com/news/,0,no_match_in_raw
https://coincu.com/delio-crypto-finance-company-goes-bankrupt/,posts,198932,https://coincu.com/c/casino-reviews/,https://coincu.com/casino-reviews/,0,no_match_in_raw
https://coincu.com/delio-crypto-finance-company-goes-bankrupt/,posts,198932,https://coincu.com/c/pr/press-release/,https://coincu.com/pr/press-release/,0,no_match_in_raw
https://coincu.com/delio-crypto-finance-company-goes-bankrupt/,posts,198932,https://coincu.com/c/news,https://coincu.com/news/,0,no_match_in_raw
https://coincu.com/galaxy-absolute-return-fund-launched/,posts,307190,https://coincu.com/c/casino-reviews/,https://coincu.com/casino-reviews/,0,no_match_in_raw
https://coincu.com/galaxy-absolute-return-fund-launched/,posts,307190,https://coincu.com/c/pr/press-release/,https://coincu.com/pr/press-release/,0,no_match_in_raw
https://coincu.com/galaxy-absolute-return-fund-launched/,posts,307190,https://coincu.com/c/news,https://coincu.com/news/,0,no_match_in_raw
https://coincu.com/galaxy-digital-cancels-the-acquisition/,posts,117417,https://coincu.com/c/casino-reviews/,https://coincu.com/casino-reviews/,0,no_match_in_raw
https://coincu.com/galaxy-digital-cancels-the-acquisition/,posts,117417,https://coincu.com/c/pr/press-release/,https://coincu.com/pr/press-release/,0,no_match_in_raw
https://coincu.com/galaxy-digital-cancels-the-acquisition/,posts,117417,https://coincu.com/c/news,https://coincu.com/news/,0,no_match_in_raw
https://coincu.com/invesco-galaxy-ether-etf/,posts,221043,https://coincu.com/c/casino-reviews/,https://coincu.com/casino-reviews/,0,no_match_in_raw
https://coincu.com/invesco-galaxy-ether-etf/,posts,221043,https://coincu.com/c/pr/press-release/,https://coincu.com/pr/press-release/,0,no_match_in_raw
https://coincu.com/invesco-galaxy-ether-etf/,posts,221043,https://coincu.com/c/ethereum,https://coincu.com/ethereum/,0,no_match_in_raw
https://coincu.com/galaxy-digital-vindicated-by-delaware-court/,posts,194407,https://coincu.com/c/casino-reviews/,https://coincu.com/casino-reviews/,0,no_match_in_raw
https://coincu.com/galaxy-digital-vindicated-by-delaware-court/,posts,194407,https://coincu.com/c/pr/press-release/,https://coincu.com/pr/press-release/,0,no_match_in_raw
https://coincu.com/galaxy-digital-vindicated-by-delaware-court/,posts,194407,https://coincu.com/c/news,https://coincu.com/news/,0,no_match_in_raw
https://coincu.com/galaxy-raises-175m-to-fuel-crypto/,posts,345267,https://coincu.com/c/casino-reviews/,https://coincu.com/casino-reviews/,0,no_match_in_raw
https://coincu.com/galaxy-raises-175m-to-fuel-crypto/,posts,345267,https://coincu.com/c/pr/press-release/,https://coincu.com/pr/press-release/,0,no_match_in_raw
https://coincu.com/galaxy-raises-175m-to-fuel-crypto/,posts,345267,https://coincu.com/c/news,https://coincu.com/news/,0,no_match_in_raw
https://coincu.com/invesco-galaxy-bitcoin-etf-reduces-sponsor-fee/,posts,245583,https://coincu.com/c/casino-reviews/,https://coincu.com/casino-reviews/,0,no_match_in_raw
https://coincu.com/invesco-galaxy-bitcoin-etf-reduces-sponsor-fee/,posts,245583,https://coincu.com/c/pr/press-release/,https://coincu.com/pr/press-release/,0,no_match_in_raw
https://coincu.com/invesco-galaxy-bitcoin-etf-reduces-sponsor-fee/,posts,245583,https://coincu.com/c/bitcoin,https://coincu.com/bitcoin/,0,no_match_in_raw
https://coincu.com/eth-breakout-looms-as-symmetricaltriangle/,posts,361301,https://coincu.com/c/casino-reviews/,https://coincu.com/casino-reviews/,0,no_match_in_raw
https://coincu.com/eth-breakout-looms-as-symmetricaltriangle/,posts,361301,https://coincu.com/c/pr/press-release/,https://coincu.com/pr/press-release/,0,no_match_in_raw
https://coincu.com/eth-breakout-looms-as-symmetricaltriangle/,posts,361301,https://coincu.com/c/analysis,https://coincu.com/analysis/,0,no_match_in_raw
https://coincu.com/why-is-the-pepe-frog-version-popular/,posts,166549,https://coincu.com/c/casino-reviews/,https://coincu.com/casino-reviews/,0,no_match_in_raw
https://coincu.com/why-is-the-pepe-frog-version-popular/,posts,166549,https://coincu.com/c/pr/press-release/,https://coincu.com/pr/press-release/,0,no_match_in_raw
https://coincu.com/why-is-the-pepe-frog-version-popular/,posts,166549,https://coincu.com/c/knowledge,https://coincu.com/knowledge/,0,no_match_in_raw
https://coincu.com/paulys-claims-of-pepe-deception-trigger/,posts,213699,https://coincu.com/c/casino-reviews/,https://coincu.com/casino-reviews/,0,no_match_in_raw
https://coincu.com/paulys-claims-of-pepe-deception-trigger/,posts,213699,https://coincu.com/c/pr/press-release/,https://coincu.com/pr/press-release/,0,no_match_in_raw
https://coincu.com/paulys-claims-of-pepe-deception-trigger/,posts,213699,https://coincu.com/c/news,https://coincu.com/news/,0,no_match_in_raw
https://coincu.com/dcg-and-genesis-legal-dispute-with-alameda/,posts,151110,https://coincu.com/c/casino-reviews/,https://coincu.com/casino-reviews/,0,no_match_in_raw
https://coincu.com/dcg-and-genesis-legal-dispute-with-alameda/,posts,151110,https://coincu.com/c/pr/press-release/,https://coincu.com/pr/press-release/,0,no_match_in_raw
https://coincu.com/dcg-and-genesis-legal-dispute-with-alameda/,posts,151110,https://coincu.com/c/news,https://coincu.com/news/,0,no_match_in_raw
https://coincu.com/binance-smart-chain-working-again/,posts,131468,https://coincu.com/c/casino-reviews/,https://coincu.com/casino-reviews/,0,no_match_in_raw
https://coincu.com/binance-smart-chain-working-again/,posts,131468,https://coincu.com/c/pr/press-release/,https://coincu.com/pr/press-release/,0,no_match_in_raw
https://coincu.com/binance-smart-chain-working-again/,posts,131468,https://coincu.com/c/blockchain,https://coincu.com/blockchain/,0,no_match_in_raw
https://coincu.com/vyper-copycat-attack-hits-bnb-smart-chain-73k/,posts,207274,https://coincu.com/c/casino-reviews/,https://coincu.com/casino-reviews/,0,no_match_in_raw
https://coincu.com/vyper-copycat-attack-hits-bnb-smart-chain-73k/,posts,207274,https://coincu.com/c/pr/press-release/,https://coincu.com/pr/press-release/,0,no_match_in_raw
https://coincu.com/vyper-copycat-attack-hits-bnb-smart-chain-73k/,posts,207274,https://coincu.com/c/news,https://coincu.com/news/,0,no_match_in_raw
https://coincu.com/hong-kong-trials-of-cbdc/,posts,128866,https://coincu.com/c/casino-reviews/,https://coincu.com/casino-reviews/,0,no_match_in_raw
https://coincu.com/hong-kong-trials-of-cbdc/,posts,128866,https://coincu.com/c/pr/press-release/,https://coincu.com/pr/press-release/,0,no_match_in_raw
https://coincu.com/hong-kong-trials-of-cbdc/,posts,128866,https://coincu.com/c/news,https://coincu.com/news/,0,no_match_in_raw
https://coincu.com/ubs-predicts-china-economic-stimulus/,posts,285927,https://coincu.com/c/casino-reviews/,https://coincu.com/casino-reviews/,0,no_match_in_raw
https://coincu.com/ubs-predicts-china-economic-stimulus/,posts,285927,https://coincu.com/c/pr/press-release/,https://coincu.com/pr/press-release/,0,no_match_in_raw
https://coincu.com/ubs-predicts-china-economic-stimulus/,posts,285927,https://coincu.com/c/news,https://coincu.com/news/,0,no_match_in_raw
https://coincu.com/ubs-completes-worlds-first-in-production/,posts,376137,https://coincu.com/c/casino-reviews/,https://coincu.com/casino-reviews/,0,no_match_in_raw
https://coincu.com/ubs-completes-worlds-first-in-production/,posts,376137,https://coincu.com/c/pr/press-release/,https://coincu.com/pr/press-release/,0,no_match_in_raw
https://coincu.com/ubs-completes-worlds-first-in-production/,posts,376137,https://coincu.com/c/news,https://coincu.com/news/,0,no_match_in_raw
https://coincu.com/ripple-top-tier-platforms-moved-516-million/,posts,114938,https://coincu.com/c/casino-reviews/,https://coincu.com/casino-reviews/,0,no_match_in_raw
https://coincu.com/ripple-top-tier-platforms-moved-516-million/,posts,114938,https://coincu.com/c/pr/press-release/,https://coincu.com/pr/press-release/,0,no_match_in_raw
https://coincu.com/ripple-top-tier-platforms-moved-516-million/,posts,114938,https://coincu.com/c/uncategorized,https://coincu.com/uncategorized/,0,no_match_in_raw
https://coincu.com/matic-investors-might-disappointed-polygons/,posts,134078,https://coincu.com/c/casino-reviews/,https://coincu.com/casino-reviews/,0,no_match_in_raw
https://coincu.com/matic-investors-might-disappointed-polygons/,posts,134078,https://coincu.com/c/pr/press-release/,https://coincu.com/pr/press-release/,0,no_match_in_raw
https://coincu.com/matic-investors-might-disappointed-polygons/,posts,134078,https://coincu.com/c/uncategorized,https://coincu.com/uncategorized/,0,no_match_in_raw
https://coincu.com/global-x-joins-bitcoin-etf-race/,posts,208429,https://coincu.com/c/casino-reviews/,https://coincu.com/casino-reviews/,0,no_match_in_raw
https://coincu.com/global-x-joins-bitcoin-etf-race/,posts,208429,https://coincu.com/c/pr/press-release/,https://coincu.com/pr/press-release/,0,no_match_in_raw
https://coincu.com/global-x-joins-bitcoin-etf-race/,posts,208429,https://coincu.com/c/news,https://coincu.com/news/,0,no_match_in_raw
https://coincu.com/cnbc-report-spot-bitcoin-etf-approval/,posts,241377,https://coincu.com/c/casino-reviews/,https://coincu.com/casino-reviews/,0,no_match_in_raw
https://coincu.com/cnbc-report-spot-bitcoin-etf-approval/,posts,241377,https://coincu.com/c/pr/press-release/,https://coincu.com/pr/press-release/,0,no_match_in_raw
https://coincu.com/cnbc-report-spot-bitcoin-etf-approval/,posts,241377,https://coincu.com/c/bitcoin,https://coincu.com/bitcoin/,0,no_match_in_raw
https://coincu.com/sec-chairman-gary-gensler-satoshis-whitepaper/,posts,226179,https://coincu.com/c/casino-reviews/,https://coincu.com/casino-reviews/,0,no_match_in_raw
https://coincu.com/sec-chairman-gary-gensler-satoshis-whitepaper/,posts,226179,https://coincu.com/c/pr/press-release/,https://coincu.com/pr/press-release/,0,no_match_in_raw
https://coincu.com/sec-chairman-gary-gensler-satoshis-whitepaper/,posts,226179,https://coincu.com/c/news,https://coincu.com/news/,0,no_match_in_raw
https://coincu.com/matrixport-report-confuses-the-community/,posts,240701,https://coincu.com/c/casino-reviews/,https://coincu.com/casino-reviews/,0,no_match_in_raw
https://coincu.com/matrixport-report-confuses-the-community/,posts,240701,https://coincu.com/c/pr/press-release/,https://coincu.com/pr/press-release/,0,no_match_in_raw
https://coincu.com/matrixport-report-confuses-the-community/,posts,240701,https://coincu.com/c/news,https://coincu.com/news/,0,no_match_in_raw
https://coincu.com/arbitrum-is-at-a-critical-support-level/,posts,210403,https://coincu.com/c/casino-reviews/,https://coincu.com/casino-reviews/,0,no_match_in_raw
https://coincu.com/arbitrum-is-at-a-critical-support-level/,posts,210403,https://coincu.com/c/pr/press-release/,https://coincu.com/pr/press-release/,0,no_match_in_raw
https://coincu.com/arbitrum-is-at-a-critical-support-level/,posts,210403,https://coincu.com/c/analysis,https://coincu.com/analysis/,0,no_match_in_raw
https://coincu.com/band-protocol-to-deploy-on-sei/,posts,146493,https://coincu.com/c/casino-reviews/,https://coincu.com/casino-reviews/,0,no_match_in_raw
https://coincu.com/band-protocol-to-deploy-on-sei/,posts,146493,https://coincu.com/c/pr/press-release/,https://coincu.com/pr/press-release/,0,no_match_in_raw
https://coincu.com/band-protocol-to-deploy-on-sei/,posts,146493,https://coincu.com/c/defi,https://coincu.com/defi/,0,no_match_in_raw
https://coincu.com/btc-spot-etf-outflows-continue-with-227m-lost/,posts,298565,https://coincu.com/c/casino-reviews/,https://coincu.com/casino-reviews/,0,no_match_in_raw
https://coincu.com/btc-spot-etf-outflows-continue-with-227m-lost/,posts,298565,https://coincu.com/c/pr/press-release/,https://coincu.com/pr/press-release/,0,no_match_in_raw
https://coincu.com/btc-spot-etf-outflows-continue-with-227m-lost/,posts,298565,https://coincu.com/c/news,https://coincu.com/news/,0,no_match_in_raw
https://coincu.com/huobi-and-gala-games-file-lawsuit-pnetwork/,posts,178077,https://coincu.com/c/casino-reviews/,https://coincu.com/casino-reviews/,0,no_match_in_raw
https://coincu.com/huobi-and-gala-games-file-lawsuit-pnetwork/,posts,178077,https://coincu.com/c/pr/press-release/,https://coincu.com/pr/press-release/,0,no_match_in_raw
https://coincu.com/huobi-and-gala-games-file-lawsuit-pnetwork/,posts,178077,https://coincu.com/c/news,https://coincu.com/news/,0,no_match_in_raw
https://coincu.com/arbitrum-proposal-slated-to-fail/,posts,181286,https://coincu.com/c/casino-reviews/,https://coincu.com/casino-reviews/,0,no_match_in_raw
https://coincu.com/arbitrum-proposal-slated-to-fail/,posts,181286,https://coincu.com/c/pr/press-release/,https://coincu.com/pr/press-release/,0,no_match_in_raw
https://coincu.com/arbitrum-proposal-slated-to-fail/,posts,181286,https://coincu.com/c/news,https://coincu.com/news/,0,no_match_in_raw
https://coincu.com/arbitrum-reconsider-aip-1-after-against/,posts,178047,https://coincu.com/c/casino-reviews/,https://coincu.com/casino-reviews/,0,no_match_in_raw
https://coincu.com/arbitrum-reconsider-aip-1-after-against/,posts,178047,https://coincu.com/c/pr/press-release/,https://coincu.com/pr/press-release/,0,no_match_in_raw
https://coincu.com/arbitrum-reconsider-aip-1-after-against/,posts,178047,https://coincu.com/c/news,https://coincu.com/news/,0,no_match_in_raw
https://coincu.com/arbitrum-surpass-solana-tvl/,posts,184138,https://coincu.com/c/casino-reviews/,https://coincu.com/casino-reviews/,0,no_match_in_raw
https://coincu.com/arbitrum-surpass-solana-tvl/,posts,184138,https://coincu.com/c/pr/press-release/,https://coincu.com/pr/press-release/,0,no_match_in_raw
https://coincu.com/arbitrum-surpass-solana-tvl/,posts,184138,https://coincu.com/c/knowledge,https://coincu.com/knowledge/,0,no_match_in_raw
https://coincu.com/cap-finance-distributes-1-million-arb-airdrop/,posts,212006,https://coincu.com/c/casino-reviews/,https://coincu.com/casino-reviews/,0,no_match_in_raw
https://coincu.com/cap-finance-distributes-1-million-arb-airdrop/,posts,212006,https://coincu.com/c/pr/press-release/,https://coincu.com/pr/press-release/,0,no_match_in_raw
https://coincu.com/cap-finance-distributes-1-million-arb-airdrop/,posts,212006,https://coincu.com/c/news,https://coincu.com/news/,0,no_match_in_raw
https://coincu.com/arbitrum-arb-sees-surge-in-whale/,posts,187828,https://coincu.com/c/casino-reviews/,https://coincu.com/casino-reviews/,0,no_match_in_raw
https://coincu.com/arbitrum-arb-sees-surge-in-whale/,posts,187828,https://coincu.com/c/pr/press-release/,https://coincu.com/pr/press-release/,0,no_match_in_raw
https://coincu.com/arbitrum-arb-sees-surge-in-whale/,posts,187828,https://coincu.com/c/uncategorized,https://coincu.com/uncategorized/,0,no_match_in_raw
https://coincu.com/deribit-attackers-210-eth-tornado-cash/,posts,139813,https://coincu.com/c/casino-reviews/,https://coincu.com/casino-reviews/,0,no_match_in_raw
https://coincu.com/deribit-attackers-210-eth-tornado-cash/,posts,139813,https://coincu.com/c/pr/press-release/,https://coincu.com/pr/press-release/,0,no_match_in_raw
https://coincu.com/deribit-attackers-210-eth-tornado-cash/,posts,139813,https://coincu.com/c/scam-alert,https://coincu.com/scam-alert/,0,no_match_in_raw
https://coincu.com/big-players-accumulate-240k-eth-as-ethereum/,posts,347330,https://coincu.com/c/casino-reviews/,https://coincu.com/casino-reviews/,0,no_match_in_raw
https://coincu.com/big-players-accumulate-240k-eth-as-ethereum/,posts,347330,https://coincu.com/c/pr/press-release/,https://coincu.com/pr/press-release/,0,no_match_in_raw
https://coincu.com/big-players-accumulate-240k-eth-as-ethereum/,posts,347330,https://coincu.com/c/news,https://coincu.com/news/,0,no_match_in_raw
https://coincu.com/chainlink-rockets-19-weekly/,posts,356840,https://coincu.com/c/casino-reviews/,https://coincu.com/casino-reviews/,0,no_match_in_raw
https://coincu.com/chainlink-rockets-19-weekly/,posts,356840,https://coincu.com/c/pr/press-release/,https://coincu.com/pr/press-release/,0,no_match_in_raw
https://coincu.com/chainlink-rockets-19-weekly/,posts,356840,https://coincu.com/c/analysis,https://coincu.com/analysis/,0,no_match_in_raw
https://coincu.com/chainlink-needs-a-5-wave-move/,posts,361006,https://coincu.com/c/casino-reviews/,https://coincu.com/casino-reviews/,0,no_match_in_raw
https://coincu.com/chainlink-needs-a-5-wave-move/,posts,361006,https://coincu.com/c/pr/press-release/,https://coincu.com/pr/press-release/,0,no_match_in_raw
https://coincu.com/chainlink-needs-a-5-wave-move/,posts,361006,https://coincu.com/c/analysis,https://coincu.com/analysis/,0,no_match_in_raw
https://coincu.com/vitaliks-tech-future-outlook-ai-unique-careful/,posts,232379,https://coincu.com/c/casino-reviews/,https://coincu.com/casino-reviews/,0,no_match_in_raw
https://coincu.com/vitaliks-tech-future-outlook-ai-unique-careful/,posts,232379,https://coincu.com/c/pr/press-release/,https://coincu.com/pr/press-release/,0,no_match_in_raw
https://coincu.com/vitaliks-tech-future-outlook-ai-unique-careful/,posts,232379,https://coincu.com/c/news,https://coincu.com/news/,0,no_match_in_raw
https://coincu.com/bitso-reviews-easy-crypto-and-safe-crypto/,posts,165911,https://coincu.com/c/casino-reviews/,https://coincu.com/casino-reviews/,0,no_match_in_raw
https://coincu.com/bitso-reviews-easy-crypto-and-safe-crypto/,posts,165911,https://coincu.com/c/pr/press-release/,https://coincu.com/pr/press-release/,0,no_match_in_raw
https://coincu.com/bitso-reviews-easy-crypto-and-safe-crypto/,posts,165911,https://coincu.com/c/exchange-reviews,https://coincu.com/exchange-reviews/,0,no_match_in_raw
https://coincu.com/mexicos-internet-provider-bitcoin-lightning/,posts,188647,https://coincu.com/c/casino-reviews/,https://coincu.com/casino-reviews/,0,no_match_in_raw
https://coincu.com/mexicos-internet-provider-bitcoin-lightning/,posts,188647,https://coincu.com/c/pr/press-release/,https://coincu.com/pr/press-release/,0,no_match_in_raw
https://coincu.com/mexicos-internet-provider-bitcoin-lightning/,posts,188647,https://coincu.com/c/bitcoin,https://coincu.com/bitcoin/,0,no_match_in_raw
https://coincu.com/business-as-usual-at-amber-group/,posts,149592,https://coincu.com/c/casino-reviews/,https://coincu.com/casino-reviews/,0,no_match_in_raw
https://coincu.com/business-as-usual-at-amber-group/,posts,149592,https://coincu.com/c/pr/press-release/,https://coincu.com/pr/press-release/,0,no_match_in_raw
https://coincu.com/business-as-usual-at-amber-group/,posts,149592,https://coincu.com/c/news,https://coincu.com/news/,0,no_match_in_raw
https://coincu.com/voyager-rejects-alamedas-proposal-buy-back/,posts,111724,https://coincu.com/c/casino-reviews/,https://coincu.com/casino-reviews/,0,no_match_in_raw
https://coincu.com/voyager-rejects-alamedas-proposal-buy-back/,posts,111724,https://coincu.com/c/pr/press-release/,https://coincu.com/pr/press-release/,0,no_match_in_raw
https://coincu.com/voyager-rejects-alamedas-proposal-buy-back/,posts,111724,https://coincu.com/c/news,https://coincu.com/news/,0,no_match_in_raw
https://coincu.com/coinbase-reveals-grayscale-asset/,posts,144862,https://coincu.com/c/casino-reviews/,https://coincu.com/casino-reviews/,0,no_match_in_raw
https://coincu.com/coinbase-reveals-grayscale-asset/,posts,144862,https://coincu.com/c/pr/press-release/,https://coincu.com/pr/press-release/,0,no_match_in_raw
https://coincu.com/coinbase-reveals-grayscale-asset/,posts,144862,https://coincu.com/c/news,https://coincu.com/news/,0,no_match_in_raw
https://coincu.com/chainlink-release-economics-2-staking-v1/,posts,145730,https://coincu.com/c/casino-reviews/,https://coincu.com/casino-reviews/,0,no_match_in_raw
https://coincu.com/chainlink-release-economics-2-staking-v1/,posts,145730,https://coincu.com/c/pr/press-release/,https://coincu.com/pr/press-release/,0,no_match_in_raw
https://coincu.com/chainlink-release-economics-2-staking-v1/,posts,145730,https://coincu.com/c/news,https://coincu.com/news/,0,no_match_in_raw
https://coincu.com/gary-gensler-backs-cftc/,posts,123450,https://coincu.com/c/casino-reviews/,https://coincu.com/casino-reviews/,0,no_match_in_raw
https://coincu.com/gary-gensler-backs-cftc/,posts,123450,https://coincu.com/c/pr/press-release/,https://coincu.com/pr/press-release/,0,no_match_in_raw
https://coincu.com/gary-gensler-backs-cftc/,posts,123450,https://coincu.com/c/news,https://coincu.com/news/,0,no_match_in_raw
https://coincu.com/sec-commissioner-oppose-sanctions-nft/,posts,214166,https://coincu.com/c/casino-reviews/,https://coincu.com/casino-reviews/,0,no_match_in_raw
https://coincu.com/sec-commissioner-oppose-sanctions-nft/,posts,214166,https://coincu.com/c/pr/press-release/,https://coincu.com/pr/press-release/,0,no_match_in_raw
https://coincu.com/sec-commissioner-oppose-sanctions-nft/,posts,214166,https://coincu.com/c/nfts-news,https://coincu.com/nfts-news/,0,no_match_in_raw
https://coincu.com/why-btfd-coin-pepe-coin-and-peanut-the-squirrel-are-the-best-meme-coins-to-buy-for-2025/,posts,299272,https://coincu.com/c/casino-reviews/,https://coincu.com/casino-reviews/,0,no_match_in_raw
https://coincu.com/why-btfd-coin-pepe-coin-and-peanut-the-squirrel-are-the-best-meme-coins-to-buy-for-2025/,posts,299272,https://coincu.com/c/pr/press-release/,https://coincu.com/pr/press-release/,0,no_match_in_raw
https://coincu.com/why-btfd-coin-pepe-coin-and-peanut-the-squirrel-are-the-best-meme-coins-to-buy-for-2025/,posts,299272,https://coincu.com/c/cmc,https://coincu.com/cmc/,0,no_match_in_raw
https://coincu.com/best-meme-coins-to-join-today-grab-btfd-coin-at-50-more-while-pnut-and-npc-build-loyal-communities/,posts,299309,https://coincu.com/c/casino-reviews/,https://coincu.com/casino-reviews/,0,no_match_in_raw
https://coincu.com/best-meme-coins-to-join-today-grab-btfd-coin-at-50-more-while-pnut-and-npc-build-loyal-communities/,posts,299309,https://coincu.com/c/pr/press-release/,https://coincu.com/pr/press-release/,0,no_match_in_raw
https://coincu.com/best-meme-coins-to-join-today-grab-btfd-coin-at-50-more-while-pnut-and-npc-build-loyal-communities/,posts,299309,https://coincu.com/c/cmc,https://coincu.com/cmc/,0,no_match_in_raw
https://coincu.com/from-missed-opportunities-to-new-beginnings-btfd-coin-vs-peanut-the-squirrel/,posts,297271,https://coincu.com/c/casino-reviews/,https://coincu.com/casino-reviews/,0,no_match_in_raw
https://coincu.com/from-missed-opportunities-to-new-beginnings-btfd-coin-vs-peanut-the-squirrel/,posts,297271,https://coincu.com/c/pr/press-release/,https://coincu.com/pr/press-release/,0,no_match_in_raw
https://coincu.com/from-missed-opportunities-to-new-beginnings-btfd-coin-vs-peanut-the-squirrel/,posts,297271,https://coincu.com/c/cmc,https://coincu.com/cmc/,0,no_match_in_raw
https://coincu.com/degenlayer-introduces-the-first-memecoin-focused-blockchain/,posts,293216,https://coincu.com/c/casino-reviews/,https://coincu.com/casino-reviews/,0,no_match_in_raw
https://coincu.com/degenlayer-introduces-the-first-memecoin-focused-blockchain/,posts,293216,https://coincu.com/c/press-release,https://coincu.com/press-release/,0,no_match_in_raw
https://coincu.com/degenlayer-introduces-the-first-memecoin-focused-blockchain/,posts,293216,https://coincu.com/c/pr/press-release/,https://coincu.com/pr/press-release/,0,no_match_in_raw
https://coincu.com/moodeng-pumps-140-ahead-binance-listing-launch/,posts,289016,https://coincu.com/c/casino-reviews/,https://coincu.com/casino-reviews/,0,no_match_in_raw
https://coincu.com/moodeng-pumps-140-ahead-binance-listing-launch/,posts,289016,https://coincu.com/c/pr/press-release/,https://coincu.com/pr/press-release/,0,no_match_in_raw
https://coincu.com/moodeng-pumps-140-ahead-binance-listing-launch/,posts,289016,https://coincu.com/c/news,https://coincu.com/news/,0,no_match_in_raw
https://coincu.com/okx-founder-predicts-100x-growth-for-crypto/,posts,302141,https://coincu.com/c/casino-reviews/,https://coincu.com/casino-reviews/,0,no_match_in_raw
https://coincu.com/okx-founder-predicts-100x-growth-for-crypto/,posts,302141,https://coincu.com/c/pr/press-release/,https://coincu.com/pr/press-release/,0,no_match_in_raw
https://coincu.com/okx-founder-predicts-100x-growth-for-crypto/,posts,302141,https://coincu.com/c/news,https://coincu.com/news/,0,no_match_in_raw
https://coincu.com/why-is-moodeng-surged-nearly-100-today/,posts,295084,https://coincu.com/c/casino-reviews/,https://coincu.com/casino-reviews/,0,no_match_in_raw
https://coincu.com/why-is-moodeng-surged-nearly-100-today/,posts,295084,https://coincu.com/c/pr/press-release/,https://coincu.com/pr/press-release/,0,no_match_in_raw
https://coincu.com/why-is-moodeng-surged-nearly-100-today/,posts,295084,https://coincu.com/c/analysis,https://coincu.com/analysis/,0,no_match_in_raw
https://coincu.com/lbank-review-experience-the-best-in-crypto/,posts,159694,https://coincu.com/c/casino-reviews/,https://coincu.com/casino-reviews/,0,no_match_in_raw
https://coincu.com/lbank-review-experience-the-best-in-crypto/,posts,159694,https://coincu.com/c/pr/press-release/,https://coincu.com/pr/press-release/,0,no_match_in_raw
https://coincu.com/lbank-review-experience-the-best-in-crypto/,posts,159694,https://coincu.com/c/exchange-reviews,https://coincu.com/exchange-reviews/,0,no_match_in_raw
https://coincu.com/u-s-sec-accuses-binanceus-of-suspicious-fund/,posts,218950,https://coincu.com/c/casino-reviews/,https://coincu.com/casino-reviews/,0,no_match_in_raw
https://coincu.com/u-s-sec-accuses-binanceus-of-suspicious-fund/,posts,218950,https://coincu.com/c/pr/press-release/,https://coincu.com/pr/press-release/,0,no_match_in_raw
https://coincu.com/u-s-sec-accuses-binanceus-of-suspicious-fund/,posts,218950,https://coincu.com/c/news,https://coincu.com/news/,0,no_match_in_raw
https://coincu.com/binance-founder-cz-asks-for-leniency/,posts,256576,https://coincu.com/c/casino-reviews/,https://coincu.com/casino-reviews/,0,no_match_in_raw
https://coincu.com/binance-founder-cz-asks-for-leniency/,posts,256576,https://coincu.com/c/pr/press-release/,https://coincu.com/pr/press-release/,0,no_match_in_raw
https://coincu.com/binance-founder-cz-asks-for-leniency/,posts,256576,https://coincu.com/c/news,https://coincu.com/news/,0,no_match_in_raw
https://coincu.com/kraken-may-drop-usdt-due-to-upcoming-eu-rules/,posts,259725,https://coincu.com/c/casino-reviews/,https://coincu.com/casino-reviews/,0,no_match_in_raw
https://coincu.com/kraken-may-drop-usdt-due-to-upcoming-eu-rules/,posts,259725,https://coincu.com/c/pr/press-release/,https://coincu.com/pr/press-release/,0,no_match_in_raw
https://coincu.com/kraken-may-drop-usdt-due-to-upcoming-eu-rules/,posts,259725,https://coincu.com/c/news,https://coincu.com/news/,0,no_match_in_raw
https://coincu.com/binance-founder-cz-is-still-not-in-jail/,posts,259549,https://coincu.com/c/casino-reviews/,https://coincu.com/casino-reviews/,0,no_match_in_raw
https://coincu.com/binance-founder-cz-is-still-not-in-jail/,posts,259549,https://coincu.com/c/pr/press-release/,https://coincu.com/pr/press-release/,0,no_match_in_raw
https://coincu.com/binance-founder-cz-is-still-not-in-jail/,posts,259549,https://coincu.com/c/news,https://coincu.com/news/,0,no_match_in_raw
https://coincu.com/sec-seeks-evidence-from-daniel-shin-chai-corp/,posts,211552,https://coincu.com/c/casino-reviews/,https://coincu.com/casino-reviews/,0,no_match_in_raw
https://coincu.com/sec-seeks-evidence-from-daniel-shin-chai-corp/,posts,211552,https://coincu.com/c/pr/press-release/,https://coincu.com/pr/press-release/,0,no_match_in_raw
https://coincu.com/sec-seeks-evidence-from-daniel-shin-chai-corp/,posts,211552,https://coincu.com/c/news,https://coincu.com/news/,0,no_match_in_raw
https://coincu.com/daniel-shin-of-terra-indicted-south-korea/,posts,183805,https://coincu.com/c/casino-reviews/,https://coincu.com/casino-reviews/,0,no_match_in_raw
https://coincu.com/daniel-shin-of-terra-indicted-south-korea/,posts,183805,https://coincu.com/c/pr/press-release/,https://coincu.com/pr/press-release/,0,no_match_in_raw
https://coincu.com/daniel-shin-of-terra-indicted-south-korea/,posts,183805,https://coincu.com/c/news,https://coincu.com/news/,0,no_match_in_raw
https://coincu.com/daniel-shins-assets-were-not-seized/,posts,183556,https://coincu.com/c/casino-reviews/,https://coincu.com/casino-reviews/,0,no_match_in_raw
https://coincu.com/daniel-shins-assets-were-not-seized/,posts,183556,https://coincu.com/c/pr/press-release/,https://coincu.com/pr/press-release/,0,no_match_in_raw
https://coincu.com/daniel-shins-assets-were-not-seized/,posts,183556,https://coincu.com/c/news,https://coincu.com/news/,0,no_match_in_raw
https://coincu.com/coinbase-prime-receives-attestation-reports/,posts,151831,https://coincu.com/c/casino-reviews/,https://coincu.com/casino-reviews/,0,no_match_in_raw
https://coincu.com/coinbase-prime-receives-attestation-reports/,posts,151831,https://coincu.com/c/pr/press-release/,https://coincu.com/pr/press-release/,0,no_match_in_raw
https://coincu.com/coinbase-prime-receives-attestation-reports/,posts,151831,https://coincu.com/c/news,https://coincu.com/news/,0,no_match_in_raw
https://coincu.com/consensys-buys-wallet-guard-to-enhance-security/,posts,267042,https://coincu.com/c/casino-reviews/,https://coincu.com/casino-reviews/,0,no_match_in_raw
https://coincu.com/consensys-buys-wallet-guard-to-enhance-security/,posts,267042,https://coincu.com/c/pr/press-release/,https://coincu.com/pr/press-release/,0,no_match_in_raw
https://coincu.com/consensys-buys-wallet-guard-to-enhance-security/,posts,267042,https://coincu.com/c/news,https://coincu.com/news/,0,no_match_in_raw
https://coincu.com/total-supply-binance-usd-hit-ath/,posts,136194,https://coincu.com/c/casino-reviews/,https://coincu.com/casino-reviews/,0,no_match_in_raw
https://coincu.com/total-supply-binance-usd-hit-ath/,posts,136194,https://coincu.com/c/pr/press-release/,https://coincu.com/pr/press-release/,0,no_match_in_raw
https://coincu.com/total-supply-binance-usd-hit-ath/,posts,136194,https://coincu.com/c/uncategorized,https://coincu.com/uncategorized/,0,no_match_in_raw
https://coincu.com/binance-resumes-crypto-withdrawals/,posts,225543,https://coincu.com/c/casino-reviews/,https://coincu.com/casino-reviews/,0,no_match_in_raw
https://coincu.com/binance-resumes-crypto-withdrawals/,posts,225543,https://coincu.com/c/pr/press-release/,https://coincu.com/pr/press-release/,0,no_match_in_raw
https://coincu.com/binance-resumes-crypto-withdrawals/,posts,225543,https://coincu.com/c/news,https://coincu.com/news/,0,no_match_in_raw
https://coincu.com/binance-is-the-hegemonic-in-spot/,posts,158401,https://coincu.com/c/casino-reviews/,https://coincu.com/casino-reviews/,0,no_match_in_raw
https://coincu.com/binance-is-the-hegemonic-in-spot/,posts,158401,https://coincu.com/c/pr/press-release/,https://coincu.com/pr/press-release/,0,no_match_in_raw
https://coincu.com/binance-is-the-hegemonic-in-spot/,posts,158401,https://coincu.com/c/news,https://coincu.com/news/,0,no_match_in_raw
https://coincu.com/grayscale-vs-sec-lawsuit-still-no-verdict/,posts,211833,https://coincu.com/c/casino-reviews/,https://coincu.com/casino-reviews/,0,no_match_in_raw
https://coincu.com/grayscale-vs-sec-lawsuit-still-no-verdict/,posts,211833,https://coincu.com/c/pr/press-release/,https://coincu.com/pr/press-release/,0,no_match_in_raw
https://coincu.com/grayscale-vs-sec-lawsuit-still-no-verdict/,posts,211833,https://coincu.com/c/bitcoin,https://coincu.com/bitcoin/,0,no_match_in_raw
https://coincu.com/paxos-confirms-binance-usd-of-security/,posts,168889,https://coincu.com/c/casino-reviews/,https://coincu.com/casino-reviews/,0,no_match_in_raw
https://coincu.com/paxos-confirms-binance-usd-of-security/,posts,168889,https://coincu.com/c/pr/press-release/,https://coincu.com/pr/press-release/,0,no_match_in_raw
https://coincu.com/paxos-confirms-binance-usd-of-security/,posts,168889,https://coincu.com/c/news,https://coincu.com/news/,0,no_match_in_raw
https://coincu.com/tether-founder-claims-usdt-reserve/,posts,148610,https://coincu.com/c/casino-reviews/,https://coincu.com/casino-reviews/,0,no_match_in_raw
https://coincu.com/tether-founder-claims-usdt-reserve/,posts,148610,https://coincu.com/c/pr/press-release/,https://coincu.com/pr/press-release/,0,no_match_in_raw
https://coincu.com/tether-founder-claims-usdt-reserve/,posts,148610,https://coincu.com/c/news,https://coincu.com/news/,0,no_match_in_raw
https://coincu.com/twitter-x-upgrade-enhances-financial-features/,posts,205612,https://coincu.com/c/casino-reviews/,https://coincu.com/casino-reviews/,0,no_match_in_raw
https://coincu.com/twitter-x-upgrade-enhances-financial-features/,posts,205612,https://coincu.com/c/pr/press-release/,https://coincu.com/pr/press-release/,0,no_match_in_raw
https://coincu.com/twitter-x-upgrade-enhances-financial-features/,posts,205612,https://coincu.com/c/news,https://coincu.com/news/,0,no_match_in_raw
https://coincu.com/coinbase-to-create-new-flatcoin/,posts,176652,https://coincu.com/c/casino-reviews/,https://coincu.com/casino-reviews/,0,no_match_in_raw
https://coincu.com/coinbase-to-create-new-flatcoin/,posts,176652,https://coincu.com/c/pr/press-release/,https://coincu.com/pr/press-release/,0,no_match_in_raw
https://coincu.com/coinbase-to-create-new-flatcoin/,posts,176652,https://coincu.com/c/news,https://coincu.com/news/,0,no_match_in_raw
https://coincu.com/nuon-launches-testnet-first-flatcoin/,posts,136874,https://coincu.com/c/casino-reviews/,https://coincu.com/casino-reviews/,0,no_match_in_raw
https://coincu.com/nuon-launches-testnet-first-flatcoin/,posts,136874,https://coincu.com/c/pr/press-release/,https://coincu.com/pr/press-release/,0,no_match_in_raw
https://coincu.com/nuon-launches-testnet-first-flatcoin/,posts,136874,https://coincu.com/c/uncategorized,https://coincu.com/uncategorized/,0,no_match_in_raw
https://coincu.com/coinbase-ceo-sued-by-company-shareholders/,posts,115972,https://coincu.com/c/casino-reviews/,https://coincu.com/casino-reviews/,0,no_match_in_raw
https://coincu.com/coinbase-ceo-sued-by-company-shareholders/,posts,115972,https://coincu.com/c/pr/press-release/,https://coincu.com/pr/press-release/,0,no_match_in_raw
https://coincu.com/coinbase-ceo-sued-by-company-shareholders/,posts,115972,https://coincu.com/c/news,https://coincu.com/news/,0,no_match_in_raw
https://coincu.com/balancers-0-42-tvl-remains-vulnerable/,posts,213280,https://coincu.com/c/casino-reviews/,https://coincu.com/casino-reviews/,0,no_match_in_raw
https://coincu.com/balancers-0-42-tvl-remains-vulnerable/,posts,213280,https://coincu.com/c/pr/press-release/,https://coincu.com/pr/press-release/,0,no_match_in_raw
https://coincu.com/balancers-0-42-tvl-remains-vulnerable/,posts,213280,https://coincu.com/c/news,https://coincu.com/news/,0,no_match_in_raw
https://coincu.com/us-sec-expanding-bitcoin-etf-reviews/,posts,214229,https://coincu.com/c/casino-reviews/,https://coincu.com/casino-reviews/,0,no_match_in_raw
https://coincu.com/us-sec-expanding-bitcoin-etf-reviews/,posts,214229,https://coincu.com/c/pr/press-release/,https://coincu.com/pr/press-release/,0,no_match_in_raw
https://coincu.com/us-sec-expanding-bitcoin-etf-reviews/,posts,214229,https://coincu.com/c/news,https://coincu.com/news/,0,no_match_in_raw
https://coincu.com/friesdao-wallet-was-hacked/,posts,137836,https://coincu.com/c/casino-reviews/,https://coincu.com/casino-reviews/,0,no_match_in_raw
https://coincu.com/friesdao-wallet-was-hacked/,posts,137836,https://coincu.com/c/pr/press-release/,https://coincu.com/pr/press-release/,0,no_match_in_raw
https://coincu.com/friesdao-wallet-was-hacked/,posts,137836,https://coincu.com/c/scam-alert,https://coincu.com/scam-alert/,0,no_match_in_raw
https://coincu.com/tether-is-in-danger-of-facing-default/,posts,120869,https://coincu.com/c/casino-reviews/,https://coincu.com/casino-reviews/,0,no_match_in_raw
https://coincu.com/tether-is-in-danger-of-facing-default/,posts,120869,https://coincu.com/c/pr/press-release/,https://coincu.com/pr/press-release/,0,no_match_in_raw
https://coincu.com/tether-is-in-danger-of-facing-default/,posts,120869,https://coincu.com/c/news,https://coincu.com/news/,0,no_match_in_raw
https://coincu.com/octopus-network-cut-off-40-of-the-core-team/,posts,155373,https://coincu.com/c/casino-reviews/,https://coincu.com/casino-reviews/,0,no_match_in_raw
https://coincu.com/octopus-network-cut-off-40-of-the-core-team/,posts,155373,https://coincu.com/c/pr/press-release/,https://coincu.com/pr/press-release/,0,no_match_in_raw
https://coincu.com/octopus-network-cut-off-40-of-the-core-team/,posts,155373,https://coincu.com/c/news,https://coincu.com/news/,0,no_match_in_raw
https://coincu.com/shiba-inu-communitys-best-efforts/,posts,162939,https://coincu.com/c/casino-reviews/,https://coincu.com/casino-reviews/,0,no_match_in_raw
https://coincu.com/shiba-inu-communitys-best-efforts/,posts,162939,https://coincu.com/c/pr/press-release/,https://coincu.com/pr/press-release/,0,no_match_in_raw
https://coincu.com/shiba-inu-communitys-best-efforts/,posts,162939,https://coincu.com/c/uncategorized,https://coincu.com/uncategorized/,0,no_match_in_raw
https://coincu.com/binance-overtakes-coinbase-most-btc/,posts,109953,https://coincu.com/c/casino-reviews/,https://coincu.com/casino-reviews/,0,no_match_in_raw
https://coincu.com/binance-overtakes-coinbase-most-btc/,posts,109953,https://coincu.com/c/pr/press-release/,https://coincu.com/pr/press-release/,0,no_match_in_raw
https://coincu.com/binance-overtakes-coinbase-most-btc/,posts,109953,https://coincu.com/c/news,https://coincu.com/news/,0,no_match_in_raw
https://coincu.com/glassnode-cointime-economics-framework/,posts,213307,https://coincu.com/c/casino-reviews/,https://coincu.com/casino-reviews/,0,no_match_in_raw
https://coincu.com/glassnode-cointime-economics-framework/,posts,213307,https://coincu.com/c/pr/press-release/,https://coincu.com/pr/press-release/,0,no_match_in_raw
https://coincu.com/glassnode-cointime-economics-framework/,posts,213307,https://coincu.com/c/news,https://coincu.com/news/,0,no_match_in_raw
https://coincu.com/long-term-holders-hold-80-of-all-bitcoins/,posts,111497,https://coincu.com/c/casino-reviews/,https://coincu.com/casino-reviews/,0,no_match_in_raw
https://coincu.com/long-term-holders-hold-80-of-all-bitcoins/,posts,111497,https://coincu.com/c/pr/press-release/,https://coincu.com/pr/press-release/,0,no_match_in_raw
https://coincu.com/long-term-holders-hold-80-of-all-bitcoins/,posts,111497,https://coincu.com/c/bitcoin,https://coincu.com/bitcoin/,0,no_match_in_raw
https://coincu.com/bitcoin-supply-dormant-reached-ath/,posts,118516,https://coincu.com/c/casino-reviews/,https://coincu.com/casino-reviews/,0,no_match_in_raw
https://coincu.com/bitcoin-supply-dormant-reached-ath/,posts,118516,https://coincu.com/c/pr/press-release/,https://coincu.com/pr/press-release/,0,no_match_in_raw
https://coincu.com/bitcoin-supply-dormant-reached-ath/,posts,118516,https://coincu.com/c/bitcoin,https://coincu.com/bitcoin/,0,no_match_in_raw
https://coincu.com/glassnode-acquires-accointingcom/,posts,137294,https://coincu.com/c/casino-reviews/,https://coincu.com/casino-reviews/,0,no_match_in_raw
https://coincu.com/glassnode-acquires-accointingcom/,posts,137294,https://coincu.com/c/pr/press-release/,https://coincu.com/pr/press-release/,0,no_match_in_raw
https://coincu.com/glassnode-acquires-accointingcom/,posts,137294,https://coincu.com/c/news,https://coincu.com/news/,0,no_match_in_raw
https://coincu.com/losing-bitcoin-addresses-hit-all-time-high/,posts,105308,https://coincu.com/c/casino-reviews/,https://coincu.com/casino-reviews/,0,no_match_in_raw
https://coincu.com/losing-bitcoin-addresses-hit-all-time-high/,posts,105308,https://coincu.com/c/pr/press-release/,https://coincu.com/pr/press-release/,0,no_match_in_raw
https://coincu.com/losing-bitcoin-addresses-hit-all-time-high/,posts,105308,https://coincu.com/c/bitcoin,https://coincu.com/bitcoin/,0,no_match_in_raw
https://coincu.com/bill-murrays-wallet-hacked-110-eth-174000/,posts,121942,https://coincu.com/c/casino-reviews/,https://coincu.com/casino-reviews/,0,no_match_in_raw
https://coincu.com/bill-murrays-wallet-hacked-110-eth-174000/,posts,121942,https://coincu.com/c/pr/press-release/,https://coincu.com/pr/press-release/,0,no_match_in_raw
https://coincu.com/bill-murrays-wallet-hacked-110-eth-174000/,posts,121942,https://coincu.com/c/nfts-news,https://coincu.com/nfts-news/,0,no_match_in_raw
https://coincu.com/aave-proposes-to-launch-v3-on-base/,posts,189511,https://coincu.com/c/casino-reviews/,https://coincu.com/casino-reviews/,0,no_match_in_raw
https://coincu.com/aave-proposes-to-launch-v3-on-base/,posts,189511,https://coincu.com/c/pr/press-release/,https://coincu.com/pr/press-release/,0,no_match_in_raw
https://coincu.com/aave-proposes-to-launch-v3-on-base/,posts,189511,https://coincu.com/c/defi,https://coincu.com/defi/,0,no_match_in_raw
https://coincu.com/moneygram-required-the-court/,posts,158280,https://coincu.com/c/casino-reviews/,https://coincu.com/casino-reviews/,0,no_match_in_raw
https://coincu.com/moneygram-required-the-court/,posts,158280,https://coincu.com/c/pr/press-release/,https://coincu.com/pr/press-release/,0,no_match_in_raw
https://coincu.com/moneygram-required-the-court/,posts,158280,https://coincu.com/c/news,https://coincu.com/news/,0,no_match_in_raw
https://coincu.com/moneygram-added-crypto-trading-tools/,posts,138704,https://coincu.com/c/casino-reviews/,https://coincu.com/casino-reviews/,0,no_match_in_raw
https://coincu.com/moneygram-added-crypto-trading-tools/,posts,138704,https://coincu.com/c/pr/press-release/,https://coincu.com/pr/press-release/,0,no_match_in_raw
https://coincu.com/moneygram-added-crypto-trading-tools/,posts,138704,https://coincu.com/c/news,https://coincu.com/news/,0,no_match_in_raw
https://coincu.com/lowest-ethereum-transfer-cost-in-19-months/,posts,105156,https://coincu.com/c/casino-reviews/,https://coincu.com/casino-reviews/,0,no_match_in_raw
https://coincu.com/lowest-ethereum-transfer-cost-in-19-months/,posts,105156,https://coincu.com/c/pr/press-release/,https://coincu.com/pr/press-release/,0,no_match_in_raw
https://coincu.com/lowest-ethereum-transfer-cost-in-19-months/,posts,105156,https://coincu.com/c/ethereum,https://coincu.com/ethereum/,0,no_match_in_raw
https://coincu.com/eth-gas-fees-drop-below-2-gwei/,posts,279319,https://coincu.com/c/casino-reviews/,https://coincu.com/casino-reviews/,0,no_match_in_raw
https://coincu.com/eth-gas-fees-drop-below-2-gwei/,posts,279319,https://coincu.com/c/pr/press-release/,https://coincu.com/pr/press-release/,0,no_match_in_raw
https://coincu.com/eth-gas-fees-drop-below-2-gwei/,posts,279319,https://coincu.com/c/news,https://coincu.com/news/,0,no_match_in_raw
https://coincu.com/how-to-effectively-use-etherscan/,posts,108286,https://coincu.com/c/casino-reviews/,https://coincu.com/casino-reviews/,0,no_match_in_raw
https://coincu.com/how-to-effectively-use-etherscan/,posts,108286,https://coincu.com/c/pr/press-release/,https://coincu.com/pr/press-release/,0,no_match_in_raw
https://coincu.com/how-to-effectively-use-etherscan/,posts,108286,https://coincu.com/c/knowledge,https://coincu.com/knowledge/,0,no_match_in_raw
https://coincu.com/coinbase-sec-lawsuit-new-development/,posts,237431,https://coincu.com/c/casino-reviews/,https://coincu.com/casino-reviews/,0,no_match_in_raw
https://coincu.com/coinbase-sec-lawsuit-new-development/,posts,237431,https://coincu.com/c/pr/press-release/,https://coincu.com/pr/press-release/,0,no_match_in_raw
https://coincu.com/coinbase-sec-lawsuit-new-development/,posts,237431,https://coincu.com/c/news,https://coincu.com/news/,0,no_match_in_raw
https://coincu.com/sol-matic-ada-soar-over-20-after-xrp-judgment/,posts,202683,https://coincu.com/c/casino-reviews/,https://coincu.com/casino-reviews/,0,no_match_in_raw
https://coincu.com/sol-matic-ada-soar-over-20-after-xrp-judgment/,posts,202683,https://coincu.com/c/pr/press-release/,https://coincu.com/pr/press-release/,0,no_match_in_raw
https://coincu.com/sol-matic-ada-soar-over-20-after-xrp-judgment/,posts,202683,https://coincu.com/c/news,https://coincu.com/news/,0,no_match_in_raw
https://coincu.com/ftx-fraud-trials-second-showdown-sbf-vs-ellison/,posts,222522,https://coincu.com/c/casino-reviews/,https://coincu.com/casino-reviews/,0,no_match_in_raw
https://coincu.com/ftx-fraud-trials-second-showdown-sbf-vs-ellison/,posts,222522,https://coincu.com/c/pr/press-release/,https://coincu.com/pr/press-release/,0,no_match_in_raw
https://coincu.com/ftx-fraud-trials-second-showdown-sbf-vs-ellison/,posts,222522,https://coincu.com/c/news,https://coincu.com/news/,0,no_match_in_raw
https://coincu.com/sec-binance-lawsuit-60-day-pause/,posts,331767,https://coincu.com/c/casino-reviews/,https://coincu.com/casino-reviews/,0,no_match_in_raw
https://coincu.com/sec-binance-lawsuit-60-day-pause/,posts,331767,https://coincu.com/c/pr/press-release/,https://coincu.com/pr/press-release/,0,no_match_in_raw
https://coincu.com/sec-binance-lawsuit-60-day-pause/,posts,331767,https://coincu.com/c/news,https://coincu.com/news/,0,no_match_in_raw
https://coincu.com/warner-music-group-promote-metaverse/,posts,130975,https://coincu.com/c/casino-reviews/,https://coincu.com/casino-reviews/,0,no_match_in_raw
https://coincu.com/warner-music-group-promote-metaverse/,posts,130975,https://coincu.com/c/pr/press-release/,https://coincu.com/pr/press-release/,0,no_match_in_raw
https://coincu.com/warner-music-group-promote-metaverse/,posts,130975,https://coincu.com/c/metaverse-news,https://coincu.com/metaverse-news/,0,no_match_in_raw
https://coincu.com/warner-music-group-partner-opensea/,posts,129008,https://coincu.com/c/casino-reviews/,https://coincu.com/casino-reviews/,0,no_match_in_raw
https://coincu.com/warner-music-group-partner-opensea/,posts,129008,https://coincu.com/c/pr/press-release/,https://coincu.com/pr/press-release/,0,no_match_in_raw
https://coincu.com/warner-music-group-partner-opensea/,posts,129008,https://coincu.com/c/metaverse-news,https://coincu.com/metaverse-news/,0,no_match_in_raw
https://coincu.com/friendtech-booming-socialfi-on-layer-2-base/,posts,211079,https://coincu.com/c/casino-reviews/,https://coincu.com/casino-reviews/,0,no_match_in_raw
https://coincu.com/friendtech-booming-socialfi-on-layer-2-base/,posts,211079,https://coincu.com/c/pr/press-release/,https://coincu.com/pr/press-release/,0,no_match_in_raw
https://coincu.com/friendtech-booming-socialfi-on-layer-2-base/,posts,211079,https://coincu.com/c/knowledge,https://coincu.com/knowledge/,0,no_match_in_raw
https://coincu.com/rumby-stars-blockchain-game-capitals-favor/,posts,183147,https://coincu.com/c/casino-reviews/,https://coincu.com/casino-reviews/,0,no_match_in_raw
https://coincu.com/rumby-stars-blockchain-game-capitals-favor/,posts,183147,https://coincu.com/c/pr/press-release/,https://coincu.com/pr/press-release/,0,no_match_in_raw
https://coincu.com/rumby-stars-blockchain-game-capitals-favor/,posts,183147,https://coincu.com/c/knowledge,https://coincu.com/knowledge/,0,no_match_in_raw
https://coincu.com/coinbase-ceo-ftx-accounting-error/,posts,148824,https://coincu.com/c/casino-reviews/,https://coincu.com/casino-reviews/,0,no_match_in_raw
https://coincu.com/coinbase-ceo-ftx-accounting-error/,posts,148824,https://coincu.com/c/pr/press-release/,https://coincu.com/pr/press-release/,0,no_match_in_raw
https://coincu.com/coinbase-ceo-ftx-accounting-error/,posts,148824,https://coincu.com/c/news,https://coincu.com/news/,0,no_match_in_raw
https://coincu.com/sec-and-cftc-request-public-comments-crypto/,posts,121627,https://coincu.com/c/casino-reviews/,https://coincu.com/casino-reviews/,0,no_match_in_raw
https://coincu.com/sec-and-cftc-request-public-comments-crypto/,posts,121627,https://coincu.com/c/pr/press-release/,https://coincu.com/pr/press-release/,0,no_match_in_raw
https://coincu.com/sec-and-cftc-request-public-comments-crypto/,posts,121627,https://coincu.com/c/news,https://coincu.com/news/,0,no_match_in_raw
https://coincu.com/arca-doubles-sales-despite-exposure-luna/,posts,137953,https://coincu.com/c/casino-reviews/,https://coincu.com/casino-reviews/,0,no_match_in_raw
https://coincu.com/arca-doubles-sales-despite-exposure-luna/,posts,137953,https://coincu.com/c/markets,https://coincu.com/markets/,0,no_match_in_raw
https://coincu.com/arca-doubles-sales-despite-exposure-luna/,posts,137953,https://coincu.com/c/pr/press-release/,https://coincu.com/pr/press-release/,0,no_match_in_raw
https://coincu.com/voyager-approved-return-270m-to-customers/,posts,114761,https://coincu.com/c/casino-reviews/,https://coincu.com/casino-reviews/,0,no_match_in_raw
https://coincu.com/voyager-approved-return-270m-to-customers/,posts,114761,https://coincu.com/c/pr/press-release/,https://coincu.com/pr/press-release/,0,no_match_in_raw
https://coincu.com/voyager-approved-return-270m-to-customers/,posts,114761,https://coincu.com/c/news,https://coincu.com/news/,0,no_match_in_raw
https://coincu.com/btc-eth-options-expiry-looms-market-sentiment/,posts,202825,https://coincu.com/c/casino-reviews/,https://coincu.com/casino-reviews/,0,no_match_in_raw
https://coincu.com/btc-eth-options-expiry-looms-market-sentiment/,posts,202825,https://coincu.com/c/pr/press-release/,https://coincu.com/pr/press-release/,0,no_match_in_raw
https://coincu.com/btc-eth-options-expiry-looms-market-sentiment/,posts,202825,https://coincu.com/c/analysis,https://coincu.com/analysis/,0,no_match_in_raw
https://coincu.com/mendoza-allowed-pay-taxes-in-crypto/,posts,121120,https://coincu.com/c/casino-reviews/,https://coincu.com/casino-reviews/,0,no_match_in_raw
https://coincu.com/mendoza-allowed-pay-taxes-in-crypto/,posts,121120,https://coincu.com/c/pr/press-release/,https://coincu.com/pr/press-release/,0,no_match_in_raw
https://coincu.com/mendoza-allowed-pay-taxes-in-crypto/,posts,121120,https://coincu.com/c/news,https://coincu.com/news/,0,no_match_in_raw
https://coincu.com/what-is-chilizchz/,posts,116131,https://coincu.com/c/casino-reviews/,https://coincu.com/casino-reviews/,0,no_match_in_raw
https://coincu.com/what-is-chilizchz/,posts,116131,https://coincu.com/c/pr/press-release/,https://coincu.com/pr/press-release/,0,no_match_in_raw
https://coincu.com/what-is-chilizchz/,posts,116131,https://coincu.com/c/defi,https://coincu.com/defi/,0,no_match_in_raw
https://coincu.com/uala-will-suspend-crypto-business/,posts,187260,https://coincu.com/c/casino-reviews/,https://coincu.com/casino-reviews/,0,no_match_in_raw
https://coincu.com/uala-will-suspend-crypto-business/,posts,187260,https://coincu.com/c/pr/press-release/,https://coincu.com/pr/press-release/,0,no_match_in_raw
https://coincu.com/uala-will-suspend-crypto-business/,posts,187260,https://coincu.com/c/news,https://coincu.com/news/,0,no_match_in_raw
https://coincu.com/jeffrey-huang-refuted-zachxbts-allegations/,posts,196353,https://coincu.com/c/casino-reviews/,https://coincu.com/casino-reviews/,0,no_match_in_raw
https://coincu.com/jeffrey-huang-refuted-zachxbts-allegations/,posts,196353,https://coincu.com/c/pr/press-release/,https://coincu.com/pr/press-release/,0,no_match_in_raw
https://coincu.com/jeffrey-huang-refuted-zachxbts-allegations/,posts,196353,https://coincu.com/c/news,https://coincu.com/news/,0,no_match_in_raw
https://coincu.com/fed-discussion-impact-crypto-market/,posts,378739,https://coincu.com/c/casino-reviews/,https://coincu.com/casino-reviews/,0,no_match_in_raw
https://coincu.com/fed-discussion-impact-crypto-market/,posts,378739,https://coincu.com/c/markets,https://coincu.com/markets/,0,no_match_in_raw
https://coincu.com/fed-discussion-impact-crypto-market/,posts,378739,https://coincu.com/c/pr/press-release/,https://coincu.com/pr/press-release/,0,no_match_in_raw
https://coincu.com/sec-review-xrp-solana-etfs/,posts,343972,https://coincu.com/c/casino-reviews/,https://coincu.com/casino-reviews/,0,no_match_in_raw
https://coincu.com/sec-review-xrp-solana-etfs/,posts,343972,https://coincu.com/c/pr/press-release/,https://coincu.com/pr/press-release/,0,no_match_in_raw
https://coincu.com/sec-review-xrp-solana-etfs/,posts,343972,https://coincu.com/c/news,https://coincu.com/news/,0,no_match_in_raw
https://coincu.com/solana-etf-reaches-186m/,posts,340249,https://coincu.com/c/casino-reviews/,https://coincu.com/casino-reviews/,0,no_match_in_raw
https://coincu.com/solana-etf-reaches-186m/,posts,340249,https://coincu.com/c/markets,https://coincu.com/markets/,0,no_match_in_raw
https://coincu.com/solana-etf-reaches-186m/,posts,340249,https://coincu.com/c/pr/press-release/,https://coincu.com/pr/press-release/,0,no_match_in_raw
https://coincu.com/mexican-cbdc-is-not-ready-before-2024/,posts,158906,https://coincu.com/c/casino-reviews/,https://coincu.com/casino-reviews/,0,no_match_in_raw
https://coincu.com/mexican-cbdc-is-not-ready-before-2024/,posts,158906,https://coincu.com/c/pr/press-release/,https://coincu.com/pr/press-release/,0,no_match_in_raw
https://coincu.com/mexican-cbdc-is-not-ready-before-2024/,posts,158906,https://coincu.com/c/news,https://coincu.com/news/,0,no_match_in_raw
https://coincu.com/sogeforge-usd-stablecoin-launch/,posts,338690,https://coincu.com/c/casino-reviews/,https://coincu.com/casino-reviews/,0,no_match_in_raw
https://coincu.com/sogeforge-usd-stablecoin-launch/,posts,338690,https://coincu.com/c/pr/press-release/,https://coincu.com/pr/press-release/,0,no_match_in_raw
https://coincu.com/sogeforge-usd-stablecoin-launch/,posts,338690,https://coincu.com/c/news,https://coincu.com/news/,0,no_match_in_raw
https://coincu.com/kazakhstan-will-raise-its-tax-rates/,posts,108752,https://coincu.com/c/casino-reviews/,https://coincu.com/casino-reviews/,0,no_match_in_raw
https://coincu.com/kazakhstan-will-raise-its-tax-rates/,posts,108752,https://coincu.com/c/pr/press-release/,https://coincu.com/pr/press-release/,0,no_match_in_raw
https://coincu.com/kazakhstan-will-raise-its-tax-rates/,posts,108752,https://coincu.com/c/news,https://coincu.com/news/,0,no_match_in_raw
https://coincu.com/binance-free-trading-eth-busd/,posts,119609,https://coincu.com/c/casino-reviews/,https://coincu.com/casino-reviews/,0,no_match_in_raw
https://coincu.com/binance-free-trading-eth-busd/,posts,119609,https://coincu.com/c/pr/press-release/,https://coincu.com/pr/press-release/,0,no_match_in_raw
https://coincu.com/binance-free-trading-eth-busd/,posts,119609,https://coincu.com/c/news,https://coincu.com/news/,0,no_match_in_raw
https://coincu.com/philippine-sec-blocks-binance/,posts,233374,https://coincu.com/c/casino-reviews/,https://coincu.com/casino-reviews/,0,no_match_in_raw
https://coincu.com/philippine-sec-blocks-binance/,posts,233374,https://coincu.com/c/pr/press-release/,https://coincu.com/pr/press-release/,0,no_match_in_raw
https://coincu.com/philippine-sec-blocks-binance/,posts,233374,https://coincu.com/c/news,https://coincu.com/news/,0,no_match_in_raw
https://coincu.com/over-50-of-all-bitcoin-trades-are-fake/,posts,120387,https://coincu.com/c/casino-reviews/,https://coincu.com/casino-reviews/,0,no_match_in_raw
https://coincu.com/over-50-of-all-bitcoin-trades-are-fake/,posts,120387,https://coincu.com/c/pr/press-release/,https://coincu.com/pr/press-release/,0,no_match_in_raw
https://coincu.com/over-50-of-all-bitcoin-trades-are-fake/,posts,120387,https://coincu.com/c/uncategorized,https://coincu.com/uncategorized/,0,no_match_in_raw
https://coincu.com/credit-suisse-ceo-reassures-investors/,posts,173860,https://coincu.com/c/casino-reviews/,https://coincu.com/casino-reviews/,0,no_match_in_raw
https://coincu.com/credit-suisse-ceo-reassures-investors/,posts,173860,https://coincu.com/c/pr/press-release/,https://coincu.com/pr/press-release/,0,no_match_in_raw
https://coincu.com/credit-suisse-ceo-reassures-investors/,posts,173860,https://coincu.com/c/news,https://coincu.com/news/,0,no_match_in_raw
https://coincu.com/indonesia-fintech-revolution-summit/,posts,265425,https://coincu.com/c/casino-reviews/,https://coincu.com/casino-reviews/,0,no_match_in_raw
https://coincu.com/indonesia-fintech-revolution-summit/,posts,265425,https://coincu.com/c/press-release,https://coincu.com/press-release/,0,no_match_in_raw
https://coincu.com/indonesia-fintech-revolution-summit/,posts,265425,https://coincu.com/c/pr/press-release/,https://coincu.com/pr/press-release/,0,no_match_in_raw
https://coincu.com/philippines-fintech-revolution-summit/,posts,260444,https://coincu.com/c/casino-reviews/,https://coincu.com/casino-reviews/,0,no_match_in_raw
https://coincu.com/philippines-fintech-revolution-summit/,posts,260444,https://coincu.com/c/press-release,https://coincu.com/press-release/,0,no_match_in_raw
https://coincu.com/philippines-fintech-revolution-summit/,posts,260444,https://coincu.com/c/pr/press-release/,https://coincu.com/pr/press-release/,0,no_match_in_raw
https://coincu.com/what-is-paradigm/,posts,105979,https://coincu.com/c/casino-reviews/,https://coincu.com/casino-reviews/,0,no_match_in_raw
https://coincu.com/what-is-paradigm/,posts,105979,https://coincu.com/c/pr/press-release/,https://coincu.com/pr/press-release/,0,no_match_in_raw
https://coincu.com/what-is-paradigm/,posts,105979,https://coincu.com/c/analysis,https://coincu.com/analysis/,0,no_match_in_raw
https://coincu.com/brazils-crypto-centric-laws-affect-crypto/,posts,118249,https://coincu.com/c/casino-reviews/,https://coincu.com/casino-reviews/,0,no_match_in_raw
https://coincu.com/brazils-crypto-centric-laws-affect-crypto/,posts,118249,https://coincu.com/c/pr/press-release/,https://coincu.com/pr/press-release/,0,no_match_in_raw
https://coincu.com/brazils-crypto-centric-laws-affect-crypto/,posts,118249,https://coincu.com/c/uncategorized,https://coincu.com/uncategorized/,0,no_match_in_raw
https://coincu.com/binance-stops-deposit-withdraw-eth-weth/,posts,122600,https://coincu.com/c/casino-reviews/,https://coincu.com/casino-reviews/,0,no_match_in_raw
https://coincu.com/binance-stops-deposit-withdraw-eth-weth/,posts,122600,https://coincu.com/c/pr/press-release/,https://coincu.com/pr/press-release/,0,no_match_in_raw
https://coincu.com/binance-stops-deposit-withdraw-eth-weth/,posts,122600,https://coincu.com/c/blockchain,https://coincu.com/blockchain/,0,no_match_in_raw
https://coincu.com/luna-classic-is-up-70-binance-burns/,posts,130035,https://coincu.com/c/casino-reviews/,https://coincu.com/casino-reviews/,0,no_match_in_raw
https://coincu.com/luna-classic-is-up-70-binance-burns/,posts,130035,https://coincu.com/c/pr/press-release/,https://coincu.com/pr/press-release/,0,no_match_in_raw
https://coincu.com/luna-classic-is-up-70-binance-burns/,posts,130035,https://coincu.com/c/news,https://coincu.com/news/,0,no_match_in_raw
https://coincu.com/circle-boosts-workforce-25/,posts,169247,https://coincu.com/c/casino-reviews/,https://coincu.com/casino-reviews/,0,no_match_in_raw
https://coincu.com/circle-boosts-workforce-25/,posts,169247,https://coincu.com/c/pr/press-release/,https://coincu.com/pr/press-release/,0,no_match_in_raw
https://coincu.com/circle-boosts-workforce-25/,posts,169247,https://coincu.com/c/news,https://coincu.com/news/,0,no_match_in_raw
https://coincu.com/bitkub-cto-fined-200000-by-thai-sec/,posts,121324,https://coincu.com/c/casino-reviews/,https://coincu.com/casino-reviews/,0,no_match_in_raw
https://coincu.com/bitkub-cto-fined-200000-by-thai-sec/,posts,121324,https://coincu.com/c/pr/press-release/,https://coincu.com/pr/press-release/,0,no_match_in_raw
https://coincu.com/bitkub-cto-fined-200000-by-thai-sec/,posts,121324,https://coincu.com/c/news,https://coincu.com/news/,0,no_match_in_raw
https://coincu.com/bitkub-review/,posts,168316,https://coincu.com/c/casino-reviews/,https://coincu.com/casino-reviews/,0,no_match_in_raw
https://coincu.com/bitkub-review/,posts,168316,https://coincu.com/c/pr/press-release/,https://coincu.com/pr/press-release/,0,no_match_in_raw
https://coincu.com/bitkub-review/,posts,168316,https://coincu.com/c/uncategorized,https://coincu.com/uncategorized/,0,no_match_in_raw
https://coincu.com/dcg-loans-genesis-a-1-1b-promissory-note/,posts,145209,https://coincu.com/c/casino-reviews/,https://coincu.com/casino-reviews/,0,no_match_in_raw
https://coincu.com/dcg-loans-genesis-a-1-1b-promissory-note/,posts,145209,https://coincu.com/c/pr/press-release/,https://coincu.com/pr/press-release/,0,no_match_in_raw
https://coincu.com/dcg-loans-genesis-a-1-1b-promissory-note/,posts,145209,https://coincu.com/c/news,https://coincu.com/news/,0,no_match_in_raw
https://coincu.com/korean-raid-upbit-bithumb-investigate/,posts,187634,https://coincu.com/c/casino-reviews/,https://coincu.com/casino-reviews/,0,no_match_in_raw
https://coincu.com/korean-raid-upbit-bithumb-investigate/,posts,187634,https://coincu.com/c/pr/press-release/,https://coincu.com/pr/press-release/,0,no_match_in_raw
https://coincu.com/korean-raid-upbit-bithumb-investigate/,posts,187634,https://coincu.com/c/news,https://coincu.com/news/,0,no_match_in_raw
https://coincu.com/polygon-matic-gain-60-avax-vra-bulls-dip/,posts,163444,https://coincu.com/c/casino-reviews/,https://coincu.com/casino-reviews/,0,no_match_in_raw
https://coincu.com/polygon-matic-gain-60-avax-vra-bulls-dip/,posts,163444,https://coincu.com/c/pr/press-release/,https://coincu.com/pr/press-release/,0,no_match_in_raw
https://coincu.com/polygon-matic-gain-60-avax-vra-bulls-dip/,posts,163444,https://coincu.com/c/news,https://coincu.com/news/,0,no_match_in_raw
https://coincu.com/chinas-cpi-plunges-to-0-3-triggering-deflation/,posts,209215,https://coincu.com/c/casino-reviews/,https://coincu.com/casino-reviews/,0,no_match_in_raw
https://coincu.com/chinas-cpi-plunges-to-0-3-triggering-deflation/,posts,209215,https://coincu.com/c/pr/press-release/,https://coincu.com/pr/press-release/,0,no_match_in_raw
https://coincu.com/chinas-cpi-plunges-to-0-3-triggering-deflation/,posts,209215,https://coincu.com/c/news,https://coincu.com/news/,0,no_match_in_raw
https://coincu.com/xrp-shib-avax-supported-by-binance-card/,posts,115033,https://coincu.com/c/casino-reviews/,https://coincu.com/casino-reviews/,0,no_match_in_raw
https://coincu.com/xrp-shib-avax-supported-by-binance-card/,posts,115033,https://coincu.com/c/pr/press-release/,https://coincu.com/pr/press-release/,0,no_match_in_raw
https://coincu.com/xrp-shib-avax-supported-by-binance-card/,posts,115033,https://coincu.com/c/news,https://coincu.com/news/,0,no_match_in_raw
https://coincu.com/how-a-broker-can-obtain-a-cysec-licence/,posts,266953,https://coincu.com/c/casino-reviews/,https://coincu.com/casino-reviews/,0,no_match_in_raw
https://coincu.com/how-a-broker-can-obtain-a-cysec-licence/,posts,266953,https://coincu.com/c/pr/press-release/,https://coincu.com/pr/press-release/,0,no_match_in_raw
https://coincu.com/how-a-broker-can-obtain-a-cysec-licence/,posts,266953,https://coincu.com/c/sponsored-articles-pr,https://coincu.com/sponsored-articles-pr/,0,no_match_in_raw
https://coincu.com/galois-capital-was-stuck-at-ftx/,posts,141923,https://coincu.com/c/casino-reviews/,https://coincu.com/casino-reviews/,0,no_match_in_raw
https://coincu.com/galois-capital-was-stuck-at-ftx/,posts,141923,https://coincu.com/c/pr/press-release/,https://coincu.com/pr/press-release/,0,no_match_in_raw
https://coincu.com/galois-capital-was-stuck-at-ftx/,posts,141923,https://coincu.com/c/news,https://coincu.com/news/,0,no_match_in_raw
https://coincu.com/galois-capital-close-assets-stuck-on-ftx/,posts,168413,https://coincu.com/c/casino-reviews/,https://coincu.com/casino-reviews/,0,no_match_in_raw
https://coincu.com/galois-capital-close-assets-stuck-on-ftx/,posts,168413,https://coincu.com/c/pr/press-release/,https://coincu.com/pr/press-release/,0,no_match_in_raw
https://coincu.com/galois-capital-close-assets-stuck-on-ftx/,posts,168413,https://coincu.com/c/news,https://coincu.com/news/,0,no_match_in_raw
https://coincu.com/btc-options-face-2-54b-test-as-market-struggles/,posts,311467,https://coincu.com/c/casino-reviews/,https://coincu.com/casino-reviews/,0,no_match_in_raw
https://coincu.com/btc-options-face-2-54b-test-as-market-struggles/,posts,311467,https://coincu.com/c/markets,https://coincu.com/markets/,0,no_match_in_raw
https://coincu.com/btc-options-face-2-54b-test-as-market-struggles/,posts,311467,https://coincu.com/c/pr/press-release/,https://coincu.com/pr/press-release/,0,no_match_in_raw
https://coincu.com/bitcoin-market-uncertainty-analysis/,posts,378119,https://coincu.com/c/casino-reviews/,https://coincu.com/casino-reviews/,0,no_match_in_raw
https://coincu.com/bitcoin-market-uncertainty-analysis/,posts,378119,https://coincu.com/c/markets,https://coincu.com/markets/,0,no_match_in_raw
https://coincu.com/bitcoin-market-uncertainty-analysis/,posts,378119,https://coincu.com/c/pr/press-release/,https://coincu.com/pr/press-release/,0,no_match_in_raw
https://coincu.com/bitcoin-mini-bear-market-matrixport-report/,posts,378212,https://coincu.com/c/casino-reviews/,https://coincu.com/casino-reviews/,0,no_match_in_raw
https://coincu.com/bitcoin-mini-bear-market-matrixport-report/,posts,378212,https://coincu.com/c/markets,https://coincu.com/markets/,0,no_match_in_raw
https://coincu.com/bitcoin-mini-bear-market-matrixport-report/,posts,378212,https://coincu.com/c/pr/press-release/,https://coincu.com/pr/press-release/,0,no_match_in_raw
https://coincu.com/bithumbs-shareholder-in-embezzlement-probe/,posts,168952,https://coincu.com/c/casino-reviews/,https://coincu.com/casino-reviews/,0,no_match_in_raw
https://coincu.com/bithumbs-shareholder-in-embezzlement-probe/,posts,168952,https://coincu.com/c/pr/press-release/,https://coincu.com/pr/press-release/,0,no_match_in_raw
https://coincu.com/bithumbs-shareholder-in-embezzlement-probe/,posts,168952,https://coincu.com/c/news,https://coincu.com/news/,0,no_match_in_raw
https://coincu.com/bithumb-illegal-virtual-asset-exchange/,posts,174314,https://coincu.com/c/casino-reviews/,https://coincu.com/casino-reviews/,0,no_match_in_raw
https://coincu.com/bithumb-illegal-virtual-asset-exchange/,posts,174314,https://coincu.com/c/pr/press-release/,https://coincu.com/pr/press-release/,0,no_match_in_raw
https://coincu.com/bithumb-illegal-virtual-asset-exchange/,posts,174314,https://coincu.com/c/news,https://coincu.com/news/,0,no_match_in_raw
https://coincu.com/bithumbs-owner-an-arrest-warrant/,posts,162653,https://coincu.com/c/casino-reviews/,https://coincu.com/casino-reviews/,0,no_match_in_raw
https://coincu.com/bithumbs-owner-an-arrest-warrant/,posts,162653,https://coincu.com/c/pr/press-release/,https://coincu.com/pr/press-release/,0,no_match_in_raw
https://coincu.com/bithumbs-owner-an-arrest-warrant/,posts,162653,https://coincu.com/c/news,https://coincu.com/news/,0,no_match_in_raw
https://coincu.com/bithumb-8-jail-fraud-worth-about-70m/,posts,136809,https://coincu.com/c/casino-reviews/,https://coincu.com/casino-reviews/,0,no_match_in_raw
https://coincu.com/bithumb-8-jail-fraud-worth-about-70m/,posts,136809,https://coincu.com/c/pr/press-release/,https://coincu.com/pr/press-release/,0,no_match_in_raw
https://coincu.com/bithumb-8-jail-fraud-worth-about-70m/,posts,136809,https://coincu.com/c/news,https://coincu.com/news/,0,no_match_in_raw
https://coincu.com/ethereum-gas-fees-lowest-transaction-costs/,posts,250632,https://coincu.com/c/casino-reviews/,https://coincu.com/casino-reviews/,0,no_match_in_raw
https://coincu.com/ethereum-gas-fees-lowest-transaction-costs/,posts,250632,https://coincu.com/c/pr/press-release/,https://coincu.com/pr/press-release/,0,no_match_in_raw
https://coincu.com/ethereum-gas-fees-lowest-transaction-costs/,posts,250632,https://coincu.com/c/knowledge,https://coincu.com/knowledge/,0,no_match_in_raw
https://coincu.com/crypto-market-highlights-january-5-2023/,posts,158390,https://coincu.com/c/casino-reviews/,https://coincu.com/casino-reviews/,0,no_match_in_raw
https://coincu.com/crypto-market-highlights-january-5-2023/,posts,158390,https://coincu.com/c/pr/press-release/,https://coincu.com/pr/press-release/,0,no_match_in_raw
https://coincu.com/crypto-market-highlights-january-5-2023/,posts,158390,https://coincu.com/c/uncategorized,https://coincu.com/uncategorized/,0,no_match_in_raw
https://coincu.com/basel-committee-approves-cryptoasset-standards/,posts,267071,https://coincu.com/c/casino-reviews/,https://coincu.com/casino-reviews/,0,no_match_in_raw
https://coincu.com/basel-committee-approves-cryptoasset-standards/,posts,267071,https://coincu.com/c/pr/press-release/,https://coincu.com/pr/press-release/,0,no_match_in_raw
https://coincu.com/basel-committee-approves-cryptoasset-standards/,posts,267071,https://coincu.com/c/news,https://coincu.com/news/,0,no_match_in_raw
https://coincu.com/token2049-event-of-asia-crypto-week/,posts,119732,https://coincu.com/c/casino-reviews/,https://coincu.com/casino-reviews/,0,no_match_in_raw
https://coincu.com/token2049-event-of-asia-crypto-week/,posts,119732,https://coincu.com/c/pr/press-release/,https://coincu.com/pr/press-release/,0,no_match_in_raw
https://coincu.com/token2049-event-of-asia-crypto-week/,posts,119732,https://coincu.com/c/knowledge,https://coincu.com/knowledge/,0,no_match_in_raw
https://coincu.com/goldman-sachs-survey/,posts,186262,https://coincu.com/c/casino-reviews/,https://coincu.com/casino-reviews/,0,no_match_in_raw
https://coincu.com/goldman-sachs-survey/,posts,186262,https://coincu.com/c/pr/press-release/,https://coincu.com/pr/press-release/,0,no_match_in_raw
https://coincu.com/goldman-sachs-survey/,posts,186262,https://coincu.com/c/news,https://coincu.com/news/,0,no_match_in_raw
https://coincu.com/twitter-will-use-signal-protocol/,posts,146664,https://coincu.com/c/casino-reviews/,https://coincu.com/casino-reviews/,0,no_match_in_raw
https://coincu.com/twitter-will-use-signal-protocol/,posts,146664,https://coincu.com/c/pr/press-release/,https://coincu.com/pr/press-release/,0,no_match_in_raw
https://coincu.com/twitter-will-use-signal-protocol/,posts,146664,https://coincu.com/c/news,https://coincu.com/news/,0,no_match_in_raw
https://coincu.com/huobi-explains-the-loss-of-husds-peg-1/,posts,118661,https://coincu.com/c/casino-reviews/,https://coincu.com/casino-reviews/,0,no_match_in_raw
https://coincu.com/huobi-explains-the-loss-of-husds-peg-1/,posts,118661,https://coincu.com/c/pr/press-release/,https://coincu.com/pr/press-release/,0,no_match_in_raw
https://coincu.com/huobi-explains-the-loss-of-husds-peg-1/,posts,118661,https://coincu.com/c/news,https://coincu.com/news/,0,no_match_in_raw
https://coincu.com/huobi-is-approved-service-in-australia/,posts,113865,https://coincu.com/c/casino-reviews/,https://coincu.com/casino-reviews/,0,no_match_in_raw
https://coincu.com/huobi-is-approved-service-in-australia/,posts,113865,https://coincu.com/c/pr/press-release/,https://coincu.com/pr/press-release/,0,no_match_in_raw
https://coincu.com/huobi-is-approved-service-in-australia/,posts,113865,https://coincu.com/c/news,https://coincu.com/news/,0,no_match_in_raw
https://coincu.com/binance-ftx-many-companies-acquire-voyagers/,posts,120204,https://coincu.com/c/casino-reviews/,https://coincu.com/casino-reviews/,0,no_match_in_raw
https://coincu.com/binance-ftx-many-companies-acquire-voyagers/,posts,120204,https://coincu.com/c/markets,https://coincu.com/markets/,0,no_match_in_raw
https://coincu.com/binance-ftx-many-companies-acquire-voyagers/,posts,120204,https://coincu.com/c/pr/press-release/,https://coincu.com/pr/press-release/,0,no_match_in_raw
https://coincu.com/bitcoin-ordinals-bitcoin-nft/,posts,186748,https://coincu.com/c/casino-reviews/,https://coincu.com/casino-reviews/,0,no_match_in_raw
https://coincu.com/bitcoin-ordinals-bitcoin-nft/,posts,186748,https://coincu.com/c/pr/press-release/,https://coincu.com/pr/press-release/,0,no_match_in_raw
https://coincu.com/bitcoin-ordinals-bitcoin-nft/,posts,186748,https://coincu.com/c/uncategorized,https://coincu.com/uncategorized/,0,no_match_in_raw
https://coincu.com/investigate-complaints-against-silvergate/,posts,154317,https://coincu.com/c/casino-reviews/,https://coincu.com/casino-reviews/,0,no_match_in_raw
https://coincu.com/investigate-complaints-against-silvergate/,posts,154317,https://coincu.com/c/pr/press-release/,https://coincu.com/pr/press-release/,0,no_match_in_raw
https://coincu.com/investigate-complaints-against-silvergate/,posts,154317,https://coincu.com/c/news,https://coincu.com/news/,0,no_match_in_raw
https://coincu.com/eos-uses-this-tactic-significant-tvl-growth/,posts,163061,https://coincu.com/c/casino-reviews/,https://coincu.com/casino-reviews/,0,no_match_in_raw
https://coincu.com/eos-uses-this-tactic-significant-tvl-growth/,posts,163061,https://coincu.com/c/pr/press-release/,https://coincu.com/pr/press-release/,0,no_match_in_raw
https://coincu.com/eos-uses-this-tactic-significant-tvl-growth/,posts,163061,https://coincu.com/c/analysis,https://coincu.com/analysis/,0,no_match_in_raw
https://coincu.com/coinbase-support-avalanche-pangolin-png/,posts,130961,https://coincu.com/c/casino-reviews/,https://coincu.com/casino-reviews/,0,no_match_in_raw
https://coincu.com/coinbase-support-avalanche-pangolin-png/,posts,130961,https://coincu.com/c/pr/press-release/,https://coincu.com/pr/press-release/,0,no_match_in_raw
https://coincu.com/coinbase-support-avalanche-pangolin-png/,posts,130961,https://coincu.com/c/uncategorized,https://coincu.com/uncategorized/,0,no_match_in_raw
https://coincu.com/qnb-jpmorgan-blockchain-payments/,posts,365250,https://coincu.com/c/casino-reviews/,https://coincu.com/casino-reviews/,0,no_match_in_raw
https://coincu.com/qnb-jpmorgan-blockchain-payments/,posts,365250,https://coincu.com/c/pr/press-release/,https://coincu.com/pr/press-release/,0,no_match_in_raw
https://coincu.com/qnb-jpmorgan-blockchain-payments/,posts,365250,https://coincu.com/c/blockchain,https://coincu.com/blockchain/,0,no_match_in_raw
https://coincu.com/defi-protocol-lido-surpasses-5-9b/,posts,157517,https://coincu.com/c/casino-reviews/,https://coincu.com/casino-reviews/,0,no_match_in_raw
https://coincu.com/defi-protocol-lido-surpasses-5-9b/,posts,157517,https://coincu.com/c/pr/press-release/,https://coincu.com/pr/press-release/,0,no_match_in_raw
https://coincu.com/defi-protocol-lido-surpasses-5-9b/,posts,157517,https://coincu.com/c/uncategorized,https://coincu.com/uncategorized/,0,no_match_in_raw
https://coincu.com/sui-skyrockets-to-500m-defi-total-value-locked/,posts,246378,https://coincu.com/c/casino-reviews/,https://coincu.com/casino-reviews/,0,no_match_in_raw
https://coincu.com/sui-skyrockets-to-500m-defi-total-value-locked/,posts,246378,https://coincu.com/c/pr/press-release/,https://coincu.com/pr/press-release/,0,no_match_in_raw
https://coincu.com/sui-skyrockets-to-500m-defi-total-value-locked/,posts,246378,https://coincu.com/c/news,https://coincu.com/news/,0,no_match_in_raw
https://coincu.com/total-value-locked-importance-for-crypto/,posts,105605,https://coincu.com/c/casino-reviews/,https://coincu.com/casino-reviews/,0,no_match_in_raw
https://coincu.com/total-value-locked-importance-for-crypto/,posts,105605,https://coincu.com/c/pr/press-release/,https://coincu.com/pr/press-release/,0,no_match_in_raw
https://coincu.com/total-value-locked-importance-for-crypto/,posts,105605,https://coincu.com/c/knowledge,https://coincu.com/knowledge/,0,no_match_in_raw
https://coincu.com/defi-llama-updates-tvl/,posts,115148,https://coincu.com/c/casino-reviews/,https://coincu.com/casino-reviews/,0,no_match_in_raw
https://coincu.com/defi-llama-updates-tvl/,posts,115148,https://coincu.com/c/pr/press-release/,https://coincu.com/pr/press-release/,0,no_match_in_raw
https://coincu.com/defi-llama-updates-tvl/,posts,115148,https://coincu.com/c/defi,https://coincu.com/defi/,0,no_match_in_raw
https://coincu.com/qcp-analysis-report-bitcoin-bull-market/,posts,251446,https://coincu.com/c/casino-reviews/,https://coincu.com/casino-reviews/,0,no_match_in_raw
https://coincu.com/qcp-analysis-report-bitcoin-bull-market/,posts,251446,https://coincu.com/c/pr/press-release/,https://coincu.com/pr/press-release/,0,no_match_in_raw
https://coincu.com/qcp-analysis-report-bitcoin-bull-market/,posts,251446,https://coincu.com/c/news,https://coincu.com/news/,0,no_match_in_raw
https://coincu.com/hong-kong-is-poised-to-open-the-floodgates/,posts,195623,https://coincu.com/c/casino-reviews/,https://coincu.com/casino-reviews/,0,no_match_in_raw
https://coincu.com/hong-kong-is-poised-to-open-the-floodgates/,posts,195623,https://coincu.com/c/pr/press-release/,https://coincu.com/pr/press-release/,0,no_match_in_raw
https://coincu.com/hong-kong-is-poised-to-open-the-floodgates/,posts,195623,https://coincu.com/c/news,https://coincu.com/news/,0,no_match_in_raw
https://coincu.com/investors-coinbase-to-contact-the-firm/,posts,130133,https://coincu.com/c/casino-reviews/,https://coincu.com/casino-reviews/,0,no_match_in_raw
https://coincu.com/investors-coinbase-to-contact-the-firm/,posts,130133,https://coincu.com/c/pr/press-release/,https://coincu.com/pr/press-release/,0,no_match_in_raw
https://coincu.com/investors-coinbase-to-contact-the-firm/,posts,130133,https://coincu.com/c/news,https://coincu.com/news/,0,no_match_in_raw
https://coincu.com/aax-and-ftx-personnel-profile-disappeared/,posts,155190,https://coincu.com/c/casino-reviews/,https://coincu.com/casino-reviews/,0,no_match_in_raw
https://coincu.com/aax-and-ftx-personnel-profile-disappeared/,posts,155190,https://coincu.com/c/pr/press-release/,https://coincu.com/pr/press-release/,0,no_match_in_raw
https://coincu.com/aax-and-ftx-personnel-profile-disappeared/,posts,155190,https://coincu.com/c/news,https://coincu.com/news/,0,no_match_in_raw
https://coincu.com/aave-direction-for-ethpow/,posts,115634,https://coincu.com/c/casino-reviews/,https://coincu.com/casino-reviews/,0,no_match_in_raw
https://coincu.com/aave-direction-for-ethpow/,posts,115634,https://coincu.com/c/pr/press-release/,https://coincu.com/pr/press-release/,0,no_match_in_raw
https://coincu.com/aave-direction-for-ethpow/,posts,115634,https://coincu.com/c/defi,https://coincu.com/defi/,0,no_match_in_raw
https://coincu.com/poloniex-merges-with-huobi-exchange/,posts,146089,https://coincu.com/c/casino-reviews/,https://coincu.com/casino-reviews/,0,no_match_in_raw
https://coincu.com/poloniex-merges-with-huobi-exchange/,posts,146089,https://coincu.com/c/pr/press-release/,https://coincu.com/pr/press-release/,0,no_match_in_raw
https://coincu.com/poloniex-merges-with-huobi-exchange/,posts,146089,https://coincu.com/c/news,https://coincu.com/news/,0,no_match_in_raw
https://coincu.com/huobi-has-denied-it-may-merge-with-poloniex/,posts,146431,https://coincu.com/c/casino-reviews/,https://coincu.com/casino-reviews/,0,no_match_in_raw
https://coincu.com/huobi-has-denied-it-may-merge-with-poloniex/,posts,146431,https://coincu.com/c/pr/press-release/,https://coincu.com/pr/press-release/,0,no_match_in_raw
https://coincu.com/huobi-has-denied-it-may-merge-with-poloniex/,posts,146431,https://coincu.com/c/news,https://coincu.com/news/,0,no_match_in_raw
https://coincu.com/aave-native-stablecoin-gho-20-million/,posts,210294,https://coincu.com/c/casino-reviews/,https://coincu.com/casino-reviews/,0,no_match_in_raw
https://coincu.com/aave-native-stablecoin-gho-20-million/,posts,210294,https://coincu.com/c/pr/press-release/,https://coincu.com/pr/press-release/,0,no_match_in_raw
https://coincu.com/aave-native-stablecoin-gho-20-million/,posts,210294,https://coincu.com/c/news,https://coincu.com/news/,0,no_match_in_raw
https://coincu.com/what-is-honeypots-crypto-scam/,posts,171845,https://coincu.com/c/casino-reviews/,https://coincu.com/casino-reviews/,0,no_match_in_raw
https://coincu.com/what-is-honeypots-crypto-scam/,posts,171845,https://coincu.com/c/pr/press-release/,https://coincu.com/pr/press-release/,0,no_match_in_raw
https://coincu.com/what-is-honeypots-crypto-scam/,posts,171845,https://coincu.com/c/knowledge,https://coincu.com/knowledge/,0,no_match_in_raw
https://coincu.com/fed-25b-banks-relief-markets-excited/,posts,173292,https://coincu.com/c/casino-reviews/,https://coincu.com/casino-reviews/,0,no_match_in_raw
https://coincu.com/fed-25b-banks-relief-markets-excited/,posts,173292,https://coincu.com/c/pr/press-release/,https://coincu.com/pr/press-release/,0,no_match_in_raw
https://coincu.com/fed-25b-banks-relief-markets-excited/,posts,173292,https://coincu.com/c/news,https://coincu.com/news/,0,no_match_in_raw
https://coincu.com/aave-v3-temperature-check-vote/,posts,181775,https://coincu.com/c/casino-reviews/,https://coincu.com/casino-reviews/,0,no_match_in_raw
https://coincu.com/aave-v3-temperature-check-vote/,posts,181775,https://coincu.com/c/pr/press-release/,https://coincu.com/pr/press-release/,0,no_match_in_raw
https://coincu.com/aave-v3-temperature-check-vote/,posts,181775,https://coincu.com/c/defi,https://coincu.com/defi/,0,no_match_in_raw
https://coincu.com/xrp-up-8-the-sec-case-signed-to-end/,posts,126403,https://coincu.com/c/casino-reviews/,https://coincu.com/casino-reviews/,0,no_match_in_raw
https://coincu.com/xrp-up-8-the-sec-case-signed-to-end/,posts,126403,https://coincu.com/c/pr/press-release/,https://coincu.com/pr/press-release/,0,no_match_in_raw
https://coincu.com/xrp-up-8-the-sec-case-signed-to-end/,posts,126403,https://coincu.com/c/uncategorized,https://coincu.com/uncategorized/,0,no_match_in_raw
https://coincu.com/hashkey-group-blockchain-finance/,posts,330712,https://coincu.com/c/casino-reviews/,https://coincu.com/casino-reviews/,0,no_match_in_raw
https://coincu.com/hashkey-group-blockchain-finance/,posts,330712,https://coincu.com/c/pr/press-release/,https://coincu.com/pr/press-release/,0,no_match_in_raw
https://coincu.com/hashkey-group-blockchain-finance/,posts,330712,https://coincu.com/c/blockchain,https://coincu.com/blockchain/,0,no_match_in_raw
https://coincu.com/binance-introduces-4-trading-pairs-cyber-tusd/,posts,212334,https://coincu.com/c/casino-reviews/,https://coincu.com/casino-reviews/,0,no_match_in_raw
https://coincu.com/binance-introduces-4-trading-pairs-cyber-tusd/,posts,212334,https://coincu.com/c/pr/press-release/,https://coincu.com/pr/press-release/,0,no_match_in_raw
https://coincu.com/binance-introduces-4-trading-pairs-cyber-tusd/,posts,212334,https://coincu.com/c/news,https://coincu.com/news/,0,no_match_in_raw
https://coincu.com/arbitrum-higher-costs-ethereum/,posts,105129,https://coincu.com/c/casino-reviews/,https://coincu.com/casino-reviews/,0,no_match_in_raw
https://coincu.com/arbitrum-higher-costs-ethereum/,posts,105129,https://coincu.com/c/pr/press-release/,https://coincu.com/pr/press-release/,0,no_match_in_raw
https://coincu.com/arbitrum-higher-costs-ethereum/,posts,105129,https://coincu.com/c/blockchain,https://coincu.com/blockchain/,0,no_match_in_raw
https://coincu.com/starbucks-odyssey-nft-discontinued/,posts,250589,https://coincu.com/c/casino-reviews/,https://coincu.com/casino-reviews/,0,no_match_in_raw
https://coincu.com/starbucks-odyssey-nft-discontinued/,posts,250589,https://coincu.com/c/pr/press-release/,https://coincu.com/pr/press-release/,0,no_match_in_raw
https://coincu.com/starbucks-odyssey-nft-discontinued/,posts,250589,https://coincu.com/c/news,https://coincu.com/news/,0,no_match_in_raw
https://coincu.com/active-wallet-addresses-ethereum-ath/,posts,114100,https://coincu.com/c/casino-reviews/,https://coincu.com/casino-reviews/,0,no_match_in_raw
https://coincu.com/active-wallet-addresses-ethereum-ath/,posts,114100,https://coincu.com/c/pr/press-release/,https://coincu.com/pr/press-release/,0,no_match_in_raw
https://coincu.com/active-wallet-addresses-ethereum-ath/,posts,114100,https://coincu.com/c/knowledge,https://coincu.com/knowledge/,0,no_match_in_raw
https://coincu.com/michael-kong-fantom/,posts,129832,https://coincu.com/c/casino-reviews/,https://coincu.com/casino-reviews/,0,no_match_in_raw
https://coincu.com/michael-kong-fantom/,posts,129832,https://coincu.com/c/pr/press-release/,https://coincu.com/pr/press-release/,0,no_match_in_raw
https://coincu.com/michael-kong-fantom/,posts,129832,https://coincu.com/c/news,https://coincu.com/news/,0,no_match_in_raw
https://coincu.com/voyagers-massive-crypto-move-usdc/,posts,172486,https://coincu.com/c/casino-reviews/,https://coincu.com/casino-reviews/,0,no_match_in_raw
https://coincu.com/voyagers-massive-crypto-move-usdc/,posts,172486,https://coincu.com/c/pr/press-release/,https://coincu.com/pr/press-release/,0,no_match_in_raw
https://coincu.com/voyagers-massive-crypto-move-usdc/,posts,172486,https://coincu.com/c/news,https://coincu.com/news/,0,no_match_in_raw
https://coincu.com/qredo-release-circle-usdc-toolkit/,posts,217065,https://coincu.com/c/casino-reviews/,https://coincu.com/casino-reviews/,0,no_match_in_raw
https://coincu.com/qredo-release-circle-usdc-toolkit/,posts,217065,https://coincu.com/c/pr/press-release/,https://coincu.com/pr/press-release/,0,no_match_in_raw
https://coincu.com/qredo-release-circle-usdc-toolkit/,posts,217065,https://coincu.com/c/news,https://coincu.com/news/,0,no_match_in_raw
https://coincu.com/top-5-native-zkevm-protocols/,posts,177758,https://coincu.com/c/casino-reviews/,https://coincu.com/casino-reviews/,0,no_match_in_raw
https://coincu.com/top-5-native-zkevm-protocols/,posts,177758,https://coincu.com/c/pr/press-release/,https://coincu.com/pr/press-release/,0,no_match_in_raw
https://coincu.com/top-5-native-zkevm-protocols/,posts,177758,https://coincu.com/c/knowledge,https://coincu.com/knowledge/,0,no_match_in_raw
https://coincu.com/quickswap-v3-new-outstanding-layer-2-dex/,posts,173576,https://coincu.com/c/casino-reviews/,https://coincu.com/casino-reviews/,0,no_match_in_raw
https://coincu.com/quickswap-v3-new-outstanding-layer-2-dex/,posts,173576,https://coincu.com/c/pr/press-release/,https://coincu.com/pr/press-release/,0,no_match_in_raw
https://coincu.com/quickswap-v3-new-outstanding-layer-2-dex/,posts,173576,https://coincu.com/c/other-reviews,https://coincu.com/other-reviews/,0,no_match_in_raw
https://coincu.com/merkle-trees-coming-soon-said-cz/,posts,145815,https://coincu.com/c/casino-reviews/,https://coincu.com/casino-reviews/,0,no_match_in_raw
https://coincu.com/merkle-trees-coming-soon-said-cz/,posts,145815,https://coincu.com/c/pr/press-release/,https://coincu.com/pr/press-release/,0,no_match_in_raw
https://coincu.com/merkle-trees-coming-soon-said-cz/,posts,145815,https://coincu.com/c/news,https://coincu.com/news/,0,no_match_in_raw
https://coincu.com/investiva-cfd-broker-review-online-trading-asset/,posts,249197,https://coincu.com/c/casino-reviews/,https://coincu.com/casino-reviews/,0,no_match_in_raw
https://coincu.com/investiva-cfd-broker-review-online-trading-asset/,posts,249197,https://coincu.com/c/pr/press-release/,https://coincu.com/pr/press-release/,0,no_match_in_raw
https://coincu.com/investiva-cfd-broker-review-online-trading-asset/,posts,249197,https://coincu.com/c/other-reviews,https://coincu.com/other-reviews/,0,no_match_in_raw
https://coincu.com/starknet-foundation-launches-5-committees/,posts,175354,https://coincu.com/c/casino-reviews/,https://coincu.com/casino-reviews/,0,no_match_in_raw
https://coincu.com/starknet-foundation-launches-5-committees/,posts,175354,https://coincu.com/c/pr/press-release/,https://coincu.com/pr/press-release/,0,no_match_in_raw
https://coincu.com/starknet-foundation-launches-5-committees/,posts,175354,https://coincu.com/c/news,https://coincu.com/news/,0,no_match_in_raw
https://coincu.com/binance-reported-its-gopax-acquisition/,posts,171927,https://coincu.com/c/casino-reviews/,https://coincu.com/casino-reviews/,0,no_match_in_raw
https://coincu.com/binance-reported-its-gopax-acquisition/,posts,171927,https://coincu.com/c/pr/press-release/,https://coincu.com/pr/press-release/,0,no_match_in_raw
https://coincu.com/binance-reported-its-gopax-acquisition/,posts,171927,https://coincu.com/c/news,https://coincu.com/news/,0,no_match_in_raw
https://coincu.com/top-4-sharks-silently-discharged-chz/,posts,150243,https://coincu.com/c/casino-reviews/,https://coincu.com/casino-reviews/,0,no_match_in_raw
https://coincu.com/top-4-sharks-silently-discharged-chz/,posts,150243,https://coincu.com/c/pr/press-release/,https://coincu.com/pr/press-release/,0,no_match_in_raw
https://coincu.com/top-4-sharks-silently-discharged-chz/,posts,150243,https://coincu.com/c/news,https://coincu.com/news/,0,no_match_in_raw
https://coincu.com/socios-com-invests-100-million-barcelona/,posts,113874,https://coincu.com/c/casino-reviews/,https://coincu.com/casino-reviews/,0,no_match_in_raw
https://coincu.com/socios-com-invests-100-million-barcelona/,posts,113874,https://coincu.com/c/pr/press-release/,https://coincu.com/pr/press-release/,0,no_match_in_raw
https://coincu.com/socios-com-invests-100-million-barcelona/,posts,113874,https://coincu.com/c/news,https://coincu.com/news/,0,no_match_in_raw
https://coincu.com/fahrenheit-leds-the-celsius-auction/,posts,188196,https://coincu.com/c/casino-reviews/,https://coincu.com/casino-reviews/,0,no_match_in_raw
https://coincu.com/fahrenheit-leds-the-celsius-auction/,posts,188196,https://coincu.com/c/pr/press-release/,https://coincu.com/pr/press-release/,0,no_match_in_raw
https://coincu.com/fahrenheit-leds-the-celsius-auction/,posts,188196,https://coincu.com/c/news,https://coincu.com/news/,0,no_match_in_raw
https://coincu.com/bitcoin-miner-terawulf-raises-17-million/,posts,132534,https://coincu.com/c/casino-reviews/,https://coincu.com/casino-reviews/,0,no_match_in_raw
https://coincu.com/bitcoin-miner-terawulf-raises-17-million/,posts,132534,https://coincu.com/c/pr/press-release/,https://coincu.com/pr/press-release/,0,no_match_in_raw
https://coincu.com/bitcoin-miner-terawulf-raises-17-million/,posts,132534,https://coincu.com/c/news,https://coincu.com/news/,0,no_match_in_raw
https://coincu.com/missed-popcats-insane-bull-run-this-best-new-meme-coin-could-be-your-next-100x-join-before-it-blows-up/,posts,304435,https://coincu.com/c/casino-reviews/,https://coincu.com/casino-reviews/,0,no_match_in_raw
https://coincu.com/missed-popcats-insane-bull-run-this-best-new-meme-coin-could-be-your-next-100x-join-before-it-blows-up/,posts,304435,https://coincu.com/c/pr/press-release/,https://coincu.com/pr/press-release/,0,no_match_in_raw
https://coincu.com/missed-popcats-insane-bull-run-this-best-new-meme-coin-could-be-your-next-100x-join-before-it-blows-up/,posts,304435,https://coincu.com/c/cmc,https://coincu.com/cmc/,0,no_match_in_raw
https://coincu.com/top-meme-coins-to-buy-today-arctic-pablo-neiro-act-i/,posts,323782,https://coincu.com/c/casino-reviews/,https://coincu.com/casino-reviews/,0,no_match_in_raw
https://coincu.com/top-meme-coins-to-buy-today-arctic-pablo-neiro-act-i/,posts,323782,https://coincu.com/c/pr/press-release/,https://coincu.com/pr/press-release/,0,no_match_in_raw
https://coincu.com/top-meme-coins-to-buy-today-arctic-pablo-neiro-act-i/,posts,323782,https://coincu.com/c/cmc,https://coincu.com/cmc/,0,no_match_in_raw
https://coincu.com/arctic-pablo-leads-the-top-meme-coins-to-invest-in-right-now-exploring-floki-inu-and-peanut-the-squirrel-updates/,posts,321241,https://coincu.com/c/casino-reviews/,https://coincu.com/casino-reviews/,0,no_match_in_raw
https://coincu.com/arctic-pablo-leads-the-top-meme-coins-to-invest-in-right-now-exploring-floki-inu-and-peanut-the-squirrel-updates/,posts,321241,https://coincu.com/c/pr/press-release/,https://coincu.com/pr/press-release/,0,no_match_in_raw
https://coincu.com/arctic-pablo-leads-the-top-meme-coins-to-invest-in-right-now-exploring-floki-inu-and-peanut-the-squirrel-updates/,posts,321241,https://coincu.com/c/cmc,https://coincu.com/cmc/,0,no_match_in_raw
https://coincu.com/ton-network-tvl-exceeds-500m-as-toncoin-gains-9/,posts,263729,https://coincu.com/c/casino-reviews/,https://coincu.com/casino-reviews/,0,no_match_in_raw
https://coincu.com/ton-network-tvl-exceeds-500m-as-toncoin-gains-9/,posts,263729,https://coincu.com/c/pr/press-release/,https://coincu.com/pr/press-release/,0,no_match_in_raw
https://coincu.com/ton-network-tvl-exceeds-500m-as-toncoin-gains-9/,posts,263729,https://coincu.com/c/news,https://coincu.com/news/,0,no_match_in_raw
https://coincu.com/arctic-pablo-coin-is-listed-with-top-new-meme-coins-for-exponential-returns-as-act-i-the-ai-prophecy-and-moo-deng-updates/,posts,322417,https://coincu.com/c/casino-reviews/,https://coincu.com/casino-reviews/,0,no_match_in_raw
https://coincu.com/arctic-pablo-coin-is-listed-with-top-new-meme-coins-for-exponential-returns-as-act-i-the-ai-prophecy-and-moo-deng-updates/,posts,322417,https://coincu.com/c/pr/press-release/,https://coincu.com/pr/press-release/,0,no_match_in_raw
https://coincu.com/arctic-pablo-coin-is-listed-with-top-new-meme-coins-for-exponential-returns-as-act-i-the-ai-prophecy-and-moo-deng-updates/,posts,322417,https://coincu.com/c/cmc,https://coincu.com/cmc/,0,no_match_in_raw
https://coincu.com/why-qubetics-could-be-the-next-crypto-to-hit-1-while-polkadots-breakout-and-near-protocols-bitcoin-focus-steal-the-spotlight/,posts,304164,https://coincu.com/c/casino-reviews/,https://coincu.com/casino-reviews/,0,no_match_in_raw
https://coincu.com/why-qubetics-could-be-the-next-crypto-to-hit-1-while-polkadots-breakout-and-near-protocols-bitcoin-focus-steal-the-spotlight/,posts,304164,https://coincu.com/c/pr/press-release/,https://coincu.com/pr/press-release/,0,no_match_in_raw
https://coincu.com/why-qubetics-could-be-the-next-crypto-to-hit-1-while-polkadots-breakout-and-near-protocols-bitcoin-focus-steal-the-spotlight/,posts,304164,https://coincu.com/c/cmc,https://coincu.com/cmc/,0,no_match_in_raw
https://coincu.com/top-new-meme-coins-with-1000x-potential-btfd-coin-smashes-into-5-5m-milestone-amid-promising-surges-of-bome-and-not/,posts,303642,https://coincu.com/c/casino-reviews/,https://coincu.com/casino-reviews/,0,no_match_in_raw
https://coincu.com/top-new-meme-coins-with-1000x-potential-btfd-coin-smashes-into-5-5m-milestone-amid-promising-surges-of-bome-and-not/,posts,303642,https://coincu.com/c/pr/press-release/,https://coincu.com/pr/press-release/,0,no_match_in_raw
https://coincu.com/top-new-meme-coins-with-1000x-potential-btfd-coin-smashes-into-5-5m-milestone-amid-promising-surges-of-bome-and-not/,posts,303642,https://coincu.com/c/cmc,https://coincu.com/cmc/,0,no_match_in_raw
https://coincu.com/more-than-500-scam-tokens-appeared-on-base/,posts,211273,https://coincu.com/c/casino-reviews/,https://coincu.com/casino-reviews/,0,no_match_in_raw
https://coincu.com/more-than-500-scam-tokens-appeared-on-base/,posts,211273,https://coincu.com/c/pr/press-release/,https://coincu.com/pr/press-release/,0,no_match_in_raw
https://coincu.com/more-than-500-scam-tokens-appeared-on-base/,posts,211273,https://coincu.com/c/blockchain,https://coincu.com/blockchain/,0,no_match_in_raw
https://coincu.com/multichain-founder-arrested-in-shanghai/,posts,191188,https://coincu.com/c/casino-reviews/,https://coincu.com/casino-reviews/,0,no_match_in_raw
https://coincu.com/multichain-founder-arrested-in-shanghai/,posts,191188,https://coincu.com/c/pr/press-release/,https://coincu.com/pr/press-release/,0,no_match_in_raw
https://coincu.com/multichain-founder-arrested-in-shanghai/,posts,191188,https://coincu.com/c/news,https://coincu.com/news/,0,no_match_in_raw
https://coincu.com/stablegains-sued-deceiving-investors-ust/,posts,168406,https://coincu.com/c/casino-reviews/,https://coincu.com/casino-reviews/,0,no_match_in_raw
https://coincu.com/stablegains-sued-deceiving-investors-ust/,posts,168406,https://coincu.com/c/pr/press-release/,https://coincu.com/pr/press-release/,0,no_match_in_raw
https://coincu.com/stablegains-sued-deceiving-investors-ust/,posts,168406,https://coincu.com/c/news,https://coincu.com/news/,0,no_match_in_raw
https://coincu.com/core-scientific-increased-bitcoin/,posts,115046,https://coincu.com/c/casino-reviews/,https://coincu.com/casino-reviews/,0,no_match_in_raw
https://coincu.com/core-scientific-increased-bitcoin/,posts,115046,https://coincu.com/c/pr/press-release/,https://coincu.com/pr/press-release/,0,no_match_in_raw
https://coincu.com/core-scientific-increased-bitcoin/,posts,115046,https://coincu.com/c/bitcoin,https://coincu.com/bitcoin/,0,no_match_in_raw
https://coincu.com/binance-sequoia-capital-committed-elon-musk/,posts,132533,https://coincu.com/c/casino-reviews/,https://coincu.com/casino-reviews/,0,no_match_in_raw
https://coincu.com/binance-sequoia-capital-committed-elon-musk/,posts,132533,https://coincu.com/c/pr/press-release/,https://coincu.com/pr/press-release/,0,no_match_in_raw
https://coincu.com/binance-sequoia-capital-committed-elon-musk/,posts,132533,https://coincu.com/c/news,https://coincu.com/news/,0,no_match_in_raw
https://coincu.com/bitcoin-may-end-the-year-around-28000/,posts,104766,https://coincu.com/c/casino-reviews/,https://coincu.com/casino-reviews/,0,no_match_in_raw
https://coincu.com/bitcoin-may-end-the-year-around-28000/,posts,104766,https://coincu.com/c/pr/press-release/,https://coincu.com/pr/press-release/,0,no_match_in_raw
https://coincu.com/bitcoin-may-end-the-year-around-28000/,posts,104766,https://coincu.com/c/bitcoin,https://coincu.com/bitcoin/,0,no_match_in_raw
https://coincu.com/court-summons-founders-three-arrows-capital/,posts,108205,https://coincu.com/c/casino-reviews/,https://coincu.com/casino-reviews/,0,no_match_in_raw
https://coincu.com/court-summons-founders-three-arrows-capital/,posts,108205,https://coincu.com/c/pr/press-release/,https://coincu.com/pr/press-release/,0,no_match_in_raw
https://coincu.com/court-summons-founders-three-arrows-capital/,posts,108205,https://coincu.com/c/news,https://coincu.com/news/,0,no_match_in_raw
https://coincu.com/interpol-global-police-metaverse-project/,posts,135558,https://coincu.com/c/casino-reviews/,https://coincu.com/casino-reviews/,0,no_match_in_raw
https://coincu.com/interpol-global-police-metaverse-project/,posts,135558,https://coincu.com/c/pr/press-release/,https://coincu.com/pr/press-release/,0,no_match_in_raw
https://coincu.com/interpol-global-police-metaverse-project/,posts,135558,https://coincu.com/c/metaverse-news,https://coincu.com/metaverse-news/,0,no_match_in_raw
https://coincu.com/interpol-concerned-crime-metaverse/,posts,138221,https://coincu.com/c/casino-reviews/,https://coincu.com/casino-reviews/,0,no_match_in_raw
https://coincu.com/interpol-concerned-crime-metaverse/,posts,138221,https://coincu.com/c/pr/press-release/,https://coincu.com/pr/press-release/,0,no_match_in_raw
https://coincu.com/interpol-concerned-crime-metaverse/,posts,138221,https://coincu.com/c/news,https://coincu.com/news/,0,no_match_in_raw
https://coincu.com/south-korea-attempts-arrest-do-kwon/,posts,125047,https://coincu.com/c/casino-reviews/,https://coincu.com/casino-reviews/,0,no_match_in_raw
https://coincu.com/south-korea-attempts-arrest-do-kwon/,posts,125047,https://coincu.com/c/pr/press-release/,https://coincu.com/pr/press-release/,0,no_match_in_raw
https://coincu.com/south-korea-attempts-arrest-do-kwon/,posts,125047,https://coincu.com/c/news,https://coincu.com/news/,0,no_match_in_raw
https://coincu.com/lunc-20-off-interpol-red-notice-do-kwon/,posts,128030,https://coincu.com/c/casino-reviews/,https://coincu.com/casino-reviews/,0,no_match_in_raw
https://coincu.com/lunc-20-off-interpol-red-notice-do-kwon/,posts,128030,https://coincu.com/c/pr/press-release/,https://coincu.com/pr/press-release/,0,no_match_in_raw
https://coincu.com/lunc-20-off-interpol-red-notice-do-kwon/,posts,128030,https://coincu.com/c/uncategorized,https://coincu.com/uncategorized/,0,no_match_in_raw
https://coincu.com/bitcoin-spot-etf-inflows-reach-192m/,posts,288799,https://coincu.com/c/casino-reviews/,https://coincu.com/casino-reviews/,0,no_match_in_raw
https://coincu.com/bitcoin-spot-etf-inflows-reach-192m/,posts,288799,https://coincu.com/c/pr/press-release/,https://coincu.com/pr/press-release/,0,no_match_in_raw
https://coincu.com/bitcoin-spot-etf-inflows-reach-192m/,posts,288799,https://coincu.com/c/news,https://coincu.com/news/,0,no_match_in_raw
https://coincu.com/standard-chartered-forecasting-120000-bitcoin/,posts,201324,https://coincu.com/c/casino-reviews/,https://coincu.com/casino-reviews/,0,no_match_in_raw
https://coincu.com/standard-chartered-forecasting-120000-bitcoin/,posts,201324,https://coincu.com/c/pr/press-release/,https://coincu.com/pr/press-release/,0,no_match_in_raw
https://coincu.com/standard-chartered-forecasting-120000-bitcoin/,posts,201324,https://coincu.com/c/news,https://coincu.com/news/,0,no_match_in_raw
https://coincu.com/bitcoin-market-fed-chair-2025/,posts,381206,https://coincu.com/c/casino-reviews/,https://coincu.com/casino-reviews/,0,no_match_in_raw
https://coincu.com/bitcoin-market-fed-chair-2025/,posts,381206,https://coincu.com/c/markets,https://coincu.com/markets/,0,no_match_in_raw
https://coincu.com/bitcoin-market-fed-chair-2025/,posts,381206,https://coincu.com/c/pr/press-release/,https://coincu.com/pr/press-release/,0,no_match_in_raw
https://coincu.com/eu-centralizes-financial-market-oversight/,posts,381392,https://coincu.com/c/casino-reviews/,https://coincu.com/casino-reviews/,0,no_match_in_raw
https://coincu.com/eu-centralizes-financial-market-oversight/,posts,381392,https://coincu.com/c/pr/press-release/,https://coincu.com/pr/press-release/,0,no_match_in_raw
https://coincu.com/eu-centralizes-financial-market-oversight/,posts,381392,https://coincu.com/c/news,https://coincu.com/news/,0,no_match_in_raw
https://coincu.com/xrp-strengthens-with-sec-clarity/,posts,360289,https://coincu.com/c/casino-reviews/,https://coincu.com/casino-reviews/,0,no_match_in_raw
https://coincu.com/xrp-strengthens-with-sec-clarity/,posts,360289,https://coincu.com/c/pr/press-release/,https://coincu.com/pr/press-release/,0,no_match_in_raw
https://coincu.com/xrp-strengthens-with-sec-clarity/,posts,360289,https://coincu.com/c/analysis,https://coincu.com/analysis/,0,no_match_in_raw
https://coincu.com/kucoin-acquires-10m-in-funding/,posts,110933,https://coincu.com/c/casino-reviews/,https://coincu.com/casino-reviews/,0,no_match_in_raw
https://coincu.com/kucoin-acquires-10m-in-funding/,posts,110933,https://coincu.com/c/pr/press-release/,https://coincu.com/pr/press-release/,0,no_match_in_raw
https://coincu.com/kucoin-acquires-10m-in-funding/,posts,110933,https://coincu.com/c/news,https://coincu.com/news/,0,no_match_in_raw
https://coincu.com/matchboxdao-raised-7-5-million/,posts,118262,https://coincu.com/c/casino-reviews/,https://coincu.com/casino-reviews/,0,no_match_in_raw
https://coincu.com/matchboxdao-raised-7-5-million/,posts,118262,https://coincu.com/c/pr/press-release/,https://coincu.com/pr/press-release/,0,no_match_in_raw
https://coincu.com/matchboxdao-raised-7-5-million/,posts,118262,https://coincu.com/c/news,https://coincu.com/news/,0,no_match_in_raw
https://coincu.com/amazon-will-produce-tv-show-ftx-collapse/,posts,145934,https://coincu.com/c/casino-reviews/,https://coincu.com/casino-reviews/,0,no_match_in_raw
https://coincu.com/amazon-will-produce-tv-show-ftx-collapse/,posts,145934,https://coincu.com/c/pr/press-release/,https://coincu.com/pr/press-release/,0,no_match_in_raw
https://coincu.com/amazon-will-produce-tv-show-ftx-collapse/,posts,145934,https://coincu.com/c/news,https://coincu.com/news/,0,no_match_in_raw
https://coincu.com/polygon-rally-avalanche-for-a-35-increase/,posts,163124,https://coincu.com/c/casino-reviews/,https://coincu.com/casino-reviews/,0,no_match_in_raw
https://coincu.com/polygon-rally-avalanche-for-a-35-increase/,posts,163124,https://coincu.com/c/pr/press-release/,https://coincu.com/pr/press-release/,0,no_match_in_raw
https://coincu.com/polygon-rally-avalanche-for-a-35-increase/,posts,163124,https://coincu.com/c/news,https://coincu.com/news/,0,no_match_in_raw
https://coincu.com/bitgo-sues-galaxy-digital-2/,posts,124561,https://coincu.com/c/casino-reviews/,https://coincu.com/casino-reviews/,0,no_match_in_raw
https://coincu.com/bitgo-sues-galaxy-digital-2/,posts,124561,https://coincu.com/c/pr/press-release/,https://coincu.com/pr/press-release/,0,no_match_in_raw
https://coincu.com/bitgo-sues-galaxy-digital-2/,posts,124561,https://coincu.com/c/news,https://coincu.com/news/,0,no_match_in_raw
https://coincu.com/ondo-finance-to-launch-ommf/,posts,181175,https://coincu.com/c/casino-reviews/,https://coincu.com/casino-reviews/,0,no_match_in_raw
https://coincu.com/ondo-finance-to-launch-ommf/,posts,181175,https://coincu.com/c/pr/press-release/,https://coincu.com/pr/press-release/,0,no_match_in_raw
https://coincu.com/ondo-finance-to-launch-ommf/,posts,181175,https://coincu.com/c/defi,https://coincu.com/defi/,0,no_match_in_raw
https://coincu.com/celsius-creditors-prevent-selling-mined-btc/,posts,116583,https://coincu.com/c/casino-reviews/,https://coincu.com/casino-reviews/,0,no_match_in_raw
https://coincu.com/celsius-creditors-prevent-selling-mined-btc/,posts,116583,https://coincu.com/c/pr/press-release/,https://coincu.com/pr/press-release/,0,no_match_in_raw
https://coincu.com/celsius-creditors-prevent-selling-mined-btc/,posts,116583,https://coincu.com/c/news,https://coincu.com/news/,0,no_match_in_raw
https://coincu.com/defi-insurance-effective-hedging-measure/,posts,190916,https://coincu.com/c/casino-reviews/,https://coincu.com/casino-reviews/,0,no_match_in_raw
https://coincu.com/defi-insurance-effective-hedging-measure/,posts,190916,https://coincu.com/c/pr/press-release/,https://coincu.com/pr/press-release/,0,no_match_in_raw
https://coincu.com/defi-insurance-effective-hedging-measure/,posts,190916,https://coincu.com/c/knowledge,https://coincu.com/knowledge/,0,no_match_in_raw
https://coincu.com/okx-wallet-brc-20-trading/,posts,187859,https://coincu.com/c/casino-reviews/,https://coincu.com/casino-reviews/,0,no_match_in_raw
https://coincu.com/okx-wallet-brc-20-trading/,posts,187859,https://coincu.com/c/pr/press-release/,https://coincu.com/pr/press-release/,0,no_match_in_raw
https://coincu.com/okx-wallet-brc-20-trading/,posts,187859,https://coincu.com/c/news,https://coincu.com/news/,0,no_match_in_raw
https://coincu.com/sender-wallet-raised-4-5-million/,posts,124344,https://coincu.com/c/casino-reviews/,https://coincu.com/casino-reviews/,0,no_match_in_raw
https://coincu.com/sender-wallet-raised-4-5-million/,posts,124344,https://coincu.com/c/pr/press-release/,https://coincu.com/pr/press-release/,0,no_match_in_raw
https://coincu.com/sender-wallet-raised-4-5-million/,posts,124344,https://coincu.com/c/news,https://coincu.com/news/,0,no_match_in_raw
https://coincu.com/op-sepolia-testnet-will-be-launched-on-march-19/,posts,250581,https://coincu.com/c/casino-reviews/,https://coincu.com/casino-reviews/,0,no_match_in_raw
https://coincu.com/op-sepolia-testnet-will-be-launched-on-march-19/,posts,250581,https://coincu.com/c/pr/press-release/,https://coincu.com/pr/press-release/,0,no_match_in_raw
https://coincu.com/op-sepolia-testnet-will-be-launched-on-march-19/,posts,250581,https://coincu.com/c/news,https://coincu.com/news/,0,no_match_in_raw
https://coincu.com/openai-attracts-300m-from-top-vc-firms/,posts,184654,https://coincu.com/c/casino-reviews/,https://coincu.com/casino-reviews/,0,no_match_in_raw
https://coincu.com/openai-attracts-300m-from-top-vc-firms/,posts,184654,https://coincu.com/c/pr/press-release/,https://coincu.com/pr/press-release/,0,no_match_in_raw
https://coincu.com/openai-attracts-300m-from-top-vc-firms/,posts,184654,https://coincu.com/c/news,https://coincu.com/news/,0,no_match_in_raw
https://coincu.com/bored-ape-yacht-club-launch-game/,posts,159867,https://coincu.com/c/casino-reviews/,https://coincu.com/casino-reviews/,0,no_match_in_raw
https://coincu.com/bored-ape-yacht-club-launch-game/,posts,159867,https://coincu.com/c/pr/press-release/,https://coincu.com/pr/press-release/,0,no_match_in_raw
https://coincu.com/bored-ape-yacht-club-launch-game/,posts,159867,https://coincu.com/c/gamefi,https://coincu.com/gamefi/,0,no_match_in_raw
https://coincu.com/bored-ape-game-cash-machine/,posts,171325,https://coincu.com/c/casino-reviews/,https://coincu.com/casino-reviews/,0,no_match_in_raw
https://coincu.com/bored-ape-game-cash-machine/,posts,171325,https://coincu.com/c/pr/press-release/,https://coincu.com/pr/press-release/,0,no_match_in_raw
https://coincu.com/bored-ape-game-cash-machine/,posts,171325,https://coincu.com/c/knowledge,https://coincu.com/knowledge/,0,no_match_in_raw
https://coincu.com/yuga-labs-nft-game-tickets-raised-6-million/,posts,161434,https://coincu.com/c/casino-reviews/,https://coincu.com/casino-reviews/,0,no_match_in_raw
https://coincu.com/yuga-labs-nft-game-tickets-raised-6-million/,posts,161434,https://coincu.com/c/pr/press-release/,https://coincu.com/pr/press-release/,0,no_match_in_raw
https://coincu.com/yuga-labs-nft-game-tickets-raised-6-million/,posts,161434,https://coincu.com/c/news,https://coincu.com/news/,0,no_match_in_raw
https://coincu.com/worldcoin-circulating-supply-111-million-tokens/,posts,206599,https://coincu.com/c/casino-reviews/,https://coincu.com/casino-reviews/,0,no_match_in_raw
https://coincu.com/worldcoin-circulating-supply-111-million-tokens/,posts,206599,https://coincu.com/c/pr/press-release/,https://coincu.com/pr/press-release/,0,no_match_in_raw
https://coincu.com/worldcoin-circulating-supply-111-million-tokens/,posts,206599,https://coincu.com/c/news,https://coincu.com/news/,0,no_match_in_raw
https://coincu.com/optimism-fund-grants-program/,posts,158078,https://coincu.com/c/casino-reviews/,https://coincu.com/casino-reviews/,0,no_match_in_raw
https://coincu.com/optimism-fund-grants-program/,posts,158078,https://coincu.com/c/pr/press-release/,https://coincu.com/pr/press-release/,0,no_match_in_raw
https://coincu.com/optimism-fund-grants-program/,posts,158078,https://coincu.com/c/defi,https://coincu.com/defi/,0,no_match_in_raw
https://coincu.com/tether-synthetic-dollar-backed-by-gold-ethereum/,posts,264131,https://coincu.com/c/casino-reviews/,https://coincu.com/casino-reviews/,0,no_match_in_raw
https://coincu.com/tether-synthetic-dollar-backed-by-gold-ethereum/,posts,264131,https://coincu.com/c/pr/press-release/,https://coincu.com/pr/press-release/,0,no_match_in_raw
https://coincu.com/tether-synthetic-dollar-backed-by-gold-ethereum/,posts,264131,https://coincu.com/c/news,https://coincu.com/news/,0,no_match_in_raw
https://coincu.com/uae-revokes-ftx-license-exchange-collapse/,posts,145886,https://coincu.com/c/casino-reviews/,https://coincu.com/casino-reviews/,0,no_match_in_raw
https://coincu.com/uae-revokes-ftx-license-exchange-collapse/,posts,145886,https://coincu.com/c/pr/press-release/,https://coincu.com/pr/press-release/,0,no_match_in_raw
https://coincu.com/uae-revokes-ftx-license-exchange-collapse/,posts,145886,https://coincu.com/c/news,https://coincu.com/news/,0,no_match_in_raw
https://coincu.com/may-the-ethereum-price-reach-2000-again/,posts,198147,https://coincu.com/c/casino-reviews/,https://coincu.com/casino-reviews/,0,no_match_in_raw
https://coincu.com/may-the-ethereum-price-reach-2000-again/,posts,198147,https://coincu.com/c/pr/press-release/,https://coincu.com/pr/press-release/,0,no_match_in_raw
https://coincu.com/may-the-ethereum-price-reach-2000-again/,posts,198147,https://coincu.com/c/analysis,https://coincu.com/analysis/,0,no_match_in_raw
https://coincu.com/hong-kongs-bitcoin-and-ethereum-etfso-april-30th/,posts,256611,https://coincu.com/c/casino-reviews/,https://coincu.com/casino-reviews/,0,no_match_in_raw
https://coincu.com/hong-kongs-bitcoin-and-ethereum-etfso-april-30th/,posts,256611,https://coincu.com/c/pr/press-release/,https://coincu.com/pr/press-release/,0,no_match_in_raw
https://coincu.com/hong-kongs-bitcoin-and-ethereum-etfso-april-30th/,posts,256611,https://coincu.com/c/news,https://coincu.com/news/,0,no_match_in_raw
https://coincu.com/fed-balance-sheet-rumors-unfounded/,posts,379176,https://coincu.com/c/casino-reviews/,https://coincu.com/casino-reviews/,0,no_match_in_raw
https://coincu.com/fed-balance-sheet-rumors-unfounded/,posts,379176,https://coincu.com/c/markets,https://coincu.com/markets/,0,no_match_in_raw
https://coincu.com/fed-balance-sheet-rumors-unfounded/,posts,379176,https://coincu.com/c/pr/press-release/,https://coincu.com/pr/press-release/,0,no_match_in_raw
https://coincu.com/fake-trump-family-crypto-project-promoted/,posts,281034,https://coincu.com/c/casino-reviews/,https://coincu.com/casino-reviews/,0,no_match_in_raw
https://coincu.com/fake-trump-family-crypto-project-promoted/,posts,281034,https://coincu.com/c/pr/press-release/,https://coincu.com/pr/press-release/,0,no_match_in_raw
https://coincu.com/fake-trump-family-crypto-project-promoted/,posts,281034,https://coincu.com/c/news,https://coincu.com/news/,0,no_match_in_raw
https://coincu.com/world-liberty-financial-issue-warnings/,posts,280661,https://coincu.com/c/casino-reviews/,https://coincu.com/casino-reviews/,0,no_match_in_raw
https://coincu.com/world-liberty-financial-issue-warnings/,posts,280661,https://coincu.com/c/pr/press-release/,https://coincu.com/pr/press-release/,0,no_match_in_raw
https://coincu.com/world-liberty-financial-issue-warnings/,posts,280661,https://coincu.com/c/news,https://coincu.com/news/,0,no_match_in_raw
https://coincu.com/huajian-digital-rwa-asset-initiatives/,posts,363675,https://coincu.com/c/casino-reviews/,https://coincu.com/casino-reviews/,0,no_match_in_raw
https://coincu.com/huajian-digital-rwa-asset-initiatives/,posts,363675,https://coincu.com/c/pr/press-release/,https://coincu.com/pr/press-release/,0,no_match_in_raw
https://coincu.com/huajian-digital-rwa-asset-initiatives/,posts,363675,https://coincu.com/c/blockchain,https://coincu.com/blockchain/,0,no_match_in_raw
https://coincu.com/hodlnaut-founders-deleting-documents/,posts,138203,https://coincu.com/c/casino-reviews/,https://coincu.com/casino-reviews/,0,no_match_in_raw
https://coincu.com/hodlnaut-founders-deleting-documents/,posts,138203,https://coincu.com/c/pr/press-release/,https://coincu.com/pr/press-release/,0,no_match_in_raw
https://coincu.com/hodlnaut-founders-deleting-documents/,posts,138203,https://coincu.com/c/news,https://coincu.com/news/,0,no_match_in_raw
https://coincu.com/hodlnauts-creditors-rejected-reorganization/,posts,160477,https://coincu.com/c/casino-reviews/,https://coincu.com/casino-reviews/,0,no_match_in_raw
https://coincu.com/hodlnauts-creditors-rejected-reorganization/,posts,160477,https://coincu.com/c/pr/press-release/,https://coincu.com/pr/press-release/,0,no_match_in_raw
https://coincu.com/hodlnauts-creditors-rejected-reorganization/,posts,160477,https://coincu.com/c/news,https://coincu.com/news/,0,no_match_in_raw
https://coincu.com/hodlnaut-founder-want-to-sell-business/,posts,170675,https://coincu.com/c/casino-reviews/,https://coincu.com/casino-reviews/,0,no_match_in_raw
https://coincu.com/hodlnaut-founder-want-to-sell-business/,posts,170675,https://coincu.com/c/pr/press-release/,https://coincu.com/pr/press-release/,0,no_match_in_raw
https://coincu.com/hodlnaut-founder-want-to-sell-business/,posts,170675,https://coincu.com/c/news,https://coincu.com/news/,0,no_match_in_raw
https://coincu.com/hodlnaut-fall-if-turns-over-127m-to-police/,posts,119594,https://coincu.com/c/casino-reviews/,https://coincu.com/casino-reviews/,0,no_match_in_raw
https://coincu.com/hodlnaut-fall-if-turns-over-127m-to-police/,posts,119594,https://coincu.com/c/pr/press-release/,https://coincu.com/pr/press-release/,0,no_match_in_raw
https://coincu.com/hodlnaut-fall-if-turns-over-127m-to-police/,posts,119594,https://coincu.com/c/news,https://coincu.com/news/,0,no_match_in_raw
https://coincu.com/mojito-markets-pauses-protocol/,posts,153724,https://coincu.com/c/casino-reviews/,https://coincu.com/casino-reviews/,0,no_match_in_raw
https://coincu.com/mojito-markets-pauses-protocol/,posts,153724,https://coincu.com/c/pr/press-release/,https://coincu.com/pr/press-release/,0,no_match_in_raw
https://coincu.com/mojito-markets-pauses-protocol/,posts,153724,https://coincu.com/c/defi,https://coincu.com/defi/,0,no_match_in_raw
https://coincu.com/cryptocurrency-held-in-binance-shrunk/,posts,152748,https://coincu.com/c/casino-reviews/,https://coincu.com/casino-reviews/,0,no_match_in_raw
https://coincu.com/cryptocurrency-held-in-binance-shrunk/,posts,152748,https://coincu.com/c/pr/press-release/,https://coincu.com/pr/press-release/,0,no_match_in_raw
https://coincu.com/cryptocurrency-held-in-binance-shrunk/,posts,152748,https://coincu.com/c/news,https://coincu.com/news/,0,no_match_in_raw
https://coincu.com/binances-net-outflow-of-392-million/,posts,193983,https://coincu.com/c/casino-reviews/,https://coincu.com/casino-reviews/,0,no_match_in_raw
https://coincu.com/binances-net-outflow-of-392-million/,posts,193983,https://coincu.com/c/pr/press-release/,https://coincu.com/pr/press-release/,0,no_match_in_raw
https://coincu.com/binances-net-outflow-of-392-million/,posts,193983,https://coincu.com/c/news,https://coincu.com/news/,0,no_match_in_raw
https://coincu.com/binance-awarded-new-iso-certificates-data/,posts,192301,https://coincu.com/c/casino-reviews/,https://coincu.com/casino-reviews/,0,no_match_in_raw
https://coincu.com/binance-awarded-new-iso-certificates-data/,posts,192301,https://coincu.com/c/pr/press-release/,https://coincu.com/pr/press-release/,0,no_match_in_raw
https://coincu.com/binance-awarded-new-iso-certificates-data/,posts,192301,https://coincu.com/c/news,https://coincu.com/news/,0,no_match_in_raw
https://coincu.com/binance-receives-strong-support-amid-sec/,posts,192657,https://coincu.com/c/casino-reviews/,https://coincu.com/casino-reviews/,0,no_match_in_raw
https://coincu.com/binance-receives-strong-support-amid-sec/,posts,192657,https://coincu.com/c/pr/press-release/,https://coincu.com/pr/press-release/,0,no_match_in_raw
https://coincu.com/binance-receives-strong-support-amid-sec/,posts,192657,https://coincu.com/c/news,https://coincu.com/news/,0,no_match_in_raw
https://coincu.com/kevin-oleary-intent-to-invest-ftx/,posts,143219,https://coincu.com/c/casino-reviews/,https://coincu.com/casino-reviews/,0,no_match_in_raw
https://coincu.com/kevin-oleary-intent-to-invest-ftx/,posts,143219,https://coincu.com/c/pr/press-release/,https://coincu.com/pr/press-release/,0,no_match_in_raw
https://coincu.com/kevin-oleary-intent-to-invest-ftx/,posts,143219,https://coincu.com/c/news,https://coincu.com/news/,0,no_match_in_raw
https://coincu.com/former-ftx-executive-denies-charges/,posts,279234,https://coincu.com/c/casino-reviews/,https://coincu.com/casino-reviews/,0,no_match_in_raw
https://coincu.com/former-ftx-executive-denies-charges/,posts,279234,https://coincu.com/c/pr/press-release/,https://coincu.com/pr/press-release/,0,no_match_in_raw
https://coincu.com/former-ftx-executive-denies-charges/,posts,279234,https://coincu.com/c/news,https://coincu.com/news/,0,no_match_in_raw
https://coincu.com/former-ftx-exec-ryan-salame-prison-term/,posts,286904,https://coincu.com/c/casino-reviews/,https://coincu.com/casino-reviews/,0,no_match_in_raw
https://coincu.com/former-ftx-exec-ryan-salame-prison-term/,posts,286904,https://coincu.com/c/pr/press-release/,https://coincu.com/pr/press-release/,0,no_match_in_raw
https://coincu.com/former-ftx-exec-ryan-salame-prison-term/,posts,286904,https://coincu.com/c/news,https://coincu.com/news/,0,no_match_in_raw
https://coincu.com/global-governments-amass-23-6b-in-crypto-assets/,posts,254941,https://coincu.com/c/casino-reviews/,https://coincu.com/casino-reviews/,0,no_match_in_raw
https://coincu.com/global-governments-amass-23-6b-in-crypto-assets/,posts,254941,https://coincu.com/c/pr/press-release/,https://coincu.com/pr/press-release/,0,no_match_in_raw
https://coincu.com/global-governments-amass-23-6b-in-crypto-assets/,posts,254941,https://coincu.com/c/news,https://coincu.com/news/,0,no_match_in_raw
https://coincu.com/nomad-has-recovered-22-4-million-hackers/,posts,114946,https://coincu.com/c/casino-reviews/,https://coincu.com/casino-reviews/,0,no_match_in_raw
https://coincu.com/nomad-has-recovered-22-4-million-hackers/,posts,114946,https://coincu.com/c/markets,https://coincu.com/markets/,0,no_match_in_raw
https://coincu.com/nomad-has-recovered-22-4-million-hackers/,posts,114946,https://coincu.com/c/pr/press-release/,https://coincu.com/pr/press-release/,0,no_match_in_raw
https://coincu.com/metamask-money-in-crypto-is-gambling/,posts,109092,https://coincu.com/c/casino-reviews/,https://coincu.com/casino-reviews/,0,no_match_in_raw
https://coincu.com/metamask-money-in-crypto-is-gambling/,posts,109092,https://coincu.com/c/pr/press-release/,https://coincu.com/pr/press-release/,0,no_match_in_raw
https://coincu.com/metamask-money-in-crypto-is-gambling/,posts,109092,https://coincu.com/c/news,https://coincu.com/news/,0,no_match_in_raw
https://coincu.com/ethereum-shanghai-happened/,posts,185847,https://coincu.com/c/casino-reviews/,https://coincu.com/casino-reviews/,0,no_match_in_raw
https://coincu.com/ethereum-shanghai-happened/,posts,185847,https://coincu.com/c/pr/press-release/,https://coincu.com/pr/press-release/,0,no_match_in_raw
https://coincu.com/ethereum-shanghai-happened/,posts,185847,https://coincu.com/c/knowledge,https://coincu.com/knowledge/,0,no_match_in_raw
https://coincu.com/shanghai-upgrade-impacted-future-of-crypto/,posts,176313,https://coincu.com/c/casino-reviews/,https://coincu.com/casino-reviews/,0,no_match_in_raw
https://coincu.com/shanghai-upgrade-impacted-future-of-crypto/,posts,176313,https://coincu.com/c/pr/press-release/,https://coincu.com/pr/press-release/,0,no_match_in_raw
https://coincu.com/shanghai-upgrade-impacted-future-of-crypto/,posts,176313,https://coincu.com/c/knowledge,https://coincu.com/knowledge/,0,no_match_in_raw
https://coincu.com/lunc-burning-mechanism-caused-market-pump/,posts,124087,https://coincu.com/c/casino-reviews/,https://coincu.com/casino-reviews/,0,no_match_in_raw
https://coincu.com/lunc-burning-mechanism-caused-market-pump/,posts,124087,https://coincu.com/c/pr/press-release/,https://coincu.com/pr/press-release/,0,no_match_in_raw
https://coincu.com/lunc-burning-mechanism-caused-market-pump/,posts,124087,https://coincu.com/c/uncategorized,https://coincu.com/uncategorized/,0,no_match_in_raw
https://coincu.com/zerion-raises-12-3-million/,posts,133162,https://coincu.com/c/casino-reviews/,https://coincu.com/casino-reviews/,0,no_match_in_raw
https://coincu.com/zerion-raises-12-3-million/,posts,133162,https://coincu.com/c/pr/press-release/,https://coincu.com/pr/press-release/,0,no_match_in_raw
https://coincu.com/zerion-raises-12-3-million/,posts,133162,https://coincu.com/c/news,https://coincu.com/news/,0,no_match_in_raw
https://coincu.com/solana-token-violates-securities-laws/,posts,106433,https://coincu.com/c/casino-reviews/,https://coincu.com/casino-reviews/,0,no_match_in_raw
https://coincu.com/solana-token-violates-securities-laws/,posts,106433,https://coincu.com/c/pr/press-release/,https://coincu.com/pr/press-release/,0,no_match_in_raw
https://coincu.com/solana-token-violates-securities-laws/,posts,106433,https://coincu.com/c/uncategorized,https://coincu.com/uncategorized/,0,no_match_in_raw
https://coincu.com/solana-could-explode-100/,posts,118796,https://coincu.com/c/casino-reviews/,https://coincu.com/casino-reviews/,0,no_match_in_raw
https://coincu.com/solana-could-explode-100/,posts,118796,https://coincu.com/c/pr/press-release/,https://coincu.com/pr/press-release/,0,no_match_in_raw
https://coincu.com/solana-could-explode-100/,posts,118796,https://coincu.com/c/uncategorized,https://coincu.com/uncategorized/,0,no_match_in_raw
https://coincu.com/will-avalanche-avax-see-a-bullish-sign-2023/,posts,155142,https://coincu.com/c/casino-reviews/,https://coincu.com/casino-reviews/,0,no_match_in_raw
https://coincu.com/will-avalanche-avax-see-a-bullish-sign-2023/,posts,155142,https://coincu.com/c/pr/press-release/,https://coincu.com/pr/press-release/,0,no_match_in_raw
https://coincu.com/will-avalanche-avax-see-a-bullish-sign-2023/,posts,155142,https://coincu.com/c/news,https://coincu.com/news/,0,no_match_in_raw
https://coincu.com/plans-for-new-retail-cbdc-in-uk-to-go-forward/,posts,289289,https://coincu.com/c/casino-reviews/,https://coincu.com/casino-reviews/,0,no_match_in_raw
https://coincu.com/plans-for-new-retail-cbdc-in-uk-to-go-forward/,posts,289289,https://coincu.com/c/pr/press-release/,https://coincu.com/pr/press-release/,0,no_match_in_raw
https://coincu.com/plans-for-new-retail-cbdc-in-uk-to-go-forward/,posts,289289,https://coincu.com/c/news,https://coincu.com/news/,0,no_match_in_raw
https://coincu.com/stablecoin-market-faces-decline/,posts,218621,https://coincu.com/c/casino-reviews/,https://coincu.com/casino-reviews/,0,no_match_in_raw
https://coincu.com/stablecoin-market-faces-decline/,posts,218621,https://coincu.com/c/pr/press-release/,https://coincu.com/pr/press-release/,0,no_match_in_raw
https://coincu.com/stablecoin-market-faces-decline/,posts,218621,https://coincu.com/c/uncategorized,https://coincu.com/uncategorized/,0,no_match_in_raw
https://coincu.com/fatf-will-not-change-crypto-regulated/,posts,140580,https://coincu.com/c/casino-reviews/,https://coincu.com/casino-reviews/,0,no_match_in_raw
https://coincu.com/fatf-will-not-change-crypto-regulated/,posts,140580,https://coincu.com/c/pr/press-release/,https://coincu.com/pr/press-release/,0,no_match_in_raw
https://coincu.com/fatf-will-not-change-crypto-regulated/,posts,140580,https://coincu.com/c/news,https://coincu.com/news/,0,no_match_in_raw
https://coincu.com/waves-labs-97-6-month-cyberattack-last-year/,posts,188035,https://coincu.com/c/casino-reviews/,https://coincu.com/casino-reviews/,0,no_match_in_raw
https://coincu.com/waves-labs-97-6-month-cyberattack-last-year/,posts,188035,https://coincu.com/c/pr/press-release/,https://coincu.com/pr/press-release/,0,no_match_in_raw
https://coincu.com/waves-labs-97-6-month-cyberattack-last-year/,posts,188035,https://coincu.com/c/news,https://coincu.com/news/,0,no_match_in_raw
https://coincu.com/btccom-stolen-assets/,posts,157774,https://coincu.com/c/casino-reviews/,https://coincu.com/casino-reviews/,0,no_match_in_raw
https://coincu.com/btccom-stolen-assets/,posts,157774,https://coincu.com/c/pr/press-release/,https://coincu.com/pr/press-release/,0,no_match_in_raw
https://coincu.com/btccom-stolen-assets/,posts,157774,https://coincu.com/c/news,https://coincu.com/news/,0,no_match_in_raw
https://coincu.com/moonbirds-proof-forms-new-council/,posts,183985,https://coincu.com/c/casino-reviews/,https://coincu.com/casino-reviews/,0,no_match_in_raw
https://coincu.com/moonbirds-proof-forms-new-council/,posts,183985,https://coincu.com/c/pr/press-release/,https://coincu.com/pr/press-release/,0,no_match_in_raw
https://coincu.com/moonbirds-proof-forms-new-council/,posts,183985,https://coincu.com/c/nft,https://coincu.com/nft/,0,no_match_in_raw
https://coincu.com/weekly-top-crypto-news-jan-23-jan-29/,posts,163141,https://coincu.com/c/casino-reviews/,https://coincu.com/casino-reviews/,0,no_match_in_raw
https://coincu.com/weekly-top-crypto-news-jan-23-jan-29/,posts,163141,https://coincu.com/c/pr/press-release/,https://coincu.com/pr/press-release/,0,no_match_in_raw
https://coincu.com/weekly-top-crypto-news-jan-23-jan-29/,posts,163141,https://coincu.com/c/uncategorized,https://coincu.com/uncategorized/,0,no_match_in_raw
https://coincu.com/moonbirds-kevin-rose-lost-1-million/,posts,162548,https://coincu.com/c/casino-reviews/,https://coincu.com/casino-reviews/,0,no_match_in_raw
https://coincu.com/moonbirds-kevin-rose-lost-1-million/,posts,162548,https://coincu.com/c/pr/press-release/,https://coincu.com/pr/press-release/,0,no_match_in_raw
https://coincu.com/moonbirds-kevin-rose-lost-1-million/,posts,162548,https://coincu.com/c/news,https://coincu.com/news/,0,no_match_in_raw
https://coincu.com/okay-bears/,posts,110024,https://coincu.com/c/casino-reviews/,https://coincu.com/casino-reviews/,0,no_match_in_raw
https://coincu.com/okay-bears/,posts,110024,https://coincu.com/c/pr/press-release/,https://coincu.com/pr/press-release/,0,no_match_in_raw
https://coincu.com/okay-bears/,posts,110024,https://coincu.com/c/nft,https://coincu.com/nft/,0,no_match_in_raw
https://coincu.com/strongwhat-is-spatial-web3/,posts,138958,https://coincu.com/c/casino-reviews/,https://coincu.com/casino-reviews/,0,no_match_in_raw
https://coincu.com/strongwhat-is-spatial-web3/,posts,138958,https://coincu.com/c/pr/press-release/,https://coincu.com/pr/press-release/,0,no_match_in_raw
https://coincu.com/strongwhat-is-spatial-web3/,posts,138958,https://coincu.com/c/uncategorized,https://coincu.com/uncategorized/,0,no_match_in_raw
https://coincu.com/magic-eden-modifies-the-royalty-solana-nfts/,posts,134085,https://coincu.com/c/casino-reviews/,https://coincu.com/casino-reviews/,0,no_match_in_raw
https://coincu.com/magic-eden-modifies-the-royalty-solana-nfts/,posts,134085,https://coincu.com/c/pr/press-release/,https://coincu.com/pr/press-release/,0,no_match_in_raw
https://coincu.com/magic-eden-modifies-the-royalty-solana-nfts/,posts,134085,https://coincu.com/c/news,https://coincu.com/news/,0,no_match_in_raw
https://coincu.com/kiyosaki-foresees-fiat-to-bitcoin/,posts,129950,https://coincu.com/c/casino-reviews/,https://coincu.com/casino-reviews/,0,no_match_in_raw
https://coincu.com/kiyosaki-foresees-fiat-to-bitcoin/,posts,129950,https://coincu.com/c/pr/press-release/,https://coincu.com/pr/press-release/,0,no_match_in_raw
https://coincu.com/kiyosaki-foresees-fiat-to-bitcoin/,posts,129950,https://coincu.com/c/uncategorized,https://coincu.com/uncategorized/,0,no_match_in_raw
https://coincu.com/kiyosaki-bitcoin-might-protect-money/,posts,134000,https://coincu.com/c/casino-reviews/,https://coincu.com/casino-reviews/,0,no_match_in_raw
https://coincu.com/kiyosaki-bitcoin-might-protect-money/,posts,134000,https://coincu.com/c/pr/press-release/,https://coincu.com/pr/press-release/,0,no_match_in_raw
https://coincu.com/kiyosaki-bitcoin-might-protect-money/,posts,134000,https://coincu.com/c/news,https://coincu.com/news/,0,no_match_in_raw
https://coincu.com/hong-kong-official-invites-coinbase/,posts,194050,https://coincu.com/c/casino-reviews/,https://coincu.com/casino-reviews/,0,no_match_in_raw
https://coincu.com/hong-kong-official-invites-coinbase/,posts,194050,https://coincu.com/c/pr/press-release/,https://coincu.com/pr/press-release/,0,no_match_in_raw
https://coincu.com/hong-kong-official-invites-coinbase/,posts,194050,https://coincu.com/c/news,https://coincu.com/news/,0,no_match_in_raw
https://coincu.com/baycs-made-by-apes-leaked-information/,posts,211010,https://coincu.com/c/casino-reviews/,https://coincu.com/casino-reviews/,0,no_match_in_raw
https://coincu.com/baycs-made-by-apes-leaked-information/,posts,211010,https://coincu.com/c/pr/press-release/,https://coincu.com/pr/press-release/,0,no_match_in_raw
https://coincu.com/baycs-made-by-apes-leaked-information/,posts,211010,https://coincu.com/c/defi,https://coincu.com/defi/,0,no_match_in_raw
https://coincu.com/wintermute-loses-160m-defi-hack/,posts,126201,https://coincu.com/c/casino-reviews/,https://coincu.com/casino-reviews/,0,no_match_in_raw
https://coincu.com/wintermute-loses-160m-defi-hack/,posts,126201,https://coincu.com/c/pr/press-release/,https://coincu.com/pr/press-release/,0,no_match_in_raw
https://coincu.com/wintermute-loses-160m-defi-hack/,posts,126201,https://coincu.com/c/blockchain,https://coincu.com/blockchain/,0,no_match_in_raw
https://coincu.com/kolliders-derivatives-exchange/,posts,137300,https://coincu.com/c/casino-reviews/,https://coincu.com/casino-reviews/,0,no_match_in_raw
https://coincu.com/kolliders-derivatives-exchange/,posts,137300,https://coincu.com/c/pr/press-release/,https://coincu.com/pr/press-release/,0,no_match_in_raw
https://coincu.com/kolliders-derivatives-exchange/,posts,137300,https://coincu.com/c/news,https://coincu.com/news/,0,no_match_in_raw
https://coincu.com/bitget-launches-dex-aggregator-megaswap/,posts,155620,https://coincu.com/c/casino-reviews/,https://coincu.com/casino-reviews/,0,no_match_in_raw
https://coincu.com/bitget-launches-dex-aggregator-megaswap/,posts,155620,https://coincu.com/c/pr/press-release/,https://coincu.com/pr/press-release/,0,no_match_in_raw
https://coincu.com/bitget-launches-dex-aggregator-megaswap/,posts,155620,https://coincu.com/c/news,https://coincu.com/news/,0,no_match_in_raw
https://coincu.com/paradigm-unleashes-paradex/,posts,204830,https://coincu.com/c/casino-reviews/,https://coincu.com/casino-reviews/,0,no_match_in_raw
https://coincu.com/paradigm-unleashes-paradex/,posts,204830,https://coincu.com/c/pr/press-release/,https://coincu.com/pr/press-release/,0,no_match_in_raw
https://coincu.com/paradigm-unleashes-paradex/,posts,204830,https://coincu.com/c/defi,https://coincu.com/defi/,0,no_match_in_raw
https://coincu.com/magic-eden-is-turned-away/,posts,114061,https://coincu.com/c/casino-reviews/,https://coincu.com/casino-reviews/,0,no_match_in_raw
https://coincu.com/magic-eden-is-turned-away/,posts,114061,https://coincu.com/c/pr/press-release/,https://coincu.com/pr/press-release/,0,no_match_in_raw
https://coincu.com/magic-eden-is-turned-away/,posts,114061,https://coincu.com/c/nfts-news,https://coincu.com/nfts-news/,0,no_match_in_raw
https://coincu.com/disclosure-aax-wallet-addresses-related/,posts,147611,https://coincu.com/c/casino-reviews/,https://coincu.com/casino-reviews/,0,no_match_in_raw
https://coincu.com/disclosure-aax-wallet-addresses-related/,posts,147611,https://coincu.com/c/pr/press-release/,https://coincu.com/pr/press-release/,0,no_match_in_raw
https://coincu.com/disclosure-aax-wallet-addresses-related/,posts,147611,https://coincu.com/c/news,https://coincu.com/news/,0,no_match_in_raw
https://coincu.com/bitkeep-users-wallets-stolen-due-security/,posts,155368,https://coincu.com/c/casino-reviews/,https://coincu.com/casino-reviews/,0,no_match_in_raw
https://coincu.com/bitkeep-users-wallets-stolen-due-security/,posts,155368,https://coincu.com/c/pr/press-release/,https://coincu.com/pr/press-release/,0,no_match_in_raw
https://coincu.com/bitkeep-users-wallets-stolen-due-security/,posts,155368,https://coincu.com/c/news,https://coincu.com/news/,0,no_match_in_raw
https://coincu.com/why-the-bitcoin-blockchain-cannot-hacked/,posts,125608,https://coincu.com/c/casino-reviews/,https://coincu.com/casino-reviews/,0,no_match_in_raw
https://coincu.com/why-the-bitcoin-blockchain-cannot-hacked/,posts,125608,https://coincu.com/c/pr/press-release/,https://coincu.com/pr/press-release/,0,no_match_in_raw
https://coincu.com/why-the-bitcoin-blockchain-cannot-hacked/,posts,125608,https://coincu.com/c/knowledge,https://coincu.com/knowledge/,0,no_match_in_raw
https://coincu.com/justin-sun-denies-cash-withdrawal/,posts,135661,https://coincu.com/c/casino-reviews/,https://coincu.com/casino-reviews/,0,no_match_in_raw
https://coincu.com/justin-sun-denies-cash-withdrawal/,posts,135661,https://coincu.com/c/pr/press-release/,https://coincu.com/pr/press-release/,0,no_match_in_raw
https://coincu.com/justin-sun-denies-cash-withdrawal/,posts,135661,https://coincu.com/c/news,https://coincu.com/news/,0,no_match_in_raw
https://coincu.com/aax-announces-closes-out-derivatives-time/,posts,144590,https://coincu.com/c/casino-reviews/,https://coincu.com/casino-reviews/,0,no_match_in_raw
https://coincu.com/aax-announces-closes-out-derivatives-time/,posts,144590,https://coincu.com/c/pr/press-release/,https://coincu.com/pr/press-release/,0,no_match_in_raw
https://coincu.com/aax-announces-closes-out-derivatives-time/,posts,144590,https://coincu.com/c/news,https://coincu.com/news/,0,no_match_in_raw
https://coincu.com/independent-reserve-expands-to-hong-kong/,posts,196059,https://coincu.com/c/casino-reviews/,https://coincu.com/casino-reviews/,0,no_match_in_raw
https://coincu.com/independent-reserve-expands-to-hong-kong/,posts,196059,https://coincu.com/c/pr/press-release/,https://coincu.com/pr/press-release/,0,no_match_in_raw
https://coincu.com/independent-reserve-expands-to-hong-kong/,posts,196059,https://coincu.com/c/news,https://coincu.com/news/,0,no_match_in_raw
https://coincu.com/kine-protocol-review-derivatives-200x-lev/,posts,174635,https://coincu.com/c/casino-reviews/,https://coincu.com/casino-reviews/,0,no_match_in_raw
https://coincu.com/kine-protocol-review-derivatives-200x-lev/,posts,174635,https://coincu.com/c/pr/press-release/,https://coincu.com/pr/press-release/,0,no_match_in_raw
https://coincu.com/kine-protocol-review-derivatives-200x-lev/,posts,174635,https://coincu.com/c/other-reviews,https://coincu.com/other-reviews/,0,no_match_in_raw
https://coincu.com/sec-chair-gary-gensler-bitcoin-etfs/,posts,225702,https://coincu.com/c/casino-reviews/,https://coincu.com/casino-reviews/,0,no_match_in_raw
https://coincu.com/sec-chair-gary-gensler-bitcoin-etfs/,posts,225702,https://coincu.com/c/pr/press-release/,https://coincu.com/pr/press-release/,0,no_match_in_raw
https://coincu.com/sec-chair-gary-gensler-bitcoin-etfs/,posts,225702,https://coincu.com/c/news,https://coincu.com/news/,0,no_match_in_raw
https://coincu.com/binance-grapples-with-wash-trading-accusations/,posts,205506,https://coincu.com/c/casino-reviews/,https://coincu.com/casino-reviews/,0,no_match_in_raw
https://coincu.com/binance-grapples-with-wash-trading-accusations/,posts,205506,https://coincu.com/c/pr/press-release/,https://coincu.com/pr/press-release/,0,no_match_in_raw
https://coincu.com/binance-grapples-with-wash-trading-accusations/,posts,205506,https://coincu.com/c/news,https://coincu.com/news/,0,no_match_in_raw
https://coincu.com/more-than-50-of-bitcoin-addresses-are-lost/,posts,144820,https://coincu.com/c/casino-reviews/,https://coincu.com/casino-reviews/,0,no_match_in_raw
https://coincu.com/more-than-50-of-bitcoin-addresses-are-lost/,posts,144820,https://coincu.com/c/pr/press-release/,https://coincu.com/pr/press-release/,0,no_match_in_raw
https://coincu.com/more-than-50-of-bitcoin-addresses-are-lost/,posts,144820,https://coincu.com/c/bitcoin,https://coincu.com/bitcoin/,0,no_match_in_raw
https://coincu.com/number-of-bitcoin-addresses/,posts,157377,https://coincu.com/c/casino-reviews/,https://coincu.com/casino-reviews/,0,no_match_in_raw
https://coincu.com/number-of-bitcoin-addresses/,posts,157377,https://coincu.com/c/pr/press-release/,https://coincu.com/pr/press-release/,0,no_match_in_raw
https://coincu.com/number-of-bitcoin-addresses/,posts,157377,https://coincu.com/c/bitcoin,https://coincu.com/bitcoin/,0,no_match_in_raw
https://coincu.com/cryptocurrency-liquidation-btc-eth-impact/,posts,373367,https://coincu.com/c/casino-reviews/,https://coincu.com/casino-reviews/,0,no_match_in_raw
https://coincu.com/cryptocurrency-liquidation-btc-eth-impact/,posts,373367,https://coincu.com/c/markets,https://coincu.com/markets/,0,no_match_in_raw
https://coincu.com/cryptocurrency-liquidation-btc-eth-impact/,posts,373367,https://coincu.com/c/pr/press-release/,https://coincu.com/pr/press-release/,0,no_match_in_raw
https://coincu.com/institutional-entry-crypto-stablecoins-adoption/,posts,377515,https://coincu.com/c/casino-reviews/,https://coincu.com/casino-reviews/,0,no_match_in_raw
https://coincu.com/institutional-entry-crypto-stablecoins-adoption/,posts,377515,https://coincu.com/c/pr/press-release/,https://coincu.com/pr/press-release/,0,no_match_in_raw
https://coincu.com/institutional-entry-crypto-stablecoins-adoption/,posts,377515,https://coincu.com/c/blockchain,https://coincu.com/blockchain/,0,no_match_in_raw
https://coincu.com/ceffu-sec-binance-us-custody-services/,posts,218225,https://coincu.com/c/casino-reviews/,https://coincu.com/casino-reviews/,0,no_match_in_raw
https://coincu.com/ceffu-sec-binance-us-custody-services/,posts,218225,https://coincu.com/c/pr/press-release/,https://coincu.com/pr/press-release/,0,no_match_in_raw
https://coincu.com/ceffu-sec-binance-us-custody-services/,posts,218225,https://coincu.com/c/news,https://coincu.com/news/,0,no_match_in_raw
https://coincu.com/solvbtc-jup-bitcoin-yield-launches-with-8-return/,posts,287691,https://coincu.com/c/casino-reviews/,https://coincu.com/casino-reviews/,0,no_match_in_raw
https://coincu.com/solvbtc-jup-bitcoin-yield-launches-with-8-return/,posts,287691,https://coincu.com/c/pr/press-release/,https://coincu.com/pr/press-release/,0,no_match_in_raw
https://coincu.com/solvbtc-jup-bitcoin-yield-launches-with-8-return/,posts,287691,https://coincu.com/c/news,https://coincu.com/news/,0,no_match_in_raw
https://coincu.com/mexc-deepens-support-for-bitcoin-staking-innovation-with-solv-protocol-solv-token-launch/,posts,302850,https://coincu.com/c/casino-reviews/,https://coincu.com/casino-reviews/,0,no_match_in_raw
https://coincu.com/mexc-deepens-support-for-bitcoin-staking-innovation-with-solv-protocol-solv-token-launch/,posts,302850,https://coincu.com/c/press-release,https://coincu.com/press-release/,0,no_match_in_raw
https://coincu.com/mexc-deepens-support-for-bitcoin-staking-innovation-with-solv-protocol-solv-token-launch/,posts,302850,https://coincu.com/c/pr/press-release/,https://coincu.com/pr/press-release/,0,no_match_in_raw
https://coincu.com/solv-protocol-launches-megadrop-4-7m-rewards/,posts,300329,https://coincu.com/c/casino-reviews/,https://coincu.com/casino-reviews/,0,no_match_in_raw
https://coincu.com/solv-protocol-launches-megadrop-4-7m-rewards/,posts,300329,https://coincu.com/c/pr/press-release/,https://coincu.com/pr/press-release/,0,no_match_in_raw
https://coincu.com/solv-protocol-launches-megadrop-4-7m-rewards/,posts,300329,https://coincu.com/c/news,https://coincu.com/news/,0,no_match_in_raw
https://coincu.com/bhutan-government-moves-bitcoin-to-binance/,posts,292154,https://coincu.com/c/casino-reviews/,https://coincu.com/casino-reviews/,0,no_match_in_raw
https://coincu.com/bhutan-government-moves-bitcoin-to-binance/,posts,292154,https://coincu.com/c/pr/press-release/,https://coincu.com/pr/press-release/,0,no_match_in_raw
https://coincu.com/bhutan-government-moves-bitcoin-to-binance/,posts,292154,https://coincu.com/c/news,https://coincu.com/news/,0,no_match_in_raw
https://coincu.com/binance-recovered-83-curve-finance/,posts,116649,https://coincu.com/c/casino-reviews/,https://coincu.com/casino-reviews/,0,no_match_in_raw
https://coincu.com/binance-recovered-83-curve-finance/,posts,116649,https://coincu.com/c/pr/press-release/,https://coincu.com/pr/press-release/,0,no_match_in_raw
https://coincu.com/binance-recovered-83-curve-finance/,posts,116649,https://coincu.com/c/news,https://coincu.com/news/,0,no_match_in_raw
https://coincu.com/xrp-set-for-lift-off-as-consolidation-end/,posts,364301,https://coincu.com/c/casino-reviews/,https://coincu.com/casino-reviews/,0,no_match_in_raw
https://coincu.com/xrp-set-for-lift-off-as-consolidation-end/,posts,364301,https://coincu.com/c/pr/press-release/,https://coincu.com/pr/press-release/,0,no_match_in_raw
https://coincu.com/xrp-set-for-lift-off-as-consolidation-end/,posts,364301,https://coincu.com/c/analysis,https://coincu.com/analysis/,0,no_match_in_raw
https://coincu.com/standard-chartered-bitcoin-target-2026/,posts,386666,https://coincu.com/c/casino-reviews/,https://coincu.com/casino-reviews/,0,no_match_in_raw
https://coincu.com/standard-chartered-bitcoin-target-2026/,posts,386666,https://coincu.com/c/pr/press-release/,https://coincu.com/pr/press-release/,0,no_match_in_raw
https://coincu.com/standard-chartered-bitcoin-target-2026/,posts,386666,https://coincu.com/c/bitcoin,https://coincu.com/bitcoin/,0,no_match_in_raw
https://coincu.com/bitcoin-support-cost-basis-cluster/,posts,380878,https://coincu.com/c/casino-reviews/,https://coincu.com/casino-reviews/,0,no_match_in_raw
https://coincu.com/bitcoin-support-cost-basis-cluster/,posts,380878,https://coincu.com/c/markets,https://coincu.com/markets/,0,no_match_in_raw
https://coincu.com/bitcoin-support-cost-basis-cluster/,posts,380878,https://coincu.com/c/pr/press-release/,https://coincu.com/pr/press-release/,0,no_match_in_raw
https://coincu.com/ethereum-exchange-balance-low-supply-squeeze/,posts,381917,https://coincu.com/c/casino-reviews/,https://coincu.com/casino-reviews/,0,no_match_in_raw
https://coincu.com/ethereum-exchange-balance-low-supply-squeeze/,posts,381917,https://coincu.com/c/markets,https://coincu.com/markets/,0,no_match_in_raw
https://coincu.com/ethereum-exchange-balance-low-supply-squeeze/,posts,381917,https://coincu.com/c/pr/press-release/,https://coincu.com/pr/press-release/,0,no_match_in_raw
https://coincu.com/bahamas-government-asked-sbf-mint-tokens/,posts,151522,https://coincu.com/c/casino-reviews/,https://coincu.com/casino-reviews/,0,no_match_in_raw
https://coincu.com/bahamas-government-asked-sbf-mint-tokens/,posts,151522,https://coincu.com/c/pr/press-release/,https://coincu.com/pr/press-release/,0,no_match_in_raw
https://coincu.com/bahamas-government-asked-sbf-mint-tokens/,posts,151522,https://coincu.com/c/news,https://coincu.com/news/,0,no_match_in_raw
https://coincu.com/dell-to-join-governing-council-hedera/,posts,165518,https://coincu.com/c/casino-reviews/,https://coincu.com/casino-reviews/,0,no_match_in_raw
https://coincu.com/dell-to-join-governing-council-hedera/,posts,165518,https://coincu.com/c/pr/press-release/,https://coincu.com/pr/press-release/,0,no_match_in_raw
https://coincu.com/dell-to-join-governing-council-hedera/,posts,165518,https://coincu.com/c/news,https://coincu.com/news/,0,no_match_in_raw
https://coincu.com/kerneldao-won-binance-as-4th-megadrop-campaign/,posts,330957,https://coincu.com/c/casino-reviews/,https://coincu.com/casino-reviews/,0,no_match_in_raw
https://coincu.com/kerneldao-won-binance-as-4th-megadrop-campaign/,posts,330957,https://coincu.com/c/pr/press-release/,https://coincu.com/pr/press-release/,0,no_match_in_raw
https://coincu.com/kerneldao-won-binance-as-4th-megadrop-campaign/,posts,330957,https://coincu.com/c/binance-square,https://coincu.com/binance-square/,0,no_match_in_raw
https://coincu.com/coinbase-adds-hedera-to-roadmap/,posts,120564,https://coincu.com/c/casino-reviews/,https://coincu.com/casino-reviews/,0,no_match_in_raw
https://coincu.com/coinbase-adds-hedera-to-roadmap/,posts,120564,https://coincu.com/c/pr/press-release/,https://coincu.com/pr/press-release/,0,no_match_in_raw
https://coincu.com/coinbase-adds-hedera-to-roadmap/,posts,120564,https://coincu.com/c/news,https://coincu.com/news/,0,no_match_in_raw
https://coincu.com/kerneldao-tge-set-april-with-rwa-vaults-coming/,posts,330982,https://coincu.com/c/casino-reviews/,https://coincu.com/casino-reviews/,0,no_match_in_raw
https://coincu.com/kerneldao-tge-set-april-with-rwa-vaults-coming/,posts,330982,https://coincu.com/c/pr/press-release/,https://coincu.com/pr/press-release/,0,no_match_in_raw
https://coincu.com/kerneldao-tge-set-april-with-rwa-vaults-coming/,posts,330982,https://coincu.com/c/binance-square,https://coincu.com/binance-square/,0,no_match_in_raw
https://coincu.com/okx-partners-with-komainu/,posts,192628,https://coincu.com/c/casino-reviews/,https://coincu.com/casino-reviews/,0,no_match_in_raw
https://coincu.com/okx-partners-with-komainu/,posts,192628,https://coincu.com/c/pr/press-release/,https://coincu.com/pr/press-release/,0,no_match_in_raw
https://coincu.com/okx-partners-with-komainu/,posts,192628,https://coincu.com/c/news,https://coincu.com/news/,0,no_match_in_raw
https://coincu.com/genzeroes-nft-film-provides-9000-card-packs/,posts,108482,https://coincu.com/c/casino-reviews/,https://coincu.com/casino-reviews/,0,no_match_in_raw
https://coincu.com/genzeroes-nft-film-provides-9000-card-packs/,posts,108482,https://coincu.com/c/pr/press-release/,https://coincu.com/pr/press-release/,0,no_match_in_raw
https://coincu.com/genzeroes-nft-film-provides-9000-card-packs/,posts,108482,https://coincu.com/c/nfts-news,https://coincu.com/nfts-news/,0,no_match_in_raw
https://coincu.com/the-regulator-ordered-ftx-japan/,posts,141412,https://coincu.com/c/casino-reviews/,https://coincu.com/casino-reviews/,0,no_match_in_raw
https://coincu.com/the-regulator-ordered-ftx-japan/,posts,141412,https://coincu.com/c/pr/press-release/,https://coincu.com/pr/press-release/,0,no_match_in_raw
https://coincu.com/the-regulator-ordered-ftx-japan/,posts,141412,https://coincu.com/c/news,https://coincu.com/news/,0,no_match_in_raw
https://coincu.com/woofi-powerful-reputable-dex/,posts,173722,https://coincu.com/c/casino-reviews/,https://coincu.com/casino-reviews/,0,no_match_in_raw
https://coincu.com/woofi-powerful-reputable-dex/,posts,173722,https://coincu.com/c/pr/press-release/,https://coincu.com/pr/press-release/,0,no_match_in_raw
https://coincu.com/woofi-powerful-reputable-dex/,posts,173722,https://coincu.com/c/other-reviews,https://coincu.com/other-reviews/,0,no_match_in_raw
https://coincu.com/crypto-market-highlights-january-3-2023/,posts,157749,https://coincu.com/c/casino-reviews/,https://coincu.com/casino-reviews/,0,no_match_in_raw
https://coincu.com/crypto-market-highlights-january-3-2023/,posts,157749,https://coincu.com/c/pr/press-release/,https://coincu.com/pr/press-release/,0,no_match_in_raw
https://coincu.com/crypto-market-highlights-january-3-2023/,posts,157749,https://coincu.com/c/uncategorized,https://coincu.com/uncategorized/,0,no_match_in_raw
https://coincu.com/oasys-point-out-plans-for-mainnet/,posts,136906,https://coincu.com/c/casino-reviews/,https://coincu.com/casino-reviews/,0,no_match_in_raw
https://coincu.com/oasys-point-out-plans-for-mainnet/,posts,136906,https://coincu.com/c/pr/press-release/,https://coincu.com/pr/press-release/,0,no_match_in_raw
https://coincu.com/oasys-point-out-plans-for-mainnet/,posts,136906,https://coincu.com/c/news,https://coincu.com/news/,0,no_match_in_raw
https://coincu.com/square-enix-web3-of-nft-game/,posts,167556,https://coincu.com/c/casino-reviews/,https://coincu.com/casino-reviews/,0,no_match_in_raw
https://coincu.com/square-enix-web3-of-nft-game/,posts,167556,https://coincu.com/c/pr/press-release/,https://coincu.com/pr/press-release/,0,no_match_in_raw
https://coincu.com/square-enix-web3-of-nft-game/,posts,167556,https://coincu.com/c/news,https://coincu.com/news/,0,no_match_in_raw
https://coincu.com/square-enix-set-to-double-blockchain-game/,posts,157570,https://coincu.com/c/casino-reviews/,https://coincu.com/casino-reviews/,0,no_match_in_raw
https://coincu.com/square-enix-set-to-double-blockchain-game/,posts,157570,https://coincu.com/c/pr/press-release/,https://coincu.com/pr/press-release/,0,no_match_in_raw
https://coincu.com/square-enix-set-to-double-blockchain-game/,posts,157570,https://coincu.com/c/news,https://coincu.com/news/,0,no_match_in_raw
https://coincu.com/rockstar-games-banned-nfts/,posts,145158,https://coincu.com/c/casino-reviews/,https://coincu.com/casino-reviews/,0,no_match_in_raw
https://coincu.com/rockstar-games-banned-nfts/,posts,145158,https://coincu.com/c/pr/press-release/,https://coincu.com/pr/press-release/,0,no_match_in_raw
https://coincu.com/rockstar-games-banned-nfts/,posts,145158,https://coincu.com/c/nfts-news,https://coincu.com/nfts-news/,0,no_match_in_raw
https://coincu.com/klaytn-surges-106-after-governance-proposal/,posts,136295,https://coincu.com/c/casino-reviews/,https://coincu.com/casino-reviews/,0,no_match_in_raw
https://coincu.com/klaytn-surges-106-after-governance-proposal/,posts,136295,https://coincu.com/c/pr/press-release/,https://coincu.com/pr/press-release/,0,no_match_in_raw
https://coincu.com/klaytn-surges-106-after-governance-proposal/,posts,136295,https://coincu.com/c/uncategorized,https://coincu.com/uncategorized/,0,no_match_in_raw
https://coincu.com/defi-kingdoms-serendale-goes-live-on-klaytn/,posts,150516,https://coincu.com/c/casino-reviews/,https://coincu.com/casino-reviews/,0,no_match_in_raw
https://coincu.com/defi-kingdoms-serendale-goes-live-on-klaytn/,posts,150516,https://coincu.com/c/pr/press-release/,https://coincu.com/pr/press-release/,0,no_match_in_raw
https://coincu.com/defi-kingdoms-serendale-goes-live-on-klaytn/,posts,150516,https://coincu.com/c/news,https://coincu.com/news/,0,no_match_in_raw
https://coincu.com/opensea-sdk-adds-new-support/,posts,201489,https://coincu.com/c/casino-reviews/,https://coincu.com/casino-reviews/,0,no_match_in_raw
https://coincu.com/opensea-sdk-adds-new-support/,posts,201489,https://coincu.com/c/pr/press-release/,https://coincu.com/pr/press-release/,0,no_match_in_raw
https://coincu.com/opensea-sdk-adds-new-support/,posts,201489,https://coincu.com/c/nft,https://coincu.com/nft/,0,no_match_in_raw
https://coincu.com/klaytn-will-burn-half-of-token-supply/,posts,181104,https://coincu.com/c/casino-reviews/,https://coincu.com/casino-reviews/,0,no_match_in_raw
https://coincu.com/klaytn-will-burn-half-of-token-supply/,posts,181104,https://coincu.com/c/pr/press-release/,https://coincu.com/pr/press-release/,0,no_match_in_raw
https://coincu.com/klaytn-will-burn-half-of-token-supply/,posts,181104,https://coincu.com/c/news,https://coincu.com/news/,0,no_match_in_raw
https://coincu.com/binance-integrate-btc-on-lightning-network/,posts,203199,https://coincu.com/c/casino-reviews/,https://coincu.com/casino-reviews/,0,no_match_in_raw
https://coincu.com/binance-integrate-btc-on-lightning-network/,posts,203199,https://coincu.com/c/pr/press-release/,https://coincu.com/pr/press-release/,0,no_match_in_raw
https://coincu.com/binance-integrate-btc-on-lightning-network/,posts,203199,https://coincu.com/c/blockchain,https://coincu.com/blockchain/,0,no_match_in_raw
https://coincu.com/arbiswap-rug-pull-arbitrum-dex-scam/,posts,170854,https://coincu.com/c/casino-reviews/,https://coincu.com/casino-reviews/,0,no_match_in_raw
https://coincu.com/arbiswap-rug-pull-arbitrum-dex-scam/,posts,170854,https://coincu.com/c/pr/press-release/,https://coincu.com/pr/press-release/,0,no_match_in_raw
https://coincu.com/arbiswap-rug-pull-arbitrum-dex-scam/,posts,170854,https://coincu.com/c/scam-alert,https://coincu.com/scam-alert/,0,no_match_in_raw
https://coincu.com/arbitrum-nova-mainnet-launched/,posts,107962,https://coincu.com/c/casino-reviews/,https://coincu.com/casino-reviews/,0,no_match_in_raw
https://coincu.com/arbitrum-nova-mainnet-launched/,posts,107962,https://coincu.com/c/pr/press-release/,https://coincu.com/pr/press-release/,0,no_match_in_raw
https://coincu.com/arbitrum-nova-mainnet-launched/,posts,107962,https://coincu.com/c/blockchain,https://coincu.com/blockchain/,0,no_match_in_raw
https://coincu.com/gmx-voted-to-integrate-chainlinks/,posts,183712,https://coincu.com/c/casino-reviews/,https://coincu.com/casino-reviews/,0,no_match_in_raw
https://coincu.com/gmx-voted-to-integrate-chainlinks/,posts,183712,https://coincu.com/c/pr/press-release/,https://coincu.com/pr/press-release/,0,no_match_in_raw
https://coincu.com/gmx-voted-to-integrate-chainlinks/,posts,183712,https://coincu.com/c/defi,https://coincu.com/defi/,0,no_match_in_raw
https://coincu.com/pancakeswap-business-strategic/,posts,104702,https://coincu.com/c/casino-reviews/,https://coincu.com/casino-reviews/,0,no_match_in_raw
https://coincu.com/pancakeswap-business-strategic/,posts,104702,https://coincu.com/c/pr/press-release/,https://coincu.com/pr/press-release/,0,no_match_in_raw
https://coincu.com/pancakeswap-business-strategic/,posts,104702,https://coincu.com/c/analysis,https://coincu.com/analysis/,0,no_match_in_raw
https://coincu.com/plume-network-review-layer-2-designed-for-rwa/,posts,261053,https://coincu.com/c/casino-reviews/,https://coincu.com/casino-reviews/,0,no_match_in_raw
https://coincu.com/plume-network-review-layer-2-designed-for-rwa/,posts,261053,https://coincu.com/c/pr/press-release/,https://coincu.com/pr/press-release/,0,no_match_in_raw
https://coincu.com/plume-network-review-layer-2-designed-for-rwa/,posts,261053,https://coincu.com/c/blockchain,https://coincu.com/blockchain/,0,no_match_in_raw
https://coincu.com/binance-founder-cz-released-on-september-29/,posts,282933,https://coincu.com/c/casino-reviews/,https://coincu.com/casino-reviews/,0,no_match_in_raw
https://coincu.com/binance-founder-cz-released-on-september-29/,posts,282933,https://coincu.com/c/pr/press-release/,https://coincu.com/pr/press-release/,0,no_match_in_raw
https://coincu.com/binance-founder-cz-released-on-september-29/,posts,282933,https://coincu.com/c/news,https://coincu.com/news/,0,no_match_in_raw
https://coincu.com/polkadot-launches-unbounded-font/,posts,122432,https://coincu.com/c/casino-reviews/,https://coincu.com/casino-reviews/,0,no_match_in_raw
https://coincu.com/polkadot-launches-unbounded-font/,posts,122432,https://coincu.com/c/pr/press-release/,https://coincu.com/pr/press-release/,0,no_match_in_raw
https://coincu.com/polkadot-launches-unbounded-font/,posts,122432,https://coincu.com/c/metaverse-news,https://coincu.com/metaverse-news/,0,no_match_in_raw
https://coincu.com/what-is-yield-farming-part-1/,posts,150839,https://coincu.com/c/casino-reviews/,https://coincu.com/casino-reviews/,0,no_match_in_raw
https://coincu.com/what-is-yield-farming-part-1/,posts,150839,https://coincu.com/c/pr/press-release/,https://coincu.com/pr/press-release/,0,no_match_in_raw
https://coincu.com/what-is-yield-farming-part-1/,posts,150839,https://coincu.com/c/uncategorized,https://coincu.com/uncategorized/,0,no_match_in_raw
https://coincu.com/trader-joe-offers-method/,posts,119712,https://coincu.com/c/casino-reviews/,https://coincu.com/casino-reviews/,0,no_match_in_raw
https://coincu.com/trader-joe-offers-method/,posts,119712,https://coincu.com/c/pr/press-release/,https://coincu.com/pr/press-release/,0,no_match_in_raw
https://coincu.com/trader-joe-offers-method/,posts,119712,https://coincu.com/c/defi,https://coincu.com/defi/,0,no_match_in_raw
https://coincu.com/what-is-yield-farming-part-3/,posts,151053,https://coincu.com/c/casino-reviews/,https://coincu.com/casino-reviews/,0,no_match_in_raw
https://coincu.com/what-is-yield-farming-part-3/,posts,151053,https://coincu.com/c/pr/press-release/,https://coincu.com/pr/press-release/,0,no_match_in_raw
https://coincu.com/what-is-yield-farming-part-3/,posts,151053,https://coincu.com/c/uncategorized,https://coincu.com/uncategorized/,0,no_match_in_raw
https://coincu.com/celsius-claims-his-equity-is-worthless/,posts,123101,https://coincu.com/c/casino-reviews/,https://coincu.com/casino-reviews/,0,no_match_in_raw
https://coincu.com/celsius-claims-his-equity-is-worthless/,posts,123101,https://coincu.com/c/pr/press-release/,https://coincu.com/pr/press-release/,0,no_match_in_raw
https://coincu.com/celsius-claims-his-equity-is-worthless/,posts,123101,https://coincu.com/c/news,https://coincu.com/news/,0,no_match_in_raw
https://coincu.com/trader-prefers-rival-token-at-0-125-for-bull-run-gains/,posts,295055,https://coincu.com/c/casino-reviews/,https://coincu.com/casino-reviews/,0,no_match_in_raw
https://coincu.com/trader-prefers-rival-token-at-0-125-for-bull-run-gains/,posts,295055,https://coincu.com/c/press-release,https://coincu.com/press-release/,0,no_match_in_raw
https://coincu.com/trader-prefers-rival-token-at-0-125-for-bull-run-gains/,posts,295055,https://coincu.com/c/pr/press-release/,https://coincu.com/pr/press-release/,0,no_match_in_raw
https://coincu.com/bitcoin-mining-difficulty-adjustment/,posts,111459,https://coincu.com/c/casino-reviews/,https://coincu.com/casino-reviews/,0,no_match_in_raw
https://coincu.com/bitcoin-mining-difficulty-adjustment/,posts,111459,https://coincu.com/c/pr/press-release/,https://coincu.com/pr/press-release/,0,no_match_in_raw
https://coincu.com/bitcoin-mining-difficulty-adjustment/,posts,111459,https://coincu.com/c/bitcoin,https://coincu.com/bitcoin/,0,no_match_in_raw
https://coincu.com/memecoin-floki-gains-over-10-chinese-tv/,posts,190531,https://coincu.com/c/casino-reviews/,https://coincu.com/casino-reviews/,0,no_match_in_raw
https://coincu.com/memecoin-floki-gains-over-10-chinese-tv/,posts,190531,https://coincu.com/c/pr/press-release/,https://coincu.com/pr/press-release/,0,no_match_in_raw
https://coincu.com/memecoin-floki-gains-over-10-chinese-tv/,posts,190531,https://coincu.com/c/uncategorized,https://coincu.com/uncategorized/,0,no_match_in_raw
https://coincu.com/floki-joins-top-100-cryptos-500-increase/,posts,170904,https://coincu.com/c/casino-reviews/,https://coincu.com/casino-reviews/,0,no_match_in_raw
https://coincu.com/floki-joins-top-100-cryptos-500-increase/,posts,170904,https://coincu.com/c/pr/press-release/,https://coincu.com/pr/press-release/,0,no_match_in_raw
https://coincu.com/floki-joins-top-100-cryptos-500-increase/,posts,170904,https://coincu.com/c/uncategorized,https://coincu.com/uncategorized/,0,no_match_in_raw
https://coincu.com/coinbase-stops-operations-in-japan/,posts,161336,https://coincu.com/c/casino-reviews/,https://coincu.com/casino-reviews/,0,no_match_in_raw
https://coincu.com/coinbase-stops-operations-in-japan/,posts,161336,https://coincu.com/c/pr/press-release/,https://coincu.com/pr/press-release/,0,no_match_in_raw
https://coincu.com/coinbase-stops-operations-in-japan/,posts,161336,https://coincu.com/c/news,https://coincu.com/news/,0,no_match_in_raw
https://coincu.com/binance-founder-changpeng-zhao-dubai/,posts,286621,https://coincu.com/c/casino-reviews/,https://coincu.com/casino-reviews/,0,no_match_in_raw
https://coincu.com/binance-founder-changpeng-zhao-dubai/,posts,286621,https://coincu.com/c/pr/press-release/,https://coincu.com/pr/press-release/,0,no_match_in_raw
https://coincu.com/binance-founder-changpeng-zhao-dubai/,posts,286621,https://coincu.com/c/news,https://coincu.com/news/,0,no_match_in_raw
https://coincu.com/immutable-x-suddenly-increases/,posts,219245,https://coincu.com/c/casino-reviews/,https://coincu.com/casino-reviews/,0,no_match_in_raw
https://coincu.com/immutable-x-suddenly-increases/,posts,219245,https://coincu.com/c/pr/press-release/,https://coincu.com/pr/press-release/,0,no_match_in_raw
https://coincu.com/immutable-x-suddenly-increases/,posts,219245,https://coincu.com/c/news,https://coincu.com/news/,0,no_match_in_raw
https://coincu.com/starknet-v0-12-2-transforms-mainnet-landscape/,posts,215600,https://coincu.com/c/casino-reviews/,https://coincu.com/casino-reviews/,0,no_match_in_raw
https://coincu.com/starknet-v0-12-2-transforms-mainnet-landscape/,posts,215600,https://coincu.com/c/pr/press-release/,https://coincu.com/pr/press-release/,0,no_match_in_raw
https://coincu.com/starknet-v0-12-2-transforms-mainnet-landscape/,posts,215600,https://coincu.com/c/news,https://coincu.com/news/,0,no_match_in_raw
https://coincu.com/binanceus-now-pauses-bch-withdrawal/,posts,201813,https://coincu.com/c/casino-reviews/,https://coincu.com/casino-reviews/,0,no_match_in_raw
https://coincu.com/binanceus-now-pauses-bch-withdrawal/,posts,201813,https://coincu.com/c/pr/press-release/,https://coincu.com/pr/press-release/,0,no_match_in_raw
https://coincu.com/binanceus-now-pauses-bch-withdrawal/,posts,201813,https://coincu.com/c/news,https://coincu.com/news/,0,no_match_in_raw
https://coincu.com/top-3-layer-2-projects/,posts,177680,https://coincu.com/c/casino-reviews/,https://coincu.com/casino-reviews/,0,no_match_in_raw
https://coincu.com/top-3-layer-2-projects/,posts,177680,https://coincu.com/c/pr/press-release/,https://coincu.com/pr/press-release/,0,no_match_in_raw
https://coincu.com/top-3-layer-2-projects/,posts,177680,https://coincu.com/c/knowledge,https://coincu.com/knowledge/,0,no_match_in_raw
https://coincu.com/sol-strategies-billion-raise-solana/,posts,340465,https://coincu.com/c/casino-reviews/,https://coincu.com/casino-reviews/,0,no_match_in_raw
https://coincu.com/sol-strategies-billion-raise-solana/,posts,340465,https://coincu.com/c/pr/press-release/,https://coincu.com/pr/press-release/,0,no_match_in_raw
https://coincu.com/sol-strategies-billion-raise-solana/,posts,340465,https://coincu.com/c/news,https://coincu.com/news/,0,no_match_in_raw
https://coincu.com/defi-corp-solana-acquisition-rebranding/,posts,333700,https://coincu.com/c/casino-reviews/,https://coincu.com/casino-reviews/,0,no_match_in_raw
https://coincu.com/defi-corp-solana-acquisition-rebranding/,posts,333700,https://coincu.com/c/pr/press-release/,https://coincu.com/pr/press-release/,0,no_match_in_raw
https://coincu.com/defi-corp-solana-acquisition-rebranding/,posts,333700,https://coincu.com/c/news,https://coincu.com/news/,0,no_match_in_raw
https://coincu.com/ripple-buys-metaco-for-250-million/,posts,188153,https://coincu.com/c/casino-reviews/,https://coincu.com/casino-reviews/,0,no_match_in_raw
https://coincu.com/ripple-buys-metaco-for-250-million/,posts,188153,https://coincu.com/c/pr/press-release/,https://coincu.com/pr/press-release/,0,no_match_in_raw
https://coincu.com/ripple-buys-metaco-for-250-million/,posts,188153,https://coincu.com/c/news,https://coincu.com/news/,0,no_match_in_raw
https://coincu.com/archax-to-launch-custody-service/,posts,163720,https://coincu.com/c/casino-reviews/,https://coincu.com/casino-reviews/,0,no_match_in_raw
https://coincu.com/archax-to-launch-custody-service/,posts,163720,https://coincu.com/c/pr/press-release/,https://coincu.com/pr/press-release/,0,no_match_in_raw
https://coincu.com/archax-to-launch-custody-service/,posts,163720,https://coincu.com/c/news,https://coincu.com/news/,0,no_match_in_raw
https://coincu.com/stepn-announces-move-to-hong-kong/,posts,122490,https://coincu.com/c/casino-reviews/,https://coincu.com/casino-reviews/,0,no_match_in_raw
https://coincu.com/stepn-announces-move-to-hong-kong/,posts,122490,https://coincu.com/c/pr/press-release/,https://coincu.com/pr/press-release/,0,no_match_in_raw
https://coincu.com/stepn-announces-move-to-hong-kong/,posts,122490,https://coincu.com/c/nfts-news,https://coincu.com/nfts-news/,0,no_match_in_raw
https://coincu.com/binance-says-signature/,posts,161732,https://coincu.com/c/casino-reviews/,https://coincu.com/casino-reviews/,0,no_match_in_raw
https://coincu.com/binance-says-signature/,posts,161732,https://coincu.com/c/pr/press-release/,https://coincu.com/pr/press-release/,0,no_match_in_raw
https://coincu.com/binance-says-signature/,posts,161732,https://coincu.com/c/news,https://coincu.com/news/,0,no_match_in_raw
https://coincu.com/stepn-really-cooperate-bayc/,posts,105045,https://coincu.com/c/casino-reviews/,https://coincu.com/casino-reviews/,0,no_match_in_raw
https://coincu.com/stepn-really-cooperate-bayc/,posts,105045,https://coincu.com/c/pr/press-release/,https://coincu.com/pr/press-release/,0,no_match_in_raw
https://coincu.com/stepn-really-cooperate-bayc/,posts,105045,https://coincu.com/c/knowledge,https://coincu.com/knowledge/,0,no_match_in_raw
https://coincu.com/binance-refuses-invest-in-genesis/,posts,144904,https://coincu.com/c/casino-reviews/,https://coincu.com/casino-reviews/,0,no_match_in_raw
https://coincu.com/binance-refuses-invest-in-genesis/,posts,144904,https://coincu.com/c/pr/press-release/,https://coincu.com/pr/press-release/,0,no_match_in_raw
https://coincu.com/binance-refuses-invest-in-genesis/,posts,144904,https://coincu.com/c/news,https://coincu.com/news/,0,no_match_in_raw
https://coincu.com/upbit-review-investors-need-know/,posts,184329,https://coincu.com/c/casino-reviews/,https://coincu.com/casino-reviews/,0,no_match_in_raw
https://coincu.com/upbit-review-investors-need-know/,posts,184329,https://coincu.com/c/pr/press-release/,https://coincu.com/pr/press-release/,0,no_match_in_raw
https://coincu.com/upbit-review-investors-need-know/,posts,184329,https://coincu.com/c/other-reviews,https://coincu.com/other-reviews/,0,no_match_in_raw
https://coincu.com/xrp-trading-volume-tops-upbit-charts/,posts,311490,https://coincu.com/c/casino-reviews/,https://coincu.com/casino-reviews/,0,no_match_in_raw
https://coincu.com/xrp-trading-volume-tops-upbit-charts/,posts,311490,https://coincu.com/c/markets,https://coincu.com/markets/,0,no_match_in_raw
https://coincu.com/xrp-trading-volume-tops-upbit-charts/,posts,311490,https://coincu.com/c/pr/press-release/,https://coincu.com/pr/press-release/,0,no_match_in_raw
https://coincu.com/india-and-uae-collaborate-to-disrupt-cbdcs/,posts,173830,https://coincu.com/c/casino-reviews/,https://coincu.com/casino-reviews/,0,no_match_in_raw
https://coincu.com/india-and-uae-collaborate-to-disrupt-cbdcs/,posts,173830,https://coincu.com/c/pr/press-release/,https://coincu.com/pr/press-release/,0,no_match_in_raw
https://coincu.com/india-and-uae-collaborate-to-disrupt-cbdcs/,posts,173830,https://coincu.com/c/news,https://coincu.com/news/,0,no_match_in_raw
https://coincu.com/cbdc-trojan-horse-us-congressmans-warning/,posts,219511,https://coincu.com/c/casino-reviews/,https://coincu.com/casino-reviews/,0,no_match_in_raw
https://coincu.com/cbdc-trojan-horse-us-congressmans-warning/,posts,219511,https://coincu.com/c/pr/press-release/,https://coincu.com/pr/press-release/,0,no_match_in_raw
https://coincu.com/cbdc-trojan-horse-us-congressmans-warning/,posts,219511,https://coincu.com/c/news,https://coincu.com/news/,0,no_match_in_raw
https://coincu.com/cryptocurrency-payments-are-preferred/,posts,137592,https://coincu.com/c/casino-reviews/,https://coincu.com/casino-reviews/,0,no_match_in_raw
https://coincu.com/cryptocurrency-payments-are-preferred/,posts,137592,https://coincu.com/c/pr/press-release/,https://coincu.com/pr/press-release/,0,no_match_in_raw
https://coincu.com/cryptocurrency-payments-are-preferred/,posts,137592,https://coincu.com/c/news,https://coincu.com/news/,0,no_match_in_raw
https://coincu.com/bitcoin-comeback-market-optimism/,posts,381194,https://coincu.com/c/casino-reviews/,https://coincu.com/casino-reviews/,0,no_match_in_raw
https://coincu.com/bitcoin-comeback-market-optimism/,posts,381194,https://coincu.com/c/markets,https://coincu.com/markets/,0,no_match_in_raw
https://coincu.com/bitcoin-comeback-market-optimism/,posts,381194,https://coincu.com/c/pr/press-release/,https://coincu.com/pr/press-release/,0,no_match_in_raw
https://coincu.com/us-inflation-data-federal-rate-cuts/,posts,381647,https://coincu.com/c/casino-reviews/,https://coincu.com/casino-reviews/,0,no_match_in_raw
https://coincu.com/us-inflation-data-federal-rate-cuts/,posts,381647,https://coincu.com/c/markets,https://coincu.com/markets/,0,no_match_in_raw
https://coincu.com/us-inflation-data-federal-rate-cuts/,posts,381647,https://coincu.com/c/pr/press-release/,https://coincu.com/pr/press-release/,0,no_match_in_raw
https://coincu.com/galixcity-opened-sale-box-ino-private-round/,posts,122354,https://coincu.com/c/casino-reviews/,https://coincu.com/casino-reviews/,0,no_match_in_raw
https://coincu.com/galixcity-opened-sale-box-ino-private-round/,posts,122354,https://coincu.com/c/pr/press-release/,https://coincu.com/pr/press-release/,0,no_match_in_raw
https://coincu.com/galixcity-opened-sale-box-ino-private-round/,posts,122354,https://coincu.com/c/gamefi,https://coincu.com/gamefi/,0,no_match_in_raw
https://coincu.com/uk-digital-pound-is-being-carefully-considered/,posts,245032,https://coincu.com/c/casino-reviews/,https://coincu.com/casino-reviews/,0,no_match_in_raw
https://coincu.com/uk-digital-pound-is-being-carefully-considered/,posts,245032,https://coincu.com/c/pr/press-release/,https://coincu.com/pr/press-release/,0,no_match_in_raw
https://coincu.com/uk-digital-pound-is-being-carefully-considered/,posts,245032,https://coincu.com/c/news,https://coincu.com/news/,0,no_match_in_raw
https://coincu.com/decentralized-identity-in-web3/,posts,164265,https://coincu.com/c/casino-reviews/,https://coincu.com/casino-reviews/,0,no_match_in_raw
https://coincu.com/decentralized-identity-in-web3/,posts,164265,https://coincu.com/c/pr/press-release/,https://coincu.com/pr/press-release/,0,no_match_in_raw
https://coincu.com/decentralized-identity-in-web3/,posts,164265,https://coincu.com/c/knowledge,https://coincu.com/knowledge/,0,no_match_in_raw
https://coincu.com/celo-suffers-a-critical-network-outage/,posts,108824,https://coincu.com/c/casino-reviews/,https://coincu.com/casino-reviews/,0,no_match_in_raw
https://coincu.com/celo-suffers-a-critical-network-outage/,posts,108824,https://coincu.com/c/pr/press-release/,https://coincu.com/pr/press-release/,0,no_match_in_raw
https://coincu.com/celo-suffers-a-critical-network-outage/,posts,108824,https://coincu.com/c/blockchain,https://coincu.com/blockchain/,0,no_match_in_raw
https://coincu.com/fed-governor-waller-claims-crypto-economy/,posts,166391,https://coincu.com/c/casino-reviews/,https://coincu.com/casino-reviews/,0,no_match_in_raw
https://coincu.com/fed-governor-waller-claims-crypto-economy/,posts,166391,https://coincu.com/c/pr/press-release/,https://coincu.com/pr/press-release/,0,no_match_in_raw
https://coincu.com/fed-governor-waller-claims-crypto-economy/,posts,166391,https://coincu.com/c/news,https://coincu.com/news/,0,no_match_in_raw
https://coincu.com/are-fed-rate-cuts-really-confirmed-for/,posts,362415,https://coincu.com/c/casino-reviews/,https://coincu.com/casino-reviews/,0,no_match_in_raw
https://coincu.com/are-fed-rate-cuts-really-confirmed-for/,posts,362415,https://coincu.com/c/pr/press-release/,https://coincu.com/pr/press-release/,0,no_match_in_raw
https://coincu.com/are-fed-rate-cuts-really-confirmed-for/,posts,362415,https://coincu.com/c/news,https://coincu.com/news/,0,no_match_in_raw
https://coincu.com/u-s-core-pce-price-index-for-february-lower/,posts,177701,https://coincu.com/c/casino-reviews/,https://coincu.com/casino-reviews/,0,no_match_in_raw
https://coincu.com/u-s-core-pce-price-index-for-february-lower/,posts,177701,https://coincu.com/c/pr/press-release/,https://coincu.com/pr/press-release/,0,no_match_in_raw
https://coincu.com/u-s-core-pce-price-index-for-february-lower/,posts,177701,https://coincu.com/c/news,https://coincu.com/news/,0,no_match_in_raw
https://coincu.com/bitcoin-surges-to-52k-us-ppi-dip-as-fed-rate-cut/,posts,247548,https://coincu.com/c/casino-reviews/,https://coincu.com/casino-reviews/,0,no_match_in_raw
https://coincu.com/bitcoin-surges-to-52k-us-ppi-dip-as-fed-rate-cut/,posts,247548,https://coincu.com/c/pr/press-release/,https://coincu.com/pr/press-release/,0,no_match_in_raw
https://coincu.com/bitcoin-surges-to-52k-us-ppi-dip-as-fed-rate-cut/,posts,247548,https://coincu.com/c/news,https://coincu.com/news/,0,no_match_in_raw
https://coincu.com/imf-praises-controllable-programmable-cbdc/,posts,134385,https://coincu.com/c/casino-reviews/,https://coincu.com/casino-reviews/,0,no_match_in_raw
https://coincu.com/imf-praises-controllable-programmable-cbdc/,posts,134385,https://coincu.com/c/pr/press-release/,https://coincu.com/pr/press-release/,0,no_match_in_raw
https://coincu.com/imf-praises-controllable-programmable-cbdc/,posts,134385,https://coincu.com/c/news,https://coincu.com/news/,0,no_match_in_raw
https://coincu.com/fed-board-director-bowman-cbdc/,posts,182381,https://coincu.com/c/casino-reviews/,https://coincu.com/casino-reviews/,0,no_match_in_raw
https://coincu.com/fed-board-director-bowman-cbdc/,posts,182381,https://coincu.com/c/pr/press-release/,https://coincu.com/pr/press-release/,0,no_match_in_raw
https://coincu.com/fed-board-director-bowman-cbdc/,posts,182381,https://coincu.com/c/news,https://coincu.com/news/,0,no_match_in_raw
https://coincu.com/coinbase-the-roadmap-addition-of-ooki/,posts,117063,https://coincu.com/c/casino-reviews/,https://coincu.com/casino-reviews/,0,no_match_in_raw
https://coincu.com/coinbase-the-roadmap-addition-of-ooki/,posts,117063,https://coincu.com/c/pr/press-release/,https://coincu.com/pr/press-release/,0,no_match_in_raw
https://coincu.com/coinbase-the-roadmap-addition-of-ooki/,posts,117063,https://coincu.com/c/uncategorized,https://coincu.com/uncategorized/,0,no_match_in_raw
https://coincu.com/ooki-dao/,posts,132512,https://coincu.com/c/casino-reviews/,https://coincu.com/casino-reviews/,0,no_match_in_raw
https://coincu.com/ooki-dao/,posts,132512,https://coincu.com/c/pr/press-release/,https://coincu.com/pr/press-release/,0,no_match_in_raw
https://coincu.com/ooki-dao/,posts,132512,https://coincu.com/c/news,https://coincu.com/news/,0,no_match_in_raw
https://coincu.com/cftc-show-activity-against-crypto/,posts,135634,https://coincu.com/c/casino-reviews/,https://coincu.com/casino-reviews/,0,no_match_in_raw
https://coincu.com/cftc-show-activity-against-crypto/,posts,135634,https://coincu.com/c/pr/press-release/,https://coincu.com/pr/press-release/,0,no_match_in_raw
https://coincu.com/cftc-show-activity-against-crypto/,posts,135634,https://coincu.com/c/news,https://coincu.com/news/,0,no_match_in_raw
https://coincu.com/court-allows-cftc-to-serve-ooki-dao/,posts,130314,https://coincu.com/c/casino-reviews/,https://coincu.com/casino-reviews/,0,no_match_in_raw
https://coincu.com/court-allows-cftc-to-serve-ooki-dao/,posts,130314,https://coincu.com/c/pr/press-release/,https://coincu.com/pr/press-release/,0,no_match_in_raw
https://coincu.com/court-allows-cftc-to-serve-ooki-dao/,posts,130314,https://coincu.com/c/news,https://coincu.com/news/,0,no_match_in_raw
https://coincu.com/cftc-punishes-250000-against-ooki-dao/,posts,126995,https://coincu.com/c/casino-reviews/,https://coincu.com/casino-reviews/,0,no_match_in_raw
https://coincu.com/cftc-punishes-250000-against-ooki-dao/,posts,126995,https://coincu.com/c/pr/press-release/,https://coincu.com/pr/press-release/,0,no_match_in_raw
https://coincu.com/cftc-punishes-250000-against-ooki-dao/,posts,126995,https://coincu.com/c/news,https://coincu.com/news/,0,no_match_in_raw
https://coincu.com/cftc-urges-court/,posts,159861,https://coincu.com/c/casino-reviews/,https://coincu.com/casino-reviews/,0,no_match_in_raw
https://coincu.com/cftc-urges-court/,posts,159861,https://coincu.com/c/pr/press-release/,https://coincu.com/pr/press-release/,0,no_match_in_raw
https://coincu.com/cftc-urges-court/,posts,159861,https://coincu.com/c/news,https://coincu.com/news/,0,no_match_in_raw
https://coincu.com/cftc-ooki-dao-pay-fine-permanently-closed/,posts,193818,https://coincu.com/c/casino-reviews/,https://coincu.com/casino-reviews/,0,no_match_in_raw
https://coincu.com/cftc-ooki-dao-pay-fine-permanently-closed/,posts,193818,https://coincu.com/c/pr/press-release/,https://coincu.com/pr/press-release/,0,no_match_in_raw
https://coincu.com/cftc-ooki-dao-pay-fine-permanently-closed/,posts,193818,https://coincu.com/c/defi,https://coincu.com/defi/,0,no_match_in_raw
https://coincu.com/ooki-dao-actions-against-cftc/,posts,128900,https://coincu.com/c/casino-reviews/,https://coincu.com/casino-reviews/,0,no_match_in_raw
https://coincu.com/ooki-dao-actions-against-cftc/,posts,128900,https://coincu.com/c/pr/press-release/,https://coincu.com/pr/press-release/,0,no_match_in_raw
https://coincu.com/ooki-dao-actions-against-cftc/,posts,128900,https://coincu.com/c/defi,https://coincu.com/defi/,0,no_match_in_raw
https://coincu.com/cftc-approves-cboes-revolutionary-futures/,posts,192494,https://coincu.com/c/casino-reviews/,https://coincu.com/casino-reviews/,0,no_match_in_raw
https://coincu.com/cftc-approves-cboes-revolutionary-futures/,posts,192494,https://coincu.com/c/pr/press-release/,https://coincu.com/pr/press-release/,0,no_match_in_raw
https://coincu.com/cftc-approves-cboes-revolutionary-futures/,posts,192494,https://coincu.com/c/news,https://coincu.com/news/,0,no_match_in_raw
https://coincu.com/nexus-mutual-pulling-out-of-maples-weth/,posts,149317,https://coincu.com/c/casino-reviews/,https://coincu.com/casino-reviews/,0,no_match_in_raw
https://coincu.com/nexus-mutual-pulling-out-of-maples-weth/,posts,149317,https://coincu.com/c/pr/press-release/,https://coincu.com/pr/press-release/,0,no_match_in_raw
https://coincu.com/nexus-mutual-pulling-out-of-maples-weth/,posts,149317,https://coincu.com/c/news,https://coincu.com/news/,0,no_match_in_raw
https://coincu.com/two-funds-m11-usdc-maple-finance-exhausted/,posts,149399,https://coincu.com/c/casino-reviews/,https://coincu.com/casino-reviews/,0,no_match_in_raw
https://coincu.com/two-funds-m11-usdc-maple-finance-exhausted/,posts,149399,https://coincu.com/c/pr/press-release/,https://coincu.com/pr/press-release/,0,no_match_in_raw
https://coincu.com/two-funds-m11-usdc-maple-finance-exhausted/,posts,149399,https://coincu.com/c/defi,https://coincu.com/defi/,0,no_match_in_raw
https://coincu.com/defi-lender-aave-launches-ethereum-network/,posts,162739,https://coincu.com/c/casino-reviews/,https://coincu.com/casino-reviews/,0,no_match_in_raw
https://coincu.com/defi-lender-aave-launches-ethereum-network/,posts,162739,https://coincu.com/c/pr/press-release/,https://coincu.com/pr/press-release/,0,no_match_in_raw
https://coincu.com/defi-lender-aave-launches-ethereum-network/,posts,162739,https://coincu.com/c/ethereum,https://coincu.com/ethereum/,0,no_match_in_raw
https://coincu.com/orthogonal-defaults-loans-on-maple-finance/,posts,149186,https://coincu.com/c/casino-reviews/,https://coincu.com/casino-reviews/,0,no_match_in_raw
https://coincu.com/orthogonal-defaults-loans-on-maple-finance/,posts,149186,https://coincu.com/c/pr/press-release/,https://coincu.com/pr/press-release/,0,no_match_in_raw
https://coincu.com/orthogonal-defaults-loans-on-maple-finance/,posts,149186,https://coincu.com/c/defi,https://coincu.com/defi/,0,no_match_in_raw
https://coincu.com/coinbase-shares-decline-by-9-warning/,posts,128975,https://coincu.com/c/casino-reviews/,https://coincu.com/casino-reviews/,0,no_match_in_raw
https://coincu.com/coinbase-shares-decline-by-9-warning/,posts,128975,https://coincu.com/c/pr/press-release/,https://coincu.com/pr/press-release/,0,no_match_in_raw
https://coincu.com/coinbase-shares-decline-by-9-warning/,posts,128975,https://coincu.com/c/uncategorized,https://coincu.com/uncategorized/,0,no_match_in_raw
https://coincu.com/bitget-exchange-started-in-brazil/,posts,143269,https://coincu.com/c/casino-reviews/,https://coincu.com/casino-reviews/,0,no_match_in_raw
https://coincu.com/bitget-exchange-started-in-brazil/,posts,143269,https://coincu.com/c/pr/press-release/,https://coincu.com/pr/press-release/,0,no_match_in_raw
https://coincu.com/bitget-exchange-started-in-brazil/,posts,143269,https://coincu.com/c/news,https://coincu.com/news/,0,no_match_in_raw
https://coincu.com/robinhood-wallet-integrates-0x-labs-tx/,posts,170728,https://coincu.com/c/casino-reviews/,https://coincu.com/casino-reviews/,0,no_match_in_raw
https://coincu.com/robinhood-wallet-integrates-0x-labs-tx/,posts,170728,https://coincu.com/c/pr/press-release/,https://coincu.com/pr/press-release/,0,no_match_in_raw
https://coincu.com/robinhood-wallet-integrates-0x-labs-tx/,posts,170728,https://coincu.com/c/news,https://coincu.com/news/,0,no_match_in_raw
https://coincu.com/debt-box-lawsuit-is-misjudgment-sec/,posts,239374,https://coincu.com/c/casino-reviews/,https://coincu.com/casino-reviews/,0,no_match_in_raw
https://coincu.com/debt-box-lawsuit-is-misjudgment-sec/,posts,239374,https://coincu.com/c/pr/press-release/,https://coincu.com/pr/press-release/,0,no_match_in_raw
https://coincu.com/debt-box-lawsuit-is-misjudgment-sec/,posts,239374,https://coincu.com/c/news,https://coincu.com/news/,0,no_match_in_raw
https://coincu.com/the-highly-anticipated-moneyexpo-india-2023/,posts,197952,https://coincu.com/c/casino-reviews/,https://coincu.com/casino-reviews/,0,no_match_in_raw
https://coincu.com/the-highly-anticipated-moneyexpo-india-2023/,posts,197952,https://coincu.com/c/press-release,https://coincu.com/press-release/,0,no_match_in_raw
https://coincu.com/the-highly-anticipated-moneyexpo-india-2023/,posts,197952,https://coincu.com/c/pr/press-release/,https://coincu.com/pr/press-release/,0,no_match_in_raw
https://coincu.com/oanda-buys-majority-of-coinpass-shares/,posts,212553,https://coincu.com/c/casino-reviews/,https://coincu.com/casino-reviews/,0,no_match_in_raw
https://coincu.com/oanda-buys-majority-of-coinpass-shares/,posts,212553,https://coincu.com/c/pr/press-release/,https://coincu.com/pr/press-release/,0,no_match_in_raw
https://coincu.com/oanda-buys-majority-of-coinpass-shares/,posts,212553,https://coincu.com/c/news,https://coincu.com/news/,0,no_match_in_raw
https://coincu.com/secs-implicit-approval-ether-etf-launch/,posts,240915,https://coincu.com/c/casino-reviews/,https://coincu.com/casino-reviews/,0,no_match_in_raw
https://coincu.com/secs-implicit-approval-ether-etf-launch/,posts,240915,https://coincu.com/c/pr/press-release/,https://coincu.com/pr/press-release/,0,no_match_in_raw
https://coincu.com/secs-implicit-approval-ether-etf-launch/,posts,240915,https://coincu.com/c/news,https://coincu.com/news/,0,no_match_in_raw
https://coincu.com/binance-responds-forbes-false-claims/,posts,170381,https://coincu.com/c/casino-reviews/,https://coincu.com/casino-reviews/,0,no_match_in_raw
https://coincu.com/binance-responds-forbes-false-claims/,posts,170381,https://coincu.com/c/pr/press-release/,https://coincu.com/pr/press-release/,0,no_match_in_raw
https://coincu.com/binance-responds-forbes-false-claims/,posts,170381,https://coincu.com/c/news,https://coincu.com/news/,0,no_match_in_raw
https://coincu.com/soluna-raised-about-2m-in-an-equity-sale/,posts,136585,https://coincu.com/c/casino-reviews/,https://coincu.com/casino-reviews/,0,no_match_in_raw
https://coincu.com/soluna-raised-about-2m-in-an-equity-sale/,posts,136585,https://coincu.com/c/pr/press-release/,https://coincu.com/pr/press-release/,0,no_match_in_raw
https://coincu.com/soluna-raised-about-2m-in-an-equity-sale/,posts,136585,https://coincu.com/c/news,https://coincu.com/news/,0,no_match_in_raw
https://coincu.com/coinbase-list-sei-sei-usd-trading-pair/,posts,210834,https://coincu.com/c/casino-reviews/,https://coincu.com/casino-reviews/,0,no_match_in_raw
https://coincu.com/coinbase-list-sei-sei-usd-trading-pair/,posts,210834,https://coincu.com/c/pr/press-release/,https://coincu.com/pr/press-release/,0,no_match_in_raw
https://coincu.com/coinbase-list-sei-sei-usd-trading-pair/,posts,210834,https://coincu.com/c/news,https://coincu.com/news/,0,no_match_in_raw
https://coincu.com/sei-airdrop-checker-is-now-updated/,posts,261893,https://coincu.com/c/casino-reviews/,https://coincu.com/casino-reviews/,0,no_match_in_raw
https://coincu.com/sei-airdrop-checker-is-now-updated/,posts,261893,https://coincu.com/c/pr/press-release/,https://coincu.com/pr/press-release/,0,no_match_in_raw
https://coincu.com/sei-airdrop-checker-is-now-updated/,posts,261893,https://coincu.com/c/news,https://coincu.com/news/,0,no_match_in_raw
https://coincu.com/ikigai-suffers-heavy-loss-by-ftx/,posts,142665,https://coincu.com/c/casino-reviews/,https://coincu.com/casino-reviews/,0,no_match_in_raw
https://coincu.com/ikigai-suffers-heavy-loss-by-ftx/,posts,142665,https://coincu.com/c/pr/press-release/,https://coincu.com/pr/press-release/,0,no_match_in_raw
https://coincu.com/ikigai-suffers-heavy-loss-by-ftx/,posts,142665,https://coincu.com/c/news,https://coincu.com/news/,0,no_match_in_raw
https://coincu.com/daniel-loeb-disputes-reports-save-ftx/,posts,141571,https://coincu.com/c/casino-reviews/,https://coincu.com/casino-reviews/,0,no_match_in_raw
https://coincu.com/daniel-loeb-disputes-reports-save-ftx/,posts,141571,https://coincu.com/c/pr/press-release/,https://coincu.com/pr/press-release/,0,no_match_in_raw
https://coincu.com/daniel-loeb-disputes-reports-save-ftx/,posts,141571,https://coincu.com/c/news,https://coincu.com/news/,0,no_match_in_raw
https://coincu.com/hong-kong-scmp-editorial/,posts,150904,https://coincu.com/c/casino-reviews/,https://coincu.com/casino-reviews/,0,no_match_in_raw
https://coincu.com/hong-kong-scmp-editorial/,posts,150904,https://coincu.com/c/pr/press-release/,https://coincu.com/pr/press-release/,0,no_match_in_raw
https://coincu.com/hong-kong-scmp-editorial/,posts,150904,https://coincu.com/c/news,https://coincu.com/news/,0,no_match_in_raw
https://coincu.com/ontario-teachers-fund-lost-95-m-failed-ftx/,posts,141609,https://coincu.com/c/casino-reviews/,https://coincu.com/casino-reviews/,0,no_match_in_raw
https://coincu.com/ontario-teachers-fund-lost-95-m-failed-ftx/,posts,141609,https://coincu.com/c/markets,https://coincu.com/markets/,0,no_match_in_raw
https://coincu.com/ontario-teachers-fund-lost-95-m-failed-ftx/,posts,141609,https://coincu.com/c/pr/press-release/,https://coincu.com/pr/press-release/,0,no_match_in_raw
https://coincu.com/voyager-creditors-may-be-optimistic/,posts,185390,https://coincu.com/c/casino-reviews/,https://coincu.com/casino-reviews/,0,no_match_in_raw
https://coincu.com/voyager-creditors-may-be-optimistic/,posts,185390,https://coincu.com/c/pr/press-release/,https://coincu.com/pr/press-release/,0,no_match_in_raw
https://coincu.com/voyager-creditors-may-be-optimistic/,posts,185390,https://coincu.com/c/news,https://coincu.com/news/,0,no_match_in_raw
https://coincu.com/bitcoin-layer-2-stacks/,posts,170791,https://coincu.com/c/casino-reviews/,https://coincu.com/casino-reviews/,0,no_match_in_raw
https://coincu.com/bitcoin-layer-2-stacks/,posts,170791,https://coincu.com/c/pr/press-release/,https://coincu.com/pr/press-release/,0,no_match_in_raw
https://coincu.com/bitcoin-layer-2-stacks/,posts,170791,https://coincu.com/c/knowledge,https://coincu.com/knowledge/,0,no_match_in_raw
