post_id,post_name,url,issue_types,gsc_clicks,gsc_impressions,backlinks,ref_domains,h2_count,anchor_count,promo_pattern,wire_style,claim_check_style,writing_qc_verdict,suggested_action,why,sample_1,sample_2,sample_3
298869,best-new-meme-coins-to-invest-in-for-the-short-term-btfd-coin-offers-50-off-its-presale-as-pudgy-penguins-and-spx6900-go-up,https://coincu.com/best-new-meme-coins-to-invest-in-for-the-short-term-btfd-coin-offers-50-off-its-presale-as-pudgy-penguins-and-spx6900-go-up/,visible_raw_url_in_text,0,0,0,0,5,12,yes,no,no,FAIL,delete_candidate_high,link_citation_format_fail|promotional_or_money_page_pattern|no_local_gsc_backlink_signal, 12 rates. Don’t wait— take advantage of this offer before it’s gone! Find Out More: Website: https://www.btfd.io/ X/Twitter: https://x.com/BTFD_COIN Telegram: https://t.me/btfd_coin Disclaimer: The text above is an advertorial article that is not part of Coincu.com ,,
298866,top-new-meme-coins-to-invest-in-now-btfd-coins-insane-50-presale-discount-memecoins-leap-and-baby-doges-success,https://coincu.com/top-new-meme-coins-to-invest-in-now-btfd-coins-insane-50-presale-discount-memecoins-leap-and-baby-doges-success/,visible_raw_url_in_text,0,0,0,0,5,12,yes,no,no,FAIL,delete_candidate_high,link_citation_format_fail|promotional_or_money_page_pattern|no_local_gsc_backlink_signal,sp; Trust us—this is one meme coin you’ll want in your portfolio! Find Out More: Website: https://www.btfd.io/ X/Twitter: https://x.com/BTFD_COIN Telegram: https://t.me/btfd_coin Disclaimer: The text above is an advertorial article that is not part of Coincu.com ,,
298854,qubetics-presale-0-037-top-altcoin-to-join-as-polygon-algorand-surge,https://coincu.com/qubetics-presale-0-037-top-altcoin-to-join-as-polygon-algorand-surge/,visible_raw_url_in_text,0,0,0,0,4,13,yes,no,no,FAIL,delete_candidate_high,link_citation_format_fail|promotional_or_money_page_pattern|no_local_gsc_backlink_signal,and take a step towards being part of something extraordinary. For More Information: Qubetics: https://qubetics.com Telegram: https://t.me/qubetics Twitter: https://x.com/qubetics Disclaimer: The text above is an advertorial article that is not part of Coincu.com edi,,
298849,top-new-meme-coin-presales-to-invest-in-today-btfd-coins-50-discount-shocks-market,https://coincu.com/top-new-meme-coin-presales-to-invest-in-today-btfd-coins-50-discount-shocks-market/,visible_raw_url_in_text,0,0,0,0,5,13,yes,no,no,FAIL,delete_candidate_high,link_citation_format_fail|promotional_or_money_page_pattern|no_local_gsc_backlink_signal,ket wave with BTFD. Ready to hop on? The dip is calling—answer it now! Find Out More: Website: https://www.btfd.io/ X/Twitter: https://x.com/BTFD_COIN Telegram: https://t.me/btfd_coin Disclaimer: The text above is an advertorial article that is not part of Coincu.com ,,
298832,why-investing-in-qubetics-could-be-your-second-chance-after-missing-xrps-meteoric-rise,https://coincu.com/why-investing-in-qubetics-could-be-your-second-chance-after-missing-xrps-meteoric-rise/,visible_raw_url_in_text,0,0,0,0,0,11,yes,no,no,FAIL,delete_candidate_high,link_citation_format_fail|promotional_or_money_page_pattern|no_local_gsc_backlink_signal,TICS tokens today and be part of the next big thing in crypto. For More Information: Qubetics: https://qubetics.com/ Telegram: https://t.me/qubetics &nbsp; Twitter: https://twitter.com/qubetics &nbsp; Disclaimer: The text above is an advertorial article that is not part o,,
298812,best-new-meme-coins-to-join-today-btfd-presale-drops-prices-by-50-as-bonks-token-burn-fires-up-and-shiba-inu-expands-ecosystem,https://coincu.com/best-new-meme-coins-to-join-today-btfd-presale-drops-prices-by-50-as-bonks-token-burn-fires-up-and-shiba-inu-expands-ecosystem/,visible_raw_url_in_text,0,0,0,0,4,12,yes,no,no,FAIL,delete_candidate_high,link_citation_format_fail|promotional_or_money_page_pattern|no_local_gsc_backlink_signal,"g wave. The question is, will you seize the dip or let it pass you by? Find Out More: Website: https://www.btfd.io/ X/Twitter: https://x.com/BTFD_COIN Telegram: https://t.me/btfd_coin Disclaimer: The text above is an advertorial article that is not part of Coincu.com ",,
298679,qubetics-x-swft-blockchain-best-crypto-presale-solana-and-fantom,https://coincu.com/qubetics-x-swft-blockchain-best-crypto-presale-solana-and-fantom/,visible_raw_url_in_text,0,0,0,0,4,13,yes,no,no,FAIL,delete_candidate_high,link_citation_format_fail|promotional_or_money_page_pattern|no_local_gsc_backlink_signal, moment to seize a stake in the next big crypto success story. For More Information: Qubetics: https://qubetics.com Telegram: https://t.me/qubetics Twitter: https://x.com/qubetics Disclaimer: The text above is an advertorial article that is not part of Coincu.com edi,,
298729,wish-youd-bought-bonk-at-the-start-now-grab-a-50-discount-with-this-top-trending-meme-coin-presale-before-its-too-late,https://coincu.com/wish-youd-bought-bonk-at-the-start-now-grab-a-50-discount-with-this-top-trending-meme-coin-presale-before-its-too-late/,visible_raw_url_in_text,0,0,0,0,5,13,yes,no,no,FAIL,delete_candidate_high,link_citation_format_fail|promotional_or_money_page_pattern|no_local_gsc_backlink_signal,"big win. Act now—the bulls are charging, and fortune favours the bold! Find Out More: Website: https://www.btfd.io/ X/Twitter: https://x.com/BTFD_COIN Telegram: https://t.me/btfd_coin Disclaimer: The text above is an advertorial article that is not part of Coincu.com ",,
298634,6430-potential-gains-in-web3bay-presale-updates-on-solana-chainlink,https://coincu.com/6430-potential-gains-in-web3bay-presale-updates-on-solana-chainlink/,visible_raw_url_in_text,0,0,0,0,4,11,yes,no,no,FAIL,delete_candidate_high,link_citation_format_fail|promotional_or_money_page_pattern|no_local_gsc_backlink_signal,where early involvement could lead to substantial benefits. Join Web3Bay Presale Now: Presale: https://web3bay.io/buy Website: https://web3bay.io/ Twitter: https://x.com/web3bayofficial Instagram: https://www.instagram.com/web3bayofficial/ &nbsp; Disclaimer: The ,,
298618,web3bay-presale-turn-100-into-6333-invest-in-the-future-of-e-commerce,https://coincu.com/web3bay-presale-turn-100-into-6333-invest-in-the-future-of-e-commerce/,visible_raw_url_in_text,0,0,0,0,2,10,yes,no,no,FAIL,delete_candidate_high,link_citation_format_fail|promotional_or_money_page_pattern|no_local_gsc_backlink_signal,t’s a chance to be part of a platform shaping the future of e-commerce. Join Web3Bay Presale Now: Presale: https://web3bay.io/buy Website: https://web3bay.io/ Twitter: https://x.com/web3bayofficial Instagram: https://www.instagram.com/web3bayofficial/ Disclaimer: The text abo,,
298696,missed-polygon-this-trending-presale-could-be-the-best-foot-forward-today,https://coincu.com/missed-polygon-this-trending-presale-could-be-the-best-foot-forward-today/,visible_raw_url_in_text,0,0,0,0,4,14,yes,no,no,FAIL,delete_candidate_high,link_citation_format_fail|promotional_or_money_page_pattern|no_local_gsc_backlink_signal, in on the ground floor of the next big blockchain revolution! For More Information: Qubetics: https://qubetics.com &nbsp; Telegram: https://t.me/qubetics &nbsp; Twitter: https://x.com/qubetics &nbsp; Disclaimer: The text above is an advertorial article that is not part o,,
298685,qubetics-crosses-374m-tokens-sold-as-avalanche-surges-with-upgrades-and-polkadot-eyes-bullish-breakout,https://coincu.com/qubetics-crosses-374m-tokens-sold-as-avalanche-surges-with-upgrades-and-polkadot-eyes-bullish-breakout/,visible_raw_url_in_text,0,0,0,0,0,12,yes,no,no,FAIL,delete_candidate_high,link_citation_format_fail|promotional_or_money_page_pattern|no_local_gsc_backlink_signal, Polkadot (DOT) as the Best Cryptos to Buy in December 2024 . For More Information: Qubetics: https://qubetics.com/ Telegram: https://t.me/qubetics &nbsp; Twitter: https://twitter.com/qubetics &nbsp; Disclaimer: The text above is an advertorial article that is not part o,,
298549,qubetics-presale-jumps-10-weekly-best-altcoin-presale-2025,https://coincu.com/qubetics-presale-jumps-10-weekly-best-altcoin-presale-2025/,visible_raw_url_in_text,0,0,0,0,4,13,yes,no,no,FAIL,delete_candidate_high,link_citation_format_fail|promotional_or_money_page_pattern|no_local_gsc_backlink_signal,rrowing. Don’t let this revolutionary opportunity pass you by! For More Information: Qubetics: https://qubetics.com Telegram: https://t.me/qubetics Twitter: https://x.com/qubetics Disclaimer: The text above is an advertorial article that is not part of Coincu.com edi,,
298412,bdag-leads-in-crypto-mining-as-apt-nears-30-aave-grows,https://coincu.com/bdag-leads-in-crypto-mining-as-apt-nears-30-aave-grows/,visible_raw_url_in_text,0,0,0,0,4,12,yes,no,no,FAIL,delete_candidate_high,link_citation_format_fail|promotional_or_money_page_pattern|no_local_gsc_backlink_signal,"nd for BlockDAG’s miners is soaring, leading to rapid sell-outs during its crypto presale . Presale: https://purchase.blockdag.network Website: https://blockdag.network Telegram: https://t.me/blockDAGnetworkOfficial Discord: https://discord.gg/Q7BxghMVyu &nbsp; Disclaimer: The text",,
298446,best-meme-coin-presales-to-buy-this-week-btfd-offers-festive-50-bonus-while-neiro-and-notcoin-ride-the-market-waves,https://coincu.com/best-meme-coin-presales-to-buy-this-week-btfd-offers-festive-50-bonus-while-neiro-and-notcoin-ride-the-market-waves/,visible_raw_url_in_text,0,0,0,0,4,12,yes,no,no,FAIL,delete_candidate_high,link_citation_format_fail|promotional_or_money_page_pattern|no_local_gsc_backlink_signal,"n. The clock’s ticking, and January 5, 2025, is closer than you think! Find Out More: Website: https://www.btfd.io/ X/Twitter: https://x.com/BTFD_COIN Telegram: https://t.me/btfd_coin Disclaimer: The text above is an advertorial article that is not part of Coincu.com ",,
298449,qubetics-presale-raises-7-5m-sells-372m-tokens-avalanche-and-render-token-show-growth,https://coincu.com/qubetics-presale-raises-7-5m-sells-372m-tokens-avalanche-and-render-token-show-growth/,visible_raw_url_in_text,0,0,0,0,4,12,yes,no,no,FAIL,delete_candidate_high,link_citation_format_fail|promotional_or_money_page_pattern|no_local_gsc_backlink_signal, (RNDR) as some of the best cryptos to buy in December 2024 . For More Information: Qubetics: https://qubetics.com/ Telegram: https://t.me/qubetics &nbsp; Twitter: https://twitter.com/qubetics &nbsp; Disclaimer: The text above is an advertorial article that is not part o,,
298468,monero-imx-updates-and-qubetics-presale-best-coins-for-2024,https://coincu.com/monero-imx-updates-and-qubetics-presale-best-coins-for-2024/,visible_raw_url_in_text,0,0,0,0,4,13,yes,no,no,FAIL,delete_candidate_high,link_citation_format_fail|promotional_or_money_page_pattern|no_local_gsc_backlink_signal,"ntial, Qubetics is calling—don’t let this opportunity pass by. For More Information: Qubetics: https://qubetics.com Telegram: https://t.me/qubetics Twitter: https://x.com/qubetics Disclaimer: The text above is an advertorial article that is not part of Coincu.com edi",,
298273,qubetics-presale-price-surge-approaches-the-best-coins-to-invest-in-right-now-while-toncoin-and-xrp-gain-traction,https://coincu.com/qubetics-presale-price-surge-approaches-the-best-coins-to-invest-in-right-now-while-toncoin-and-xrp-gain-traction/,visible_raw_url_in_text,0,0,0,0,4,10,yes,no,no,FAIL,delete_candidate_high,link_citation_format_fail|promotional_or_money_page_pattern|no_local_gsc_backlink_signal,-leading projects shaping the future of blockchain technology. For More Information: Qubetics: https://qubetics.com/ Telegram: https://t.me/qubetics &nbsp; Disclaimer: The text above is an advertorial article that is not part of Coincu.com editorial content. ,,
298271,best-altcoins-to-buy-for-2025-qubetics-presale-surge-solanas-lightning-speed-and-cardanos-blockchain-revolution,https://coincu.com/best-altcoins-to-buy-for-2025-qubetics-presale-surge-solanas-lightning-speed-and-cardanos-blockchain-revolution/,visible_raw_url_in_text,0,0,0,0,3,14,yes,no,no,FAIL,delete_candidate_high,link_citation_format_fail|promotional_or_money_page_pattern|no_local_gsc_backlink_signal,e charge. Don’t just sit on the sidelines—join the revolution. For More Information: Qubetics: https://qubetics.com Telegram: https://t.me/qubetics Twitter: https://x.com/qubetics Disclaimer: The text above is an advertorial article that is not part of Coincu.com edi,,
298186,best-cryptos-to-join-this-month-qubetics-presale-dominates-polkadot-showcases-scalability-and-near-protocol-gains-trust,https://coincu.com/best-cryptos-to-join-this-month-qubetics-presale-dominates-polkadot-showcases-scalability-and-near-protocol-gains-trust/,visible_raw_url_in_text,0,0,0,0,4,14,yes,no,no,FAIL,delete_candidate_high,link_citation_format_fail|promotional_or_money_page_pattern|no_local_gsc_backlink_signal,ioning yourself for success in the ever-evolving crypto world. For More Information: Qubetics: https://qubetics.com Telegram: https://t.me/qubetics Twitter: https://x.com/qubetics Disclaimer: The text above is an advertorial article that is not part of Coincu.com edi,,
298180,best-meme-coin-presales-to-buy-today-btfd-coin-raises-4-2m-notcoin-osaka-protocol-shine,https://coincu.com/best-meme-coin-presales-to-buy-today-btfd-coin-raises-4-2m-notcoin-osaka-protocol-shine/,visible_raw_url_in_text,0,0,0,0,4,12,yes,no,no,FAIL,delete_candidate_high,link_citation_format_fail|promotional_or_money_page_pattern|no_local_gsc_backlink_signal,your ticket to crypto success. Ready to dive in? Let’s make it happen! Find Out More: Website: https://www.btfd.io/ X/Twitter: https://x.com/BTFD_COIN Telegram: https://t.me/btfd_coin Disclaimer: The text above is an advertorial article that is not part of Coincu.com ,,
298123,best-meme-coins-to-join-for-2025-btfd-coin-presale-surges-as-crypto-all-stars-concludes-and-goatseus-maximus-fights-back,https://coincu.com/best-meme-coins-to-join-for-2025-btfd-coin-presale-surges-as-crypto-all-stars-concludes-and-goatseus-maximus-fights-back/,visible_raw_url_in_text,0,0,0,0,4,13,yes,no,no,FAIL,delete_candidate_high,link_citation_format_fail|promotional_or_money_page_pattern|no_local_gsc_backlink_signal, and secure your spot in one of 2025’s most promising crypto projects. Find Out More: Website: https://www.btfd.io/ X/Twitter: https://x.com/BTFD_COIN Telegram: https://t.me/btfd_coin Disclaimer: The text above is an advertorial article that is not part of Coincu.com ,,
298064,qubetics-presale-booms-cromos-gains-icp-shapes-blockchain-future,https://coincu.com/qubetics-presale-booms-cromos-gains-icp-shapes-blockchain-future/,visible_raw_url_in_text,0,0,0,0,4,13,yes,no,no,FAIL,delete_candidate_high,link_citation_format_fail|promotional_or_money_page_pattern|no_local_gsc_backlink_signal,of the future. Time waits for no one—especially not in crypto. For More Information: Qubetics: https://qubetics.com Telegram: https://t.me/qubetics Twitter: https://x.com/qubetics Disclaimer: The text above is an advertorial article that is not part of Coincu.com edi,,
298068,the-shiba-inu-ico-may-have-been-legendary-but-btfd-coins-presale-is-the-next-crypto-goldmine,https://coincu.com/the-shiba-inu-ico-may-have-been-legendary-but-btfd-coins-presale-is-the-next-crypto-goldmine/,visible_raw_url_in_text,0,0,0,0,4,12,yes,no,no,FAIL,delete_candidate_high,link_citation_format_fail|promotional_or_money_page_pattern|no_local_gsc_backlink_signal," and explosive potential, this might just be the chance of a lifetime. Find Out More: Website: https://www.btfd.io/ X/Twitter: https://x.com/BTFD_COIN Telegram: https://t.me/btfd_coin Disclaimer: The text above is an advertorial article that is not part of Coincu.com ",,
297989,fomo-alert-missed-notcoin-btfd-coins-presale-is-your-redemption,https://coincu.com/fomo-alert-missed-notcoin-btfd-coins-presale-is-your-redemption/,visible_raw_url_in_text,0,0,0,0,3,11,yes,no,no,FAIL,delete_candidate_high,link_citation_format_fail|promotional_or_money_page_pattern|no_local_gsc_backlink_signal,t make the same mistake twice—this opportunity is too good to pass up. Find Out More: Website: https://www.btfd.io/ X/Twitter: https://x.com/BTFD_COIN Telegram: https://t.me/btfd_coin Disclaimer: The text above is an advertorial article that is not part of Coincu.com ,,
297918,wish-you-invested-in-avalanche-this-layer-1-project-steals-the-limelight-as-the-best-crypto-presale-to-buy-today,https://coincu.com/wish-you-invested-in-avalanche-this-layer-1-project-steals-the-limelight-as-the-best-crypto-presale-to-buy-today/,visible_raw_url_in_text,0,0,0,0,3,13,yes,no,no,FAIL,delete_candidate_high,link_citation_format_fail|promotional_or_money_page_pattern|no_local_gsc_backlink_signal, and secure your stake in the future of blockchain innovation. For More Information: Qubetics: https://qubetics.com/ Telegram: https://t.me/qubetics &nbsp; Twitter: https://twitter.com/qubetics &nbsp; Disclaimer: The text above is an advertorial article that is not part o,,
297852,web3bay-presale-transform-your-investment-with-a-6233-roi,https://coincu.com/web3bay-presale-transform-your-investment-with-a-6233-roi/,visible_raw_url_in_text,0,0,0,0,0,10,yes,no,no,FAIL,delete_candidate_high,link_citation_format_fail|promotional_or_money_page_pattern|no_local_gsc_backlink_signal,nfolding. Start your investment journey with Web3Bay today. Join Web3Bay Presale Now: Presale: https://web3bay.io/buy Website: https://web3bay.io/ Twitter: https://x.com/web3bayofficial Instagram: https://www.instagram.com/web3bayofficial/ Disclaimer: The text abo,,
297911,didnt-invest-in-dogecoins-glory-days-dont-miss-out-on-the-best-new-meme-coin-presale-now,https://coincu.com/didnt-invest-in-dogecoins-glory-days-dont-miss-out-on-the-best-new-meme-coin-presale-now/,visible_raw_url_in_text,0,0,0,0,4,13,yes,no,no,FAIL,delete_candidate_high,link_citation_format_fail|promotional_or_money_page_pattern|no_local_gsc_backlink_signal,"s to the Best New Meme Coin Presale, the early bird catches the gains! Find Out More: Website: https://www.btfd.io/ X/Twitter: https://x.com/BTFD_COIN Telegram: https://t.me/btfd_coin Disclaimer: The text above is an advertorial article that is not part of Coincu.com ",,
297655,blockchains-next-breakthroughs-top-cryptos-for-december-2024,https://coincu.com/blockchains-next-breakthroughs-top-cryptos-for-december-2024/,visible_raw_url_in_text,0,0,0,0,0,16,yes,no,no,FAIL,delete_candidate_high,link_citation_format_fail|promotional_or_money_page_pattern|no_local_gsc_backlink_signal,re primed for explosive growth in the coming year. For More Information: Qubetics: https://qubetics.com Telegram: https://t.me/qubetics Twitter: https://x.com/qubetics DISCLAIMER :&nbsp;The text above is an advertorial article that is not part of Coincu.co,,
297643,best-altcoins-now-qubetics-presale-tron-rises-avalanche-leads,https://coincu.com/best-altcoins-now-qubetics-presale-tron-rises-avalanche-leads/,visible_raw_url_in_text,0,0,0,0,4,17,yes,no,no,FAIL,delete_candidate_high,link_citation_format_fail|promotional_or_money_page_pattern|no_local_gsc_backlink_signal, a project reshaping blockchain technology’s future. For More Information: Qubetics: https://qubetics.com Telegram: https://t.me/qubetics Twitter: https://x.com/qubetics DISCLAIMER :&nbsp;The text above is an advertorial article that is not part of Coincu.co,,
297573,maurice-herlihys-phantom-protocol-enhances-blockdags-efficiency-security,https://coincu.com/maurice-herlihys-phantom-protocol-enhances-blockdags-efficiency-security/,visible_raw_url_in_text,0,0,0,0,0,12,yes,no,no,FAIL,delete_candidate_high,link_citation_format_fail|promotional_or_money_page_pattern|no_local_gsc_backlink_signal,ive movement. Are you ready to embrace the future? BlockDAG is paving the path forward. Presale: https://purchase.blockdag.network Website: https://blockdag.network Telegram: https://t.me/blockDAGnetworkOfficial Discord: https://discord.gg/Q7BxghMVyu &nbsp; Disclaimer: The text,,
297569,lithium-pre-sale-is-still-active-and-is-about-to-end-pre-sale-price-0-2-listing-price-1-5,https://coincu.com/lithium-pre-sale-is-still-active-and-is-about-to-end-pre-sale-price-0-2-listing-price-1-5/,visible_raw_url_in_text,0,0,0,0,0,7,yes,no,no,FAIL,delete_candidate_high,link_citation_format_fail|promotional_or_money_page_pattern|no_local_gsc_backlink_signal,be at a price of $1.5. Tokens can only be purchased from the official presale page using BNB exclusively: https://lithiumecosystem.com/ All project information can be found here: https://lithiums-organization.gitbook.io/lithium-ecosystem-whitepaper You can join the community here: ,,
297525,need-a-second-chance-after-missing-cat-in-a-dogs-world-ico-btfd-coins-irresistible-presale-is-the-best-meme-coin-for-high-rois,https://coincu.com/need-a-second-chance-after-missing-cat-in-a-dogs-world-ico-btfd-coins-irresistible-presale-is-the-best-meme-coin-for-high-rois/,visible_raw_url_in_text,0,0,0,0,5,12,yes,no,no,FAIL,delete_candidate_high,link_citation_format_fail|promotional_or_money_page_pattern|no_local_gsc_backlink_signal, ready to stake your claim. This bull isn’t slowing down anytime soon. Find Out More: Website: https://www.btfd.io/ X/Twitter: https://x.com/BTFD_COIN Telegram: https://t.me/btfd_coin Disclaimer: The text above is an advertorial article that is not part of Coincu.com ,,
297453,best-new-meme-coins-to-buy-in-december-2024-neiros-evergreen-popularity-btfd-coins-presale-momentum-and-notcoins-earn-launch,https://coincu.com/best-new-meme-coins-to-buy-in-december-2024-neiros-evergreen-popularity-btfd-coins-presale-momentum-and-notcoins-earn-launch/,visible_raw_url_in_text,0,0,0,0,5,11,yes,no,no,FAIL,delete_candidate_high,link_citation_format_fail|promotional_or_money_page_pattern|no_local_gsc_backlink_signal,BTFD Coin’s hot presale now and don’t miss this shot at crypto glory. Find Out More: Website: https://www.btfd.io/ X/Twitter: https://x.com/BTFD_COIN Telegram: https://t.me/btfd_coin Disclaimer: The text above is an advertorial article that is not part of Coincu.com ,,
297411,web3bay-presale-achieve-6233-roi-in-decentralized-e-commerce,https://coincu.com/web3bay-presale-achieve-6233-roi-in-decentralized-e-commerce/,visible_raw_url_in_text,0,0,0,0,0,10,yes,no,no,FAIL,delete_candidate_high,link_citation_format_fail|promotional_or_money_page_pattern|no_local_gsc_backlink_signal,is unfolding. Step forward and make your mark with Web3Bay. Join Web3Bay Presale Now: Presale: https://web3bay.io/buy Website: https://web3bay.io/ Twitter: https://x.com/web3bayofficial Instagram: https://www.instagram.com/web3bayofficial/ &nbsp; Disclaimer: The te,,
297439,qubetics-presale-thrives-as-immutable-x-and-sei-set-records-best-cryptos-to-buy-in-december-2024,https://coincu.com/qubetics-presale-thrives-as-immutable-x-and-sei-set-records-best-cryptos-to-buy-in-december-2024/,visible_raw_url_in_text,0,0,0,0,1,12,yes,no,no,FAIL,delete_candidate_high,link_citation_format_fail|promotional_or_money_page_pattern|no_local_gsc_backlink_signal, these opportunities before the rest of the market catches up. For More Information: Qubetics: https://qubetics.com Telegram: https://t.me/qubetics Twitter: https://x.com/qubetics Disclaimer: The text above is an advertorial article that is not part of Coincu.com edi,,
297426,btfd-coin-presale-ignites-as-best-meme-coins-to-buy-this-week-amid-shib-ban-hype,https://coincu.com/btfd-coin-presale-ignites-as-best-meme-coins-to-buy-this-week-amid-shib-ban-hype/,visible_raw_url_in_text,0,0,0,0,5,14,yes,no,no,FAIL,delete_candidate_high,link_citation_format_fail|promotional_or_money_page_pattern|no_local_gsc_backlink_signal,to buy this week just got a whole lot clearer – are you ready to BTFD? Find Out More: Website: https://www.btfd.io/ X/Twitter: https://x.com/BTFD_COIN Telegram: https://t.me/btfd_coin Disclaimer: The text above is an advertorial article that is not part of Coincu.com ,,
297317,qubetics-vs-cardano-polygon-best-cryptos-to-buy-in-december-2024-for-high-roi,https://coincu.com/qubetics-vs-cardano-polygon-best-cryptos-to-buy-in-december-2024-for-high-roi/,visible_raw_url_in_text,0,0,0,0,0,12,yes,no,no,FAIL,delete_candidate_high,link_citation_format_fail|promotional_or_money_page_pattern|no_local_gsc_backlink_signal,d Polygon (POL) as the best cryptos to buy in December 2024 . For More Information: Qubetics: https://qubetics.com Telegram: https://t.me/qubetics Twitter: https://x.com/qubetics Disclaimer: The text above is an advertorial article that is not part of&nbsp; Coincu.com,,
297282,regret-skipping-bonks-meteoric-rise-dont-sleep-on-this-best-new-crypto-presale-that-could-100x-your-investment,https://coincu.com/regret-skipping-bonks-meteoric-rise-dont-sleep-on-this-best-new-crypto-presale-that-could-100x-your-investment/,visible_raw_url_in_text,0,0,0,0,3,13,yes,no,no,FAIL,delete_candidate_high,link_citation_format_fail|promotional_or_money_page_pattern|no_local_gsc_backlink_signal, breakout year! Join the Best New Crypto Presale before it’s too late! Find Out More: Website: https://www.btfd.io/ X/Twitter: https://x.com/BTFD_COIN Telegram: https://t.me/btfd_coin Disclaimer: The text above is an advertorial article that is not part of Coincu.com ,,
297277,qubetics-presale-phase-13-hits-6-8m-milestone-amid-bitcoins-record-high-and-heliums-12-target,https://coincu.com/qubetics-presale-phase-13-hits-6-8m-milestone-amid-bitcoins-record-high-and-heliums-12-target/,visible_raw_url_in_text,0,0,0,0,3,12,yes,no,no,FAIL,delete_candidate_high,link_citation_format_fail|promotional_or_money_page_pattern|no_local_gsc_backlink_signal,"ned by accessibility, innovation, and limitless opportunities. For More Information: Qubetics: https://qubetics.com &nbsp; Telegram: https://t.me/qubetics &nbsp; Twitter: https://x.com/qubetics Disclaimer: The text above is an advertorial article that is not part of Coi",,
297266,qubetics-presale-phase-13-best-crypto-to-buy-in-2024-amid-xrp-and-near,https://coincu.com/qubetics-presale-phase-13-best-crypto-to-buy-in-2024-amid-xrp-and-near/,visible_raw_url_in_text,0,0,0,0,4,13,yes,no,no,FAIL,delete_candidate_high,link_citation_format_fail|promotional_or_money_page_pattern|no_local_gsc_backlink_signal,ould be the investment that redefines your portfolio’s future. For More Information: Qubetics: https://qubetics.com Telegram: https://t.me/qubetics Twitter: https://x.com/qubetics Disclaimer: The text above is an advertorial article that is not part of Coincu.com edi,,
297259,missed-out-on-floki-inus-moonshot-dont-regret-missing-the-best-new-crypto-presale-of-2024,https://coincu.com/missed-out-on-floki-inus-moonshot-dont-regret-missing-the-best-new-crypto-presale-of-2024/,visible_raw_url_in_text,0,0,0,0,4,13,yes,no,no,FAIL,delete_candidate_high,link_citation_format_fail|promotional_or_money_page_pattern|no_local_gsc_backlink_signal, 2024 is here—don’t miss your chance to turn this dip into a moonshot! Find Out More: Website: https://www.btfd.io/ X/Twitter: https://x.com/BTFD_COIN Telegram: https://t.me/btfd_coin Disclaimer: The text above is an advertorial article that is not part of Coincu.com ,,
297146,your-2025-crypto-strategy-starts-here-why-qubetics-tics-binance-bnb-and-bitcoin-cash-bch-are-the-best-cryptos-to-invest-in-for-2025,https://coincu.com/your-2025-crypto-strategy-starts-here-why-qubetics-tics-binance-bnb-and-bitcoin-cash-bch-are-the-best-cryptos-to-invest-in-for-2025/,visible_raw_url_in_text,0,0,0,0,0,12,yes,no,no,FAIL,delete_candidate_high,link_citation_format_fail|promotional_or_money_page_pattern|no_local_gsc_backlink_signal,t the year strong and take your crypto game to the next level! For More Information: Qubetics: https://qubetics.com Telegram: https://t.me/qubetics Twitter: https://x.com/qubetics Disclaimer: The text above is an advertorial article that is not part of Coincu.com edi,,
297135,btfd-coin-presale-best-meme-coin-presales-for-significant-returns-with-pnut-and-goat,https://coincu.com/btfd-coin-presale-best-meme-coin-presales-for-significant-returns-with-pnut-and-goat/,visible_raw_url_in_text,0,0,0,0,4,12,yes,no,no,FAIL,delete_candidate_high,link_citation_format_fail|promotional_or_money_page_pattern|no_local_gsc_backlink_signal,d be your ticket to significant returns. Let’s ride the bull together! Find Out More: Website: https://www.btfd.io/ X/Twitter: https://x.com/BTFD_COIN Telegram: https://t.me/btfd_coin Disclaimer: The text above is an advertorial article that is not part of Coincu.com ,,
297124,web3bay-presale-begins-as-chainlink-updates,https://coincu.com/web3bay-presale-begins-as-chainlink-updates/,visible_raw_url_in_text,0,0,0,0,4,11,yes,no,no,FAIL,delete_candidate_high,link_citation_format_fail|promotional_or_money_page_pattern|no_local_gsc_backlink_signal,ositioning Web3Bay as a standout choice in decentralized e-commerce. Join Web3Bay Presale Now: Presale: https://web3bay.io/buy Website: https://web3bay.io/ Twitter: https://x.com/web3bayofficial Instagram: https://www.instagram.com/web3bayofficial/ Disclaimer: The text abo,,
297067,january-2025-roi-leaders-why-qubetics-tics-near-protocol-near-and-kaspa-kas-are-the-best-cryptos-to-invest-in-for-2025,https://coincu.com/january-2025-roi-leaders-why-qubetics-tics-near-protocol-near-and-kaspa-kas-are-the-best-cryptos-to-invest-in-for-2025/,visible_raw_url_in_text,0,0,0,0,0,12,yes,no,no,FAIL,delete_candidate_high,link_citation_format_fail|promotional_or_money_page_pattern|no_local_gsc_backlink_signal,r 2025 . Start the year strong and watch your portfolio soar! For More Information: Qubetics: https://qubetics.com Telegram: https://t.me/qubetics Twitter: https://x.com/qubetics Disclaimer: The text above is an advertorial article that is not part of Coincu.com edi,,
297060,best-meme-coin-presales-to-buy-this-month-btfd-coin-dogecoin-and-brett,https://coincu.com/best-meme-coin-presales-to-buy-this-month-btfd-coin-dogecoin-and-brett/,visible_raw_url_in_text,0,0,0,0,4,12,yes,no,no,FAIL,delete_candidate_high,link_citation_format_fail|promotional_or_money_page_pattern|no_local_gsc_backlink_signal,or significant returns as the market gears up for the next bull cycle. Find Out More: Website: https://www.btfd.io/ X/Twitter: https://x.com/BTFD_COIN Telegram: https://t.me/btfd_coin Disclaimer: The text above is an advertorial article that is not part of Coincu.com ,,
297029,btfd-coin-goatseus-maximus-and-snek-labelled-best-new-meme-coin-presales-to-join-for-2025,https://coincu.com/btfd-coin-goatseus-maximus-and-snek-labelled-best-new-meme-coin-presales-to-join-for-2025/,visible_raw_url_in_text,0,0,0,0,5,11,yes,no,no,FAIL,delete_candidate_high,link_citation_format_fail|promotional_or_money_page_pattern|no_local_gsc_backlink_signal,sold— don’t miss the presale action as the momentum builds into 2025. Find Out More: Website: https://www.btfd.io/ X/Twitter: https://x.com/BTFD_COIN Telegram: https://t.me/btfd_coin Disclaimer: The text above is an advertorial article that is not part of Coincu.com ,,
297011,missed-shiba-inus-rally-learn-from-the-past-and-invest-in-future-with-the-best-crypto-presale-to-join-in-2025,https://coincu.com/missed-shiba-inus-rally-learn-from-the-past-and-invest-in-future-with-the-best-crypto-presale-to-join-in-2025/,visible_raw_url_in_text,0,0,0,0,4,12,yes,no,no,FAIL,delete_candidate_high,link_citation_format_fail|promotional_or_money_page_pattern|no_local_gsc_backlink_signal,"al financial freedom. Time’s ticking, and this opportunity won’t wait. Find Out More: Website: https://www.btfd.io/ X/Twitter: https://x.com/BTFD_COIN Telegram: https://t.me/btfd_coin Disclaimer: The text above is an advertorial article that is not part of Coincu.com ",,
297005,if-bonks-ico-is-too-late-to-join-make-up-for-the-missed-ico-with-btfd-coins-irresistible-presale,https://coincu.com/if-bonks-ico-is-too-late-to-join-make-up-for-the-missed-ico-with-btfd-coins-irresistible-presale/,visible_raw_url_in_text,0,0,0,0,5,11,yes,no,no,FAIL,delete_candidate_high,link_citation_format_fail|promotional_or_money_page_pattern|no_local_gsc_backlink_signal,"adians know, it’s that a second shot at greatness is worth every loon. Find Out More: Website: https://www.btfd.io/ X/Twitter: https://x.com/BTFD_COIN Telegram: https://t.me/btfd_coin Disclaimer: The text above is an advertorial article that is not part of Coincu.com ",,
296614,gate-web3-tonvibe2024-ecosystem-season-report-over-1-61-million-new-users-450000-new-addresses-and-600000-new-devices-added,https://coincu.com/gate-web3-tonvibe2024-ecosystem-season-report-over-1-61-million-new-users-450000-new-addresses-and-600000-new-devices-added/,visible_raw_url_in_text,0,0,0,0,0,4,yes,no,no,FAIL,delete_candidate_high,link_citation_format_fail|promotional_or_money_page_pattern|no_local_gsc_backlink_signal,"let addresses for the year, a 30x increase compared to the 1,755,902 addresses added last year. For more details: https://t.me/gateio_wallet_bot/task Media Contact: Elaine Wang at elaine.w@gate.io The content herein does not constitute any offer, solicitation, or recommendation. You should always seek independen",,
296110,blockdag-presale-soars-to-159m-xrp-stumbles-vechain-surges,https://coincu.com/blockdag-presale-soars-to-159m-xrp-stumbles-vechain-surges/,visible_raw_url_in_text,0,0,0,0,4,13,yes,no,no,FAIL,delete_candidate_high,link_citation_format_fail|promotional_or_money_page_pattern|no_local_gsc_backlink_signal,making now a potentially advantageous time for strategic entry into this burgeoning project. Presale: https://purchase.blockdag.network Website: https://blockdag.network Telegram: https://t.me/blockDAGnetworkOfficial Discord: https://discord.gg/Q7BxghMVyu Disclaimer: The text above,,
296104,memereums-forecast-vs-blockdags-159m-presale-success,https://coincu.com/memereums-forecast-vs-blockdags-159m-presale-success/,visible_raw_url_in_text,0,0,0,0,4,12,yes,no,no,FAIL,delete_candidate_high,link_citation_format_fail|promotional_or_money_page_pattern|no_local_gsc_backlink_signal,ealing option for those seeking sustained growth and substantive technological developments. Presale: https://purchase.blockdag.network Website: https://blockdag.network Telegram: https://t.me/blockDAGnetworkOfficial Discord: https://discord.gg/Q7BxghMVyu &nbsp; Disclaimer: The text,,
295854,avalanches-growth-blockdags-impressive-presale-analyzed,https://coincu.com/avalanches-growth-blockdags-impressive-presale-analyzed/,visible_raw_url_in_text,0,0,0,0,4,11,yes,no,no,FAIL,delete_candidate_high,link_citation_format_fail|promotional_or_money_page_pattern|no_local_gsc_backlink_signal,"ce increase, presenting an ideal moment for proactive engagement in this burgeoning project. Presale: https://purchase.blockdag.network Website: https://blockdag.network Telegram: https://t.me/blockDAGnetworkOfficial Discord: https://discord.gg/Q7BxghMVyu Disclaimer: The text above",,
295848,blockdag-vs-pepe-unchained-whose-presale-will-yield-massive-returns,https://coincu.com/blockdag-vs-pepe-unchained-whose-presale-will-yield-massive-returns/,visible_raw_url_in_text,0,0,0,0,5,11,yes,no,no,FAIL,delete_candidate_high,link_citation_format_fail|promotional_or_money_page_pattern|no_local_gsc_backlink_signal,"a place in the future of blockchain, BlockDAG stands out as one of the top presale crypto . Presale: https://purchase.blockdag.network Website: https://blockdag.network Telegram: https://t.me/blockDAGnetworkOfficial Discord: https://discord.gg/Q7BxghMVyu Disclaimer: The text above",,
295358,btrust-developer-day-2024-inspires-innovation,https://coincu.com/btrust-developer-day-2024-inspires-innovation/,visible_raw_url_in_text,0,0,0,0,0,2,yes,no,no,FAIL,delete_candidate_high,link_citation_format_fail|promotional_or_money_page_pattern|no_local_gsc_backlink_signal,"etwork, ready to lead Africa’s Bitcoin revolution. For more detailed information, please visit the event website: https://www.btrust.tech/ DISCLAIMER :&nbsp;The information on this website is provided as general market commentary and does not constitute investment advice. We encourage you. to do your own ",,
295282,blockdag-vs-dogizen-presale-the-ultimate-showdown,https://coincu.com/blockdag-vs-dogizen-presale-the-ultimate-showdown/,visible_raw_url_in_text,0,0,0,0,4,11,yes,no,no,FAIL,delete_candidate_high,link_citation_format_fail|promotional_or_money_page_pattern|no_local_gsc_backlink_signal,king it a more reliable option for those looking to combine gaming with real-world benefits. Presale: https://purchase.blockdag.network Website: https://blockdag.network Telegram: https://t.me/blockDAGnetworkOfficial Discord: https://discord.gg/Q7BxghMVyu DISCLAIMER: The text above,,
294647,xrp-expands-bnb-eyes-680-target-blockdags-152-5m-presale,https://coincu.com/xrp-expands-bnb-eyes-680-target-blockdags-152-5m-presale/,visible_raw_url_in_text,0,0,0,0,4,11,yes,no,no,FAIL,delete_candidate_high,link_citation_format_fail|promotional_or_money_page_pattern|no_local_gsc_backlink_signal," its value could soar to $30 by 2030, driven by its expanding utility and community support. Presale: https://purchase.blockdag.network Website: https://blockdag.network Telegram: https://t.me/blockDAGnetworkOfficial Discord: https://discord.gg/Q7BxghMVyu Disclaimer: The text above",,
294384,bdag-the-next-btc-early-presale-buying-guide,https://coincu.com/bdag-the-next-btc-early-presale-buying-guide/,visible_raw_url_in_text,0,0,0,0,3,10,yes,no,no,FAIL,delete_candidate_high,link_citation_format_fail|promotional_or_money_page_pattern|no_local_gsc_backlink_signal,oin represents an excellent chance to become part of a project poised for impressive growth. Presale: https://purchase.blockdag.network Website: https://blockdag.network Telegram: https://t.me/blockDAGnetworkOfficial Discord: https://discord.gg/Q7BxghMVyu Disclaimer: The text above,,
294031,cardano-climbs-220-whats-next-solana-bulls-want-to-end-the-year-above-350-rexas-finance-rxs-hits-16-25-million-mark-as-7th-presale-stage-sells-out,https://coincu.com/cardano-climbs-220-whats-next-solana-bulls-want-to-end-the-year-above-350-rexas-finance-rxs-hits-16-25-million-mark-as-7th-presale-stage-sells-out/,visible_raw_url_in_text,0,0,0,0,4,9,yes,no,no,FAIL,delete_candidate_high,link_citation_format_fail|promotional_or_money_page_pattern|no_local_gsc_backlink_signal,re it rises even higher. For more information about Rexas Finance (RXS) visit the links below: Website: https://rexas.com Win $1 Million Giveaway: https://bit.ly/Rexas1M Whitepaper: https://rexas.com/rexas-whitepaper.pdf Twitter/X: https://x.com/rexasfinance ,,
293916,best-meme-coin-presales-in-november-2024-what-you-need-to-know-about-btfd-coin-neiro-and-floki-inu,https://coincu.com/best-meme-coin-presales-in-november-2024-what-you-need-to-know-about-btfd-coin-neiro-and-floki-inu/,visible_raw_url_in_text,0,0,0,0,5,11,yes,no,no,FAIL,delete_candidate_high,link_citation_format_fail|promotional_or_money_page_pattern|no_local_gsc_backlink_signal,f the year. The next bull run is coming. Will you be ready to ride it? Find Out More: Website: https://www.btfd.io/ X/Twitter: https://x.com/BTFD_COIN Telegram: https://t.me/btfd_coin Disclaimer: The text above is an advertorial article that is not part of Coincu.com ,,
293910,didnt-ride-with-popcat-this-best-new-meme-coin-presale-gets-off-the-mark-with-15000-return-potential,https://coincu.com/didnt-ride-with-popcat-this-best-new-meme-coin-presale-gets-off-the-mark-with-15000-return-potential/,visible_raw_url_in_text,0,0,0,0,5,13,yes,no,no,FAIL,delete_candidate_high,link_citation_format_fail|promotional_or_money_page_pattern|no_local_gsc_backlink_signal,e Bulls Squad and make the most of this wealth-generation opportunity. Find Out More: Website: https://www.btfd.io/ X/Twitter: https://x.com/BTFD_COIN Telegram: https://t.me/btfd_coin Disclaimer: The text above is an advertorial article that is not part of Coincu.com ,,
293903,best-meme-coin-presales-to-invest-in-now-why-btfd-coin-presale-bonk-and-book-of-meme-are-the-coins-everyones-watching,https://coincu.com/best-meme-coin-presales-to-invest-in-now-why-btfd-coin-presale-bonk-and-book-of-meme-are-the-coins-everyones-watching/,visible_raw_url_in_text,0,0,0,0,5,12,yes,no,no,FAIL,delete_candidate_high,link_citation_format_fail|promotional_or_money_page_pattern|no_local_gsc_backlink_signal,BTFD Coin presale today and secure your seat at the front of the ride! Find Out More: Website: https://www.btfd.io/ X/Twitter: https://x.com/BTFD_COIN Telegram: https://t.me/btfd_coin Disclaimer: The text above is an advertorial article that is not part of Coincu.com ,,
293890,viral-meme-coins-in-november-2024-btfd-coin-presale-gets-off-to-a-flier-as-shiba-inu-and-dogs-whelm-bearish-trends,https://coincu.com/viral-meme-coins-in-november-2024-btfd-coin-presale-gets-off-to-a-flier-as-shiba-inu-and-dogs-whelm-bearish-trends/,visible_raw_url_in_text,0,0,0,0,5,11,yes,no,no,FAIL,delete_candidate_high,link_citation_format_fail|promotional_or_money_page_pattern|no_local_gsc_backlink_signal, like this don’t come around often—seize the dip before it’s too late! Find Out More: Website: https://www.btfd.io/ X/Twitter: https://x.com/BTFD_COIN Telegram: https://t.me/btfd_coin Disclaimer: The text above is an advertorial article that is not part of Coincu.com ,,
293458,btc-reaches-99k-avax-surpasses-30-bdag-presale-excels,https://coincu.com/btc-reaches-99k-avax-surpasses-30-bdag-presale-excels/,visible_raw_url_in_text,0,0,0,0,4,13,yes,no,no,FAIL,delete_candidate_high,link_citation_format_fail|promotional_or_money_page_pattern|no_local_gsc_backlink_signal,how it will utilize its advanced technology to foster further growth and market penetration. Presale: https://purchase.blockdag.network Website: https://blockdag.network Telegram: https://t.me/blockDAGnetworkOfficial Discord: https://discord.gg/Q7BxghMVyu Disclaimer: The text above,,
292887,memoria-the-decentralized-platform-uniting-gaming-and-memes-announces-project-launch,https://coincu.com/memoria-the-decentralized-platform-uniting-gaming-and-memes-announces-project-launch/,visible_raw_url_in_text,0,0,0,0,0,8,yes,no,no,FAIL,delete_candidate_high,link_citation_format_fail|promotional_or_money_page_pattern|no_local_gsc_backlink_signal," Media Contact&nbsp; Company Name: Memoria Labs&nbsp; Contact Person: Edd, CEO&nbsp; Company Website: https://playmemoria.com/ &nbsp; Company Email: team@playmemoria.com &nbsp; Social Contact &nbsp; X: https://x.com/play_memoria &nbsp; Discord: https://discord.gg/playmemoria &nbsp;",,
290440,gate-io-shatters-records-in-total-trading-volume-in-q3-2024-with-its-user-base-surpassing-17-million,https://coincu.com/gate-io-shatters-records-in-total-trading-volume-in-q3-2024-with-its-user-base-surpassing-17-million/,visible_raw_url_in_text,0,0,0,0,0,6,yes,no,no,FAIL,delete_candidate_high,link_citation_format_fail|promotional_or_money_page_pattern|no_local_gsc_backlink_signal,"f all or a portion of the Services from Restricted Locations. For more information, please read the User Agreement via https://www.gate.io/zh/user-agreement . Disclaimer: The text above is an advertorial article that is not part of Coincu.com editorial content. ",,
290387,propichains-token-presale-turns-heads-as-the-first-defi-platform-to-merge-nfts-with-ai,https://coincu.com/propichains-token-presale-turns-heads-as-the-first-defi-platform-to-merge-nfts-with-ai/,visible_raw_url_in_text,0,0,0,0,2,6,yes,no,no,FAIL,delete_candidate_high,link_citation_format_fail|promotional_or_money_page_pattern|no_local_gsc_backlink_signal, now by participating in the token presale. For more information about the PropiChain Presale: Website: https://PropiChain.io/ Join Community: https://linktr.ee/PropiChain Disclaimer: The text above is an advertorial article that is not part of Coincu.com editorial content. ,,
290322,november-blockdags-big-presale-100-bonus-bdag100,https://coincu.com/november-blockdags-big-presale-100-bonus-bdag100/,visible_raw_url_in_text,0,0,0,0,6,10,yes,no,no,FAIL,delete_candidate_high,link_citation_format_fail|promotional_or_money_page_pattern|no_local_gsc_backlink_signal, part in what might become the leading force in blockchain technology. Join BlockDAG Presale Now: Website: https://blockdag.network Presale: https://purchase.blockdag.network Telegram: https://t.me/blockDAGnetworkOfficial Discord: https://discord.gg/Q7BxghMVyu Disclaimer: The t,,
290283,doge2014-raises-over-600k-to-celebrate-dogecoin-in-popular-presale-before-big-supply-burn,https://coincu.com/doge2014-raises-over-600k-to-celebrate-dogecoin-in-popular-presale-before-big-supply-burn/,visible_raw_url_in_text,0,0,0,0,0,7,yes,no,no,FAIL,delete_candidate_high,link_citation_format_fail|promotional_or_money_page_pattern|no_local_gsc_backlink_signal," Company Name: Doge2014&nbsp; Contact Person:! Lawrence Oakland, Marketing Director&nbsp; Company website: https://doge2014.io &nbsp; Company Email: info@doge2014.io &nbsp; Social Contact &nbsp; X: https://twitter.com/Doge2014token &nbsp; Telegram: https://t.me/officialdoge2014toke",,
290007,from-polkadot-to-blockdag-how-one-investor-found-the-best-crypto-presale-opportunity,https://coincu.com/from-polkadot-to-blockdag-how-one-investor-found-the-best-crypto-presale-opportunity/,visible_raw_url_in_text,0,0,0,0,4,10,yes,no,no,FAIL,delete_candidate_high,link_citation_format_fail|promotional_or_money_page_pattern|no_local_gsc_backlink_signal,kadot; it’s the evolution of what blockchain can truly be. Join BlockDAG Presale Now: Website: https://blockdag.network Presale: https://purchase.blockdag.network Telegram: https://t.me/blockDAGnetworkOfficial Discord: https://discord.gg/Q7BxghMVyu Disclaimer: The t,,
289824,unpack-blockdags-testnet-success-105-5m-presale-2100-roi,https://coincu.com/unpack-blockdags-testnet-success-105-5m-presale-2100-roi/,visible_raw_url_in_text,0,0,0,0,4,11,yes,no,no,FAIL,delete_candidate_high,link_citation_format_fail|promotional_or_money_page_pattern|no_local_gsc_backlink_signal,0x ROI—if one is quick enough to catch it. Learn About BlockDAG – Act Now Before Prices Increase: Website: https://blockdag.network Presale: https://purchase.blockdag.network Telegram: https://t.me/blockDAGnetworkOfficial Discord: https://discord.gg/Q7BxghMVyu Disclaimer: The t,,
289600,breaking-news-how-to-increase-ion-cloud-mining-as-passive-income,https://coincu.com/breaking-news-how-to-increase-ion-cloud-mining-as-passive-income/,visible_raw_url_in_text,0,0,0,0,1,9,yes,no,no,FAIL,delete_candidate_high,link_citation_format_fail|promotional_or_money_page_pattern|no_local_gsc_backlink_signal,ging market.Company name: ion Mining Investment Group Company email: info@ionmining.com Company website: https://ionmining.com/ Disclaimer: The text above is an advertorial article that is not part of Coincu.com editorial content. ,,
289435,bdag-presale-crosses-105m-updates-on-trumps-crypto-eth-rally,https://coincu.com/bdag-presale-crosses-105m-updates-on-trumps-crypto-eth-rally/,visible_raw_url_in_text,0,0,0,0,4,11,yes,no,no,FAIL,delete_candidate_high,link_citation_format_fail|promotional_or_money_page_pattern|no_local_gsc_backlink_signal,me might want to keep BlockDAG on their radar before the race ends. Discover More About BlockDAG: Website: https://blockdag.network Presale: https://purchase.blockdag.network Telegram: https://t.me/blockDAGnetworkOfficial Discord: https://discord.gg/Q7BxghMVyu Disclaimer: The t,,
287302,bdag-presale-approaches-100m-as-kaspa-declines-insights-on-icp-price-trends,https://coincu.com/bdag-presale-approaches-100m-as-kaspa-declines-insights-on-icp-price-trends/,visible_raw_url_in_text,0,0,0,0,4,11,yes,no,no,FAIL,delete_candidate_high,link_citation_format_fail|promotional_or_money_page_pattern|no_local_gsc_backlink_signal,"orecasting a 20,000x ROI for early holders. Join BlockDAG &#8211; Act Now Before Prices Increase: Presale: https://purchase.blockdag.network Website: https://blockdag.network Telegram: https://t.me/blockDAGnetwork Discord: https://discord.gg/Q7BxghMVyu Disclaimer: The text above is an a",,
287199,ion-mining-revolutionizes-cloud-mining,https://coincu.com/ion-mining-revolutionizes-cloud-mining/,visible_raw_url_in_text,0,0,0,0,3,16,yes,no,no,FAIL,delete_candidate_high,link_citation_format_fail|promotional_or_money_page_pattern|no_local_gsc_backlink_signal,"ud mining services, visit their official website today. Company Name: ion Mining Group Company Website: https://www.ionmining.com/ Company Email: info@ionmining.com Country and City: Scotland, UK Facebook: https://www.facebook.com/IonMining99 DISCLAIMER :&nbsp;The text ",,
286400,blockdag-presale-raised-10m-in-72-hours-updates-on-bnb-solana,https://coincu.com/blockdag-presale-raised-10m-in-72-hours-updates-on-bnb-solana/,visible_raw_url_in_text,0,0,0,0,4,10,yes,no,no,FAIL,delete_candidate_high,link_citation_format_fail|promotional_or_money_page_pattern|no_local_gsc_backlink_signal,"h-potential crypto projects, BlockDAG merits serious consideration. Discover More About BlockDAG: Website: https://blockdag.network Presale: https://purchase.blockdag.network Telegram: https://t.me/blockDAGnetworkOfficial Discord: https://discord.gg/Q7BxghMVyu Disclaimer: The t",,
286396,rexas-finance-rxs-new-platform-revolutionizing-real-estate-investments-through-tokenization-sells-out-third-presale-stage,https://coincu.com/rexas-finance-rxs-new-platform-revolutionizing-real-estate-investments-through-tokenization-sells-out-third-presale-stage/,visible_raw_url_in_text,0,0,0,0,5,7,yes,no,no,FAIL,delete_candidate_high,link_citation_format_fail|promotional_or_money_page_pattern|no_local_gsc_backlink_signal,ors and newcomers alike. For more information about Rexas Finance (RXS) visit the links below: Website: https://rexas.com Win $1 Million Giveaway: https://bit.ly/Rexas1M Whitepaper: https://rexas.com/rexas-whitepaper.pdf Twitter/X: https://x.com/rexasfinance ,,
286328,disappointing-airdrop-sends-hamster-kombat-hmstr-price-tumbling-while-ripple-xrp-and-rexas-finance-rxs-climb-higher,https://coincu.com/disappointing-airdrop-sends-hamster-kombat-hmstr-price-tumbling-while-ripple-xrp-and-rexas-finance-rxs-climb-higher/,visible_raw_url_in_text,0,0,0,0,3,7,yes,no,no,FAIL,delete_candidate_high,link_citation_format_fail|promotional_or_money_page_pattern|no_local_gsc_backlink_signal, nears its listing date. For more information about Rexas Finance (RXS) visit the links below: Website: https://rexas.com Win $1 Million Giveaway: https://bit.ly/Rexas1M Whitepaper: https://rexas.com/rexas-whitepaper.pdf Twitter/X: https://x.com/rexasfinance ,,
286230,miners-club-hits-key-milestone-500000-users-and-millions-of-mbc-tokens-distributed-in-record-time,https://coincu.com/miners-club-hits-key-milestone-500000-users-and-millions-of-mbc-tokens-distributed-in-record-time/,visible_raw_url_in_text,0,0,0,0,0,4,yes,no,no,FAIL,delete_candidate_high,link_citation_format_fail|promotional_or_money_page_pattern|no_local_gsc_backlink_signal,"r the future, Miners.Club is positioning itself as a noteworthy player in the crypto mining and reward space. X: https://twitter.com/MinersClub77 TG Community: https://t.me/MinersClubMineYourBTC TG Mini-bot: https://t.me/miners_club_bot Disclaimer: The text above is an advertorial article that",,
285863,blockdag-presale-hits-4m-in-a-day-is-it-next-solana-or-sui,https://coincu.com/blockdag-presale-hits-4m-in-a-day-is-it-next-solana-or-sui/,visible_raw_url_in_text,0,0,0,0,4,10,yes,no,no,FAIL,delete_candidate_high,link_citation_format_fail|promotional_or_money_page_pattern|no_local_gsc_backlink_signal,o act swiftly before the next price surge. Learn About BlockDAG – Act Now Before Prices Increase: Website: https://blockdag.network Presale: https://purchase.blockdag.network Telegram: https://t.me/blockDAGnetworkOfficial Discord: https://discord.gg/Q7BxghMVyu Disclaimer: The t,,
284866,blockdags-limited-50-bonus-avax-price-insights,https://coincu.com/blockdags-limited-50-bonus-avax-price-insights/,visible_raw_url_in_text,0,0,0,0,0,10,yes,no,no,FAIL,delete_candidate_high,link_citation_format_fail|promotional_or_money_page_pattern|no_local_gsc_backlink_signal, as a crypto coin to watch for those eager to be part of its growth story. Join BlockDAG Network: Website: https://blockdag.network Presale: https://purchase.blockdag.network Telegram: https://t.me/blockDAGnetworkOfficial Discord: https://discord.gg/Q7BxghMVyu ,,
284861,top-trending-in-crypto-today-hamster-kombats-hmstr-interlude-season-rexas-finances-rxs-presale-surge,https://coincu.com/top-trending-in-crypto-today-hamster-kombats-hmstr-interlude-season-rexas-finances-rxs-presale-surge/,visible_raw_url_in_text,0,0,0,0,3,9,yes,no,no,FAIL,delete_candidate_high,link_citation_format_fail|promotional_or_money_page_pattern|no_local_gsc_backlink_signal,", for the right reasons. For more information about Rexas Finance (RXS) visit the links below: Website: https://rexas.com Win $1 Million Giveaway: https://bit.ly/Rexas1M Whitepaper: https://rexas.com/rexas-whitepaper.pdf Twitter/X: https://x.com/rexasfinance ",,
283999,blockdag-testnet-ignites-excitement-gets-30000x,https://coincu.com/blockdag-testnet-ignites-excitement-gets-30000x/,visible_raw_url_in_text,0,0,0,0,0,9,yes,no,no,FAIL,delete_candidate_high,link_citation_format_fail|promotional_or_money_page_pattern|no_local_gsc_backlink_signal,"s to realize that incredible 30,000x ROI everyone is talking about. Discover More About BlockDAG: Website: https://blockdag.network Presale: https://purchase.blockdag.network Telegram: https://t.me/blockDAGnetworkOfficial Discord: https://discord.gg/Q7BxghMVyu ",,
283949,xrp-holders-hopeful-for-1-amid-ongoing-developments-ethereum-investor-sentiment-improves-rexas-finance-rxs-blows-up-in-presale,https://coincu.com/xrp-holders-hopeful-for-1-amid-ongoing-developments-ethereum-investor-sentiment-improves-rexas-finance-rxs-blows-up-in-presale/,visible_raw_url_in_text,0,0,0,0,6,8,yes,no,no,FAIL,delete_candidate_high,link_citation_format_fail|promotional_or_money_page_pattern|no_local_gsc_backlink_signal,edefines your portfolio. For more information about Rexas Finance (RXS) visit the links below: Website: https://rexas.com Whitepaper: https://rexas.com/rexas-whitepaper.pdf Twitter/X: https://x.com/rexasfinance Telegram: https://t.me/rexasfinance Di,,
283407,blockdag-300m-mining-rewards-chainlink-gains-ethervista-falls-29,https://coincu.com/blockdag-300m-mining-rewards-chainlink-gains-ethervista-falls-29/,visible_raw_url_in_text,0,0,0,0,4,10,yes,no,no,FAIL,delete_candidate_high,link_citation_format_fail|promotional_or_money_page_pattern|no_local_gsc_backlink_signal,"30,000x ROI for those who buy early over the long haul. Discover More About BlockDAG: Website: https://blockdag.network Presale: https://purchase.blockdag.network Telegram: https://t.me/blockDAGnetworkOfficial Discord: https://discord.gg/Q7BxghMVyu ",,
282550,rexas-finance-rxs-zooms-past-shiba-inu-shib-and-dogs-as-most-googled-cryptocurrency-after-presale-stage-1-sells-out-in-under-4-days,https://coincu.com/rexas-finance-rxs-zooms-past-shiba-inu-shib-and-dogs-as-most-googled-cryptocurrency-after-presale-stage-1-sells-out-in-under-4-days/,visible_raw_url_in_text,0,0,0,0,4,6,yes,no,no,FAIL,delete_candidate_high,link_citation_format_fail|promotional_or_money_page_pattern|no_local_gsc_backlink_signal,tage returns on sight. For more information about Rexas Finance (RXS) visit the links below: Website: https://rexas.com Whitepaper: https://rexas.com/rexas-whitepaper.pdf Twitter/X: https://x.com/rexasfinance Telegram: https://t.me/rexasfinance ,,
282437,whales-turn-to-blockdag-eyeing-1680-presale-gains-amid-ethereum-and-cardano-price-rebound,https://coincu.com/whales-turn-to-blockdag-eyeing-1680-presale-gains-amid-ethereum-and-cardano-price-rebound/,visible_raw_url_in_text,0,0,0,0,4,7,yes,no,no,FAIL,delete_candidate_high,link_citation_format_fail|promotional_or_money_page_pattern|no_local_gsc_backlink_signal,es peeled—September 20th could be the start of something big. Join BlockDAG Presale Now: Website: https://blockdag.network Presale: https://purchase.blockdag.network Telegram: https://t.me/blockDAGnetworkOfficial Discord: https://discord.gg/Q7BxghMVyu Disclaimer : The text above is a,,
282500,crypto-passive-income-bdags-presale-x1-miner,https://coincu.com/crypto-passive-income-bdags-presale-x1-miner/,visible_raw_url_in_text,0,0,0,0,5,10,yes,no,no,FAIL,delete_candidate_high,link_citation_format_fail|promotional_or_money_page_pattern|no_local_gsc_backlink_signal,in technology to create diverse income-generating opportunities.&nbsp; Join BlockDAG Presale Now: Website: https://blockdag.network Presale: https://purchase.blockdag.network Telegram: https://t.me/blockDAGnetworkOfficial Discord: https://discord.gg/Q7BxghMVyu &nbsp; Disclaimer ,,
282438,bdags-team-video-boosts-its-presale-notcoin-helium-price-prediction,https://coincu.com/bdags-team-video-boosts-its-presale-notcoin-helium-price-prediction/,visible_raw_url_in_text,0,0,0,0,4,10,yes,no,no,FAIL,delete_candidate_high,link_citation_format_fail|promotional_or_money_page_pattern|no_local_gsc_backlink_signal,tial returns. Keep your eyes open—this is just the beginning. Join BlockDAG Presale Now: Website: https://blockdag.network Presale: https://purchase.blockdag.network Telegram: https://t.me/blockDAGnetworkOfficial Discord: https://discord.gg/Q7BxghMVyu Disclaimer : The text above is a,,
281806,blockdags-inter-milan-deal-stirs-global-excitement-pushing-presale-to-70-5m-ftm-investors-struggle-while-ton-price-recovers,https://coincu.com/blockdags-inter-milan-deal-stirs-global-excitement-pushing-presale-to-70-5m-ftm-investors-struggle-while-ton-price-recovers/,visible_raw_url_in_text,0,0,0,0,4,11,yes,no,no,FAIL,delete_candidate_high,link_citation_format_fail|promotional_or_money_page_pattern|no_local_gsc_backlink_signal,ing for the next big opportunity should closely monitor BlockDAG. Act Now Before Prices Increase: Presale: https://purchase.blockdag.network Website: https://blockdag.network Telegram: https://t.me/blockDAGnetwork Discord: https://discord.gg/Q7BxghMVyu Disclaimer : The text above is an ,,
280649,blockdags-68m-presale-heats-up-layer-1-market-whats-next-for-ripple-solana,https://coincu.com/blockdags-68m-presale-heats-up-layer-1-market-whats-next-for-ripple-solana/,visible_raw_url_in_text,0,0,0,0,4,10,yes,no,no,FAIL,delete_candidate_high,link_citation_format_fail|promotional_or_money_page_pattern|no_local_gsc_backlink_signal,g now an opportune time for investors to keep a close watch. Join BlockDAG Network: Website: https://blockdag.network Presale: https://purchase.blockdag.network Telegram: https://t.me/blockDAGnetworkOfficial Discord: https://discord.gg/Q7BxghMVyu Dis,,
280428,besten-zahlungsmethoden-im-online-casino,https://coincu.com/besten-zahlungsmethoden-im-online-casino/,visible_raw_url_in_text,0,0,0,0,8,11,yes,no,no,FAIL,delete_candidate_high,link_citation_format_fail|promotional_or_money_page_pattern|no_local_gsc_backlink_signal," einschließlich ihrer Vor- und Nachteile und wie man sie für Einzahlungen und Abhebungen verwendet, besuchen Sie bitte https://www.onlinecasinogroups.com/de/casino-payment-methods/ . Kryptowährungen und mobile Zahlungen Transaktionen mit Kryptowährungen sind ebenfalls relativ schnell, normalerweise innerhalb von Minuten, im Vergleich zu allgemein",,
280380,zahlungsmethoden-fur-online-casinos-2024,https://coincu.com/zahlungsmethoden-fur-online-casinos-2024/,visible_raw_url_in_text,0,0,0,0,6,8,yes,no,no,FAIL,delete_candidate_high,link_citation_format_fail|promotional_or_money_page_pattern|no_local_gsc_backlink_signal,"ür Online Casinos im Jahr 2024? Sie können die schnellste Zahlungsmethode für Ihre Bedürfnisse finden, indem Sie https://www.casinobankingmethods.com/de/ besuchen. Ist es sicher, schnelle Zahlungsmethoden in Online Casinos zu verwenden? Schnelle Zahlungsmethoden sind in Online Casinos sicher zu verwenden, insbesondere ",,
278596,pawfury-paw-hits-5-1m-final-presale-tokens-selling-fast,https://coincu.com/pawfury-paw-hits-5-1m-final-presale-tokens-selling-fast/,visible_raw_url_in_text,0,0,0,0,5,6,yes,no,no,FAIL,delete_candidate_high,link_citation_format_fail|promotional_or_money_page_pattern|no_local_gsc_backlink_signal,his revolutionary crypto journey! Visit the links below for more information about Pawfury (PAW): Website: https://www.pawfury.com Twitter: https://x.com/Paw_Fury Disclaimer: The text above is an advertorial article that is not part of Coincu.com editorial content. ,,
278593,pawfury-paw-next-100x-crypto-5m-raised-final-presale-phase,https://coincu.com/pawfury-paw-next-100x-crypto-5m-raised-final-presale-phase/,visible_raw_url_in_text,0,0,0,0,2,7,yes,no,no,FAIL,delete_candidate_high,link_citation_format_fail|promotional_or_money_page_pattern|no_local_gsc_backlink_signal,r own research and due diligence. Visit the links below for more information about Pawfury (PAW): Website: https://www.pawfury.com/ Twitter: https://x.com/Paw_Fury Disclaimer: The text above is an advertorial article that is not part of Coincu.com editorial content. ,,
271787,worlds-best-crypto-presales-for-high-returns-crypto-enthusiasts-flock-blastup-as-it-launches-blastbox-v2,https://coincu.com/worlds-best-crypto-presales-for-high-returns-crypto-enthusiasts-flock-blastup-as-it-launches-blastbox-v2/,visible_raw_url_in_text,0,0,0,0,3,7,yes,no,no,FAIL,delete_candidate_high,link_citation_format_fail|promotional_or_money_page_pattern|no_local_gsc_backlink_signal,ark on your journey to financial freedom and success in crypto. Invest in MoonBag Presale&nbsp; Presale: https://moonbag.org/presale Whitepaper: https://moonbag.org/documents/whitepaper.pdf Twitter: https://twitter.com/Moonbag_org Telegram https://t.me/MoonBag_official ,,
271784,fantom-eyes-323m-profits-heres-one-of-the-best-crypto-presale-projects-in-2024,https://coincu.com/fantom-eyes-323m-profits-heres-one-of-the-best-crypto-presale-projects-in-2024/,visible_raw_url_in_text,0,0,0,0,3,8,yes,no,no,FAIL,delete_candidate_high,link_citation_format_fail|promotional_or_money_page_pattern|no_local_gsc_backlink_signal,"rm, and you can be a part of this exciting journey. Invest in MoonBag Presale&nbsp; Presale: https://moonbag.org/presale Whitepaper: https://moonbag.org/documents/whitepaper.pdf Twitter: https://twitter.com/Moonbag_org Telegram https://t.me/MoonBag_official ",,
271781,is-aave-setting-the-stage-for-something-big-discover-the-latest-on-upcoming-crypto-presales,https://coincu.com/is-aave-setting-the-stage-for-something-big-discover-the-latest-on-upcoming-crypto-presales/,visible_raw_url_in_text,0,0,0,0,3,9,yes,no,no,FAIL,delete_candidate_high,link_citation_format_fail|promotional_or_money_page_pattern|no_local_gsc_backlink_signal,resale today and be part of a project poised for success! Invest in MoonBag Presale Presale: https://moonbag.org/presale Whitepaper: https://moonbag.org/documents/whitepaper.pdf Twitter: https://twitter.com/Moonbag_org Telegram https://t.me/MoonBag_official ,,
271778,heres-what-you-need-to-know-about-the-top-meme-coins-presale-while-wax-developed-and-launch-nft-token-bridge,https://coincu.com/heres-what-you-need-to-know-about-the-top-meme-coins-presale-while-wax-developed-and-launch-nft-token-bridge/,visible_raw_url_in_text,0,0,0,0,5,11,yes,no,no,FAIL,delete_candidate_high,link_citation_format_fail|promotional_or_money_page_pattern|no_local_gsc_backlink_signal,opportunity to get in early and reap significant rewards. Invest in MoonBag Presale Presale: https://moonbag.org/presale Whitepaper: https://moonbag.org/documents/whitepaper.pdf Twitter: https://twitter.com/Moonbag_org Telegram https://t.me/MoonBag_official ,,
271775,unlock-the-best-crypto-presale-platform-insights-into-pixelverse-and-its-community-rewards,https://coincu.com/unlock-the-best-crypto-presale-platform-insights-into-pixelverse-and-its-community-rewards/,visible_raw_url_in_text,0,0,0,0,4,10,yes,no,no,FAIL,delete_candidate_high,link_citation_format_fail|promotional_or_money_page_pattern|no_local_gsc_backlink_signal," meme coins, these projects offer something for everyone. Invest in MoonBag Presale Presale: https://moonbag.org/presale Whitepaper: https://moonbag.org/documents/whitepaper.pdf Twitter: https://twitter.com/Moonbag_org Telegram https://t.me/MoonBag_official ",,
271769,the-best-crypto-presale-platform-you-havent-heard-of-a-new-gaming-coin-and-why-you-should-check-out-hamster-kombat,https://coincu.com/the-best-crypto-presale-platform-you-havent-heard-of-a-new-gaming-coin-and-why-you-should-check-out-hamster-kombat/,visible_raw_url_in_text,0,0,0,0,4,10,yes,no,no,FAIL,delete_candidate_high,link_citation_format_fail|promotional_or_money_page_pattern|no_local_gsc_backlink_signal,onBag presale now and secure your place in this exciting new venture! Invest in MoonBag Presale Presale: https://moonbag.org/presale &nbsp; Whitepaper: https://moonbag.org/documents/whitepaper.pdf &nbsp; Twitter: https://twitter.com/Moonbag_org &nbsp; Telegram https://t.me/MoonBag_,,
271191,explore-the-staking-benefits-of-the-top-meme-coin-in-presale-as-arweave-experiences-a-4-value-increase,https://coincu.com/explore-the-staking-benefits-of-the-top-meme-coin-in-presale-as-arweave-experiences-a-4-value-increase/,visible_raw_url_in_text,0,0,0,0,4,11,yes,no,no,FAIL,delete_candidate_high,link_citation_format_fail|promotional_or_money_page_pattern|no_local_gsc_backlink_signal,"now, as MoonBag&#8217;s momentum and rewards await. Invest in MoonBag Presale&nbsp; Presale: https://moonbag.org/presale Whitepaper: https://moonbag.org/documents/whitepaper.pdf Twitter: https://twitter.com/Moonbag_org Telegram https://t.me/MoonBag_official ",,
271239,top-crypto-presale-happening-now-why-this-coins-staking-rewards-are-too-good-to-ignore,https://coincu.com/top-crypto-presale-happening-now-why-this-coins-staking-rewards-are-too-good-to-ignore/,visible_raw_url_in_text,0,0,0,0,3,11,yes,no,no,FAIL,delete_candidate_high,link_citation_format_fail|promotional_or_money_page_pattern|no_local_gsc_backlink_signal,estors beat the bear and come out ahead in the crypto space. Invest in MoonBag Presale Presale: https://moonbag.org/presale Whitepaper: https://moonbag.org/documents/whitepaper.pdf Twitter: https://twitter.com/Moonbag_org Telegram https://t.me/MoonBag_official ,,
271178,cardano-coin-analysis-in-the-wake-of-market-downturn-whats-next-for-ada-in-the-top-crypto-presale-happening-now,https://coincu.com/cardano-coin-analysis-in-the-wake-of-market-downturn-whats-next-for-ada-in-the-top-crypto-presale-happening-now/,visible_raw_url_in_text,0,0,0,0,0,10,yes,no,no,FAIL,delete_candidate_high,link_citation_format_fail|promotional_or_money_page_pattern|no_local_gsc_backlink_signal,e of the most exciting crypto projects of the year! Invest in MoonBag Presale&nbsp; Presale: https://moonbag.org/presale Whitepaper: https://moonbag.org/documents/whitepaper.pdf Twitter: https://twitter.com/Moonbag_org Telegram https://t.me/MoonBag_official ,,
271172,how-to-make-money-while-crypto-is-down-immutable-x-and-the-top-meme-coin-presale-you-cant-miss,https://coincu.com/how-to-make-money-while-crypto-is-down-immutable-x-and-the-top-meme-coin-presale-you-cant-miss/,visible_raw_url_in_text,0,0,0,0,4,11,yes,no,no,FAIL,delete_candidate_high,link_citation_format_fail|promotional_or_money_page_pattern|no_local_gsc_backlink_signal,ust-watch for anyone serious about crypto investments. Invest in MoonBag Presale&nbsp; Presale: https://moonbag.org/presale Whitepaper: https://moonbag.org/documents/whitepaper.pdf Twitter: https://twitter.com/Moonbag_org Telegram https://t.me/MoonBag_official ,,
271166,this-best-crypto-presales-liquidity-plan-sets-it-apart-as-stacks-unveils-2-0-mainnet-amid-historic-bearish-trends,https://coincu.com/this-best-crypto-presales-liquidity-plan-sets-it-apart-as-stacks-unveils-2-0-mainnet-amid-historic-bearish-trends/,visible_raw_url_in_text,0,0,0,0,4,11,yes,no,no,FAIL,delete_candidate_high,link_citation_format_fail|promotional_or_money_page_pattern|no_local_gsc_backlink_signal,nd position yourself for potential long-term gains. Invest in MoonBag Presale&nbsp; Presale: https://moonbag.org/presale Whitepaper: https://moonbag.org/documents/whitepaper.pdf Twitter: https://twitter.com/Moonbag_org Telegram https://t.me/MoonBag_official ,,
271160,hederas-10-decline-despite-new-partnerships-and-an-analysis-of-staking-rewards-from-the-best-crypto-presale-platform,https://coincu.com/hederas-10-decline-despite-new-partnerships-and-an-analysis-of-staking-rewards-from-the-best-crypto-presale-platform/,visible_raw_url_in_text,0,0,0,0,3,12,yes,no,no,FAIL,delete_candidate_high,link_citation_format_fail|promotional_or_money_page_pattern|no_local_gsc_backlink_signal,ves but also poised for significant future success. Invest in MoonBag Presale&nbsp; Presale: https://moonbag.org/presale Whitepaper: https://moonbag.org/documents/whitepaper.pdf Twitter: https://twitter.com/Moonbag_org Telegram https://t.me/MoonBag_official ,,
271156,bitcoin-cash-under-the-spotlight-recent-price-trends-benefits-of-staking-and-the-best-crypto-presale-in-august-2024,https://coincu.com/bitcoin-cash-under-the-spotlight-recent-price-trends-benefits-of-staking-and-the-best-crypto-presale-in-august-2024/,visible_raw_url_in_text,0,0,0,0,4,11,yes,no,no,FAIL,delete_candidate_high,link_citation_format_fail|promotional_or_money_page_pattern|no_local_gsc_backlink_signal,nefit from the best crypto opportunity of the year. Invest in MoonBag Presale&nbsp; Presale: https://moonbag.org/presale Whitepaper: https://moonbag.org/documents/whitepaper.pdf Twitter: https://twitter.com/Moonbag_org Telegram https://t.me/MoonBag_official ,,
271151,best-meme-coin-on-presale-how-internet-computer-protocol-could-help-you-thrive-in-a-crypto-crisis,https://coincu.com/best-meme-coin-on-presale-how-internet-computer-protocol-could-help-you-thrive-in-a-crypto-crisis/,visible_raw_url_in_text,0,0,0,0,3,11,yes,no,no,FAIL,delete_candidate_high,link_citation_format_fail|promotional_or_money_page_pattern|no_local_gsc_backlink_signal,iquidity plan make it one of the best meme coins on presale. Invest in MoonBag Presale Presale: https://moonbag.org/presale Whitepaper: https://moonbag.org/documents/whitepaper.pdf Twitter: https://twitter.com/Moonbag_org Telegram https://t.me/MoonBag_official ,,
271147,this-meme-coin-will-launch-on-the-best-crypto-presale-platform-while-aave-coin-releases-updates-amidst-a-market-downturn,https://coincu.com/this-meme-coin-will-launch-on-the-best-crypto-presale-platform-while-aave-coin-releases-updates-amidst-a-market-downturn/,visible_raw_url_in_text,0,0,0,0,4,11,yes,no,no,FAIL,delete_candidate_high,link_citation_format_fail|promotional_or_money_page_pattern|no_local_gsc_backlink_signal,st in MoonBag now and secure your financial future! Invest in MoonBag Presale&nbsp; Presale: https://moonbag.org/presale Whitepaper: https://moonbag.org/documents/whitepaper.pdf Twitter: https://twitter.com/Moonbag_org Telegram https://t.me/MoonBag_official ,,
271143,where-does-polygons-future-stand-in-the-best-crypto-presale-in-august-2024-amid-bearish-trends,https://coincu.com/where-does-polygons-future-stand-in-the-best-crypto-presale-in-august-2024-amid-bearish-trends/,visible_raw_url_in_text,0,0,0,0,4,10,yes,no,no,FAIL,delete_candidate_high,link_citation_format_fail|promotional_or_money_page_pattern|no_local_gsc_backlink_signal,on’t wait – join the future of crypto with MoonBag! Invest in MoonBag Presale&nbsp; Presale: https://moonbag.org/presale &nbsp; Whitepaper: https://moonbag.org/documents/whitepaper.pdf &nbsp; Twitter: https://twitter.com/Moonbag_org &nbsp; Telegram https://t.me/MoonBag_,,
270771,top-picks-for-the-worlds-best-crypto-presales,https://coincu.com/top-picks-for-the-worlds-best-crypto-presales/,visible_raw_url_in_text,0,0,0,0,3,12,yes,no,no,FAIL,delete_candidate_high,link_citation_format_fail|promotional_or_money_page_pattern|no_local_gsc_backlink_signal,in the MoonBag presale now and position yourself for success in 2024! Invest in MoonBag Presale Presale: https://moonbag.org/presale &nbsp; Whitepaper: https://moonbag.org/documents/whitepaper.pdf &nbsp; Twitter: https://twitter.com/Moonbag_org &nbsp; Telegram https://t.me/MoonBag_official ,,
270764,book-of-meme-surges-amid-solana-airdrops,https://coincu.com/book-of-meme-surges-amid-solana-airdrops/,visible_raw_url_in_text,0,0,0,0,4,10,yes,no,no,FAIL,delete_candidate_high,link_citation_format_fail|promotional_or_money_page_pattern|no_local_gsc_backlink_signal, with one of the top crypto presales happening now. Invest in MoonBag Presale&nbsp; Presale: https://moonbag.org/presale &nbsp; Whitepaper: https://moonbag.org/documents/whitepaper.pdf &nbsp; Twitter: https://twitter.com/Moonbag_org &nbsp; Telegram https://t.me/MoonBag_official ,,
270758,this-augusts-top-crypto-presale-could-skyrocket,https://coincu.com/this-augusts-top-crypto-presale-could-skyrocket/,visible_raw_url_in_text,0,0,0,0,3,11,yes,no,no,FAIL,delete_candidate_high,link_citation_format_fail|promotional_or_money_page_pattern|no_local_gsc_backlink_signal, Join now and secure your place in the MoonBag community! Invest in MoonBag Presale Presale: https://moonbag.org/presale &nbsp; Whitepaper: https://moonbag.org/documents/whitepaper.pdf &nbsp; Twitter: https://twitter.com/Moonbag_org &nbsp; Telegram https://t.me/MoonBag_official ,,
270750,top-meme-coins-presale-market-cap-get-in-early,https://coincu.com/top-meme-coins-presale-market-cap-get-in-early/,visible_raw_url_in_text,0,0,0,0,3,11,yes,no,no,FAIL,delete_candidate_high,link_citation_format_fail|promotional_or_money_page_pattern|no_local_gsc_backlink_signal,and potentially reap the rewards of being an early investor. Invest in MoonBag Presale Presale: https://moonbag.org/presale &nbsp; Whitepaper: https://moonbag.org/documents/whitepaper.pdf &nbsp; Twitter: https://twitter.com/Moonbag_org &nbsp; Telegram https://t.me/MoonBag_official ,,
270749,5ire-tokens-rocky-launch-what-it-means-for-the-best-crypto-presale-projects-2024,https://coincu.com/5ire-tokens-rocky-launch-what-it-means-for-the-best-crypto-presale-projects-2024/,visible_raw_url_in_text,0,0,0,0,4,11,yes,no,no,FAIL,delete_candidate_high,link_citation_format_fail|promotional_or_money_page_pattern|no_local_gsc_backlink_signal, may well reap the benefits of this exciting new venture. Invest in MoonBag Presale Presale: https://moonbag.org/presale Whitepaper: https://moonbag.org/documents/whitepaper.pdf Twitter: https://twitter.com/Moonbag_org Telegram https://t.me/MoonBag_official ,,
270736,ronins-rise-to-fame-how-it-became-a-star-in-the-worlds-best-crypto-presales,https://coincu.com/ronins-rise-to-fame-how-it-became-a-star-in-the-worlds-best-crypto-presales/,visible_raw_url_in_text,0,0,0,0,4,10,yes,no,no,FAIL,delete_candidate_high,link_citation_format_fail|promotional_or_money_page_pattern|no_local_gsc_backlink_signal,"rypto presales, offering unparalleled opportunities for investors to grow their holdings. Presale: https://moonbag.org/presale &nbsp; Whitepaper: https://moonbag.org/documents/whitepaper.pdf &nbsp; Twitter: https://twitter.com/Moonbag_org &nbsp; Telegram https://t.me/MoonBag_official &nb",,
270732,meme-coin-magic-brett-surges-and-this-top-presale-sets-new-standards,https://coincu.com/meme-coin-magic-brett-surges-and-this-top-presale-sets-new-standards/,visible_raw_url_in_text,0,0,0,0,5,10,yes,no,no,FAIL,delete_candidate_high,link_citation_format_fail|promotional_or_money_page_pattern|no_local_gsc_backlink_signal, now and secure your place in the future of crypto. Invest in MoonBag Presale&nbsp; Presale: https://moonbag.org/presale Whitepaper: https://moonbag.org/documents/whitepaper.pdf Twitter: https://twitter.com/Moonbag_org Telegram https://t.me/MoonBag_official ,,
270729,arweaves-pioneering-permanent-storage-is-making-waves-as-investors-eye-best-crypto-presale-projects-2024,https://coincu.com/arweaves-pioneering-permanent-storage-is-making-waves-as-investors-eye-best-crypto-presale-projects-2024/,visible_raw_url_in_text,0,0,0,0,5,10,yes,no,no,FAIL,delete_candidate_high,link_citation_format_fail|promotional_or_money_page_pattern|no_local_gsc_backlink_signal,ke it one of the best crypto presale projects 2024. Invest in MoonBag Presale&nbsp; Presale: https://moonbag.org/presale Whitepaper: https://moonbag.org/documents/whitepaper.pdf Twitter: https://twitter.com/Moonbag_org Telegram https://t.me/MoonBag_official ,,
270723,fetch-ais-merger-with-asi-see-the-future-of-crypto-and-the-worlds-best-crypto-presales,https://coincu.com/fetch-ais-merger-with-asi-see-the-future-of-crypto-and-the-worlds-best-crypto-presales/,visible_raw_url_in_text,0,0,0,0,3,10,yes,no,no,FAIL,delete_candidate_high,link_citation_format_fail|promotional_or_money_page_pattern|no_local_gsc_backlink_signal, secure your place in the future of cryptocurrency. Invest in MoonBag Presale&nbsp; Presale: https://moonbag.org/presale Whitepaper: https://moonbag.org/documents/whitepaper.pdf Twitter: https://twitter.com/Moonbag_org Telegram https://t.me/MoonBag_official ,,
270719,book-of-meme-preserving-digital-culture-crypto-investors-actively-pursuing-best-ongoing-presales-in-2024,https://coincu.com/book-of-meme-preserving-digital-culture-crypto-investors-actively-pursuing-best-ongoing-presales-in-2024/,visible_raw_url_in_text,0,0,0,0,4,10,yes,no,no,FAIL,delete_candidate_high,link_citation_format_fail|promotional_or_money_page_pattern|no_local_gsc_backlink_signal, of the most promising crypto projects of the year! Invest in MoonBag Presale&nbsp; Presale: https://moonbag.org/presale Whitepaper: https://moonbag.org/documents/whitepaper.pdf Twitter: https://twitter.com/Moonbag_org Telegram https://t.me/MoonBag_official ,,
270715,from-milady-meme-coin-to-moonbag-exploring-the-worlds-best-crypto-presales,https://coincu.com/from-milady-meme-coin-to-moonbag-exploring-the-worlds-best-crypto-presales/,visible_raw_url_in_text,0,0,0,0,3,10,yes,no,no,FAIL,delete_candidate_high,link_citation_format_fail|promotional_or_money_page_pattern|no_local_gsc_backlink_signal, what could be the best crypto project of the year! Invest in MoonBag Presale&nbsp; Presale: https://moonbag.org/presale Whitepaper: https://moonbag.org/documents/whitepaper.pdf Twitter: https://twitter.com/Moonbag_org Telegram https://t.me/MoonBag_official ,,
270721,pups-ordinals-place-exciting-crypto-presales,https://coincu.com/pups-ordinals-place-exciting-crypto-presales/,visible_raw_url_in_text,0,0,0,0,3,10,yes,no,no,FAIL,delete_candidate_high,link_citation_format_fail|promotional_or_money_page_pattern|no_local_gsc_backlink_signal,est in MoonBag now and watch your investments soar! Invest in MoonBag Presale&nbsp; Presale: https://moonbag.org/presale &nbsp; Whitepaper: https://moonbag.org/documents/whitepaper.pdf &nbsp; Twitter: https://twitter.com/Moonbag_org &nbsp; Telegram https://t.me/MoonBag_official ,,
270682,best-ongoing-presales-2024-theta-network-airdrop,https://coincu.com/best-ongoing-presales-2024-theta-network-airdrop/,visible_raw_url_in_text,0,0,0,0,3,12,yes,no,no,FAIL,delete_candidate_high,link_citation_format_fail|promotional_or_money_page_pattern|no_local_gsc_backlink_signal, of the most promising crypto ventures of the year! Invest in MoonBag Presale&nbsp; Presale: https://moonbag.org/presale &nbsp; Whitepaper: https://moonbag.org/documents/whitepaper.pdf &nbsp; Twitter: https://twitter.com/Moonbag_org Telegram https://t.me/MoonBag_official ,,
270676,shiba-inus-rally-and-this-meme-coin-presale,https://coincu.com/shiba-inus-rally-and-this-meme-coin-presale/,visible_raw_url_in_text,0,0,0,0,7,9,yes,no,no,FAIL,delete_candidate_high,link_citation_format_fail|promotional_or_money_page_pattern|no_local_gsc_backlink_signal,ark on your journey to financial freedom with MoonBag! Invest in MoonBag Presale&nbsp; Presale: https://moonbag.org/presale &nbsp; Whitepaper: https://moonbag.org/documents/whitepaper.pdf &nbsp; Twitter: https://twitter.com/Moonbag_org &nbsp; Telegram https://t.me/MoonBag_official ,,
270668,how-the-secs-revised-binance-us-lawsuit-and-solanas-exclusion-affect-the-best-ongoing-presales-in-2024,https://coincu.com/how-the-secs-revised-binance-us-lawsuit-and-solanas-exclusion-affect-the-best-ongoing-presales-in-2024/,visible_raw_url_in_text,0,0,0,0,4,10,yes,no,no,FAIL,delete_candidate_high,link_citation_format_fail|promotional_or_money_page_pattern|no_local_gsc_backlink_signal, candidate among the best ongoing presales in 2024. Invest in MoonBag Presale&nbsp; Presale: https://moonbag.org/presale Whitepaper: https://moonbag.org/documents/whitepaper.pdf Twitter: https://twitter.com/Moonbag_org Telegram https://t.me/MoonBag_official ,,
270663,solanas-etf-plans-on-hold-unpacking-the-effects-on-solanas-standing-along-with-the-best-crypto-presale-projects-of-2024,https://coincu.com/solanas-etf-plans-on-hold-unpacking-the-effects-on-solanas-standing-along-with-the-best-crypto-presale-projects-of-2024/,visible_raw_url_in_text,0,0,0,0,4,10,yes,no,no,FAIL,delete_candidate_high,link_citation_format_fail|promotional_or_money_page_pattern|no_local_gsc_backlink_signal, yield significant rewards as the project advances. Invest in MoonBag Presale&nbsp; Presale: https://moonbag.org/presale Whitepaper: https://moonbag.org/documents/whitepaper.pdf Twitter: https://twitter.com/Moonbag_org Telegram https://t.me/MoonBag_official ,,
270660,exploring-toncoins-integration-with-telegram-is-it-a-strategic-blockchain-move-in-the-best-crypto-presale-projects-of-2024,https://coincu.com/exploring-toncoins-integration-with-telegram-is-it-a-strategic-blockchain-move-in-the-best-crypto-presale-projects-of-2024/,visible_raw_url_in_text,0,0,0,0,4,10,yes,no,no,FAIL,delete_candidate_high,link_citation_format_fail|promotional_or_money_page_pattern|no_local_gsc_backlink_signal,sing financial rewards and future growth prospects. Invest in MoonBag Presale&nbsp; Presale: https://moonbag.org/presale Whitepaper: https://moonbag.org/documents/whitepaper.pdf Twitter: https://twitter.com/Moonbag_org Telegram https://t.me/MoonBag_official ,,
270657,trons-impressive-revenue-metrics-evaluating-its-role-among-top-crypto-presale-projects-of-2024,https://coincu.com/trons-impressive-revenue-metrics-evaluating-its-role-among-top-crypto-presale-projects-of-2024/,visible_raw_url_in_text,0,0,0,0,4,9,yes,no,no,FAIL,delete_candidate_high,link_citation_format_fail|promotional_or_money_page_pattern|no_local_gsc_backlink_signal,rt of a transformative journey in the crypto world. Invest in MoonBag Presale&nbsp; Presale: https://moonbag.org/presale Whitepaper: https://moonbag.org/documents/whitepaper.pdf Twitter: https://twitter.com/Moonbag_org Telegram https://t.me/MoonBag_official ,,
270654,chainlinks-proof-of-reserve-feature-enhances-21shares-ether-etf-is-it-a-game-changer-in-the-best-crypto-presale-projects-of-2024,https://coincu.com/chainlinks-proof-of-reserve-feature-enhances-21shares-ether-etf-is-it-a-game-changer-in-the-best-crypto-presale-projects-of-2024/,visible_raw_url_in_text,0,0,0,0,4,9,yes,no,no,FAIL,delete_candidate_high,link_citation_format_fail|promotional_or_money_page_pattern|no_local_gsc_backlink_signal,at is set to soar in the competitive crypto market. Invest in MoonBag Presale&nbsp; Presale: https://moonbag.org/presale Whitepaper: https://moonbag.org/documents/whitepaper.pdf Twitter: https://twitter.com/Moonbag_org Telegram https://t.me/MoonBag_official ,,
270650,celo-advancing-to-layer-2-while-the-best-ongoing-presales-progress-to-stage-8,https://coincu.com/celo-advancing-to-layer-2-while-the-best-ongoing-presales-progress-to-stage-8/,visible_raw_url_in_text,0,0,0,0,4,11,yes,no,no,FAIL,delete_candidate_high,link_citation_format_fail|promotional_or_money_page_pattern|no_local_gsc_backlink_signal,and financial success in the cryptocurrency market. Invest in MoonBag Presale&nbsp; Presale: https://moonbag.org/presale Whitepaper: https://moonbag.org/documents/whitepaper.pdf Twitter: https://twitter.com/Moonbag_org Telegram https://t.me/MoonBag_official ,,
270644,climbing-to-1-the-best-ongoing-presales-profitable-adventure-against-realgoat,https://coincu.com/climbing-to-1-the-best-ongoing-presales-profitable-adventure-against-realgoat/,visible_raw_url_in_text,0,0,0,0,3,10,yes,no,no,FAIL,delete_candidate_high,link_citation_format_fail|promotional_or_money_page_pattern|no_local_gsc_backlink_signal,gnificant financial growth in the year ahead. Invest in MoonBag Presale&nbsp;&nbsp; Presale: https://moonbag.org/presale Whitepaper: https://moonbag.org/documents/whitepaper.pdf Twitter: https://twitter.com/Moonbag_org Telegram https://t.me/MoonBag_official ,,
270527,upcoming-token-unlock-aevo-arbitrum-presale-2024,https://coincu.com/upcoming-token-unlock-aevo-arbitrum-presale-2024/,visible_raw_url_in_text,0,0,0,0,4,14,yes,no,no,FAIL,delete_candidate_high,link_citation_format_fail|promotional_or_money_page_pattern|no_local_gsc_backlink_signal, its strategic advancements and growth potential. Invest in MoonBag Presale&nbsp; Presale: https://moonbag.org/presale &nbsp; Whitepaper: https://moonbag.org/documents/whitepaper.pdf &nbsp; Twitter: https://twitter.com/Moonbag_org &nbsp; Telegram https://t.me/MoonBag_official &nb,,
270541,top-crypto-presale-websites-to-watch-strump-60k,https://coincu.com/top-crypto-presale-websites-to-watch-strump-60k/,visible_raw_url_in_text,0,0,0,0,3,16,yes,no,no,FAIL,delete_candidate_high,link_citation_format_fail|promotional_or_money_page_pattern|no_local_gsc_backlink_signal,er time to explore what the crypto market has to offer. Invest in MoonBag Presale Presale: https://moonbag.org/presale &nbsp; Whitepaper: https://moonbag.org/documents/whitepaper.pdf &nbsp; Twitter: https://twitter.com/Moonbag_org &nbsp; Telegram https://t.me/MoonBag_official ,,
270631,best-crypto-presale-projects-zksync-beta-launch,https://coincu.com/best-crypto-presale-projects-zksync-beta-launch/,visible_raw_url_in_text,0,0,0,0,3,17,yes,no,no,FAIL,delete_candidate_high,link_citation_format_fail|promotional_or_money_page_pattern|no_local_gsc_backlink_signal,or success in the ever-growing world of cryptocurrency. Invest in MoonBag Presale Presale: https://moonbag.org/presale &nbsp; Whitepaper: https://moonbag.org/documents/whitepaper.pdf &nbsp; Twitter: https://twitter.com/Moonbag_org &nbsp; Telegram https://t.me/MoonBag_official ,,
270557,landwolf-price-prediction-crypto-presales,https://coincu.com/landwolf-price-prediction-crypto-presales/,visible_raw_url_in_text,0,0,0,0,3,15,yes,no,no,FAIL,delete_candidate_high,link_citation_format_fail|promotional_or_money_page_pattern|no_local_gsc_backlink_signal,ize the moment and secure your place in the future of cryptocurrency. Invest in MoonBag Presale Website: https://moonbag.org/ Presale: https://moonbag.org/presale Telegram: https://t.me/moonbag_official Twitter: https://twitter.com/moonbag_org Disclaimer: The text above,,
270584,bonks-53-surge-drives-investor-interest-while-1-meme-coin-is-set-to-explode-in-2024-the-best-meme-coin-presales-to-watch-in-2024,https://coincu.com/bonks-53-surge-drives-investor-interest-while-1-meme-coin-is-set-to-explode-in-2024-the-best-meme-coin-presales-to-watch-in-2024/,visible_raw_url_in_text,0,0,0,0,6,11,yes,no,no,FAIL,delete_candidate_high,link_citation_format_fail|promotional_or_money_page_pattern|no_local_gsc_backlink_signal,Embrace the future of cryptocurrency with BONK and MoonBag! Invest in MoonBag Presale Presale: https://moonbag.org/presale Whitepaper: https://moonbag.org/documents/whitepaper.pdf Twitter: https://twitter.com/Moonbag_org Telegram https://t.me/MoonBag_official ,,
270556,the-bullish-verdict-on-the-worlds-best-crypto-presale-with-vps-ai,https://coincu.com/the-bullish-verdict-on-the-worlds-best-crypto-presale-with-vps-ai/,visible_raw_url_in_text,0,0,0,0,3,10,yes,no,no,FAIL,delete_candidate_high,link_citation_format_fail|promotional_or_money_page_pattern|no_local_gsc_backlink_signal, for unparalleled growth and financial empowerment. Invest in MoonBag Presale&nbsp; Website: https://moonbag.org/ &nbsp; Presale: https://moonbag.org/presale &nbsp; Telegram: https://t.me/moonbag_official &nbsp; Twitter: https://twitter.com/moonbag_org &nbsp; ,,
270500,the-5-trending-crypto-presales-to-watch-in-2024-for-greater-profits,https://coincu.com/the-5-trending-crypto-presales-to-watch-in-2024-for-greater-profits/,visible_raw_url_in_text,0,0,0,0,8,10,yes,no,no,FAIL,delete_candidate_high,link_citation_format_fail|promotional_or_money_page_pattern|no_local_gsc_backlink_signal,kDAG as it leads the 5 trending crypto presales in 2024. Join BlockDAG Presale Now: Website: https://blockdag.network Presale: https://purchase.blockdag.network Telegram: https://t.me/blockDAGnetworkOfficial Discord: https://discord.gg/Q7BxghMVyu Di,,
270537,the-top-crypto-presale-website-wings-higher-with-the-orange-flag,https://coincu.com/the-top-crypto-presale-website-wings-higher-with-the-orange-flag/,visible_raw_url_in_text,0,0,0,0,3,10,yes,no,no,FAIL,delete_candidate_high,link_citation_format_fail|promotional_or_money_page_pattern|no_local_gsc_backlink_signal,cial growth in the dynamic world of digital assets. Invest in MoonBag Presale&nbsp; Presale: https://moonbag.org/presale &nbsp; Whitepaper: https://moonbag.org/documents/whitepaper.pdf &nbsp; Twitter: https://twitter.com/Moonbag_org &nbsp; Telegram https://t.me/MoonBag_,,
270525,kimbo-coin-is-it-a-promising-entry-in-the-worlds-best-crypto-presales,https://coincu.com/kimbo-coin-is-it-a-promising-entry-in-the-worlds-best-crypto-presales/,visible_raw_url_in_text,0,0,0,0,3,10,yes,no,no,FAIL,delete_candidate_high,link_citation_format_fail|promotional_or_money_page_pattern|no_local_gsc_backlink_signal,be a part of this transformative financial journey. Invest in MoonBag Presale&nbsp; Presale: https://moonbag.org/presale &nbsp; Whitepaper: https://moonbag.org/documents/whitepaper.pdf &nbsp; Twitter: https://twitter.com/Moonbag_org &nbsp; Telegram https://t.me/MoonBag_,,
270438,moonhops-1m-first-stage-triumph-outshining-playdoge-ico-pepe-unchaineds-presales,https://coincu.com/moonhops-1m-first-stage-triumph-outshining-playdoge-ico-pepe-unchaineds-presales/,visible_raw_url_in_text,0,0,0,0,4,10,yes,no,no,FAIL,delete_candidate_high,link_citation_format_fail|promotional_or_money_page_pattern|no_local_gsc_backlink_signal, the meme coin race. Join Moonhop Presale Now: Website: Moonhop.io Presale: https://moonhop.io/buy Twitter: https://twitter.com/Moonhopcoin Telegram: https://t.me/moonhopcoin Disclaimer: The text above is an advertorial article that is no,,
270327,12-surge-for-mantle-networks-mnt-token-key-best-crypto-presale-to-watch,https://coincu.com/12-surge-for-mantle-networks-mnt-token-key-best-crypto-presale-to-watch/,visible_raw_url_in_text,0,0,0,0,3,11,yes,no,no,FAIL,delete_candidate_high,link_citation_format_fail|promotional_or_money_page_pattern|no_local_gsc_backlink_signal,in one of the most promising crypto projects of the year! Invest in MoonBag Presale Presale: https://moonbag.org/presale &nbsp; Whitepaper: https://moonbag.org/documents/whitepaper.pdf &nbsp; Twitter: https://twitter.com/Moonbag_org &nbsp; Telegram https://t.me/MoonBag_,,
270324,makerdao-sets-100bn-stablecoin-goal-amidst-exciting-upcoming-crypto-presales,https://coincu.com/makerdao-sets-100bn-stablecoin-goal-amidst-exciting-upcoming-crypto-presales/,visible_raw_url_in_text,0,0,0,0,4,11,yes,no,no,FAIL,delete_candidate_high,link_citation_format_fail|promotional_or_money_page_pattern|no_local_gsc_backlink_signal, secure your place in the exciting world of upcoming crypto presales. Invest in MoonBag Presale Presale: https://moonbag.org/presale &nbsp; Whitepaper: https://moonbag.org/documents/whitepaper.pdf &nbsp; Twitter: https://twitter.com/Moonbag_org &nbsp; Telegram https://t.me/MoonBag_,,
270420,with-alex-pereira-in-its-corner-blockdags-presale-bags-1m-overnight-plus-shib-price-forecast-bchs-strong-performance,https://coincu.com/with-alex-pereira-in-its-corner-blockdags-presale-bags-1m-overnight-plus-shib-price-forecast-bchs-strong-performance/,visible_raw_url_in_text,0,0,0,0,4,11,yes,no,no,FAIL,delete_candidate_high,link_citation_format_fail|promotional_or_money_page_pattern|no_local_gsc_backlink_signal,"as an unmissable investment opportunity, offering substantial growth and market dominance. Presale: https://purchase.blockdag.network Website: https://blockdag.network Telegram: https://t.me/blockDAGnetwork Discord: https://discord.gg/Q7BxghMVyu Disclaimer: The text",,
270310,a-sneak-peek-into-2024s-most-anticipated-upcoming-crypto-presales,https://coincu.com/a-sneak-peek-into-2024s-most-anticipated-upcoming-crypto-presales/,visible_raw_url_in_text,0,0,0,0,7,11,yes,no,no,FAIL,delete_candidate_high,link_citation_format_fail|promotional_or_money_page_pattern|no_local_gsc_backlink_signal,esale now and be part of a revolutionary journey in the crypto world. Invest in MoonBag Presale Presale: https://moonbag.org/presale &nbsp; Whitepaper: https://moonbag.org/documents/whitepaper.pdf &nbsp; Twitter: https://twitter.com/Moonbag_org &nbsp; Telegram https://t.me/MoonBag_,,
270303,upcoming-crypto-presales-your-gateway-to-the-next-big-tokens,https://coincu.com/upcoming-crypto-presales-your-gateway-to-the-next-big-tokens/,visible_raw_url_in_text,0,0,0,0,4,12,yes,no,no,FAIL,delete_candidate_high,link_citation_format_fail|promotional_or_money_page_pattern|no_local_gsc_backlink_signal,he MoonBag presale now and be part of a revolutionary crypto journey! Invest in MoonBag Presale Presale: https://moonbag.org/presale &nbsp; Whitepaper: https://moonbag.org/documents/whitepaper.pdf &nbsp; Twitter: https://twitter.com/Moonbag_org &nbsp; Telegram https://t.me/MoonBag_,,
270300,exploring-pyth-networks-surge-amidst-the-worlds-best-crypto-presales,https://coincu.com/exploring-pyth-networks-surge-amidst-the-worlds-best-crypto-presales/,visible_raw_url_in_text,0,0,0,0,3,11,yes,no,no,FAIL,delete_candidate_high,link_citation_format_fail|promotional_or_money_page_pattern|no_local_gsc_backlink_signal,pportunity—secure your MBAG coins now and watch your investment grow. Invest in MoonBag Presale Presale: https://moonbag.org/presale Whitepaper: https://moonbag.org/documents/whitepaper.pdf Twitter: https://twitter.com/Moonbag_org Telegram https://t.me/MoonBag_official ,,
270238,slothana-set-to-soar-exploring-the-future-of-memecoins-and-best-meme-coin-on-presale-set-to-explode-in-2024,https://coincu.com/slothana-set-to-soar-exploring-the-future-of-memecoins-and-best-meme-coin-on-presale-set-to-explode-in-2024/,visible_raw_url_in_text,0,0,0,0,6,9,yes,no,no,FAIL,delete_candidate_high,link_citation_format_fail|promotional_or_money_page_pattern|no_local_gsc_backlink_signal,future of cryptocurrency with Slothana and MoonBag! Invest in MoonBag Presale&nbsp; Presale: https://moonbag.org/presale Whitepaper: https://moonbag.org/documents/whitepaper.pdf Twitter: https://twitter.com/Moonbag_org Telegram https://t.me/MoonBag_official ,,
270261,bdag-presale-hits-64m-insights-on-render-recovery-shiba-inu-news,https://coincu.com/bdag-presale-hits-64m-insights-on-render-recovery-shiba-inu-news/,visible_raw_url_in_text,0,0,0,0,4,11,yes,no,no,FAIL,delete_candidate_high,link_citation_format_fail|promotional_or_money_page_pattern|no_local_gsc_backlink_signal,ke it an attractive and secure investment opportunity. Join BlockDAG Presale Now: Website: https://blockdag.network Presale: https://purchase.blockdag.network Telegram: https://t.me/blockDAGnetworkOfficial Discord: https://discord.gg/Q7BxghMVyu Di,,
270209,discover-the-best-ongoing-presales-in-2024-sandbox-insights,https://coincu.com/discover-the-best-ongoing-presales-in-2024-sandbox-insights/,visible_raw_url_in_text,0,0,0,0,5,11,yes,no,no,FAIL,delete_candidate_high,link_citation_format_fail|promotional_or_money_page_pattern|no_local_gsc_backlink_signal,in one of the year&#8217;s most exciting crypto projects! Invest in MoonBag Presale Presale: https://moonbag.org/presale Whitepaper: https://moonbag.org/documents/whitepaper.pdf Twitter: https://twitter.com/Moonbag_org Telegram https://t.me/MoonBag_official ,,
270206,exploring-rocket-pools-utility-tokens-and-the-best-upcoming-crypto-presales,https://coincu.com/exploring-rocket-pools-utility-tokens-and-the-best-upcoming-crypto-presales/,visible_raw_url_in_text,0,0,0,0,3,12,yes,no,no,FAIL,delete_candidate_high,link_citation_format_fail|promotional_or_money_page_pattern|no_local_gsc_backlink_signal,he rewards of being an early adopter in the crypto world. Invest in MoonBag Presale Presale: https://moonbag.org/presale Whitepaper: https://moonbag.org/documents/whitepaper.pdf Twitter: https://twitter.com/Moonbag_org Telegram https://t.me/MoonBag_official ,,
270202,does-moneros-price-predictions-for-2024-make-it-a-standout-in-the-worlds-best-crypto-presale,https://coincu.com/does-moneros-price-predictions-for-2024-make-it-a-standout-in-the-worlds-best-crypto-presale/,visible_raw_url_in_text,0,0,0,0,4,11,yes,no,no,FAIL,delete_candidate_high,link_citation_format_fail|promotional_or_money_page_pattern|no_local_gsc_backlink_signal, journey and reap the benefits of early investment. Invest in MoonBag Presale&nbsp; Presale: https://moonbag.org/presale Whitepaper: https://moonbag.org/documents/whitepaper.pdf Twitter: https://twitter.com/Moonbag_org Telegram https://t.me/MoonBag_official ,,
270064,with-80-of-algo-holders-in-loss-what-does-this-mean-for-the-best-crypto-presale-projects-2024,https://coincu.com/with-80-of-algo-holders-in-loss-what-does-this-mean-for-the-best-crypto-presale-projects-2024/,visible_raw_url_in_text,0,0,0,0,4,12,yes,no,no,FAIL,delete_candidate_high,link_citation_format_fail|promotional_or_money_page_pattern|no_local_gsc_backlink_signal,ally lucrative opportunity—invest in MoonBag today! Invest in MoonBag Presale&nbsp; Presale: https://moonbag.org/presale Whitepaper: https://moonbag.org/documents/whitepaper.pdf Twitter: https://twitter.com/Moonbag_org Telegram https://t.me/MoonBag_official ,,
270052,chaingpts-breakthrough-ai-features-boost-price-will-it-hold-amidst-upcoming-crypto-presales,https://coincu.com/chaingpts-breakthrough-ai-features-boost-price-will-it-hold-amidst-upcoming-crypto-presales/,visible_raw_url_in_text,0,0,0,0,4,11,yes,no,no,FAIL,delete_candidate_high,link_citation_format_fail|promotional_or_money_page_pattern|no_local_gsc_backlink_signal,oonBag presale and partake in its promising future. Invest in MoonBag Presale&nbsp; Presale: https://moonbag.org/presale &nbsp; Whitepaper: https://moonbag.org/documents/whitepaper.pdf &nbsp; Twitter: https://twitter.com/Moonbag_org &nbsp; Telegram https://t.me/MoonBag_,,
270045,from-6-to-138-32-celestias-potential-in-the-best-upcoming-crypto-presales,https://coincu.com/from-6-to-138-32-celestias-potential-in-the-best-upcoming-crypto-presales/,visible_raw_url_in_text,0,0,0,0,4,11,yes,no,no,FAIL,delete_candidate_high,link_citation_format_fail|promotional_or_money_page_pattern|no_local_gsc_backlink_signal,e benefits of this exciting investment opportunity. Invest in MoonBag Presale&nbsp; Presale: https://moonbag.org/presale &nbsp; Whitepaper: https://moonbag.org/documents/whitepaper.pdf &nbsp; Twitter: https://twitter.com/Moonbag_org &nbsp; Telegram https://t.me/MoonBag_,,
270037,floki-inus-new-bitstamp-listing-is-it-a-catalyst-for-success-in-the-worlds-best-crypto-presales,https://coincu.com/floki-inus-new-bitstamp-listing-is-it-a-catalyst-for-success-in-the-worlds-best-crypto-presales/,visible_raw_url_in_text,0,0,0,0,4,11,yes,no,no,FAIL,delete_candidate_high,link_citation_format_fail|promotional_or_money_page_pattern|no_local_gsc_backlink_signal,ture in the dynamic crypto landscape.&nbsp; Invest in MoonBag Presale&nbsp; Presale: https://moonbag.org/presale &nbsp; Whitepaper: https://moonbag.org/documents/whitepaper.pdf &nbsp; Twitter: https://twitter.com/Moonbag_org &nbsp; Telegram https://t.me/MoonBag_,,
270021,exploring-kaspas-market-performance-how-a-15-2-price-surge-reflects-its-growing-influence-in-the-crypto-world-best-crypto-presale-projects-2024,https://coincu.com/exploring-kaspas-market-performance-how-a-15-2-price-surge-reflects-its-growing-influence-in-the-crypto-world-best-crypto-presale-projects-2024/,visible_raw_url_in_text,0,0,0,0,3,8,yes,no,no,FAIL,delete_candidate_high,link_citation_format_fail|promotional_or_money_page_pattern|no_local_gsc_backlink_signal,ity to be part of MoonBag&#8217;s exciting journey. Invest in MoonBag Presale&nbsp; Presale: https://moonbag.org/presale Whitepaper: https://moonbag.org/documents/whitepaper.pdf Twitter: https://twitter.com/Moonbag_org Telegram https://t.me/MoonBag_official ,,
270013,understanding-internet-computers-correlation-with-bitcoin-implications-for-upcoming-crypto-presale-projects-2024,https://coincu.com/understanding-internet-computers-correlation-with-bitcoin-implications-for-upcoming-crypto-presale-projects-2024/,visible_raw_url_in_text,0,0,0,0,3,12,yes,no,no,FAIL,delete_candidate_high,link_citation_format_fail|promotional_or_money_page_pattern|no_local_gsc_backlink_signal,roundbreaking journey in the cryptocurrency market. Invest in MoonBag Presale&nbsp; Presale: https://moonbag.org/presale Whitepaper: https://moonbag.org/documents/whitepaper.pdf Twitter: https://twitter.com/Moonbag_org Telegram https://t.me/MoonBag_official ,,
269971,exploring-notcoins-market-fluctuations-and-future-prospects-a-deep-dive-into-recent-updates-and-the-worlds-best-crypto-presales,https://coincu.com/exploring-notcoins-market-fluctuations-and-future-prospects-a-deep-dive-into-recent-updates-and-the-worlds-best-crypto-presales/,visible_raw_url_in_text,0,0,0,0,4,10,yes,no,no,FAIL,delete_candidate_high,link_citation_format_fail|promotional_or_money_page_pattern|no_local_gsc_backlink_signal,promises to be the best crypto project of the year. Invest in MoonBag Presale&nbsp; Presale: https://moonbag.org/presale Whitepaper: https://moonbag.org/documents/whitepaper.pdf Twitter: https://twitter.com/Moonbag_org Telegram https://t.me/MoonBag_official ,,
269933,avalanche-etp-staking-update-enhancing-investor-returns-and-understanding-the-best-crypto-coin-presale,https://coincu.com/avalanche-etp-staking-update-enhancing-investor-returns-and-understanding-the-best-crypto-coin-presale/,visible_raw_url_in_text,0,0,0,0,4,10,yes,no,no,FAIL,delete_candidate_high,link_citation_format_fail|promotional_or_money_page_pattern|no_local_gsc_backlink_signal,ow is the perfect time to consider this investment. Invest in MoonBag Presale&nbsp; Presale: https://moonbag.org/presale Whitepaper: https://moonbag.org/documents/whitepaper.pdf Twitter: https://twitter.com/Moonbag_org Telegram https://t.me/MoonBag_official ,,
269329,scam-alert-fake-banana-gun-airdrops-circulating,https://coincu.com/scam-alert-fake-banana-gun-airdrops-circulating/,visible_raw_url_in_text,0,0,0,0,2,8,yes,no,no,FAIL,delete_candidate_high,link_citation_format_fail|promotional_or_money_page_pattern|no_local_gsc_backlink_signal," Binance listing. We do not have current airdrops. All airdrops you see are scams. Our real links are in our Linktree: https://t.co/8vPvkPwbP3 Be aware; there are scammers who… &mdash; Banana Gun ?? (@BananaGunBot) July 25, 2024 The first project available on the Binance HODLer Airdrops Portal is Banana Gun",,
267856,blockdags-dev-release-70-highlights-x1-miners-upgrades-as-app-goes-live-on-apple-store-presale-value-surges-by-1300,https://coincu.com/blockdags-dev-release-70-highlights-x1-miners-upgrades-as-app-goes-live-on-apple-store-presale-value-surges-by-1300/,visible_raw_url_in_text,0,0,0,0,3,11,yes,no,no,FAIL,delete_candidate_high,link_citation_format_fail|promotional_or_money_page_pattern|no_local_gsc_backlink_signal,tors reaping substantial rewards with BlockDAG. Invest in the BlockDAG Presale Now: Website: https://blockdag.network Presale: https://purchase.blockdag.network Telegram: https://t.me/blockDAGnetwork Discord: https://discord.gg/Q7BxghMVyu Disclaimer:,,
267397,debank-xp-airdrop-application-now-live-30-days,https://coincu.com/debank-xp-airdrop-application-now-live-30-days/,visible_raw_url_in_text,0,0,0,0,1,9,yes,no,no,FAIL,delete_candidate_high,link_citation_format_fail|promotional_or_money_page_pattern|no_local_gsc_backlink_signal," taken at 0:00, July 4th (UTC+0). All active addresses have the chance to claim an initial XP airdrop. Check it now! ? https://t.co/Gum7P9xJl2 pic.twitter.com/uyrK540bgY &mdash; DeBank (@DeBankDeFi) July 8, 2024 This would ensure a fair allocation that reflects the user&#8217;s engagement and contribution.",,
265451,market-newbies-mpeppe-mpepe-dominates-headlines-as-the-meme-token-of-2024-dogecoin-investors-join-the-presale,https://coincu.com/market-newbies-mpeppe-mpepe-dominates-headlines-as-the-meme-token-of-2024-dogecoin-investors-join-the-presale/,visible_raw_url_in_text,0,0,0,0,5,14,yes,no,no,FAIL,delete_candidate_high,link_citation_format_fail|promotional_or_money_page_pattern|no_local_gsc_backlink_signal, the Mpeppe (MPEPE) Presale:&nbsp; Visit Mpeppe (MPEPE) Join and become a community member: https://t.me/mpeppecoin https://x.com/mpeppecommunity?s=11&amp;t=hQv3guBuxfglZI-0YOTGuQ Disclaimer: The text above is an advertorial article that is not part of Coincu.com editoria,,
264424,exploring-new-horizons-in-freelancing-and-cryptocurrency-btc-mining-with-digitminer,https://coincu.com/exploring-new-horizons-in-freelancing-and-cryptocurrency-btc-mining-with-digitminer/,visible_raw_url_in_text,0,0,0,0,4,11,yes,no,no,FAIL,delete_candidate_high,link_citation_format_fail|promotional_or_money_page_pattern|no_local_gsc_backlink_signal,"xt level with the power of cryptocurrency. To learn more about DigitMiner, please visit their official website at https://www.digitminer.com/?src162 Social media links: Twitter: https://twitter.com/DigitMinerUS Youtube: https://www.youtube.com/@DigitMinerUS Telegram: https://t.me/DigitMinerUS ",,
264366,shtting-on-shib-this-new-shiba-inu-rival-takes-crypto-presales-to-new-heights-currently-priced-at-0-008,https://coincu.com/shtting-on-shib-this-new-shiba-inu-rival-takes-crypto-presales-to-new-heights-currently-priced-at-0-008/,visible_raw_url_in_text,0,0,0,0,4,12,yes,no,no,FAIL,delete_candidate_high,link_citation_format_fail|promotional_or_money_page_pattern|no_local_gsc_backlink_signal,in market. For more information about Alex The Doge (ALEX) presale use the links down below: Website: https://alexthedoge.live Telegram: https://t.me/alexthedoge Twitter: https://x.com/alexthedoge_p2e Disclaimer: The text above is an advertorial article that is ,,
263749,how-to-get-morph-airdrop-a-comprehensive-guide,https://coincu.com/how-to-get-morph-airdrop-a-comprehensive-guide/,raw_url_after_colon|visible_raw_url_in_text,0,0,0,0,6,18,yes,no,no,FAIL,delete_candidate_high,link_citation_format_fail|promotional_or_money_page_pattern|no_local_gsc_backlink_signal,"class=""wp-block-heading"">Step 3: Get faucet USDT</h3> <ul class=""wp-block-list""> <li>Join the project&#8217;s Discord: https://discord.com/invite/h9uszybp</li> <li>Then, after verification, go to the discord-faucet channel /faucet and paste your wallet address in the box below to receive USDT</li> </ul> <figure class=""wp-block", Get Morph Airdrop: Step By Step Step 1: Add Morph Holesky and Ethereum Holesky networks Morph Holesky : https://chainlist.org/chain/2810 Ethereum Holesky : https://chainlist.org/chain/17000 Step 2: Get faucet ETH by one of the following links Stakely : https://stakely.io/en/faucet/ethereum,
263494,blockdags-x1-app-beta-redefines-crypto-presales-in-2024-raises-49-2m-rapidly-filecoin-and-stacks-prices-see-rebound,https://coincu.com/blockdags-x1-app-beta-redefines-crypto-presales-in-2024-raises-49-2m-rapidly-filecoin-and-stacks-prices-see-rebound/,visible_raw_url_in_text,0,0,0,0,4,11,yes,no,no,FAIL,delete_candidate_high,link_citation_format_fail|promotional_or_money_page_pattern|no_local_gsc_backlink_signal,delve into advanced crypto mining technologies. Invest in the BlockDAG Presale Now: Presale: https://purchase.blockdag.network Website: https://blockdag.network Telegram: https://t.me/blockDAGnetwork Discord: https://discord.gg/Q7BxghMVyu Disclaimer: The text above is ,,
263353,zksync-token-airdrop-fully-liquid-on-day-one,https://coincu.com/zksync-token-airdrop-fully-liquid-on-day-one/,visible_raw_url_in_text,0,0,0,0,3,10,yes,no,no,FAIL,delete_candidate_high,link_citation_format_fail|promotional_or_money_page_pattern|no_local_gsc_backlink_signal,eriod through ecosystem initiatives and the ZK Nation governance system. Introducing the ZK Token Checker → https://t.co/O2UonCvfzi Announcement → https://t.co/hjgI14PHoi Docs → https://t.co/taWBoCnfbc It’s time to put the ZK token into the hands of the community. It’s your turn to govern ZKsync’s future,,
263024,blockdags-x1-mobile-mining-app-goes-viral-post-beta-launch-as-presale-nears-46m-outperforming-brett-polkadot,https://coincu.com/blockdags-x1-mobile-mining-app-goes-viral-post-beta-launch-as-presale-nears-46m-outperforming-brett-polkadot/,visible_raw_url_in_text,0,0,0,0,4,10,yes,no,no,FAIL,delete_candidate_high,link_citation_format_fail|promotional_or_money_page_pattern|no_local_gsc_backlink_signal,ly mining app and substantial profit potential. Invest in the BlockDAG Presale Now: Presale: https://purchase.blockdag.network Website: https://blockdag.network Telegram: https://t.me/blockDAGnetwork Discord: https://discord.gg/Q7BxghMVyu Disclaimer: The text above is,,
260948,gambling-at-american-express-casinos-in-ontario,https://coincu.com/gambling-at-american-express-casinos-in-ontario/,visible_raw_url_in_text,0,0,0,0,4,5,yes,no,no,FAIL,delete_candidate_high,link_citation_format_fail|promotional_or_money_page_pattern|no_local_gsc_backlink_signal,"exact kinds of online gaming spaces have done their homework to explain exactly why. Players can visit this site,&nbsp; https://time2play.com/ca-en/casinos/payments/american-express/ , to see for themselves how sites have made it easy for players to pick out the best operators that offer American Express e-wallet payments. The other reason why players wou",,
251283,best-cloud-mining-platforms-2024,https://coincu.com/best-cloud-mining-platforms-2024/,visible_raw_url_in_text,0,0,0,0,9,35,yes,no,no,FAIL,delete_candidate_high,link_citation_format_fail|promotional_or_money_page_pattern|no_local_gsc_backlink_signal,"giving you peace of mind while you mine. For additional information on AST Mining, please visit their website at: https://astmining.com 2. Ecos Established in 2017, Ecos has made its mark as the first cloud mining provider with legal status, gaining the trust of over 500,000 users worldwide. ",,
250060,pontem-network-airdrop-of-aptos-ecosystem,https://coincu.com/pontem-network-airdrop-of-aptos-ecosystem/,visible_raw_url_in_text,0,0,0,0,5,42,yes,no,no,FAIL,delete_candidate_high,link_citation_format_fail|promotional_or_money_page_pattern|no_local_gsc_backlink_signal,"tem Network, investors need to prepare 10.1 APT and assets on Aptos. Waitlist L2 Lumio&nbsp; Step 1: Visit https://lumio.io/#join-whitelist. Step 2: Fill in your email, check the boxes &#8220;I have read and agree to the terms and conditions&#8221; and &#8220;I agree to receive emails from Lumio&#8221; -&gt; &#8220;Jo",,
6285,top-5-cloud-mining-platforms-for-bitcoin-mining,https://coincu.com/top-5-cloud-mining-platforms-for-bitcoin-mining/,visible_raw_url_in_text,0,0,0,0,3,43,yes,no,no,FAIL,delete_candidate_high,link_citation_format_fail|promotional_or_money_page_pattern|no_local_gsc_backlink_signal, and protection of each investor&#8217;s principal and generated interest. For more information about ARKMining: https://arkmining.com Read More: Earn Bitcoin income at no cost: ARKMining cloud mining plan 2. Scottminer PROS Immediate bonus and free mining. High income po,,
243999,grass-airdrop-guide,https://coincu.com/grass-airdrop-guide/,visible_raw_url_in_text,0,0,0,0,4,3,yes,no,no,FAIL,delete_candidate_high,link_citation_format_fail|promotional_or_money_page_pattern|no_local_gsc_backlink_signal,"a the Grass browser extension. Grass Airdrop Guide: Step By Step 1. Register &nbsp; your account: https://app.getgrass.io/register/ 2. Install the Grass Extension and login: h ttps://chromewebstore.google.com/detail/grass-extension 3. Once you are connected, you will start earni",,
248757,upcoming-presales-in-2024-you-wont-want-to-miss,https://coincu.com/upcoming-presales-in-2024-you-wont-want-to-miss/,visible_raw_url_in_text,0,0,0,0,0,9,yes,no,no,FAIL,delete_candidate_high,link_citation_format_fail|promotional_or_money_page_pattern|no_local_gsc_backlink_signal," insightful preview of groundbreaking technologies poised to leave a mark on the industry. Photo by Pixabay: https://www.pexels.com/photo/computer-codes-207580/ Investors, whether seasoned or new to the scene, are diligently scouting the horizon for the next revelation. The upcoming months are teeming with projects set to redefine",,
247630,coinstats-launches-ai-powered-exit-strategy,https://coincu.com/coinstats-launches-ai-powered-exit-strategy/,visible_raw_url_in_text,0,0,0,0,0,11,yes,no,no,FAIL,delete_candidate_high,link_citation_format_fail|promotional_or_money_page_pattern|no_local_gsc_backlink_signal," selling prices for your positions, this gave me the idea for a new CoinStats feature. It&#39;s called Exit Strategy… https://t.co/9bQonXHTgx &mdash; narek.eth (@narek_gevorgyan) December 18, 2023 CoinStats enables over 1 million monthly active users to track and manage their crypto holdings in real time ac",,
241194,nova-dox-introduces-revolutionary-presale-token,https://coincu.com/nova-dox-introduces-revolutionary-presale-token/,visible_raw_url_in_text,0,0,0,0,2,15,yes,no,no,FAIL,delete_candidate_high,link_citation_format_fail|promotional_or_money_page_pattern|no_local_gsc_backlink_signal,"e Nova-Dox 33x Presale Token and explore profit predictions, refer to the Litepaper available on the official website: https://www.nova-dox-token.com Connect with Nova-Dox: Website: https://www.nova-dox-token.com Twitter: https://twitter.com/nova_dox Telegram: https://t.me/novadoxtoken Explai",,
235836,avax-gamestop-memes-4m-presale-crypto-recovery,https://coincu.com/avax-gamestop-memes-4m-presale-crypto-recovery/,visible_raw_url_in_text,0,0,0,0,3,10,yes,no,no,FAIL,delete_candidate_high,link_citation_format_fail|promotional_or_money_page_pattern|no_local_gsc_backlink_signal,nal and enticing prospect within the dynamic realm of the crypto market. GameStop Memes Presale Website: https://gamestopmemes.com/ Twitter: https://twitter.com/GameStopMemes Telegram: https://t.me/GameStopMemes DISCLAIMER: The information on this website is provided as general market com,,
234022,arbitragescanner-join-affiliate-community-event,https://coincu.com/arbitragescanner-join-affiliate-community-event/,visible_raw_url_in_text,0,0,0,0,0,7,yes,no,no,FAIL,delete_candidate_high,link_citation_format_fail|promotional_or_money_page_pattern|no_local_gsc_backlink_signal,"d Pathumwan, Bangkok The event is free for all participants. All you have to do to get your ticket is register at https://arbitragescanner.io/affiliate-event-bangkok. The number of tickets is limited, so you are advised to book your place in advance. VIP tickets are also available on the website, priced at $99 and $199. There will be a s",,
233703,starknet-airdrop-snapshot-confirmed-contributors,https://coincu.com/starknet-airdrop-snapshot-confirmed-contributors/,visible_raw_url_in_text,0,0,0,0,1,10,yes,no,no,FAIL,delete_candidate_high,link_citation_format_fail|promotional_or_money_page_pattern|no_local_gsc_backlink_signal,"9 Below is the list of the top $STRK holders, which one do you think is the airdrop wallet????? Check $STRK here: https://t.co/Dfw2l697Cz pic.twitter.com/gHuomZFDEF &mdash; Scopescan (@0xScopescan) December 1, 2023 DISCLAIMER: The information on this website is provided as general market commentary a",,
227544,base-airdrop-guide-claim-airdrop-bonuses-now,https://coincu.com/base-airdrop-guide-claim-airdrop-bonuses-now/,visible_raw_url_in_text,0,0,0,0,4,36,yes,no,no,FAIL,delete_candidate_high,link_citation_format_fail|promotional_or_money_page_pattern|no_local_gsc_backlink_signal," Connect your wallet It should automatically add the Base Network to your wallet. If it doesn&#8217;t, go to&nbsp; http://chainlist.org/?search=base &nbsp;or the Base docs:&nbsp; https://docs.base.org/using-base &nbsp;and add the Base network Enter the amount of ETH you want to transfer and use the bridge Funds shoul",,
226424,linea-airdrop-guide-huge-potential,https://coincu.com/linea-airdrop-guide-huge-potential/,visible_raw_url_in_text,0,0,0,0,6,27,yes,no,no,FAIL,delete_candidate_high,link_citation_format_fail|promotional_or_money_page_pattern|no_local_gsc_backlink_signal,"a network. To get started with this method, follow these steps: Step 1: Visit the official Linea bridge at https://bridge.linea.build/ . Step 2: Connect your wallet to the platform. Step 3: Specify the amount of ETH you wish to bridge and opt for &#8216;Automatic Claiming.&#8217; Step 4",,
226370,scroll-airdrop-guide,https://coincu.com/scroll-airdrop-guide/,visible_raw_url_in_text,0,0,0,0,6,34,yes,no,no,FAIL,delete_candidate_high,link_citation_format_fail|promotional_or_money_page_pattern|no_local_gsc_backlink_signal,"l ecosystem. You need to prepare ETH on the Scroll network to have gas to bridge ETH from Ethereum to Scroll via https://scroll.io/bridge or https://app.rhino.fi/bridge . Step 1: Visit the Deployment Platform To begin your journey to eligibility, navigate to https://minter.merkly.com/deploy . On th",,
226134,layerzero-airdrop-guide,https://coincu.com/layerzero-airdrop-guide/,visible_raw_url_in_text,0,0,0,0,6,23,yes,no,no,FAIL,delete_candidate_high,link_citation_format_fail|promotional_or_money_page_pattern|no_local_gsc_backlink_signal," only remain up to speed on protocol advancements but also earn points for participation. Begin by visiting &#8216;https://discord-layerzero.netlify.app/discord&#8217; and selecting &#8216;I&#8217;m not a robot&#8217;. To join the Discord channel, click &#8216;Join LayerZero Official&#8217;. Remember to authenticate your account ",,
225670,zksync-airdrop-guide-huge-potential,https://coincu.com/zksync-airdrop-guide-huge-potential/,visible_raw_url_in_text,0,0,0,0,7,29,yes,no,no,FAIL,delete_candidate_high,link_citation_format_fail|promotional_or_money_page_pattern|no_local_gsc_backlink_signal,to provide the following network information for the zkSync Era: Network Name: zkSync Era Mainnet New RPC URL: https://mainnet.era.zksync.io Chain ID: 324 Currency Symbol: ETH Block Explorer URL: https://explorer.zksync.io/ WebSocket URL: wss://mainnet.era.zksync.io/ws Save Network : Af,,
221977,3-crypto-presales-scorpion-shiba-memu-chimpzee,https://coincu.com/3-crypto-presales-scorpion-shiba-memu-chimpzee/,visible_raw_url_in_text,0,0,0,0,3,6,yes,no,no,FAIL,delete_candidate_high,link_citation_format_fail|promotional_or_money_page_pattern|no_local_gsc_backlink_signal, may just be your ticket to crypto success in 2024. More info on Scorpion Casino Token: Presale: &nbsp;https://presale.scorpion.casino/ &nbsp; Twitter: &nbsp;https://twitter.com/ScorpionCasino Telegram: &nbsp;https://t.me/scorpioncasino_official DISCLAIMER:&nbsp; The information o,,
218513,polygon-zkevm-mainnet-network-rehash-l2-resync,https://coincu.com/polygon-zkevm-mainnet-network-rehash-l2-resync/,visible_raw_url_in_text,0,0,0,0,0,5,yes,no,no,FAIL,delete_candidate_high,link_citation_format_fail|promotional_or_money_page_pattern|no_local_gsc_backlink_signal,"sync has completed successfully and the system has resumed full activities. Thank you for your patience. Please use https://t.co/zNzVkIYTiu while Polygonscan zkEVM… https://t.co/PJbWkWLsAi &mdash; Polygon (@0xPolygon) September 18, 2023 Polygon 2.0 aims to create a network of interconnected zero knowled",,
216640,individual-manipulates-21877-zksync-wallets,https://coincu.com/individual-manipulates-21877-zksync-wallets/,visible_raw_url_in_text,0,0,0,0,0,9,yes,no,no,FAIL,delete_candidate_high,link_citation_format_fail|promotional_or_money_page_pattern|no_local_gsc_backlink_signal,"his wallets with very small amounts of ether, then he deployed Gemstone ( $GEM ) token that wasn&#39;t open source. ( https://t.co/UXS2O2fivg ) ++ pic.twitter.com/firJbfcdfL &mdash; Lingland 09. ∎ (@lingland09) September 10, 2023 To facilitate transactions between these wallets, the individual even went a",,
215710,changpeng-zhao-clarifies-cramers-statements,https://coincu.com/changpeng-zhao-clarifies-cramers-statements/,visible_raw_url_in_text,0,0,0,0,0,7,yes,no,no,FAIL,delete_candidate_high,link_citation_format_fail|promotional_or_money_page_pattern|no_local_gsc_backlink_signal,"h remarks about Binance and the BNB token. phew… saved. ???? Don’t believe in a photoshopped image, guys. 4 https://t.co/3jX2LvMQOV &mdash; CZ ???? BNB (@cz_binance) September 5, 2023 The screenshot in question showed Cramer supposedly saying: &#8220;CZ looks like a good guy, I’m bullish he",,
215551,smart-whale-with-100-win-rate-and-1inch-are-eth,https://coincu.com/smart-whale-with-100-win-rate-and-1inch-are-eth/,visible_raw_url_in_text,0,0,0,0,0,12,yes,no,no,FAIL,delete_candidate_high,link_citation_format_fail|promotional_or_money_page_pattern|no_local_gsc_backlink_signal,"an average price of $1,569 on Jan 13, Feb 9 and Mar 14. Then sold 11K $ETH ($21M) at $1,906 on July 5, making ~$3.7M. https://t.co/QhEm3M9Mm7 pic.twitter.com/JUxzA8hFom &mdash; Lookonchain (@lookonchain) August 28, 2023 DISCLAIMER:&nbsp; The Information on this website is provided as general market co",,
215424,stakecom-casino-exploit-results-in-41-3-m,https://coincu.com/stakecom-casino-exploit-results-in-41-3-m/,visible_raw_url_in_text,0,0,0,0,0,5,yes,no,no,FAIL,delete_candidate_high,link_citation_format_fail|promotional_or_money_page_pattern|no_local_gsc_backlink_signal,"k ETH, 3.9 million USDT, 1.1 million USDC and 900,000 DAI, which have been transferred or exchanged for other assets. https://t.co/t96JnkLGlz &mdash; Wu Blockchain (@WuBlockchain) September 4, 2023 Additionally, blockchain sleuth ZachXBT backed up Cyvers&#8217; claim, stating that another $25.6 million had ",,
215197,ai-society-launches-node-sale-on-sep-3rd,https://coincu.com/ai-society-launches-node-sale-on-sep-3rd/,visible_raw_url_in_text,0,0,0,0,0,7,yes,no,no,FAIL,delete_candidate_high,link_citation_format_fail|promotional_or_money_page_pattern|no_local_gsc_backlink_signal,ment and avenues for personal advancement. Media contacts: Company Name: AI Society Website: : https://www.aisociety.space/ Documentation https://ai-society-2.gitbook.io/ai.society E-mail: hello@aisociety.space Social Links: Twitter https://x.com/aisocietylabs ,,
214182,optimism-transfer-initial-op-token-to-base,https://coincu.com/optimism-transfer-initial-op-token-to-base/,visible_raw_url_in_text,0,0,0,0,0,5,yes,no,no,FAIL,delete_candidate_high,link_citation_format_fail|promotional_or_money_page_pattern|no_local_gsc_backlink_signal,"to Base. We’re sharing as a heads up that this is a planned transaction. Learn more about our collaboration with Base: https://t.co/a7pEMg1fn9 &mdash; Optimism (✨????_????✨) (@optimismFND) August 28, 2023 According to the blog post by Optimism Collective, Base smart contracts can only be upgraded via 2/2 m",,
214052,blockchain-146-billion-usdt-asian,https://coincu.com/blockchain-146-billion-usdt-asian/,visible_raw_url_in_text,0,0,0,0,0,3,yes,no,no,FAIL,delete_candidate_high,link_citation_format_fail|promotional_or_money_page_pattern|no_local_gsc_backlink_signal,ute investment advice. We encourage you to do your own research before investing. Join us to keep track of news: https://linktr.ee/coincu Chubbi Coincu News ,,
213884,1inch-funds-bold-10m-eth-purchase-elevates,https://coincu.com/1inch-funds-bold-10m-eth-purchase-elevates/,visible_raw_url_in_text,0,0,0,0,0,10,yes,no,no,FAIL,delete_candidate_high,link_citation_format_fail|promotional_or_money_page_pattern|no_local_gsc_backlink_signal,"an average price of $1,569 on Jan 13, Feb 9 and Mar 14. Then sold 11K $ETH ($21M) at $1,906 on July 5, making ~$3.7M. https://t.co/QhEm3M9Mm7 pic.twitter.com/JUxzA8hFom &mdash; Lookonchain (@lookonchain) August 28, 2023 This latest acquisition adds to the wallet&#8217;s impressive crypto portfolio, as i",,
213722,shibaswap-bone-bullish-surge-of-18-7,https://coincu.com/shibaswap-bone-bullish-surge-of-18-7/,visible_raw_url_in_text,0,0,0,0,0,3,yes,no,no,FAIL,delete_candidate_high,link_citation_format_fail|promotional_or_money_page_pattern|no_local_gsc_backlink_signal,ute investment advice. We encourage you to do your own research before investing. Join us to keep track of news: https://linktr.ee/coincu Chubbi Coincu News ,,
213686,upbits-dunamus-significant-sales-drop,https://coincu.com/upbits-dunamus-significant-sales-drop/,visible_raw_url_in_text,0,0,0,0,0,3,yes,no,no,FAIL,delete_candidate_high,link_citation_format_fail|promotional_or_money_page_pattern|no_local_gsc_backlink_signal,ute investment advice. We encourage you to do your own research before investing. Join us to keep track of news: https://linktr.ee/coincu Chubbi Coincu News ,,
