source_url,source_type,source_id,old_link,new_link,old_count_found_in_raw,status
https://coincu.com/mastercard-partners-bitoasis/,posts,136914,https://coincu.com/c/casino-reviews/,https://coincu.com/casino-reviews/,0,no_match_in_raw
https://coincu.com/mastercard-partners-bitoasis/,posts,136914,https://coincu.com/c/pr/press-release/,https://coincu.com/pr/press-release/,0,no_match_in_raw
https://coincu.com/mastercard-partners-bitoasis/,posts,136914,https://coincu.com/c/news,https://coincu.com/news/,0,no_match_in_raw
https://coincu.com/top-cryptos-to-invest-in-february-2025-qubetics-xrp-and-algorand-show-the-way/,posts,323721,https://coincu.com/c/casino-reviews/,https://coincu.com/casino-reviews/,0,no_match_in_raw
https://coincu.com/top-cryptos-to-invest-in-february-2025-qubetics-xrp-and-algorand-show-the-way/,posts,323721,https://coincu.com/c/pr/press-release/,https://coincu.com/pr/press-release/,0,no_match_in_raw
https://coincu.com/top-cryptos-to-invest-in-february-2025-qubetics-xrp-and-algorand-show-the-way/,posts,323721,https://coincu.com/c/cmc,https://coincu.com/cmc/,0,no_match_in_raw
https://coincu.com/weekly-top-crypto-news-june-12-june-18/,posts,196022,https://coincu.com/c/casino-reviews/,https://coincu.com/casino-reviews/,0,no_match_in_raw
https://coincu.com/weekly-top-crypto-news-june-12-june-18/,posts,196022,https://coincu.com/c/pr/press-release/,https://coincu.com/pr/press-release/,0,no_match_in_raw
https://coincu.com/weekly-top-crypto-news-june-12-june-18/,posts,196022,https://coincu.com/c/uncategorized,https://coincu.com/uncategorized/,0,no_match_in_raw
https://coincu.com/atomic-wallet-0-1-of-users-affected/,posts,197061,https://coincu.com/c/casino-reviews/,https://coincu.com/casino-reviews/,0,no_match_in_raw
https://coincu.com/atomic-wallet-0-1-of-users-affected/,posts,197061,https://coincu.com/c/pr/press-release/,https://coincu.com/pr/press-release/,0,no_match_in_raw
https://coincu.com/atomic-wallet-0-1-of-users-affected/,posts,197061,https://coincu.com/c/scam-alert,https://coincu.com/scam-alert/,0,no_match_in_raw
https://coincu.com/fbi-recovers-40-million-in-stolen-bitcoins/,posts,212767,https://coincu.com/c/casino-reviews/,https://coincu.com/casino-reviews/,0,no_match_in_raw
https://coincu.com/fbi-recovers-40-million-in-stolen-bitcoins/,posts,212767,https://coincu.com/c/pr/press-release/,https://coincu.com/pr/press-release/,0,no_match_in_raw
https://coincu.com/fbi-recovers-40-million-in-stolen-bitcoins/,posts,212767,https://coincu.com/c/news,https://coincu.com/news/,0,no_match_in_raw
https://coincu.com/estonian-100-million-atomic-wallet/,posts,195196,https://coincu.com/c/casino-reviews/,https://coincu.com/casino-reviews/,0,no_match_in_raw
https://coincu.com/estonian-100-million-atomic-wallet/,posts,195196,https://coincu.com/c/pr/press-release/,https://coincu.com/pr/press-release/,0,no_match_in_raw
https://coincu.com/estonian-100-million-atomic-wallet/,posts,195196,https://coincu.com/c/news,https://coincu.com/news/,0,no_match_in_raw
https://coincu.com/north-korean-hackers-linked-atomic-wallet/,posts,195462,https://coincu.com/c/casino-reviews/,https://coincu.com/casino-reviews/,0,no_match_in_raw
https://coincu.com/north-korean-hackers-linked-atomic-wallet/,posts,195462,https://coincu.com/c/pr/press-release/,https://coincu.com/pr/press-release/,0,no_match_in_raw
https://coincu.com/north-korean-hackers-linked-atomic-wallet/,posts,195462,https://coincu.com/c/scam-alert,https://coincu.com/scam-alert/,0,no_match_in_raw
https://coincu.com/atomic-wallet-hack-more-complicated/,posts,194945,https://coincu.com/c/casino-reviews/,https://coincu.com/casino-reviews/,0,no_match_in_raw
https://coincu.com/atomic-wallet-hack-more-complicated/,posts,194945,https://coincu.com/c/pr/press-release/,https://coincu.com/pr/press-release/,0,no_match_in_raw
https://coincu.com/atomic-wallet-hack-more-complicated/,posts,194945,https://coincu.com/c/news,https://coincu.com/news/,0,no_match_in_raw
https://coincu.com/north-korean-hackers-funds-crypto/,posts,154713,https://coincu.com/c/casino-reviews/,https://coincu.com/casino-reviews/,0,no_match_in_raw
https://coincu.com/north-korean-hackers-funds-crypto/,posts,154713,https://coincu.com/c/pr/press-release/,https://coincu.com/pr/press-release/,0,no_match_in_raw
https://coincu.com/north-korean-hackers-funds-crypto/,posts,154713,https://coincu.com/c/news,https://coincu.com/news/,0,no_match_in_raw
https://coincu.com/north-koreas-cyber-theft-illegal-funds-funneled/,posts,206540,https://coincu.com/c/casino-reviews/,https://coincu.com/casino-reviews/,0,no_match_in_raw
https://coincu.com/north-koreas-cyber-theft-illegal-funds-funneled/,posts,206540,https://coincu.com/c/pr/press-release/,https://coincu.com/pr/press-release/,0,no_match_in_raw
https://coincu.com/north-koreas-cyber-theft-illegal-funds-funneled/,posts,206540,https://coincu.com/c/news,https://coincu.com/news/,0,no_match_in_raw
https://coincu.com/north-korean-hackers-steal-millions-crypto/,posts,156154,https://coincu.com/c/casino-reviews/,https://coincu.com/casino-reviews/,0,no_match_in_raw
https://coincu.com/north-korean-hackers-steal-millions-crypto/,posts,156154,https://coincu.com/c/pr/press-release/,https://coincu.com/pr/press-release/,0,no_match_in_raw
https://coincu.com/north-korean-hackers-steal-millions-crypto/,posts,156154,https://coincu.com/c/news,https://coincu.com/news/,0,no_match_in_raw
https://coincu.com/okxnft-released-bitcoin-ordinal-nft/,posts,171605,https://coincu.com/c/casino-reviews/,https://coincu.com/casino-reviews/,0,no_match_in_raw
https://coincu.com/okxnft-released-bitcoin-ordinal-nft/,posts,171605,https://coincu.com/c/pr/press-release/,https://coincu.com/pr/press-release/,0,no_match_in_raw
https://coincu.com/okxnft-released-bitcoin-ordinal-nft/,posts,171605,https://coincu.com/c/nft,https://coincu.com/nft/,0,no_match_in_raw
https://coincu.com/yuga-labs-latest-inscription-nft-collection/,posts,170568,https://coincu.com/c/casino-reviews/,https://coincu.com/casino-reviews/,0,no_match_in_raw
https://coincu.com/yuga-labs-latest-inscription-nft-collection/,posts,170568,https://coincu.com/c/pr/press-release/,https://coincu.com/pr/press-release/,0,no_match_in_raw
https://coincu.com/yuga-labs-latest-inscription-nft-collection/,posts,170568,https://coincu.com/c/nfts-news,https://coincu.com/nfts-news/,0,no_match_in_raw
https://coincu.com/bayc-announces-apefest-in-hong-kong-nov-3-5/,posts,202762,https://coincu.com/c/casino-reviews/,https://coincu.com/casino-reviews/,0,no_match_in_raw
https://coincu.com/bayc-announces-apefest-in-hong-kong-nov-3-5/,posts,202762,https://coincu.com/c/pr/press-release/,https://coincu.com/pr/press-release/,0,no_match_in_raw
https://coincu.com/bayc-announces-apefest-in-hong-kong-nov-3-5/,posts,202762,https://coincu.com/c/nfts-news,https://coincu.com/nfts-news/,0,no_match_in_raw
https://coincu.com/instagram-facebook-discontinue-nft-support/,posts,179560,https://coincu.com/c/casino-reviews/,https://coincu.com/casino-reviews/,0,no_match_in_raw
https://coincu.com/instagram-facebook-discontinue-nft-support/,posts,179560,https://coincu.com/c/pr/press-release/,https://coincu.com/pr/press-release/,0,no_match_in_raw
https://coincu.com/instagram-facebook-discontinue-nft-support/,posts,179560,https://coincu.com/c/nfts-news,https://coincu.com/nfts-news/,0,no_match_in_raw
https://coincu.com/bybit-sees-massive-bitcoin-withdrawals/,posts,214309,https://coincu.com/c/casino-reviews/,https://coincu.com/casino-reviews/,0,no_match_in_raw
https://coincu.com/bybit-sees-massive-bitcoin-withdrawals/,posts,214309,https://coincu.com/c/pr/press-release/,https://coincu.com/pr/press-release/,0,no_match_in_raw
https://coincu.com/bybit-sees-massive-bitcoin-withdrawals/,posts,214309,https://coincu.com/c/bitcoin,https://coincu.com/bitcoin/,0,no_match_in_raw
https://coincu.com/sudoswap-nft-market-with-amm-on-ethereum/,posts,179275,https://coincu.com/c/casino-reviews/,https://coincu.com/casino-reviews/,0,no_match_in_raw
https://coincu.com/sudoswap-nft-market-with-amm-on-ethereum/,posts,179275,https://coincu.com/c/pr/press-release/,https://coincu.com/pr/press-release/,0,no_match_in_raw
https://coincu.com/sudoswap-nft-market-with-amm-on-ethereum/,posts,179275,https://coincu.com/c/defi-reviews,https://coincu.com/defi-reviews/,0,no_match_in_raw
https://coincu.com/how-fierce-is-the-nft-marketplace-war-going/,posts,211958,https://coincu.com/c/casino-reviews/,https://coincu.com/casino-reviews/,0,no_match_in_raw
https://coincu.com/how-fierce-is-the-nft-marketplace-war-going/,posts,211958,https://coincu.com/c/pr/press-release/,https://coincu.com/pr/press-release/,0,no_match_in_raw
https://coincu.com/how-fierce-is-the-nft-marketplace-war-going/,posts,211958,https://coincu.com/c/knowledge,https://coincu.com/knowledge/,0,no_match_in_raw
https://coincu.com/zora-nft-marketplace-protect-creators-right/,posts,197043,https://coincu.com/c/casino-reviews/,https://coincu.com/casino-reviews/,0,no_match_in_raw
https://coincu.com/zora-nft-marketplace-protect-creators-right/,posts,197043,https://coincu.com/c/pr/press-release/,https://coincu.com/pr/press-release/,0,no_match_in_raw
https://coincu.com/zora-nft-marketplace-protect-creators-right/,posts,197043,https://coincu.com/c/other-reviews,https://coincu.com/other-reviews/,0,no_match_in_raw
https://coincu.com/okx-partner-of-man-city/,posts,199288,https://coincu.com/c/casino-reviews/,https://coincu.com/casino-reviews/,0,no_match_in_raw
https://coincu.com/okx-partner-of-man-city/,posts,199288,https://coincu.com/c/pr/press-release/,https://coincu.com/pr/press-release/,0,no_match_in_raw
https://coincu.com/okx-partner-of-man-city/,posts,199288,https://coincu.com/c/news,https://coincu.com/news/,0,no_match_in_raw
https://coincu.com/the-new-taste-of-trading/,posts,131308,https://coincu.com/c/casino-reviews/,https://coincu.com/casino-reviews/,0,no_match_in_raw
https://coincu.com/the-new-taste-of-trading/,posts,131308,https://coincu.com/c/pr/press-release/,https://coincu.com/pr/press-release/,0,no_match_in_raw
https://coincu.com/the-new-taste-of-trading/,posts,131308,https://coincu.com/c/news,https://coincu.com/news/,0,no_match_in_raw
https://coincu.com/okx-will-pay-more-than-20-million/,posts,107472,https://coincu.com/c/casino-reviews/,https://coincu.com/casino-reviews/,0,no_match_in_raw
https://coincu.com/okx-will-pay-more-than-20-million/,posts,107472,https://coincu.com/c/pr/press-release/,https://coincu.com/pr/press-release/,0,no_match_in_raw
https://coincu.com/okx-will-pay-more-than-20-million/,posts,107472,https://coincu.com/c/news,https://coincu.com/news/,0,no_match_in_raw
https://coincu.com/binance-appoints-new-chief-marketing-officer/,posts,217486,https://coincu.com/c/casino-reviews/,https://coincu.com/casino-reviews/,0,no_match_in_raw
https://coincu.com/binance-appoints-new-chief-marketing-officer/,posts,217486,https://coincu.com/c/pr/press-release/,https://coincu.com/pr/press-release/,0,no_match_in_raw
https://coincu.com/binance-appoints-new-chief-marketing-officer/,posts,217486,https://coincu.com/c/news,https://coincu.com/news/,0,no_match_in_raw
https://coincu.com/okx-nears-final-licensing-stage-in-hong-kong/,posts,215380,https://coincu.com/c/casino-reviews/,https://coincu.com/casino-reviews/,0,no_match_in_raw
https://coincu.com/okx-nears-final-licensing-stage-in-hong-kong/,posts,215380,https://coincu.com/c/pr/press-release/,https://coincu.com/pr/press-release/,0,no_match_in_raw
https://coincu.com/okx-nears-final-licensing-stage-in-hong-kong/,posts,215380,https://coincu.com/c/news,https://coincu.com/news/,0,no_match_in_raw
https://coincu.com/tezos-co-founder-explained-next-upgrade/,posts,126847,https://coincu.com/c/casino-reviews/,https://coincu.com/casino-reviews/,0,no_match_in_raw
https://coincu.com/tezos-co-founder-explained-next-upgrade/,posts,126847,https://coincu.com/c/pr/press-release/,https://coincu.com/pr/press-release/,0,no_match_in_raw
https://coincu.com/tezos-co-founder-explained-next-upgrade/,posts,126847,https://coincu.com/c/blockchain,https://coincu.com/blockchain/,0,no_match_in_raw
https://coincu.com/top-cryptos-for-massive-growth-qubetics-polkadot-and-sui-a-comparative-analysis-for-the-future-of-blockchain/,posts,323203,https://coincu.com/c/casino-reviews/,https://coincu.com/casino-reviews/,0,no_match_in_raw
https://coincu.com/top-cryptos-for-massive-growth-qubetics-polkadot-and-sui-a-comparative-analysis-for-the-future-of-blockchain/,posts,323203,https://coincu.com/c/pr/press-release/,https://coincu.com/pr/press-release/,0,no_match_in_raw
https://coincu.com/top-cryptos-for-massive-growth-qubetics-polkadot-and-sui-a-comparative-analysis-for-the-future-of-blockchain/,posts,323203,https://coincu.com/c/cmc,https://coincu.com/cmc/,0,no_match_in_raw
https://coincu.com/top-10-best-real-world-asset-coins-in-2024/,posts,234261,https://coincu.com/c/casino-reviews/,https://coincu.com/casino-reviews/,0,no_match_in_raw
https://coincu.com/top-10-best-real-world-asset-coins-in-2024/,posts,234261,https://coincu.com/c/pr/press-release/,https://coincu.com/pr/press-release/,0,no_match_in_raw
https://coincu.com/top-10-best-real-world-asset-coins-in-2024/,posts,234261,https://coincu.com/c/top-projects,https://coincu.com/top-projects/,0,no_match_in_raw
https://coincu.com/best-meme-coins-to-buy-now-arctic-pablo-trump-book-of-meme/,posts,322440,https://coincu.com/c/casino-reviews/,https://coincu.com/casino-reviews/,0,no_match_in_raw
https://coincu.com/best-meme-coins-to-buy-now-arctic-pablo-trump-book-of-meme/,posts,322440,https://coincu.com/c/pr/press-release/,https://coincu.com/pr/press-release/,0,no_match_in_raw
https://coincu.com/best-meme-coins-to-buy-now-arctic-pablo-trump-book-of-meme/,posts,322440,https://coincu.com/c/cmc,https://coincu.com/cmc/,0,no_match_in_raw
https://coincu.com/best-cryptos-for-passive-income-a-deep-dive-into-qubetics-xrp-and-algorand/,posts,321691,https://coincu.com/c/casino-reviews/,https://coincu.com/casino-reviews/,0,no_match_in_raw
https://coincu.com/best-cryptos-for-passive-income-a-deep-dive-into-qubetics-xrp-and-algorand/,posts,321691,https://coincu.com/c/pr/press-release/,https://coincu.com/pr/press-release/,0,no_match_in_raw
https://coincu.com/best-cryptos-for-passive-income-a-deep-dive-into-qubetics-xrp-and-algorand/,posts,321691,https://coincu.com/c/cmc,https://coincu.com/cmc/,0,no_match_in_raw
https://coincu.com/arctic-pablo-is-among-the-best-new-meme-coins-to-buy-for-2025-as-goatseus-maximus-and-cat-in-a-dogs-world-soar/,posts,305429,https://coincu.com/c/casino-reviews/,https://coincu.com/casino-reviews/,0,no_match_in_raw
https://coincu.com/arctic-pablo-is-among-the-best-new-meme-coins-to-buy-for-2025-as-goatseus-maximus-and-cat-in-a-dogs-world-soar/,posts,305429,https://coincu.com/c/pr/press-release/,https://coincu.com/pr/press-release/,0,no_match_in_raw
https://coincu.com/arctic-pablo-is-among-the-best-new-meme-coins-to-buy-for-2025-as-goatseus-maximus-and-cat-in-a-dogs-world-soar/,posts,305429,https://coincu.com/c/cmc,https://coincu.com/cmc/,0,no_match_in_raw
https://coincu.com/regretting-missing-aptos-ico-heres-why-qubetics-might-be-the-next-best-performing-crypto/,posts,305453,https://coincu.com/c/casino-reviews/,https://coincu.com/casino-reviews/,0,no_match_in_raw
https://coincu.com/regretting-missing-aptos-ico-heres-why-qubetics-might-be-the-next-best-performing-crypto/,posts,305453,https://coincu.com/c/pr/press-release/,https://coincu.com/pr/press-release/,0,no_match_in_raw
https://coincu.com/regretting-missing-aptos-ico-heres-why-qubetics-might-be-the-next-best-performing-crypto/,posts,305453,https://coincu.com/c/cmc,https://coincu.com/cmc/,0,no_match_in_raw
https://coincu.com/the-best-cryptos-to-buy-this-month-did-we-miss-trons-hype-dont-miss-qubetics-now/,posts,303813,https://coincu.com/c/casino-reviews/,https://coincu.com/casino-reviews/,0,no_match_in_raw
https://coincu.com/the-best-cryptos-to-buy-this-month-did-we-miss-trons-hype-dont-miss-qubetics-now/,posts,303813,https://coincu.com/c/pr/press-release/,https://coincu.com/pr/press-release/,0,no_match_in_raw
https://coincu.com/the-best-cryptos-to-buy-this-month-did-we-miss-trons-hype-dont-miss-qubetics-now/,posts,303813,https://coincu.com/c/cmc,https://coincu.com/cmc/,0,no_match_in_raw
https://coincu.com/nexo-to-launch-non-custodial-wallet/,posts,149184,https://coincu.com/c/casino-reviews/,https://coincu.com/casino-reviews/,0,no_match_in_raw
https://coincu.com/nexo-to-launch-non-custodial-wallet/,posts,149184,https://coincu.com/c/pr/press-release/,https://coincu.com/pr/press-release/,0,no_match_in_raw
https://coincu.com/nexo-to-launch-non-custodial-wallet/,posts,149184,https://coincu.com/c/news,https://coincu.com/news/,0,no_match_in_raw
https://coincu.com/qubetics-hits-6-8m-milestone-tics-price-soars-to-0-0342/,posts,297304,https://coincu.com/c/casino-reviews/,https://coincu.com/casino-reviews/,0,no_match_in_raw
https://coincu.com/qubetics-hits-6-8m-milestone-tics-price-soars-to-0-0342/,posts,297304,https://coincu.com/c/pr/press-release/,https://coincu.com/pr/press-release/,0,no_match_in_raw
https://coincu.com/qubetics-hits-6-8m-milestone-tics-price-soars-to-0-0342/,posts,297304,https://coincu.com/c/cmc,https://coincu.com/cmc/,0,no_match_in_raw
https://coincu.com/best-altcoins-to-buy-today-qubetics-multichain-wallet-cosmos-network-expansion-and-zignalys-copy-trading-surge/,posts,296886,https://coincu.com/c/casino-reviews/,https://coincu.com/casino-reviews/,0,no_match_in_raw
https://coincu.com/best-altcoins-to-buy-today-qubetics-multichain-wallet-cosmos-network-expansion-and-zignalys-copy-trading-surge/,posts,296886,https://coincu.com/c/pr/press-release/,https://coincu.com/pr/press-release/,0,no_match_in_raw
https://coincu.com/best-altcoins-to-buy-today-qubetics-multichain-wallet-cosmos-network-expansion-and-zignalys-copy-trading-surge/,posts,296886,https://coincu.com/c/cmc,https://coincu.com/cmc/,0,no_match_in_raw
https://coincu.com/qubetics-powers-ahead-with-qubeqode-ide-discover-the-best-altcoins-to-invest-in-now/,posts,300214,https://coincu.com/c/casino-reviews/,https://coincu.com/casino-reviews/,0,no_match_in_raw
https://coincu.com/qubetics-powers-ahead-with-qubeqode-ide-discover-the-best-altcoins-to-invest-in-now/,posts,300214,https://coincu.com/c/pr/press-release/,https://coincu.com/pr/press-release/,0,no_match_in_raw
https://coincu.com/qubetics-powers-ahead-with-qubeqode-ide-discover-the-best-altcoins-to-invest-in-now/,posts,300214,https://coincu.com/c/cmc,https://coincu.com/cmc/,0,no_match_in_raw
https://coincu.com/solana-has-lost-over-50-billion-in-value/,posts,156939,https://coincu.com/c/casino-reviews/,https://coincu.com/casino-reviews/,0,no_match_in_raw
https://coincu.com/solana-has-lost-over-50-billion-in-value/,posts,156939,https://coincu.com/c/pr/press-release/,https://coincu.com/pr/press-release/,0,no_match_in_raw
https://coincu.com/solana-has-lost-over-50-billion-in-value/,posts,156939,https://coincu.com/c/news,https://coincu.com/news/,0,no_match_in_raw
https://coincu.com/mfers-review/,posts,194271,https://coincu.com/c/casino-reviews/,https://coincu.com/casino-reviews/,0,no_match_in_raw
https://coincu.com/mfers-review/,posts,194271,https://coincu.com/c/pr/press-release/,https://coincu.com/pr/press-release/,0,no_match_in_raw
https://coincu.com/mfers-review/,posts,194271,https://coincu.com/c/other-reviews,https://coincu.com/other-reviews/,0,no_match_in_raw
https://coincu.com/cyberkongz-introduces-on-chain-2fa-with-erc-721x/,posts,197996,https://coincu.com/c/casino-reviews/,https://coincu.com/casino-reviews/,0,no_match_in_raw
https://coincu.com/cyberkongz-introduces-on-chain-2fa-with-erc-721x/,posts,197996,https://coincu.com/c/pr/press-release/,https://coincu.com/pr/press-release/,0,no_match_in_raw
https://coincu.com/cyberkongz-introduces-on-chain-2fa-with-erc-721x/,posts,197996,https://coincu.com/c/nfts-news,https://coincu.com/nfts-news/,0,no_match_in_raw
https://coincu.com/cyberkongz-plans-migration-to-ronin/,posts,205878,https://coincu.com/c/casino-reviews/,https://coincu.com/casino-reviews/,0,no_match_in_raw
https://coincu.com/cyberkongz-plans-migration-to-ronin/,posts,205878,https://coincu.com/c/pr/press-release/,https://coincu.com/pr/press-release/,0,no_match_in_raw
https://coincu.com/cyberkongz-plans-migration-to-ronin/,posts,205878,https://coincu.com/c/nft,https://coincu.com/nft/,0,no_match_in_raw
https://coincu.com/sappy-seals-review-nft-collection-has-an-impressive-community/,posts,195904,https://coincu.com/c/casino-reviews/,https://coincu.com/casino-reviews/,0,no_match_in_raw
https://coincu.com/sappy-seals-review-nft-collection-has-an-impressive-community/,posts,195904,https://coincu.com/c/pr/press-release/,https://coincu.com/pr/press-release/,0,no_match_in_raw
https://coincu.com/sappy-seals-review-nft-collection-has-an-impressive-community/,posts,195904,https://coincu.com/c/other-reviews,https://coincu.com/other-reviews/,0,no_match_in_raw
https://coincu.com/bitcoins-longterm-differences-with-litecoin-show-why-1fuel-oft-forward-thinking-tech-will-be-a-force-to-reckon-with/,posts,321315,https://coincu.com/c/casino-reviews/,https://coincu.com/casino-reviews/,0,no_match_in_raw
https://coincu.com/bitcoins-longterm-differences-with-litecoin-show-why-1fuel-oft-forward-thinking-tech-will-be-a-force-to-reckon-with/,posts,321315,https://coincu.com/c/pr/press-release/,https://coincu.com/pr/press-release/,0,no_match_in_raw
https://coincu.com/bitcoins-longterm-differences-with-litecoin-show-why-1fuel-oft-forward-thinking-tech-will-be-a-force-to-reckon-with/,posts,321315,https://coincu.com/c/cmc,https://coincu.com/cmc/,0,no_match_in_raw
https://coincu.com/big-funds-are-moving-from-xrp-cardano-into-unknown-launch-is-1fuel-the-next-crypto-secret-boom/,posts,309590,https://coincu.com/c/casino-reviews/,https://coincu.com/casino-reviews/,0,no_match_in_raw
https://coincu.com/big-funds-are-moving-from-xrp-cardano-into-unknown-launch-is-1fuel-the-next-crypto-secret-boom/,posts,309590,https://coincu.com/c/press-release,https://coincu.com/press-release/,0,no_match_in_raw
https://coincu.com/big-funds-are-moving-from-xrp-cardano-into-unknown-launch-is-1fuel-the-next-crypto-secret-boom/,posts,309590,https://coincu.com/c/pr/press-release/,https://coincu.com/pr/press-release/,0,no_match_in_raw
https://coincu.com/qubetics-decentralised-vpn-avalanches-speed-and-polkadots-interoperability-the-best-cryptos-to-invest-in-now-for-2025-profits/,posts,300075,https://coincu.com/c/casino-reviews/,https://coincu.com/casino-reviews/,0,no_match_in_raw
https://coincu.com/qubetics-decentralised-vpn-avalanches-speed-and-polkadots-interoperability-the-best-cryptos-to-invest-in-now-for-2025-profits/,posts,300075,https://coincu.com/c/pr/press-release/,https://coincu.com/pr/press-release/,0,no_match_in_raw
https://coincu.com/qubetics-decentralised-vpn-avalanches-speed-and-polkadots-interoperability-the-best-cryptos-to-invest-in-now-for-2025-profits/,posts,300075,https://coincu.com/c/cmc,https://coincu.com/cmc/,0,no_match_in_raw
https://coincu.com/cbdc-cross-border-testing-completed/,posts,220790,https://coincu.com/c/casino-reviews/,https://coincu.com/casino-reviews/,0,no_match_in_raw
https://coincu.com/cbdc-cross-border-testing-completed/,posts,220790,https://coincu.com/c/pr/press-release/,https://coincu.com/pr/press-release/,0,no_match_in_raw
https://coincu.com/cbdc-cross-border-testing-completed/,posts,220790,https://coincu.com/c/news,https://coincu.com/news/,0,no_match_in_raw
https://coincu.com/top-5-crypto-friendly-countries/,posts,222819,https://coincu.com/c/casino-reviews/,https://coincu.com/casino-reviews/,0,no_match_in_raw
https://coincu.com/top-5-crypto-friendly-countries/,posts,222819,https://coincu.com/c/pr/press-release/,https://coincu.com/pr/press-release/,0,no_match_in_raw
https://coincu.com/top-5-crypto-friendly-countries/,posts,222819,https://coincu.com/c/knowledge,https://coincu.com/knowledge/,0,no_match_in_raw
https://coincu.com/hong-kong-crypto-tax-exemption-proposed/,posts,294204,https://coincu.com/c/casino-reviews/,https://coincu.com/casino-reviews/,0,no_match_in_raw
https://coincu.com/hong-kong-crypto-tax-exemption-proposed/,posts,294204,https://coincu.com/c/pr/press-release/,https://coincu.com/pr/press-release/,0,no_match_in_raw
https://coincu.com/hong-kong-crypto-tax-exemption-proposed/,posts,294204,https://coincu.com/c/news,https://coincu.com/news/,0,no_match_in_raw
https://coincu.com/iosts-nft-blockchain-traceability-tencent-cloud/,posts,210815,https://coincu.com/c/casino-reviews/,https://coincu.com/casino-reviews/,0,no_match_in_raw
https://coincu.com/iosts-nft-blockchain-traceability-tencent-cloud/,posts,210815,https://coincu.com/c/pr/press-release/,https://coincu.com/pr/press-release/,0,no_match_in_raw
https://coincu.com/iosts-nft-blockchain-traceability-tencent-cloud/,posts,210815,https://coincu.com/c/news,https://coincu.com/news/,0,no_match_in_raw
https://coincu.com/tencent-clouds-empower-web3-developers/,posts,168974,https://coincu.com/c/casino-reviews/,https://coincu.com/casino-reviews/,0,no_match_in_raw
https://coincu.com/tencent-clouds-empower-web3-developers/,posts,168974,https://coincu.com/c/pr/press-release/,https://coincu.com/pr/press-release/,0,no_match_in_raw
https://coincu.com/tencent-clouds-empower-web3-developers/,posts,168974,https://coincu.com/c/news,https://coincu.com/news/,0,no_match_in_raw
https://coincu.com/chainbase-series-a-funding-secures-15m-tencent/,posts,268548,https://coincu.com/c/casino-reviews/,https://coincu.com/casino-reviews/,0,no_match_in_raw
https://coincu.com/chainbase-series-a-funding-secures-15m-tencent/,posts,268548,https://coincu.com/c/pr/press-release/,https://coincu.com/pr/press-release/,0,no_match_in_raw
https://coincu.com/chainbase-series-a-funding-secures-15m-tencent/,posts,268548,https://coincu.com/c/news,https://coincu.com/news/,0,no_match_in_raw
https://coincu.com/ankr-and-tencent-cloud-web3-space/,posts,169249,https://coincu.com/c/casino-reviews/,https://coincu.com/casino-reviews/,0,no_match_in_raw
https://coincu.com/ankr-and-tencent-cloud-web3-space/,posts,169249,https://coincu.com/c/pr/press-release/,https://coincu.com/pr/press-release/,0,no_match_in_raw
https://coincu.com/ankr-and-tencent-cloud-web3-space/,posts,169249,https://coincu.com/c/uncategorized,https://coincu.com/uncategorized/,0,no_match_in_raw
https://coincu.com/china-suppress-cryptocurrency/,posts,116322,https://coincu.com/c/casino-reviews/,https://coincu.com/casino-reviews/,0,no_match_in_raw
https://coincu.com/china-suppress-cryptocurrency/,posts,116322,https://coincu.com/c/pr/press-release/,https://coincu.com/pr/press-release/,0,no_match_in_raw
https://coincu.com/china-suppress-cryptocurrency/,posts,116322,https://coincu.com/c/news,https://coincu.com/news/,0,no_match_in_raw
https://coincu.com/multiversx-teams-up-with-tencent/,posts,167737,https://coincu.com/c/casino-reviews/,https://coincu.com/casino-reviews/,0,no_match_in_raw
https://coincu.com/multiversx-teams-up-with-tencent/,posts,167737,https://coincu.com/c/pr/press-release/,https://coincu.com/pr/press-release/,0,no_match_in_raw
https://coincu.com/multiversx-teams-up-with-tencent/,posts,167737,https://coincu.com/c/uncategorized,https://coincu.com/uncategorized/,0,no_match_in_raw
https://coincu.com/cz-smashes-rumors/,posts,171438,https://coincu.com/c/casino-reviews/,https://coincu.com/casino-reviews/,0,no_match_in_raw
https://coincu.com/cz-smashes-rumors/,posts,171438,https://coincu.com/c/pr/press-release/,https://coincu.com/pr/press-release/,0,no_match_in_raw
https://coincu.com/cz-smashes-rumors/,posts,171438,https://coincu.com/c/news,https://coincu.com/news/,0,no_match_in_raw
https://coincu.com/strike-expands-bitcoin-payments/,posts,188741,https://coincu.com/c/casino-reviews/,https://coincu.com/casino-reviews/,0,no_match_in_raw
https://coincu.com/strike-expands-bitcoin-payments/,posts,188741,https://coincu.com/c/pr/press-release/,https://coincu.com/pr/press-release/,0,no_match_in_raw
https://coincu.com/strike-expands-bitcoin-payments/,posts,188741,https://coincu.com/c/news,https://coincu.com/news/,0,no_match_in_raw
https://coincu.com/stripe-secures-1-1b-bridge-stablecoin-payment/,posts,288226,https://coincu.com/c/casino-reviews/,https://coincu.com/casino-reviews/,0,no_match_in_raw
https://coincu.com/stripe-secures-1-1b-bridge-stablecoin-payment/,posts,288226,https://coincu.com/c/pr/press-release/,https://coincu.com/pr/press-release/,0,no_match_in_raw
https://coincu.com/stripe-secures-1-1b-bridge-stablecoin-payment/,posts,288226,https://coincu.com/c/news,https://coincu.com/news/,0,no_match_in_raw
https://coincu.com/scroll-unveils-sepolia-beta-testnet/,posts,211597,https://coincu.com/c/casino-reviews/,https://coincu.com/casino-reviews/,0,no_match_in_raw
https://coincu.com/scroll-unveils-sepolia-beta-testnet/,posts,211597,https://coincu.com/c/pr/press-release/,https://coincu.com/pr/press-release/,0,no_match_in_raw
https://coincu.com/scroll-unveils-sepolia-beta-testnet/,posts,211597,https://coincu.com/c/blockchain,https://coincu.com/blockchain/,0,no_match_in_raw
https://coincu.com/holograph-review/,posts,208526,https://coincu.com/c/casino-reviews/,https://coincu.com/casino-reviews/,0,no_match_in_raw
https://coincu.com/holograph-review/,posts,208526,https://coincu.com/c/pr/press-release/,https://coincu.com/pr/press-release/,0,no_match_in_raw
https://coincu.com/holograph-review/,posts,208526,https://coincu.com/c/other-reviews,https://coincu.com/other-reviews/,0,no_match_in_raw
https://coincu.com/blockchain-cross-chain-bridge-flows/,posts,292412,https://coincu.com/c/casino-reviews/,https://coincu.com/casino-reviews/,0,no_match_in_raw
https://coincu.com/blockchain-cross-chain-bridge-flows/,posts,292412,https://coincu.com/c/pr/press-release/,https://coincu.com/pr/press-release/,0,no_match_in_raw
https://coincu.com/blockchain-cross-chain-bridge-flows/,posts,292412,https://coincu.com/c/news,https://coincu.com/news/,0,no_match_in_raw
https://coincu.com/new-bnb-chain-bridge-launched/,posts,280339,https://coincu.com/c/casino-reviews/,https://coincu.com/casino-reviews/,0,no_match_in_raw
https://coincu.com/new-bnb-chain-bridge-launched/,posts,280339,https://coincu.com/c/pr/press-release/,https://coincu.com/pr/press-release/,0,no_match_in_raw
https://coincu.com/new-bnb-chain-bridge-launched/,posts,280339,https://coincu.com/c/news,https://coincu.com/news/,0,no_match_in_raw
https://coincu.com/hex-trust-gains-french-regulatory-approval/,posts,207938,https://coincu.com/c/casino-reviews/,https://coincu.com/casino-reviews/,0,no_match_in_raw
https://coincu.com/hex-trust-gains-french-regulatory-approval/,posts,207938,https://coincu.com/c/pr/press-release/,https://coincu.com/pr/press-release/,0,no_match_in_raw
https://coincu.com/hex-trust-gains-french-regulatory-approval/,posts,207938,https://coincu.com/c/news,https://coincu.com/news/,0,no_match_in_raw
https://coincu.com/eus-stablecoin-technical-standards/,posts,282163,https://coincu.com/c/casino-reviews/,https://coincu.com/casino-reviews/,0,no_match_in_raw
https://coincu.com/eus-stablecoin-technical-standards/,posts,282163,https://coincu.com/c/pr/press-release/,https://coincu.com/pr/press-release/,0,no_match_in_raw
https://coincu.com/eus-stablecoin-technical-standards/,posts,282163,https://coincu.com/c/news,https://coincu.com/news/,0,no_match_in_raw
https://coincu.com/european-stablecoin-issuers-tougher-standards/,posts,205561,https://coincu.com/c/casino-reviews/,https://coincu.com/casino-reviews/,0,no_match_in_raw
https://coincu.com/european-stablecoin-issuers-tougher-standards/,posts,205561,https://coincu.com/c/pr/press-release/,https://coincu.com/pr/press-release/,0,no_match_in_raw
https://coincu.com/european-stablecoin-issuers-tougher-standards/,posts,205561,https://coincu.com/c/news,https://coincu.com/news/,0,no_match_in_raw
https://coincu.com/european-still-plan-digital-euro-bill/,posts,196640,https://coincu.com/c/casino-reviews/,https://coincu.com/casino-reviews/,0,no_match_in_raw
https://coincu.com/european-still-plan-digital-euro-bill/,posts,196640,https://coincu.com/c/pr/press-release/,https://coincu.com/pr/press-release/,0,no_match_in_raw
https://coincu.com/european-still-plan-digital-euro-bill/,posts,196640,https://coincu.com/c/news,https://coincu.com/news/,0,no_match_in_raw
https://coincu.com/paysafe-said-to-stop-services-before-sept-25/,posts,218856,https://coincu.com/c/casino-reviews/,https://coincu.com/casino-reviews/,0,no_match_in_raw
https://coincu.com/paysafe-said-to-stop-services-before-sept-25/,posts,218856,https://coincu.com/c/pr/press-release/,https://coincu.com/pr/press-release/,0,no_match_in_raw
https://coincu.com/paysafe-said-to-stop-services-before-sept-25/,posts,218856,https://coincu.com/c/news,https://coincu.com/news/,0,no_match_in_raw
https://coincu.com/daxa-common-standards-for-delisting/,posts,159878,https://coincu.com/c/casino-reviews/,https://coincu.com/casino-reviews/,0,no_match_in_raw
https://coincu.com/daxa-common-standards-for-delisting/,posts,159878,https://coincu.com/c/markets,https://coincu.com/markets/,0,no_match_in_raw
https://coincu.com/daxa-common-standards-for-delisting/,posts,159878,https://coincu.com/c/pr/press-release/,https://coincu.com/pr/press-release/,0,no_match_in_raw
https://coincu.com/huobi-announces-delist-cvnt-tnb-sos-and-kcash/,posts,207258,https://coincu.com/c/casino-reviews/,https://coincu.com/casino-reviews/,0,no_match_in_raw
https://coincu.com/huobi-announces-delist-cvnt-tnb-sos-and-kcash/,posts,207258,https://coincu.com/c/pr/press-release/,https://coincu.com/pr/press-release/,0,no_match_in_raw
https://coincu.com/huobi-announces-delist-cvnt-tnb-sos-and-kcash/,posts,207258,https://coincu.com/c/news,https://coincu.com/news/,0,no_match_in_raw
https://coincu.com/coinbase-pause-busd-trading/,posts,170398,https://coincu.com/c/casino-reviews/,https://coincu.com/casino-reviews/,0,no_match_in_raw
https://coincu.com/coinbase-pause-busd-trading/,posts,170398,https://coincu.com/c/pr/press-release/,https://coincu.com/pr/press-release/,0,no_match_in_raw
https://coincu.com/coinbase-pause-busd-trading/,posts,170398,https://coincu.com/c/uncategorized,https://coincu.com/uncategorized/,0,no_match_in_raw
https://coincu.com/cz-slow-development-qlc-token-is-delisted/,posts,180463,https://coincu.com/c/casino-reviews/,https://coincu.com/casino-reviews/,0,no_match_in_raw
https://coincu.com/cz-slow-development-qlc-token-is-delisted/,posts,180463,https://coincu.com/c/pr/press-release/,https://coincu.com/pr/press-release/,0,no_match_in_raw
https://coincu.com/cz-slow-development-qlc-token-is-delisted/,posts,180463,https://coincu.com/c/uncategorized,https://coincu.com/uncategorized/,0,no_match_in_raw
https://coincu.com/court-rejects-wemades-wemixs-delisting/,posts,150005,https://coincu.com/c/casino-reviews/,https://coincu.com/casino-reviews/,0,no_match_in_raw
https://coincu.com/court-rejects-wemades-wemixs-delisting/,posts,150005,https://coincu.com/c/pr/press-release/,https://coincu.com/pr/press-release/,0,no_match_in_raw
https://coincu.com/court-rejects-wemades-wemixs-delisting/,posts,150005,https://coincu.com/c/uncategorized,https://coincu.com/uncategorized/,0,no_match_in_raw
https://coincu.com/huobi-obtains-license-british-virgin-island/,posts,123621,https://coincu.com/c/casino-reviews/,https://coincu.com/casino-reviews/,0,no_match_in_raw
https://coincu.com/huobi-obtains-license-british-virgin-island/,posts,123621,https://coincu.com/c/pr/press-release/,https://coincu.com/pr/press-release/,0,no_match_in_raw
https://coincu.com/huobi-obtains-license-british-virgin-island/,posts,123621,https://coincu.com/c/news,https://coincu.com/news/,0,no_match_in_raw
https://coincu.com/htxs-justin-sun-offers-measures/,posts,220287,https://coincu.com/c/casino-reviews/,https://coincu.com/casino-reviews/,0,no_match_in_raw
https://coincu.com/htxs-justin-sun-offers-measures/,posts,220287,https://coincu.com/c/pr/press-release/,https://coincu.com/pr/press-release/,0,no_match_in_raw
https://coincu.com/htxs-justin-sun-offers-measures/,posts,220287,https://coincu.com/c/news,https://coincu.com/news/,0,no_match_in_raw
https://coincu.com/transferring-kyc-for-crypto/,posts,265270,https://coincu.com/c/casino-reviews/,https://coincu.com/casino-reviews/,0,no_match_in_raw
https://coincu.com/transferring-kyc-for-crypto/,posts,265270,https://coincu.com/c/pr/press-release/,https://coincu.com/pr/press-release/,0,no_match_in_raw
https://coincu.com/transferring-kyc-for-crypto/,posts,265270,https://coincu.com/c/knowledge,https://coincu.com/knowledge/,0,no_match_in_raw
https://coincu.com/huobi-founder-leads-1-billion-ethereum/,posts,369522,https://coincu.com/c/casino-reviews/,https://coincu.com/casino-reviews/,0,no_match_in_raw
https://coincu.com/huobi-founder-leads-1-billion-ethereum/,posts,369522,https://coincu.com/c/pr/press-release/,https://coincu.com/pr/press-release/,0,no_match_in_raw
https://coincu.com/huobi-founder-leads-1-billion-ethereum/,posts,369522,https://coincu.com/c/news,https://coincu.com/news/,0,no_match_in_raw
https://coincu.com/xmr-soars-16-off-support/,posts,389880,https://coincu.com/c/casino-reviews/,https://coincu.com/casino-reviews/,0,no_match_in_raw
https://coincu.com/xmr-soars-16-off-support/,posts,389880,https://coincu.com/c/pr/press-release/,https://coincu.com/pr/press-release/,0,no_match_in_raw
https://coincu.com/xmr-soars-16-off-support/,posts,389880,https://coincu.com/c/analysis,https://coincu.com/analysis/,0,no_match_in_raw
https://coincu.com/monero-konferenco-event/,posts,261013,https://coincu.com/c/casino-reviews/,https://coincu.com/casino-reviews/,0,no_match_in_raw
https://coincu.com/monero-konferenco-event/,posts,261013,https://coincu.com/c/pr/press-release/,https://coincu.com/pr/press-release/,0,no_match_in_raw
https://coincu.com/monero-konferenco-event/,posts,261013,https://coincu.com/c/blockchain-event,https://coincu.com/blockchain-event/,0,no_match_in_raw
https://coincu.com/xmr-targets-514-518-as-ema200-esistance/,posts,392268,https://coincu.com/c/casino-reviews/,https://coincu.com/casino-reviews/,0,no_match_in_raw
https://coincu.com/xmr-targets-514-518-as-ema200-esistance/,posts,392268,https://coincu.com/c/pr/press-release/,https://coincu.com/pr/press-release/,0,no_match_in_raw
https://coincu.com/xmr-targets-514-518-as-ema200-esistance/,posts,392268,https://coincu.com/c/analysis,https://coincu.com/analysis/,0,no_match_in_raw
https://coincu.com/xmr-eyes-big-move-from-key-490-support/,posts,390785,https://coincu.com/c/casino-reviews/,https://coincu.com/casino-reviews/,0,no_match_in_raw
https://coincu.com/xmr-eyes-big-move-from-key-490-support/,posts,390785,https://coincu.com/c/pr/press-release/,https://coincu.com/pr/press-release/,0,no_match_in_raw
https://coincu.com/xmr-eyes-big-move-from-key-490-support/,posts,390785,https://coincu.com/c/analysis,https://coincu.com/analysis/,0,no_match_in_raw
https://coincu.com/standard-chartered-bank-predicts-bitcoin-surge/,posts,262882,https://coincu.com/c/casino-reviews/,https://coincu.com/casino-reviews/,0,no_match_in_raw
https://coincu.com/standard-chartered-bank-predicts-bitcoin-surge/,posts,262882,https://coincu.com/c/pr/press-release/,https://coincu.com/pr/press-release/,0,no_match_in_raw
https://coincu.com/standard-chartered-bank-predicts-bitcoin-surge/,posts,262882,https://coincu.com/c/news,https://coincu.com/news/,2,replaced
https://coincu.com/binance-pool-launches-bitcoin-cash-mining/,posts,206429,https://coincu.com/c/casino-reviews/,https://coincu.com/casino-reviews/,0,no_match_in_raw
https://coincu.com/binance-pool-launches-bitcoin-cash-mining/,posts,206429,https://coincu.com/c/pr/press-release/,https://coincu.com/pr/press-release/,0,no_match_in_raw
https://coincu.com/binance-pool-launches-bitcoin-cash-mining/,posts,206429,https://coincu.com/c/news,https://coincu.com/news/,0,no_match_in_raw
https://coincu.com/bdag-ceos-ama-algo-stability-pixfi-nfts-surge/,posts,270244,https://coincu.com/c/casino-reviews/,https://coincu.com/casino-reviews/,0,no_match_in_raw
https://coincu.com/bdag-ceos-ama-algo-stability-pixfi-nfts-surge/,posts,270244,https://coincu.com/c/press-release,https://coincu.com/press-release/,0,no_match_in_raw
https://coincu.com/bdag-ceos-ama-algo-stability-pixfi-nfts-surge/,posts,270244,https://coincu.com/c/pr/press-release/,https://coincu.com/pr/press-release/,0,no_match_in_raw
https://coincu.com/qubetics-redefines-blockchain-while-avalanche-and-algorand-advance-innovation-best-altcoins-to-invest-in-right-now/,posts,299282,https://coincu.com/c/casino-reviews/,https://coincu.com/casino-reviews/,0,no_match_in_raw
https://coincu.com/qubetics-redefines-blockchain-while-avalanche-and-algorand-advance-innovation-best-altcoins-to-invest-in-right-now/,posts,299282,https://coincu.com/c/pr/press-release/,https://coincu.com/pr/press-release/,0,no_match_in_raw
https://coincu.com/qubetics-redefines-blockchain-while-avalanche-and-algorand-advance-innovation-best-altcoins-to-invest-in-right-now/,posts,299282,https://coincu.com/c/cmc,https://coincu.com/cmc/,0,no_match_in_raw
https://coincu.com/experts-predict-altcoin-surge-pawfury-presale-leads-potential-skyrockets/,posts,272093,https://coincu.com/c/casino-reviews/,https://coincu.com/casino-reviews/,0,no_match_in_raw
https://coincu.com/experts-predict-altcoin-surge-pawfury-presale-leads-potential-skyrockets/,posts,272093,https://coincu.com/c/press-release,https://coincu.com/press-release/,0,no_match_in_raw
https://coincu.com/experts-predict-altcoin-surge-pawfury-presale-leads-potential-skyrockets/,posts,272093,https://coincu.com/c/pr/press-release/,https://coincu.com/pr/press-release/,0,no_match_in_raw
https://coincu.com/tether-usdt-redemptions-will-be-stopped/,posts,267883,https://coincu.com/c/casino-reviews/,https://coincu.com/casino-reviews/,0,no_match_in_raw
https://coincu.com/tether-usdt-redemptions-will-be-stopped/,posts,267883,https://coincu.com/c/pr/press-release/,https://coincu.com/pr/press-release/,0,no_match_in_raw
https://coincu.com/tether-usdt-redemptions-will-be-stopped/,posts,267883,https://coincu.com/c/news,https://coincu.com/news/,0,no_match_in_raw
https://coincu.com/best-cryptos-to-buy-and-hold-for-long-term-qubetics-offers-39k-roi-as-algorand-jumps-250-in-4q-and-cosmos-registers-massive-btc-transfer/,posts,298745,https://coincu.com/c/casino-reviews/,https://coincu.com/casino-reviews/,0,no_match_in_raw
https://coincu.com/best-cryptos-to-buy-and-hold-for-long-term-qubetics-offers-39k-roi-as-algorand-jumps-250-in-4q-and-cosmos-registers-massive-btc-transfer/,posts,298745,https://coincu.com/c/pr/press-release/,https://coincu.com/pr/press-release/,0,no_match_in_raw
https://coincu.com/best-cryptos-to-buy-and-hold-for-long-term-qubetics-offers-39k-roi-as-algorand-jumps-250-in-4q-and-cosmos-registers-massive-btc-transfer/,posts,298745,https://coincu.com/c/cmc,https://coincu.com/cmc/,0,no_match_in_raw
https://coincu.com/tether-strategic-transition-eos-and-algorand/,posts,264997,https://coincu.com/c/casino-reviews/,https://coincu.com/casino-reviews/,0,no_match_in_raw
https://coincu.com/tether-strategic-transition-eos-and-algorand/,posts,264997,https://coincu.com/c/pr/press-release/,https://coincu.com/pr/press-release/,0,no_match_in_raw
https://coincu.com/tether-strategic-transition-eos-and-algorand/,posts,264997,https://coincu.com/c/news,https://coincu.com/news/,0,no_match_in_raw
https://coincu.com/top-coins-to-join-this-week-qubetics-algorand-solana/,posts,303381,https://coincu.com/c/casino-reviews/,https://coincu.com/casino-reviews/,0,no_match_in_raw
https://coincu.com/top-coins-to-join-this-week-qubetics-algorand-solana/,posts,303381,https://coincu.com/c/pr/press-release/,https://coincu.com/pr/press-release/,0,no_match_in_raw
https://coincu.com/top-coins-to-join-this-week-qubetics-algorand-solana/,posts,303381,https://coincu.com/c/cmc,https://coincu.com/cmc/,0,no_match_in_raw
https://coincu.com/sanctum-cloud-airdrop-to-launch-in-few-weeks/,posts,262707,https://coincu.com/c/casino-reviews/,https://coincu.com/casino-reviews/,0,no_match_in_raw
https://coincu.com/sanctum-cloud-airdrop-to-launch-in-few-weeks/,posts,262707,https://coincu.com/c/pr/press-release/,https://coincu.com/pr/press-release/,0,no_match_in_raw
https://coincu.com/sanctum-cloud-airdrop-to-launch-in-few-weeks/,posts,262707,https://coincu.com/c/airdrop,https://coincu.com/airdrop/,0,no_match_in_raw
https://coincu.com/cosmos-liquidity-growth-targets-10x-boost-2025/,posts,297204,https://coincu.com/c/casino-reviews/,https://coincu.com/casino-reviews/,0,no_match_in_raw
https://coincu.com/cosmos-liquidity-growth-targets-10x-boost-2025/,posts,297204,https://coincu.com/c/pr/press-release/,https://coincu.com/pr/press-release/,0,no_match_in_raw
https://coincu.com/cosmos-liquidity-growth-targets-10x-boost-2025/,posts,297204,https://coincu.com/c/news,https://coincu.com/news/,0,no_match_in_raw
https://coincu.com/circle-expands-into-cosmos-via-noble-mainnet/,posts,217135,https://coincu.com/c/casino-reviews/,https://coincu.com/casino-reviews/,0,no_match_in_raw
https://coincu.com/circle-expands-into-cosmos-via-noble-mainnet/,posts,217135,https://coincu.com/c/pr/press-release/,https://coincu.com/pr/press-release/,0,no_match_in_raw
https://coincu.com/circle-expands-into-cosmos-via-noble-mainnet/,posts,217135,https://coincu.com/c/news,https://coincu.com/news/,0,no_match_in_raw
https://coincu.com/cosmos-hub-v11-upgrade-august-16/,posts,210053,https://coincu.com/c/casino-reviews/,https://coincu.com/casino-reviews/,0,no_match_in_raw
https://coincu.com/cosmos-hub-v11-upgrade-august-16/,posts,210053,https://coincu.com/c/pr/press-release/,https://coincu.com/pr/press-release/,0,no_match_in_raw
https://coincu.com/cosmos-hub-v11-upgrade-august-16/,posts,210053,https://coincu.com/c/news,https://coincu.com/news/,0,no_match_in_raw
https://coincu.com/crypto-prediction-2024-will-etfswap-etfs-outperform-internet-computer-icp-and-tron-trx/,posts,262029,https://coincu.com/c/casino-reviews/,https://coincu.com/casino-reviews/,0,no_match_in_raw
https://coincu.com/crypto-prediction-2024-will-etfswap-etfs-outperform-internet-computer-icp-and-tron-trx/,posts,262029,https://coincu.com/c/pr/press-release/,https://coincu.com/pr/press-release/,0,no_match_in_raw
https://coincu.com/crypto-prediction-2024-will-etfswap-etfs-outperform-internet-computer-icp-and-tron-trx/,posts,262029,https://coincu.com/c/sponsored-articles-pr,https://coincu.com/sponsored-articles-pr/,0,no_match_in_raw
https://coincu.com/top-cryptos-to-buy-blockdag-beats-bnb-recovery/,posts,280199,https://coincu.com/c/casino-reviews/,https://coincu.com/casino-reviews/,0,no_match_in_raw
https://coincu.com/top-cryptos-to-buy-blockdag-beats-bnb-recovery/,posts,280199,https://coincu.com/c/press-release,https://coincu.com/press-release/,0,no_match_in_raw
https://coincu.com/top-cryptos-to-buy-blockdag-beats-bnb-recovery/,posts,280199,https://coincu.com/c/pr/press-release/,https://coincu.com/pr/press-release/,0,no_match_in_raw
https://coincu.com/2025s-best-coins-to-buy-the-ultimate-guide-to-maximise-your-roi-with-qubetics-solana-and-icp/,posts,300217,https://coincu.com/c/casino-reviews/,https://coincu.com/casino-reviews/,0,no_match_in_raw
https://coincu.com/2025s-best-coins-to-buy-the-ultimate-guide-to-maximise-your-roi-with-qubetics-solana-and-icp/,posts,300217,https://coincu.com/c/pr/press-release/,https://coincu.com/pr/press-release/,0,no_match_in_raw
https://coincu.com/2025s-best-coins-to-buy-the-ultimate-guide-to-maximise-your-roi-with-qubetics-solana-and-icp/,posts,300217,https://coincu.com/c/cmc,https://coincu.com/cmc/,0,no_match_in_raw
https://coincu.com/cosmos-20k-atom-interchain-security/,posts,135767,https://coincu.com/c/casino-reviews/,https://coincu.com/casino-reviews/,0,no_match_in_raw
https://coincu.com/cosmos-20k-atom-interchain-security/,posts,135767,https://coincu.com/c/pr/press-release/,https://coincu.com/pr/press-release/,0,no_match_in_raw
https://coincu.com/cosmos-20k-atom-interchain-security/,posts,135767,https://coincu.com/c/blockchain,https://coincu.com/blockchain/,0,no_match_in_raw
https://coincu.com/binance-simplifies-verification-for-moroccan/,posts,217981,https://coincu.com/c/casino-reviews/,https://coincu.com/casino-reviews/,0,no_match_in_raw
https://coincu.com/binance-simplifies-verification-for-moroccan/,posts,217981,https://coincu.com/c/pr/press-release/,https://coincu.com/pr/press-release/,0,no_match_in_raw
https://coincu.com/binance-simplifies-verification-for-moroccan/,posts,217981,https://coincu.com/c/news,https://coincu.com/news/,0,no_match_in_raw
https://coincu.com/binance-is-under-siege-in-europe/,posts,196317,https://coincu.com/c/casino-reviews/,https://coincu.com/casino-reviews/,0,no_match_in_raw
https://coincu.com/binance-is-under-siege-in-europe/,posts,196317,https://coincu.com/c/pr/press-release/,https://coincu.com/pr/press-release/,0,no_match_in_raw
https://coincu.com/binance-is-under-siege-in-europe/,posts,196317,https://coincu.com/c/news,https://coincu.com/news/,0,no_match_in_raw
https://coincu.com/bayc-apecoin-accused-being-securities/,posts,111751,https://coincu.com/c/casino-reviews/,https://coincu.com/casino-reviews/,0,no_match_in_raw
https://coincu.com/bayc-apecoin-accused-being-securities/,posts,111751,https://coincu.com/c/pr/press-release/,https://coincu.com/pr/press-release/,0,no_match_in_raw
https://coincu.com/bayc-apecoin-accused-being-securities/,posts,111751,https://coincu.com/c/news,https://coincu.com/news/,0,no_match_in_raw
https://coincu.com/pro-xrp-secs-appeal-wont-affect-xrp-holders/,posts,205100,https://coincu.com/c/casino-reviews/,https://coincu.com/casino-reviews/,0,no_match_in_raw
https://coincu.com/pro-xrp-secs-appeal-wont-affect-xrp-holders/,posts,205100,https://coincu.com/c/pr/press-release/,https://coincu.com/pr/press-release/,0,no_match_in_raw
https://coincu.com/pro-xrp-secs-appeal-wont-affect-xrp-holders/,posts,205100,https://coincu.com/c/news,https://coincu.com/news/,0,no_match_in_raw
https://coincu.com/binance-accuses-sec-of-unfair-tactics-legal/,posts,236191,https://coincu.com/c/casino-reviews/,https://coincu.com/casino-reviews/,0,no_match_in_raw
https://coincu.com/binance-accuses-sec-of-unfair-tactics-legal/,posts,236191,https://coincu.com/c/pr/press-release/,https://coincu.com/pr/press-release/,0,no_match_in_raw
https://coincu.com/binance-accuses-sec-of-unfair-tactics-legal/,posts,236191,https://coincu.com/c/news,https://coincu.com/news/,0,no_match_in_raw
https://coincu.com/sec-chair-testify-digital-assets-regulation/,posts,177182,https://coincu.com/c/casino-reviews/,https://coincu.com/casino-reviews/,0,no_match_in_raw
https://coincu.com/sec-chair-testify-digital-assets-regulation/,posts,177182,https://coincu.com/c/pr/press-release/,https://coincu.com/pr/press-release/,0,no_match_in_raw
https://coincu.com/sec-chair-testify-digital-assets-regulation/,posts,177182,https://coincu.com/c/news,https://coincu.com/news/,0,no_match_in_raw
https://coincu.com/court-rejects-ripples-test-upholds-howey-test/,posts,202718,https://coincu.com/c/casino-reviews/,https://coincu.com/casino-reviews/,0,no_match_in_raw
https://coincu.com/court-rejects-ripples-test-upholds-howey-test/,posts,202718,https://coincu.com/c/pr/press-release/,https://coincu.com/pr/press-release/,0,no_match_in_raw
https://coincu.com/court-rejects-ripples-test-upholds-howey-test/,posts,202718,https://coincu.com/c/news,https://coincu.com/news/,0,no_match_in_raw
https://coincu.com/cryptocurrency-fails-under-the-sec-scrutiny/,posts,192746,https://coincu.com/c/casino-reviews/,https://coincu.com/casino-reviews/,0,no_match_in_raw
https://coincu.com/cryptocurrency-fails-under-the-sec-scrutiny/,posts,192746,https://coincu.com/c/pr/press-release/,https://coincu.com/pr/press-release/,0,no_match_in_raw
https://coincu.com/cryptocurrency-fails-under-the-sec-scrutiny/,posts,192746,https://coincu.com/c/news,https://coincu.com/news/,0,no_match_in_raw
https://coincu.com/picus-capital-launch-web3-investment-arm/,posts,150596,https://coincu.com/c/casino-reviews/,https://coincu.com/casino-reviews/,0,no_match_in_raw
https://coincu.com/picus-capital-launch-web3-investment-arm/,posts,150596,https://coincu.com/c/pr/press-release/,https://coincu.com/pr/press-release/,0,no_match_in_raw
https://coincu.com/picus-capital-launch-web3-investment-arm/,posts,150596,https://coincu.com/c/news,https://coincu.com/news/,0,no_match_in_raw
https://coincu.com/token-unlocks-data-release-over-240-million/,posts,263117,https://coincu.com/c/casino-reviews/,https://coincu.com/casino-reviews/,0,no_match_in_raw
https://coincu.com/token-unlocks-data-release-over-240-million/,posts,263117,https://coincu.com/c/pr/press-release/,https://coincu.com/pr/press-release/,0,no_match_in_raw
https://coincu.com/token-unlocks-data-release-over-240-million/,posts,263117,https://coincu.com/c/news,https://coincu.com/news/,0,no_match_in_raw
https://coincu.com/exciting-vote-soon-upgrade-dydx-v4-to-dydx-chain/,posts,213797,https://coincu.com/c/casino-reviews/,https://coincu.com/casino-reviews/,0,no_match_in_raw
https://coincu.com/exciting-vote-soon-upgrade-dydx-v4-to-dydx-chain/,posts,213797,https://coincu.com/c/pr/press-release/,https://coincu.com/pr/press-release/,0,no_match_in_raw
https://coincu.com/exciting-vote-soon-upgrade-dydx-v4-to-dydx-chain/,posts,213797,https://coincu.com/c/news,https://coincu.com/news/,0,no_match_in_raw
https://coincu.com/solana-outage-happens-again/,posts,246671,https://coincu.com/c/casino-reviews/,https://coincu.com/casino-reviews/,0,no_match_in_raw
https://coincu.com/solana-outage-happens-again/,posts,246671,https://coincu.com/c/pr/press-release/,https://coincu.com/pr/press-release/,0,no_match_in_raw
https://coincu.com/solana-outage-happens-again/,posts,246671,https://coincu.com/c/blockchain,https://coincu.com/blockchain/,0,no_match_in_raw
https://coincu.com/best-lsdfi-projects-to-watch-out/,posts,230462,https://coincu.com/c/casino-reviews/,https://coincu.com/casino-reviews/,0,no_match_in_raw
https://coincu.com/best-lsdfi-projects-to-watch-out/,posts,230462,https://coincu.com/c/pr/press-release/,https://coincu.com/pr/press-release/,0,no_match_in_raw
https://coincu.com/best-lsdfi-projects-to-watch-out/,posts,230462,https://coincu.com/c/top-projects,https://coincu.com/top-projects/,0,no_match_in_raw
https://coincu.com/the-reason-why-cosmos-increased/,posts,124015,https://coincu.com/c/casino-reviews/,https://coincu.com/casino-reviews/,0,no_match_in_raw
https://coincu.com/the-reason-why-cosmos-increased/,posts,124015,https://coincu.com/c/pr/press-release/,https://coincu.com/pr/press-release/,0,no_match_in_raw
https://coincu.com/the-reason-why-cosmos-increased/,posts,124015,https://coincu.com/c/uncategorized,https://coincu.com/uncategorized/,0,no_match_in_raw
https://coincu.com/lybra-finance-earn-income-from-staking/,posts,189739,https://coincu.com/c/casino-reviews/,https://coincu.com/casino-reviews/,0,no_match_in_raw
https://coincu.com/lybra-finance-earn-income-from-staking/,posts,189739,https://coincu.com/c/pr/press-release/,https://coincu.com/pr/press-release/,0,no_match_in_raw
https://coincu.com/lybra-finance-earn-income-from-staking/,posts,189739,https://coincu.com/c/other-reviews,https://coincu.com/other-reviews/,0,no_match_in_raw
https://coincu.com/top-5-yield-farming-strategies-in-lsdfi/,posts,205177,https://coincu.com/c/casino-reviews/,https://coincu.com/casino-reviews/,0,no_match_in_raw
https://coincu.com/top-5-yield-farming-strategies-in-lsdfi/,posts,205177,https://coincu.com/c/pr/press-release/,https://coincu.com/pr/press-release/,0,no_match_in_raw
https://coincu.com/top-5-yield-farming-strategies-in-lsdfi/,posts,205177,https://coincu.com/c/knowledge,https://coincu.com/knowledge/,0,no_match_in_raw
https://coincu.com/what-is-stader-labssd/,posts,106513,https://coincu.com/c/casino-reviews/,https://coincu.com/casino-reviews/,0,no_match_in_raw
https://coincu.com/what-is-stader-labssd/,posts,106513,https://coincu.com/c/pr/press-release/,https://coincu.com/pr/press-release/,0,no_match_in_raw
https://coincu.com/what-is-stader-labssd/,posts,106513,https://coincu.com/c/defi,https://coincu.com/defi/,0,no_match_in_raw
https://coincu.com/stader-labs-introduces-ether-staking-product/,posts,202436,https://coincu.com/c/casino-reviews/,https://coincu.com/casino-reviews/,0,no_match_in_raw
https://coincu.com/stader-labs-introduces-ether-staking-product/,posts,202436,https://coincu.com/c/pr/press-release/,https://coincu.com/pr/press-release/,0,no_match_in_raw
https://coincu.com/stader-labs-introduces-ether-staking-product/,posts,202436,https://coincu.com/c/news,https://coincu.com/news/,0,no_match_in_raw
https://coincu.com/lido-finance-v2-allowing-withdrawal-ether/,posts,187577,https://coincu.com/c/casino-reviews/,https://coincu.com/casino-reviews/,0,no_match_in_raw
https://coincu.com/lido-finance-v2-allowing-withdrawal-ether/,posts,187577,https://coincu.com/c/pr/press-release/,https://coincu.com/pr/press-release/,0,no_match_in_raw
https://coincu.com/lido-finance-v2-allowing-withdrawal-ether/,posts,187577,https://coincu.com/c/defi,https://coincu.com/defi/,0,no_match_in_raw
https://coincu.com/lido-v2-important-for-the-lsd/,posts,187131,https://coincu.com/c/casino-reviews/,https://coincu.com/casino-reviews/,0,no_match_in_raw
https://coincu.com/lido-v2-important-for-the-lsd/,posts,187131,https://coincu.com/c/pr/press-release/,https://coincu.com/pr/press-release/,0,no_match_in_raw
https://coincu.com/lido-v2-important-for-the-lsd/,posts,187131,https://coincu.com/c/knowledge,https://coincu.com/knowledge/,0,no_match_in_raw
https://coincu.com/lido-finance-distribute-eth-on-may-15/,posts,186197,https://coincu.com/c/casino-reviews/,https://coincu.com/casino-reviews/,0,no_match_in_raw
https://coincu.com/lido-finance-distribute-eth-on-may-15/,posts,186197,https://coincu.com/c/pr/press-release/,https://coincu.com/pr/press-release/,0,no_match_in_raw
https://coincu.com/lido-finance-distribute-eth-on-may-15/,posts,186197,https://coincu.com/c/news,https://coincu.com/news/,0,no_match_in_raw
https://coincu.com/delegated-proof-of-stake-dpos/,posts,229183,https://coincu.com/c/casino-reviews/,https://coincu.com/casino-reviews/,0,no_match_in_raw
https://coincu.com/delegated-proof-of-stake-dpos/,posts,229183,https://coincu.com/c/pr/press-release/,https://coincu.com/pr/press-release/,0,no_match_in_raw
https://coincu.com/delegated-proof-of-stake-dpos/,posts,229183,https://coincu.com/c/glossary,https://coincu.com/glossary/,0,no_match_in_raw
https://coincu.com/rocket-pool-secure-eth-staking-platform/,posts,181637,https://coincu.com/c/casino-reviews/,https://coincu.com/casino-reviews/,0,no_match_in_raw
https://coincu.com/rocket-pool-secure-eth-staking-platform/,posts,181637,https://coincu.com/c/pr/press-release/,https://coincu.com/pr/press-release/,0,no_match_in_raw
https://coincu.com/rocket-pool-secure-eth-staking-platform/,posts,181637,https://coincu.com/c/other-reviews,https://coincu.com/other-reviews/,0,no_match_in_raw
https://coincu.com/jitos-new-tokenomics-proposed-for-jto-buybacks/,posts,325522,https://coincu.com/c/casino-reviews/,https://coincu.com/casino-reviews/,0,no_match_in_raw
https://coincu.com/jitos-new-tokenomics-proposed-for-jto-buybacks/,posts,325522,https://coincu.com/c/pr/press-release/,https://coincu.com/pr/press-release/,0,no_match_in_raw
https://coincu.com/jitos-new-tokenomics-proposed-for-jto-buybacks/,posts,325522,https://coincu.com/c/news,https://coincu.com/news/,0,no_match_in_raw
https://coincu.com/jito-review/,posts,245673,https://coincu.com/c/casino-reviews/,https://coincu.com/casino-reviews/,0,no_match_in_raw
https://coincu.com/jito-review/,posts,245673,https://coincu.com/c/pr/press-release/,https://coincu.com/pr/press-release/,0,no_match_in_raw
https://coincu.com/jito-review/,posts,245673,https://coincu.com/c/other-reviews,https://coincu.com/other-reviews/,2,replaced
https://coincu.com/jito-review/,posts,245673,https://coincu.com/c/other-reviews/,https://coincu.com/other-reviews/,0,no_match_in_raw
https://coincu.com/top-5-solana-based-altcoins-to-buy-amid-market-recovery-including-pawfury/,posts,272021,https://coincu.com/c/casino-reviews/,https://coincu.com/casino-reviews/,0,no_match_in_raw
https://coincu.com/top-5-solana-based-altcoins-to-buy-amid-market-recovery-including-pawfury/,posts,272021,https://coincu.com/c/press-release,https://coincu.com/press-release/,0,no_match_in_raw
https://coincu.com/top-5-solana-based-altcoins-to-buy-amid-market-recovery-including-pawfury/,posts,272021,https://coincu.com/c/pr/press-release/,https://coincu.com/pr/press-release/,0,no_match_in_raw
https://coincu.com/coinbase-backs-rocket-pool-780k-eth-staked/,posts,209678,https://coincu.com/c/casino-reviews/,https://coincu.com/casino-reviews/,0,no_match_in_raw
https://coincu.com/coinbase-backs-rocket-pool-780k-eth-staked/,posts,209678,https://coincu.com/c/pr/press-release/,https://coincu.com/pr/press-release/,0,no_match_in_raw
https://coincu.com/coinbase-backs-rocket-pool-780k-eth-staked/,posts,209678,https://coincu.com/c/news,https://coincu.com/news/,0,no_match_in_raw
https://coincu.com/rocket-pools-atlas-update-explosive/,posts,182152,https://coincu.com/c/casino-reviews/,https://coincu.com/casino-reviews/,0,no_match_in_raw
https://coincu.com/rocket-pools-atlas-update-explosive/,posts,182152,https://coincu.com/c/pr/press-release/,https://coincu.com/pr/press-release/,0,no_match_in_raw
https://coincu.com/rocket-pools-atlas-update-explosive/,posts,182152,https://coincu.com/c/knowledge,https://coincu.com/knowledge/,0,no_match_in_raw
https://coincu.com/coinbase-rocket-pool-an-rpl-reth-mini-pool/,posts,167903,https://coincu.com/c/casino-reviews/,https://coincu.com/casino-reviews/,0,no_match_in_raw
https://coincu.com/coinbase-rocket-pool-an-rpl-reth-mini-pool/,posts,167903,https://coincu.com/c/pr/press-release/,https://coincu.com/pr/press-release/,0,no_match_in_raw
https://coincu.com/coinbase-rocket-pool-an-rpl-reth-mini-pool/,posts,167903,https://coincu.com/c/news,https://coincu.com/news/,0,no_match_in_raw
https://coincu.com/discover-5-best-liquid-staking-derivatives/,posts,176333,https://coincu.com/c/casino-reviews/,https://coincu.com/casino-reviews/,0,no_match_in_raw
https://coincu.com/discover-5-best-liquid-staking-derivatives/,posts,176333,https://coincu.com/c/pr/press-release/,https://coincu.com/pr/press-release/,0,no_match_in_raw
https://coincu.com/discover-5-best-liquid-staking-derivatives/,posts,176333,https://coincu.com/c/knowledge,https://coincu.com/knowledge/,0,no_match_in_raw
https://coincu.com/top-5-emerging-lsdfi-crypto-in-your-porfolio/,posts,222836,https://coincu.com/c/casino-reviews/,https://coincu.com/casino-reviews/,0,no_match_in_raw
https://coincu.com/top-5-emerging-lsdfi-crypto-in-your-porfolio/,posts,222836,https://coincu.com/c/pr/press-release/,https://coincu.com/pr/press-release/,0,no_match_in_raw
https://coincu.com/top-5-emerging-lsdfi-crypto-in-your-porfolio/,posts,222836,https://coincu.com/c/top-projects,https://coincu.com/top-projects/,0,no_match_in_raw
https://coincu.com/lido-eth-staking-platform-highest-interests/,posts,180567,https://coincu.com/c/casino-reviews/,https://coincu.com/casino-reviews/,0,no_match_in_raw
https://coincu.com/lido-eth-staking-platform-highest-interests/,posts,180567,https://coincu.com/c/pr/press-release/,https://coincu.com/pr/press-release/,0,no_match_in_raw
https://coincu.com/lido-eth-staking-platform-highest-interests/,posts,180567,https://coincu.com/c/other-reviews,https://coincu.com/other-reviews/,0,no_match_in_raw
https://coincu.com/balancer-now-officially-deployed-on-avalanche/,posts,207854,https://coincu.com/c/casino-reviews/,https://coincu.com/casino-reviews/,0,no_match_in_raw
https://coincu.com/balancer-now-officially-deployed-on-avalanche/,posts,207854,https://coincu.com/c/pr/press-release/,https://coincu.com/pr/press-release/,0,no_match_in_raw
https://coincu.com/balancer-now-officially-deployed-on-avalanche/,posts,207854,https://coincu.com/c/defi,https://coincu.com/defi/,0,no_match_in_raw
https://coincu.com/marginfi-review/,posts,245849,https://coincu.com/c/casino-reviews/,https://coincu.com/casino-reviews/,0,no_match_in_raw
https://coincu.com/marginfi-review/,posts,245849,https://coincu.com/c/pr/press-release/,https://coincu.com/pr/press-release/,0,no_match_in_raw
https://coincu.com/marginfi-review/,posts,245849,https://coincu.com/c/other-reviews,https://coincu.com/other-reviews/,1,replaced
https://coincu.com/marginfi-review/,posts,245849,https://coincu.com/c/other-reviews/,https://coincu.com/other-reviews/,0,no_match_in_raw
https://coincu.com/how-strong-is-lsdfi-forming/,posts,209425,https://coincu.com/c/casino-reviews/,https://coincu.com/casino-reviews/,0,no_match_in_raw
https://coincu.com/how-strong-is-lsdfi-forming/,posts,209425,https://coincu.com/c/pr/press-release/,https://coincu.com/pr/press-release/,0,no_match_in_raw
https://coincu.com/how-strong-is-lsdfi-forming/,posts,209425,https://coincu.com/c/knowledge,https://coincu.com/knowledge/,0,no_match_in_raw
https://coincu.com/origin-defi-prominent-lsdfi-trends-high-profits/,posts,208696,https://coincu.com/c/casino-reviews/,https://coincu.com/casino-reviews/,0,no_match_in_raw
https://coincu.com/origin-defi-prominent-lsdfi-trends-high-profits/,posts,208696,https://coincu.com/c/pr/press-release/,https://coincu.com/pr/press-release/,0,no_match_in_raw
https://coincu.com/origin-defi-prominent-lsdfi-trends-high-profits/,posts,208696,https://coincu.com/c/other-reviews,https://coincu.com/other-reviews/,0,no_match_in_raw
https://coincu.com/eigenlayer-review-the-first-restaking-ethereum/,posts,187982,https://coincu.com/c/casino-reviews/,https://coincu.com/casino-reviews/,0,no_match_in_raw
https://coincu.com/eigenlayer-review-the-first-restaking-ethereum/,posts,187982,https://coincu.com/c/pr/press-release/,https://coincu.com/pr/press-release/,0,no_match_in_raw
https://coincu.com/eigenlayer-review-the-first-restaking-ethereum/,posts,187982,https://coincu.com/c/other-reviews,https://coincu.com/other-reviews/,0,no_match_in_raw
https://coincu.com/agility-protocol-review-potential-platform/,posts,207127,https://coincu.com/c/casino-reviews/,https://coincu.com/casino-reviews/,0,no_match_in_raw
https://coincu.com/agility-protocol-review-potential-platform/,posts,207127,https://coincu.com/c/pr/press-release/,https://coincu.com/pr/press-release/,0,no_match_in_raw
https://coincu.com/agility-protocol-review-potential-platform/,posts,207127,https://coincu.com/c/other-reviews,https://coincu.com/other-reviews/,0,no_match_in_raw
https://coincu.com/omnichain-token/,posts,171332,https://coincu.com/c/casino-reviews/,https://coincu.com/casino-reviews/,0,no_match_in_raw
https://coincu.com/omnichain-token/,posts,171332,https://coincu.com/c/pr/press-release/,https://coincu.com/pr/press-release/,0,no_match_in_raw
https://coincu.com/omnichain-token/,posts,171332,https://coincu.com/c/knowledge,https://coincu.com/knowledge/,0,no_match_in_raw
https://coincu.com/kamino-finance-review-defi-platform-on-sol/,posts,256845,https://coincu.com/c/casino-reviews/,https://coincu.com/casino-reviews/,0,no_match_in_raw
https://coincu.com/kamino-finance-review-defi-platform-on-sol/,posts,256845,https://coincu.com/c/pr/press-release/,https://coincu.com/pr/press-release/,0,no_match_in_raw
https://coincu.com/kamino-finance-review-defi-platform-on-sol/,posts,256845,https://coincu.com/c/defi-reviews,https://coincu.com/defi-reviews/,0,no_match_in_raw
https://coincu.com/voyager-two-options-recovery-assets-1-334b/,posts,186012,https://coincu.com/c/casino-reviews/,https://coincu.com/casino-reviews/,0,no_match_in_raw
https://coincu.com/voyager-two-options-recovery-assets-1-334b/,posts,186012,https://coincu.com/c/pr/press-release/,https://coincu.com/pr/press-release/,0,no_match_in_raw
https://coincu.com/voyager-two-options-recovery-assets-1-334b/,posts,186012,https://coincu.com/c/news,https://coincu.com/news/,0,no_match_in_raw
https://coincu.com/matter-labs-trademark-application-withdrawn/,posts,262081,https://coincu.com/c/casino-reviews/,https://coincu.com/casino-reviews/,0,no_match_in_raw
https://coincu.com/matter-labs-trademark-application-withdrawn/,posts,262081,https://coincu.com/c/pr/press-release/,https://coincu.com/pr/press-release/,0,no_match_in_raw
https://coincu.com/matter-labs-trademark-application-withdrawn/,posts,262081,https://coincu.com/c/news,https://coincu.com/news/,0,no_match_in_raw
https://coincu.com/voyager-crypto-exchange-to-pay-1-1m-legal-fees/,posts,198488,https://coincu.com/c/casino-reviews/,https://coincu.com/casino-reviews/,0,no_match_in_raw
https://coincu.com/voyager-crypto-exchange-to-pay-1-1m-legal-fees/,posts,198488,https://coincu.com/c/pr/press-release/,https://coincu.com/pr/press-release/,0,no_match_in_raw
https://coincu.com/voyager-crypto-exchange-to-pay-1-1m-legal-fees/,posts,198488,https://coincu.com/c/news,https://coincu.com/news/,0,no_match_in_raw
https://coincu.com/voyager-unloads-assets-on-coinbase-for-4-days/,posts,210701,https://coincu.com/c/casino-reviews/,https://coincu.com/casino-reviews/,0,no_match_in_raw
https://coincu.com/voyager-unloads-assets-on-coinbase-for-4-days/,posts,210701,https://coincu.com/c/pr/press-release/,https://coincu.com/pr/press-release/,0,no_match_in_raw
https://coincu.com/voyager-unloads-assets-on-coinbase-for-4-days/,posts,210701,https://coincu.com/c/news,https://coincu.com/news/,0,no_match_in_raw
https://coincu.com/voyager-withdrawing-final-tokens-to-compensation/,posts,210110,https://coincu.com/c/casino-reviews/,https://coincu.com/casino-reviews/,0,no_match_in_raw
https://coincu.com/voyager-withdrawing-final-tokens-to-compensation/,posts,210110,https://coincu.com/c/pr/press-release/,https://coincu.com/pr/press-release/,0,no_match_in_raw
https://coincu.com/voyager-withdrawing-final-tokens-to-compensation/,posts,210110,https://coincu.com/c/news,https://coincu.com/news/,0,no_match_in_raw
https://coincu.com/voyager-token-1289-million-usdc-circle-usd/,posts,213160,https://coincu.com/c/casino-reviews/,https://coincu.com/casino-reviews/,0,no_match_in_raw
https://coincu.com/voyager-token-1289-million-usdc-circle-usd/,posts,213160,https://coincu.com/c/pr/press-release/,https://coincu.com/pr/press-release/,0,no_match_in_raw
https://coincu.com/voyager-token-1289-million-usdc-circle-usd/,posts,213160,https://coincu.com/c/news,https://coincu.com/news/,0,no_match_in_raw
https://coincu.com/voyager-users-withdraw-35-cryptocurrency/,posts,195285,https://coincu.com/c/casino-reviews/,https://coincu.com/casino-reviews/,0,no_match_in_raw
https://coincu.com/voyager-users-withdraw-35-cryptocurrency/,posts,195285,https://coincu.com/c/pr/press-release/,https://coincu.com/pr/press-release/,0,no_match_in_raw
https://coincu.com/voyager-users-withdraw-35-cryptocurrency/,posts,195285,https://coincu.com/c/news,https://coincu.com/news/,0,no_match_in_raw
https://coincu.com/voyager-digital-users-compensation-june-1/,posts,188225,https://coincu.com/c/casino-reviews/,https://coincu.com/casino-reviews/,0,no_match_in_raw
https://coincu.com/voyager-digital-users-compensation-june-1/,posts,188225,https://coincu.com/c/pr/press-release/,https://coincu.com/pr/press-release/,0,no_match_in_raw
https://coincu.com/voyager-digital-users-compensation-june-1/,posts,188225,https://coincu.com/c/news,https://coincu.com/news/,0,no_match_in_raw
https://coincu.com/voyager-witnesses-250m-net-asset-outflow-post/,posts,201135,https://coincu.com/c/casino-reviews/,https://coincu.com/casino-reviews/,0,no_match_in_raw
https://coincu.com/voyager-witnesses-250m-net-asset-outflow-post/,posts,201135,https://coincu.com/c/pr/press-release/,https://coincu.com/pr/press-release/,0,no_match_in_raw
https://coincu.com/voyager-witnesses-250m-net-asset-outflow-post/,posts,201135,https://coincu.com/c/news,https://coincu.com/news/,0,no_match_in_raw
https://coincu.com/pendle-sdai-fusdc-rwa-product-development/,posts,213084,https://coincu.com/c/casino-reviews/,https://coincu.com/casino-reviews/,0,no_match_in_raw
https://coincu.com/pendle-sdai-fusdc-rwa-product-development/,posts,213084,https://coincu.com/c/pr/press-release/,https://coincu.com/pr/press-release/,0,no_match_in_raw
https://coincu.com/pendle-sdai-fusdc-rwa-product-development/,posts,213084,https://coincu.com/c/news,https://coincu.com/news/,0,no_match_in_raw
https://coincu.com/pendle-finance-market-strategies/,posts,264112,https://coincu.com/c/casino-reviews/,https://coincu.com/casino-reviews/,0,no_match_in_raw
https://coincu.com/pendle-finance-market-strategies/,posts,264112,https://coincu.com/c/pr/press-release/,https://coincu.com/pr/press-release/,0,no_match_in_raw
https://coincu.com/pendle-finance-market-strategies/,posts,264112,https://coincu.com/c/news,https://coincu.com/news/,0,no_match_in_raw
https://coincu.com/crypto-scammers-targeting-top-accounts/,posts,193627,https://coincu.com/c/casino-reviews/,https://coincu.com/casino-reviews/,0,no_match_in_raw
https://coincu.com/crypto-scammers-targeting-top-accounts/,posts,193627,https://coincu.com/c/pr/press-release/,https://coincu.com/pr/press-release/,0,no_match_in_raw
https://coincu.com/crypto-scammers-targeting-top-accounts/,posts,193627,https://coincu.com/c/scam-alert,https://coincu.com/scam-alert/,0,no_match_in_raw
https://coincu.com/cz-warns-uniswap-hacked-but-false-positive/,posts,107883,https://coincu.com/c/casino-reviews/,https://coincu.com/casino-reviews/,0,no_match_in_raw
https://coincu.com/cz-warns-uniswap-hacked-but-false-positive/,posts,107883,https://coincu.com/c/pr/press-release/,https://coincu.com/pr/press-release/,0,no_match_in_raw
https://coincu.com/cz-warns-uniswap-hacked-but-false-positive/,posts,107883,https://coincu.com/c/defi,https://coincu.com/defi/,0,no_match_in_raw
https://coincu.com/opensea-2-new-nft-anti-theft-features/,posts,139069,https://coincu.com/c/casino-reviews/,https://coincu.com/casino-reviews/,0,no_match_in_raw
https://coincu.com/opensea-2-new-nft-anti-theft-features/,posts,139069,https://coincu.com/c/pr/press-release/,https://coincu.com/pr/press-release/,0,no_match_in_raw
https://coincu.com/opensea-2-new-nft-anti-theft-features/,posts,139069,https://coincu.com/c/nfts-news,https://coincu.com/nfts-news/,0,no_match_in_raw
https://coincu.com/hong-kong-student-arrested-for-masterminding-10m/,posts,203161,https://coincu.com/c/casino-reviews/,https://coincu.com/casino-reviews/,0,no_match_in_raw
https://coincu.com/hong-kong-student-arrested-for-masterminding-10m/,posts,203161,https://coincu.com/c/pr/press-release/,https://coincu.com/pr/press-release/,0,no_match_in_raw
https://coincu.com/hong-kong-student-arrested-for-masterminding-10m/,posts,203161,https://coincu.com/c/news,https://coincu.com/news/,0,no_match_in_raw
https://coincu.com/monkey-drainer-scammers-unintentionally/,posts,163248,https://coincu.com/c/casino-reviews/,https://coincu.com/casino-reviews/,0,no_match_in_raw
https://coincu.com/monkey-drainer-scammers-unintentionally/,posts,163248,https://coincu.com/c/pr/press-release/,https://coincu.com/pr/press-release/,0,no_match_in_raw
https://coincu.com/monkey-drainer-scammers-unintentionally/,posts,163248,https://coincu.com/c/news,https://coincu.com/news/,0,no_match_in_raw
https://coincu.com/fake-ledger-live-app-steals-588000-from-users/,posts,226680,https://coincu.com/c/casino-reviews/,https://coincu.com/casino-reviews/,0,no_match_in_raw
https://coincu.com/fake-ledger-live-app-steals-588000-from-users/,posts,226680,https://coincu.com/c/pr/press-release/,https://coincu.com/pr/press-release/,0,no_match_in_raw
https://coincu.com/fake-ledger-live-app-steals-588000-from-users/,posts,226680,https://coincu.com/c/news,https://coincu.com/news/,0,no_match_in_raw
https://coincu.com/worldcoin-token-lockups-extended-to-5-years/,posts,268250,https://coincu.com/c/casino-reviews/,https://coincu.com/casino-reviews/,0,no_match_in_raw
https://coincu.com/worldcoin-token-lockups-extended-to-5-years/,posts,268250,https://coincu.com/c/pr/press-release/,https://coincu.com/pr/press-release/,0,no_match_in_raw
https://coincu.com/worldcoin-token-lockups-extended-to-5-years/,posts,268250,https://coincu.com/c/news,https://coincu.com/news/,0,no_match_in_raw
https://coincu.com/world-id-passport-credential-pilot/,posts,294294,https://coincu.com/c/casino-reviews/,https://coincu.com/casino-reviews/,0,no_match_in_raw
https://coincu.com/world-id-passport-credential-pilot/,posts,294294,https://coincu.com/c/pr/press-release/,https://coincu.com/pr/press-release/,0,no_match_in_raw
https://coincu.com/world-id-passport-credential-pilot/,posts,294294,https://coincu.com/c/news,https://coincu.com/news/,0,no_match_in_raw
https://coincu.com/wld-recovery-falling-wedge-eye-0-62/,posts,393504,https://coincu.com/c/casino-reviews/,https://coincu.com/casino-reviews/,0,no_match_in_raw
https://coincu.com/wld-recovery-falling-wedge-eye-0-62/,posts,393504,https://coincu.com/c/pr/press-release/,https://coincu.com/pr/press-release/,0,no_match_in_raw
https://coincu.com/wld-recovery-falling-wedge-eye-0-62/,posts,393504,https://coincu.com/c/analysis,https://coincu.com/analysis/,0,no_match_in_raw
https://coincu.com/world-liberty-financial-partnership-with-ethena/,posts,297728,https://coincu.com/c/casino-reviews/,https://coincu.com/casino-reviews/,0,no_match_in_raw
https://coincu.com/world-liberty-financial-partnership-with-ethena/,posts,297728,https://coincu.com/c/pr/press-release/,https://coincu.com/pr/press-release/,0,no_match_in_raw
https://coincu.com/world-liberty-financial-partnership-with-ethena/,posts,297728,https://coincu.com/c/news,https://coincu.com/news/,0,no_match_in_raw
https://coincu.com/wld-whale-scores-91-gain/,posts,361168,https://coincu.com/c/casino-reviews/,https://coincu.com/casino-reviews/,0,no_match_in_raw
https://coincu.com/wld-whale-scores-91-gain/,posts,361168,https://coincu.com/c/pr/press-release/,https://coincu.com/pr/press-release/,0,no_match_in_raw
https://coincu.com/wld-whale-scores-91-gain/,posts,361168,https://coincu.com/c/analysis,https://coincu.com/analysis/,0,no_match_in_raw
https://coincu.com/world-id-holders-can-delete-ids/,posts,254316,https://coincu.com/c/casino-reviews/,https://coincu.com/casino-reviews/,0,no_match_in_raw
https://coincu.com/world-id-holders-can-delete-ids/,posts,254316,https://coincu.com/c/pr/press-release/,https://coincu.com/pr/press-release/,0,no_match_in_raw
https://coincu.com/world-id-holders-can-delete-ids/,posts,254316,https://coincu.com/c/news,https://coincu.com/news/,0,no_match_in_raw
https://coincu.com/new-upcoming-digital-identity-y-platfrom/,posts,292782,https://coincu.com/c/casino-reviews/,https://coincu.com/casino-reviews/,0,no_match_in_raw
https://coincu.com/new-upcoming-digital-identity-y-platfrom/,posts,292782,https://coincu.com/c/pr/press-release/,https://coincu.com/pr/press-release/,0,no_match_in_raw
https://coincu.com/new-upcoming-digital-identity-y-platfrom/,posts,292782,https://coincu.com/c/news,https://coincu.com/news/,0,no_match_in_raw
https://coincu.com/softbank-clears-22-5b-for-openai-as/,posts,371514,https://coincu.com/c/casino-reviews/,https://coincu.com/casino-reviews/,0,no_match_in_raw
https://coincu.com/softbank-clears-22-5b-for-openai-as/,posts,371514,https://coincu.com/c/pr/press-release/,https://coincu.com/pr/press-release/,0,no_match_in_raw
https://coincu.com/softbank-clears-22-5b-for-openai-as/,posts,371514,https://coincu.com/c/news,https://coincu.com/news/,0,no_match_in_raw
https://coincu.com/worldcoin-open-source-project-iris/,posts,244538,https://coincu.com/c/casino-reviews/,https://coincu.com/casino-reviews/,0,no_match_in_raw
https://coincu.com/worldcoin-open-source-project-iris/,posts,244538,https://coincu.com/c/pr/press-release/,https://coincu.com/pr/press-release/,0,no_match_in_raw
https://coincu.com/worldcoin-open-source-project-iris/,posts,244538,https://coincu.com/c/news,https://coincu.com/news/,0,no_match_in_raw
https://coincu.com/google-chrome-supports-display-ethereum/,posts,186927,https://coincu.com/c/casino-reviews/,https://coincu.com/casino-reviews/,0,no_match_in_raw
https://coincu.com/google-chrome-supports-display-ethereum/,posts,186927,https://coincu.com/c/pr/press-release/,https://coincu.com/pr/press-release/,0,no_match_in_raw
https://coincu.com/google-chrome-supports-display-ethereum/,posts,186927,https://coincu.com/c/news,https://coincu.com/news/,0,no_match_in_raw
https://coincu.com/ftx-detected-stop-processing-withdrawal/,posts,140605,https://coincu.com/c/casino-reviews/,https://coincu.com/casino-reviews/,0,no_match_in_raw
https://coincu.com/ftx-detected-stop-processing-withdrawal/,posts,140605,https://coincu.com/c/pr/press-release/,https://coincu.com/pr/press-release/,0,no_match_in_raw
https://coincu.com/ftx-detected-stop-processing-withdrawal/,posts,140605,https://coincu.com/c/news,https://coincu.com/news/,0,no_match_in_raw
https://coincu.com/polygon-zkevm-launch-audit-upgrade/,posts,169670,https://coincu.com/c/casino-reviews/,https://coincu.com/casino-reviews/,0,no_match_in_raw
https://coincu.com/polygon-zkevm-launch-audit-upgrade/,posts,169670,https://coincu.com/c/pr/press-release/,https://coincu.com/pr/press-release/,0,no_match_in_raw
https://coincu.com/polygon-zkevm-launch-audit-upgrade/,posts,169670,https://coincu.com/c/news,https://coincu.com/news/,0,no_match_in_raw
https://coincu.com/solana-based-pyusd-competing-ethereum-network/,posts,269654,https://coincu.com/c/casino-reviews/,https://coincu.com/casino-reviews/,0,no_match_in_raw
https://coincu.com/solana-based-pyusd-competing-ethereum-network/,posts,269654,https://coincu.com/c/pr/press-release/,https://coincu.com/pr/press-release/,0,no_match_in_raw
https://coincu.com/solana-based-pyusd-competing-ethereum-network/,posts,269654,https://coincu.com/c/news,https://coincu.com/news/,0,no_match_in_raw
https://coincu.com/moonpay-lays-off-10-despite-product-expansion/,posts,262695,https://coincu.com/c/casino-reviews/,https://coincu.com/casino-reviews/,0,no_match_in_raw
https://coincu.com/moonpay-lays-off-10-despite-product-expansion/,posts,262695,https://coincu.com/c/pr/press-release/,https://coincu.com/pr/press-release/,0,no_match_in_raw
https://coincu.com/moonpay-lays-off-10-despite-product-expansion/,posts,262695,https://coincu.com/c/news,https://coincu.com/news/,0,no_match_in_raw
https://coincu.com/venmo-help-users-transfer-crypto/,posts,184639,https://coincu.com/c/casino-reviews/,https://coincu.com/casino-reviews/,0,no_match_in_raw
https://coincu.com/venmo-help-users-transfer-crypto/,posts,184639,https://coincu.com/c/pr/press-release/,https://coincu.com/pr/press-release/,0,no_match_in_raw
https://coincu.com/venmo-help-users-transfer-crypto/,posts,184639,https://coincu.com/c/news,https://coincu.com/news/,0,no_match_in_raw
https://coincu.com/paypal-crypto-payment-service-supports-us/,posts,284531,https://coincu.com/c/casino-reviews/,https://coincu.com/casino-reviews/,0,no_match_in_raw
https://coincu.com/paypal-crypto-payment-service-supports-us/,posts,284531,https://coincu.com/c/pr/press-release/,https://coincu.com/pr/press-release/,0,no_match_in_raw
https://coincu.com/paypal-crypto-payment-service-supports-us/,posts,284531,https://coincu.com/c/news,https://coincu.com/news/,0,no_match_in_raw
https://coincu.com/new-paxos-singapore-executive-director-appointed/,posts,266949,https://coincu.com/c/casino-reviews/,https://coincu.com/casino-reviews/,0,no_match_in_raw
https://coincu.com/new-paxos-singapore-executive-director-appointed/,posts,266949,https://coincu.com/c/pr/press-release/,https://coincu.com/pr/press-release/,0,no_match_in_raw
https://coincu.com/new-paxos-singapore-executive-director-appointed/,posts,266949,https://coincu.com/c/news,https://coincu.com/news/,0,no_match_in_raw
https://coincu.com/membrane-finance-acquisition-by-paxos-targets-eu/,posts,292967,https://coincu.com/c/casino-reviews/,https://coincu.com/casino-reviews/,0,no_match_in_raw
https://coincu.com/membrane-finance-acquisition-by-paxos-targets-eu/,posts,292967,https://coincu.com/c/pr/press-release/,https://coincu.com/pr/press-release/,0,no_match_in_raw
https://coincu.com/membrane-finance-acquisition-by-paxos-targets-eu/,posts,292967,https://coincu.com/c/news,https://coincu.com/news/,0,no_match_in_raw
https://coincu.com/paxos-usdg-attestation-report-published/,posts,299760,https://coincu.com/c/casino-reviews/,https://coincu.com/casino-reviews/,0,no_match_in_raw
https://coincu.com/paxos-usdg-attestation-report-published/,posts,299760,https://coincu.com/c/pr/press-release/,https://coincu.com/pr/press-release/,0,no_match_in_raw
https://coincu.com/paxos-usdg-attestation-report-published/,posts,299760,https://coincu.com/c/news,https://coincu.com/news/,0,no_match_in_raw
https://coincu.com/paxos-mints-300-trillion-in-pyusd-on/,posts,369051,https://coincu.com/c/casino-reviews/,https://coincu.com/casino-reviews/,0,no_match_in_raw
https://coincu.com/paxos-mints-300-trillion-in-pyusd-on/,posts,369051,https://coincu.com/c/pr/press-release/,https://coincu.com/pr/press-release/,0,no_match_in_raw
https://coincu.com/paxos-mints-300-trillion-in-pyusd-on/,posts,369051,https://coincu.com/c/news,https://coincu.com/news/,0,no_match_in_raw
https://coincu.com/paxos-workforce-cut-affects-20/,posts,263579,https://coincu.com/c/casino-reviews/,https://coincu.com/casino-reviews/,0,no_match_in_raw
https://coincu.com/paxos-workforce-cut-affects-20/,posts,263579,https://coincu.com/c/pr/press-release/,https://coincu.com/pr/press-release/,0,no_match_in_raw
https://coincu.com/paxos-workforce-cut-affects-20/,posts,263579,https://coincu.com/c/news,https://coincu.com/news/,0,no_match_in_raw
https://coincu.com/paxos-stablecoin-payments-platform-launched/,posts,287336,https://coincu.com/c/casino-reviews/,https://coincu.com/casino-reviews/,0,no_match_in_raw
https://coincu.com/paxos-stablecoin-payments-platform-launched/,posts,287336,https://coincu.com/c/pr/press-release/,https://coincu.com/pr/press-release/,0,no_match_in_raw
https://coincu.com/paxos-stablecoin-payments-platform-launched/,posts,287336,https://coincu.com/c/news,https://coincu.com/news/,0,no_match_in_raw
https://coincu.com/top-bridge-projects-on-layerzero/,posts,227179,https://coincu.com/c/casino-reviews/,https://coincu.com/casino-reviews/,0,no_match_in_raw
https://coincu.com/top-bridge-projects-on-layerzero/,posts,227179,https://coincu.com/c/pr/press-release/,https://coincu.com/pr/press-release/,0,no_match_in_raw
https://coincu.com/top-bridge-projects-on-layerzero/,posts,227179,https://coincu.com/c/top-projects,https://coincu.com/top-projects/,0,no_match_in_raw
https://coincu.com/new-layerzero-token-airdrop/,posts,283787,https://coincu.com/c/casino-reviews/,https://coincu.com/casino-reviews/,0,no_match_in_raw
https://coincu.com/new-layerzero-token-airdrop/,posts,283787,https://coincu.com/c/pr/press-release/,https://coincu.com/pr/press-release/,0,no_match_in_raw
https://coincu.com/new-layerzero-token-airdrop/,posts,283787,https://coincu.com/c/news,https://coincu.com/news/,0,no_match_in_raw
https://coincu.com/okx-mpi-license-approved/,posts,280765,https://coincu.com/c/casino-reviews/,https://coincu.com/casino-reviews/,0,no_match_in_raw
https://coincu.com/okx-mpi-license-approved/,posts,280765,https://coincu.com/c/pr/press-release/,https://coincu.com/pr/press-release/,0,no_match_in_raw
https://coincu.com/okx-mpi-license-approved/,posts,280765,https://coincu.com/c/news,https://coincu.com/news/,0,no_match_in_raw
https://coincu.com/new-crypto-czar-appointed-by-trump/,posts,295587,https://coincu.com/c/casino-reviews/,https://coincu.com/casino-reviews/,0,no_match_in_raw
https://coincu.com/new-crypto-czar-appointed-by-trump/,posts,295587,https://coincu.com/c/pr/press-release/,https://coincu.com/pr/press-release/,0,no_match_in_raw
https://coincu.com/new-crypto-czar-appointed-by-trump/,posts,295587,https://coincu.com/c/news,https://coincu.com/news/,0,no_match_in_raw
https://coincu.com/trump-crypto-czar-once-criticized-suppression/,posts,295815,https://coincu.com/c/casino-reviews/,https://coincu.com/casino-reviews/,0,no_match_in_raw
https://coincu.com/trump-crypto-czar-once-criticized-suppression/,posts,295815,https://coincu.com/c/pr/press-release/,https://coincu.com/pr/press-release/,0,no_match_in_raw
https://coincu.com/trump-crypto-czar-once-criticized-suppression/,posts,295815,https://coincu.com/c/news,https://coincu.com/news/,0,no_match_in_raw
https://coincu.com/metamask-removed-apple-app-store/,posts,223495,https://coincu.com/c/casino-reviews/,https://coincu.com/casino-reviews/,0,no_match_in_raw
https://coincu.com/metamask-removed-apple-app-store/,posts,223495,https://coincu.com/c/pr/press-release/,https://coincu.com/pr/press-release/,0,no_match_in_raw
https://coincu.com/metamask-removed-apple-app-store/,posts,223495,https://coincu.com/c/news,https://coincu.com/news/,0,no_match_in_raw
https://coincu.com/gnosis-safe-raised-100-million/,posts,108167,https://coincu.com/c/casino-reviews/,https://coincu.com/casino-reviews/,0,no_match_in_raw
https://coincu.com/gnosis-safe-raised-100-million/,posts,108167,https://coincu.com/c/pr/press-release/,https://coincu.com/pr/press-release/,0,no_match_in_raw
https://coincu.com/gnosis-safe-raised-100-million/,posts,108167,https://coincu.com/c/news,https://coincu.com/news/,0,no_match_in_raw
https://coincu.com/stripe-cuts-over-14-of-staff/,posts,139339,https://coincu.com/c/casino-reviews/,https://coincu.com/casino-reviews/,0,no_match_in_raw
https://coincu.com/stripe-cuts-over-14-of-staff/,posts,139339,https://coincu.com/c/pr/press-release/,https://coincu.com/pr/press-release/,0,no_match_in_raw
https://coincu.com/stripe-cuts-over-14-of-staff/,posts,139339,https://coincu.com/c/news,https://coincu.com/news/,0,no_match_in_raw
https://coincu.com/cocreate-web3-loyalty-app-shopify-polygon/,posts,202986,https://coincu.com/c/casino-reviews/,https://coincu.com/casino-reviews/,0,no_match_in_raw
https://coincu.com/cocreate-web3-loyalty-app-shopify-polygon/,posts,202986,https://coincu.com/c/pr/press-release/,https://coincu.com/pr/press-release/,0,no_match_in_raw
https://coincu.com/cocreate-web3-loyalty-app-shopify-polygon/,posts,202986,https://coincu.com/c/news,https://coincu.com/news/,0,no_match_in_raw
https://coincu.com/new-worldcoin-anti-fraud-tool/,posts,238660,https://coincu.com/c/casino-reviews/,https://coincu.com/casino-reviews/,0,no_match_in_raw
https://coincu.com/new-worldcoin-anti-fraud-tool/,posts,238660,https://coincu.com/c/pr/press-release/,https://coincu.com/pr/press-release/,0,no_match_in_raw
https://coincu.com/new-worldcoin-anti-fraud-tool/,posts,238660,https://coincu.com/c/news,https://coincu.com/news/,0,no_match_in_raw
https://coincu.com/solana-pay-integrates-shopify-for-web3-payments/,posts,212830,https://coincu.com/c/casino-reviews/,https://coincu.com/casino-reviews/,0,no_match_in_raw
https://coincu.com/solana-pay-integrates-shopify-for-web3-payments/,posts,212830,https://coincu.com/c/pr/press-release/,https://coincu.com/pr/press-release/,0,no_match_in_raw
https://coincu.com/solana-pay-integrates-shopify-for-web3-payments/,posts,212830,https://coincu.com/c/news,https://coincu.com/news/,0,no_match_in_raw
https://coincu.com/solana-could-rise-from-the-fall-from-22-5/,posts,213305,https://coincu.com/c/casino-reviews/,https://coincu.com/casino-reviews/,0,no_match_in_raw
https://coincu.com/solana-could-rise-from-the-fall-from-22-5/,posts,213305,https://coincu.com/c/pr/press-release/,https://coincu.com/pr/press-release/,0,no_match_in_raw
https://coincu.com/solana-could-rise-from-the-fall-from-22-5/,posts,213305,https://coincu.com/c/analysis,https://coincu.com/analysis/,0,no_match_in_raw
https://coincu.com/stablecoins-still-controversial/,posts,188478,https://coincu.com/c/casino-reviews/,https://coincu.com/casino-reviews/,0,no_match_in_raw
https://coincu.com/stablecoins-still-controversial/,posts,188478,https://coincu.com/c/pr/press-release/,https://coincu.com/pr/press-release/,0,no_match_in_raw
https://coincu.com/stablecoins-still-controversial/,posts,188478,https://coincu.com/c/news,https://coincu.com/news/,0,no_match_in_raw
https://coincu.com/internal-revenue-service-defi-tax-rules/,posts,299197,https://coincu.com/c/casino-reviews/,https://coincu.com/casino-reviews/,0,no_match_in_raw
https://coincu.com/internal-revenue-service-defi-tax-rules/,posts,299197,https://coincu.com/c/pr/press-release/,https://coincu.com/pr/press-release/,0,no_match_in_raw
https://coincu.com/internal-revenue-service-defi-tax-rules/,posts,299197,https://coincu.com/c/news,https://coincu.com/news/,0,no_match_in_raw
https://coincu.com/new-us-treasury-crypto-tax-rules/,posts,265577,https://coincu.com/c/casino-reviews/,https://coincu.com/casino-reviews/,0,no_match_in_raw
https://coincu.com/new-us-treasury-crypto-tax-rules/,posts,265577,https://coincu.com/c/pr/press-release/,https://coincu.com/pr/press-release/,0,no_match_in_raw
https://coincu.com/new-us-treasury-crypto-tax-rules/,posts,265577,https://coincu.com/c/news,https://coincu.com/news/,0,no_match_in_raw
https://coincu.com/fair-tax-act-promoted/,posts,301847,https://coincu.com/c/casino-reviews/,https://coincu.com/casino-reviews/,0,no_match_in_raw
https://coincu.com/fair-tax-act-promoted/,posts,301847,https://coincu.com/c/pr/press-release/,https://coincu.com/pr/press-release/,0,no_match_in_raw
https://coincu.com/fair-tax-act-promoted/,posts,301847,https://coincu.com/c/news,https://coincu.com/news/,0,no_match_in_raw
https://coincu.com/irs-crypto-tax-draft-form/,posts,271672,https://coincu.com/c/casino-reviews/,https://coincu.com/casino-reviews/,0,no_match_in_raw
https://coincu.com/irs-crypto-tax-draft-form/,posts,271672,https://coincu.com/c/pr/press-release/,https://coincu.com/pr/press-release/,0,no_match_in_raw
https://coincu.com/irs-crypto-tax-draft-form/,posts,271672,https://coincu.com/c/news,https://coincu.com/news/,0,no_match_in_raw
https://coincu.com/irs-crypto-reporting-to-begin-in-2025-for-cex/,posts,302675,https://coincu.com/c/casino-reviews/,https://coincu.com/casino-reviews/,0,no_match_in_raw
https://coincu.com/irs-crypto-reporting-to-begin-in-2025-for-cex/,posts,302675,https://coincu.com/c/pr/press-release/,https://coincu.com/pr/press-release/,0,no_match_in_raw
https://coincu.com/irs-crypto-reporting-to-begin-in-2025-for-cex/,posts,302675,https://coincu.com/c/news,https://coincu.com/news/,0,no_match_in_raw
https://coincu.com/binance-530-merl-airdrop-distribution/,posts,338971,https://coincu.com/c/casino-reviews/,https://coincu.com/casino-reviews/,0,no_match_in_raw
https://coincu.com/binance-530-merl-airdrop-distribution/,posts,338971,https://coincu.com/c/pr/press-release/,https://coincu.com/pr/press-release/,0,no_match_in_raw
https://coincu.com/binance-530-merl-airdrop-distribution/,posts,338971,https://coincu.com/c/airdrop,https://coincu.com/airdrop/,0,no_match_in_raw
https://coincu.com/kraken-tokenized-stocks-solana/,posts,339143,https://coincu.com/c/casino-reviews/,https://coincu.com/casino-reviews/,0,no_match_in_raw
https://coincu.com/kraken-tokenized-stocks-solana/,posts,339143,https://coincu.com/c/pr/press-release/,https://coincu.com/pr/press-release/,0,no_match_in_raw
https://coincu.com/kraken-tokenized-stocks-solana/,posts,339143,https://coincu.com/c/news,https://coincu.com/news/,0,no_match_in_raw
https://coincu.com/binance-alpha-soon-token-airdrop-3/,posts,339440,https://coincu.com/c/casino-reviews/,https://coincu.com/casino-reviews/,0,no_match_in_raw
https://coincu.com/binance-alpha-soon-token-airdrop-3/,posts,339440,https://coincu.com/c/pr/press-release/,https://coincu.com/pr/press-release/,0,no_match_in_raw
https://coincu.com/binance-alpha-soon-token-airdrop-3/,posts,339440,https://coincu.com/c/airdrop,https://coincu.com/airdrop/,0,no_match_in_raw
https://coincu.com/strategy-buys-2-1b-in-bitcoin/,posts,390119,https://coincu.com/c/casino-reviews/,https://coincu.com/casino-reviews/,0,no_match_in_raw
https://coincu.com/strategy-buys-2-1b-in-bitcoin/,posts,390119,https://coincu.com/c/pr/press-release/,https://coincu.com/pr/press-release/,0,no_match_in_raw
https://coincu.com/strategy-buys-2-1b-in-bitcoin/,posts,390119,https://coincu.com/c/crypto,https://coincu.com/crypto/,0,no_match_in_raw
https://coincu.com/strategy-buys-168-btc-lifting-total/,posts,370108,https://coincu.com/c/casino-reviews/,https://coincu.com/casino-reviews/,0,no_match_in_raw
https://coincu.com/strategy-buys-168-btc-lifting-total/,posts,370108,https://coincu.com/c/pr/press-release/,https://coincu.com/pr/press-release/,0,no_match_in_raw
https://coincu.com/strategy-buys-168-btc-lifting-total/,posts,370108,https://coincu.com/c/bitcoin,https://coincu.com/bitcoin/,0,no_match_in_raw
https://coincu.com/strategy-buys-6220-btc-for-739m-as-bitcoin/,posts,349917,https://coincu.com/c/casino-reviews/,https://coincu.com/casino-reviews/,0,no_match_in_raw
https://coincu.com/strategy-buys-6220-btc-for-739m-as-bitcoin/,posts,349917,https://coincu.com/c/pr/press-release/,https://coincu.com/pr/press-release/,0,no_match_in_raw
https://coincu.com/strategy-buys-6220-btc-for-739m-as-bitcoin/,posts,349917,https://coincu.com/c/news,https://coincu.com/news/,0,no_match_in_raw
https://coincu.com/strategy-buys-13627-bitcoin-worth-1-25b/,posts,388438,https://coincu.com/c/casino-reviews/,https://coincu.com/casino-reviews/,0,no_match_in_raw
https://coincu.com/strategy-buys-13627-bitcoin-worth-1-25b/,posts,388438,https://coincu.com/c/pr/press-release/,https://coincu.com/pr/press-release/,0,no_match_in_raw
https://coincu.com/strategy-buys-13627-bitcoin-worth-1-25b/,posts,388438,https://coincu.com/c/btc-5,https://coincu.com/btc-5/,0,no_match_in_raw
https://coincu.com/strategy-loads-up-btc-holdings-top-54b/,posts,393900,https://coincu.com/c/casino-reviews/,https://coincu.com/casino-reviews/,0,no_match_in_raw
https://coincu.com/strategy-loads-up-btc-holdings-top-54b/,posts,393900,https://coincu.com/c/pr/press-release/,https://coincu.com/pr/press-release/,0,no_match_in_raw
https://coincu.com/strategy-loads-up-btc-holdings-top-54b/,posts,393900,https://coincu.com/c/btc-5,https://coincu.com/btc-5/,0,no_match_in_raw
https://coincu.com/strategy-buys-17994-btc-bets-1-28b/,posts,397385,https://coincu.com/c/casino-reviews/,https://coincu.com/casino-reviews/,0,no_match_in_raw
https://coincu.com/strategy-buys-17994-btc-bets-1-28b/,posts,397385,https://coincu.com/c/pr/press-release/,https://coincu.com/pr/press-release/,0,no_match_in_raw
https://coincu.com/strategy-buys-17994-btc-bets-1-28b/,posts,397385,https://coincu.com/c/btc,https://coincu.com/btc/,0,no_match_in_raw
https://coincu.com/strategy-acquires-10624-btc-in-963m/,posts,382168,https://coincu.com/c/casino-reviews/,https://coincu.com/casino-reviews/,0,no_match_in_raw
https://coincu.com/strategy-acquires-10624-btc-in-963m/,posts,382168,https://coincu.com/c/pr/press-release/,https://coincu.com/pr/press-release/,0,no_match_in_raw
https://coincu.com/strategy-acquires-10624-btc-in-963m/,posts,382168,https://coincu.com/c/news,https://coincu.com/news/,0,no_match_in_raw
https://coincu.com/strategy-acquires-21021-btc-post-ipo/,posts,351504,https://coincu.com/c/casino-reviews/,https://coincu.com/casino-reviews/,0,no_match_in_raw
https://coincu.com/strategy-acquires-21021-btc-post-ipo/,posts,351504,https://coincu.com/c/pr/press-release/,https://coincu.com/pr/press-release/,0,no_match_in_raw
https://coincu.com/strategy-acquires-21021-btc-post-ipo/,posts,351504,https://coincu.com/c/news,https://coincu.com/news/,0,no_match_in_raw
https://coincu.com/strategy-says-it-can-survive-bitcoincrash/,posts,394758,https://coincu.com/c/casino-reviews/,https://coincu.com/casino-reviews/,0,no_match_in_raw
https://coincu.com/strategy-says-it-can-survive-bitcoincrash/,posts,394758,https://coincu.com/c/pr/press-release/,https://coincu.com/pr/press-release/,0,no_match_in_raw
https://coincu.com/strategy-says-it-can-survive-bitcoincrash/,posts,394758,https://coincu.com/c/btc,https://coincu.com/btc/,0,no_match_in_raw
https://coincu.com/michael-saylor-digital-assets-framework/,posts,298133,https://coincu.com/c/casino-reviews/,https://coincu.com/casino-reviews/,0,no_match_in_raw
https://coincu.com/michael-saylor-digital-assets-framework/,posts,298133,https://coincu.com/c/pr/press-release/,https://coincu.com/pr/press-release/,0,no_match_in_raw
https://coincu.com/michael-saylor-digital-assets-framework/,posts,298133,https://coincu.com/c/news,https://coincu.com/news/,0,no_match_in_raw
https://coincu.com/bitcoin-spot-etf-inflows-reach-475m/,posts,299067,https://coincu.com/c/casino-reviews/,https://coincu.com/casino-reviews/,0,no_match_in_raw
https://coincu.com/bitcoin-spot-etf-inflows-reach-475m/,posts,299067,https://coincu.com/c/pr/press-release/,https://coincu.com/pr/press-release/,0,no_match_in_raw
https://coincu.com/bitcoin-spot-etf-inflows-reach-475m/,posts,299067,https://coincu.com/c/news,https://coincu.com/news/,0,no_match_in_raw
https://coincu.com/binance-global-user-survey-highlights-trends/,posts,297815,https://coincu.com/c/casino-reviews/,https://coincu.com/casino-reviews/,0,no_match_in_raw
https://coincu.com/binance-global-user-survey-highlights-trends/,posts,297815,https://coincu.com/c/pr/press-release/,https://coincu.com/pr/press-release/,0,no_match_in_raw
https://coincu.com/binance-global-user-survey-highlights-trends/,posts,297815,https://coincu.com/c/news,https://coincu.com/news/,0,no_match_in_raw
https://coincu.com/strategic-bitcoin-reserve-act-pushing-approval/,posts,304504,https://coincu.com/c/casino-reviews/,https://coincu.com/casino-reviews/,0,no_match_in_raw
https://coincu.com/strategic-bitcoin-reserve-act-pushing-approval/,posts,304504,https://coincu.com/c/pr/press-release/,https://coincu.com/pr/press-release/,0,no_match_in_raw
https://coincu.com/strategic-bitcoin-reserve-act-pushing-approval/,posts,304504,https://coincu.com/c/bitcoin,https://coincu.com/bitcoin/,0,no_match_in_raw
https://coincu.com/senator-cynthia-lummis-makes-btc-a-top-priority/,posts,304479,https://coincu.com/c/casino-reviews/,https://coincu.com/casino-reviews/,0,no_match_in_raw
https://coincu.com/senator-cynthia-lummis-makes-btc-a-top-priority/,posts,304479,https://coincu.com/c/pr/press-release/,https://coincu.com/pr/press-release/,0,no_match_in_raw
https://coincu.com/senator-cynthia-lummis-makes-btc-a-top-priority/,posts,304479,https://coincu.com/c/bitcoin,https://coincu.com/bitcoin/,0,no_match_in_raw
https://coincu.com/lummis-reintroduces-strategic-bitcoin-reserve/,posts,326164,https://coincu.com/c/casino-reviews/,https://coincu.com/casino-reviews/,0,no_match_in_raw
https://coincu.com/lummis-reintroduces-strategic-bitcoin-reserve/,posts,326164,https://coincu.com/c/pr/press-release/,https://coincu.com/pr/press-release/,0,no_match_in_raw
https://coincu.com/lummis-reintroduces-strategic-bitcoin-reserve/,posts,326164,https://coincu.com/c/bitcoin,https://coincu.com/bitcoin/,0,no_match_in_raw
https://coincu.com/circle-eu-emi-license-ushers-450m-customers/,posts,265867,https://coincu.com/c/casino-reviews/,https://coincu.com/casino-reviews/,0,no_match_in_raw
https://coincu.com/circle-eu-emi-license-ushers-450m-customers/,posts,265867,https://coincu.com/c/pr/press-release/,https://coincu.com/pr/press-release/,0,no_match_in_raw
https://coincu.com/circle-eu-emi-license-ushers-450m-customers/,posts,265867,https://coincu.com/c/news,https://coincu.com/news/,0,no_match_in_raw
https://coincu.com/circle-expands-workforce-15-further-expansion/,posts,264347,https://coincu.com/c/casino-reviews/,https://coincu.com/casino-reviews/,0,no_match_in_raw
https://coincu.com/circle-expands-workforce-15-further-expansion/,posts,264347,https://coincu.com/c/pr/press-release/,https://coincu.com/pr/press-release/,0,no_match_in_raw
https://coincu.com/circle-expands-workforce-15-further-expansion/,posts,264347,https://coincu.com/c/news,https://coincu.com/news/,0,no_match_in_raw
https://coincu.com/binances-euro-transaction-remains-unrestricted/,posts,212251,https://coincu.com/c/casino-reviews/,https://coincu.com/casino-reviews/,0,no_match_in_raw
https://coincu.com/binances-euro-transaction-remains-unrestricted/,posts,212251,https://coincu.com/c/pr/press-release/,https://coincu.com/pr/press-release/,0,no_match_in_raw
https://coincu.com/binances-euro-transaction-remains-unrestricted/,posts,212251,https://coincu.com/c/news,https://coincu.com/news/,0,no_match_in_raw
https://coincu.com/binance-changed-eur-banking-paysafe-stop-serving/,posts,198717,https://coincu.com/c/casino-reviews/,https://coincu.com/casino-reviews/,0,no_match_in_raw
https://coincu.com/binance-changed-eur-banking-paysafe-stop-serving/,posts,198717,https://coincu.com/c/pr/press-release/,https://coincu.com/pr/press-release/,0,no_match_in_raw
https://coincu.com/binance-changed-eur-banking-paysafe-stop-serving/,posts,198717,https://coincu.com/c/news,https://coincu.com/news/,0,no_match_in_raw
https://coincu.com/mastercard-crypto-debit-card-european-users/,posts,281398,https://coincu.com/c/casino-reviews/,https://coincu.com/casino-reviews/,0,no_match_in_raw
https://coincu.com/mastercard-crypto-debit-card-european-users/,posts,281398,https://coincu.com/c/pr/press-release/,https://coincu.com/pr/press-release/,0,no_match_in_raw
https://coincu.com/mastercard-crypto-debit-card-european-users/,posts,281398,https://coincu.com/c/news,https://coincu.com/news/,0,no_match_in_raw
https://coincu.com/minnesota-bitcoin-act-proposes-crypto-tax/,posts,326601,https://coincu.com/c/casino-reviews/,https://coincu.com/casino-reviews/,0,no_match_in_raw
https://coincu.com/minnesota-bitcoin-act-proposes-crypto-tax/,posts,326601,https://coincu.com/c/pr/press-release/,https://coincu.com/pr/press-release/,0,no_match_in_raw
https://coincu.com/minnesota-bitcoin-act-proposes-crypto-tax/,posts,326601,https://coincu.com/c/bitcoin,https://coincu.com/bitcoin/,0,no_match_in_raw
https://coincu.com/membrane-finance-introducing-stablecoin/,posts,164185,https://coincu.com/c/casino-reviews/,https://coincu.com/casino-reviews/,0,no_match_in_raw
https://coincu.com/membrane-finance-introducing-stablecoin/,posts,164185,https://coincu.com/c/pr/press-release/,https://coincu.com/pr/press-release/,0,no_match_in_raw
https://coincu.com/membrane-finance-introducing-stablecoin/,posts,164185,https://coincu.com/c/news,https://coincu.com/news/,0,no_match_in_raw
https://coincu.com/strategy-bitcoin-investment-500m-stock-for-btc/,posts,327113,https://coincu.com/c/casino-reviews/,https://coincu.com/casino-reviews/,0,no_match_in_raw
https://coincu.com/strategy-bitcoin-investment-500m-stock-for-btc/,posts,327113,https://coincu.com/c/pr/press-release/,https://coincu.com/pr/press-release/,0,no_match_in_raw
https://coincu.com/strategy-bitcoin-investment-500m-stock-for-btc/,posts,327113,https://coincu.com/c/news,https://coincu.com/news/,0,no_match_in_raw
https://coincu.com/north-dakota-state-is-considering-bitcoin/,posts,301688,https://coincu.com/c/casino-reviews/,https://coincu.com/casino-reviews/,0,no_match_in_raw
https://coincu.com/north-dakota-state-is-considering-bitcoin/,posts,301688,https://coincu.com/c/pr/press-release/,https://coincu.com/pr/press-release/,0,no_match_in_raw
https://coincu.com/north-dakota-state-is-considering-bitcoin/,posts,301688,https://coincu.com/c/news,https://coincu.com/news/,0,no_match_in_raw
https://coincu.com/michael-saylor-reveals-bitcoins-true-value/,posts,108564,https://coincu.com/c/casino-reviews/,https://coincu.com/casino-reviews/,0,no_match_in_raw
https://coincu.com/michael-saylor-reveals-bitcoins-true-value/,posts,108564,https://coincu.com/c/pr/press-release/,https://coincu.com/pr/press-release/,0,no_match_in_raw
https://coincu.com/michael-saylor-reveals-bitcoins-true-value/,posts,108564,https://coincu.com/c/bitcoin,https://coincu.com/bitcoin/,0,no_match_in_raw
https://coincu.com/genius-group-bitcoin-treasury-boosted/,posts,302320,https://coincu.com/c/casino-reviews/,https://coincu.com/casino-reviews/,0,no_match_in_raw
https://coincu.com/genius-group-bitcoin-treasury-boosted/,posts,302320,https://coincu.com/c/pr/press-release/,https://coincu.com/pr/press-release/,0,no_match_in_raw
https://coincu.com/genius-group-bitcoin-treasury-boosted/,posts,302320,https://coincu.com/c/news,https://coincu.com/news/,0,no_match_in_raw
https://coincu.com/genius-group-bitcoin-treasury-boosted-153-btc/,posts,293228,https://coincu.com/c/casino-reviews/,https://coincu.com/casino-reviews/,0,no_match_in_raw
https://coincu.com/genius-group-bitcoin-treasury-boosted-153-btc/,posts,293228,https://coincu.com/c/pr/press-release/,https://coincu.com/pr/press-release/,0,no_match_in_raw
https://coincu.com/genius-group-bitcoin-treasury-boosted-153-btc/,posts,293228,https://coincu.com/c/news,https://coincu.com/news/,0,no_match_in_raw
https://coincu.com/genius-group-bitcoin-investment/,posts,296150,https://coincu.com/c/casino-reviews/,https://coincu.com/casino-reviews/,0,no_match_in_raw
https://coincu.com/genius-group-bitcoin-investment/,posts,296150,https://coincu.com/c/pr/press-release/,https://coincu.com/pr/press-release/,0,no_match_in_raw
https://coincu.com/genius-group-bitcoin-investment/,posts,296150,https://coincu.com/c/news,https://coincu.com/news/,0,no_match_in_raw
https://coincu.com/genius-group-bitcoin-treasury-boosted-35m/,posts,301607,https://coincu.com/c/casino-reviews/,https://coincu.com/casino-reviews/,0,no_match_in_raw
https://coincu.com/genius-group-bitcoin-treasury-boosted-35m/,posts,301607,https://coincu.com/c/pr/press-release/,https://coincu.com/pr/press-release/,0,no_match_in_raw
https://coincu.com/genius-group-bitcoin-treasury-boosted-35m/,posts,301607,https://coincu.com/c/news,https://coincu.com/news/,0,no_match_in_raw
https://coincu.com/genius-group-plans-55-million-bitcoin-reserves/,posts,304715,https://coincu.com/c/casino-reviews/,https://coincu.com/casino-reviews/,0,no_match_in_raw
https://coincu.com/genius-group-plans-55-million-bitcoin-reserves/,posts,304715,https://coincu.com/c/pr/press-release/,https://coincu.com/pr/press-release/,0,no_match_in_raw
https://coincu.com/genius-group-plans-55-million-bitcoin-reserves/,posts,304715,https://coincu.com/c/news,https://coincu.com/news/,0,no_match_in_raw
https://coincu.com/wlfi-token-set-to-trade-by-late-august/,posts,349471,https://coincu.com/c/casino-reviews/,https://coincu.com/casino-reviews/,0,no_match_in_raw
https://coincu.com/wlfi-token-set-to-trade-by-late-august/,posts,349471,https://coincu.com/c/pr/press-release/,https://coincu.com/pr/press-release/,0,no_match_in_raw
https://coincu.com/wlfi-token-set-to-trade-by-late-august/,posts,349471,https://coincu.com/c/news,https://coincu.com/news/,0,no_match_in_raw
https://coincu.com/wlfi-under-fireanalyst-warns-hyperliquid/,posts,379197,https://coincu.com/c/casino-reviews/,https://coincu.com/casino-reviews/,0,no_match_in_raw
https://coincu.com/wlfi-under-fireanalyst-warns-hyperliquid/,posts,379197,https://coincu.com/c/pr/press-release/,https://coincu.com/pr/press-release/,0,no_match_in_raw
https://coincu.com/wlfi-under-fireanalyst-warns-hyperliquid/,posts,379197,https://coincu.com/c/news,https://coincu.com/news/,0,no_match_in_raw
https://coincu.com/wlfi-bounces-hard/,posts,364417,https://coincu.com/c/casino-reviews/,https://coincu.com/casino-reviews/,0,no_match_in_raw
https://coincu.com/wlfi-bounces-hard/,posts,364417,https://coincu.com/c/pr/press-release/,https://coincu.com/pr/press-release/,0,no_match_in_raw
https://coincu.com/wlfi-bounces-hard/,posts,364417,https://coincu.com/c/analysis,https://coincu.com/analysis/,0,no_match_in_raw
https://coincu.com/eric-trump-confirms-plans-to-tokenize/,posts,369058,https://coincu.com/c/casino-reviews/,https://coincu.com/casino-reviews/,0,no_match_in_raw
https://coincu.com/eric-trump-confirms-plans-to-tokenize/,posts,369058,https://coincu.com/c/pr/press-release/,https://coincu.com/pr/press-release/,0,no_match_in_raw
https://coincu.com/eric-trump-confirms-plans-to-tokenize/,posts,369058,https://coincu.com/c/news,https://coincu.com/news/,0,no_match_in_raw
https://coincu.com/wlfi-forms-perfect-cup-and-handle-pattern/,posts,389033,https://coincu.com/c/casino-reviews/,https://coincu.com/casino-reviews/,0,no_match_in_raw
https://coincu.com/wlfi-forms-perfect-cup-and-handle-pattern/,posts,389033,https://coincu.com/c/pr/press-release/,https://coincu.com/pr/press-release/,0,no_match_in_raw
https://coincu.com/wlfi-forms-perfect-cup-and-handle-pattern/,posts,389033,https://coincu.com/c/analysis,https://coincu.com/analysis/,0,no_match_in_raw
https://coincu.com/trump-linked-crypto-firm-wlfi-to-launch/,posts,381228,https://coincu.com/c/casino-reviews/,https://coincu.com/casino-reviews/,0,no_match_in_raw
https://coincu.com/trump-linked-crypto-firm-wlfi-to-launch/,posts,381228,https://coincu.com/c/pr/press-release/,https://coincu.com/pr/press-release/,0,no_match_in_raw
https://coincu.com/trump-linked-crypto-firm-wlfi-to-launch/,posts,381228,https://coincu.com/c/wlfi,https://coincu.com/wlfi/,0,no_match_in_raw
https://coincu.com/world-liberty-financial-will-launch-token/,posts,283022,https://coincu.com/c/casino-reviews/,https://coincu.com/casino-reviews/,0,no_match_in_raw
https://coincu.com/world-liberty-financial-will-launch-token/,posts,283022,https://coincu.com/c/pr/press-release/,https://coincu.com/pr/press-release/,0,no_match_in_raw
https://coincu.com/world-liberty-financial-will-launch-token/,posts,283022,https://coincu.com/c/news,https://coincu.com/news/,0,no_match_in_raw
https://coincu.com/dogecoin-whales-pivot-to-propichain-for-its-unique-ai-features-and-30000-upside/,posts,304613,https://coincu.com/c/casino-reviews/,https://coincu.com/casino-reviews/,0,no_match_in_raw
https://coincu.com/dogecoin-whales-pivot-to-propichain-for-its-unique-ai-features-and-30000-upside/,posts,304613,https://coincu.com/c/pr/press-release/,https://coincu.com/pr/press-release/,0,no_match_in_raw
https://coincu.com/dogecoin-whales-pivot-to-propichain-for-its-unique-ai-features-and-30000-upside/,posts,304613,https://coincu.com/c/cmc,https://coincu.com/cmc/,0,no_match_in_raw
https://coincu.com/why-propichains-ai-tools-make-it-the-best-token-presale-for-2025-with-30000x-growth-potential/,posts,304152,https://coincu.com/c/casino-reviews/,https://coincu.com/casino-reviews/,0,no_match_in_raw
https://coincu.com/why-propichains-ai-tools-make-it-the-best-token-presale-for-2025-with-30000x-growth-potential/,posts,304152,https://coincu.com/c/pr/press-release/,https://coincu.com/pr/press-release/,0,no_match_in_raw
https://coincu.com/why-propichains-ai-tools-make-it-the-best-token-presale-for-2025-with-30000x-growth-potential/,posts,304152,https://coincu.com/c/cmc,https://coincu.com/cmc/,0,no_match_in_raw
https://coincu.com/dogecoin-price-lags-propichain-predicted-surge/,posts,301741,https://coincu.com/c/casino-reviews/,https://coincu.com/casino-reviews/,0,no_match_in_raw
https://coincu.com/dogecoin-price-lags-propichain-predicted-surge/,posts,301741,https://coincu.com/c/pr/press-release/,https://coincu.com/pr/press-release/,0,no_match_in_raw
https://coincu.com/dogecoin-price-lags-propichain-predicted-surge/,posts,301741,https://coincu.com/c/cmc,https://coincu.com/cmc/,0,no_match_in_raw
https://coincu.com/over-dogecoin-and-shiba-inu-propichain-gains-momentum-with-unique-ai-and-real-estate-features/,posts,300739,https://coincu.com/c/casino-reviews/,https://coincu.com/casino-reviews/,0,no_match_in_raw
https://coincu.com/over-dogecoin-and-shiba-inu-propichain-gains-momentum-with-unique-ai-and-real-estate-features/,posts,300739,https://coincu.com/c/pr/press-release/,https://coincu.com/pr/press-release/,0,no_match_in_raw
https://coincu.com/over-dogecoin-and-shiba-inu-propichain-gains-momentum-with-unique-ai-and-real-estate-features/,posts,300739,https://coincu.com/c/cmc,https://coincu.com/cmc/,0,no_match_in_raw
https://coincu.com/solana-experts-suggest-propichain-to-portfolios/,posts,301446,https://coincu.com/c/casino-reviews/,https://coincu.com/casino-reviews/,0,no_match_in_raw
https://coincu.com/solana-experts-suggest-propichain-to-portfolios/,posts,301446,https://coincu.com/c/pr/press-release/,https://coincu.com/pr/press-release/,0,no_match_in_raw
https://coincu.com/solana-experts-suggest-propichain-to-portfolios/,posts,301446,https://coincu.com/c/cmc,https://coincu.com/cmc/,0,no_match_in_raw
https://coincu.com/top-3-ai-altcoins-predicted-to-outperform-dogecoin-and-shiba-inu-in-2025/,posts,303335,https://coincu.com/c/casino-reviews/,https://coincu.com/casino-reviews/,0,no_match_in_raw
https://coincu.com/top-3-ai-altcoins-predicted-to-outperform-dogecoin-and-shiba-inu-in-2025/,posts,303335,https://coincu.com/c/pr/press-release/,https://coincu.com/pr/press-release/,0,no_match_in_raw
https://coincu.com/top-3-ai-altcoins-predicted-to-outperform-dogecoin-and-shiba-inu-in-2025/,posts,303335,https://coincu.com/c/cmc,https://coincu.com/cmc/,0,no_match_in_raw
https://coincu.com/binance-coin-and-tron-show-minimal-gains-while-dtx-exchanges-presale-surges-300-a-sign-of-a-changing-crypto-market/,posts,290352,https://coincu.com/c/casino-reviews/,https://coincu.com/casino-reviews/,0,no_match_in_raw
https://coincu.com/binance-coin-and-tron-show-minimal-gains-while-dtx-exchanges-presale-surges-300-a-sign-of-a-changing-crypto-market/,posts,290352,https://coincu.com/c/press-release,https://coincu.com/press-release/,0,no_match_in_raw
https://coincu.com/binance-coin-and-tron-show-minimal-gains-while-dtx-exchanges-presale-surges-300-a-sign-of-a-changing-crypto-market/,posts,290352,https://coincu.com/c/pr/press-release/,https://coincu.com/pr/press-release/,0,no_match_in_raw
https://coincu.com/solana-news-etf-inflows-could-recover-sol-decline-but-the-hottest-altcoin-this-year-is-this-0-18-sensation/,posts,323708,https://coincu.com/c/casino-reviews/,https://coincu.com/casino-reviews/,0,no_match_in_raw
https://coincu.com/solana-news-etf-inflows-could-recover-sol-decline-but-the-hottest-altcoin-this-year-is-this-0-18-sensation/,posts,323708,https://coincu.com/c/pr/press-release/,https://coincu.com/pr/press-release/,0,no_match_in_raw
https://coincu.com/solana-news-etf-inflows-could-recover-sol-decline-but-the-hottest-altcoin-this-year-is-this-0-18-sensation/,posts,323708,https://coincu.com/c/cmc,https://coincu.com/cmc/,0,no_match_in_raw
https://coincu.com/searching-for-the-next-big-utility-token-cardano-and-polkadot-cannot-pump-100x-this-cycle/,posts,301415,https://coincu.com/c/casino-reviews/,https://coincu.com/casino-reviews/,0,no_match_in_raw
https://coincu.com/searching-for-the-next-big-utility-token-cardano-and-polkadot-cannot-pump-100x-this-cycle/,posts,301415,https://coincu.com/c/press-release,https://coincu.com/press-release/,0,no_match_in_raw
https://coincu.com/searching-for-the-next-big-utility-token-cardano-and-polkadot-cannot-pump-100x-this-cycle/,posts,301415,https://coincu.com/c/pr/press-release/,https://coincu.com/pr/press-release/,0,no_match_in_raw
https://coincu.com/european-traders-jump-on-the-dtx-exchange-dtx-train-after-spot-ethereum-etfs-cross-100m-and-doge-rallies/,posts,289926,https://coincu.com/c/casino-reviews/,https://coincu.com/casino-reviews/,0,no_match_in_raw
https://coincu.com/european-traders-jump-on-the-dtx-exchange-dtx-train-after-spot-ethereum-etfs-cross-100m-and-doge-rallies/,posts,289926,https://coincu.com/c/press-release,https://coincu.com/press-release/,0,no_match_in_raw
https://coincu.com/european-traders-jump-on-the-dtx-exchange-dtx-train-after-spot-ethereum-etfs-cross-100m-and-doge-rallies/,posts,289926,https://coincu.com/c/pr/press-release/,https://coincu.com/pr/press-release/,0,no_match_in_raw
https://coincu.com/experts-predict-this-viral-0-14-altcoin-can-replicate-cardanos-success-can-it-hit-10b-market-cap/,posts,300483,https://coincu.com/c/casino-reviews/,https://coincu.com/casino-reviews/,0,no_match_in_raw
https://coincu.com/experts-predict-this-viral-0-14-altcoin-can-replicate-cardanos-success-can-it-hit-10b-market-cap/,posts,300483,https://coincu.com/c/pr/press-release/,https://coincu.com/pr/press-release/,0,no_match_in_raw
https://coincu.com/experts-predict-this-viral-0-14-altcoin-can-replicate-cardanos-success-can-it-hit-10b-market-cap/,posts,300483,https://coincu.com/c/cmc,https://coincu.com/cmc/,0,no_match_in_raw
https://coincu.com/okx-announces-bitcoin-developer-grant/,posts,286736,https://coincu.com/c/casino-reviews/,https://coincu.com/casino-reviews/,0,no_match_in_raw
https://coincu.com/okx-announces-bitcoin-developer-grant/,posts,286736,https://coincu.com/c/pr/press-release/,https://coincu.com/pr/press-release/,0,no_match_in_raw
https://coincu.com/okx-announces-bitcoin-developer-grant/,posts,286736,https://coincu.com/c/news,https://coincu.com/news/,0,no_match_in_raw
https://coincu.com/standard-chartered-bitcoin-price-by-year-end/,posts,256248,https://coincu.com/c/casino-reviews/,https://coincu.com/casino-reviews/,0,no_match_in_raw
https://coincu.com/standard-chartered-bitcoin-price-by-year-end/,posts,256248,https://coincu.com/c/pr/press-release/,https://coincu.com/pr/press-release/,0,no_match_in_raw
https://coincu.com/standard-chartered-bitcoin-price-by-year-end/,posts,256248,https://coincu.com/c/news,https://coincu.com/news/,0,no_match_in_raw
https://coincu.com/bitcoin-to-hit-135k-standard-chartered-sees/,posts,346445,https://coincu.com/c/casino-reviews/,https://coincu.com/casino-reviews/,0,no_match_in_raw
https://coincu.com/bitcoin-to-hit-135k-standard-chartered-sees/,posts,346445,https://coincu.com/c/pr/press-release/,https://coincu.com/pr/press-release/,0,no_match_in_raw
https://coincu.com/bitcoin-to-hit-135k-standard-chartered-sees/,posts,346445,https://coincu.com/c/bitcoin,https://coincu.com/bitcoin/,0,no_match_in_raw
https://coincu.com/standard-chartered-crypto-trading-desk/,posts,264771,https://coincu.com/c/casino-reviews/,https://coincu.com/casino-reviews/,0,no_match_in_raw
https://coincu.com/standard-chartered-crypto-trading-desk/,posts,264771,https://coincu.com/c/pr/press-release/,https://coincu.com/pr/press-release/,0,no_match_in_raw
https://coincu.com/standard-chartered-crypto-trading-desk/,posts,264771,https://coincu.com/c/news,https://coincu.com/news/,0,no_match_in_raw
https://coincu.com/nydfs-chief-warns-rule-breakers-regulatory/,posts,234139,https://coincu.com/c/casino-reviews/,https://coincu.com/casino-reviews/,0,no_match_in_raw
https://coincu.com/nydfs-chief-warns-rule-breakers-regulatory/,posts,234139,https://coincu.com/c/pr/press-release/,https://coincu.com/pr/press-release/,0,no_match_in_raw
https://coincu.com/nydfs-chief-warns-rule-breakers-regulatory/,posts,234139,https://coincu.com/c/news,https://coincu.com/news/,0,no_match_in_raw
https://coincu.com/wisdomtree-spot-bitcoin-etf-drops-fee/,posts,241574,https://coincu.com/c/casino-reviews/,https://coincu.com/casino-reviews/,0,no_match_in_raw
https://coincu.com/wisdomtree-spot-bitcoin-etf-drops-fee/,posts,241574,https://coincu.com/c/pr/press-release/,https://coincu.com/pr/press-release/,0,no_match_in_raw
https://coincu.com/wisdomtree-spot-bitcoin-etf-drops-fee/,posts,241574,https://coincu.com/c/bitcoin,https://coincu.com/bitcoin/,0,no_match_in_raw
https://coincu.com/wisdomtree-nine-new-blockchain-funds/,posts,152100,https://coincu.com/c/casino-reviews/,https://coincu.com/casino-reviews/,0,no_match_in_raw
https://coincu.com/wisdomtree-nine-new-blockchain-funds/,posts,152100,https://coincu.com/c/pr/press-release/,https://coincu.com/pr/press-release/,0,no_match_in_raw
https://coincu.com/wisdomtree-nine-new-blockchain-funds/,posts,152100,https://coincu.com/c/news,https://coincu.com/news/,0,no_match_in_raw
https://coincu.com/paxos-expansion-to-solana/,posts,239339,https://coincu.com/c/casino-reviews/,https://coincu.com/casino-reviews/,0,no_match_in_raw
https://coincu.com/paxos-expansion-to-solana/,posts,239339,https://coincu.com/c/pr/press-release/,https://coincu.com/pr/press-release/,0,no_match_in_raw
https://coincu.com/paxos-expansion-to-solana/,posts,239339,https://coincu.com/c/news,https://coincu.com/news/,0,no_match_in_raw
https://coincu.com/nydfs-unveils-bold-measures-for-crypto/,posts,218421,https://coincu.com/c/casino-reviews/,https://coincu.com/casino-reviews/,0,no_match_in_raw
https://coincu.com/nydfs-unveils-bold-measures-for-crypto/,posts,218421,https://coincu.com/c/pr/press-release/,https://coincu.com/pr/press-release/,0,no_match_in_raw
https://coincu.com/nydfs-unveils-bold-measures-for-crypto/,posts,218421,https://coincu.com/c/news,https://coincu.com/news/,0,no_match_in_raw
https://coincu.com/polymarket-user-walletmobile-risks-10-m-trumps/,posts,290514,https://coincu.com/c/casino-reviews/,https://coincu.com/casino-reviews/,0,no_match_in_raw
https://coincu.com/polymarket-user-walletmobile-risks-10-m-trumps/,posts,290514,https://coincu.com/c/pr/press-release/,https://coincu.com/pr/press-release/,0,no_match_in_raw
https://coincu.com/polymarket-user-walletmobile-risks-10-m-trumps/,posts,290514,https://coincu.com/c/news,https://coincu.com/news/,0,no_match_in_raw
https://coincu.com/polymarket-trump-whale-fredi9999-french-trader/,posts,288821,https://coincu.com/c/casino-reviews/,https://coincu.com/casino-reviews/,0,no_match_in_raw
https://coincu.com/polymarket-trump-whale-fredi9999-french-trader/,posts,288821,https://coincu.com/c/pr/press-release/,https://coincu.com/pr/press-release/,0,no_match_in_raw
https://coincu.com/polymarket-trump-whale-fredi9999-french-trader/,posts,288821,https://coincu.com/c/news,https://coincu.com/news/,0,no_match_in_raw
https://coincu.com/genesis-trading-settlement-with-nydfs-completed/,posts,242109,https://coincu.com/c/casino-reviews/,https://coincu.com/casino-reviews/,0,no_match_in_raw
https://coincu.com/genesis-trading-settlement-with-nydfs-completed/,posts,242109,https://coincu.com/c/pr/press-release/,https://coincu.com/pr/press-release/,0,no_match_in_raw
https://coincu.com/genesis-trading-settlement-with-nydfs-completed/,posts,242109,https://coincu.com/c/news,https://coincu.com/news/,0,no_match_in_raw
https://coincu.com/paxos-usdp-stablecoin-is-now-supported-on-solana/,posts,242874,https://coincu.com/c/casino-reviews/,https://coincu.com/casino-reviews/,0,no_match_in_raw
https://coincu.com/paxos-usdp-stablecoin-is-now-supported-on-solana/,posts,242874,https://coincu.com/c/pr/press-release/,https://coincu.com/pr/press-release/,0,no_match_in_raw
https://coincu.com/paxos-usdp-stablecoin-is-now-supported-on-solana/,posts,242874,https://coincu.com/c/news,https://coincu.com/news/,0,no_match_in_raw
https://coincu.com/fdic-criticizes-signature-banks/,posts,184646,https://coincu.com/c/casino-reviews/,https://coincu.com/casino-reviews/,0,no_match_in_raw
https://coincu.com/fdic-criticizes-signature-banks/,posts,184646,https://coincu.com/c/pr/press-release/,https://coincu.com/pr/press-release/,0,no_match_in_raw
https://coincu.com/fdic-criticizes-signature-banks/,posts,184646,https://coincu.com/c/news,https://coincu.com/news/,0,no_match_in_raw
https://coincu.com/nydfs-will-release-changes/,posts,217957,https://coincu.com/c/casino-reviews/,https://coincu.com/casino-reviews/,0,no_match_in_raw
https://coincu.com/nydfs-will-release-changes/,posts,217957,https://coincu.com/c/pr/press-release/,https://coincu.com/pr/press-release/,0,no_match_in_raw
https://coincu.com/nydfs-will-release-changes/,posts,217957,https://coincu.com/c/news,https://coincu.com/news/,0,no_match_in_raw
https://coincu.com/irs-supports-ukraine-in-crypto-war/,posts,186897,https://coincu.com/c/casino-reviews/,https://coincu.com/casino-reviews/,0,no_match_in_raw
https://coincu.com/irs-supports-ukraine-in-crypto-war/,posts,186897,https://coincu.com/c/pr/press-release/,https://coincu.com/pr/press-release/,0,no_match_in_raw
https://coincu.com/irs-supports-ukraine-in-crypto-war/,posts,186897,https://coincu.com/c/news,https://coincu.com/news/,0,no_match_in_raw
https://coincu.com/irs-probes-puerto-ricos-tax-incentive-program/,posts,203824,https://coincu.com/c/casino-reviews/,https://coincu.com/casino-reviews/,0,no_match_in_raw
https://coincu.com/irs-probes-puerto-ricos-tax-incentive-program/,posts,203824,https://coincu.com/c/pr/press-release/,https://coincu.com/pr/press-release/,0,no_match_in_raw
https://coincu.com/irs-probes-puerto-ricos-tax-incentive-program/,posts,203824,https://coincu.com/c/news,https://coincu.com/news/,0,no_match_in_raw
https://coincu.com/sec-sues-consensys-over-ethereum-classification/,posts,256810,https://coincu.com/c/casino-reviews/,https://coincu.com/casino-reviews/,0,no_match_in_raw
https://coincu.com/sec-sues-consensys-over-ethereum-classification/,posts,256810,https://coincu.com/c/pr/press-release/,https://coincu.com/pr/press-release/,0,no_match_in_raw
https://coincu.com/sec-sues-consensys-over-ethereum-classification/,posts,256810,https://coincu.com/c/news,https://coincu.com/news/,0,no_match_in_raw
https://coincu.com/curve-finance-calls-funding-1m-op-token/,posts,112051,https://coincu.com/c/casino-reviews/,https://coincu.com/casino-reviews/,0,no_match_in_raw
https://coincu.com/curve-finance-calls-funding-1m-op-token/,posts,112051,https://coincu.com/c/pr/press-release/,https://coincu.com/pr/press-release/,0,no_match_in_raw
https://coincu.com/curve-finance-calls-funding-1m-op-token/,posts,112051,https://coincu.com/c/defi,https://coincu.com/defi/,0,no_match_in_raw
https://coincu.com/optimism-1-billion-total-value-locked-tvl/,posts,116397,https://coincu.com/c/casino-reviews/,https://coincu.com/casino-reviews/,0,no_match_in_raw
https://coincu.com/optimism-1-billion-total-value-locked-tvl/,posts,116397,https://coincu.com/c/pr/press-release/,https://coincu.com/pr/press-release/,0,no_match_in_raw
https://coincu.com/optimism-1-billion-total-value-locked-tvl/,posts,116397,https://coincu.com/c/defi,https://coincu.com/defi/,0,no_match_in_raw
https://coincu.com/the-next-generation-crypto-coin/,posts,259196,https://coincu.com/c/casino-reviews/,https://coincu.com/casino-reviews/,0,no_match_in_raw
https://coincu.com/the-next-generation-crypto-coin/,posts,259196,https://coincu.com/c/pr/press-release/,https://coincu.com/pr/press-release/,0,no_match_in_raw
https://coincu.com/the-next-generation-crypto-coin/,posts,259196,https://coincu.com/c/knowledge,https://coincu.com/knowledge/,0,no_match_in_raw
https://coincu.com/saga-review/,posts,253750,https://coincu.com/c/casino-reviews/,https://coincu.com/casino-reviews/,0,no_match_in_raw
https://coincu.com/saga-review/,posts,253750,https://coincu.com/c/pr/press-release/,https://coincu.com/pr/press-release/,0,no_match_in_raw
https://coincu.com/saga-review/,posts,253750,https://coincu.com/c/other-reviews,https://coincu.com/other-reviews/,0,no_match_in_raw
https://coincu.com/blast-review-the-first-layer-2-native-yield/,posts,257754,https://coincu.com/c/casino-reviews/,https://coincu.com/casino-reviews/,0,no_match_in_raw
https://coincu.com/blast-review-the-first-layer-2-native-yield/,posts,257754,https://coincu.com/c/pr/press-release/,https://coincu.com/pr/press-release/,0,no_match_in_raw
https://coincu.com/blast-review-the-first-layer-2-native-yield/,posts,257754,https://coincu.com/c/other-reviews,https://coincu.com/other-reviews/,0,no_match_in_raw
https://coincu.com/sui-network-halted-for-over-2-hours/,posts,293259,https://coincu.com/c/casino-reviews/,https://coincu.com/casino-reviews/,0,no_match_in_raw
https://coincu.com/sui-network-halted-for-over-2-hours/,posts,293259,https://coincu.com/c/pr/press-release/,https://coincu.com/pr/press-release/,0,no_match_in_raw
https://coincu.com/sui-network-halted-for-over-2-hours/,posts,293259,https://coincu.com/c/news,https://coincu.com/news/,0,no_match_in_raw
https://coincu.com/binance-financial-penalty-in-canad/,posts,258418,https://coincu.com/c/casino-reviews/,https://coincu.com/casino-reviews/,0,no_match_in_raw
https://coincu.com/binance-financial-penalty-in-canad/,posts,258418,https://coincu.com/c/pr/press-release/,https://coincu.com/pr/press-release/,0,no_match_in_raw
https://coincu.com/binance-financial-penalty-in-canad/,posts,258418,https://coincu.com/c/news,https://coincu.com/news/,0,no_match_in_raw
https://coincu.com/arbitrum-farcaster-support-arbitrum-transactions/,posts,260297,https://coincu.com/c/casino-reviews/,https://coincu.com/casino-reviews/,0,no_match_in_raw
https://coincu.com/arbitrum-farcaster-support-arbitrum-transactions/,posts,260297,https://coincu.com/c/pr/press-release/,https://coincu.com/pr/press-release/,0,no_match_in_raw
https://coincu.com/arbitrum-farcaster-support-arbitrum-transactions/,posts,260297,https://coincu.com/c/news,https://coincu.com/news/,0,no_match_in_raw
https://coincu.com/optimism-transfers-130m-op-tokens/,posts,217774,https://coincu.com/c/casino-reviews/,https://coincu.com/casino-reviews/,0,no_match_in_raw
https://coincu.com/optimism-transfers-130m-op-tokens/,posts,217774,https://coincu.com/c/pr/press-release/,https://coincu.com/pr/press-release/,0,no_match_in_raw
https://coincu.com/optimism-transfers-130m-op-tokens/,posts,217774,https://coincu.com/c/uncategorized,https://coincu.com/uncategorized/,0,no_match_in_raw
https://coincu.com/optimism-to-launch-zkps/,posts,204801,https://coincu.com/c/casino-reviews/,https://coincu.com/casino-reviews/,0,no_match_in_raw
https://coincu.com/optimism-to-launch-zkps/,posts,204801,https://coincu.com/c/pr/press-release/,https://coincu.com/pr/press-release/,0,no_match_in_raw
https://coincu.com/optimism-to-launch-zkps/,posts,204801,https://coincu.com/c/blockchain,https://coincu.com/blockchain/,0,no_match_in_raw
https://coincu.com/optimism-governances-risky-gamble-op-tokens-drop/,posts,218015,https://coincu.com/c/casino-reviews/,https://coincu.com/casino-reviews/,0,no_match_in_raw
https://coincu.com/optimism-governances-risky-gamble-op-tokens-drop/,posts,218015,https://coincu.com/c/pr/press-release/,https://coincu.com/pr/press-release/,0,no_match_in_raw
https://coincu.com/optimism-governances-risky-gamble-op-tokens-drop/,posts,218015,https://coincu.com/c/news,https://coincu.com/news/,0,no_match_in_raw
https://coincu.com/bitget-now-listed-wld-token/,posts,205333,https://coincu.com/c/casino-reviews/,https://coincu.com/casino-reviews/,0,no_match_in_raw
https://coincu.com/bitget-now-listed-wld-token/,posts,205333,https://coincu.com/c/pr/press-release/,https://coincu.com/pr/press-release/,0,no_match_in_raw
https://coincu.com/bitget-now-listed-wld-token/,posts,205333,https://coincu.com/c/news,https://coincu.com/news/,0,no_match_in_raw
https://coincu.com/exactly-protocol-empowers-users-airdrop/,posts,205971,https://coincu.com/c/casino-reviews/,https://coincu.com/casino-reviews/,0,no_match_in_raw
https://coincu.com/exactly-protocol-empowers-users-airdrop/,posts,205971,https://coincu.com/c/pr/press-release/,https://coincu.com/pr/press-release/,0,no_match_in_raw
https://coincu.com/exactly-protocol-empowers-users-airdrop/,posts,205971,https://coincu.com/c/airdrop,https://coincu.com/airdrop/,0,no_match_in_raw
https://coincu.com/optimism-will-upgrade-the-op-mainnet/,posts,213445,https://coincu.com/c/casino-reviews/,https://coincu.com/casino-reviews/,0,no_match_in_raw
https://coincu.com/optimism-will-upgrade-the-op-mainnet/,posts,213445,https://coincu.com/c/pr/press-release/,https://coincu.com/pr/press-release/,0,no_match_in_raw
https://coincu.com/optimism-will-upgrade-the-op-mainnet/,posts,213445,https://coincu.com/c/blockchain,https://coincu.com/blockchain/,0,no_match_in_raw
https://coincu.com/bedrock-upgrade-optimism-paused-bugs/,posts,182477,https://coincu.com/c/casino-reviews/,https://coincu.com/casino-reviews/,0,no_match_in_raw
https://coincu.com/bedrock-upgrade-optimism-paused-bugs/,posts,182477,https://coincu.com/c/pr/press-release/,https://coincu.com/pr/press-release/,0,no_match_in_raw
https://coincu.com/bedrock-upgrade-optimism-paused-bugs/,posts,182477,https://coincu.com/c/blockchain,https://coincu.com/blockchain/,0,no_match_in_raw
https://coincu.com/bedrock-upgrade-gas-fee-optimism-dropped/,posts,193531,https://coincu.com/c/casino-reviews/,https://coincu.com/casino-reviews/,0,no_match_in_raw
https://coincu.com/bedrock-upgrade-gas-fee-optimism-dropped/,posts,193531,https://coincu.com/c/pr/press-release/,https://coincu.com/pr/press-release/,0,no_match_in_raw
https://coincu.com/bedrock-upgrade-gas-fee-optimism-dropped/,posts,193531,https://coincu.com/c/blockchain,https://coincu.com/blockchain/,0,no_match_in_raw
https://coincu.com/optimism-approved-bedrock-mainnet-upgrade/,posts,179112,https://coincu.com/c/casino-reviews/,https://coincu.com/casino-reviews/,0,no_match_in_raw
https://coincu.com/optimism-approved-bedrock-mainnet-upgrade/,posts,179112,https://coincu.com/c/pr/press-release/,https://coincu.com/pr/press-release/,0,no_match_in_raw
https://coincu.com/optimism-approved-bedrock-mainnet-upgrade/,posts,179112,https://coincu.com/c/news,https://coincu.com/news/,0,no_match_in_raw
https://coincu.com/weekly-top-crypto-news-april-17-april-23/,posts,183356,https://coincu.com/c/casino-reviews/,https://coincu.com/casino-reviews/,0,no_match_in_raw
https://coincu.com/weekly-top-crypto-news-april-17-april-23/,posts,183356,https://coincu.com/c/pr/press-release/,https://coincu.com/pr/press-release/,0,no_match_in_raw
https://coincu.com/weekly-top-crypto-news-april-17-april-23/,posts,183356,https://coincu.com/c/uncategorized,https://coincu.com/uncategorized/,0,no_match_in_raw
https://coincu.com/bedrock-optimism-the-best-compilation/,posts,179122,https://coincu.com/c/casino-reviews/,https://coincu.com/casino-reviews/,0,no_match_in_raw
https://coincu.com/bedrock-optimism-the-best-compilation/,posts,179122,https://coincu.com/c/pr/press-release/,https://coincu.com/pr/press-release/,0,no_match_in_raw
https://coincu.com/bedrock-optimism-the-best-compilation/,posts,179122,https://coincu.com/c/knowledge,https://coincu.com/knowledge/,0,no_match_in_raw
https://coincu.com/op-chain-upgrade-is-proposed-to-enhance-security/,posts,245094,https://coincu.com/c/casino-reviews/,https://coincu.com/casino-reviews/,0,no_match_in_raw
https://coincu.com/op-chain-upgrade-is-proposed-to-enhance-security/,posts,245094,https://coincu.com/c/pr/press-release/,https://coincu.com/pr/press-release/,0,no_match_in_raw
https://coincu.com/op-chain-upgrade-is-proposed-to-enhance-security/,posts,245094,https://coincu.com/c/blockchain,https://coincu.com/blockchain/,0,no_match_in_raw
https://coincu.com/mt-gox-cold-wallet-transfers-141000-btc-wallet/,posts,261447,https://coincu.com/c/casino-reviews/,https://coincu.com/casino-reviews/,0,no_match_in_raw
https://coincu.com/mt-gox-cold-wallet-transfers-141000-btc-wallet/,posts,261447,https://coincu.com/c/pr/press-release/,https://coincu.com/pr/press-release/,0,no_match_in_raw
https://coincu.com/mt-gox-cold-wallet-transfers-141000-btc-wallet/,posts,261447,https://coincu.com/c/news,https://coincu.com/news/,0,no_match_in_raw
https://coincu.com/debank-has-connected-to-okx-web3-wallet/,posts,258575,https://coincu.com/c/casino-reviews/,https://coincu.com/casino-reviews/,0,no_match_in_raw
https://coincu.com/debank-has-connected-to-okx-web3-wallet/,posts,258575,https://coincu.com/c/pr/press-release/,https://coincu.com/pr/press-release/,0,no_match_in_raw
https://coincu.com/debank-has-connected-to-okx-web3-wallet/,posts,258575,https://coincu.com/c/news,https://coincu.com/news/,2,replaced
https://coincu.com/rabby-swap-smart-contract-gets-exploited/,posts,132913,https://coincu.com/c/casino-reviews/,https://coincu.com/casino-reviews/,0,no_match_in_raw
https://coincu.com/rabby-swap-smart-contract-gets-exploited/,posts,132913,https://coincu.com/c/pr/press-release/,https://coincu.com/pr/press-release/,0,no_match_in_raw
https://coincu.com/rabby-swap-smart-contract-gets-exploited/,posts,132913,https://coincu.com/c/scam-alert,https://coincu.com/scam-alert/,0,no_match_in_raw
https://coincu.com/account-abstraction-aa-improve-quality-wallet/,posts,209892,https://coincu.com/c/casino-reviews/,https://coincu.com/casino-reviews/,0,no_match_in_raw
https://coincu.com/account-abstraction-aa-improve-quality-wallet/,posts,209892,https://coincu.com/c/pr/press-release/,https://coincu.com/pr/press-release/,0,no_match_in_raw
https://coincu.com/account-abstraction-aa-improve-quality-wallet/,posts,209892,https://coincu.com/c/knowledge,https://coincu.com/knowledge/,0,no_match_in_raw
https://coincu.com/what-is-account-abstraction/,posts,235751,https://coincu.com/c/casino-reviews/,https://coincu.com/casino-reviews/,0,no_match_in_raw
https://coincu.com/what-is-account-abstraction/,posts,235751,https://coincu.com/c/pr/press-release/,https://coincu.com/pr/press-release/,0,no_match_in_raw
https://coincu.com/what-is-account-abstraction/,posts,235751,https://coincu.com/c/knowledge,https://coincu.com/knowledge/,0,no_match_in_raw
https://coincu.com/okx-enhanced-crypto-transactions/,posts,207948,https://coincu.com/c/casino-reviews/,https://coincu.com/casino-reviews/,0,no_match_in_raw
https://coincu.com/okx-enhanced-crypto-transactions/,posts,207948,https://coincu.com/c/pr/press-release/,https://coincu.com/pr/press-release/,0,no_match_in_raw
https://coincu.com/okx-enhanced-crypto-transactions/,posts,207948,https://coincu.com/c/uncategorized,https://coincu.com/uncategorized/,0,no_match_in_raw
https://coincu.com/argent-account-abstraction/,posts,236356,https://coincu.com/c/casino-reviews/,https://coincu.com/casino-reviews/,0,no_match_in_raw
https://coincu.com/argent-account-abstraction/,posts,236356,https://coincu.com/c/pr/press-release/,https://coincu.com/pr/press-release/,0,no_match_in_raw
https://coincu.com/argent-account-abstraction/,posts,236356,https://coincu.com/c/other-reviews,https://coincu.com/other-reviews/,0,no_match_in_raw
https://coincu.com/op-stack-vs-zk-stack/,posts,205141,https://coincu.com/c/casino-reviews/,https://coincu.com/casino-reviews/,0,no_match_in_raw
https://coincu.com/op-stack-vs-zk-stack/,posts,205141,https://coincu.com/c/pr/press-release/,https://coincu.com/pr/press-release/,0,no_match_in_raw
https://coincu.com/op-stack-vs-zk-stack/,posts,205141,https://coincu.com/c/knowledge,https://coincu.com/knowledge/,0,no_match_in_raw
https://coincu.com/top-5-projects-are-using-the-optimism-op-stack/,posts,223339,https://coincu.com/c/casino-reviews/,https://coincu.com/casino-reviews/,0,no_match_in_raw
https://coincu.com/top-5-projects-are-using-the-optimism-op-stack/,posts,223339,https://coincu.com/c/pr/press-release/,https://coincu.com/pr/press-release/,0,no_match_in_raw
https://coincu.com/top-5-projects-are-using-the-optimism-op-stack/,posts,223339,https://coincu.com/c/knowledge,https://coincu.com/knowledge/,0,no_match_in_raw
https://coincu.com/blackrock-buidl-fund-index/,posts,281218,https://coincu.com/c/casino-reviews/,https://coincu.com/casino-reviews/,0,no_match_in_raw
https://coincu.com/blackrock-buidl-fund-index/,posts,281218,https://coincu.com/c/pr/press-release/,https://coincu.com/pr/press-release/,0,no_match_in_raw
https://coincu.com/blackrock-buidl-fund-index/,posts,281218,https://coincu.com/c/news,https://coincu.com/news/,0,no_match_in_raw
https://coincu.com/kraken-nft-marketplace-halted/,posts,293955,https://coincu.com/c/casino-reviews/,https://coincu.com/casino-reviews/,0,no_match_in_raw
https://coincu.com/kraken-nft-marketplace-halted/,posts,293955,https://coincu.com/c/pr/press-release/,https://coincu.com/pr/press-release/,0,no_match_in_raw
https://coincu.com/kraken-nft-marketplace-halted/,posts,293955,https://coincu.com/c/news,https://coincu.com/news/,0,no_match_in_raw
https://coincu.com/kraken-wrapped-bitcoin-token-launched/,posts,287728,https://coincu.com/c/casino-reviews/,https://coincu.com/casino-reviews/,0,no_match_in_raw
https://coincu.com/kraken-wrapped-bitcoin-token-launched/,posts,287728,https://coincu.com/c/pr/press-release/,https://coincu.com/pr/press-release/,0,no_match_in_raw
https://coincu.com/kraken-wrapped-bitcoin-token-launched/,posts,287728,https://coincu.com/c/news,https://coincu.com/news/,0,no_match_in_raw
https://coincu.com/lido-community-proposal-redirect-ldo/,posts,188330,https://coincu.com/c/casino-reviews/,https://coincu.com/casino-reviews/,0,no_match_in_raw
https://coincu.com/lido-community-proposal-redirect-ldo/,posts,188330,https://coincu.com/c/pr/press-release/,https://coincu.com/pr/press-release/,0,no_match_in_raw
https://coincu.com/lido-community-proposal-redirect-ldo/,posts,188330,https://coincu.com/c/defi,https://coincu.com/defi/,0,no_match_in_raw
https://coincu.com/notable-upcoming-unlock-tokens-this-week/,posts,212155,https://coincu.com/c/casino-reviews/,https://coincu.com/casino-reviews/,0,no_match_in_raw
https://coincu.com/notable-upcoming-unlock-tokens-this-week/,posts,212155,https://coincu.com/c/markets,https://coincu.com/markets/,0,no_match_in_raw
https://coincu.com/notable-upcoming-unlock-tokens-this-week/,posts,212155,https://coincu.com/c/pr/press-release/,https://coincu.com/pr/press-release/,0,no_match_in_raw
https://coincu.com/top-5-best-crypto-airdrops-2023/,posts,225194,https://coincu.com/c/casino-reviews/,https://coincu.com/casino-reviews/,0,no_match_in_raw
https://coincu.com/top-5-best-crypto-airdrops-2023/,posts,225194,https://coincu.com/c/pr/press-release/,https://coincu.com/pr/press-release/,0,no_match_in_raw
https://coincu.com/top-5-best-crypto-airdrops-2023/,posts,225194,https://coincu.com/c/top-projects,https://coincu.com/top-projects/,0,no_match_in_raw
https://coincu.com/are-chainlink-holders-positioning-early/,posts,374079,https://coincu.com/c/casino-reviews/,https://coincu.com/casino-reviews/,0,no_match_in_raw
https://coincu.com/are-chainlink-holders-positioning-early/,posts,374079,https://coincu.com/c/pr/press-release/,https://coincu.com/pr/press-release/,0,no_match_in_raw
https://coincu.com/are-chainlink-holders-positioning-early/,posts,374079,https://coincu.com/c/chainlink,https://coincu.com/chainlink/,0,no_match_in_raw
https://coincu.com/coindesk-bitcoin-price-index-tracked-by-nyse/,posts,261636,https://coincu.com/c/casino-reviews/,https://coincu.com/casino-reviews/,0,no_match_in_raw
https://coincu.com/coindesk-bitcoin-price-index-tracked-by-nyse/,posts,261636,https://coincu.com/c/pr/press-release/,https://coincu.com/pr/press-release/,0,no_match_in_raw
https://coincu.com/coindesk-bitcoin-price-index-tracked-by-nyse/,posts,261636,https://coincu.com/c/news,https://coincu.com/news/,0,no_match_in_raw
https://coincu.com/mastercard-crypto-credential/,posts,261673,https://coincu.com/c/casino-reviews/,https://coincu.com/casino-reviews/,0,no_match_in_raw
https://coincu.com/mastercard-crypto-credential/,posts,261673,https://coincu.com/c/pr/press-release/,https://coincu.com/pr/press-release/,0,no_match_in_raw
https://coincu.com/mastercard-crypto-credential/,posts,261673,https://coincu.com/c/news,https://coincu.com/news/,0,no_match_in_raw
https://coincu.com/sec-semiannual-reporting-proposal/,posts,365262,https://coincu.com/c/casino-reviews/,https://coincu.com/casino-reviews/,0,no_match_in_raw
https://coincu.com/sec-semiannual-reporting-proposal/,posts,365262,https://coincu.com/c/pr/press-release/,https://coincu.com/pr/press-release/,0,no_match_in_raw
https://coincu.com/sec-semiannual-reporting-proposal/,posts,365262,https://coincu.com/c/news,https://coincu.com/news/,0,no_match_in_raw
https://coincu.com/dogecoin-etf-launch-us-market/,posts,361198,https://coincu.com/c/casino-reviews/,https://coincu.com/casino-reviews/,0,no_match_in_raw
https://coincu.com/dogecoin-etf-launch-us-market/,posts,361198,https://coincu.com/c/pr/press-release/,https://coincu.com/pr/press-release/,0,no_match_in_raw
https://coincu.com/dogecoin-etf-launch-us-market/,posts,361198,https://coincu.com/c/news,https://coincu.com/news/,0,no_match_in_raw
https://coincu.com/cumberland-drw-lawsuit-initiated-by-sec/,posts,286663,https://coincu.com/c/casino-reviews/,https://coincu.com/casino-reviews/,0,no_match_in_raw
https://coincu.com/cumberland-drw-lawsuit-initiated-by-sec/,posts,286663,https://coincu.com/c/pr/press-release/,https://coincu.com/pr/press-release/,0,no_match_in_raw
https://coincu.com/cumberland-drw-lawsuit-initiated-by-sec/,posts,286663,https://coincu.com/c/news,https://coincu.com/news/,0,no_match_in_raw
https://coincu.com/ohio-bitcoin-reserve-act-now-paved-to-2025/,posts,297509,https://coincu.com/c/casino-reviews/,https://coincu.com/casino-reviews/,0,no_match_in_raw
https://coincu.com/ohio-bitcoin-reserve-act-now-paved-to-2025/,posts,297509,https://coincu.com/c/pr/press-release/,https://coincu.com/pr/press-release/,0,no_match_in_raw
https://coincu.com/ohio-bitcoin-reserve-act-now-paved-to-2025/,posts,297509,https://coincu.com/c/news,https://coincu.com/news/,0,no_match_in_raw
https://coincu.com/pennsylvania-proposes-a-bitcoin-reserve/,posts,292189,https://coincu.com/c/casino-reviews/,https://coincu.com/casino-reviews/,0,no_match_in_raw
https://coincu.com/pennsylvania-proposes-a-bitcoin-reserve/,posts,292189,https://coincu.com/c/pr/press-release/,https://coincu.com/pr/press-release/,0,no_match_in_raw
https://coincu.com/pennsylvania-proposes-a-bitcoin-reserve/,posts,292189,https://coincu.com/c/news,https://coincu.com/news/,0,no_match_in_raw
https://coincu.com/missouri-pushes-2nd-bitcoin-reserve-bill/,posts,311519,https://coincu.com/c/casino-reviews/,https://coincu.com/casino-reviews/,0,no_match_in_raw
https://coincu.com/missouri-pushes-2nd-bitcoin-reserve-bill/,posts,311519,https://coincu.com/c/pr/press-release/,https://coincu.com/pr/press-release/,0,no_match_in_raw
https://coincu.com/missouri-pushes-2nd-bitcoin-reserve-bill/,posts,311519,https://coincu.com/c/news,https://coincu.com/news/,0,no_match_in_raw
https://coincu.com/tether-in-hong-kong-could-make-a-comeback/,posts,262047,https://coincu.com/c/casino-reviews/,https://coincu.com/casino-reviews/,0,no_match_in_raw
https://coincu.com/tether-in-hong-kong-could-make-a-comeback/,posts,262047,https://coincu.com/c/pr/press-release/,https://coincu.com/pr/press-release/,0,no_match_in_raw
https://coincu.com/tether-in-hong-kong-could-make-a-comeback/,posts,262047,https://coincu.com/c/news,https://coincu.com/news/,0,no_match_in_raw
https://coincu.com/hong-kong-crypto-exchanges-boosted-in-end-2024/,posts,289376,https://coincu.com/c/casino-reviews/,https://coincu.com/casino-reviews/,0,no_match_in_raw
https://coincu.com/hong-kong-crypto-exchanges-boosted-in-end-2024/,posts,289376,https://coincu.com/c/pr/press-release/,https://coincu.com/pr/press-release/,0,no_match_in_raw
https://coincu.com/hong-kong-crypto-exchanges-boosted-in-end-2024/,posts,289376,https://coincu.com/c/news,https://coincu.com/news/,0,no_match_in_raw
https://coincu.com/hong-kong-crypto-exchanges-will-be-boosted/,posts,286252,https://coincu.com/c/casino-reviews/,https://coincu.com/casino-reviews/,0,no_match_in_raw
https://coincu.com/hong-kong-crypto-exchanges-will-be-boosted/,posts,286252,https://coincu.com/c/pr/press-release/,https://coincu.com/pr/press-release/,0,no_match_in_raw
https://coincu.com/hong-kong-crypto-exchanges-will-be-boosted/,posts,286252,https://coincu.com/c/news,https://coincu.com/news/,0,no_match_in_raw
https://coincu.com/bybits-vatp-application-license-in-hk/,posts,261994,https://coincu.com/c/casino-reviews/,https://coincu.com/casino-reviews/,0,no_match_in_raw
https://coincu.com/bybits-vatp-application-license-in-hk/,posts,261994,https://coincu.com/c/pr/press-release/,https://coincu.com/pr/press-release/,0,no_match_in_raw
https://coincu.com/bybits-vatp-application-license-in-hk/,posts,261994,https://coincu.com/c/news,https://coincu.com/news/,0,no_match_in_raw
https://coincu.com/hong-kong-spot-bitcoin-etf-fund-flows/,posts,255259,https://coincu.com/c/casino-reviews/,https://coincu.com/casino-reviews/,0,no_match_in_raw
https://coincu.com/hong-kong-spot-bitcoin-etf-fund-flows/,posts,255259,https://coincu.com/c/pr/press-release/,https://coincu.com/pr/press-release/,0,no_match_in_raw
https://coincu.com/hong-kong-spot-bitcoin-etf-fund-flows/,posts,255259,https://coincu.com/c/news,https://coincu.com/news/,0,no_match_in_raw
https://coincu.com/hong-kong-sfc-announces-blacklist/,posts,219979,https://coincu.com/c/casino-reviews/,https://coincu.com/casino-reviews/,0,no_match_in_raw
https://coincu.com/hong-kong-sfc-announces-blacklist/,posts,219979,https://coincu.com/c/pr/press-release/,https://coincu.com/pr/press-release/,0,no_match_in_raw
https://coincu.com/hong-kong-sfc-announces-blacklist/,posts,219979,https://coincu.com/c/news,https://coincu.com/news/,0,no_match_in_raw
https://coincu.com/solana-etfs-filed-for-approval/,posts,364892,https://coincu.com/c/casino-reviews/,https://coincu.com/casino-reviews/,0,no_match_in_raw
https://coincu.com/solana-etfs-filed-for-approval/,posts,364892,https://coincu.com/c/pr/press-release/,https://coincu.com/pr/press-release/,0,no_match_in_raw
https://coincu.com/solana-etfs-filed-for-approval/,posts,364892,https://coincu.com/c/news,https://coincu.com/news/,0,no_match_in_raw
https://coincu.com/hong-kong-commits-to-hong-kong-crypto-tax/,posts,297367,https://coincu.com/c/casino-reviews/,https://coincu.com/casino-reviews/,0,no_match_in_raw
https://coincu.com/hong-kong-commits-to-hong-kong-crypto-tax/,posts,297367,https://coincu.com/c/pr/press-release/,https://coincu.com/pr/press-release/,0,no_match_in_raw
https://coincu.com/hong-kong-commits-to-hong-kong-crypto-tax/,posts,297367,https://coincu.com/c/news,https://coincu.com/news/,0,no_match_in_raw
https://coincu.com/china-artificial-intelligence-updated-guideline/,posts,295660,https://coincu.com/c/casino-reviews/,https://coincu.com/casino-reviews/,0,no_match_in_raw
https://coincu.com/china-artificial-intelligence-updated-guideline/,posts,295660,https://coincu.com/c/pr/press-release/,https://coincu.com/pr/press-release/,0,no_match_in_raw
https://coincu.com/china-artificial-intelligence-updated-guideline/,posts,295660,https://coincu.com/c/news,https://coincu.com/news/,0,no_match_in_raw
https://coincu.com/hong-kong-retail-clients-can-hope/,posts,157524,https://coincu.com/c/casino-reviews/,https://coincu.com/casino-reviews/,0,no_match_in_raw
https://coincu.com/hong-kong-retail-clients-can-hope/,posts,157524,https://coincu.com/c/pr/press-release/,https://coincu.com/pr/press-release/,0,no_match_in_raw
https://coincu.com/hong-kong-retail-clients-can-hope/,posts,157524,https://coincu.com/c/news,https://coincu.com/news/,0,no_match_in_raw
https://coincu.com/hong-kong-tightens-regulations/,posts,159869,https://coincu.com/c/casino-reviews/,https://coincu.com/casino-reviews/,0,no_match_in_raw
https://coincu.com/hong-kong-tightens-regulations/,posts,159869,https://coincu.com/c/pr/press-release/,https://coincu.com/pr/press-release/,0,no_match_in_raw
https://coincu.com/hong-kong-tightens-regulations/,posts,159869,https://coincu.com/c/news,https://coincu.com/news/,0,no_match_in_raw
https://coincu.com/korea-review-virtual-assets-securities/,posts,167189,https://coincu.com/c/casino-reviews/,https://coincu.com/casino-reviews/,0,no_match_in_raw
https://coincu.com/korea-review-virtual-assets-securities/,posts,167189,https://coincu.com/c/markets,https://coincu.com/markets/,0,no_match_in_raw
https://coincu.com/korea-review-virtual-assets-securities/,posts,167189,https://coincu.com/c/pr/press-release/,https://coincu.com/pr/press-release/,0,no_match_in_raw
https://coincu.com/south-korea-accounting-standards/,posts,201600,https://coincu.com/c/casino-reviews/,https://coincu.com/casino-reviews/,0,no_match_in_raw
https://coincu.com/south-korea-accounting-standards/,posts,201600,https://coincu.com/c/pr/press-release/,https://coincu.com/pr/press-release/,0,no_match_in_raw
https://coincu.com/south-korea-accounting-standards/,posts,201600,https://coincu.com/c/news,https://coincu.com/news/,0,no_match_in_raw
https://coincu.com/korea-virtual-asset-cybercrime-ddos-attack/,posts,171648,https://coincu.com/c/casino-reviews/,https://coincu.com/casino-reviews/,0,no_match_in_raw
https://coincu.com/korea-virtual-asset-cybercrime-ddos-attack/,posts,171648,https://coincu.com/c/markets,https://coincu.com/markets/,0,no_match_in_raw
https://coincu.com/korea-virtual-asset-cybercrime-ddos-attack/,posts,171648,https://coincu.com/c/pr/press-release/,https://coincu.com/pr/press-release/,0,no_match_in_raw
https://coincu.com/hkvac-rate-reliability-virtual-assets/,posts,191116,https://coincu.com/c/casino-reviews/,https://coincu.com/casino-reviews/,0,no_match_in_raw
https://coincu.com/hkvac-rate-reliability-virtual-assets/,posts,191116,https://coincu.com/c/markets,https://coincu.com/markets/,0,no_match_in_raw
https://coincu.com/hkvac-rate-reliability-virtual-assets/,posts,191116,https://coincu.com/c/pr/press-release/,https://coincu.com/pr/press-release/,0,no_match_in_raw
https://coincu.com/hong-kong-promote-bank-accept-virtual-asset/,posts,195599,https://coincu.com/c/casino-reviews/,https://coincu.com/casino-reviews/,0,no_match_in_raw
https://coincu.com/hong-kong-promote-bank-accept-virtual-asset/,posts,195599,https://coincu.com/c/markets,https://coincu.com/markets/,0,no_match_in_raw
https://coincu.com/hong-kong-promote-bank-accept-virtual-asset/,posts,195599,https://coincu.com/c/pr/press-release/,https://coincu.com/pr/press-release/,0,no_match_in_raw
https://coincu.com/bybit-reserve-certificate-report/,posts,253776,https://coincu.com/c/casino-reviews/,https://coincu.com/casino-reviews/,0,no_match_in_raw
https://coincu.com/bybit-reserve-certificate-report/,posts,253776,https://coincu.com/c/pr/press-release/,https://coincu.com/pr/press-release/,0,no_match_in_raw
https://coincu.com/bybit-reserve-certificate-report/,posts,253776,https://coincu.com/c/news,https://coincu.com/news/,0,no_match_in_raw
https://coincu.com/hashkey-hkex-listing-digital-assets/,posts,380818,https://coincu.com/c/casino-reviews/,https://coincu.com/casino-reviews/,0,no_match_in_raw
https://coincu.com/hashkey-hkex-listing-digital-assets/,posts,380818,https://coincu.com/c/pr/press-release/,https://coincu.com/pr/press-release/,0,no_match_in_raw
https://coincu.com/hashkey-hkex-listing-digital-assets/,posts,380818,https://coincu.com/c/news,https://coincu.com/news/,0,no_match_in_raw
https://coincu.com/can-desci-daos-make-breakthrough/,posts,174875,https://coincu.com/c/casino-reviews/,https://coincu.com/casino-reviews/,0,no_match_in_raw
https://coincu.com/can-desci-daos-make-breakthrough/,posts,174875,https://coincu.com/c/pr/press-release/,https://coincu.com/pr/press-release/,0,no_match_in_raw
https://coincu.com/can-desci-daos-make-breakthrough/,posts,174875,https://coincu.com/c/knowledge,https://coincu.com/knowledge/,0,no_match_in_raw
https://coincu.com/how-daos-and-blockchain-can-help-your-business-in-2023/,posts,159812,https://coincu.com/c/casino-reviews/,https://coincu.com/casino-reviews/,0,no_match_in_raw
https://coincu.com/how-daos-and-blockchain-can-help-your-business-in-2023/,posts,159812,https://coincu.com/c/pr/press-release/,https://coincu.com/pr/press-release/,0,no_match_in_raw
https://coincu.com/how-daos-and-blockchain-can-help-your-business-in-2023/,posts,159812,https://coincu.com/c/uncategorized,https://coincu.com/uncategorized/,0,no_match_in_raw
https://coincu.com/the-simple-view-of-daos/,posts,168150,https://coincu.com/c/casino-reviews/,https://coincu.com/casino-reviews/,0,no_match_in_raw
https://coincu.com/the-simple-view-of-daos/,posts,168150,https://coincu.com/c/pr/press-release/,https://coincu.com/pr/press-release/,0,no_match_in_raw
https://coincu.com/the-simple-view-of-daos/,posts,168150,https://coincu.com/c/knowledge,https://coincu.com/knowledge/,0,no_match_in_raw
https://coincu.com/starknet-takes-crypto-to-the-next-level/,posts,173865,https://coincu.com/c/casino-reviews/,https://coincu.com/casino-reviews/,0,no_match_in_raw
https://coincu.com/starknet-takes-crypto-to-the-next-level/,posts,173865,https://coincu.com/c/pr/press-release/,https://coincu.com/pr/press-release/,0,no_match_in_raw
https://coincu.com/starknet-takes-crypto-to-the-next-level/,posts,173865,https://coincu.com/c/news,https://coincu.com/news/,0,no_match_in_raw
https://coincu.com/decentralized-science-reliable-solution/,posts,163436,https://coincu.com/c/casino-reviews/,https://coincu.com/casino-reviews/,0,no_match_in_raw
https://coincu.com/decentralized-science-reliable-solution/,posts,163436,https://coincu.com/c/pr/press-release/,https://coincu.com/pr/press-release/,0,no_match_in_raw
https://coincu.com/decentralized-science-reliable-solution/,posts,163436,https://coincu.com/c/knowledge,https://coincu.com/knowledge/,0,no_match_in_raw
https://coincu.com/metamask-grants-over-500000-dao-funds/,posts,154858,https://coincu.com/c/casino-reviews/,https://coincu.com/casino-reviews/,0,no_match_in_raw
https://coincu.com/metamask-grants-over-500000-dao-funds/,posts,154858,https://coincu.com/c/pr/press-release/,https://coincu.com/pr/press-release/,0,no_match_in_raw
https://coincu.com/metamask-grants-over-500000-dao-funds/,posts,154858,https://coincu.com/c/news,https://coincu.com/news/,0,no_match_in_raw
https://coincu.com/decentralized-autonomous-organization-dao/,posts,194370,https://coincu.com/c/casino-reviews/,https://coincu.com/casino-reviews/,0,no_match_in_raw
https://coincu.com/decentralized-autonomous-organization-dao/,posts,194370,https://coincu.com/c/pr/press-release/,https://coincu.com/pr/press-release/,0,no_match_in_raw
https://coincu.com/decentralized-autonomous-organization-dao/,posts,194370,https://coincu.com/c/knowledge,https://coincu.com/knowledge/,0,no_match_in_raw
https://coincu.com/house-republicans-to-fire-sec-chair/,posts,194473,https://coincu.com/c/casino-reviews/,https://coincu.com/casino-reviews/,0,no_match_in_raw
https://coincu.com/house-republicans-to-fire-sec-chair/,posts,194473,https://coincu.com/c/pr/press-release/,https://coincu.com/pr/press-release/,0,no_match_in_raw
https://coincu.com/house-republicans-to-fire-sec-chair/,posts,194473,https://coincu.com/c/news,https://coincu.com/news/,0,no_match_in_raw
https://coincu.com/weekly-top-crypto-news-july-24-july-30/,posts,207167,https://coincu.com/c/casino-reviews/,https://coincu.com/casino-reviews/,0,no_match_in_raw
https://coincu.com/weekly-top-crypto-news-july-24-july-30/,posts,207167,https://coincu.com/c/pr/press-release/,https://coincu.com/pr/press-release/,0,no_match_in_raw
https://coincu.com/weekly-top-crypto-news-july-24-july-30/,posts,207167,https://coincu.com/c/uncategorized,https://coincu.com/uncategorized/,0,no_match_in_raw
https://coincu.com/aptos-skyrocketed-just-an-empty-game/,posts,163642,https://coincu.com/c/casino-reviews/,https://coincu.com/casino-reviews/,0,no_match_in_raw
https://coincu.com/aptos-skyrocketed-just-an-empty-game/,posts,163642,https://coincu.com/c/pr/press-release/,https://coincu.com/pr/press-release/,0,no_match_in_raw
https://coincu.com/aptos-skyrocketed-just-an-empty-game/,posts,163642,https://coincu.com/c/knowledge,https://coincu.com/knowledge/,0,no_match_in_raw
https://coincu.com/notable-nft-projects-on-arbitrum/,posts,139334,https://coincu.com/c/casino-reviews/,https://coincu.com/casino-reviews/,0,no_match_in_raw
https://coincu.com/notable-nft-projects-on-arbitrum/,posts,139334,https://coincu.com/c/pr/press-release/,https://coincu.com/pr/press-release/,0,no_match_in_raw
https://coincu.com/notable-nft-projects-on-arbitrum/,posts,139334,https://coincu.com/c/blockchain,https://coincu.com/blockchain/,0,no_match_in_raw
https://coincu.com/global-blockchain-show-dubai/,posts,248455,https://coincu.com/c/casino-reviews/,https://coincu.com/casino-reviews/,0,no_match_in_raw
https://coincu.com/global-blockchain-show-dubai/,posts,248455,https://coincu.com/c/pr/press-release/,https://coincu.com/pr/press-release/,0,no_match_in_raw
https://coincu.com/global-blockchain-show-dubai/,posts,248455,https://coincu.com/c/blockchain-event,https://coincu.com/blockchain-event/,0,no_match_in_raw
https://coincu.com/ice-blue-review-free-mint-nft-project-on-aptos/,posts,252732,https://coincu.com/c/casino-reviews/,https://coincu.com/casino-reviews/,0,no_match_in_raw
https://coincu.com/ice-blue-review-free-mint-nft-project-on-aptos/,posts,252732,https://coincu.com/c/pr/press-release/,https://coincu.com/pr/press-release/,0,no_match_in_raw
https://coincu.com/ice-blue-review-free-mint-nft-project-on-aptos/,posts,252732,https://coincu.com/c/other-reviews,https://coincu.com/other-reviews/,0,no_match_in_raw
https://coincu.com/u-s-stablecoin-regulation-moves-forward/,posts,348848,https://coincu.com/c/casino-reviews/,https://coincu.com/casino-reviews/,0,no_match_in_raw
https://coincu.com/u-s-stablecoin-regulation-moves-forward/,posts,348848,https://coincu.com/c/pr/press-release/,https://coincu.com/pr/press-release/,0,no_match_in_raw
https://coincu.com/u-s-stablecoin-regulation-moves-forward/,posts,348848,https://coincu.com/c/news,https://coincu.com/news/,0,no_match_in_raw
https://coincu.com/luna-foundation-guard-not-compensated-users/,posts,131727,https://coincu.com/c/casino-reviews/,https://coincu.com/casino-reviews/,0,no_match_in_raw
https://coincu.com/luna-foundation-guard-not-compensated-users/,posts,131727,https://coincu.com/c/pr/press-release/,https://coincu.com/pr/press-release/,0,no_match_in_raw
https://coincu.com/luna-foundation-guard-not-compensated-users/,posts,131727,https://coincu.com/c/news,https://coincu.com/news/,0,no_match_in_raw
https://coincu.com/nstitutions-sold-5-5-billion-bitcoin/,posts,111070,https://coincu.com/c/casino-reviews/,https://coincu.com/casino-reviews/,0,no_match_in_raw
https://coincu.com/nstitutions-sold-5-5-billion-bitcoin/,posts,111070,https://coincu.com/c/pr/press-release/,https://coincu.com/pr/press-release/,0,no_match_in_raw
https://coincu.com/nstitutions-sold-5-5-billion-bitcoin/,posts,111070,https://coincu.com/c/bitcoin,https://coincu.com/bitcoin/,0,no_match_in_raw
https://coincu.com/luna-foundation-guard-crypto-transfers/,posts,261909,https://coincu.com/c/casino-reviews/,https://coincu.com/casino-reviews/,0,no_match_in_raw
https://coincu.com/luna-foundation-guard-crypto-transfers/,posts,261909,https://coincu.com/c/pr/press-release/,https://coincu.com/pr/press-release/,0,no_match_in_raw
https://coincu.com/luna-foundation-guard-crypto-transfers/,posts,261909,https://coincu.com/c/news,https://coincu.com/news/,0,no_match_in_raw
https://coincu.com/luna-foundation-guard-spent-2-8-billion/,posts,143113,https://coincu.com/c/casino-reviews/,https://coincu.com/casino-reviews/,0,no_match_in_raw
https://coincu.com/luna-foundation-guard-spent-2-8-billion/,posts,143113,https://coincu.com/c/pr/press-release/,https://coincu.com/pr/press-release/,0,no_match_in_raw
https://coincu.com/luna-foundation-guard-spent-2-8-billion/,posts,143113,https://coincu.com/c/news,https://coincu.com/news/,0,no_match_in_raw
https://coincu.com/trezor-and-ledger-reivew/,posts,190484,https://coincu.com/c/casino-reviews/,https://coincu.com/casino-reviews/,0,no_match_in_raw
https://coincu.com/trezor-and-ledger-reivew/,posts,190484,https://coincu.com/c/pr/press-release/,https://coincu.com/pr/press-release/,0,no_match_in_raw
https://coincu.com/trezor-and-ledger-reivew/,posts,190484,https://coincu.com/c/other-reviews,https://coincu.com/other-reviews/,0,no_match_in_raw
https://coincu.com/best-crypto-wallet/,posts,260664,https://coincu.com/c/casino-reviews/,https://coincu.com/casino-reviews/,0,no_match_in_raw
https://coincu.com/best-crypto-wallet/,posts,260664,https://coincu.com/c/pr/press-release/,https://coincu.com/pr/press-release/,0,no_match_in_raw
https://coincu.com/best-crypto-wallet/,posts,260664,https://coincu.com/c/knowledge,https://coincu.com/knowledge/,0,no_match_in_raw
https://coincu.com/trezor-vs-ledger-best-hardware-wallets/,posts,249353,https://coincu.com/c/casino-reviews/,https://coincu.com/casino-reviews/,0,no_match_in_raw
https://coincu.com/trezor-vs-ledger-best-hardware-wallets/,posts,249353,https://coincu.com/c/pr/press-release/,https://coincu.com/pr/press-release/,0,no_match_in_raw
https://coincu.com/trezor-vs-ledger-best-hardware-wallets/,posts,249353,https://coincu.com/c/other-reviews,https://coincu.com/other-reviews/,0,no_match_in_raw
https://coincu.com/sui-network-sees-sudden-growth/,posts,203547,https://coincu.com/c/casino-reviews/,https://coincu.com/casino-reviews/,0,no_match_in_raw
https://coincu.com/sui-network-sees-sudden-growth/,posts,203547,https://coincu.com/c/pr/press-release/,https://coincu.com/pr/press-release/,0,no_match_in_raw
https://coincu.com/sui-network-sees-sudden-growth/,posts,203547,https://coincu.com/c/analysis,https://coincu.com/analysis/,0,no_match_in_raw
https://coincu.com/strategic-bitcoin-reserve-cut-us-national-debt/,posts,298294,https://coincu.com/c/casino-reviews/,https://coincu.com/casino-reviews/,0,no_match_in_raw
https://coincu.com/strategic-bitcoin-reserve-cut-us-national-debt/,posts,298294,https://coincu.com/c/pr/press-release/,https://coincu.com/pr/press-release/,0,no_match_in_raw
https://coincu.com/strategic-bitcoin-reserve-cut-us-national-debt/,posts,298294,https://coincu.com/c/news,https://coincu.com/news/,0,no_match_in_raw
https://coincu.com/bipartisan-support-for-crypto-in-congress-lummis/,posts,260567,https://coincu.com/c/casino-reviews/,https://coincu.com/casino-reviews/,0,no_match_in_raw
https://coincu.com/bipartisan-support-for-crypto-in-congress-lummis/,posts,260567,https://coincu.com/c/pr/press-release/,https://coincu.com/pr/press-release/,0,no_match_in_raw
https://coincu.com/bipartisan-support-for-crypto-in-congress-lummis/,posts,260567,https://coincu.com/c/news,https://coincu.com/news/,0,no_match_in_raw
https://coincu.com/the-strategic-bitcoin-reserve-bill-is-announced/,posts,270692,https://coincu.com/c/casino-reviews/,https://coincu.com/casino-reviews/,0,no_match_in_raw
https://coincu.com/the-strategic-bitcoin-reserve-bill-is-announced/,posts,270692,https://coincu.com/c/pr/press-release/,https://coincu.com/pr/press-release/,0,no_match_in_raw
https://coincu.com/the-strategic-bitcoin-reserve-bill-is-announced/,posts,270692,https://coincu.com/c/news,https://coincu.com/news/,0,no_match_in_raw
https://coincu.com/bitcoin-etf-options-trading-postponed/,posts,254203,https://coincu.com/c/casino-reviews/,https://coincu.com/casino-reviews/,0,no_match_in_raw
https://coincu.com/bitcoin-etf-options-trading-postponed/,posts,254203,https://coincu.com/c/pr/press-release/,https://coincu.com/pr/press-release/,0,no_match_in_raw
https://coincu.com/bitcoin-etf-options-trading-postponed/,posts,254203,https://coincu.com/c/news,https://coincu.com/news/,0,no_match_in_raw
https://coincu.com/nyse-now-withdrew-bitcoin-etf-options/,posts,278463,https://coincu.com/c/casino-reviews/,https://coincu.com/casino-reviews/,0,no_match_in_raw
https://coincu.com/nyse-now-withdrew-bitcoin-etf-options/,posts,278463,https://coincu.com/c/pr/press-release/,https://coincu.com/pr/press-release/,0,no_match_in_raw
https://coincu.com/nyse-now-withdrew-bitcoin-etf-options/,posts,278463,https://coincu.com/c/news,https://coincu.com/news/,0,no_match_in_raw
https://coincu.com/solana-litecoin-hedera-etfs-launch/,posts,372051,https://coincu.com/c/casino-reviews/,https://coincu.com/casino-reviews/,0,no_match_in_raw
https://coincu.com/solana-litecoin-hedera-etfs-launch/,posts,372051,https://coincu.com/c/pr/press-release/,https://coincu.com/pr/press-release/,0,no_match_in_raw
https://coincu.com/solana-litecoin-hedera-etfs-launch/,posts,372051,https://coincu.com/c/news,https://coincu.com/news/,0,no_match_in_raw
https://coincu.com/krakens-new-cto-vishnu-patanka/,posts,192320,https://coincu.com/c/casino-reviews/,https://coincu.com/casino-reviews/,0,no_match_in_raw
https://coincu.com/krakens-new-cto-vishnu-patanka/,posts,192320,https://coincu.com/c/pr/press-release/,https://coincu.com/pr/press-release/,0,no_match_in_raw
https://coincu.com/krakens-new-cto-vishnu-patanka/,posts,192320,https://coincu.com/c/news,https://coincu.com/news/,0,no_match_in_raw
https://coincu.com/tethers-cto-challenges-wsj-report/,posts,219759,https://coincu.com/c/casino-reviews/,https://coincu.com/casino-reviews/,0,no_match_in_raw
https://coincu.com/tethers-cto-challenges-wsj-report/,posts,219759,https://coincu.com/c/pr/press-release/,https://coincu.com/pr/press-release/,0,no_match_in_raw
https://coincu.com/tethers-cto-challenges-wsj-report/,posts,219759,https://coincu.com/c/news,https://coincu.com/news/,0,no_match_in_raw
https://coincu.com/world-liberty-financial-token-sale-ends-590m/,posts,326451,https://coincu.com/c/casino-reviews/,https://coincu.com/casino-reviews/,0,no_match_in_raw
https://coincu.com/world-liberty-financial-token-sale-ends-590m/,posts,326451,https://coincu.com/c/pr/press-release/,https://coincu.com/pr/press-release/,0,no_match_in_raw
https://coincu.com/world-liberty-financial-token-sale-ends-590m/,posts,326451,https://coincu.com/c/news,https://coincu.com/news/,0,no_match_in_raw
https://coincu.com/osl-applies-for-retail-trading-license/,posts,191403,https://coincu.com/c/casino-reviews/,https://coincu.com/casino-reviews/,0,no_match_in_raw
https://coincu.com/osl-applies-for-retail-trading-license/,posts,191403,https://coincu.com/c/pr/press-release/,https://coincu.com/pr/press-release/,0,no_match_in_raw
https://coincu.com/osl-applies-for-retail-trading-license/,posts,191403,https://coincu.com/c/news,https://coincu.com/news/,0,no_match_in_raw
https://coincu.com/okx-user-loses-2m-in-deepfake-cyber-attack/,posts,262254,https://coincu.com/c/casino-reviews/,https://coincu.com/casino-reviews/,0,no_match_in_raw
https://coincu.com/okx-user-loses-2m-in-deepfake-cyber-attack/,posts,262254,https://coincu.com/c/pr/press-release/,https://coincu.com/pr/press-release/,0,no_match_in_raw
https://coincu.com/okx-user-loses-2m-in-deepfake-cyber-attack/,posts,262254,https://coincu.com/c/scam-alert,https://coincu.com/scam-alert/,0,no_match_in_raw
https://coincu.com/okx-nft-trading-soars-114-overtakes-blur-opensea/,posts,218158,https://coincu.com/c/casino-reviews/,https://coincu.com/casino-reviews/,0,no_match_in_raw
https://coincu.com/okx-nft-trading-soars-114-overtakes-blur-opensea/,posts,218158,https://coincu.com/c/pr/press-release/,https://coincu.com/pr/press-release/,0,no_match_in_raw
https://coincu.com/okx-nft-trading-soars-114-overtakes-blur-opensea/,posts,218158,https://coincu.com/c/nfts-news,https://coincu.com/nfts-news/,0,no_match_in_raw
https://coincu.com/weekly-top-crypto-news-july-17-july-23/,posts,205099,https://coincu.com/c/casino-reviews/,https://coincu.com/casino-reviews/,0,no_match_in_raw
https://coincu.com/weekly-top-crypto-news-july-17-july-23/,posts,205099,https://coincu.com/c/pr/press-release/,https://coincu.com/pr/press-release/,0,no_match_in_raw
https://coincu.com/weekly-top-crypto-news-july-17-july-23/,posts,205099,https://coincu.com/c/uncategorized,https://coincu.com/uncategorized/,0,no_match_in_raw
https://coincu.com/is-mnt-set-for-a-steep-fall-after-1-40/,posts,356140,https://coincu.com/c/casino-reviews/,https://coincu.com/casino-reviews/,0,no_match_in_raw
https://coincu.com/is-mnt-set-for-a-steep-fall-after-1-40/,posts,356140,https://coincu.com/c/pr/press-release/,https://coincu.com/pr/press-release/,0,no_match_in_raw
https://coincu.com/is-mnt-set-for-a-steep-fall-after-1-40/,posts,356140,https://coincu.com/c/analysis,https://coincu.com/analysis/,0,no_match_in_raw
https://coincu.com/what-is-crypto-market-manipulation/,posts,190496,https://coincu.com/c/casino-reviews/,https://coincu.com/casino-reviews/,0,no_match_in_raw
https://coincu.com/what-is-crypto-market-manipulation/,posts,190496,https://coincu.com/c/pr/press-release/,https://coincu.com/pr/press-release/,0,no_match_in_raw
https://coincu.com/what-is-crypto-market-manipulation/,posts,190496,https://coincu.com/c/knowledge,https://coincu.com/knowledge/,0,no_match_in_raw
https://coincu.com/ethereum-retests-4060/,posts,364330,https://coincu.com/c/casino-reviews/,https://coincu.com/casino-reviews/,0,no_match_in_raw
https://coincu.com/ethereum-retests-4060/,posts,364330,https://coincu.com/c/pr/press-release/,https://coincu.com/pr/press-release/,0,no_match_in_raw
https://coincu.com/ethereum-retests-4060/,posts,364330,https://coincu.com/c/analysis,https://coincu.com/analysis/,0,no_match_in_raw
https://coincu.com/sonic-shard-snapshot-scheduled-december-1/,posts,290734,https://coincu.com/c/casino-reviews/,https://coincu.com/casino-reviews/,0,no_match_in_raw
https://coincu.com/sonic-shard-snapshot-scheduled-december-1/,posts,290734,https://coincu.com/c/pr/press-release/,https://coincu.com/pr/press-release/,0,no_match_in_raw
https://coincu.com/sonic-shard-snapshot-scheduled-december-1/,posts,290734,https://coincu.com/c/news,https://coincu.com/news/,0,no_match_in_raw
https://coincu.com/sonic-gateway-is-now-live/,posts,298840,https://coincu.com/c/casino-reviews/,https://coincu.com/casino-reviews/,0,no_match_in_raw
https://coincu.com/sonic-gateway-is-now-live/,posts,298840,https://coincu.com/c/pr/press-release/,https://coincu.com/pr/press-release/,0,no_match_in_raw
https://coincu.com/sonic-gateway-is-now-live/,posts,298840,https://coincu.com/c/news,https://coincu.com/news/,0,no_match_in_raw
https://coincu.com/fantom-sonic-builders-testnet-now-launched/,posts,237347,https://coincu.com/c/casino-reviews/,https://coincu.com/casino-reviews/,0,no_match_in_raw
https://coincu.com/fantom-sonic-builders-testnet-now-launched/,posts,237347,https://coincu.com/c/pr/press-release/,https://coincu.com/pr/press-release/,0,no_match_in_raw
https://coincu.com/fantom-sonic-builders-testnet-now-launched/,posts,237347,https://coincu.com/c/blockchain,https://coincu.com/blockchain/,0,no_match_in_raw
https://coincu.com/sonic-labs-launches-the-sonic-mainnet-evm-compatible-verifiable-10000-tps-and-sub-second-finality/,posts,297662,https://coincu.com/c/casino-reviews/,https://coincu.com/casino-reviews/,0,no_match_in_raw
https://coincu.com/sonic-labs-launches-the-sonic-mainnet-evm-compatible-verifiable-10000-tps-and-sub-second-finality/,posts,297662,https://coincu.com/c/press-release,https://coincu.com/press-release/,0,no_match_in_raw
https://coincu.com/sonic-labs-launches-the-sonic-mainnet-evm-compatible-verifiable-10000-tps-and-sub-second-finality/,posts,297662,https://coincu.com/c/pr/press-release/,https://coincu.com/pr/press-release/,0,no_match_in_raw
https://coincu.com/coinbase-adds-paypal-usd-pyusd-listing-roadmap/,posts,213452,https://coincu.com/c/casino-reviews/,https://coincu.com/casino-reviews/,0,no_match_in_raw
https://coincu.com/coinbase-adds-paypal-usd-pyusd-listing-roadmap/,posts,213452,https://coincu.com/c/pr/press-release/,https://coincu.com/pr/press-release/,0,no_match_in_raw
https://coincu.com/coinbase-adds-paypal-usd-pyusd-listing-roadmap/,posts,213452,https://coincu.com/c/uncategorized,https://coincu.com/uncategorized/,0,no_match_in_raw
https://coincu.com/kraken-job-cuts-15-layoff-restructures-future/,posts,289815,https://coincu.com/c/casino-reviews/,https://coincu.com/casino-reviews/,0,no_match_in_raw
https://coincu.com/kraken-job-cuts-15-layoff-restructures-future/,posts,289815,https://coincu.com/c/pr/press-release/,https://coincu.com/pr/press-release/,0,no_match_in_raw
https://coincu.com/kraken-job-cuts-15-layoff-restructures-future/,posts,289815,https://coincu.com/c/news,https://coincu.com/news/,0,no_match_in_raw
https://coincu.com/korea-participating-in-listing-delisting/,posts,151067,https://coincu.com/c/casino-reviews/,https://coincu.com/casino-reviews/,0,no_match_in_raw
https://coincu.com/korea-participating-in-listing-delisting/,posts,151067,https://coincu.com/c/pr/press-release/,https://coincu.com/pr/press-release/,0,no_match_in_raw
https://coincu.com/korea-participating-in-listing-delisting/,posts,151067,https://coincu.com/c/news,https://coincu.com/news/,0,no_match_in_raw
https://coincu.com/coinbase-adds-celr-stg-to-listing-roadmap/,posts,112012,https://coincu.com/c/casino-reviews/,https://coincu.com/casino-reviews/,0,no_match_in_raw
https://coincu.com/coinbase-adds-celr-stg-to-listing-roadmap/,posts,112012,https://coincu.com/c/pr/press-release/,https://coincu.com/pr/press-release/,0,no_match_in_raw
https://coincu.com/coinbase-adds-celr-stg-to-listing-roadmap/,posts,112012,https://coincu.com/c/news,https://coincu.com/news/,0,no_match_in_raw
https://coincu.com/okx-listing-16-popular-tokens-hong-kong/,posts,189670,https://coincu.com/c/casino-reviews/,https://coincu.com/casino-reviews/,0,no_match_in_raw
https://coincu.com/okx-listing-16-popular-tokens-hong-kong/,posts,189670,https://coincu.com/c/markets,https://coincu.com/markets/,0,no_match_in_raw
https://coincu.com/okx-listing-16-popular-tokens-hong-kong/,posts,189670,https://coincu.com/c/pr/press-release/,https://coincu.com/pr/press-release/,0,no_match_in_raw
https://coincu.com/montenegro-blocks-do-kwon-to-south-korea-us/,posts,246866,https://coincu.com/c/casino-reviews/,https://coincu.com/casino-reviews/,0,no_match_in_raw
https://coincu.com/montenegro-blocks-do-kwon-to-south-korea-us/,posts,246866,https://coincu.com/c/pr/press-release/,https://coincu.com/pr/press-release/,0,no_match_in_raw
https://coincu.com/montenegro-blocks-do-kwon-to-south-korea-us/,posts,246866,https://coincu.com/c/news,https://coincu.com/news/,0,no_match_in_raw
https://coincu.com/dogecoin-price-reaches-5-month-high-heres-whats-driving-the-increase/,posts,290907,https://coincu.com/c/casino-reviews/,https://coincu.com/casino-reviews/,0,no_match_in_raw
https://coincu.com/dogecoin-price-reaches-5-month-high-heres-whats-driving-the-increase/,posts,290907,https://coincu.com/c/pr/press-release/,https://coincu.com/pr/press-release/,0,no_match_in_raw
https://coincu.com/dogecoin-price-reaches-5-month-high-heres-whats-driving-the-increase/,posts,290907,https://coincu.com/c/sponsored-articles-pr,https://coincu.com/sponsored-articles-pr/,0,no_match_in_raw
https://coincu.com/dogecoin-price-prediction-will-doge-ever-hit-0-7-again-why-etfswap-etfs-is-the-best-alternative-for-100x-gains/,posts,290319,https://coincu.com/c/casino-reviews/,https://coincu.com/casino-reviews/,0,no_match_in_raw
https://coincu.com/dogecoin-price-prediction-will-doge-ever-hit-0-7-again-why-etfswap-etfs-is-the-best-alternative-for-100x-gains/,posts,290319,https://coincu.com/c/pr/press-release/,https://coincu.com/pr/press-release/,0,no_match_in_raw
https://coincu.com/dogecoin-price-prediction-will-doge-ever-hit-0-7-again-why-etfswap-etfs-is-the-best-alternative-for-100x-gains/,posts,290319,https://coincu.com/c/sponsored-articles-pr,https://coincu.com/sponsored-articles-pr/,0,no_match_in_raw
https://coincu.com/crypto-institutional-investors-move-to-etfswap-etfs-amid-500-million-liquidity-injection-expectations/,posts,290173,https://coincu.com/c/casino-reviews/,https://coincu.com/casino-reviews/,0,no_match_in_raw
https://coincu.com/crypto-institutional-investors-move-to-etfswap-etfs-amid-500-million-liquidity-injection-expectations/,posts,290173,https://coincu.com/c/pr/press-release/,https://coincu.com/pr/press-release/,0,no_match_in_raw
https://coincu.com/crypto-institutional-investors-move-to-etfswap-etfs-amid-500-million-liquidity-injection-expectations/,posts,290173,https://coincu.com/c/sponsored-articles-pr,https://coincu.com/sponsored-articles-pr/,0,no_match_in_raw
https://coincu.com/dogecoin-price-forecast-analysts-push-for-0-2288-doge-while-this-ethereum-altcoin-eyes-8000-gains-in-the-next-16-days/,posts,290563,https://coincu.com/c/casino-reviews/,https://coincu.com/casino-reviews/,0,no_match_in_raw
https://coincu.com/dogecoin-price-forecast-analysts-push-for-0-2288-doge-while-this-ethereum-altcoin-eyes-8000-gains-in-the-next-16-days/,posts,290563,https://coincu.com/c/pr/press-release/,https://coincu.com/pr/press-release/,0,no_match_in_raw
https://coincu.com/dogecoin-price-forecast-analysts-push-for-0-2288-doge-while-this-ethereum-altcoin-eyes-8000-gains-in-the-next-16-days/,posts,290563,https://coincu.com/c/sponsored-articles-pr,https://coincu.com/sponsored-articles-pr/,0,no_match_in_raw
https://coincu.com/japan-targets-2028-crypto-etf-launch/,posts,391226,https://coincu.com/c/casino-reviews/,https://coincu.com/casino-reviews/,0,no_match_in_raw
https://coincu.com/japan-targets-2028-crypto-etf-launch/,posts,391226,https://coincu.com/c/pr/press-release/,https://coincu.com/pr/press-release/,0,no_match_in_raw
https://coincu.com/japan-targets-2028-crypto-etf-launch/,posts,391226,https://coincu.com/c/news,https://coincu.com/news/,0,no_match_in_raw
https://coincu.com/bitcoin-etfs-see-243m-outflow-as-market/,posts,387532,https://coincu.com/c/casino-reviews/,https://coincu.com/casino-reviews/,0,no_match_in_raw
https://coincu.com/bitcoin-etfs-see-243m-outflow-as-market/,posts,387532,https://coincu.com/c/pr/press-release/,https://coincu.com/pr/press-release/,0,no_match_in_raw
https://coincu.com/bitcoin-etfs-see-243m-outflow-as-market/,posts,387532,https://coincu.com/c/etf,https://coincu.com/etf/,0,no_match_in_raw
https://coincu.com/is-bitcoin-ready-for-a-big-move-as-sharpe/,posts,390705,https://coincu.com/c/casino-reviews/,https://coincu.com/casino-reviews/,0,no_match_in_raw
https://coincu.com/is-bitcoin-ready-for-a-big-move-as-sharpe/,posts,390705,https://coincu.com/c/pr/press-release/,https://coincu.com/pr/press-release/,0,no_match_in_raw
https://coincu.com/is-bitcoin-ready-for-a-big-move-as-sharpe/,posts,390705,https://coincu.com/c/bitcoin,https://coincu.com/bitcoin/,0,no_match_in_raw
https://coincu.com/binance-altcoin-volume-share-hits-record/,posts,365547,https://coincu.com/c/casino-reviews/,https://coincu.com/casino-reviews/,0,no_match_in_raw
https://coincu.com/binance-altcoin-volume-share-hits-record/,posts,365547,https://coincu.com/c/pr/press-release/,https://coincu.com/pr/press-release/,0,no_match_in_raw
https://coincu.com/binance-altcoin-volume-share-hits-record/,posts,365547,https://coincu.com/c/analysis,https://coincu.com/analysis/,0,no_match_in_raw
https://coincu.com/dogecoin-millionaire-picks-this-cheap-altcoin-over-shiba-inu-to-boost-his-gains/,posts,324908,https://coincu.com/c/casino-reviews/,https://coincu.com/casino-reviews/,0,no_match_in_raw
https://coincu.com/dogecoin-millionaire-picks-this-cheap-altcoin-over-shiba-inu-to-boost-his-gains/,posts,324908,https://coincu.com/c/pr/press-release/,https://coincu.com/pr/press-release/,0,no_match_in_raw
https://coincu.com/dogecoin-millionaire-picks-this-cheap-altcoin-over-shiba-inu-to-boost-his-gains/,posts,324908,https://coincu.com/c/cmc,https://coincu.com/cmc/,0,no_match_in_raw
https://coincu.com/pepe-bounce-demand-zone-speculation/,posts,388061,https://coincu.com/c/casino-reviews/,https://coincu.com/casino-reviews/,0,no_match_in_raw
https://coincu.com/pepe-bounce-demand-zone-speculation/,posts,388061,https://coincu.com/c/pr/press-release/,https://coincu.com/pr/press-release/,0,no_match_in_raw
https://coincu.com/pepe-bounce-demand-zone-speculation/,posts,388061,https://coincu.com/c/pepe,https://coincu.com/pepe/,0,no_match_in_raw
https://coincu.com/pepe-forms-higher-base-volume-returns/,posts,386884,https://coincu.com/c/casino-reviews/,https://coincu.com/casino-reviews/,0,no_match_in_raw
https://coincu.com/pepe-forms-higher-base-volume-returns/,posts,386884,https://coincu.com/c/pr/press-release/,https://coincu.com/pr/press-release/,0,no_match_in_raw
https://coincu.com/pepe-forms-higher-base-volume-returns/,posts,386884,https://coincu.com/c/analysis,https://coincu.com/analysis/,0,no_match_in_raw
https://coincu.com/pepe-potential-reversal-targets-0-0000105/,posts,390777,https://coincu.com/c/casino-reviews/,https://coincu.com/casino-reviews/,0,no_match_in_raw
https://coincu.com/pepe-potential-reversal-targets-0-0000105/,posts,390777,https://coincu.com/c/pr/press-release/,https://coincu.com/pr/press-release/,0,no_match_in_raw
https://coincu.com/pepe-potential-reversal-targets-0-0000105/,posts,390777,https://coincu.com/c/analysis,https://coincu.com/analysis/,0,no_match_in_raw
https://coincu.com/pepe-price-eyes-0-00000630-and-higher/,posts,392475,https://coincu.com/c/casino-reviews/,https://coincu.com/casino-reviews/,0,no_match_in_raw
https://coincu.com/pepe-price-eyes-0-00000630-and-higher/,posts,392475,https://coincu.com/c/pr/press-release/,https://coincu.com/pr/press-release/,0,no_match_in_raw
https://coincu.com/pepe-price-eyes-0-00000630-and-higher/,posts,392475,https://coincu.com/c/pepe,https://coincu.com/pepe/,0,no_match_in_raw
https://coincu.com/pepe-breaks-resistance-bullish-incoming/,posts,381485,https://coincu.com/c/casino-reviews/,https://coincu.com/casino-reviews/,0,no_match_in_raw
https://coincu.com/pepe-breaks-resistance-bullish-incoming/,posts,381485,https://coincu.com/c/pr/press-release/,https://coincu.com/pr/press-release/,0,no_match_in_raw
https://coincu.com/pepe-breaks-resistance-bullish-incoming/,posts,381485,https://coincu.com/c/analysis,https://coincu.com/analysis/,0,no_match_in_raw
https://coincu.com/traders-convinced-theyve-found-the-next-pepe-coin-or-shiba-inu-positioned-to-soar-77x-and-turn-850-into-65450-in-3-months/,posts,356694,https://coincu.com/c/casino-reviews/,https://coincu.com/casino-reviews/,0,no_match_in_raw
https://coincu.com/traders-convinced-theyve-found-the-next-pepe-coin-or-shiba-inu-positioned-to-soar-77x-and-turn-850-into-65450-in-3-months/,posts,356694,https://coincu.com/c/press-release,https://coincu.com/press-release/,0,no_match_in_raw
https://coincu.com/traders-convinced-theyve-found-the-next-pepe-coin-or-shiba-inu-positioned-to-soar-77x-and-turn-850-into-65450-in-3-months/,posts,356694,https://coincu.com/c/pr/press-release/,https://coincu.com/pr/press-release/,0,no_match_in_raw
https://coincu.com/heres-why-floppypepe-could-outperform-shiba-inu-and-dogecoin-in-2025/,posts,324927,https://coincu.com/c/casino-reviews/,https://coincu.com/casino-reviews/,0,no_match_in_raw
https://coincu.com/heres-why-floppypepe-could-outperform-shiba-inu-and-dogecoin-in-2025/,posts,324927,https://coincu.com/c/pr/press-release/,https://coincu.com/pr/press-release/,0,no_match_in_raw
https://coincu.com/heres-why-floppypepe-could-outperform-shiba-inu-and-dogecoin-in-2025/,posts,324927,https://coincu.com/c/cmc,https://coincu.com/cmc/,0,no_match_in_raw
https://coincu.com/shiba-inu-price-prediction-shib-could-rally-8x-but-investors-are-chasing-higher-roi-in-new-eth-based-meme-coin-with-layer-2-utility/,posts,354063,https://coincu.com/c/casino-reviews/,https://coincu.com/casino-reviews/,0,no_match_in_raw
https://coincu.com/shiba-inu-price-prediction-shib-could-rally-8x-but-investors-are-chasing-higher-roi-in-new-eth-based-meme-coin-with-layer-2-utility/,posts,354063,https://coincu.com/c/press-release,https://coincu.com/press-release/,0,no_match_in_raw
https://coincu.com/shiba-inu-price-prediction-shib-could-rally-8x-but-investors-are-chasing-higher-roi-in-new-eth-based-meme-coin-with-layer-2-utility/,posts,354063,https://coincu.com/c/pr/press-release/,https://coincu.com/pr/press-release/,0,no_match_in_raw
https://coincu.com/dragoin-overtakes-trump-coin-as-top-meme-project-after-75-crash/,posts,328941,https://coincu.com/c/casino-reviews/,https://coincu.com/casino-reviews/,0,no_match_in_raw
https://coincu.com/dragoin-overtakes-trump-coin-as-top-meme-project-after-75-crash/,posts,328941,https://coincu.com/c/pr/press-release/,https://coincu.com/pr/press-release/,0,no_match_in_raw
https://coincu.com/dragoin-overtakes-trump-coin-as-top-meme-project-after-75-crash/,posts,328941,https://coincu.com/c/cmc,https://coincu.com/cmc/,0,no_match_in_raw
https://coincu.com/500k-raised-and-20918-roi-arctic-pablo-ai-prophecy-moo-deng-top-meme-coins-to-buy-now/,posts,304215,https://coincu.com/c/casino-reviews/,https://coincu.com/casino-reviews/,0,no_match_in_raw
https://coincu.com/500k-raised-and-20918-roi-arctic-pablo-ai-prophecy-moo-deng-top-meme-coins-to-buy-now/,posts,304215,https://coincu.com/c/pr/press-release/,https://coincu.com/pr/press-release/,0,no_match_in_raw
https://coincu.com/500k-raised-and-20918-roi-arctic-pablo-ai-prophecy-moo-deng-top-meme-coins-to-buy-now/,posts,304215,https://coincu.com/c/cmc,https://coincu.com/cmc/,0,no_match_in_raw
https://coincu.com/arctic-pablo-cheems-trump-cheap-cryptos-that-will-explode/,posts,324097,https://coincu.com/c/casino-reviews/,https://coincu.com/casino-reviews/,0,no_match_in_raw
https://coincu.com/arctic-pablo-cheems-trump-cheap-cryptos-that-will-explode/,posts,324097,https://coincu.com/c/pr/press-release/,https://coincu.com/pr/press-release/,0,no_match_in_raw
https://coincu.com/arctic-pablo-cheems-trump-cheap-cryptos-that-will-explode/,posts,324097,https://coincu.com/c/cmc,https://coincu.com/cmc/,0,no_match_in_raw
https://coincu.com/best-meme-coins-for-significant-returns-btfd-floki-inu-and-chillguy-buzz/,posts,300195,https://coincu.com/c/casino-reviews/,https://coincu.com/casino-reviews/,0,no_match_in_raw
https://coincu.com/best-meme-coins-for-significant-returns-btfd-floki-inu-and-chillguy-buzz/,posts,300195,https://coincu.com/c/pr/press-release/,https://coincu.com/pr/press-release/,0,no_match_in_raw
https://coincu.com/best-meme-coins-for-significant-returns-btfd-floki-inu-and-chillguy-buzz/,posts,300195,https://coincu.com/c/cmc,https://coincu.com/cmc/,0,no_match_in_raw
https://coincu.com/missed-cat-in-a-dogs-world-this-latest-meme-coin-adventure-has-already-raised-over-800k/,posts,305029,https://coincu.com/c/casino-reviews/,https://coincu.com/casino-reviews/,0,no_match_in_raw
https://coincu.com/missed-cat-in-a-dogs-world-this-latest-meme-coin-adventure-has-already-raised-over-800k/,posts,305029,https://coincu.com/c/pr/press-release/,https://coincu.com/pr/press-release/,0,no_match_in_raw
https://coincu.com/missed-cat-in-a-dogs-world-this-latest-meme-coin-adventure-has-already-raised-over-800k/,posts,305029,https://coincu.com/c/cmc,https://coincu.com/cmc/,0,no_match_in_raw
https://coincu.com/top-new-meme-coins-to-invest-in-this-month-btfd-coin-bulls-squad-rises-with-100-bonus-while-shiba-inu-nears-death-cross-and-chillguy-faces-controversy/,posts,323264,https://coincu.com/c/casino-reviews/,https://coincu.com/casino-reviews/,0,no_match_in_raw
https://coincu.com/top-new-meme-coins-to-invest-in-this-month-btfd-coin-bulls-squad-rises-with-100-bonus-while-shiba-inu-nears-death-cross-and-chillguy-faces-controversy/,posts,323264,https://coincu.com/c/pr/press-release/,https://coincu.com/pr/press-release/,0,no_match_in_raw
https://coincu.com/top-new-meme-coins-to-invest-in-this-month-btfd-coin-bulls-squad-rises-with-100-bonus-while-shiba-inu-nears-death-cross-and-chillguy-faces-controversy/,posts,323264,https://coincu.com/c/cmc,https://coincu.com/cmc/,0,no_match_in_raw
https://coincu.com/top-meme-coins-to-join-for-2025-arctic-pablo-coin-pudgy-penguins-and-just-a-chill-guy/,posts,321951,https://coincu.com/c/casino-reviews/,https://coincu.com/casino-reviews/,0,no_match_in_raw
https://coincu.com/top-meme-coins-to-join-for-2025-arctic-pablo-coin-pudgy-penguins-and-just-a-chill-guy/,posts,321951,https://coincu.com/c/pr/press-release/,https://coincu.com/pr/press-release/,0,no_match_in_raw
https://coincu.com/top-meme-coins-to-join-for-2025-arctic-pablo-coin-pudgy-penguins-and-just-a-chill-guy/,posts,321951,https://coincu.com/c/cmc,https://coincu.com/cmc/,0,no_match_in_raw
https://coincu.com/top-new-meme-coins-to-join-for-long-term-traders-snatch-btfds-100-bonus-before-it-expires-amid-bonk-and-pudgy-penguins-turbulence/,posts,321329,https://coincu.com/c/casino-reviews/,https://coincu.com/casino-reviews/,0,no_match_in_raw
https://coincu.com/top-new-meme-coins-to-join-for-long-term-traders-snatch-btfds-100-bonus-before-it-expires-amid-bonk-and-pudgy-penguins-turbulence/,posts,321329,https://coincu.com/c/pr/press-release/,https://coincu.com/pr/press-release/,0,no_match_in_raw
https://coincu.com/top-new-meme-coins-to-join-for-long-term-traders-snatch-btfds-100-bonus-before-it-expires-amid-bonk-and-pudgy-penguins-turbulence/,posts,321329,https://coincu.com/c/cmc,https://coincu.com/cmc/,0,no_match_in_raw
https://coincu.com/best-new-meme-coins-to-join-this-month-btfd-is-now-held-by-over-10900-bulls-as-pudgy-penguins-drops-7-and-floki-rises-2/,posts,323211,https://coincu.com/c/casino-reviews/,https://coincu.com/casino-reviews/,0,no_match_in_raw
https://coincu.com/best-new-meme-coins-to-join-this-month-btfd-is-now-held-by-over-10900-bulls-as-pudgy-penguins-drops-7-and-floki-rises-2/,posts,323211,https://coincu.com/c/pr/press-release/,https://coincu.com/pr/press-release/,0,no_match_in_raw
https://coincu.com/best-new-meme-coins-to-join-this-month-btfd-is-now-held-by-over-10900-bulls-as-pudgy-penguins-drops-7-and-floki-rises-2/,posts,323211,https://coincu.com/c/cmc,https://coincu.com/cmc/,0,no_match_in_raw
https://coincu.com/best-new-meme-coins-to-join-this-month-are-btfd-coin-pudgy-penguins-and-floki-inu/,posts,323075,https://coincu.com/c/casino-reviews/,https://coincu.com/casino-reviews/,0,no_match_in_raw
https://coincu.com/best-new-meme-coins-to-join-this-month-are-btfd-coin-pudgy-penguins-and-floki-inu/,posts,323075,https://coincu.com/c/pr/press-release/,https://coincu.com/pr/press-release/,0,no_match_in_raw
https://coincu.com/best-new-meme-coins-to-join-this-month-are-btfd-coin-pudgy-penguins-and-floki-inu/,posts,323075,https://coincu.com/c/cmc,https://coincu.com/cmc/,0,no_match_in_raw
https://coincu.com/is-arctic-pablo-listed-among-top-new-meme-coins-to-invest-in-this-month-trump-coin-gains-momentum-and-brett-surges-forward/,posts,321245,https://coincu.com/c/casino-reviews/,https://coincu.com/casino-reviews/,0,no_match_in_raw
https://coincu.com/is-arctic-pablo-listed-among-top-new-meme-coins-to-invest-in-this-month-trump-coin-gains-momentum-and-brett-surges-forward/,posts,321245,https://coincu.com/c/pr/press-release/,https://coincu.com/pr/press-release/,0,no_match_in_raw
https://coincu.com/is-arctic-pablo-listed-among-top-new-meme-coins-to-invest-in-this-month-trump-coin-gains-momentum-and-brett-surges-forward/,posts,321245,https://coincu.com/c/cmc,https://coincu.com/cmc/,0,no_match_in_raw
https://coincu.com/missed-nears-rise-qubetics-could-be-your-key-to-unlock-the-top-crypto-asset/,posts,304025,https://coincu.com/c/casino-reviews/,https://coincu.com/casino-reviews/,0,no_match_in_raw
https://coincu.com/missed-nears-rise-qubetics-could-be-your-key-to-unlock-the-top-crypto-asset/,posts,304025,https://coincu.com/c/pr/press-release/,https://coincu.com/pr/press-release/,0,no_match_in_raw
https://coincu.com/missed-nears-rise-qubetics-could-be-your-key-to-unlock-the-top-crypto-asset/,posts,304025,https://coincu.com/c/cmc,https://coincu.com/cmc/,0,no_match_in_raw
https://coincu.com/you-watched-floki-inu-skyrocket-now-youre-about-to-miss-the-next-big-meme-coins-3650-roi-if-you-dont-act-fast/,posts,322202,https://coincu.com/c/casino-reviews/,https://coincu.com/casino-reviews/,0,no_match_in_raw
https://coincu.com/you-watched-floki-inu-skyrocket-now-youre-about-to-miss-the-next-big-meme-coins-3650-roi-if-you-dont-act-fast/,posts,322202,https://coincu.com/c/pr/press-release/,https://coincu.com/pr/press-release/,0,no_match_in_raw
https://coincu.com/you-watched-floki-inu-skyrocket-now-youre-about-to-miss-the-next-big-meme-coins-3650-roi-if-you-dont-act-fast/,posts,322202,https://coincu.com/c/cmc,https://coincu.com/cmc/,0,no_match_in_raw
https://coincu.com/did-you-miss-early-ico-days-of-stacks-qubetics-is-the-top-crypto-assets-for-high-rois/,posts,307204,https://coincu.com/c/casino-reviews/,https://coincu.com/casino-reviews/,0,no_match_in_raw
https://coincu.com/did-you-miss-early-ico-days-of-stacks-qubetics-is-the-top-crypto-assets-for-high-rois/,posts,307204,https://coincu.com/c/pr/press-release/,https://coincu.com/pr/press-release/,0,no_match_in_raw
https://coincu.com/did-you-miss-early-ico-days-of-stacks-qubetics-is-the-top-crypto-assets-for-high-rois/,posts,307204,https://coincu.com/c/cmc,https://coincu.com/cmc/,0,no_match_in_raw
https://coincu.com/top-altcoins-to-invest-in-for-long-term-qubetics-solana-and-hedera-which-one-reigns-supreme/,posts,323809,https://coincu.com/c/casino-reviews/,https://coincu.com/casino-reviews/,0,no_match_in_raw
https://coincu.com/top-altcoins-to-invest-in-for-long-term-qubetics-solana-and-hedera-which-one-reigns-supreme/,posts,323809,https://coincu.com/c/pr/press-release/,https://coincu.com/pr/press-release/,0,no_match_in_raw
https://coincu.com/top-altcoins-to-invest-in-for-long-term-qubetics-solana-and-hedera-which-one-reigns-supreme/,posts,323809,https://coincu.com/c/cmc,https://coincu.com/cmc/,0,no_match_in_raw
https://coincu.com/top-meme-coins-to-buy-for-2025-arctic-pablo-fartcoin-and-snek-the-ultimate-guide/,posts,304318,https://coincu.com/c/casino-reviews/,https://coincu.com/casino-reviews/,0,no_match_in_raw
https://coincu.com/top-meme-coins-to-buy-for-2025-arctic-pablo-fartcoin-and-snek-the-ultimate-guide/,posts,304318,https://coincu.com/c/pr/press-release/,https://coincu.com/pr/press-release/,0,no_match_in_raw
https://coincu.com/top-meme-coins-to-buy-for-2025-arctic-pablo-fartcoin-and-snek-the-ultimate-guide/,posts,304318,https://coincu.com/c/cmc,https://coincu.com/cmc/,0,no_match_in_raw
https://coincu.com/best-meme-coins-to-invest-in-february-2025-explore-pop-cat-and-goatseus/,posts,311402,https://coincu.com/c/casino-reviews/,https://coincu.com/casino-reviews/,0,no_match_in_raw
https://coincu.com/best-meme-coins-to-invest-in-february-2025-explore-pop-cat-and-goatseus/,posts,311402,https://coincu.com/c/pr/press-release/,https://coincu.com/pr/press-release/,0,no_match_in_raw
https://coincu.com/best-meme-coins-to-invest-in-february-2025-explore-pop-cat-and-goatseus/,posts,311402,https://coincu.com/c/cmc,https://coincu.com/cmc/,0,no_match_in_raw
https://coincu.com/notcoin-donation-worth-of-6-8m-telegrams-founder/,posts,259690,https://coincu.com/c/casino-reviews/,https://coincu.com/casino-reviews/,0,no_match_in_raw
https://coincu.com/notcoin-donation-worth-of-6-8m-telegrams-founder/,posts,259690,https://coincu.com/c/pr/press-release/,https://coincu.com/pr/press-release/,0,no_match_in_raw
https://coincu.com/notcoin-donation-worth-of-6-8m-telegrams-founder/,posts,259690,https://coincu.com/c/news,https://coincu.com/news/,0,no_match_in_raw
https://coincu.com/explore-the-best-new-meme-coins-to-join-now-btfd-coin-apu-apustaja-simons-cat/,posts,302759,https://coincu.com/c/casino-reviews/,https://coincu.com/casino-reviews/,0,no_match_in_raw
https://coincu.com/explore-the-best-new-meme-coins-to-join-now-btfd-coin-apu-apustaja-simons-cat/,posts,302759,https://coincu.com/c/pr/press-release/,https://coincu.com/pr/press-release/,0,no_match_in_raw
https://coincu.com/explore-the-best-new-meme-coins-to-join-now-btfd-coin-apu-apustaja-simons-cat/,posts,302759,https://coincu.com/c/cmc,https://coincu.com/cmc/,0,no_match_in_raw
https://coincu.com/skipped-out-on-simons-cats-10x-run-this-top-new-meme-coin-with-1000x-potential-is-your-next-shot-at-riches-in-2025/,posts,302376,https://coincu.com/c/casino-reviews/,https://coincu.com/casino-reviews/,0,no_match_in_raw
https://coincu.com/skipped-out-on-simons-cats-10x-run-this-top-new-meme-coin-with-1000x-potential-is-your-next-shot-at-riches-in-2025/,posts,302376,https://coincu.com/c/pr/press-release/,https://coincu.com/pr/press-release/,0,no_match_in_raw
https://coincu.com/skipped-out-on-simons-cats-10x-run-this-top-new-meme-coin-with-1000x-potential-is-your-next-shot-at-riches-in-2025/,posts,302376,https://coincu.com/c/cmc,https://coincu.com/cmc/,0,no_match_in_raw
https://coincu.com/best-new-meme-coins-to-join-long-term-returns/,posts,301538,https://coincu.com/c/casino-reviews/,https://coincu.com/casino-reviews/,0,no_match_in_raw
https://coincu.com/best-new-meme-coins-to-join-long-term-returns/,posts,301538,https://coincu.com/c/pr/press-release/,https://coincu.com/pr/press-release/,0,no_match_in_raw
https://coincu.com/best-new-meme-coins-to-join-long-term-returns/,posts,301538,https://coincu.com/c/cmc,https://coincu.com/cmc/,0,no_match_in_raw
https://coincu.com/discover-the-top-new-meme-coins-to-invest-in-for-long-term-btfd-coin-mog-coin-and-apu-apustaja/,posts,300777,https://coincu.com/c/casino-reviews/,https://coincu.com/casino-reviews/,0,no_match_in_raw
https://coincu.com/discover-the-top-new-meme-coins-to-invest-in-for-long-term-btfd-coin-mog-coin-and-apu-apustaja/,posts,300777,https://coincu.com/c/pr/press-release/,https://coincu.com/pr/press-release/,0,no_match_in_raw
https://coincu.com/discover-the-top-new-meme-coins-to-invest-in-for-long-term-btfd-coin-mog-coin-and-apu-apustaja/,posts,300777,https://coincu.com/c/cmc,https://coincu.com/cmc/,0,no_match_in_raw
https://coincu.com/best-new-meme-coins-to-join-for-the-long-term-btfds-bulls-squad-rallies-over-8400-investors-as-mog-and-neiro-show-bullish-signs/,posts,302535,https://coincu.com/c/casino-reviews/,https://coincu.com/casino-reviews/,0,no_match_in_raw
https://coincu.com/best-new-meme-coins-to-join-for-the-long-term-btfds-bulls-squad-rallies-over-8400-investors-as-mog-and-neiro-show-bullish-signs/,posts,302535,https://coincu.com/c/pr/press-release/,https://coincu.com/pr/press-release/,0,no_match_in_raw
https://coincu.com/best-new-meme-coins-to-join-for-the-long-term-btfds-bulls-squad-rallies-over-8400-investors-as-mog-and-neiro-show-bullish-signs/,posts,302535,https://coincu.com/c/cmc,https://coincu.com/cmc/,0,no_match_in_raw
https://coincu.com/best-new-meme-coins-to-join-for-long-term-gains-btfd-bulls-squad-eyes-huge-gains-while-mog-and-neiro-shine/,posts,302876,https://coincu.com/c/casino-reviews/,https://coincu.com/casino-reviews/,0,no_match_in_raw
https://coincu.com/best-new-meme-coins-to-join-for-long-term-gains-btfd-bulls-squad-eyes-huge-gains-while-mog-and-neiro-shine/,posts,302876,https://coincu.com/c/pr/press-release/,https://coincu.com/pr/press-release/,0,no_match_in_raw
https://coincu.com/best-new-meme-coins-to-join-for-long-term-gains-btfd-bulls-squad-eyes-huge-gains-while-mog-and-neiro-shine/,posts,302876,https://coincu.com/c/cmc,https://coincu.com/cmc/,0,no_match_in_raw
https://coincu.com/discover-the-best-new-meme-coins-btfd-coin-cat-in-a-dogs-world-and-mog-coin/,posts,303511,https://coincu.com/c/casino-reviews/,https://coincu.com/casino-reviews/,0,no_match_in_raw
https://coincu.com/discover-the-best-new-meme-coins-btfd-coin-cat-in-a-dogs-world-and-mog-coin/,posts,303511,https://coincu.com/c/pr/press-release/,https://coincu.com/pr/press-release/,0,no_match_in_raw
https://coincu.com/discover-the-best-new-meme-coins-btfd-coin-cat-in-a-dogs-world-and-mog-coin/,posts,303511,https://coincu.com/c/cmc,https://coincu.com/cmc/,0,no_match_in_raw
https://coincu.com/best-new-meme-coins-to-join-for-the-long-term-the-bulls-squad-rallies-9300-bulls-as-mog-dips-by-3-and-neiro-loses-5-in-a-day/,posts,303900,https://coincu.com/c/casino-reviews/,https://coincu.com/casino-reviews/,0,no_match_in_raw
https://coincu.com/best-new-meme-coins-to-join-for-the-long-term-the-bulls-squad-rallies-9300-bulls-as-mog-dips-by-3-and-neiro-loses-5-in-a-day/,posts,303900,https://coincu.com/c/pr/press-release/,https://coincu.com/pr/press-release/,0,no_match_in_raw
https://coincu.com/best-new-meme-coins-to-join-for-the-long-term-the-bulls-squad-rallies-9300-bulls-as-mog-dips-by-3-and-neiro-loses-5-in-a-day/,posts,303900,https://coincu.com/c/cmc,https://coincu.com/cmc/,0,no_match_in_raw
https://coincu.com/best-meme-coin-to-buy-this-week-arctic-pablo-mog-coin-floki-inu/,posts,302343,https://coincu.com/c/casino-reviews/,https://coincu.com/casino-reviews/,0,no_match_in_raw
https://coincu.com/best-meme-coin-to-buy-this-week-arctic-pablo-mog-coin-floki-inu/,posts,302343,https://coincu.com/c/pr/press-release/,https://coincu.com/pr/press-release/,0,no_match_in_raw
https://coincu.com/best-meme-coin-to-buy-this-week-arctic-pablo-mog-coin-floki-inu/,posts,302343,https://coincu.com/c/cmc,https://coincu.com/cmc/,0,no_match_in_raw
https://coincu.com/backpack-exchange-ftx-europe-acquisition-in-2025/,posts,300497,https://coincu.com/c/casino-reviews/,https://coincu.com/casino-reviews/,0,no_match_in_raw
https://coincu.com/backpack-exchange-ftx-europe-acquisition-in-2025/,posts,300497,https://coincu.com/c/pr/press-release/,https://coincu.com/pr/press-release/,0,no_match_in_raw
https://coincu.com/backpack-exchange-ftx-europe-acquisition-in-2025/,posts,300497,https://coincu.com/c/news,https://coincu.com/news/,0,no_match_in_raw
https://coincu.com/solana-founders-reassured-investors/,posts,141211,https://coincu.com/c/casino-reviews/,https://coincu.com/casino-reviews/,0,no_match_in_raw
https://coincu.com/solana-founders-reassured-investors/,posts,141211,https://coincu.com/c/pr/press-release/,https://coincu.com/pr/press-release/,0,no_match_in_raw
https://coincu.com/solana-founders-reassured-investors/,posts,141211,https://coincu.com/c/news,https://coincu.com/news/,0,no_match_in_raw
https://coincu.com/defiance-capital-breaks-off-relations-3ac/,posts,109141,https://coincu.com/c/casino-reviews/,https://coincu.com/casino-reviews/,0,no_match_in_raw
https://coincu.com/defiance-capital-breaks-off-relations-3ac/,posts,109141,https://coincu.com/c/pr/press-release/,https://coincu.com/pr/press-release/,0,no_match_in_raw
https://coincu.com/defiance-capital-breaks-off-relations-3ac/,posts,109141,https://coincu.com/c/news,https://coincu.com/news/,0,no_match_in_raw
https://coincu.com/dydx-trump-perp-prediction-market-launched/,posts,287180,https://coincu.com/c/casino-reviews/,https://coincu.com/casino-reviews/,0,no_match_in_raw
https://coincu.com/dydx-trump-perp-prediction-market-launched/,posts,287180,https://coincu.com/c/pr/press-release/,https://coincu.com/pr/press-release/,0,no_match_in_raw
https://coincu.com/dydx-trump-perp-prediction-market-launched/,posts,287180,https://coincu.com/c/news,https://coincu.com/news/,0,no_match_in_raw
https://coincu.com/defiance-capital-raises-100-million-invest/,posts,129612,https://coincu.com/c/casino-reviews/,https://coincu.com/casino-reviews/,0,no_match_in_raw
https://coincu.com/defiance-capital-raises-100-million-invest/,posts,129612,https://coincu.com/c/pr/press-release/,https://coincu.com/pr/press-release/,0,no_match_in_raw
https://coincu.com/defiance-capital-raises-100-million-invest/,posts,129612,https://coincu.com/c/news,https://coincu.com/news/,0,no_match_in_raw
https://coincu.com/stripe-extends-fiat-to-crypto-payments/,posts,148259,https://coincu.com/c/casino-reviews/,https://coincu.com/casino-reviews/,0,no_match_in_raw
https://coincu.com/stripe-extends-fiat-to-crypto-payments/,posts,148259,https://coincu.com/c/pr/press-release/,https://coincu.com/pr/press-release/,0,no_match_in_raw
https://coincu.com/stripe-extends-fiat-to-crypto-payments/,posts,148259,https://coincu.com/c/uncategorized,https://coincu.com/uncategorized/,0,no_match_in_raw
https://coincu.com/base-projects-on-solana-top-5-projects/,posts,157381,https://coincu.com/c/casino-reviews/,https://coincu.com/casino-reviews/,0,no_match_in_raw
https://coincu.com/base-projects-on-solana-top-5-projects/,posts,157381,https://coincu.com/c/pr/press-release/,https://coincu.com/pr/press-release/,0,no_match_in_raw
https://coincu.com/base-projects-on-solana-top-5-projects/,posts,157381,https://coincu.com/c/knowledge,https://coincu.com/knowledge/,0,no_match_in_raw
https://coincu.com/btc-support-level-challenges-in-q4-at-25k-again/,posts,221261,https://coincu.com/c/casino-reviews/,https://coincu.com/casino-reviews/,0,no_match_in_raw
https://coincu.com/btc-support-level-challenges-in-q4-at-25k-again/,posts,221261,https://coincu.com/c/pr/press-release/,https://coincu.com/pr/press-release/,0,no_match_in_raw
https://coincu.com/btc-support-level-challenges-in-q4-at-25k-again/,posts,221261,https://coincu.com/c/bitcoin,https://coincu.com/bitcoin/,0,no_match_in_raw
https://coincu.com/robinhood-web3-wallet-support-bitcoin-dogecoin/,posts,214748,https://coincu.com/c/casino-reviews/,https://coincu.com/casino-reviews/,0,no_match_in_raw
https://coincu.com/robinhood-web3-wallet-support-bitcoin-dogecoin/,posts,214748,https://coincu.com/c/pr/press-release/,https://coincu.com/pr/press-release/,0,no_match_in_raw
https://coincu.com/robinhood-web3-wallet-support-bitcoin-dogecoin/,posts,214748,https://coincu.com/c/news,https://coincu.com/news/,0,no_match_in_raw
https://coincu.com/could-bitcoin-value-reach-1m-in-2034/,posts,198611,https://coincu.com/c/casino-reviews/,https://coincu.com/casino-reviews/,0,no_match_in_raw
https://coincu.com/could-bitcoin-value-reach-1m-in-2034/,posts,198611,https://coincu.com/c/pr/press-release/,https://coincu.com/pr/press-release/,0,no_match_in_raw
https://coincu.com/could-bitcoin-value-reach-1m-in-2034/,posts,198611,https://coincu.com/c/analysis,https://coincu.com/analysis/,0,no_match_in_raw
https://coincu.com/crypto-market-recap-2023-pt1-narratives-news/,posts,241702,https://coincu.com/c/casino-reviews/,https://coincu.com/casino-reviews/,0,no_match_in_raw
https://coincu.com/crypto-market-recap-2023-pt1-narratives-news/,posts,241702,https://coincu.com/c/pr/press-release/,https://coincu.com/pr/press-release/,0,no_match_in_raw
https://coincu.com/crypto-market-recap-2023-pt1-narratives-news/,posts,241702,https://coincu.com/c/analysis,https://coincu.com/analysis/,0,no_match_in_raw
https://coincu.com/how-to-stake-shiba-inu/,posts,235626,https://coincu.com/c/casino-reviews/,https://coincu.com/casino-reviews/,0,no_match_in_raw
https://coincu.com/how-to-stake-shiba-inu/,posts,235626,https://coincu.com/c/pr/press-release/,https://coincu.com/pr/press-release/,0,no_match_in_raw
https://coincu.com/how-to-stake-shiba-inu/,posts,235626,https://coincu.com/c/knowledge,https://coincu.com/knowledge/,0,no_match_in_raw
https://coincu.com/solana-increases-strongly/,posts,217575,https://coincu.com/c/casino-reviews/,https://coincu.com/casino-reviews/,0,no_match_in_raw
https://coincu.com/solana-increases-strongly/,posts,217575,https://coincu.com/c/pr/press-release/,https://coincu.com/pr/press-release/,0,no_match_in_raw
https://coincu.com/solana-increases-strongly/,posts,217575,https://coincu.com/c/analysis,https://coincu.com/analysis/,0,no_match_in_raw
https://coincu.com/best-crypto-to-buy-now-dexboss-is-redefining-defi-and-you-can-still-get-in-early/,posts,336516,https://coincu.com/c/casino-reviews/,https://coincu.com/casino-reviews/,0,no_match_in_raw
https://coincu.com/best-crypto-to-buy-now-dexboss-is-redefining-defi-and-you-can-still-get-in-early/,posts,336516,https://coincu.com/c/pr/press-release/,https://coincu.com/pr/press-release/,0,no_match_in_raw
https://coincu.com/best-crypto-to-buy-now-dexboss-is-redefining-defi-and-you-can-still-get-in-early/,posts,336516,https://coincu.com/c/trading,https://coincu.com/trading/,0,no_match_in_raw
https://coincu.com/best-crypto-to-buy-now-the-future-of-blockchain-gaming-what-makes-aurealone-and-dlume-stand-out/,posts,337861,https://coincu.com/c/casino-reviews/,https://coincu.com/casino-reviews/,0,no_match_in_raw
https://coincu.com/best-crypto-to-buy-now-the-future-of-blockchain-gaming-what-makes-aurealone-and-dlume-stand-out/,posts,337861,https://coincu.com/c/pr/press-release/,https://coincu.com/pr/press-release/,0,no_match_in_raw
https://coincu.com/best-crypto-to-buy-now-the-future-of-blockchain-gaming-what-makes-aurealone-and-dlume-stand-out/,posts,337861,https://coincu.com/c/trading,https://coincu.com/trading/,0,no_match_in_raw
https://coincu.com/best-crypto-to-buy-now-from-gamers-to-millionaires-why-aurealones-presale-is-a-smart-bet/,posts,337708,https://coincu.com/c/casino-reviews/,https://coincu.com/casino-reviews/,0,no_match_in_raw
https://coincu.com/best-crypto-to-buy-now-from-gamers-to-millionaires-why-aurealones-presale-is-a-smart-bet/,posts,337708,https://coincu.com/c/pr/press-release/,https://coincu.com/pr/press-release/,0,no_match_in_raw
https://coincu.com/best-crypto-to-buy-now-from-gamers-to-millionaires-why-aurealones-presale-is-a-smart-bet/,posts,337708,https://coincu.com/c/trading,https://coincu.com/trading/,0,no_match_in_raw
https://coincu.com/best-crypto-to-buy-now-the-smart-investors-guide-dexboss-and-the-4-other-cryptos-to-watch-in-2025/,posts,336297,https://coincu.com/c/casino-reviews/,https://coincu.com/casino-reviews/,0,no_match_in_raw
https://coincu.com/best-crypto-to-buy-now-the-smart-investors-guide-dexboss-and-the-4-other-cryptos-to-watch-in-2025/,posts,336297,https://coincu.com/c/pr/press-release/,https://coincu.com/pr/press-release/,0,no_match_in_raw
https://coincu.com/best-crypto-to-buy-now-the-smart-investors-guide-dexboss-and-the-4-other-cryptos-to-watch-in-2025/,posts,336297,https://coincu.com/c/trading,https://coincu.com/trading/,0,no_match_in_raw
https://coincu.com/best-crypto-to-buy-now-investing-in-dexboss-what-you-should-know-about-debos-long-term-potential/,posts,336086,https://coincu.com/c/casino-reviews/,https://coincu.com/casino-reviews/,0,no_match_in_raw
https://coincu.com/best-crypto-to-buy-now-investing-in-dexboss-what-you-should-know-about-debos-long-term-potential/,posts,336086,https://coincu.com/c/pr/press-release/,https://coincu.com/pr/press-release/,0,no_match_in_raw
https://coincu.com/best-crypto-to-buy-now-investing-in-dexboss-what-you-should-know-about-debos-long-term-potential/,posts,336086,https://coincu.com/c/trading,https://coincu.com/trading/,0,no_match_in_raw
https://coincu.com/bingx-exchange-hack-causes-20-million-loss/,posts,283468,https://coincu.com/c/casino-reviews/,https://coincu.com/casino-reviews/,0,no_match_in_raw
https://coincu.com/bingx-exchange-hack-causes-20-million-loss/,posts,283468,https://coincu.com/c/pr/press-release/,https://coincu.com/pr/press-release/,0,no_match_in_raw
https://coincu.com/bingx-exchange-hack-causes-20-million-loss/,posts,283468,https://coincu.com/c/news,https://coincu.com/news/,0,no_match_in_raw
https://coincu.com/how-to-buy-solana-meme-coins-in-2025/,posts,302158,https://coincu.com/c/casino-reviews/,https://coincu.com/casino-reviews/,0,no_match_in_raw
https://coincu.com/how-to-buy-solana-meme-coins-in-2025/,posts,302158,https://coincu.com/c/pr/press-release/,https://coincu.com/pr/press-release/,0,no_match_in_raw
https://coincu.com/how-to-buy-solana-meme-coins-in-2025/,posts,302158,https://coincu.com/c/knowledge,https://coincu.com/knowledge/,0,no_match_in_raw
https://coincu.com/jupiter-and-ethena-partner-to-launch/,posts,367484,https://coincu.com/c/casino-reviews/,https://coincu.com/casino-reviews/,0,no_match_in_raw
https://coincu.com/jupiter-and-ethena-partner-to-launch/,posts,367484,https://coincu.com/c/pr/press-release/,https://coincu.com/pr/press-release/,0,no_match_in_raw
https://coincu.com/jupiter-and-ethena-partner-to-launch/,posts,367484,https://coincu.com/c/news,https://coincu.com/news/,0,no_match_in_raw
https://coincu.com/solana-security-phantom-users-beware/,posts,114240,https://coincu.com/c/casino-reviews/,https://coincu.com/casino-reviews/,0,no_match_in_raw
https://coincu.com/solana-security-phantom-users-beware/,posts,114240,https://coincu.com/c/pr/press-release/,https://coincu.com/pr/press-release/,0,no_match_in_raw
https://coincu.com/solana-security-phantom-users-beware/,posts,114240,https://coincu.com/c/blockchain,https://coincu.com/blockchain/,0,no_match_in_raw
https://coincu.com/new-cto-andre-cronje-will-lead-sonic-labs/,posts,272152,https://coincu.com/c/casino-reviews/,https://coincu.com/casino-reviews/,0,no_match_in_raw
https://coincu.com/new-cto-andre-cronje-will-lead-sonic-labs/,posts,272152,https://coincu.com/c/pr/press-release/,https://coincu.com/pr/press-release/,0,no_match_in_raw
https://coincu.com/new-cto-andre-cronje-will-lead-sonic-labs/,posts,272152,https://coincu.com/c/news,https://coincu.com/news/,0,no_match_in_raw
https://coincu.com/qubetics-targets-39728-roi-with-ai-integration-fantoms-volatility-and-heliums-post-solana-growth/,posts,298516,https://coincu.com/c/casino-reviews/,https://coincu.com/casino-reviews/,0,no_match_in_raw
https://coincu.com/qubetics-targets-39728-roi-with-ai-integration-fantoms-volatility-and-heliums-post-solana-growth/,posts,298516,https://coincu.com/c/pr/press-release/,https://coincu.com/pr/press-release/,0,no_match_in_raw
https://coincu.com/qubetics-targets-39728-roi-with-ai-integration-fantoms-volatility-and-heliums-post-solana-growth/,posts,298516,https://coincu.com/c/cmc,https://coincu.com/cmc/,0,no_match_in_raw
https://coincu.com/ethereum-etf-excitement-causes-fantom-to-falter/,posts,269986,https://coincu.com/c/casino-reviews/,https://coincu.com/casino-reviews/,0,no_match_in_raw
https://coincu.com/ethereum-etf-excitement-causes-fantom-to-falter/,posts,269986,https://coincu.com/c/pr/press-release/,https://coincu.com/pr/press-release/,0,no_match_in_raw
https://coincu.com/ethereum-etf-excitement-causes-fantom-to-falter/,posts,269986,https://coincu.com/c/pr,https://coincu.com/pr/,0,no_match_in_raw
https://coincu.com/massive-surprises-await-fantom-shib-holders-chart-analysis-predicts-dtx-exchanges-1000x-surge/,posts,288472,https://coincu.com/c/casino-reviews/,https://coincu.com/casino-reviews/,0,no_match_in_raw
https://coincu.com/massive-surprises-await-fantom-shib-holders-chart-analysis-predicts-dtx-exchanges-1000x-surge/,posts,288472,https://coincu.com/c/press-release,https://coincu.com/press-release/,0,no_match_in_raw
https://coincu.com/massive-surprises-await-fantom-shib-holders-chart-analysis-predicts-dtx-exchanges-1000x-surge/,posts,288472,https://coincu.com/c/pr/press-release/,https://coincu.com/pr/press-release/,0,no_match_in_raw
https://coincu.com/qubetics-surges-with-7-9m-raised-fantom-rebrands-for-growth-and-thetas-market-shift-top-cryptos-for-exponential-returns/,posts,299237,https://coincu.com/c/casino-reviews/,https://coincu.com/casino-reviews/,0,no_match_in_raw
https://coincu.com/qubetics-surges-with-7-9m-raised-fantom-rebrands-for-growth-and-thetas-market-shift-top-cryptos-for-exponential-returns/,posts,299237,https://coincu.com/c/pr/press-release/,https://coincu.com/pr/press-release/,0,no_match_in_raw
https://coincu.com/qubetics-surges-with-7-9m-raised-fantom-rebrands-for-growth-and-thetas-market-shift-top-cryptos-for-exponential-returns/,posts,299237,https://coincu.com/c/cmc,https://coincu.com/cmc/,0,no_match_in_raw
https://coincu.com/sonic-review-next-generation-evm-layer-1/,posts,298441,https://coincu.com/c/casino-reviews/,https://coincu.com/casino-reviews/,0,no_match_in_raw
https://coincu.com/sonic-review-next-generation-evm-layer-1/,posts,298441,https://coincu.com/c/pr/press-release/,https://coincu.com/pr/press-release/,0,no_match_in_raw
https://coincu.com/sonic-review-next-generation-evm-layer-1/,posts,298441,https://coincu.com/c/other-reviews,https://coincu.com/other-reviews/,0,no_match_in_raw
https://coincu.com/fantom-and-toncoins-bold-game-changing-crypto/,posts,279854,https://coincu.com/c/casino-reviews/,https://coincu.com/casino-reviews/,0,no_match_in_raw
https://coincu.com/fantom-and-toncoins-bold-game-changing-crypto/,posts,279854,https://coincu.com/c/press-release,https://coincu.com/press-release/,0,no_match_in_raw
https://coincu.com/fantom-and-toncoins-bold-game-changing-crypto/,posts,279854,https://coincu.com/c/pr/press-release/,https://coincu.com/pr/press-release/,0,no_match_in_raw
https://coincu.com/top-6-best-cryptos-to-stack-right-now-before-the-altcoin-supercycle-begins/,posts,291263,https://coincu.com/c/casino-reviews/,https://coincu.com/casino-reviews/,0,no_match_in_raw
https://coincu.com/top-6-best-cryptos-to-stack-right-now-before-the-altcoin-supercycle-begins/,posts,291263,https://coincu.com/c/press-release,https://coincu.com/press-release/,0,no_match_in_raw
https://coincu.com/top-6-best-cryptos-to-stack-right-now-before-the-altcoin-supercycle-begins/,posts,291263,https://coincu.com/c/pr/press-release/,https://coincu.com/pr/press-release/,0,no_match_in_raw
https://coincu.com/solana-attacked-due-to-slope-private-key/,posts,114492,https://coincu.com/c/casino-reviews/,https://coincu.com/casino-reviews/,0,no_match_in_raw
https://coincu.com/solana-attacked-due-to-slope-private-key/,posts,114492,https://coincu.com/c/pr/press-release/,https://coincu.com/pr/press-release/,0,no_match_in_raw
https://coincu.com/solana-attacked-due-to-slope-private-key/,posts,114492,https://coincu.com/c/news,https://coincu.com/news/,0,no_match_in_raw
https://coincu.com/near-wallet-problems-similar-solanas/,posts,114816,https://coincu.com/c/casino-reviews/,https://coincu.com/casino-reviews/,0,no_match_in_raw
https://coincu.com/near-wallet-problems-similar-solanas/,posts,114816,https://coincu.com/c/pr/press-release/,https://coincu.com/pr/press-release/,0,no_match_in_raw
https://coincu.com/near-wallet-problems-similar-solanas/,posts,114816,https://coincu.com/c/uncategorized,https://coincu.com/uncategorized/,0,no_match_in_raw
https://coincu.com/slope-wallet-pay-10-bonus-hacker-return/,posts,115009,https://coincu.com/c/casino-reviews/,https://coincu.com/casino-reviews/,0,no_match_in_raw
https://coincu.com/slope-wallet-pay-10-bonus-hacker-return/,posts,115009,https://coincu.com/c/pr/press-release/,https://coincu.com/pr/press-release/,0,no_match_in_raw
https://coincu.com/slope-wallet-pay-10-bonus-hacker-return/,posts,115009,https://coincu.com/c/news,https://coincu.com/news/,0,no_match_in_raw
https://coincu.com/solana-hack-mobile-wallet-exploit-by-slope/,posts,114497,https://coincu.com/c/casino-reviews/,https://coincu.com/casino-reviews/,0,no_match_in_raw
https://coincu.com/solana-hack-mobile-wallet-exploit-by-slope/,posts,114497,https://coincu.com/c/pr/press-release/,https://coincu.com/pr/press-release/,0,no_match_in_raw
https://coincu.com/solana-hack-mobile-wallet-exploit-by-slope/,posts,114497,https://coincu.com/c/uncategorized,https://coincu.com/uncategorized/,0,no_match_in_raw
https://coincu.com/slope-wallet-denies-link-to-solanas-hack/,posts,116883,https://coincu.com/c/casino-reviews/,https://coincu.com/casino-reviews/,0,no_match_in_raw
https://coincu.com/slope-wallet-denies-link-to-solanas-hack/,posts,116883,https://coincu.com/c/pr/press-release/,https://coincu.com/pr/press-release/,0,no_match_in_raw
https://coincu.com/slope-wallet-denies-link-to-solanas-hack/,posts,116883,https://coincu.com/c/defi,https://coincu.com/defi/,0,no_match_in_raw
https://coincu.com/solana-labs-on-chain-network-disruption/,posts,170420,https://coincu.com/c/casino-reviews/,https://coincu.com/casino-reviews/,0,no_match_in_raw
https://coincu.com/solana-labs-on-chain-network-disruption/,posts,170420,https://coincu.com/c/pr/press-release/,https://coincu.com/pr/press-release/,0,no_match_in_raw
https://coincu.com/solana-labs-on-chain-network-disruption/,posts,170420,https://coincu.com/c/news,https://coincu.com/news/,0,no_match_in_raw
https://coincu.com/solana-mainnet-downtime-unclear-cause-spark/,posts,170236,https://coincu.com/c/casino-reviews/,https://coincu.com/casino-reviews/,0,no_match_in_raw
https://coincu.com/solana-mainnet-downtime-unclear-cause-spark/,posts,170236,https://coincu.com/c/pr/press-release/,https://coincu.com/pr/press-release/,0,no_match_in_raw
https://coincu.com/solana-mainnet-downtime-unclear-cause-spark/,posts,170236,https://coincu.com/c/news,https://coincu.com/news/,0,no_match_in_raw
https://coincu.com/iota-shimmer-network/,posts,128861,https://coincu.com/c/casino-reviews/,https://coincu.com/casino-reviews/,0,no_match_in_raw
https://coincu.com/iota-shimmer-network/,posts,128861,https://coincu.com/c/pr/press-release/,https://coincu.com/pr/press-release/,0,no_match_in_raw
https://coincu.com/iota-shimmer-network/,posts,128861,https://coincu.com/c/blockchain,https://coincu.com/blockchain/,0,no_match_in_raw
https://coincu.com/tornado-cash-sanctions-now-dismissed/,posts,303591,https://coincu.com/c/casino-reviews/,https://coincu.com/casino-reviews/,0,no_match_in_raw
https://coincu.com/tornado-cash-sanctions-now-dismissed/,posts,303591,https://coincu.com/c/pr/press-release/,https://coincu.com/pr/press-release/,0,no_match_in_raw
https://coincu.com/tornado-cash-sanctions-now-dismissed/,posts,303591,https://coincu.com/c/news,https://coincu.com/news/,0,no_match_in_raw
https://coincu.com/bankman-fried-crypto-wallets-targeted/,posts,157068,https://coincu.com/c/casino-reviews/,https://coincu.com/casino-reviews/,0,no_match_in_raw
https://coincu.com/bankman-fried-crypto-wallets-targeted/,posts,157068,https://coincu.com/c/pr/press-release/,https://coincu.com/pr/press-release/,0,no_match_in_raw
https://coincu.com/bankman-fried-crypto-wallets-targeted/,posts,157068,https://coincu.com/c/news,https://coincu.com/news/,0,no_match_in_raw
https://coincu.com/sec-also-investigating-mango-exploiter/,posts,159258,https://coincu.com/c/casino-reviews/,https://coincu.com/casino-reviews/,0,no_match_in_raw
https://coincu.com/sec-also-investigating-mango-exploiter/,posts,159258,https://coincu.com/c/pr/press-release/,https://coincu.com/pr/press-release/,0,no_match_in_raw
https://coincu.com/sec-also-investigating-mango-exploiter/,posts,159258,https://coincu.com/c/news,https://coincu.com/news/,0,no_match_in_raw
https://coincu.com/north-korean-hackers-crypto-thefts-in-2024/,posts,297883,https://coincu.com/c/casino-reviews/,https://coincu.com/casino-reviews/,0,no_match_in_raw
https://coincu.com/north-korean-hackers-crypto-thefts-in-2024/,posts,297883,https://coincu.com/c/pr/press-release/,https://coincu.com/pr/press-release/,0,no_match_in_raw
https://coincu.com/north-korean-hackers-crypto-thefts-in-2024/,posts,297883,https://coincu.com/c/news,https://coincu.com/news/,0,no_match_in_raw
https://coincu.com/north-korean-crypto-hackers-etf-companies/,posts,281009,https://coincu.com/c/casino-reviews/,https://coincu.com/casino-reviews/,0,no_match_in_raw
https://coincu.com/north-korean-crypto-hackers-etf-companies/,posts,281009,https://coincu.com/c/pr/press-release/,https://coincu.com/pr/press-release/,0,no_match_in_raw
https://coincu.com/north-korean-crypto-hackers-etf-companies/,posts,281009,https://coincu.com/c/news,https://coincu.com/news/,0,no_match_in_raw
https://coincu.com/north-korea-surpasses-el-salvador-bhutan-in-btc/,posts,326806,https://coincu.com/c/casino-reviews/,https://coincu.com/casino-reviews/,0,no_match_in_raw
https://coincu.com/north-korea-surpasses-el-salvador-bhutan-in-btc/,posts,326806,https://coincu.com/c/pr/press-release/,https://coincu.com/pr/press-release/,0,no_match_in_raw
https://coincu.com/north-korea-surpasses-el-salvador-bhutan-in-btc/,posts,326806,https://coincu.com/c/news,https://coincu.com/news/,0,no_match_in_raw
https://coincu.com/north-korean-lazarus-group-targets-crypto-scams/,posts,257068,https://coincu.com/c/casino-reviews/,https://coincu.com/casino-reviews/,0,no_match_in_raw
https://coincu.com/north-korean-lazarus-group-targets-crypto-scams/,posts,257068,https://coincu.com/c/pr/press-release/,https://coincu.com/pr/press-release/,0,no_match_in_raw
https://coincu.com/north-korean-lazarus-group-targets-crypto-scams/,posts,257068,https://coincu.com/c/news,https://coincu.com/news/,0,no_match_in_raw
https://coincu.com/north-korean-hacker-stole-660m/,posts,302219,https://coincu.com/c/casino-reviews/,https://coincu.com/casino-reviews/,0,no_match_in_raw
https://coincu.com/north-korean-hacker-stole-660m/,posts,302219,https://coincu.com/c/pr/press-release/,https://coincu.com/pr/press-release/,0,no_match_in_raw
https://coincu.com/north-korean-hacker-stole-660m/,posts,302219,https://coincu.com/c/news,https://coincu.com/news/,0,no_match_in_raw
https://coincu.com/lazarus-group-hackers-freeze-illicit-fund/,posts,282739,https://coincu.com/c/casino-reviews/,https://coincu.com/casino-reviews/,0,no_match_in_raw
https://coincu.com/lazarus-group-hackers-freeze-illicit-fund/,posts,282739,https://coincu.com/c/pr/press-release/,https://coincu.com/pr/press-release/,0,no_match_in_raw
https://coincu.com/lazarus-group-hackers-freeze-illicit-fund/,posts,282739,https://coincu.com/c/news,https://coincu.com/news/,0,no_match_in_raw
https://coincu.com/polygon-labs-acquires-zk-firm-toposware-research/,posts,262434,https://coincu.com/c/casino-reviews/,https://coincu.com/casino-reviews/,0,no_match_in_raw
https://coincu.com/polygon-labs-acquires-zk-firm-toposware-research/,posts,262434,https://coincu.com/c/pr/press-release/,https://coincu.com/pr/press-release/,0,no_match_in_raw
https://coincu.com/polygon-labs-acquires-zk-firm-toposware-research/,posts,262434,https://coincu.com/c/news,https://coincu.com/news/,0,no_match_in_raw
https://coincu.com/wormhole-gateway-seamless-cosmos-chain/,posts,204736,https://coincu.com/c/casino-reviews/,https://coincu.com/casino-reviews/,0,no_match_in_raw
https://coincu.com/wormhole-gateway-seamless-cosmos-chain/,posts,204736,https://coincu.com/c/pr/press-release/,https://coincu.com/pr/press-release/,0,no_match_in_raw
https://coincu.com/wormhole-gateway-seamless-cosmos-chain/,posts,204736,https://coincu.com/c/news,https://coincu.com/news/,0,no_match_in_raw
https://coincu.com/matrixdock-integrates-chainlink-proof-of-reserve/,posts,206471,https://coincu.com/c/casino-reviews/,https://coincu.com/casino-reviews/,0,no_match_in_raw
https://coincu.com/matrixdock-integrates-chainlink-proof-of-reserve/,posts,206471,https://coincu.com/c/pr/press-release/,https://coincu.com/pr/press-release/,0,no_match_in_raw
https://coincu.com/matrixdock-integrates-chainlink-proof-of-reserve/,posts,206471,https://coincu.com/c/news,https://coincu.com/news/,0,no_match_in_raw
https://coincu.com/polygon-type-1-zkevm-prover-now-available/,posts,246920,https://coincu.com/c/casino-reviews/,https://coincu.com/casino-reviews/,0,no_match_in_raw
https://coincu.com/polygon-type-1-zkevm-prover-now-available/,posts,246920,https://coincu.com/c/pr/press-release/,https://coincu.com/pr/press-release/,0,no_match_in_raw
https://coincu.com/polygon-type-1-zkevm-prover-now-available/,posts,246920,https://coincu.com/c/blockchain,https://coincu.com/blockchain/,0,no_match_in_raw
https://coincu.com/polygon-labs-layoffs-confirmed/,posts,246089,https://coincu.com/c/casino-reviews/,https://coincu.com/casino-reviews/,0,no_match_in_raw
https://coincu.com/polygon-labs-layoffs-confirmed/,posts,246089,https://coincu.com/c/pr/press-release/,https://coincu.com/pr/press-release/,0,no_match_in_raw
https://coincu.com/polygon-labs-layoffs-confirmed/,posts,246089,https://coincu.com/c/news,https://coincu.com/news/,0,no_match_in_raw
https://coincu.com/polygon-20-is-changing-the-game-with-zk/,posts,194522,https://coincu.com/c/casino-reviews/,https://coincu.com/casino-reviews/,0,no_match_in_raw
https://coincu.com/polygon-20-is-changing-the-game-with-zk/,posts,194522,https://coincu.com/c/pr/press-release/,https://coincu.com/pr/press-release/,0,no_match_in_raw
https://coincu.com/polygon-20-is-changing-the-game-with-zk/,posts,194522,https://coincu.com/c/news,https://coincu.com/news/,0,no_match_in_raw
https://coincu.com/polygon-labs-ceo-criticizes-layer-3/,posts,253081,https://coincu.com/c/casino-reviews/,https://coincu.com/casino-reviews/,0,no_match_in_raw
https://coincu.com/polygon-labs-ceo-criticizes-layer-3/,posts,253081,https://coincu.com/c/pr/press-release/,https://coincu.com/pr/press-release/,0,no_match_in_raw
https://coincu.com/polygon-labs-ceo-criticizes-layer-3/,posts,253081,https://coincu.com/c/news,https://coincu.com/news/,0,no_match_in_raw
https://coincu.com/polygon-labs-to-launch-open-database/,posts,195485,https://coincu.com/c/casino-reviews/,https://coincu.com/casino-reviews/,0,no_match_in_raw
https://coincu.com/polygon-labs-to-launch-open-database/,posts,195485,https://coincu.com/c/pr/press-release/,https://coincu.com/pr/press-release/,0,no_match_in_raw
https://coincu.com/polygon-labs-to-launch-open-database/,posts,195485,https://coincu.com/c/blockchain,https://coincu.com/blockchain/,0,no_match_in_raw
https://coincu.com/matic-spikes-over-10-buy-or-wait/,posts,201858,https://coincu.com/c/casino-reviews/,https://coincu.com/casino-reviews/,0,no_match_in_raw
https://coincu.com/matic-spikes-over-10-buy-or-wait/,posts,201858,https://coincu.com/c/pr/press-release/,https://coincu.com/pr/press-release/,0,no_match_in_raw
https://coincu.com/matic-spikes-over-10-buy-or-wait/,posts,201858,https://coincu.com/c/analysis,https://coincu.com/analysis/,0,no_match_in_raw
https://coincu.com/pantera-capital-ton-investment-is-largest-fund/,posts,258439,https://coincu.com/c/casino-reviews/,https://coincu.com/casino-reviews/,0,no_match_in_raw
https://coincu.com/pantera-capital-ton-investment-is-largest-fund/,posts,258439,https://coincu.com/c/pr/press-release/,https://coincu.com/pr/press-release/,0,no_match_in_raw
https://coincu.com/pantera-capital-ton-investment-is-largest-fund/,posts,258439,https://coincu.com/c/news,https://coincu.com/news/,0,no_match_in_raw
https://coincu.com/pantera-sol-buyback-guaranteed-at-59-95/,posts,249775,https://coincu.com/c/casino-reviews/,https://coincu.com/casino-reviews/,0,no_match_in_raw
https://coincu.com/pantera-sol-buyback-guaranteed-at-59-95/,posts,249775,https://coincu.com/c/pr/press-release/,https://coincu.com/pr/press-release/,0,no_match_in_raw
https://coincu.com/pantera-sol-buyback-guaranteed-at-59-95/,posts,249775,https://coincu.com/c/news,https://coincu.com/news/,0,no_match_in_raw
https://coincu.com/immunefi-rewards-hackers-52-million-bugs/,posts,154573,https://coincu.com/c/casino-reviews/,https://coincu.com/casino-reviews/,0,no_match_in_raw
https://coincu.com/immunefi-rewards-hackers-52-million-bugs/,posts,154573,https://coincu.com/c/pr/press-release/,https://coincu.com/pr/press-release/,0,no_match_in_raw
https://coincu.com/immunefi-rewards-hackers-52-million-bugs/,posts,154573,https://coincu.com/c/news,https://coincu.com/news/,0,no_match_in_raw
https://coincu.com/chainflip-to-launch-community-sale/,posts,207798,https://coincu.com/c/casino-reviews/,https://coincu.com/casino-reviews/,0,no_match_in_raw
https://coincu.com/chainflip-to-launch-community-sale/,posts,207798,https://coincu.com/c/pr/press-release/,https://coincu.com/pr/press-release/,0,no_match_in_raw
https://coincu.com/chainflip-to-launch-community-sale/,posts,207798,https://coincu.com/c/news,https://coincu.com/news/,0,no_match_in_raw
https://coincu.com/pantera-capital-solana-auction-takes-place/,posts,256828,https://coincu.com/c/casino-reviews/,https://coincu.com/casino-reviews/,0,no_match_in_raw
https://coincu.com/pantera-capital-solana-auction-takes-place/,posts,256828,https://coincu.com/c/pr/press-release/,https://coincu.com/pr/press-release/,0,no_match_in_raw
https://coincu.com/pantera-capital-solana-auction-takes-place/,posts,256828,https://coincu.com/c/news,https://coincu.com/news/,0,no_match_in_raw
https://coincu.com/pantera-capital-ton-investment-driven/,posts,257601,https://coincu.com/c/casino-reviews/,https://coincu.com/casino-reviews/,0,no_match_in_raw
https://coincu.com/pantera-capital-ton-investment-driven/,posts,257601,https://coincu.com/c/pr/press-release/,https://coincu.com/pr/press-release/,0,no_match_in_raw
https://coincu.com/pantera-capital-ton-investment-driven/,posts,257601,https://coincu.com/c/news,https://coincu.com/news/,0,no_match_in_raw
https://coincu.com/pantera-capital-founder-faces-investigation/,posts,322598,https://coincu.com/c/casino-reviews/,https://coincu.com/casino-reviews/,0,no_match_in_raw
https://coincu.com/pantera-capital-founder-faces-investigation/,posts,322598,https://coincu.com/c/pr/press-release/,https://coincu.com/pr/press-release/,0,no_match_in_raw
https://coincu.com/pantera-capital-founder-faces-investigation/,posts,322598,https://coincu.com/c/news,https://coincu.com/news/,0,no_match_in_raw
https://coincu.com/crypto-hedge-funds-returned/,posts,240050,https://coincu.com/c/casino-reviews/,https://coincu.com/casino-reviews/,0,no_match_in_raw
https://coincu.com/crypto-hedge-funds-returned/,posts,240050,https://coincu.com/c/pr/press-release/,https://coincu.com/pr/press-release/,0,no_match_in_raw
https://coincu.com/crypto-hedge-funds-returned/,posts,240050,https://coincu.com/c/news,https://coincu.com/news/,0,no_match_in_raw
https://coincu.com/defi-sentiment-suffered-1-million-exploit/,posts,178781,https://coincu.com/c/casino-reviews/,https://coincu.com/casino-reviews/,0,no_match_in_raw
https://coincu.com/defi-sentiment-suffered-1-million-exploit/,posts,178781,https://coincu.com/c/pr/press-release/,https://coincu.com/pr/press-release/,0,no_match_in_raw
https://coincu.com/defi-sentiment-suffered-1-million-exploit/,posts,178781,https://coincu.com/c/news,https://coincu.com/news/,0,no_match_in_raw
https://coincu.com/gains-network-rally-continue-as-it-booms/,posts,167955,https://coincu.com/c/casino-reviews/,https://coincu.com/casino-reviews/,0,no_match_in_raw
https://coincu.com/gains-network-rally-continue-as-it-booms/,posts,167955,https://coincu.com/c/pr/press-release/,https://coincu.com/pr/press-release/,0,no_match_in_raw
https://coincu.com/gains-network-rally-continue-as-it-booms/,posts,167955,https://coincu.com/c/blockchain,https://coincu.com/blockchain/,0,no_match_in_raw
https://coincu.com/the-open-x-project-reviews-defi-protocol/,posts,212068,https://coincu.com/c/casino-reviews/,https://coincu.com/casino-reviews/,0,no_match_in_raw
https://coincu.com/the-open-x-project-reviews-defi-protocol/,posts,212068,https://coincu.com/c/pr/press-release/,https://coincu.com/pr/press-release/,0,no_match_in_raw
https://coincu.com/the-open-x-project-reviews-defi-protocol/,posts,212068,https://coincu.com/c/defi-reviews,https://coincu.com/defi-reviews/,0,no_match_in_raw
https://coincu.com/defi-can-eliminate-financial-risk-england/,posts,144662,https://coincu.com/c/casino-reviews/,https://coincu.com/casino-reviews/,0,no_match_in_raw
https://coincu.com/defi-can-eliminate-financial-risk-england/,posts,144662,https://coincu.com/c/pr/press-release/,https://coincu.com/pr/press-release/,0,no_match_in_raw
https://coincu.com/defi-can-eliminate-financial-risk-england/,posts,144662,https://coincu.com/c/defi,https://coincu.com/defi/,0,no_match_in_raw
https://coincu.com/crypto-hacks-surge-in-2023-600-attacks-loss/,posts,245302,https://coincu.com/c/casino-reviews/,https://coincu.com/casino-reviews/,0,no_match_in_raw
https://coincu.com/crypto-hacks-surge-in-2023-600-attacks-loss/,posts,245302,https://coincu.com/c/pr/press-release/,https://coincu.com/pr/press-release/,0,no_match_in_raw
https://coincu.com/crypto-hacks-surge-in-2023-600-attacks-loss/,posts,245302,https://coincu.com/c/scam-alert,https://coincu.com/scam-alert/,0,no_match_in_raw
https://coincu.com/piedao-stopping-liquidity-mining-fell-98/,posts,133126,https://coincu.com/c/casino-reviews/,https://coincu.com/casino-reviews/,0,no_match_in_raw
https://coincu.com/piedao-stopping-liquidity-mining-fell-98/,posts,133126,https://coincu.com/c/pr/press-release/,https://coincu.com/pr/press-release/,0,no_match_in_raw
https://coincu.com/piedao-stopping-liquidity-mining-fell-98/,posts,133126,https://coincu.com/c/uncategorized,https://coincu.com/uncategorized/,0,no_match_in_raw
https://coincu.com/tornado-cash-used-to-communicate-crypto/,posts,116917,https://coincu.com/c/casino-reviews/,https://coincu.com/casino-reviews/,0,no_match_in_raw
https://coincu.com/tornado-cash-used-to-communicate-crypto/,posts,116917,https://coincu.com/c/pr/press-release/,https://coincu.com/pr/press-release/,0,no_match_in_raw
https://coincu.com/tornado-cash-used-to-communicate-crypto/,posts,116917,https://coincu.com/c/uncategorized,https://coincu.com/uncategorized/,0,no_match_in_raw
https://coincu.com/kucoin-review/,posts,164886,https://coincu.com/c/casino-reviews/,https://coincu.com/casino-reviews/,0,no_match_in_raw
https://coincu.com/kucoin-review/,posts,164886,https://coincu.com/c/pr/press-release/,https://coincu.com/pr/press-release/,0,no_match_in_raw
https://coincu.com/kucoin-review/,posts,164886,https://coincu.com/c/exchange-reviews,https://coincu.com/exchange-reviews/,0,no_match_in_raw
https://coincu.com/bybit-referral-code-claim-30k-sign-up-bonus/,posts,249670,https://coincu.com/c/casino-reviews/,https://coincu.com/casino-reviews/,0,no_match_in_raw
https://coincu.com/bybit-referral-code-claim-30k-sign-up-bonus/,posts,249670,https://coincu.com/c/pr/press-release/,https://coincu.com/pr/press-release/,0,no_match_in_raw
https://coincu.com/bybit-referral-code-claim-30k-sign-up-bonus/,posts,249670,https://coincu.com/c/knowledge,https://coincu.com/knowledge/,0,no_match_in_raw
https://coincu.com/best-bitcoin-etfs-to-buy/,posts,244237,https://coincu.com/c/casino-reviews/,https://coincu.com/casino-reviews/,0,no_match_in_raw
https://coincu.com/best-bitcoin-etfs-to-buy/,posts,244237,https://coincu.com/c/pr/press-release/,https://coincu.com/pr/press-release/,0,no_match_in_raw
https://coincu.com/best-bitcoin-etfs-to-buy/,posts,244237,https://coincu.com/c/knowledge,https://coincu.com/knowledge/,0,no_match_in_raw
https://coincu.com/binance-spot-trading-bots-bitcoin-september-22/,posts,219407,https://coincu.com/c/casino-reviews/,https://coincu.com/casino-reviews/,0,no_match_in_raw
https://coincu.com/binance-spot-trading-bots-bitcoin-september-22/,posts,219407,https://coincu.com/c/pr/press-release/,https://coincu.com/pr/press-release/,0,no_match_in_raw
https://coincu.com/binance-spot-trading-bots-bitcoin-september-22/,posts,219407,https://coincu.com/c/news,https://coincu.com/news/,0,no_match_in_raw
https://coincu.com/okx-review-cryptocurrency-exchange/,posts,158599,https://coincu.com/c/casino-reviews/,https://coincu.com/casino-reviews/,0,no_match_in_raw
https://coincu.com/okx-review-cryptocurrency-exchange/,posts,158599,https://coincu.com/c/pr/press-release/,https://coincu.com/pr/press-release/,0,no_match_in_raw
https://coincu.com/okx-review-cryptocurrency-exchange/,posts,158599,https://coincu.com/c/other-reviews,https://coincu.com/other-reviews/,0,no_match_in_raw
https://coincu.com/notable-updates-in-gmx-v2/,posts,205545,https://coincu.com/c/casino-reviews/,https://coincu.com/casino-reviews/,0,no_match_in_raw
https://coincu.com/notable-updates-in-gmx-v2/,posts,205545,https://coincu.com/c/pr/press-release/,https://coincu.com/pr/press-release/,0,no_match_in_raw
https://coincu.com/notable-updates-in-gmx-v2/,posts,205545,https://coincu.com/c/knowledge,https://coincu.com/knowledge/,0,no_match_in_raw
https://coincu.com/gmx-supporter-nets-1-million-after-selling-27-5k/,posts,209807,https://coincu.com/c/casino-reviews/,https://coincu.com/casino-reviews/,0,no_match_in_raw
https://coincu.com/gmx-supporter-nets-1-million-after-selling-27-5k/,posts,209807,https://coincu.com/c/pr/press-release/,https://coincu.com/pr/press-release/,0,no_match_in_raw
https://coincu.com/gmx-supporter-nets-1-million-after-selling-27-5k/,posts,209807,https://coincu.com/c/news,https://coincu.com/news/,0,no_match_in_raw
https://coincu.com/gmx-big-drop-in-price-with-7-in-a-day/,posts,205012,https://coincu.com/c/casino-reviews/,https://coincu.com/casino-reviews/,0,no_match_in_raw
https://coincu.com/gmx-big-drop-in-price-with-7-in-a-day/,posts,205012,https://coincu.com/c/pr/press-release/,https://coincu.com/pr/press-release/,0,no_match_in_raw
https://coincu.com/gmx-big-drop-in-price-with-7-in-a-day/,posts,205012,https://coincu.com/c/news,https://coincu.com/news/,0,no_match_in_raw
https://coincu.com/arbitrum-odyssey-relaunched/,posts,220495,https://coincu.com/c/casino-reviews/,https://coincu.com/casino-reviews/,0,no_match_in_raw
https://coincu.com/arbitrum-odyssey-relaunched/,posts,220495,https://coincu.com/c/pr/press-release/,https://coincu.com/pr/press-release/,0,no_match_in_raw
https://coincu.com/arbitrum-odyssey-relaunched/,posts,220495,https://coincu.com/c/blockchain,https://coincu.com/blockchain/,0,no_match_in_raw
https://coincu.com/gmx-v2-proposes-fee-allocation-options/,posts,202433,https://coincu.com/c/casino-reviews/,https://coincu.com/casino-reviews/,0,no_match_in_raw
https://coincu.com/gmx-v2-proposes-fee-allocation-options/,posts,202433,https://coincu.com/c/pr/press-release/,https://coincu.com/pr/press-release/,0,no_match_in_raw
https://coincu.com/gmx-v2-proposes-fee-allocation-options/,posts,202433,https://coincu.com/c/defi,https://coincu.com/defi/,0,no_match_in_raw
https://coincu.com/bio-protocol-adds-former-makerdao-member/,posts,299638,https://coincu.com/c/casino-reviews/,https://coincu.com/casino-reviews/,0,no_match_in_raw
https://coincu.com/bio-protocol-adds-former-makerdao-member/,posts,299638,https://coincu.com/c/pr/press-release/,https://coincu.com/pr/press-release/,0,no_match_in_raw
https://coincu.com/bio-protocol-adds-former-makerdao-member/,posts,299638,https://coincu.com/c/news,https://coincu.com/news/,0,no_match_in_raw
https://coincu.com/plutusdao-review/,posts,176707,https://coincu.com/c/casino-reviews/,https://coincu.com/casino-reviews/,0,no_match_in_raw
https://coincu.com/plutusdao-review/,posts,176707,https://coincu.com/c/pr/press-release/,https://coincu.com/pr/press-release/,0,no_match_in_raw
https://coincu.com/plutusdao-review/,posts,176707,https://coincu.com/c/defi-reviews,https://coincu.com/defi-reviews/,0,no_match_in_raw
https://coincu.com/convex-finance-community-votes-fxs-protocol/,posts,217924,https://coincu.com/c/casino-reviews/,https://coincu.com/casino-reviews/,0,no_match_in_raw
https://coincu.com/convex-finance-community-votes-fxs-protocol/,posts,217924,https://coincu.com/c/pr/press-release/,https://coincu.com/pr/press-release/,0,no_match_in_raw
https://coincu.com/convex-finance-community-votes-fxs-protocol/,posts,217924,https://coincu.com/c/news,https://coincu.com/news/,0,no_match_in_raw
https://coincu.com/best-defi-20-projects/,posts,225757,https://coincu.com/c/casino-reviews/,https://coincu.com/casino-reviews/,0,no_match_in_raw
https://coincu.com/best-defi-20-projects/,posts,225757,https://coincu.com/c/pr/press-release/,https://coincu.com/pr/press-release/,0,no_match_in_raw
https://coincu.com/best-defi-20-projects/,posts,225757,https://coincu.com/c/top-projects,https://coincu.com/top-projects/,0,no_match_in_raw
https://coincu.com/conic-finance-review/,posts,208581,https://coincu.com/c/casino-reviews/,https://coincu.com/casino-reviews/,0,no_match_in_raw
https://coincu.com/conic-finance-review/,posts,208581,https://coincu.com/c/pr/press-release/,https://coincu.com/pr/press-release/,0,no_match_in_raw
https://coincu.com/conic-finance-review/,posts,208581,https://coincu.com/c/other-reviews,https://coincu.com/other-reviews/,0,no_match_in_raw
https://coincu.com/convex-finance-l2-metered-weight-polygon-zkevm/,posts,211490,https://coincu.com/c/casino-reviews/,https://coincu.com/casino-reviews/,0,no_match_in_raw
https://coincu.com/convex-finance-l2-metered-weight-polygon-zkevm/,posts,211490,https://coincu.com/c/pr/press-release/,https://coincu.com/pr/press-release/,0,no_match_in_raw
https://coincu.com/convex-finance-l2-metered-weight-polygon-zkevm/,posts,211490,https://coincu.com/c/news,https://coincu.com/news/,0,no_match_in_raw
https://coincu.com/convex-finance-review/,posts,199515,https://coincu.com/c/casino-reviews/,https://coincu.com/casino-reviews/,0,no_match_in_raw
https://coincu.com/convex-finance-review/,posts,199515,https://coincu.com/c/pr/press-release/,https://coincu.com/pr/press-release/,0,no_match_in_raw
https://coincu.com/convex-finance-review/,posts,199515,https://coincu.com/c/other-reviews,https://coincu.com/other-reviews/,0,no_match_in_raw
https://coincu.com/spark-protocol-review/,posts,210293,https://coincu.com/c/casino-reviews/,https://coincu.com/casino-reviews/,0,no_match_in_raw
https://coincu.com/spark-protocol-review/,posts,210293,https://coincu.com/c/pr/press-release/,https://coincu.com/pr/press-release/,0,no_match_in_raw
https://coincu.com/spark-protocol-review/,posts,210293,https://coincu.com/c/other-reviews,https://coincu.com/other-reviews/,0,no_match_in_raw
https://coincu.com/okx-wallet-powerful-web3-wallet/,posts,177096,https://coincu.com/c/casino-reviews/,https://coincu.com/casino-reviews/,0,no_match_in_raw
https://coincu.com/okx-wallet-powerful-web3-wallet/,posts,177096,https://coincu.com/c/pr/press-release/,https://coincu.com/pr/press-release/,0,no_match_in_raw
https://coincu.com/okx-wallet-powerful-web3-wallet/,posts,177096,https://coincu.com/c/other-reviews,https://coincu.com/other-reviews/,0,no_match_in_raw
https://coincu.com/mexc-review-is-it-safe-or-scam/,posts,159170,https://coincu.com/c/casino-reviews/,https://coincu.com/casino-reviews/,0,no_match_in_raw
https://coincu.com/mexc-review-is-it-safe-or-scam/,posts,159170,https://coincu.com/c/pr/press-release/,https://coincu.com/pr/press-release/,0,no_match_in_raw
https://coincu.com/mexc-review-is-it-safe-or-scam/,posts,159170,https://coincu.com/c/exchange-reviews,https://coincu.com/exchange-reviews/,0,no_match_in_raw
https://coincu.com/justin-sun-wallet-withdrawal-37-7m-eth-stash/,posts,222136,https://coincu.com/c/casino-reviews/,https://coincu.com/casino-reviews/,0,no_match_in_raw
https://coincu.com/justin-sun-wallet-withdrawal-37-7m-eth-stash/,posts,222136,https://coincu.com/c/pr/press-release/,https://coincu.com/pr/press-release/,0,no_match_in_raw
https://coincu.com/justin-sun-wallet-withdrawal-37-7m-eth-stash/,posts,222136,https://coincu.com/c/news,https://coincu.com/news/,0,no_match_in_raw
https://coincu.com/helium-completes-high-profile-migration/,posts,183190,https://coincu.com/c/casino-reviews/,https://coincu.com/casino-reviews/,0,no_match_in_raw
https://coincu.com/helium-completes-high-profile-migration/,posts,183190,https://coincu.com/c/pr/press-release/,https://coincu.com/pr/press-release/,0,no_match_in_raw
https://coincu.com/helium-completes-high-profile-migration/,posts,183190,https://coincu.com/c/news,https://coincu.com/news/,0,no_match_in_raw
https://coincu.com/star-atlas-46-8-million-transactions/,posts,196168,https://coincu.com/c/casino-reviews/,https://coincu.com/casino-reviews/,0,no_match_in_raw
https://coincu.com/star-atlas-46-8-million-transactions/,posts,196168,https://coincu.com/c/pr/press-release/,https://coincu.com/pr/press-release/,0,no_match_in_raw
https://coincu.com/star-atlas-46-8-million-transactions/,posts,196168,https://coincu.com/c/news,https://coincu.com/news/,0,no_match_in_raw
https://coincu.com/why-is-arbitrum-dominance-optimism/,posts,208189,https://coincu.com/c/casino-reviews/,https://coincu.com/casino-reviews/,0,no_match_in_raw
https://coincu.com/why-is-arbitrum-dominance-optimism/,posts,208189,https://coincu.com/c/pr/press-release/,https://coincu.com/pr/press-release/,0,no_match_in_raw
https://coincu.com/why-is-arbitrum-dominance-optimism/,posts,208189,https://coincu.com/c/knowledge,https://coincu.com/knowledge/,0,no_match_in_raw
https://coincu.com/6-metrics-measure-blockchain-performance/,posts,106151,https://coincu.com/c/casino-reviews/,https://coincu.com/casino-reviews/,0,no_match_in_raw
https://coincu.com/6-metrics-measure-blockchain-performance/,posts,106151,https://coincu.com/c/pr/press-release/,https://coincu.com/pr/press-release/,0,no_match_in_raw
https://coincu.com/6-metrics-measure-blockchain-performance/,posts,106151,https://coincu.com/c/knowledge,https://coincu.com/knowledge/,0,no_match_in_raw
https://coincu.com/this-1000x-presale-joins-the-top-cryptos-to-buy-now-list-after-raising-450k-ethereum-eth-and-cardano-ada-rally/,posts,370498,https://coincu.com/c/casino-reviews/,https://coincu.com/casino-reviews/,0,no_match_in_raw
https://coincu.com/this-1000x-presale-joins-the-top-cryptos-to-buy-now-list-after-raising-450k-ethereum-eth-and-cardano-ada-rally/,posts,370498,https://coincu.com/c/pr/press-release/,https://coincu.com/pr/press-release/,0,no_match_in_raw
https://coincu.com/this-1000x-presale-joins-the-top-cryptos-to-buy-now-list-after-raising-450k-ethereum-eth-and-cardano-ada-rally/,posts,370498,https://coincu.com/c/sponsored-articles-pr,https://coincu.com/sponsored-articles-pr/,0,no_match_in_raw
https://coincu.com/best-meme-coins-to-invest-in-february-2025-arctic-pablo-coin-trump-meme-coin-bone-shibaswap-2/,posts,305158,https://coincu.com/c/casino-reviews/,https://coincu.com/casino-reviews/,0,no_match_in_raw
https://coincu.com/best-meme-coins-to-invest-in-february-2025-arctic-pablo-coin-trump-meme-coin-bone-shibaswap-2/,posts,305158,https://coincu.com/c/pr/press-release/,https://coincu.com/pr/press-release/,0,no_match_in_raw
https://coincu.com/best-meme-coins-to-invest-in-february-2025-arctic-pablo-coin-trump-meme-coin-bone-shibaswap-2/,posts,305158,https://coincu.com/c/cmc,https://coincu.com/cmc/,0,no_match_in_raw
https://coincu.com/top-cryptos-to-buy-now-arctic-pablo-coin-ethereum-and-polkadot-for-maximum-roi/,posts,322924,https://coincu.com/c/casino-reviews/,https://coincu.com/casino-reviews/,0,no_match_in_raw
https://coincu.com/top-cryptos-to-buy-now-arctic-pablo-coin-ethereum-and-polkadot-for-maximum-roi/,posts,322924,https://coincu.com/c/pr/press-release/,https://coincu.com/pr/press-release/,0,no_match_in_raw
https://coincu.com/top-cryptos-to-buy-now-arctic-pablo-coin-ethereum-and-polkadot-for-maximum-roi/,posts,322924,https://coincu.com/c/cmc,https://coincu.com/cmc/,0,no_match_in_raw
https://coincu.com/best-meme-coins-to-invest-in-february-2025-arctic-pablo-coin-trump-meme-coin-bone-shibaswap/,posts,305111,https://coincu.com/c/casino-reviews/,https://coincu.com/casino-reviews/,0,no_match_in_raw
https://coincu.com/best-meme-coins-to-invest-in-february-2025-arctic-pablo-coin-trump-meme-coin-bone-shibaswap/,posts,305111,https://coincu.com/c/pr/press-release/,https://coincu.com/pr/press-release/,0,no_match_in_raw
https://coincu.com/best-meme-coins-to-invest-in-february-2025-arctic-pablo-coin-trump-meme-coin-bone-shibaswap/,posts,305111,https://coincu.com/c/cmc,https://coincu.com/cmc/,0,no_match_in_raw
https://coincu.com/top-meme-coins-with-1000x-potential-arctic-pablo-coin-trump-meme-coin-and-degen/,posts,322028,https://coincu.com/c/casino-reviews/,https://coincu.com/casino-reviews/,0,no_match_in_raw
https://coincu.com/top-meme-coins-with-1000x-potential-arctic-pablo-coin-trump-meme-coin-and-degen/,posts,322028,https://coincu.com/c/pr/press-release/,https://coincu.com/pr/press-release/,0,no_match_in_raw
https://coincu.com/top-meme-coins-with-1000x-potential-arctic-pablo-coin-trump-meme-coin-and-degen/,posts,322028,https://coincu.com/c/cmc,https://coincu.com/cmc/,0,no_match_in_raw
https://coincu.com/melania-meme-coin-surges-20000-after-launch/,posts,303135,https://coincu.com/c/casino-reviews/,https://coincu.com/casino-reviews/,0,no_match_in_raw
https://coincu.com/melania-meme-coin-surges-20000-after-launch/,posts,303135,https://coincu.com/c/pr/press-release/,https://coincu.com/pr/press-release/,0,no_match_in_raw
https://coincu.com/melania-meme-coin-surges-20000-after-launch/,posts,303135,https://coincu.com/c/analysis,https://coincu.com/analysis/,0,no_match_in_raw
https://coincu.com/best-meme-coins-to-join-for-long-term-arctic-pablo-turbo-trump-meme-coin/,posts,303378,https://coincu.com/c/casino-reviews/,https://coincu.com/casino-reviews/,0,no_match_in_raw
https://coincu.com/best-meme-coins-to-join-for-long-term-arctic-pablo-turbo-trump-meme-coin/,posts,303378,https://coincu.com/c/pr/press-release/,https://coincu.com/pr/press-release/,0,no_match_in_raw
https://coincu.com/best-meme-coins-to-join-for-long-term-arctic-pablo-turbo-trump-meme-coin/,posts,303378,https://coincu.com/c/cmc,https://coincu.com/cmc/,0,no_match_in_raw
https://coincu.com/best-meme-coins-to-join-for-long-term-arctic-pablo-coin-trump-coin-and-peanut-the-squirrel-lead-the-pack/,posts,303665,https://coincu.com/c/casino-reviews/,https://coincu.com/casino-reviews/,0,no_match_in_raw
https://coincu.com/best-meme-coins-to-join-for-long-term-arctic-pablo-coin-trump-coin-and-peanut-the-squirrel-lead-the-pack/,posts,303665,https://coincu.com/c/pr/press-release/,https://coincu.com/pr/press-release/,0,no_match_in_raw
https://coincu.com/best-meme-coins-to-join-for-long-term-arctic-pablo-coin-trump-coin-and-peanut-the-squirrel-lead-the-pack/,posts,303665,https://coincu.com/c/cmc,https://coincu.com/cmc/,0,no_match_in_raw
https://coincu.com/best-meme-coins-with-100x-potential-arctic-pablo-trump-meme-coin-and-pepe-coin/,posts,304469,https://coincu.com/c/casino-reviews/,https://coincu.com/casino-reviews/,0,no_match_in_raw
https://coincu.com/best-meme-coins-with-100x-potential-arctic-pablo-trump-meme-coin-and-pepe-coin/,posts,304469,https://coincu.com/c/pr/press-release/,https://coincu.com/pr/press-release/,0,no_match_in_raw
https://coincu.com/best-meme-coins-with-100x-potential-arctic-pablo-trump-meme-coin-and-pepe-coin/,posts,304469,https://coincu.com/c/cmc,https://coincu.com/cmc/,0,no_match_in_raw
https://coincu.com/best-new-meme-coins-to-join-this-month-btfd-coin-pudgy-penguins-floki-inu/,posts,323374,https://coincu.com/c/casino-reviews/,https://coincu.com/casino-reviews/,0,no_match_in_raw
https://coincu.com/best-new-meme-coins-to-join-this-month-btfd-coin-pudgy-penguins-floki-inu/,posts,323374,https://coincu.com/c/pr/press-release/,https://coincu.com/pr/press-release/,0,no_match_in_raw
https://coincu.com/best-new-meme-coins-to-join-this-month-btfd-coin-pudgy-penguins-floki-inu/,posts,323374,https://coincu.com/c/cmc,https://coincu.com/cmc/,0,no_match_in_raw
https://coincu.com/arctic-pablo-coin-is-one-of-the-best-crypto-to-invest-in-2025-as-peanut-the-squirrel-and-popcat-coin-updates/,posts,323851,https://coincu.com/c/casino-reviews/,https://coincu.com/casino-reviews/,0,no_match_in_raw
https://coincu.com/arctic-pablo-coin-is-one-of-the-best-crypto-to-invest-in-2025-as-peanut-the-squirrel-and-popcat-coin-updates/,posts,323851,https://coincu.com/c/pr/press-release/,https://coincu.com/pr/press-release/,0,no_match_in_raw
https://coincu.com/arctic-pablo-coin-is-one-of-the-best-crypto-to-invest-in-2025-as-peanut-the-squirrel-and-popcat-coin-updates/,posts,323851,https://coincu.com/c/cmc,https://coincu.com/cmc/,0,no_match_in_raw
https://coincu.com/watched-ai16z-soar-without-you-btfd-coins-play-to-earn-game-and-3650-roi-potential-are-still-up-for-grabs/,posts,324303,https://coincu.com/c/casino-reviews/,https://coincu.com/casino-reviews/,0,no_match_in_raw
https://coincu.com/watched-ai16z-soar-without-you-btfd-coins-play-to-earn-game-and-3650-roi-potential-are-still-up-for-grabs/,posts,324303,https://coincu.com/c/pr/press-release/,https://coincu.com/pr/press-release/,0,no_match_in_raw
https://coincu.com/watched-ai16z-soar-without-you-btfd-coins-play-to-earn-game-and-3650-roi-potential-are-still-up-for-grabs/,posts,324303,https://coincu.com/c/cmc,https://coincu.com/cmc/,0,no_match_in_raw
https://coincu.com/best-new-meme-coins-to-invest-arctic-pablo-brett-floki-inu/,posts,302852,https://coincu.com/c/casino-reviews/,https://coincu.com/casino-reviews/,0,no_match_in_raw
https://coincu.com/best-new-meme-coins-to-invest-arctic-pablo-brett-floki-inu/,posts,302852,https://coincu.com/c/pr/press-release/,https://coincu.com/pr/press-release/,0,no_match_in_raw
https://coincu.com/best-new-meme-coins-to-invest-arctic-pablo-brett-floki-inu/,posts,302852,https://coincu.com/c/cmc,https://coincu.com/cmc/,0,no_match_in_raw
https://coincu.com/top-meme-coins-to-join-for-long-term-arctic-pablo-cheems-floki-inu/,posts,303499,https://coincu.com/c/casino-reviews/,https://coincu.com/casino-reviews/,0,no_match_in_raw
https://coincu.com/top-meme-coins-to-join-for-long-term-arctic-pablo-cheems-floki-inu/,posts,303499,https://coincu.com/c/pr/press-release/,https://coincu.com/pr/press-release/,0,no_match_in_raw
https://coincu.com/top-meme-coins-to-join-for-long-term-arctic-pablo-cheems-floki-inu/,posts,303499,https://coincu.com/c/cmc,https://coincu.com/cmc/,0,no_match_in_raw
https://coincu.com/missed-out-on-floki-inu-heres-why-this-new-penguin-is-among-the-top-new-meme-coins-for-exponential-returns/,posts,303301,https://coincu.com/c/casino-reviews/,https://coincu.com/casino-reviews/,0,no_match_in_raw
https://coincu.com/missed-out-on-floki-inu-heres-why-this-new-penguin-is-among-the-top-new-meme-coins-for-exponential-returns/,posts,303301,https://coincu.com/c/pr/press-release/,https://coincu.com/pr/press-release/,0,no_match_in_raw
https://coincu.com/missed-out-on-floki-inu-heres-why-this-new-penguin-is-among-the-top-new-meme-coins-for-exponential-returns/,posts,303301,https://coincu.com/c/cmc,https://coincu.com/cmc/,0,no_match_in_raw
https://coincu.com/top-new-meme-coins-to-buy-today-btfd-coin-steals-the-spotlight-with-massive-gains-as-floki-inu-and-turbo-navigate-tough-waters/,posts,304191,https://coincu.com/c/casino-reviews/,https://coincu.com/casino-reviews/,0,no_match_in_raw
https://coincu.com/top-new-meme-coins-to-buy-today-btfd-coin-steals-the-spotlight-with-massive-gains-as-floki-inu-and-turbo-navigate-tough-waters/,posts,304191,https://coincu.com/c/pr/press-release/,https://coincu.com/pr/press-release/,0,no_match_in_raw
https://coincu.com/top-new-meme-coins-to-buy-today-btfd-coin-steals-the-spotlight-with-massive-gains-as-floki-inu-and-turbo-navigate-tough-waters/,posts,304191,https://coincu.com/c/cmc,https://coincu.com/cmc/,0,no_match_in_raw
https://coincu.com/missed-out-on-popcat-arctic-pablo-coin-apc-offers-a-second-chance-at-massive-gains/,posts,322646,https://coincu.com/c/casino-reviews/,https://coincu.com/casino-reviews/,0,no_match_in_raw
https://coincu.com/missed-out-on-popcat-arctic-pablo-coin-apc-offers-a-second-chance-at-massive-gains/,posts,322646,https://coincu.com/c/pr/press-release/,https://coincu.com/pr/press-release/,0,no_match_in_raw
https://coincu.com/missed-out-on-popcat-arctic-pablo-coin-apc-offers-a-second-chance-at-massive-gains/,posts,322646,https://coincu.com/c/cmc,https://coincu.com/cmc/,0,no_match_in_raw
https://coincu.com/top-new-meme-coins-to-invest-in-this-week-btfd-coins-high-roi-appeal-just-a-chill-guys-relaxed-charm-and-spx6900s-innovation/,posts,323841,https://coincu.com/c/casino-reviews/,https://coincu.com/casino-reviews/,0,no_match_in_raw
https://coincu.com/top-new-meme-coins-to-invest-in-this-week-btfd-coins-high-roi-appeal-just-a-chill-guys-relaxed-charm-and-spx6900s-innovation/,posts,323841,https://coincu.com/c/pr/press-release/,https://coincu.com/pr/press-release/,0,no_match_in_raw
https://coincu.com/top-new-meme-coins-to-invest-in-this-week-btfd-coins-high-roi-appeal-just-a-chill-guys-relaxed-charm-and-spx6900s-innovation/,posts,323841,https://coincu.com/c/cmc,https://coincu.com/cmc/,0,no_match_in_raw
https://coincu.com/the-missed-ico-of-mew-coin-that-created-millionaires-dont-miss-arctic-pablo-coin/,posts,323827,https://coincu.com/c/casino-reviews/,https://coincu.com/casino-reviews/,0,no_match_in_raw
https://coincu.com/the-missed-ico-of-mew-coin-that-created-millionaires-dont-miss-arctic-pablo-coin/,posts,323827,https://coincu.com/c/pr/press-release/,https://coincu.com/pr/press-release/,0,no_match_in_raw
https://coincu.com/the-missed-ico-of-mew-coin-that-created-millionaires-dont-miss-arctic-pablo-coin/,posts,323827,https://coincu.com/c/cmc,https://coincu.com/cmc/,0,no_match_in_raw
https://coincu.com/the-missed-ico-opportunity-shiba-inus-meteoric-rise-and-explore-why-arctic-pablo-coin-is-the-next-big-thing-in-2025/,posts,324464,https://coincu.com/c/casino-reviews/,https://coincu.com/casino-reviews/,0,no_match_in_raw
https://coincu.com/the-missed-ico-opportunity-shiba-inus-meteoric-rise-and-explore-why-arctic-pablo-coin-is-the-next-big-thing-in-2025/,posts,324464,https://coincu.com/c/pr/press-release/,https://coincu.com/pr/press-release/,0,no_match_in_raw
https://coincu.com/the-missed-ico-opportunity-shiba-inus-meteoric-rise-and-explore-why-arctic-pablo-coin-is-the-next-big-thing-in-2025/,posts,324464,https://coincu.com/c/cmc,https://coincu.com/cmc/,0,no_match_in_raw
https://coincu.com/best-new-meme-coins-for-massive-return-potential-btfd-coins-referral-frenzy-popcats-meme-legacy-and-pepe-coins-community-power/,posts,304878,https://coincu.com/c/casino-reviews/,https://coincu.com/casino-reviews/,0,no_match_in_raw
https://coincu.com/best-new-meme-coins-for-massive-return-potential-btfd-coins-referral-frenzy-popcats-meme-legacy-and-pepe-coins-community-power/,posts,304878,https://coincu.com/c/pr/press-release/,https://coincu.com/pr/press-release/,0,no_match_in_raw
https://coincu.com/best-new-meme-coins-for-massive-return-potential-btfd-coins-referral-frenzy-popcats-meme-legacy-and-pepe-coins-community-power/,posts,304878,https://coincu.com/c/cmc,https://coincu.com/cmc/,0,no_match_in_raw
https://coincu.com/ponkes-early-days-showed-the-power-of-timing-arctic-pablo-coin-is-the-next-top-new-meme-coin-to-invest-in-now/,posts,305456,https://coincu.com/c/casino-reviews/,https://coincu.com/casino-reviews/,0,no_match_in_raw
https://coincu.com/ponkes-early-days-showed-the-power-of-timing-arctic-pablo-coin-is-the-next-top-new-meme-coin-to-invest-in-now/,posts,305456,https://coincu.com/c/pr/press-release/,https://coincu.com/pr/press-release/,0,no_match_in_raw
https://coincu.com/ponkes-early-days-showed-the-power-of-timing-arctic-pablo-coin-is-the-next-top-new-meme-coin-to-invest-in-now/,posts,305456,https://coincu.com/c/cmc,https://coincu.com/cmc/,0,no_match_in_raw
https://coincu.com/qubetics-bitcoin-cash-bittensor-tao-the-crypto-top-gainers-revolutionizing-blockchain-in-2025/,posts,322632,https://coincu.com/c/casino-reviews/,https://coincu.com/casino-reviews/,0,no_match_in_raw
https://coincu.com/qubetics-bitcoin-cash-bittensor-tao-the-crypto-top-gainers-revolutionizing-blockchain-in-2025/,posts,322632,https://coincu.com/c/pr/press-release/,https://coincu.com/pr/press-release/,0,no_match_in_raw
https://coincu.com/qubetics-bitcoin-cash-bittensor-tao-the-crypto-top-gainers-revolutionizing-blockchain-in-2025/,posts,322632,https://coincu.com/c/cmc,https://coincu.com/cmc/,0,no_match_in_raw
https://coincu.com/qubetics-explosive-roi-kaspas-surge-and-seis-rise-the-top-cryptos-set-for-100x-gains/,posts,322151,https://coincu.com/c/casino-reviews/,https://coincu.com/casino-reviews/,0,no_match_in_raw
https://coincu.com/qubetics-explosive-roi-kaspas-surge-and-seis-rise-the-top-cryptos-set-for-100x-gains/,posts,322151,https://coincu.com/c/pr/press-release/,https://coincu.com/pr/press-release/,0,no_match_in_raw
https://coincu.com/qubetics-explosive-roi-kaspas-surge-and-seis-rise-the-top-cryptos-set-for-100x-gains/,posts,322151,https://coincu.com/c/cmc,https://coincu.com/cmc/,0,no_match_in_raw
https://coincu.com/top-meme-coins-to-invest-in-now-arctic-pablo-coin-pepe-coin-bonk-unmissable-roi-opportunities/,posts,304708,https://coincu.com/c/casino-reviews/,https://coincu.com/casino-reviews/,0,no_match_in_raw
https://coincu.com/top-meme-coins-to-invest-in-now-arctic-pablo-coin-pepe-coin-bonk-unmissable-roi-opportunities/,posts,304708,https://coincu.com/c/pr/press-release/,https://coincu.com/pr/press-release/,0,no_match_in_raw
https://coincu.com/top-meme-coins-to-invest-in-now-arctic-pablo-coin-pepe-coin-bonk-unmissable-roi-opportunities/,posts,304708,https://coincu.com/c/cmc,https://coincu.com/cmc/,0,no_match_in_raw
https://coincu.com/best-cryptos-to-join-for-long-term-wins-btfd-coins-100-bonus-fuels-a-buying-frenzy-while-not-and-bome-hold-their-ground/,posts,305120,https://coincu.com/c/casino-reviews/,https://coincu.com/casino-reviews/,0,no_match_in_raw
https://coincu.com/best-cryptos-to-join-for-long-term-wins-btfd-coins-100-bonus-fuels-a-buying-frenzy-while-not-and-bome-hold-their-ground/,posts,305120,https://coincu.com/c/pr/press-release/,https://coincu.com/pr/press-release/,0,no_match_in_raw
https://coincu.com/best-cryptos-to-join-for-long-term-wins-btfd-coins-100-bonus-fuels-a-buying-frenzy-while-not-and-bome-hold-their-ground/,posts,305120,https://coincu.com/c/cmc,https://coincu.com/cmc/,0,no_match_in_raw
https://coincu.com/pudgy-penguins-made-millionaires-overnight-will-this-new-meme-coin-be-the-next-big-crypto-jackpot/,posts,322386,https://coincu.com/c/casino-reviews/,https://coincu.com/casino-reviews/,0,no_match_in_raw
https://coincu.com/pudgy-penguins-made-millionaires-overnight-will-this-new-meme-coin-be-the-next-big-crypto-jackpot/,posts,322386,https://coincu.com/c/pr/press-release/,https://coincu.com/pr/press-release/,0,no_match_in_raw
https://coincu.com/pudgy-penguins-made-millionaires-overnight-will-this-new-meme-coin-be-the-next-big-crypto-jackpot/,posts,322386,https://coincu.com/c/cmc,https://coincu.com/cmc/,0,no_match_in_raw
https://coincu.com/top-meme-coins-for-exponential-returns-arctic-pablo-coin-popcat-and-brett/,posts,327986,https://coincu.com/c/casino-reviews/,https://coincu.com/casino-reviews/,0,no_match_in_raw
https://coincu.com/top-meme-coins-for-exponential-returns-arctic-pablo-coin-popcat-and-brett/,posts,327986,https://coincu.com/c/pr/press-release/,https://coincu.com/pr/press-release/,0,no_match_in_raw
https://coincu.com/top-meme-coins-for-exponential-returns-arctic-pablo-coin-popcat-and-brett/,posts,327986,https://coincu.com/c/cmc,https://coincu.com/cmc/,0,no_match_in_raw
https://coincu.com/arctic-pablo-coins-token-burns-bonks-market-surge-and-pepe-coins-community-drive-best-meme-coins-to-invest-in-this-month/,posts,311480,https://coincu.com/c/casino-reviews/,https://coincu.com/casino-reviews/,0,no_match_in_raw
https://coincu.com/arctic-pablo-coins-token-burns-bonks-market-surge-and-pepe-coins-community-drive-best-meme-coins-to-invest-in-this-month/,posts,311480,https://coincu.com/c/pr/press-release/,https://coincu.com/pr/press-release/,0,no_match_in_raw
https://coincu.com/arctic-pablo-coins-token-burns-bonks-market-surge-and-pepe-coins-community-drive-best-meme-coins-to-invest-in-this-month/,posts,311480,https://coincu.com/c/cmc,https://coincu.com/cmc/,0,no_match_in_raw
https://coincu.com/top-new-meme-coins-to-buy-this-week-btfd-sells-over-70b-tokens-while-apu-apustaja-and-fartcoin-shine-bright-with-74m-and-319m-in-cap/,posts,323404,https://coincu.com/c/casino-reviews/,https://coincu.com/casino-reviews/,0,no_match_in_raw
https://coincu.com/top-new-meme-coins-to-buy-this-week-btfd-sells-over-70b-tokens-while-apu-apustaja-and-fartcoin-shine-bright-with-74m-and-319m-in-cap/,posts,323404,https://coincu.com/c/pr/press-release/,https://coincu.com/pr/press-release/,0,no_match_in_raw
https://coincu.com/top-new-meme-coins-to-buy-this-week-btfd-sells-over-70b-tokens-while-apu-apustaja-and-fartcoin-shine-bright-with-74m-and-319m-in-cap/,posts,323404,https://coincu.com/c/cmc,https://coincu.com/cmc/,0,no_match_in_raw
https://coincu.com/best-new-meme-coins-to-join-this-month-btfd-coins-p2e-game-and-3650-roi-potential-amid-pengu-and-toshi-buzz/,posts,323525,https://coincu.com/c/casino-reviews/,https://coincu.com/casino-reviews/,0,no_match_in_raw
https://coincu.com/best-new-meme-coins-to-join-this-month-btfd-coins-p2e-game-and-3650-roi-potential-amid-pengu-and-toshi-buzz/,posts,323525,https://coincu.com/c/pr/press-release/,https://coincu.com/pr/press-release/,0,no_match_in_raw
https://coincu.com/best-new-meme-coins-to-join-this-month-btfd-coins-p2e-game-and-3650-roi-potential-amid-pengu-and-toshi-buzz/,posts,323525,https://coincu.com/c/cmc,https://coincu.com/cmc/,0,no_match_in_raw
https://coincu.com/best-meme-coins-for-massive-return-potential-arctic-pablo-turbo-popcat/,posts,326874,https://coincu.com/c/casino-reviews/,https://coincu.com/casino-reviews/,0,no_match_in_raw
https://coincu.com/best-meme-coins-for-massive-return-potential-arctic-pablo-turbo-popcat/,posts,326874,https://coincu.com/c/pr/press-release/,https://coincu.com/pr/press-release/,0,no_match_in_raw
https://coincu.com/best-meme-coins-for-massive-return-potential-arctic-pablo-turbo-popcat/,posts,326874,https://coincu.com/c/cmc,https://coincu.com/cmc/,0,no_match_in_raw
https://coincu.com/top-meme-coins-to-join-for-the-long-term-arctic-pablo-coin-comedian-and-sudeng/,posts,326877,https://coincu.com/c/casino-reviews/,https://coincu.com/casino-reviews/,0,no_match_in_raw
https://coincu.com/top-meme-coins-to-join-for-the-long-term-arctic-pablo-coin-comedian-and-sudeng/,posts,326877,https://coincu.com/c/pr/press-release/,https://coincu.com/pr/press-release/,0,no_match_in_raw
https://coincu.com/top-meme-coins-to-join-for-the-long-term-arctic-pablo-coin-comedian-and-sudeng/,posts,326877,https://coincu.com/c/cmc,https://coincu.com/cmc/,0,no_match_in_raw
https://coincu.com/best-new-meme-coins-for-massive-return-potential-arctic-pablo-official-melania-and-pudgy-penguins/,posts,328093,https://coincu.com/c/casino-reviews/,https://coincu.com/casino-reviews/,0,no_match_in_raw
https://coincu.com/best-new-meme-coins-for-massive-return-potential-arctic-pablo-official-melania-and-pudgy-penguins/,posts,328093,https://coincu.com/c/pr/press-release/,https://coincu.com/pr/press-release/,0,no_match_in_raw
https://coincu.com/best-new-meme-coins-for-massive-return-potential-arctic-pablo-official-melania-and-pudgy-penguins/,posts,328093,https://coincu.com/c/cmc,https://coincu.com/cmc/,0,no_match_in_raw
https://coincu.com/arctic-pablo-coin-shines-among-the-best-new-meme-coins-for-exponential-returns-bone-shibaswap-and-andy-surge/,posts,327144,https://coincu.com/c/casino-reviews/,https://coincu.com/casino-reviews/,0,no_match_in_raw
https://coincu.com/arctic-pablo-coin-shines-among-the-best-new-meme-coins-for-exponential-returns-bone-shibaswap-and-andy-surge/,posts,327144,https://coincu.com/c/pr/press-release/,https://coincu.com/pr/press-release/,0,no_match_in_raw
https://coincu.com/arctic-pablo-coin-shines-among-the-best-new-meme-coins-for-exponential-returns-bone-shibaswap-and-andy-surge/,posts,327144,https://coincu.com/c/cmc,https://coincu.com/cmc/,0,no_match_in_raw
https://coincu.com/best-crypto-to-invest-arctic-pablo-book-of-meme-turbo/,posts,323837,https://coincu.com/c/casino-reviews/,https://coincu.com/casino-reviews/,0,no_match_in_raw
https://coincu.com/best-crypto-to-invest-arctic-pablo-book-of-meme-turbo/,posts,323837,https://coincu.com/c/pr/press-release/,https://coincu.com/pr/press-release/,0,no_match_in_raw
https://coincu.com/best-crypto-to-invest-arctic-pablo-book-of-meme-turbo/,posts,323837,https://coincu.com/c/cmc,https://coincu.com/cmc/,0,no_match_in_raw
https://coincu.com/best-meme-coins-to-join-now-arctic-pablo-coin-official-melania-meme-and-toshi/,posts,327438,https://coincu.com/c/casino-reviews/,https://coincu.com/casino-reviews/,0,no_match_in_raw
https://coincu.com/best-meme-coins-to-join-now-arctic-pablo-coin-official-melania-meme-and-toshi/,posts,327438,https://coincu.com/c/pr/press-release/,https://coincu.com/pr/press-release/,0,no_match_in_raw
https://coincu.com/best-meme-coins-to-join-now-arctic-pablo-coin-official-melania-meme-and-toshi/,posts,327438,https://coincu.com/c/cmc,https://coincu.com/cmc/,0,no_match_in_raw
https://coincu.com/best-meme-coins-for-exponential-returns-arctic-pablo-coin-boneshibaswap-shiba-inu/,posts,325719,https://coincu.com/c/casino-reviews/,https://coincu.com/casino-reviews/,0,no_match_in_raw
https://coincu.com/best-meme-coins-for-exponential-returns-arctic-pablo-coin-boneshibaswap-shiba-inu/,posts,325719,https://coincu.com/c/pr/press-release/,https://coincu.com/pr/press-release/,0,no_match_in_raw
https://coincu.com/best-meme-coins-for-exponential-returns-arctic-pablo-coin-boneshibaswap-shiba-inu/,posts,325719,https://coincu.com/c/cmc,https://coincu.com/cmc/,0,no_match_in_raw
https://coincu.com/top-new-meme-coins-to-buy-this-month-btfd-hits-5-6m-baby-doge-surges-dogs-spikes-128/,posts,303913,https://coincu.com/c/casino-reviews/,https://coincu.com/casino-reviews/,0,no_match_in_raw
https://coincu.com/top-new-meme-coins-to-buy-this-month-btfd-hits-5-6m-baby-doge-surges-dogs-spikes-128/,posts,303913,https://coincu.com/c/pr/press-release/,https://coincu.com/pr/press-release/,0,no_match_in_raw
https://coincu.com/top-new-meme-coins-to-buy-this-month-btfd-hits-5-6m-baby-doge-surges-dogs-spikes-128/,posts,303913,https://coincu.com/c/cmc,https://coincu.com/cmc/,0,no_match_in_raw
https://coincu.com/best-new-meme-coins-to-join-today-from-book-of-memes-ico-boom-to-btfd-coins-bulls-takeover-stage-14-ends-soon/,posts,321768,https://coincu.com/c/casino-reviews/,https://coincu.com/casino-reviews/,0,no_match_in_raw
https://coincu.com/best-new-meme-coins-to-join-today-from-book-of-memes-ico-boom-to-btfd-coins-bulls-takeover-stage-14-ends-soon/,posts,321768,https://coincu.com/c/pr/press-release/,https://coincu.com/pr/press-release/,0,no_match_in_raw
https://coincu.com/best-new-meme-coins-to-join-today-from-book-of-memes-ico-boom-to-btfd-coins-bulls-takeover-stage-14-ends-soon/,posts,321768,https://coincu.com/c/cmc,https://coincu.com/cmc/,0,no_match_in_raw
https://coincu.com/best-meme-coins-to-join-now-arctic-pablo-coin-memecoin-turbo/,posts,321332,https://coincu.com/c/casino-reviews/,https://coincu.com/casino-reviews/,0,no_match_in_raw
https://coincu.com/best-meme-coins-to-join-now-arctic-pablo-coin-memecoin-turbo/,posts,321332,https://coincu.com/c/pr/press-release/,https://coincu.com/pr/press-release/,0,no_match_in_raw
https://coincu.com/best-meme-coins-to-join-now-arctic-pablo-coin-memecoin-turbo/,posts,321332,https://coincu.com/c/cmc,https://coincu.com/cmc/,0,no_match_in_raw
https://coincu.com/if-you-were-too-late-for-floki-inu-dont-miss-your-chance-to-get-in-early-with-arctic-pablo-a-meme-coin-that-could-deliver-huge-gains/,posts,304851,https://coincu.com/c/casino-reviews/,https://coincu.com/casino-reviews/,0,no_match_in_raw
https://coincu.com/if-you-were-too-late-for-floki-inu-dont-miss-your-chance-to-get-in-early-with-arctic-pablo-a-meme-coin-that-could-deliver-huge-gains/,posts,304851,https://coincu.com/c/pr/press-release/,https://coincu.com/pr/press-release/,0,no_match_in_raw
https://coincu.com/if-you-were-too-late-for-floki-inu-dont-miss-your-chance-to-get-in-early-with-arctic-pablo-a-meme-coin-that-could-deliver-huge-gains/,posts,304851,https://coincu.com/c/cmc,https://coincu.com/cmc/,0,no_match_in_raw
https://coincu.com/top-crypto-arctic-pablo-coin-gala-and-internet-computer-protocol-unmissable-investment-opportunities/,posts,321544,https://coincu.com/c/casino-reviews/,https://coincu.com/casino-reviews/,0,no_match_in_raw
https://coincu.com/top-crypto-arctic-pablo-coin-gala-and-internet-computer-protocol-unmissable-investment-opportunities/,posts,321544,https://coincu.com/c/pr/press-release/,https://coincu.com/pr/press-release/,0,no_match_in_raw
https://coincu.com/top-crypto-arctic-pablo-coin-gala-and-internet-computer-protocol-unmissable-investment-opportunities/,posts,321544,https://coincu.com/c/cmc,https://coincu.com/cmc/,0,no_match_in_raw
https://coincu.com/top-meme-coins-to-join-for-long-term-arctic-pablo-coin-official-melania-meme-ai16z-insights/,posts,324158,https://coincu.com/c/casino-reviews/,https://coincu.com/casino-reviews/,0,no_match_in_raw
https://coincu.com/top-meme-coins-to-join-for-long-term-arctic-pablo-coin-official-melania-meme-ai16z-insights/,posts,324158,https://coincu.com/c/pr/press-release/,https://coincu.com/pr/press-release/,0,no_match_in_raw
https://coincu.com/top-meme-coins-to-join-for-long-term-arctic-pablo-coin-official-melania-meme-ai16z-insights/,posts,324158,https://coincu.com/c/cmc,https://coincu.com/cmc/,0,no_match_in_raw
https://coincu.com/top-meme-coins-to-invest-in-this-week-arctic-pablo-coin-apu-apustaja-degen-massive-roi-staking-rewards/,posts,305426,https://coincu.com/c/casino-reviews/,https://coincu.com/casino-reviews/,0,no_match_in_raw
https://coincu.com/top-meme-coins-to-invest-in-this-week-arctic-pablo-coin-apu-apustaja-degen-massive-roi-staking-rewards/,posts,305426,https://coincu.com/c/pr/press-release/,https://coincu.com/pr/press-release/,0,no_match_in_raw
https://coincu.com/top-meme-coins-to-invest-in-this-week-arctic-pablo-coin-apu-apustaja-degen-massive-roi-staking-rewards/,posts,305426,https://coincu.com/c/cmc,https://coincu.com/cmc/,0,no_match_in_raw
https://coincu.com/missed-goatseus-maximus-early-surge-dont-let-btfd-coins-slip-away-3650-roi-top-new-meme-coins-for-significant-returns-await/,posts,323734,https://coincu.com/c/casino-reviews/,https://coincu.com/casino-reviews/,0,no_match_in_raw
https://coincu.com/missed-goatseus-maximus-early-surge-dont-let-btfd-coins-slip-away-3650-roi-top-new-meme-coins-for-significant-returns-await/,posts,323734,https://coincu.com/c/pr/press-release/,https://coincu.com/pr/press-release/,0,no_match_in_raw
https://coincu.com/missed-goatseus-maximus-early-surge-dont-let-btfd-coins-slip-away-3650-roi-top-new-meme-coins-for-significant-returns-await/,posts,323734,https://coincu.com/c/cmc,https://coincu.com/cmc/,0,no_match_in_raw
https://coincu.com/best-meme-coins-to-invest-in-for-short-term-arctic-pablo-coin-just-a-chill-guy-and-spx6900/,posts,307222,https://coincu.com/c/casino-reviews/,https://coincu.com/casino-reviews/,0,no_match_in_raw
https://coincu.com/best-meme-coins-to-invest-in-for-short-term-arctic-pablo-coin-just-a-chill-guy-and-spx6900/,posts,307222,https://coincu.com/c/pr/press-release/,https://coincu.com/pr/press-release/,0,no_match_in_raw
https://coincu.com/best-meme-coins-to-invest-in-for-short-term-arctic-pablo-coin-just-a-chill-guy-and-spx6900/,posts,307222,https://coincu.com/c/cmc,https://coincu.com/cmc/,0,no_match_in_raw
https://coincu.com/best-meme-coins-for-exponential-returns-arctic-pablo-more/,posts,322171,https://coincu.com/c/casino-reviews/,https://coincu.com/casino-reviews/,0,no_match_in_raw
https://coincu.com/best-meme-coins-for-exponential-returns-arctic-pablo-more/,posts,322171,https://coincu.com/c/pr/press-release/,https://coincu.com/pr/press-release/,0,no_match_in_raw
https://coincu.com/best-meme-coins-for-exponential-returns-arctic-pablo-more/,posts,322171,https://coincu.com/c/cmc,https://coincu.com/cmc/,0,no_match_in_raw
https://coincu.com/3-best-new-meme-coins-to-invest-in-now-flip-14k-into-525k-with-btfd-coin-or-ride-the-meme-wave-with-goat-and-bome/,posts,326332,https://coincu.com/c/casino-reviews/,https://coincu.com/casino-reviews/,0,no_match_in_raw
https://coincu.com/3-best-new-meme-coins-to-invest-in-now-flip-14k-into-525k-with-btfd-coin-or-ride-the-meme-wave-with-goat-and-bome/,posts,326332,https://coincu.com/c/pr/press-release/,https://coincu.com/pr/press-release/,0,no_match_in_raw
https://coincu.com/3-best-new-meme-coins-to-invest-in-now-flip-14k-into-525k-with-btfd-coin-or-ride-the-meme-wave-with-goat-and-bome/,posts,326332,https://coincu.com/c/cmc,https://coincu.com/cmc/,0,no_match_in_raw
https://coincu.com/best-new-meme-coins-to-buy-and-hold-for-long-term-btfd-coin-dogwifhat-and-cheems/,posts,298208,https://coincu.com/c/casino-reviews/,https://coincu.com/casino-reviews/,0,no_match_in_raw
https://coincu.com/best-new-meme-coins-to-buy-and-hold-for-long-term-btfd-coin-dogwifhat-and-cheems/,posts,298208,https://coincu.com/c/pr/press-release/,https://coincu.com/pr/press-release/,0,no_match_in_raw
https://coincu.com/best-new-meme-coins-to-buy-and-hold-for-long-term-btfd-coin-dogwifhat-and-cheems/,posts,298208,https://coincu.com/c/cmc,https://coincu.com/cmc/,0,no_match_in_raw
https://coincu.com/top-meme-coin-to-invest-in-2025-arctic-pablo-dogwifhat-and-cheems/,posts,302123,https://coincu.com/c/casino-reviews/,https://coincu.com/casino-reviews/,0,no_match_in_raw
https://coincu.com/top-meme-coin-to-invest-in-2025-arctic-pablo-dogwifhat-and-cheems/,posts,302123,https://coincu.com/c/pr/press-release/,https://coincu.com/pr/press-release/,0,no_match_in_raw
https://coincu.com/top-meme-coin-to-invest-in-2025-arctic-pablo-dogwifhat-and-cheems/,posts,302123,https://coincu.com/c/cmc,https://coincu.com/cmc/,0,no_match_in_raw
https://coincu.com/bonks-boom-and-arctic-pablos-ascent-unearthing-the-top-meme-coins-to-invest-in-now/,posts,304890,https://coincu.com/c/casino-reviews/,https://coincu.com/casino-reviews/,0,no_match_in_raw
https://coincu.com/bonks-boom-and-arctic-pablos-ascent-unearthing-the-top-meme-coins-to-invest-in-now/,posts,304890,https://coincu.com/c/pr/press-release/,https://coincu.com/pr/press-release/,0,no_match_in_raw
https://coincu.com/bonks-boom-and-arctic-pablos-ascent-unearthing-the-top-meme-coins-to-invest-in-now/,posts,304890,https://coincu.com/c/cmc,https://coincu.com/cmc/,0,no_match_in_raw
https://coincu.com/bonk-successor-arctic-pablo-is-a-must-watch-among-the-top-meme-coins-to-invest-in/,posts,311489,https://coincu.com/c/casino-reviews/,https://coincu.com/casino-reviews/,0,no_match_in_raw
https://coincu.com/bonk-successor-arctic-pablo-is-a-must-watch-among-the-top-meme-coins-to-invest-in/,posts,311489,https://coincu.com/c/pr/press-release/,https://coincu.com/pr/press-release/,0,no_match_in_raw
https://coincu.com/bonk-successor-arctic-pablo-is-a-must-watch-among-the-top-meme-coins-to-invest-in/,posts,311489,https://coincu.com/c/cmc,https://coincu.com/cmc/,0,no_match_in_raw
https://coincu.com/best-crypto-to-invest-arctic-pablo-degen-and-notcoin-for-massive-roi-in-2025-2/,posts,305188,https://coincu.com/c/casino-reviews/,https://coincu.com/casino-reviews/,0,no_match_in_raw
https://coincu.com/best-crypto-to-invest-arctic-pablo-degen-and-notcoin-for-massive-roi-in-2025-2/,posts,305188,https://coincu.com/c/pr/press-release/,https://coincu.com/pr/press-release/,0,no_match_in_raw
https://coincu.com/best-crypto-to-invest-arctic-pablo-degen-and-notcoin-for-massive-roi-in-2025-2/,posts,305188,https://coincu.com/c/cmc,https://coincu.com/cmc/,0,no_match_in_raw
https://coincu.com/arctic-pablo-coin-trump-meme-coin-peanut-the-squirrel-top-new-meme-coins-to-buy-this-week/,posts,322421,https://coincu.com/c/casino-reviews/,https://coincu.com/casino-reviews/,0,no_match_in_raw
https://coincu.com/arctic-pablo-coin-trump-meme-coin-peanut-the-squirrel-top-new-meme-coins-to-buy-this-week/,posts,322421,https://coincu.com/c/pr/press-release/,https://coincu.com/pr/press-release/,0,no_match_in_raw
https://coincu.com/arctic-pablo-coin-trump-meme-coin-peanut-the-squirrel-top-new-meme-coins-to-buy-this-week/,posts,322421,https://coincu.com/c/cmc,https://coincu.com/cmc/,0,no_match_in_raw
https://coincu.com/best-new-meme-coins-to-buy-for-2025-get-a-10-bonus-in-tokens-with-btfds-referral-program-or-grab-a-slice-of-pepe-and-ponkes-glory/,posts,304944,https://coincu.com/c/casino-reviews/,https://coincu.com/casino-reviews/,0,no_match_in_raw
https://coincu.com/best-new-meme-coins-to-buy-for-2025-get-a-10-bonus-in-tokens-with-btfds-referral-program-or-grab-a-slice-of-pepe-and-ponkes-glory/,posts,304944,https://coincu.com/c/pr/press-release/,https://coincu.com/pr/press-release/,0,no_match_in_raw
https://coincu.com/best-new-meme-coins-to-buy-for-2025-get-a-10-bonus-in-tokens-with-btfds-referral-program-or-grab-a-slice-of-pepe-and-ponkes-glory/,posts,304944,https://coincu.com/c/cmc,https://coincu.com/cmc/,0,no_match_in_raw
https://coincu.com/best-new-meme-coins-to-buy-for-2025-arctic-pablo-coin-gotseus-maximus-turbo/,posts,305196,https://coincu.com/c/casino-reviews/,https://coincu.com/casino-reviews/,0,no_match_in_raw
https://coincu.com/best-new-meme-coins-to-buy-for-2025-arctic-pablo-coin-gotseus-maximus-turbo/,posts,305196,https://coincu.com/c/pr/press-release/,https://coincu.com/pr/press-release/,0,no_match_in_raw
https://coincu.com/best-new-meme-coins-to-buy-for-2025-arctic-pablo-coin-gotseus-maximus-turbo/,posts,305196,https://coincu.com/c/cmc,https://coincu.com/cmc/,0,no_match_in_raw
https://coincu.com/pepeto-vs-pepe-a-new-meme-coin-rival-in-2025/,posts,304290,https://coincu.com/c/casino-reviews/,https://coincu.com/casino-reviews/,0,no_match_in_raw
https://coincu.com/pepeto-vs-pepe-a-new-meme-coin-rival-in-2025/,posts,304290,https://coincu.com/c/press-release,https://coincu.com/press-release/,0,no_match_in_raw
https://coincu.com/pepeto-vs-pepe-a-new-meme-coin-rival-in-2025/,posts,304290,https://coincu.com/c/pr/press-release/,https://coincu.com/pr/press-release/,0,no_match_in_raw
https://coincu.com/best-crypto-under-a-penny-investors-are-going-crazy-over-btfd-coins-100-bonus-amid-doges-legal-issues-and-pepes-11-dip/,posts,303519,https://coincu.com/c/casino-reviews/,https://coincu.com/casino-reviews/,0,no_match_in_raw
https://coincu.com/best-crypto-under-a-penny-investors-are-going-crazy-over-btfd-coins-100-bonus-amid-doges-legal-issues-and-pepes-11-dip/,posts,303519,https://coincu.com/c/pr/press-release/,https://coincu.com/pr/press-release/,0,no_match_in_raw
https://coincu.com/best-crypto-under-a-penny-investors-are-going-crazy-over-btfd-coins-100-bonus-amid-doges-legal-issues-and-pepes-11-dip/,posts,303519,https://coincu.com/c/cmc,https://coincu.com/cmc/,0,no_match_in_raw
https://coincu.com/why-is-cryptocurrency-still-not-regulated-in-vietnam/,posts,271610,https://coincu.com/c/casino-reviews/,https://coincu.com/casino-reviews/,0,no_match_in_raw
https://coincu.com/why-is-cryptocurrency-still-not-regulated-in-vietnam/,posts,271610,https://coincu.com/c/pr/press-release/,https://coincu.com/pr/press-release/,0,no_match_in_raw
https://coincu.com/why-is-cryptocurrency-still-not-regulated-in-vietnam/,posts,271610,https://coincu.com/c/news,https://coincu.com/news/,0,no_match_in_raw
https://coincu.com/philippines-and-vietnam-top-crypto-games/,posts,217112,https://coincu.com/c/casino-reviews/,https://coincu.com/casino-reviews/,0,no_match_in_raw
https://coincu.com/philippines-and-vietnam-top-crypto-games/,posts,217112,https://coincu.com/c/pr/press-release/,https://coincu.com/pr/press-release/,0,no_match_in_raw
https://coincu.com/philippines-and-vietnam-top-crypto-games/,posts,217112,https://coincu.com/c/news,https://coincu.com/news/,0,no_match_in_raw
https://coincu.com/metamask-users-should-be-careful/,posts,215540,https://coincu.com/c/casino-reviews/,https://coincu.com/casino-reviews/,0,no_match_in_raw
https://coincu.com/metamask-users-should-be-careful/,posts,215540,https://coincu.com/c/pr/press-release/,https://coincu.com/pr/press-release/,0,no_match_in_raw
https://coincu.com/metamask-users-should-be-careful/,posts,215540,https://coincu.com/c/scam-alert,https://coincu.com/scam-alert/,0,no_match_in_raw
https://coincu.com/too-late-for-pudgy-penguins-arctic-pablo-is-one-of-the-best-new-meme-coins-to-join-now/,posts,322914,https://coincu.com/c/casino-reviews/,https://coincu.com/casino-reviews/,0,no_match_in_raw
https://coincu.com/too-late-for-pudgy-penguins-arctic-pablo-is-one-of-the-best-new-meme-coins-to-join-now/,posts,322914,https://coincu.com/c/pr/press-release/,https://coincu.com/pr/press-release/,0,no_match_in_raw
https://coincu.com/too-late-for-pudgy-penguins-arctic-pablo-is-one-of-the-best-new-meme-coins-to-join-now/,posts,322914,https://coincu.com/c/cmc,https://coincu.com/cmc/,0,no_match_in_raw
https://coincu.com/sei-network-reveals-its-tokenomics/,posts,210749,https://coincu.com/c/casino-reviews/,https://coincu.com/casino-reviews/,0,no_match_in_raw
https://coincu.com/sei-network-reveals-its-tokenomics/,posts,210749,https://coincu.com/c/pr/press-release/,https://coincu.com/pr/press-release/,0,no_match_in_raw
https://coincu.com/sei-network-reveals-its-tokenomics/,posts,210749,https://coincu.com/c/news,https://coincu.com/news/,0,no_match_in_raw
https://coincu.com/tokenomics-explained/,posts,282849,https://coincu.com/c/casino-reviews/,https://coincu.com/casino-reviews/,0,no_match_in_raw
https://coincu.com/tokenomics-explained/,posts,282849,https://coincu.com/c/pr/press-release/,https://coincu.com/pr/press-release/,0,no_match_in_raw
https://coincu.com/tokenomics-explained/,posts,282849,https://coincu.com/c/knowledge,https://coincu.com/knowledge/,0,no_match_in_raw
https://coincu.com/worldcoin-now-announced-wld-tokenomics/,posts,205370,https://coincu.com/c/casino-reviews/,https://coincu.com/casino-reviews/,0,no_match_in_raw
https://coincu.com/worldcoin-now-announced-wld-tokenomics/,posts,205370,https://coincu.com/c/pr/press-release/,https://coincu.com/pr/press-release/,0,no_match_in_raw
https://coincu.com/worldcoin-now-announced-wld-tokenomics/,posts,205370,https://coincu.com/c/news,https://coincu.com/news/,0,no_match_in_raw
https://coincu.com/bitgo-singapore-launched-to-drive-potential-apac/,posts,293156,https://coincu.com/c/casino-reviews/,https://coincu.com/casino-reviews/,0,no_match_in_raw
https://coincu.com/bitgo-singapore-launched-to-drive-potential-apac/,posts,293156,https://coincu.com/c/pr/press-release/,https://coincu.com/pr/press-release/,0,no_match_in_raw
https://coincu.com/bitgo-singapore-launched-to-drive-potential-apac/,posts,293156,https://coincu.com/c/news,https://coincu.com/news/,0,no_match_in_raw
https://coincu.com/bank-of-italy-legal-framework-stablecoins/,posts,198804,https://coincu.com/c/casino-reviews/,https://coincu.com/casino-reviews/,0,no_match_in_raw
https://coincu.com/bank-of-italy-legal-framework-stablecoins/,posts,198804,https://coincu.com/c/pr/press-release/,https://coincu.com/pr/press-release/,0,no_match_in_raw
https://coincu.com/bank-of-italy-legal-framework-stablecoins/,posts,198804,https://coincu.com/c/news,https://coincu.com/news/,0,no_match_in_raw
https://coincu.com/binance-halts-delisting-privacy-tokens/,posts,197881,https://coincu.com/c/casino-reviews/,https://coincu.com/casino-reviews/,0,no_match_in_raw
https://coincu.com/binance-halts-delisting-privacy-tokens/,posts,197881,https://coincu.com/c/pr/press-release/,https://coincu.com/pr/press-release/,0,no_match_in_raw
https://coincu.com/binance-halts-delisting-privacy-tokens/,posts,197881,https://coincu.com/c/news,https://coincu.com/news/,0,no_match_in_raw
https://coincu.com/banca-sella-bitcoin-service-available-to-users/,posts,278825,https://coincu.com/c/casino-reviews/,https://coincu.com/casino-reviews/,0,no_match_in_raw
https://coincu.com/banca-sella-bitcoin-service-available-to-users/,posts,278825,https://coincu.com/c/pr/press-release/,https://coincu.com/pr/press-release/,0,no_match_in_raw
https://coincu.com/banca-sella-bitcoin-service-available-to-users/,posts,278825,https://coincu.com/c/news,https://coincu.com/news/,0,no_match_in_raw
https://coincu.com/investors-abandon-shiba-inu-and-dogecoin-for-this-ai-coin-with-10x-potential/,posts,322353,https://coincu.com/c/casino-reviews/,https://coincu.com/casino-reviews/,0,no_match_in_raw
https://coincu.com/investors-abandon-shiba-inu-and-dogecoin-for-this-ai-coin-with-10x-potential/,posts,322353,https://coincu.com/c/press-release,https://coincu.com/press-release/,0,no_match_in_raw
https://coincu.com/investors-abandon-shiba-inu-and-dogecoin-for-this-ai-coin-with-10x-potential/,posts,322353,https://coincu.com/c/pr/press-release/,https://coincu.com/pr/press-release/,0,no_match_in_raw
https://coincu.com/did-you-miss-dogecoins-ico-lets-talk-about-btfd-coins-90-apy-as-one-of-the-best-new-meme-coins-to-invest-in-for-short-term-roi/,posts,303320,https://coincu.com/c/casino-reviews/,https://coincu.com/casino-reviews/,0,no_match_in_raw
https://coincu.com/did-you-miss-dogecoins-ico-lets-talk-about-btfd-coins-90-apy-as-one-of-the-best-new-meme-coins-to-invest-in-for-short-term-roi/,posts,303320,https://coincu.com/c/pr/press-release/,https://coincu.com/pr/press-release/,0,no_match_in_raw
https://coincu.com/did-you-miss-dogecoins-ico-lets-talk-about-btfd-coins-90-apy-as-one-of-the-best-new-meme-coins-to-invest-in-for-short-term-roi/,posts,303320,https://coincu.com/c/cmc,https://coincu.com/cmc/,0,no_match_in_raw
https://coincu.com/best-crypto-picks-of-january-2025-btfd-coin-act-i-the-ai-prophecy-and-moo-deng/,posts,302560,https://coincu.com/c/casino-reviews/,https://coincu.com/casino-reviews/,0,no_match_in_raw
https://coincu.com/best-crypto-picks-of-january-2025-btfd-coin-act-i-the-ai-prophecy-and-moo-deng/,posts,302560,https://coincu.com/c/pr/press-release/,https://coincu.com/pr/press-release/,0,no_match_in_raw
https://coincu.com/best-crypto-picks-of-january-2025-btfd-coin-act-i-the-ai-prophecy-and-moo-deng/,posts,302560,https://coincu.com/c/cmc,https://coincu.com/cmc/,0,no_match_in_raw
https://coincu.com/top-meme-coins-to-buy-now-arctic-pablo-coin-goatseus-maximus-and-peanut-the-squirrel/,posts,319729,https://coincu.com/c/casino-reviews/,https://coincu.com/casino-reviews/,0,no_match_in_raw
https://coincu.com/top-meme-coins-to-buy-now-arctic-pablo-coin-goatseus-maximus-and-peanut-the-squirrel/,posts,319729,https://coincu.com/c/pr/press-release/,https://coincu.com/pr/press-release/,0,no_match_in_raw
https://coincu.com/top-meme-coins-to-buy-now-arctic-pablo-coin-goatseus-maximus-and-peanut-the-squirrel/,posts,319729,https://coincu.com/c/cmc,https://coincu.com/cmc/,0,no_match_in_raw
https://coincu.com/best-meme-coins-with-1000x-potential-btfd-coin-dogwifhat-and-act-i/,posts,300152,https://coincu.com/c/casino-reviews/,https://coincu.com/casino-reviews/,0,no_match_in_raw
https://coincu.com/best-meme-coins-with-1000x-potential-btfd-coin-dogwifhat-and-act-i/,posts,300152,https://coincu.com/c/pr/press-release/,https://coincu.com/pr/press-release/,0,no_match_in_raw
https://coincu.com/best-meme-coins-with-1000x-potential-btfd-coin-dogwifhat-and-act-i/,posts,300152,https://coincu.com/c/cmc,https://coincu.com/cmc/,0,no_match_in_raw
https://coincu.com/btfd-coin-baby-doge-coin-and-act-i-the-ai-prophecy-look-fresh-as-the-best-new-meme-coins-to-buy-and-hold-for-the-long-term/,posts,299803,https://coincu.com/c/casino-reviews/,https://coincu.com/casino-reviews/,0,no_match_in_raw
https://coincu.com/btfd-coin-baby-doge-coin-and-act-i-the-ai-prophecy-look-fresh-as-the-best-new-meme-coins-to-buy-and-hold-for-the-long-term/,posts,299803,https://coincu.com/c/pr/press-release/,https://coincu.com/pr/press-release/,0,no_match_in_raw
https://coincu.com/btfd-coin-baby-doge-coin-and-act-i-the-ai-prophecy-look-fresh-as-the-best-new-meme-coins-to-buy-and-hold-for-the-long-term/,posts,299803,https://coincu.com/c/cmc,https://coincu.com/cmc/,0,no_match_in_raw
https://coincu.com/best-new-meme-coins-to-buy-in-january-2025-are-btfd-coin-brett-and-act/,posts,300211,https://coincu.com/c/casino-reviews/,https://coincu.com/casino-reviews/,0,no_match_in_raw
https://coincu.com/best-new-meme-coins-to-buy-in-january-2025-are-btfd-coin-brett-and-act/,posts,300211,https://coincu.com/c/pr/press-release/,https://coincu.com/pr/press-release/,0,no_match_in_raw
https://coincu.com/best-new-meme-coins-to-buy-in-january-2025-are-btfd-coin-brett-and-act/,posts,300211,https://coincu.com/c/cmc,https://coincu.com/cmc/,0,no_match_in_raw
https://coincu.com/2025s-under-the-radar-cryptos-top-picks-for-maximum-returns/,posts,324771,https://coincu.com/c/casino-reviews/,https://coincu.com/casino-reviews/,0,no_match_in_raw
https://coincu.com/2025s-under-the-radar-cryptos-top-picks-for-maximum-returns/,posts,324771,https://coincu.com/c/pr/press-release/,https://coincu.com/pr/press-release/,0,no_match_in_raw
https://coincu.com/2025s-under-the-radar-cryptos-top-picks-for-maximum-returns/,posts,324771,https://coincu.com/c/sponsored-articles-pr,https://coincu.com/sponsored-articles-pr/,0,no_match_in_raw
https://coincu.com/btfd-coin-tops-list-of-best-meme-coins-to-invest-in-now-as-meme-dips-4-71-and-act-i-the-ai-prophecy-rides-binance-listing-high/,posts,297716,https://coincu.com/c/casino-reviews/,https://coincu.com/casino-reviews/,0,no_match_in_raw
https://coincu.com/btfd-coin-tops-list-of-best-meme-coins-to-invest-in-now-as-meme-dips-4-71-and-act-i-the-ai-prophecy-rides-binance-listing-high/,posts,297716,https://coincu.com/c/pr/press-release/,https://coincu.com/pr/press-release/,0,no_match_in_raw
https://coincu.com/btfd-coin-tops-list-of-best-meme-coins-to-invest-in-now-as-meme-dips-4-71-and-act-i-the-ai-prophecy-rides-binance-listing-high/,posts,297716,https://coincu.com/c/cmc,https://coincu.com/cmc/,0,no_match_in_raw
https://coincu.com/whale-unveils-how-he-built-his-crypto-fortune-these-coins-are-key/,posts,329113,https://coincu.com/c/casino-reviews/,https://coincu.com/casino-reviews/,0,no_match_in_raw
https://coincu.com/whale-unveils-how-he-built-his-crypto-fortune-these-coins-are-key/,posts,329113,https://coincu.com/c/pr/press-release/,https://coincu.com/pr/press-release/,0,no_match_in_raw
https://coincu.com/whale-unveils-how-he-built-his-crypto-fortune-these-coins-are-key/,posts,329113,https://coincu.com/c/sponsored-articles-pr,https://coincu.com/sponsored-articles-pr/,0,no_match_in_raw
https://coincu.com/best-new-meme-coins-for-massive-return-potential-btfd-coin-cat-in-a-dogs-world-degen/,posts,298213,https://coincu.com/c/casino-reviews/,https://coincu.com/casino-reviews/,0,no_match_in_raw
https://coincu.com/best-new-meme-coins-for-massive-return-potential-btfd-coin-cat-in-a-dogs-world-degen/,posts,298213,https://coincu.com/c/pr/press-release/,https://coincu.com/pr/press-release/,0,no_match_in_raw
https://coincu.com/best-new-meme-coins-for-massive-return-potential-btfd-coin-cat-in-a-dogs-world-degen/,posts,298213,https://coincu.com/c/cmc,https://coincu.com/cmc/,0,no_match_in_raw
https://coincu.com/best-new-meme-coins-to-invest-in-today-btfd-coin-dogecoin-and-degen/,posts,300438,https://coincu.com/c/casino-reviews/,https://coincu.com/casino-reviews/,0,no_match_in_raw
https://coincu.com/best-new-meme-coins-to-invest-in-today-btfd-coin-dogecoin-and-degen/,posts,300438,https://coincu.com/c/pr/press-release/,https://coincu.com/pr/press-release/,0,no_match_in_raw
https://coincu.com/best-new-meme-coins-to-invest-in-today-btfd-coin-dogecoin-and-degen/,posts,300438,https://coincu.com/c/cmc,https://coincu.com/cmc/,0,no_match_in_raw
https://coincu.com/best-meme-coins-to-invest-in-this-week-btfd-coin-baby-doge-and-degen/,posts,297725,https://coincu.com/c/casino-reviews/,https://coincu.com/casino-reviews/,0,no_match_in_raw
https://coincu.com/best-meme-coins-to-invest-in-this-week-btfd-coin-baby-doge-and-degen/,posts,297725,https://coincu.com/c/pr/press-release/,https://coincu.com/pr/press-release/,0,no_match_in_raw
https://coincu.com/best-meme-coins-to-invest-in-this-week-btfd-coin-baby-doge-and-degen/,posts,297725,https://coincu.com/c/cmc,https://coincu.com/cmc/,0,no_match_in_raw
https://coincu.com/top-5-best-meme-coins/,posts,225253,https://coincu.com/c/casino-reviews/,https://coincu.com/casino-reviews/,0,no_match_in_raw
https://coincu.com/top-5-best-meme-coins/,posts,225253,https://coincu.com/c/pr/press-release/,https://coincu.com/pr/press-release/,0,no_match_in_raw
https://coincu.com/top-5-best-meme-coins/,posts,225253,https://coincu.com/c/top-projects,https://coincu.com/top-projects/,0,no_match_in_raw
https://coincu.com/coinmama-review-making-crypto-investing/,posts,181436,https://coincu.com/c/casino-reviews/,https://coincu.com/casino-reviews/,0,no_match_in_raw
https://coincu.com/coinmama-review-making-crypto-investing/,posts,181436,https://coincu.com/c/pr/press-release/,https://coincu.com/pr/press-release/,0,no_match_in_raw
https://coincu.com/coinmama-review-making-crypto-investing/,posts,181436,https://coincu.com/c/other-reviews,https://coincu.com/other-reviews/,0,no_match_in_raw
https://coincu.com/memecoin-mania-returns-billionaires-betting-big/,posts,250525,https://coincu.com/c/casino-reviews/,https://coincu.com/casino-reviews/,0,no_match_in_raw
https://coincu.com/memecoin-mania-returns-billionaires-betting-big/,posts,250525,https://coincu.com/c/pr/press-release/,https://coincu.com/pr/press-release/,0,no_match_in_raw
https://coincu.com/memecoin-mania-returns-billionaires-betting-big/,posts,250525,https://coincu.com/c/news,https://coincu.com/news/,0,no_match_in_raw
https://coincu.com/btfd-coin-brett-and-floki-inu-top-new-meme-coins-to-join-today-with-unique-features/,posts,307161,https://coincu.com/c/casino-reviews/,https://coincu.com/casino-reviews/,0,no_match_in_raw
https://coincu.com/btfd-coin-brett-and-floki-inu-top-new-meme-coins-to-join-today-with-unique-features/,posts,307161,https://coincu.com/c/pr/press-release/,https://coincu.com/pr/press-release/,0,no_match_in_raw
https://coincu.com/btfd-coin-brett-and-floki-inu-top-new-meme-coins-to-join-today-with-unique-features/,posts,307161,https://coincu.com/c/cmc,https://coincu.com/cmc/,0,no_match_in_raw
https://coincu.com/best-new-meme-coins-with-1000x-potential-btfd-coins-hot-big50-discount-as-baby-doge-coin-dogs-takes-gaming-to-the-next-level/,posts,298277,https://coincu.com/c/casino-reviews/,https://coincu.com/casino-reviews/,0,no_match_in_raw
https://coincu.com/best-new-meme-coins-with-1000x-potential-btfd-coins-hot-big50-discount-as-baby-doge-coin-dogs-takes-gaming-to-the-next-level/,posts,298277,https://coincu.com/c/pr/press-release/,https://coincu.com/pr/press-release/,0,no_match_in_raw
https://coincu.com/best-new-meme-coins-with-1000x-potential-btfd-coins-hot-big50-discount-as-baby-doge-coin-dogs-takes-gaming-to-the-next-level/,posts,298277,https://coincu.com/c/cmc,https://coincu.com/cmc/,0,no_match_in_raw
https://coincu.com/best-meme-coins-to-invest-in-today-discover-btfd-coin-baby-doge-coin-and-dogs/,posts,299292,https://coincu.com/c/casino-reviews/,https://coincu.com/casino-reviews/,0,no_match_in_raw
https://coincu.com/best-meme-coins-to-invest-in-today-discover-btfd-coin-baby-doge-coin-and-dogs/,posts,299292,https://coincu.com/c/pr/press-release/,https://coincu.com/pr/press-release/,0,no_match_in_raw
https://coincu.com/best-meme-coins-to-invest-in-today-discover-btfd-coin-baby-doge-coin-and-dogs/,posts,299292,https://coincu.com/c/cmc,https://coincu.com/cmc/,0,no_match_in_raw
https://coincu.com/babydoge-burn-innovation-will-launch/,posts,166740,https://coincu.com/c/casino-reviews/,https://coincu.com/casino-reviews/,0,no_match_in_raw
https://coincu.com/babydoge-burn-innovation-will-launch/,posts,166740,https://coincu.com/c/pr/press-release/,https://coincu.com/pr/press-release/,0,no_match_in_raw
https://coincu.com/babydoge-burn-innovation-will-launch/,posts,166740,https://coincu.com/c/uncategorized,https://coincu.com/uncategorized/,0,no_match_in_raw
https://coincu.com/baby-doge-integrate-with-trust-wallet/,posts,184388,https://coincu.com/c/casino-reviews/,https://coincu.com/casino-reviews/,0,no_match_in_raw
https://coincu.com/baby-doge-integrate-with-trust-wallet/,posts,184388,https://coincu.com/c/pr/press-release/,https://coincu.com/pr/press-release/,0,no_match_in_raw
https://coincu.com/baby-doge-integrate-with-trust-wallet/,posts,184388,https://coincu.com/c/news,https://coincu.com/news/,0,no_match_in_raw
https://coincu.com/solana-to-500-is-a-memecoin-rebound-coming-trumps-crypto-reserve-plan-triggers-massive-market-speculation/,posts,325429,https://coincu.com/c/casino-reviews/,https://coincu.com/casino-reviews/,0,no_match_in_raw
https://coincu.com/solana-to-500-is-a-memecoin-rebound-coming-trumps-crypto-reserve-plan-triggers-massive-market-speculation/,posts,325429,https://coincu.com/c/pr/press-release/,https://coincu.com/pr/press-release/,0,no_match_in_raw
https://coincu.com/solana-to-500-is-a-memecoin-rebound-coming-trumps-crypto-reserve-plan-triggers-massive-market-speculation/,posts,325429,https://coincu.com/c/sponsored-articles-pr,https://coincu.com/sponsored-articles-pr/,0,no_match_in_raw
https://coincu.com/why-investors-move-from-wall-street-pepe-to-pepeto-as-the-best-memecoin/,posts,304052,https://coincu.com/c/casino-reviews/,https://coincu.com/casino-reviews/,0,no_match_in_raw
https://coincu.com/why-investors-move-from-wall-street-pepe-to-pepeto-as-the-best-memecoin/,posts,304052,https://coincu.com/c/pr/press-release/,https://coincu.com/pr/press-release/,0,no_match_in_raw
https://coincu.com/why-investors-move-from-wall-street-pepe-to-pepeto-as-the-best-memecoin/,posts,304052,https://coincu.com/c/cmc,https://coincu.com/cmc/,0,no_match_in_raw
https://coincu.com/best-new-meme-coins-to-join-for-long-term-btfds-soon-to-expire-100-bonus-turbos-253m-market-cap-and-memecoins-8-jump/,posts,322155,https://coincu.com/c/casino-reviews/,https://coincu.com/casino-reviews/,0,no_match_in_raw
https://coincu.com/best-new-meme-coins-to-join-for-long-term-btfds-soon-to-expire-100-bonus-turbos-253m-market-cap-and-memecoins-8-jump/,posts,322155,https://coincu.com/c/pr/press-release/,https://coincu.com/pr/press-release/,0,no_match_in_raw
https://coincu.com/best-new-meme-coins-to-join-for-long-term-btfds-soon-to-expire-100-bonus-turbos-253m-market-cap-and-memecoins-8-jump/,posts,322155,https://coincu.com/c/cmc,https://coincu.com/cmc/,0,no_match_in_raw
https://coincu.com/doge-faces-competition-from-pepeto-amid-predictions-of-a-january-rally/,posts,303446,https://coincu.com/c/casino-reviews/,https://coincu.com/casino-reviews/,0,no_match_in_raw
https://coincu.com/doge-faces-competition-from-pepeto-amid-predictions-of-a-january-rally/,posts,303446,https://coincu.com/c/pr/press-release/,https://coincu.com/pr/press-release/,0,no_match_in_raw
https://coincu.com/doge-faces-competition-from-pepeto-amid-predictions-of-a-january-rally/,posts,303446,https://coincu.com/c/cmc,https://coincu.com/cmc/,0,no_match_in_raw
https://coincu.com/wall-street-pepe-eyes-binance-why-pepeto-could-be-the-next-memecoin-phenomenon/,posts,304223,https://coincu.com/c/casino-reviews/,https://coincu.com/casino-reviews/,0,no_match_in_raw
https://coincu.com/wall-street-pepe-eyes-binance-why-pepeto-could-be-the-next-memecoin-phenomenon/,posts,304223,https://coincu.com/c/press-release,https://coincu.com/press-release/,0,no_match_in_raw
https://coincu.com/wall-street-pepe-eyes-binance-why-pepeto-could-be-the-next-memecoin-phenomenon/,posts,304223,https://coincu.com/c/pr/press-release/,https://coincu.com/pr/press-release/,0,no_match_in_raw
https://coincu.com/top-new-meme-coins-to-invest-in-now-after-floki-and-pnut-btfd-is-buzzing-with-binance-listing-rumors/,posts,303121,https://coincu.com/c/casino-reviews/,https://coincu.com/casino-reviews/,0,no_match_in_raw
https://coincu.com/top-new-meme-coins-to-invest-in-now-after-floki-and-pnut-btfd-is-buzzing-with-binance-listing-rumors/,posts,303121,https://coincu.com/c/pr/press-release/,https://coincu.com/pr/press-release/,0,no_match_in_raw
https://coincu.com/top-new-meme-coins-to-invest-in-now-after-floki-and-pnut-btfd-is-buzzing-with-binance-listing-rumors/,posts,303121,https://coincu.com/c/cmc,https://coincu.com/cmc/,0,no_match_in_raw
https://coincu.com/binance-on-the-horizon-why-btfd-joins-the-best-new-meme-coins-to-invest-in-this-week-to-mimick-babydoge-and-pnuts-success/,posts,303142,https://coincu.com/c/casino-reviews/,https://coincu.com/casino-reviews/,0,no_match_in_raw
https://coincu.com/binance-on-the-horizon-why-btfd-joins-the-best-new-meme-coins-to-invest-in-this-week-to-mimick-babydoge-and-pnuts-success/,posts,303142,https://coincu.com/c/pr/press-release/,https://coincu.com/pr/press-release/,0,no_match_in_raw
https://coincu.com/binance-on-the-horizon-why-btfd-joins-the-best-new-meme-coins-to-invest-in-this-week-to-mimick-babydoge-and-pnuts-success/,posts,303142,https://coincu.com/c/cmc,https://coincu.com/cmc/,0,no_match_in_raw
https://coincu.com/btfds-p2e-game-joins-the-top-new-meme-coins-to-buy-and-hold-for-short-term-amid-shibs-0-01-ambitions-and-ai16zs-10-plunge/,posts,324080,https://coincu.com/c/casino-reviews/,https://coincu.com/casino-reviews/,0,no_match_in_raw
https://coincu.com/btfds-p2e-game-joins-the-top-new-meme-coins-to-buy-and-hold-for-short-term-amid-shibs-0-01-ambitions-and-ai16zs-10-plunge/,posts,324080,https://coincu.com/c/pr/press-release/,https://coincu.com/pr/press-release/,0,no_match_in_raw
https://coincu.com/btfds-p2e-game-joins-the-top-new-meme-coins-to-buy-and-hold-for-short-term-amid-shibs-0-01-ambitions-and-ai16zs-10-plunge/,posts,324080,https://coincu.com/c/cmc,https://coincu.com/cmc/,0,no_match_in_raw
https://coincu.com/missed-the-pepe-gold-rush-claim-this-best-new-meme-coin-to-join-this-week-and-avoid-regret/,posts,304582,https://coincu.com/c/casino-reviews/,https://coincu.com/casino-reviews/,0,no_match_in_raw
https://coincu.com/missed-the-pepe-gold-rush-claim-this-best-new-meme-coin-to-join-this-week-and-avoid-regret/,posts,304582,https://coincu.com/c/pr/press-release/,https://coincu.com/pr/press-release/,0,no_match_in_raw
https://coincu.com/missed-the-pepe-gold-rush-claim-this-best-new-meme-coin-to-join-this-week-and-avoid-regret/,posts,304582,https://coincu.com/c/cmc,https://coincu.com/cmc/,0,no_match_in_raw
https://coincu.com/best-new-meme-coins-to-join-now-btfd-launches-launch100-bonus-as-dogs-and-pengu-take-over-the-cryptosphere/,posts,303933,https://coincu.com/c/casino-reviews/,https://coincu.com/casino-reviews/,0,no_match_in_raw
https://coincu.com/best-new-meme-coins-to-join-now-btfd-launches-launch100-bonus-as-dogs-and-pengu-take-over-the-cryptosphere/,posts,303933,https://coincu.com/c/pr/press-release/,https://coincu.com/pr/press-release/,0,no_match_in_raw
https://coincu.com/best-new-meme-coins-to-join-now-btfd-launches-launch100-bonus-as-dogs-and-pengu-take-over-the-cryptosphere/,posts,303933,https://coincu.com/c/cmc,https://coincu.com/cmc/,0,no_match_in_raw
https://coincu.com/top-meme-coins-for-massive-return-potential-btfd-coin-neiro-and-osaka-protocol-aim-to-double-your-wallets-size/,posts,297082,https://coincu.com/c/casino-reviews/,https://coincu.com/casino-reviews/,0,no_match_in_raw
https://coincu.com/top-meme-coins-for-massive-return-potential-btfd-coin-neiro-and-osaka-protocol-aim-to-double-your-wallets-size/,posts,297082,https://coincu.com/c/pr/press-release/,https://coincu.com/pr/press-release/,0,no_match_in_raw
https://coincu.com/top-meme-coins-for-massive-return-potential-btfd-coin-neiro-and-osaka-protocol-aim-to-double-your-wallets-size/,posts,297082,https://coincu.com/c/cmc,https://coincu.com/cmc/,0,no_match_in_raw
https://coincu.com/best-new-meme-coins-to-invest-in-this-month-btfd-coin-andy-and-osaka-protocol/,posts,301882,https://coincu.com/c/casino-reviews/,https://coincu.com/casino-reviews/,0,no_match_in_raw
https://coincu.com/best-new-meme-coins-to-invest-in-this-month-btfd-coin-andy-and-osaka-protocol/,posts,301882,https://coincu.com/c/pr/press-release/,https://coincu.com/pr/press-release/,0,no_match_in_raw
https://coincu.com/best-new-meme-coins-to-invest-in-this-month-btfd-coin-andy-and-osaka-protocol/,posts,301882,https://coincu.com/c/cmc,https://coincu.com/cmc/,0,no_match_in_raw
https://coincu.com/btfd-coin-excites-top-new-meme-coins-to-invest-in-for-short-term/,posts,298675,https://coincu.com/c/casino-reviews/,https://coincu.com/casino-reviews/,0,no_match_in_raw
https://coincu.com/btfd-coin-excites-top-new-meme-coins-to-invest-in-for-short-term/,posts,298675,https://coincu.com/c/pr/press-release/,https://coincu.com/pr/press-release/,0,no_match_in_raw
https://coincu.com/btfd-coin-excites-top-new-meme-coins-to-invest-in-for-short-term/,posts,298675,https://coincu.com/c/cmc,https://coincu.com/cmc/,0,no_match_in_raw
https://coincu.com/best-new-meme-coins-to-buy-in-december-2024-btfd-coin-baby-doge-and-brett/,posts,297921,https://coincu.com/c/casino-reviews/,https://coincu.com/casino-reviews/,0,no_match_in_raw
https://coincu.com/best-new-meme-coins-to-buy-in-december-2024-btfd-coin-baby-doge-and-brett/,posts,297921,https://coincu.com/c/pr/press-release/,https://coincu.com/pr/press-release/,0,no_match_in_raw
https://coincu.com/best-new-meme-coins-to-buy-in-december-2024-btfd-coin-baby-doge-and-brett/,posts,297921,https://coincu.com/c/cmc,https://coincu.com/cmc/,0,no_match_in_raw
https://coincu.com/still-kicking-yourself-for-missing-brett-dont-worry-btfd-is-the-top-new-meme-coin-to-join-this-weekend/,posts,303069,https://coincu.com/c/casino-reviews/,https://coincu.com/casino-reviews/,0,no_match_in_raw
https://coincu.com/still-kicking-yourself-for-missing-brett-dont-worry-btfd-is-the-top-new-meme-coin-to-join-this-weekend/,posts,303069,https://coincu.com/c/pr/press-release/,https://coincu.com/pr/press-release/,0,no_match_in_raw
https://coincu.com/still-kicking-yourself-for-missing-brett-dont-worry-btfd-is-the-top-new-meme-coin-to-join-this-weekend/,posts,303069,https://coincu.com/c/cmc,https://coincu.com/cmc/,0,no_match_in_raw
https://coincu.com/explore-top-new-meme-coins-to-join-now-btfd-bonk-brett-unveiled/,posts,304019,https://coincu.com/c/casino-reviews/,https://coincu.com/casino-reviews/,0,no_match_in_raw
https://coincu.com/explore-top-new-meme-coins-to-join-now-btfd-bonk-brett-unveiled/,posts,304019,https://coincu.com/c/pr/press-release/,https://coincu.com/pr/press-release/,0,no_match_in_raw
https://coincu.com/explore-top-new-meme-coins-to-join-now-btfd-bonk-brett-unveiled/,posts,304019,https://coincu.com/c/cmc,https://coincu.com/cmc/,0,no_match_in_raw
https://coincu.com/meme-coins-like-dogecoin-and-brett-struggle-for-momentum-remittix-has-captured-the-attention-of-the-market-in-january/,posts,304647,https://coincu.com/c/casino-reviews/,https://coincu.com/casino-reviews/,0,no_match_in_raw
https://coincu.com/meme-coins-like-dogecoin-and-brett-struggle-for-momentum-remittix-has-captured-the-attention-of-the-market-in-january/,posts,304647,https://coincu.com/c/press-release,https://coincu.com/press-release/,0,no_match_in_raw
https://coincu.com/meme-coins-like-dogecoin-and-brett-struggle-for-momentum-remittix-has-captured-the-attention-of-the-market-in-january/,posts,304647,https://coincu.com/c/pr/press-release/,https://coincu.com/pr/press-release/,0,no_match_in_raw
https://coincu.com/you-slept-on-bretts-boom-this-top-new-meme-coin-with-1000x-potential-is-the-opportunity-you-cant-afford-to-miss/,posts,303308,https://coincu.com/c/casino-reviews/,https://coincu.com/casino-reviews/,0,no_match_in_raw
https://coincu.com/you-slept-on-bretts-boom-this-top-new-meme-coin-with-1000x-potential-is-the-opportunity-you-cant-afford-to-miss/,posts,303308,https://coincu.com/c/pr/press-release/,https://coincu.com/pr/press-release/,0,no_match_in_raw
https://coincu.com/you-slept-on-bretts-boom-this-top-new-meme-coin-with-1000x-potential-is-the-opportunity-you-cant-afford-to-miss/,posts,303308,https://coincu.com/c/cmc,https://coincu.com/cmc/,0,no_match_in_raw
https://coincu.com/best-cryptos-to-buy-arctic-pablo-brett-andy-unlock-huge-roi-now/,posts,302063,https://coincu.com/c/casino-reviews/,https://coincu.com/casino-reviews/,0,no_match_in_raw
https://coincu.com/best-cryptos-to-buy-arctic-pablo-brett-andy-unlock-huge-roi-now/,posts,302063,https://coincu.com/c/pr/press-release/,https://coincu.com/pr/press-release/,0,no_match_in_raw
https://coincu.com/best-cryptos-to-buy-arctic-pablo-brett-andy-unlock-huge-roi-now/,posts,302063,https://coincu.com/c/cmc,https://coincu.com/cmc/,0,no_match_in_raw
https://coincu.com/next-binance-meme-coin-pepeto-targets-100x-while-wall-street-pepe-hits-10x-milestone/,posts,322396,https://coincu.com/c/casino-reviews/,https://coincu.com/casino-reviews/,0,no_match_in_raw
https://coincu.com/next-binance-meme-coin-pepeto-targets-100x-while-wall-street-pepe-hits-10x-milestone/,posts,322396,https://coincu.com/c/pr/press-release/,https://coincu.com/pr/press-release/,0,no_match_in_raw
https://coincu.com/next-binance-meme-coin-pepeto-targets-100x-while-wall-street-pepe-hits-10x-milestone/,posts,322396,https://coincu.com/c/cmc,https://coincu.com/cmc/,0,no_match_in_raw
https://coincu.com/floki-shows-strong-bullish-signals-can-price-experience-a-50-rally/,posts,382337,https://coincu.com/c/casino-reviews/,https://coincu.com/casino-reviews/,0,no_match_in_raw
https://coincu.com/floki-shows-strong-bullish-signals-can-price-experience-a-50-rally/,posts,382337,https://coincu.com/c/pr/press-release/,https://coincu.com/pr/press-release/,0,no_match_in_raw
https://coincu.com/floki-shows-strong-bullish-signals-can-price-experience-a-50-rally/,posts,382337,https://coincu.com/c/analysis,https://coincu.com/analysis/,0,no_match_in_raw
https://coincu.com/want-the-floki-ico-gains-btfd-coin-is-the-opportunity-youve-been-waiting-for/,posts,298718,https://coincu.com/c/casino-reviews/,https://coincu.com/casino-reviews/,0,no_match_in_raw
https://coincu.com/want-the-floki-ico-gains-btfd-coin-is-the-opportunity-youve-been-waiting-for/,posts,298718,https://coincu.com/c/pr/press-release/,https://coincu.com/pr/press-release/,0,no_match_in_raw
https://coincu.com/want-the-floki-ico-gains-btfd-coin-is-the-opportunity-youve-been-waiting-for/,posts,298718,https://coincu.com/c/cmc,https://coincu.com/cmc/,0,no_match_in_raw
https://coincu.com/top-new-meme-coins-to-join-today-btfds-referral-program-rewards-10-pnut-eyes-2-recovery-and-floki-rises-in-defi/,posts,301532,https://coincu.com/c/casino-reviews/,https://coincu.com/casino-reviews/,0,no_match_in_raw
https://coincu.com/top-new-meme-coins-to-join-today-btfds-referral-program-rewards-10-pnut-eyes-2-recovery-and-floki-rises-in-defi/,posts,301532,https://coincu.com/c/pr/press-release/,https://coincu.com/pr/press-release/,0,no_match_in_raw
https://coincu.com/top-new-meme-coins-to-join-today-btfds-referral-program-rewards-10-pnut-eyes-2-recovery-and-floki-rises-in-defi/,posts,301532,https://coincu.com/c/cmc,https://coincu.com/cmc/,0,no_match_in_raw
https://coincu.com/floki-channel-support-target-0-000038/,posts,395682,https://coincu.com/c/casino-reviews/,https://coincu.com/casino-reviews/,0,no_match_in_raw
https://coincu.com/floki-channel-support-target-0-000038/,posts,395682,https://coincu.com/c/pr/press-release/,https://coincu.com/pr/press-release/,0,no_match_in_raw
https://coincu.com/floki-channel-support-target-0-000038/,posts,395682,https://coincu.com/c/analysis,https://coincu.com/analysis/,0,no_match_in_raw
https://coincu.com/floki-nears-upper-trendline-bullish/,posts,389487,https://coincu.com/c/casino-reviews/,https://coincu.com/casino-reviews/,0,no_match_in_raw
https://coincu.com/floki-nears-upper-trendline-bullish/,posts,389487,https://coincu.com/c/pr/press-release/,https://coincu.com/pr/press-release/,0,no_match_in_raw
https://coincu.com/floki-nears-upper-trendline-bullish/,posts,389487,https://coincu.com/c/analysis,https://coincu.com/analysis/,0,no_match_in_raw
https://coincu.com/shib-price-prediction-2025-bzil-leads-the-top-meme-coin-presales-this-week/,posts,371166,https://coincu.com/c/casino-reviews/,https://coincu.com/casino-reviews/,0,no_match_in_raw
https://coincu.com/shib-price-prediction-2025-bzil-leads-the-top-meme-coin-presales-this-week/,posts,371166,https://coincu.com/c/pr/press-release/,https://coincu.com/pr/press-release/,0,no_match_in_raw
https://coincu.com/shib-price-prediction-2025-bzil-leads-the-top-meme-coin-presales-this-week/,posts,371166,https://coincu.com/c/sponsored-articles-pr,https://coincu.com/sponsored-articles-pr/,0,no_match_in_raw
https://coincu.com/regret-not-buying-dogecoin-in-2013-this-tokens-90-apy-on-staking-might-save-you-as-one-of-the-best-new-meme-coins-to-join-for-short-term/,posts,321515,https://coincu.com/c/casino-reviews/,https://coincu.com/casino-reviews/,0,no_match_in_raw
https://coincu.com/regret-not-buying-dogecoin-in-2013-this-tokens-90-apy-on-staking-might-save-you-as-one-of-the-best-new-meme-coins-to-join-for-short-term/,posts,321515,https://coincu.com/c/pr/press-release/,https://coincu.com/pr/press-release/,0,no_match_in_raw
https://coincu.com/regret-not-buying-dogecoin-in-2013-this-tokens-90-apy-on-staking-might-save-you-as-one-of-the-best-new-meme-coins-to-join-for-short-term/,posts,321515,https://coincu.com/c/cmc,https://coincu.com/cmc/,0,no_match_in_raw
https://coincu.com/best-meme-coins-to-invest-in-for-short-term-arctic-pablo-coin-moo-deng-and-brett/,posts,304431,https://coincu.com/c/casino-reviews/,https://coincu.com/casino-reviews/,0,no_match_in_raw
https://coincu.com/best-meme-coins-to-invest-in-for-short-term-arctic-pablo-coin-moo-deng-and-brett/,posts,304431,https://coincu.com/c/pr/press-release/,https://coincu.com/pr/press-release/,0,no_match_in_raw
https://coincu.com/best-meme-coins-to-invest-in-for-short-term-arctic-pablo-coin-moo-deng-and-brett/,posts,304431,https://coincu.com/c/cmc,https://coincu.com/cmc/,0,no_match_in_raw
https://coincu.com/pudgy-penguins-rises-btfd-coins-90-apy-shines-and-chill-guy-gains-best-new-meme-coins-to-buy-this-month/,posts,302716,https://coincu.com/c/casino-reviews/,https://coincu.com/casino-reviews/,0,no_match_in_raw
https://coincu.com/pudgy-penguins-rises-btfd-coins-90-apy-shines-and-chill-guy-gains-best-new-meme-coins-to-buy-this-month/,posts,302716,https://coincu.com/c/pr/press-release/,https://coincu.com/pr/press-release/,0,no_match_in_raw
https://coincu.com/pudgy-penguins-rises-btfd-coins-90-apy-shines-and-chill-guy-gains-best-new-meme-coins-to-buy-this-month/,posts,302716,https://coincu.com/c/cmc,https://coincu.com/cmc/,0,no_match_in_raw
https://coincu.com/best-new-meme-coins-to-invest-in-for-short-term-btfd-bulls-soar-brett-gains-and-floki-rises/,posts,304331,https://coincu.com/c/casino-reviews/,https://coincu.com/casino-reviews/,0,no_match_in_raw
https://coincu.com/best-new-meme-coins-to-invest-in-for-short-term-btfd-bulls-soar-brett-gains-and-floki-rises/,posts,304331,https://coincu.com/c/pr/press-release/,https://coincu.com/pr/press-release/,0,no_match_in_raw
https://coincu.com/best-new-meme-coins-to-invest-in-for-short-term-btfd-bulls-soar-brett-gains-and-floki-rises/,posts,304331,https://coincu.com/c/cmc,https://coincu.com/cmc/,0,no_match_in_raw
https://coincu.com/best-polygon-games-to-watch-out/,posts,230384,https://coincu.com/c/casino-reviews/,https://coincu.com/casino-reviews/,0,no_match_in_raw
https://coincu.com/best-polygon-games-to-watch-out/,posts,230384,https://coincu.com/c/pr/press-release/,https://coincu.com/pr/press-release/,0,no_match_in_raw
https://coincu.com/best-polygon-games-to-watch-out/,posts,230384,https://coincu.com/c/top-projects,https://coincu.com/top-projects/,0,no_match_in_raw
https://coincu.com/phantom-adds-kalshi-prediction-markets/,posts,383002,https://coincu.com/c/casino-reviews/,https://coincu.com/casino-reviews/,0,no_match_in_raw
https://coincu.com/phantom-adds-kalshi-prediction-markets/,posts,383002,https://coincu.com/c/pr/press-release/,https://coincu.com/pr/press-release/,0,no_match_in_raw
https://coincu.com/phantom-adds-kalshi-prediction-markets/,posts,383002,https://coincu.com/c/news,https://coincu.com/news/,0,no_match_in_raw
https://coincu.com/fantom-stablecoin-usdce-will-be-launched/,posts,253719,https://coincu.com/c/casino-reviews/,https://coincu.com/casino-reviews/,0,no_match_in_raw
https://coincu.com/fantom-stablecoin-usdce-will-be-launched/,posts,253719,https://coincu.com/c/pr/press-release/,https://coincu.com/pr/press-release/,0,no_match_in_raw
https://coincu.com/fantom-stablecoin-usdce-will-be-launched/,posts,253719,https://coincu.com/c/news,https://coincu.com/news/,0,no_match_in_raw
https://coincu.com/wormhole-governance-staking-w-token-holders/,posts,262876,https://coincu.com/c/casino-reviews/,https://coincu.com/casino-reviews/,0,no_match_in_raw
https://coincu.com/wormhole-governance-staking-w-token-holders/,posts,262876,https://coincu.com/c/pr/press-release/,https://coincu.com/pr/press-release/,0,no_match_in_raw
https://coincu.com/wormhole-governance-staking-w-token-holders/,posts,262876,https://coincu.com/c/news,https://coincu.com/news/,0,no_match_in_raw
https://coincu.com/wormhole-native-token-w-airdrop/,posts,246777,https://coincu.com/c/casino-reviews/,https://coincu.com/casino-reviews/,0,no_match_in_raw
https://coincu.com/wormhole-native-token-w-airdrop/,posts,246777,https://coincu.com/c/pr/press-release/,https://coincu.com/pr/press-release/,0,no_match_in_raw
https://coincu.com/wormhole-native-token-w-airdrop/,posts,246777,https://coincu.com/c/news,https://coincu.com/news/,0,no_match_in_raw
https://coincu.com/worldcoin-world-id-will-be-launched-on-solana/,posts,265468,https://coincu.com/c/casino-reviews/,https://coincu.com/casino-reviews/,0,no_match_in_raw
https://coincu.com/worldcoin-world-id-will-be-launched-on-solana/,posts,265468,https://coincu.com/c/pr/press-release/,https://coincu.com/pr/press-release/,0,no_match_in_raw
https://coincu.com/worldcoin-world-id-will-be-launched-on-solana/,posts,265468,https://coincu.com/c/news,https://coincu.com/news/,0,no_match_in_raw
https://coincu.com/cftcs-jump-trading-investigation/,posts,264626,https://coincu.com/c/casino-reviews/,https://coincu.com/casino-reviews/,0,no_match_in_raw
https://coincu.com/cftcs-jump-trading-investigation/,posts,264626,https://coincu.com/c/pr/press-release/,https://coincu.com/pr/press-release/,0,no_match_in_raw
https://coincu.com/cftcs-jump-trading-investigation/,posts,264626,https://coincu.com/c/news,https://coincu.com/news/,0,no_match_in_raw
https://coincu.com/wormhole-x-account-was-suspended/,posts,247069,https://coincu.com/c/casino-reviews/,https://coincu.com/casino-reviews/,0,no_match_in_raw
https://coincu.com/wormhole-x-account-was-suspended/,posts,247069,https://coincu.com/c/pr/press-release/,https://coincu.com/pr/press-release/,0,no_match_in_raw
https://coincu.com/wormhole-x-account-was-suspended/,posts,247069,https://coincu.com/c/news,https://coincu.com/news/,0,no_match_in_raw
https://coincu.com/wormhole-airdrop-launch-on-april-3/,posts,252710,https://coincu.com/c/casino-reviews/,https://coincu.com/casino-reviews/,0,no_match_in_raw
https://coincu.com/wormhole-airdrop-launch-on-april-3/,posts,252710,https://coincu.com/c/pr/press-release/,https://coincu.com/pr/press-release/,0,no_match_in_raw
https://coincu.com/wormhole-airdrop-launch-on-april-3/,posts,252710,https://coincu.com/c/news,https://coincu.com/news/,0,no_match_in_raw
https://coincu.com/identified-allbridge-attacke-570000-damage/,posts,178056,https://coincu.com/c/casino-reviews/,https://coincu.com/casino-reviews/,0,no_match_in_raw
https://coincu.com/identified-allbridge-attacke-570000-damage/,posts,178056,https://coincu.com/c/pr/press-release/,https://coincu.com/pr/press-release/,0,no_match_in_raw
https://coincu.com/identified-allbridge-attacke-570000-damage/,posts,178056,https://coincu.com/c/news,https://coincu.com/news/,0,no_match_in_raw
https://coincu.com/wormhole-integrates-usdc-across-blockchains/,posts,219106,https://coincu.com/c/casino-reviews/,https://coincu.com/casino-reviews/,0,no_match_in_raw
https://coincu.com/wormhole-integrates-usdc-across-blockchains/,posts,219106,https://coincu.com/c/pr/press-release/,https://coincu.com/pr/press-release/,0,no_match_in_raw
https://coincu.com/wormhole-integrates-usdc-across-blockchains/,posts,219106,https://coincu.com/c/blockchain,https://coincu.com/blockchain/,0,no_match_in_raw
https://coincu.com/arbitrum-one-sequencer-is-back/,posts,237481,https://coincu.com/c/casino-reviews/,https://coincu.com/casino-reviews/,0,no_match_in_raw
https://coincu.com/arbitrum-one-sequencer-is-back/,posts,237481,https://coincu.com/c/pr/press-release/,https://coincu.com/pr/press-release/,0,no_match_in_raw
https://coincu.com/arbitrum-one-sequencer-is-back/,posts,237481,https://coincu.com/c/blockchain,https://coincu.com/blockchain/,0,no_match_in_raw
https://coincu.com/best-meme-coins-for-exponential-returns-btfd-coin-soars-while-mew-and-apu-make-waves/,posts,298073,https://coincu.com/c/casino-reviews/,https://coincu.com/casino-reviews/,0,no_match_in_raw
https://coincu.com/best-meme-coins-for-exponential-returns-btfd-coin-soars-while-mew-and-apu-make-waves/,posts,298073,https://coincu.com/c/pr/press-release/,https://coincu.com/pr/press-release/,0,no_match_in_raw
https://coincu.com/best-meme-coins-for-exponential-returns-btfd-coin-soars-while-mew-and-apu-make-waves/,posts,298073,https://coincu.com/c/cmc,https://coincu.com/cmc/,0,no_match_in_raw
https://coincu.com/top-new-meme-coins-to-join-this-week-smash-through-levels-with-btfds-p2e-game-or-grab-mog-coin-and-cat-in-a-dogs-world-at-ultra-cheap-prices/,posts,319777,https://coincu.com/c/casino-reviews/,https://coincu.com/casino-reviews/,0,no_match_in_raw
https://coincu.com/top-new-meme-coins-to-join-this-week-smash-through-levels-with-btfds-p2e-game-or-grab-mog-coin-and-cat-in-a-dogs-world-at-ultra-cheap-prices/,posts,319777,https://coincu.com/c/pr/press-release/,https://coincu.com/pr/press-release/,0,no_match_in_raw
https://coincu.com/top-new-meme-coins-to-join-this-week-smash-through-levels-with-btfds-p2e-game-or-grab-mog-coin-and-cat-in-a-dogs-world-at-ultra-cheap-prices/,posts,319777,https://coincu.com/c/cmc,https://coincu.com/cmc/,0,no_match_in_raw
https://coincu.com/couldnt-catch-cat-in-a-dogs-world-btfd-coin-is-your-ticket-back-to-the-top/,posts,297962,https://coincu.com/c/casino-reviews/,https://coincu.com/casino-reviews/,0,no_match_in_raw
https://coincu.com/couldnt-catch-cat-in-a-dogs-world-btfd-coin-is-your-ticket-back-to-the-top/,posts,297962,https://coincu.com/c/pr/press-release/,https://coincu.com/pr/press-release/,0,no_match_in_raw
https://coincu.com/couldnt-catch-cat-in-a-dogs-world-btfd-coin-is-your-ticket-back-to-the-top/,posts,297962,https://coincu.com/c/cmc,https://coincu.com/cmc/,0,no_match_in_raw
https://coincu.com/btfd-coin-is-best-new-meme-coin-buy-this-month/,posts,301653,https://coincu.com/c/casino-reviews/,https://coincu.com/casino-reviews/,0,no_match_in_raw
https://coincu.com/btfd-coin-is-best-new-meme-coin-buy-this-month/,posts,301653,https://coincu.com/c/pr/press-release/,https://coincu.com/pr/press-release/,0,no_match_in_raw
https://coincu.com/btfd-coin-is-best-new-meme-coin-buy-this-month/,posts,301653,https://coincu.com/c/cmc,https://coincu.com/cmc/,0,no_match_in_raw
https://coincu.com/top-meme-coins-to-buy-today-btfd-coin-dogs-and-ai-companions-lead-the-charge/,posts,299938,https://coincu.com/c/casino-reviews/,https://coincu.com/casino-reviews/,0,no_match_in_raw
https://coincu.com/top-meme-coins-to-buy-today-btfd-coin-dogs-and-ai-companions-lead-the-charge/,posts,299938,https://coincu.com/c/pr/press-release/,https://coincu.com/pr/press-release/,0,no_match_in_raw
https://coincu.com/top-meme-coins-to-buy-today-btfd-coin-dogs-and-ai-companions-lead-the-charge/,posts,299938,https://coincu.com/c/cmc,https://coincu.com/cmc/,0,no_match_in_raw
https://coincu.com/missed-the-dogs-gold-rush-top-new-meme-coin-to-invest-in-now/,posts,301744,https://coincu.com/c/casino-reviews/,https://coincu.com/casino-reviews/,0,no_match_in_raw
https://coincu.com/missed-the-dogs-gold-rush-top-new-meme-coin-to-invest-in-now/,posts,301744,https://coincu.com/c/pr/press-release/,https://coincu.com/pr/press-release/,0,no_match_in_raw
https://coincu.com/missed-the-dogs-gold-rush-top-new-meme-coin-to-invest-in-now/,posts,301744,https://coincu.com/c/cmc,https://coincu.com/cmc/,0,no_match_in_raw
https://coincu.com/explore-the-best-new-meme-coins-to-join-today-highlights-of-btfd-coin-dogs-and-slerf/,posts,300279,https://coincu.com/c/casino-reviews/,https://coincu.com/casino-reviews/,0,no_match_in_raw
https://coincu.com/explore-the-best-new-meme-coins-to-join-today-highlights-of-btfd-coin-dogs-and-slerf/,posts,300279,https://coincu.com/c/pr/press-release/,https://coincu.com/pr/press-release/,0,no_match_in_raw
https://coincu.com/explore-the-best-new-meme-coins-to-join-today-highlights-of-btfd-coin-dogs-and-slerf/,posts,300279,https://coincu.com/c/cmc,https://coincu.com/cmc/,0,no_match_in_raw
https://coincu.com/best-new-meme-coins-to-join-this-week-with-a-big50-code-btfd-coin-dogs-and-comedian/,posts,299392,https://coincu.com/c/casino-reviews/,https://coincu.com/casino-reviews/,0,no_match_in_raw
https://coincu.com/best-new-meme-coins-to-join-this-week-with-a-big50-code-btfd-coin-dogs-and-comedian/,posts,299392,https://coincu.com/c/pr/press-release/,https://coincu.com/pr/press-release/,0,no_match_in_raw
https://coincu.com/best-new-meme-coins-to-join-this-week-with-a-big50-code-btfd-coin-dogs-and-comedian/,posts,299392,https://coincu.com/c/cmc,https://coincu.com/cmc/,0,no_match_in_raw
https://coincu.com/top-new-meme-coins-to-invest-in-this-month-are-btfd-coin-brett-and-floki/,posts,305165,https://coincu.com/c/casino-reviews/,https://coincu.com/casino-reviews/,0,no_match_in_raw
https://coincu.com/top-new-meme-coins-to-invest-in-this-month-are-btfd-coin-brett-and-floki/,posts,305165,https://coincu.com/c/pr/press-release/,https://coincu.com/pr/press-release/,0,no_match_in_raw
https://coincu.com/top-new-meme-coins-to-invest-in-this-month-are-btfd-coin-brett-and-floki/,posts,305165,https://coincu.com/c/cmc,https://coincu.com/cmc/,0,no_match_in_raw
https://coincu.com/top-new-meme-coins-to-invest-in-this-month-btfds-bulls-squad-and-100-bonus-bretts-base-chain-status-and-flokis-expansion/,posts,304727,https://coincu.com/c/casino-reviews/,https://coincu.com/casino-reviews/,0,no_match_in_raw
https://coincu.com/top-new-meme-coins-to-invest-in-this-month-btfds-bulls-squad-and-100-bonus-bretts-base-chain-status-and-flokis-expansion/,posts,304727,https://coincu.com/c/pr/press-release/,https://coincu.com/pr/press-release/,0,no_match_in_raw
https://coincu.com/top-new-meme-coins-to-invest-in-this-month-btfds-bulls-squad-and-100-bonus-bretts-base-chain-status-and-flokis-expansion/,posts,304727,https://coincu.com/c/cmc,https://coincu.com/cmc/,0,no_match_in_raw
https://coincu.com/solana-ai-hackathon-launches-with-30k-prize/,posts,296403,https://coincu.com/c/casino-reviews/,https://coincu.com/casino-reviews/,0,no_match_in_raw
https://coincu.com/solana-ai-hackathon-launches-with-30k-prize/,posts,296403,https://coincu.com/c/pr/press-release/,https://coincu.com/pr/press-release/,0,no_match_in_raw
https://coincu.com/solana-ai-hackathon-launches-with-30k-prize/,posts,296403,https://coincu.com/c/news,https://coincu.com/news/,0,no_match_in_raw
https://coincu.com/top-new-meme-coins-to-join-this-week-arctic-pablo-pepe-coin-andy-dont-miss-out-on-huge-roi/,posts,302305,https://coincu.com/c/casino-reviews/,https://coincu.com/casino-reviews/,0,no_match_in_raw
https://coincu.com/top-new-meme-coins-to-join-this-week-arctic-pablo-pepe-coin-andy-dont-miss-out-on-huge-roi/,posts,302305,https://coincu.com/c/pr/press-release/,https://coincu.com/pr/press-release/,0,no_match_in_raw
https://coincu.com/top-new-meme-coins-to-join-this-week-arctic-pablo-pepe-coin-andy-dont-miss-out-on-huge-roi/,posts,302305,https://coincu.com/c/cmc,https://coincu.com/cmc/,0,no_match_in_raw
https://coincu.com/best-new-meme-coins-to-invest-in-for-long-term-btfd-coin-popcat-and-andy-explored-2/,posts,300272,https://coincu.com/c/casino-reviews/,https://coincu.com/casino-reviews/,0,no_match_in_raw
https://coincu.com/best-new-meme-coins-to-invest-in-for-long-term-btfd-coin-popcat-and-andy-explored-2/,posts,300272,https://coincu.com/c/pr/press-release/,https://coincu.com/pr/press-release/,0,no_match_in_raw
https://coincu.com/best-new-meme-coins-to-invest-in-for-long-term-btfd-coin-popcat-and-andy-explored-2/,posts,300272,https://coincu.com/c/cmc,https://coincu.com/cmc/,0,no_match_in_raw
https://coincu.com/solana-introduces-carbon-dashboard/,posts,183122,https://coincu.com/c/casino-reviews/,https://coincu.com/casino-reviews/,0,no_match_in_raw
https://coincu.com/solana-introduces-carbon-dashboard/,posts,183122,https://coincu.com/c/pr/press-release/,https://coincu.com/pr/press-release/,0,no_match_in_raw
https://coincu.com/solana-introduces-carbon-dashboard/,posts,183122,https://coincu.com/c/blockchain,https://coincu.com/blockchain/,0,no_match_in_raw
https://coincu.com/solana-foundation-confirms-sol-token/,posts,193510,https://coincu.com/c/casino-reviews/,https://coincu.com/casino-reviews/,0,no_match_in_raw
https://coincu.com/solana-foundation-confirms-sol-token/,posts,193510,https://coincu.com/c/pr/press-release/,https://coincu.com/pr/press-release/,0,no_match_in_raw
https://coincu.com/solana-foundation-confirms-sol-token/,posts,193510,https://coincu.com/c/news,https://coincu.com/news/,0,no_match_in_raw
https://coincu.com/cosmic-wire-secures-30m/,posts,204114,https://coincu.com/c/casino-reviews/,https://coincu.com/casino-reviews/,0,no_match_in_raw
https://coincu.com/cosmic-wire-secures-30m/,posts,204114,https://coincu.com/c/pr/press-release/,https://coincu.com/pr/press-release/,0,no_match_in_raw
https://coincu.com/cosmic-wire-secures-30m/,posts,204114,https://coincu.com/c/uncategorized,https://coincu.com/uncategorized/,0,no_match_in_raw
https://coincu.com/solanas-hack-story-with-raydium-protocol/,posts,152779,https://coincu.com/c/casino-reviews/,https://coincu.com/casino-reviews/,0,no_match_in_raw
https://coincu.com/solanas-hack-story-with-raydium-protocol/,posts,152779,https://coincu.com/c/pr/press-release/,https://coincu.com/pr/press-release/,0,no_match_in_raw
https://coincu.com/solanas-hack-story-with-raydium-protocol/,posts,152779,https://coincu.com/c/scam-alert,https://coincu.com/scam-alert/,0,no_match_in_raw
https://coincu.com/solana-liquid-staking-sees-explosive-growth-qoq/,posts,265838,https://coincu.com/c/casino-reviews/,https://coincu.com/casino-reviews/,0,no_match_in_raw
https://coincu.com/solana-liquid-staking-sees-explosive-growth-qoq/,posts,265838,https://coincu.com/c/pr/press-release/,https://coincu.com/pr/press-release/,0,no_match_in_raw
https://coincu.com/solana-liquid-staking-sees-explosive-growth-qoq/,posts,265838,https://coincu.com/c/news,https://coincu.com/news/,0,no_match_in_raw
https://coincu.com/bnb-eyes-980-after-sharp-drop-bullish/,posts,391443,https://coincu.com/c/casino-reviews/,https://coincu.com/casino-reviews/,0,no_match_in_raw
https://coincu.com/bnb-eyes-980-after-sharp-drop-bullish/,posts,391443,https://coincu.com/c/pr/press-release/,https://coincu.com/pr/press-release/,0,no_match_in_raw
https://coincu.com/bnb-eyes-980-after-sharp-drop-bullish/,posts,391443,https://coincu.com/c/analysis,https://coincu.com/analysis/,0,no_match_in_raw
https://coincu.com/bnb-strong-bullish-potential-surge/,posts,386445,https://coincu.com/c/casino-reviews/,https://coincu.com/casino-reviews/,0,no_match_in_raw
https://coincu.com/bnb-strong-bullish-potential-surge/,posts,386445,https://coincu.com/c/pr/press-release/,https://coincu.com/pr/press-release/,0,no_match_in_raw
https://coincu.com/bnb-strong-bullish-potential-surge/,posts,386445,https://coincu.com/c/analysis,https://coincu.com/analysis/,0,no_match_in_raw
https://coincu.com/macd-cross-saves-bnb-from-breakdown/,posts,392609,https://coincu.com/c/casino-reviews/,https://coincu.com/casino-reviews/,0,no_match_in_raw
https://coincu.com/macd-cross-saves-bnb-from-breakdown/,posts,392609,https://coincu.com/c/pr/press-release/,https://coincu.com/pr/press-release/,0,no_match_in_raw
https://coincu.com/macd-cross-saves-bnb-from-breakdown/,posts,392609,https://coincu.com/c/analysis,https://coincu.com/analysis/,0,no_match_in_raw
https://coincu.com/bnb-tests-critical-730-support-eyeing-900/,posts,393343,https://coincu.com/c/casino-reviews/,https://coincu.com/casino-reviews/,0,no_match_in_raw
https://coincu.com/bnb-tests-critical-730-support-eyeing-900/,posts,393343,https://coincu.com/c/pr/press-release/,https://coincu.com/pr/press-release/,0,no_match_in_raw
https://coincu.com/bnb-tests-critical-730-support-eyeing-900/,posts,393343,https://coincu.com/c/analysis,https://coincu.com/analysis/,0,no_match_in_raw
https://coincu.com/bnb-to-600-eyeing-key-support-levels/,posts,395169,https://coincu.com/c/casino-reviews/,https://coincu.com/casino-reviews/,0,no_match_in_raw
https://coincu.com/bnb-to-600-eyeing-key-support-levels/,posts,395169,https://coincu.com/c/pr/press-release/,https://coincu.com/pr/press-release/,0,no_match_in_raw
https://coincu.com/bnb-to-600-eyeing-key-support-levels/,posts,395169,https://coincu.com/c/analysis,https://coincu.com/analysis/,0,no_match_in_raw
https://coincu.com/polygon-zkevm-outage-occurs-over-12-hours/,posts,251826,https://coincu.com/c/casino-reviews/,https://coincu.com/casino-reviews/,0,no_match_in_raw
https://coincu.com/polygon-zkevm-outage-occurs-over-12-hours/,posts,251826,https://coincu.com/c/pr/press-release/,https://coincu.com/pr/press-release/,0,no_match_in_raw
https://coincu.com/polygon-zkevm-outage-occurs-over-12-hours/,posts,251826,https://coincu.com/c/news,https://coincu.com/news/,0,no_match_in_raw
https://coincu.com/the-secret-weapon-for-spot-ethereum-etfs-success-wallitiq-wltq-is-leading-the-charge/,posts,305104,https://coincu.com/c/casino-reviews/,https://coincu.com/casino-reviews/,0,no_match_in_raw
https://coincu.com/the-secret-weapon-for-spot-ethereum-etfs-success-wallitiq-wltq-is-leading-the-charge/,posts,305104,https://coincu.com/c/pr/press-release/,https://coincu.com/pr/press-release/,0,no_match_in_raw
https://coincu.com/the-secret-weapon-for-spot-ethereum-etfs-success-wallitiq-wltq-is-leading-the-charge/,posts,305104,https://coincu.com/c/cmc,https://coincu.com/cmc/,0,no_match_in_raw
https://coincu.com/elon-musk-asks-stop-lawsuit-dogecoin/,posts,209237,https://coincu.com/c/casino-reviews/,https://coincu.com/casino-reviews/,0,no_match_in_raw
https://coincu.com/elon-musk-asks-stop-lawsuit-dogecoin/,posts,209237,https://coincu.com/c/pr/press-release/,https://coincu.com/pr/press-release/,0,no_match_in_raw
https://coincu.com/elon-musk-asks-stop-lawsuit-dogecoin/,posts,209237,https://coincu.com/c/news,https://coincu.com/news/,0,no_match_in_raw
https://coincu.com/top-meme-coins-with-1000x-potential-arctic-pablo-coin-ponke-baby-doge-coin/,posts,304328,https://coincu.com/c/casino-reviews/,https://coincu.com/casino-reviews/,0,no_match_in_raw
https://coincu.com/top-meme-coins-with-1000x-potential-arctic-pablo-coin-ponke-baby-doge-coin/,posts,304328,https://coincu.com/c/pr/press-release/,https://coincu.com/pr/press-release/,0,no_match_in_raw
https://coincu.com/top-meme-coins-with-1000x-potential-arctic-pablo-coin-ponke-baby-doge-coin/,posts,304328,https://coincu.com/c/cmc,https://coincu.com/cmc/,0,no_match_in_raw
https://coincu.com/dogecoin-rises-8-after-elon-musks-promotion/,posts,205945,https://coincu.com/c/casino-reviews/,https://coincu.com/casino-reviews/,0,no_match_in_raw
https://coincu.com/dogecoin-rises-8-after-elon-musks-promotion/,posts,205945,https://coincu.com/c/pr/press-release/,https://coincu.com/pr/press-release/,0,no_match_in_raw
https://coincu.com/dogecoin-rises-8-after-elon-musks-promotion/,posts,205945,https://coincu.com/c/uncategorized,https://coincu.com/uncategorized/,0,no_match_in_raw
https://coincu.com/kraken-seeks-jury-trial-in-ongoing-sec-lawsuit/,posts,282578,https://coincu.com/c/casino-reviews/,https://coincu.com/casino-reviews/,0,no_match_in_raw
https://coincu.com/kraken-seeks-jury-trial-in-ongoing-sec-lawsuit/,posts,282578,https://coincu.com/c/pr/press-release/,https://coincu.com/pr/press-release/,0,no_match_in_raw
https://coincu.com/kraken-seeks-jury-trial-in-ongoing-sec-lawsuit/,posts,282578,https://coincu.com/c/news,https://coincu.com/news/,0,no_match_in_raw
https://coincu.com/sec-seeks-sanctions-against-elon-musk/,posts,283803,https://coincu.com/c/casino-reviews/,https://coincu.com/casino-reviews/,0,no_match_in_raw
https://coincu.com/sec-seeks-sanctions-against-elon-musk/,posts,283803,https://coincu.com/c/pr/press-release/,https://coincu.com/pr/press-release/,0,no_match_in_raw
https://coincu.com/sec-seeks-sanctions-against-elon-musk/,posts,283803,https://coincu.com/c/news,https://coincu.com/news/,0,no_match_in_raw
https://coincu.com/solanas-institutional-demand-pushes-sol-toward-new-all-time-high-and-this-doge-rival-to-10550-surge/,posts,324913,https://coincu.com/c/casino-reviews/,https://coincu.com/casino-reviews/,0,no_match_in_raw
https://coincu.com/solanas-institutional-demand-pushes-sol-toward-new-all-time-high-and-this-doge-rival-to-10550-surge/,posts,324913,https://coincu.com/c/pr/press-release/,https://coincu.com/pr/press-release/,0,no_match_in_raw
https://coincu.com/solanas-institutional-demand-pushes-sol-toward-new-all-time-high-and-this-doge-rival-to-10550-surge/,posts,324913,https://coincu.com/c/cmc,https://coincu.com/cmc/,0,no_match_in_raw
https://coincu.com/monad-labs-closes-19-million/,posts,167248,https://coincu.com/c/casino-reviews/,https://coincu.com/casino-reviews/,0,no_match_in_raw
https://coincu.com/monad-labs-closes-19-million/,posts,167248,https://coincu.com/c/pr/press-release/,https://coincu.com/pr/press-release/,0,no_match_in_raw
https://coincu.com/monad-labs-closes-19-million/,posts,167248,https://coincu.com/c/news,https://coincu.com/news/,0,no_match_in_raw
https://coincu.com/dragonfly-capital-review/,posts,182535,https://coincu.com/c/casino-reviews/,https://coincu.com/casino-reviews/,0,no_match_in_raw
https://coincu.com/dragonfly-capital-review/,posts,182535,https://coincu.com/c/pr/press-release/,https://coincu.com/pr/press-release/,0,no_match_in_raw
https://coincu.com/dragonfly-capital-review/,posts,182535,https://coincu.com/c/other-reviews,https://coincu.com/other-reviews/,0,no_match_in_raw
https://coincu.com/is-big-money-back-as-eth-q3-returns-hit/,posts,351880,https://coincu.com/c/casino-reviews/,https://coincu.com/casino-reviews/,0,no_match_in_raw
https://coincu.com/is-big-money-back-as-eth-q3-returns-hit/,posts,351880,https://coincu.com/c/pr/press-release/,https://coincu.com/pr/press-release/,0,no_match_in_raw
https://coincu.com/is-big-money-back-as-eth-q3-returns-hit/,posts,351880,https://coincu.com/c/analysis,https://coincu.com/analysis/,0,no_match_in_raw
https://coincu.com/what-is-dune-analytics/,posts,112711,https://coincu.com/c/casino-reviews/,https://coincu.com/casino-reviews/,0,no_match_in_raw
https://coincu.com/what-is-dune-analytics/,posts,112711,https://coincu.com/c/pr/press-release/,https://coincu.com/pr/press-release/,0,no_match_in_raw
https://coincu.com/what-is-dune-analytics/,posts,112711,https://coincu.com/c/uncategorized,https://coincu.com/uncategorized/,0,no_match_in_raw
https://coincu.com/ethereum-price-prediction-eth-may-hit-new-ath-soon-but-this-new-meme-coin-will-give-you-1350-profit-faster/,posts,322694,https://coincu.com/c/casino-reviews/,https://coincu.com/casino-reviews/,0,no_match_in_raw
https://coincu.com/ethereum-price-prediction-eth-may-hit-new-ath-soon-but-this-new-meme-coin-will-give-you-1350-profit-faster/,posts,322694,https://coincu.com/c/pr/press-release/,https://coincu.com/pr/press-release/,0,no_match_in_raw
https://coincu.com/ethereum-price-prediction-eth-may-hit-new-ath-soon-but-this-new-meme-coin-will-give-you-1350-profit-faster/,posts,322694,https://coincu.com/c/cmc,https://coincu.com/cmc/,0,no_match_in_raw
https://coincu.com/ethereum-price-prediction-experts-say-eths-downtrend-cant-stop-wallitiq-wltq-from-a-spectacular-35830-growth-by-q1-2025/,posts,304610,https://coincu.com/c/casino-reviews/,https://coincu.com/casino-reviews/,0,no_match_in_raw
https://coincu.com/ethereum-price-prediction-experts-say-eths-downtrend-cant-stop-wallitiq-wltq-from-a-spectacular-35830-growth-by-q1-2025/,posts,304610,https://coincu.com/c/pr/press-release/,https://coincu.com/pr/press-release/,0,no_match_in_raw
https://coincu.com/ethereum-price-prediction-experts-say-eths-downtrend-cant-stop-wallitiq-wltq-from-a-spectacular-35830-growth-by-q1-2025/,posts,304610,https://coincu.com/c/cmc,https://coincu.com/cmc/,0,no_match_in_raw
https://coincu.com/despite-analysts-projecting-doge-to-rise-5-in-30-days-they-forecast-new-ai-meme-coin-for-faster-growth/,posts,324016,https://coincu.com/c/casino-reviews/,https://coincu.com/casino-reviews/,0,no_match_in_raw
https://coincu.com/despite-analysts-projecting-doge-to-rise-5-in-30-days-they-forecast-new-ai-meme-coin-for-faster-growth/,posts,324016,https://coincu.com/c/pr/press-release/,https://coincu.com/pr/press-release/,0,no_match_in_raw
https://coincu.com/despite-analysts-projecting-doge-to-rise-5-in-30-days-they-forecast-new-ai-meme-coin-for-faster-growth/,posts,324016,https://coincu.com/c/cmc,https://coincu.com/cmc/,0,no_match_in_raw
https://coincu.com/ionets-ignition-rewards-program/,posts,263306,https://coincu.com/c/casino-reviews/,https://coincu.com/casino-reviews/,0,no_match_in_raw
https://coincu.com/ionets-ignition-rewards-program/,posts,263306,https://coincu.com/c/pr/press-release/,https://coincu.com/pr/press-release/,0,no_match_in_raw
https://coincu.com/ionets-ignition-rewards-program/,posts,263306,https://coincu.com/c/news,https://coincu.com/news/,0,no_match_in_raw
