id,date,slug,status,url,backlink_rows,ref_domains,gsc_clicks,gsc_impressions,decision,reason
280464,2024-08-29T14:57:00,solana-liquid-staking-products,publish,https://coincu.com/solana-liquid-staking-products,0,0,0,0,draft_now,no_backlink_no_gsc_top1000_older_30d
280461,2024-08-29T14:34:25,new-ncr-atleos-bitcoin-service,publish,https://coincu.com/new-ncr-atleos-bitcoin-service,0,0,0,0,draft_now,no_backlink_no_gsc_top1000_older_30d
280455,2024-08-29T13:55:36,pig-butchering-scams-are-increasingly-common,publish,https://coincu.com/pig-butchering-scams-are-increasingly-common,0,0,0,0,draft_now,no_backlink_no_gsc_top1000_older_30d
280442,2024-08-29T10:53:53,b2broker-and-spotware-present-b2copy-ctrader-integration-why-does-it-matter,publish,https://coincu.com/b2broker-and-spotware-present-b2copy-ctrader-integration-why-does-it-matter,0,0,0,0,draft_now,no_backlink_no_gsc_top1000_older_30d
280330,2024-08-28T19:55:00,dev-release-103-exploring-blockchain-explorer,publish,https://coincu.com/dev-release-103-exploring-blockchain-explorer,0,0,0,0,draft_now,no_backlink_no_gsc_top1000_older_30d
280327,2024-08-28T17:00:00,insights-into-blockdags-dag-technology-shiba,publish,https://coincu.com/insights-into-blockdags-dag-technology-shiba,0,0,0,0,draft_now,no_backlink_no_gsc_top1000_older_30d
280319,2024-08-28T16:00:00,can-blockdag-reach-1-soon-near-protocol,publish,https://coincu.com/can-blockdag-reach-1-soon-near-protocol,0,0,0,0,draft_now,no_backlink_no_gsc_top1000_older_30d
280354,2024-08-28T15:27:00,hamster-kombat-airdrop-set-for-september-26,publish,https://coincu.com/hamster-kombat-airdrop-set-for-september-26,0,0,0,0,draft_now,no_backlink_no_gsc_top1000_older_30d
280349,2024-08-28T14:32:00,sec-wells-notice-issued-to-opensea,publish,https://coincu.com/sec-wells-notice-issued-to-opensea,0,0,0,0,draft_now,no_backlink_no_gsc_top1000_older_30d
280335,2024-08-28T14:00:00,blockdag-foundation-setup-avalanche-drop,publish,https://coincu.com/blockdag-foundation-setup-avalanche-drop,0,0,0,0,draft_now,no_backlink_no_gsc_top1000_older_30d
280339,2024-08-28T13:38:00,new-bnb-chain-bridge-launched,publish,https://coincu.com/new-bnb-chain-bridge-launched,0,0,0,0,draft_now,no_backlink_no_gsc_top1000_older_30d
280293,2024-08-28T10:01:00,hong-kong-launches-ensemble-sandbox-to-token,publish,https://coincu.com/hong-kong-launches-ensemble-sandbox-to-token,0,0,0,0,draft_now,no_backlink_no_gsc_top1000_older_30d
280250,2024-08-28T04:54:49,integrate-trading-bots-with-your-existing-trading-strategy,publish,https://coincu.com/integrate-trading-bots-with-your-existing-trading-strategy,0,0,0,0,draft_now,no_backlink_no_gsc_top1000_older_30d
280169,2024-08-28T04:30:00,qubetics-whitelist-gains-momentum-as-render,publish,https://coincu.com/qubetics-whitelist-gains-momentum-as-render,0,0,0,0,draft_now,no_backlink_no_gsc_top1000_older_30d
280199,2024-08-28T04:00:00,top-cryptos-to-buy-blockdag-beats-bnb-recovery,publish,https://coincu.com/top-cryptos-to-buy-blockdag-beats-bnb-recovery,0,0,0,0,draft_now,no_backlink_no_gsc_top1000_older_30d
280237,2024-08-28T02:51:58,ton-network-block-halts-for-over-3-hours,publish,https://coincu.com/ton-network-block-halts-for-over-3-hours,0,0,0,0,draft_now,no_backlink_no_gsc_top1000_older_30d
280190,2024-08-27T22:00:00,exploring-toncoins-news-links-rise-and-blockdags,publish,https://coincu.com/exploring-toncoins-news-links-rise-and-blockdags,0,0,0,0,draft_now,no_backlink_no_gsc_top1000_older_30d
280179,2024-08-27T17:00:00,hurry-last-chance-to-grab-blockdag-at-low-prices,publish,https://coincu.com/hurry-last-chance-to-grab-blockdag-at-low-prices,0,0,0,0,draft_now,no_backlink_no_gsc_top1000_older_30d
280172,2024-08-27T16:00:00,will-blockdag-follow-solanas-path-to-big-wins,publish,https://coincu.com/will-blockdag-follow-solanas-path-to-big-wins,0,0,0,0,draft_now,no_backlink_no_gsc_top1000_older_30d
280159,2024-08-27T14:59:27,cme-groups-bitcoin-friday-futures,publish,https://coincu.com/cme-groups-bitcoin-friday-futures,0,0,0,0,draft_now,no_backlink_no_gsc_top1000_older_30d
280142,2024-08-27T13:31:06,defi-protocol-maker-rebrands-to-sky,publish,https://coincu.com/defi-protocol-maker-rebrands-to-sky,0,0,0,0,draft_now,no_backlink_no_gsc_top1000_older_30d
280140,2024-08-27T13:02:05,maplestory-universe-unveils-nexpace-protocol-today,publish,https://coincu.com/maplestory-universe-unveils-nexpace-protocol-today,0,0,0,0,draft_now,no_backlink_no_gsc_top1000_older_30d
280130,2024-08-27T11:07:53,sharpe-ai-airdrop-checker-500-sai-allocation,publish,https://coincu.com/sharpe-ai-airdrop-checker-500-sai-allocation,0,0,0,0,draft_now,no_backlink_no_gsc_top1000_older_30d
280123,2024-08-27T09:40:05,telegram-ceo-pavel-durovs-arrest-vitalik-concern,publish,https://coincu.com/telegram-ceo-pavel-durovs-arrest-vitalik-concern,0,0,0,0,draft_now,no_backlink_no_gsc_top1000_older_30d
280118,2024-08-27T08:35:04,supra-com-to-put-on-key-event-at-korea-blockchain-week,publish,https://coincu.com/supra-com-to-put-on-key-event-at-korea-blockchain-week,0,0,0,0,draft_now,no_backlink_no_gsc_top1000_older_30d
280111,2024-08-27T08:13:38,mobile-uses-of-cryptocurrency-the-rise-of-bitcoin,publish,https://coincu.com/mobile-uses-of-cryptocurrency-the-rise-of-bitcoin,0,0,0,0,draft_now,no_backlink_no_gsc_top1000_older_30d
280088,2024-08-27T07:28:07,french-says-pavel-durovs-arrest-not-politically,publish,https://coincu.com/french-says-pavel-durovs-arrest-not-politically,0,0,0,0,draft_now,no_backlink_no_gsc_top1000_older_30d
280072,2024-08-27T06:03:45,web3-innovation-festival-innoblock-2024,publish,https://coincu.com/web3-innovation-festival-innoblock-2024,0,0,0,0,draft_now,no_backlink_no_gsc_top1000_older_30d
280016,2024-08-26T17:15:00,stellars-decline-vechain-growth-and-qubetics-wl,publish,https://coincu.com/stellars-decline-vechain-growth-and-qubetics-wl,0,0,0,0,draft_now,no_backlink_no_gsc_top1000_older_30d
280011,2024-08-26T15:58:52,russian-crypto-exchanges-starting-testing,publish,https://coincu.com/russian-crypto-exchanges-starting-testing,0,0,0,0,draft_now,no_backlink_no_gsc_top1000_older_30d
279997,2024-08-26T14:33:32,dogs-token-launch-causes-congestion,publish,https://coincu.com/dogs-token-launch-causes-congestion,0,0,0,0,draft_now,no_backlink_no_gsc_top1000_older_30d
279991,2024-08-26T13:52:02,semler-scientific-bitcoin-investment,publish,https://coincu.com/semler-scientific-bitcoin-investment,0,0,0,0,draft_now,no_backlink_no_gsc_top1000_older_30d
279988,2024-08-26T13:07:23,warden-announces-the-artificial-intelligence-blockchain-interface-aibi,publish,https://coincu.com/warden-announces-the-artificial-intelligence-blockchain-interface-aibi,0,0,0,0,draft_now,no_backlink_no_gsc_top1000_older_30d
279893,2024-08-26T13:06:48,telegram-defends-eu-after-pavel-durovs-arrest,publish,https://coincu.com/telegram-defends-eu-after-pavel-durovs-arrest,0,0,0,0,draft_now,no_backlink_no_gsc_top1000_older_30d
279977,2024-08-26T10:53:20,bitcoin-inflows-surge-543-million-powells-rate,publish,https://coincu.com/bitcoin-inflows-surge-543-million-powells-rate,0,0,0,0,draft_now,no_backlink_no_gsc_top1000_older_30d
279966,2024-08-26T10:04:55,dogs-bot-farm-users-banned-airdrop-claim-cleanup,publish,https://coincu.com/dogs-bot-farm-users-banned-airdrop-claim-cleanup,0,0,0,0,draft_now,no_backlink_no_gsc_top1000_older_30d
279956,2024-08-26T09:33:33,best-tether-casino-sites-with-usdt-bonuses-2024,publish,https://coincu.com/best-tether-casino-sites-with-usdt-bonuses-2024,0,0,0,0,draft_now,no_backlink_no_gsc_top1000_older_30d
279951,2024-08-26T09:09:52,p2e-meme-coin-playdoge-closes-in-on-6m-presale,publish,https://coincu.com/p2e-meme-coin-playdoge-closes-in-on-6m-presale,0,0,0,0,draft_now,no_backlink_no_gsc_top1000_older_30d
279946,2024-08-26T08:57:21,hub-for-blockchain-india-blockchain-summit-2024,publish,https://coincu.com/hub-for-blockchain-india-blockchain-summit-2024,0,0,0,0,draft_now,no_backlink_no_gsc_top1000_older_30d
279876,2024-08-26T06:32:45,bitcoin-holds-strong-at-64k-as-bullish-in-august,publish,https://coincu.com/bitcoin-holds-strong-at-64k-as-bullish-in-august,0,0,0,0,draft_now,no_backlink_no_gsc_top1000_older_30d
279878,2024-08-26T04:26:29,toncoin-token-plummets-2-7b,publish,https://coincu.com/toncoin-token-plummets-2-7b,0,0,0,0,draft_now,no_backlink_no_gsc_top1000_older_30d
279857,2024-08-26T02:15:00,polygon-terra-classic-whale-activity-ustc-peg,publish,https://coincu.com/polygon-terra-classic-whale-activity-ustc-peg,0,0,0,0,draft_now,no_backlink_no_gsc_top1000_older_30d
279854,2024-08-25T20:30:00,fantom-and-toncoins-bold-game-changing-crypto,publish,https://coincu.com/fantom-and-toncoins-bold-game-changing-crypto,0,0,0,0,draft_now,no_backlink_no_gsc_top1000_older_30d
279849,2024-08-25T17:15:00,investors-eye-a-new-whitelist-coin-as-matic-xrp,publish,https://coincu.com/investors-eye-a-new-whitelist-coin-as-matic-xrp,0,0,0,0,draft_now,no_backlink_no_gsc_top1000_older_30d
279860,2024-08-25T16:45:50,embrace-friendship-and-joy-with-fuku-the-token,publish,https://coincu.com/embrace-friendship-and-joy-with-fuku-the-token,0,0,0,0,draft_now,no_backlink_no_gsc_top1000_older_30d
271486,2024-08-25T09:37:19,botanix-review-layer-2-evm-on-bitcoin,publish,https://coincu.com/botanix-review-layer-2-evm-on-bitcoin,0,0,0,0,draft_now,no_backlink_no_gsc_top1000_older_30d
271501,2024-08-25T09:37:18,nubit-review-data-availability-based-on-bitcoin,publish,https://coincu.com/nubit-review-data-availability-based-on-bitcoin,0,0,0,0,draft_now,no_backlink_no_gsc_top1000_older_30d
279822,2024-08-25T04:18:00,cosmos-hub-v19-upgrade-is-now-launched,publish,https://coincu.com/cosmos-hub-v19-upgrade-is-now-launched,0,0,0,0,draft_now,no_backlink_no_gsc_top1000_older_30d
279788,2024-08-24T20:30:00,in-the-shadow-of-cosmos-and-near-protocol,publish,https://coincu.com/in-the-shadow-of-cosmos-and-near-protocol,0,0,0,0,draft_now,no_backlink_no_gsc_top1000_older_30d
279782,2024-08-24T17:15:00,why-aaves-gains-and-xrps-etf-speculations-buzz,publish,https://coincu.com/why-aaves-gains-and-xrps-etf-speculations-buzz,0,0,0,0,draft_now,no_backlink_no_gsc_top1000_older_30d
279340,2024-08-24T16:48:02,what-is-trc20-standard,publish,https://coincu.com/what-is-trc20-standard,0,0,0,0,draft_now,no_backlink_no_gsc_top1000_older_30d
279771,2024-08-24T09:00:00,gate-io-announces-sleeve-partnership-with-inter,publish,https://coincu.com/gate-io-announces-sleeve-partnership-with-inter,0,0,0,0,draft_now,no_backlink_no_gsc_top1000_older_30d
279441,2024-08-24T07:05:25,dawn-review-depin-project-raises-huge-funds,publish,https://coincu.com/dawn-review-depin-project-raises-huge-funds,0,0,0,0,draft_now,no_backlink_no_gsc_top1000_older_30d
279719,2024-08-24T03:44:00,bitcoin-supporter-robert-f-kennedy-jr,publish,https://coincu.com/bitcoin-supporter-robert-f-kennedy-jr,0,0,0,0,draft_now,no_backlink_no_gsc_top1000_older_30d
279711,2024-08-24T03:12:30,tether-law-enforcement-support-boosted,publish,https://coincu.com/tether-law-enforcement-support-boosted,0,0,0,0,draft_now,no_backlink_no_gsc_top1000_older_30d
279706,2024-08-24T02:37:21,kraken-sec-lawsuit-allowed-to-continue-by-judge,publish,https://coincu.com/kraken-sec-lawsuit-allowed-to-continue-by-judge,0,0,0,0,draft_now,no_backlink_no_gsc_top1000_older_30d
279655,2024-08-24T02:15:00,the-launch-of-qubetics-whitelist-set-to-make-history-like-polygon-and-cosmos,publish,https://coincu.com/the-launch-of-qubetics-whitelist-set-to-make-history-like-polygon-and-cosmos,0,0,0,0,draft_now,no_backlink_no_gsc_top1000_older_30d
279651,2024-08-23T17:15:00,why-solanas-defi-growth-and-quants-blockchain,publish,https://coincu.com/why-solanas-defi-growth-and-quants-blockchain,0,0,0,0,draft_now,no_backlink_no_gsc_top1000_older_30d
279642,2024-08-23T14:46:02,fed-chair-powell-excites-markets,publish,https://coincu.com/fed-chair-powell-excites-markets,0,0,0,0,draft_now,no_backlink_no_gsc_top1000_older_30d
279577,2024-08-23T13:25:20,kraken-australia-loses-case-to-a-regulator,publish,https://coincu.com/kraken-australia-loses-case-to-a-regulator,0,0,0,0,draft_now,no_backlink_no_gsc_top1000_older_30d
279622,2024-08-23T09:10:45,mashash-cloud-mining-leading-a-new-revolution-in-cryptocurrency-mining-for-2024,publish,https://coincu.com/mashash-cloud-mining-leading-a-new-revolution-in-cryptocurrency-mining-for-2024,0,0,0,0,draft_now,no_backlink_no_gsc_top1000_older_30d
279536,2024-08-23T08:02:02,sony-group-unveils-soneium-layer-2-blockchain,publish,https://coincu.com/sony-group-unveils-soneium-layer-2-blockchain,0,0,0,0,draft_now,no_backlink_no_gsc_top1000_older_30d
279579,2024-08-23T07:05:15,zualacapital-managing-partner-pakam-joel-on-the-current-state-of-the-digital-asset-class,publish,https://coincu.com/zualacapital-managing-partner-pakam-joel-on-the-current-state-of-the-digital-asset-class,0,0,0,0,draft_now,no_backlink_no_gsc_top1000_older_30d
279393,2024-08-23T04:58:28,dogs-listing-price-prediction-will-dogs-moon,publish,https://coincu.com/dogs-listing-price-prediction-will-dogs-moon,0,0,0,0,draft_now,no_backlink_no_gsc_top1000_older_30d
279496,2024-08-23T04:05:32,hex-founder-richard-hearts-lawsuit,publish,https://coincu.com/hex-founder-richard-hearts-lawsuit,0,0,0,0,draft_now,no_backlink_no_gsc_top1000_older_30d
279473,2024-08-23T03:12:09,el-salvador-cold-wallet-surges-with-5850-btc,publish,https://coincu.com/el-salvador-cold-wallet-surges-with-5850-btc,0,0,0,0,draft_now,no_backlink_no_gsc_top1000_older_30d
279464,2024-08-23T02:30:40,btc-whale-dumps-18m-300-btc-gone-in-30-minutes,publish,https://coincu.com/btc-whale-dumps-18m-300-btc-gone-in-30-minutes,0,0,0,0,draft_now,no_backlink_no_gsc_top1000_older_30d
268881,2024-08-22T15:30:11,megaeth-review-l2-invested-by-vitalik-buterin,publish,https://coincu.com/megaeth-review-l2-invested-by-vitalik-buterin,0,0,0,0,draft_now,no_backlink_no_gsc_top1000_older_30d
268840,2024-08-22T15:28:22,pencils-protocol-review-hub-of-scroll-ecosystem,publish,https://coincu.com/pencils-protocol-review-hub-of-scroll-ecosystem,0,0,0,0,draft_now,no_backlink_no_gsc_top1000_older_30d
271448,2024-08-22T15:26:41,lista-dao-review-liquid-staking-protocol-on-bnb,publish,https://coincu.com/lista-dao-review-liquid-staking-protocol-on-bnb,0,0,0,0,draft_now,no_backlink_no_gsc_top1000_older_30d
279411,2024-08-22T14:57:46,magic-eden-mobile-app-expands-to-token-swaps,publish,https://coincu.com/magic-eden-mobile-app-expands-to-token-swaps,0,0,0,0,draft_now,no_backlink_no_gsc_top1000_older_30d
279402,2024-08-22T14:44:11,new-makerdao-tokens-were-introduced,publish,https://coincu.com/new-makerdao-tokens-were-introduced,0,0,0,0,draft_now,no_backlink_no_gsc_top1000_older_30d
279392,2024-08-22T14:28:53,paypal-partnership-with-anchorage-digital,publish,https://coincu.com/paypal-partnership-with-anchorage-digital,0,0,0,0,draft_now,no_backlink_no_gsc_top1000_older_30d
279374,2024-08-22T13:58:22,mcdonalds-instagram-hack-738k-memecoin-profit,publish,https://coincu.com/mcdonalds-instagram-hack-738k-memecoin-profit,0,0,0,0,draft_now,no_backlink_no_gsc_top1000_older_30d
279377,2024-08-22T13:51:01,new-grayscale-avalanche-trust-launched,publish,https://coincu.com/new-grayscale-avalanche-trust-launched,0,0,0,0,draft_now,no_backlink_no_gsc_top1000_older_30d
279364,2024-08-22T13:07:26,launch-a-network-with-restaked-security-in-minutes-tanssi-and-symbiotic-set-new-ethereum-standard,publish,https://coincu.com/launch-a-network-with-restaked-security-in-minutes-tanssi-and-symbiotic-set-new-ethereum-standard,0,0,0,0,draft_now,no_backlink_no_gsc_top1000_older_30d
279356,2024-08-22T12:33:08,corporate-crypto-donations-2024-election-funds,publish,https://coincu.com/corporate-crypto-donations-2024-election-funds,0,0,0,0,draft_now,no_backlink_no_gsc_top1000_older_30d
279337,2024-08-22T10:37:27,how-we-match-players-with-the-right-casinos,publish,https://coincu.com/how-we-match-players-with-the-right-casinos,0,0,0,0,draft_now,no_backlink_no_gsc_top1000_older_30d
279319,2024-08-22T10:32:30,eth-gas-fees-drop-below-2-gwei,publish,https://coincu.com/eth-gas-fees-drop-below-2-gwei,0,0,0,0,draft_now,no_backlink_no_gsc_top1000_older_30d
279277,2024-08-22T10:13:12,mining-platform-selection-guide,publish,https://coincu.com/mining-platform-selection-guide,0,0,0,0,draft_now,no_backlink_no_gsc_top1000_older_30d
279251,2024-08-22T05:01:45,understanding-crypto-wallets-a-comprehensive-guide,publish,https://coincu.com/understanding-crypto-wallets-a-comprehensive-guide,0,0,0,0,draft_now,no_backlink_no_gsc_top1000_older_30d
279248,2024-08-22T04:33:55,cryptocurrency-and-the-presidential-election-race,publish,https://coincu.com/cryptocurrency-and-the-presidential-election-race,0,0,0,0,draft_now,no_backlink_no_gsc_top1000_older_30d
279234,2024-08-22T03:45:17,former-ftx-executive-denies-charges,publish,https://coincu.com/former-ftx-executive-denies-charges,0,0,0,0,draft_now,no_backlink_no_gsc_top1000_older_30d
278781,2024-08-21T18:13:54,best-crypto-telegram-channels,publish,https://coincu.com/best-crypto-telegram-channels,0,0,0,0,draft_now,no_backlink_no_gsc_top1000_older_30d
279190,2024-08-21T17:50:51,miami-heat-jimmy-butler-settle-binance-lawsuit,publish,https://coincu.com/miami-heat-jimmy-butler-settle-binance-lawsuit,0,0,0,0,draft_now,no_backlink_no_gsc_top1000_older_30d
279181,2024-08-21T17:17:59,mcdonalds-instagram-account-was-hacked,publish,https://coincu.com/mcdonalds-instagram-account-was-hacked,0,0,0,0,draft_now,no_backlink_no_gsc_top1000_older_30d
279170,2024-08-21T16:33:57,eigen-labs-employees-benefit-from-airdrops,publish,https://coincu.com/eigen-labs-employees-benefit-from-airdrops,0,0,0,0,draft_now,no_backlink_no_gsc_top1000_older_30d
279046,2024-08-21T16:31:40,dogs-memecoin-review-telegrams-memecoin-project,publish,https://coincu.com/dogs-memecoin-review-telegrams-memecoin-project,0,0,0,0,draft_now,no_backlink_no_gsc_top1000_older_30d
279164,2024-08-21T14:26:25,mtgox-creditors-begin-to-see-payments,publish,https://coincu.com/mtgox-creditors-begin-to-see-payments,0,0,0,0,draft_now,no_backlink_no_gsc_top1000_older_30d
279153,2024-08-21T13:39:12,tether-dirham-pegged-stablecoin,publish,https://coincu.com/tether-dirham-pegged-stablecoin,0,0,0,0,draft_now,no_backlink_no_gsc_top1000_older_30d
279074,2024-08-21T10:19:49,babylon-mainnet-launches-bitcoin-staking,publish,https://coincu.com/babylon-mainnet-launches-bitcoin-staking,0,0,0,0,draft_now,no_backlink_no_gsc_top1000_older_30d
279132,2024-08-21T09:42:01,subquery-launches-decentralized-ai-inference-hosting-at-web3-summit-in-berlin,publish,https://coincu.com/subquery-launches-decentralized-ai-inference-hosting-at-web3-summit-in-berlin,0,0,0,0,draft_now,no_backlink_no_gsc_top1000_older_30d
278542,2024-08-21T08:26:01,trust-wallet-scams-how-to-avoid-losing-assets,publish,https://coincu.com/trust-wallet-scams-how-to-avoid-losing-assets,0,0,0,0,draft_now,no_backlink_no_gsc_top1000_older_30d
279092,2024-08-21T08:00:22,conflux-and-china-mobiles-migu-debut-worlds-first-blockchain-based-video-ringtone,publish,https://coincu.com/conflux-and-china-mobiles-migu-debut-worlds-first-blockchain-based-video-ringtone,0,0,0,0,draft_now,no_backlink_no_gsc_top1000_older_30d
279041,2024-08-21T07:00:00,crypto-market-rally-bitcoin-spot-etf-boosts-solana-polygon-ripple-pawfury-more,publish,https://coincu.com/crypto-market-rally-bitcoin-spot-etf-boosts-solana-polygon-ripple-pawfury-more,0,0,0,0,draft_now,no_backlink_no_gsc_top1000_older_30d
279038,2024-08-21T05:00:00,q4-2024-crypto-surge-optimism-aptos-render-shiba-inu-and-pawfury-leading-the-charge,publish,https://coincu.com/q4-2024-crypto-surge-optimism-aptos-render-shiba-inu-and-pawfury-leading-the-charge,0,0,0,0,draft_now,no_backlink_no_gsc_top1000_older_30d
279022,2024-08-21T03:26:55,second-spot-solana-etf-approved-in-brazil,publish,https://coincu.com/second-spot-solana-etf-approved-in-brazil,0,0,0,0,draft_now,no_backlink_no_gsc_top1000_older_30d
279000,2024-08-20T22:00:00,pawfury-and-altcoins-lead-the-way-in-the-crypto-market-ethereum-ripple-polygon-and-dogecoin-shine,publish,https://coincu.com/pawfury-and-altcoins-lead-the-way-in-the-crypto-market-ethereum-ripple-polygon-and-dogecoin-shine,0,0,0,0,draft_now,no_backlink_no_gsc_top1000_older_30d
279006,2024-08-20T18:17:34,meme-coin-dogs-is-now-gaining-attention,publish,https://coincu.com/meme-coin-dogs-is-now-gaining-attention,0,0,0,0,draft_now,no_backlink_no_gsc_top1000_older_30d
278992,2024-08-20T17:12:21,galxes-layer-1-gravity-chain-is-now-on-mainnet,publish,https://coincu.com/galxes-layer-1-gravity-chain-is-now-on-mainnet,0,0,0,0,draft_now,no_backlink_no_gsc_top1000_older_30d
279014,2024-08-20T17:00:00,top-budgeting-apps-2024-managing-your-finances,publish,https://coincu.com/top-budgeting-apps-2024-managing-your-finances,0,0,0,0,draft_now,no_backlink_no_gsc_top1000_older_30d
269745,2024-08-20T16:24:46,metacene-review-post-apocalyptic-mmorpg-game,publish,https://coincu.com/metacene-review-post-apocalyptic-mmorpg-game,0,0,0,0,draft_now,no_backlink_no_gsc_top1000_older_30d
270972,2024-08-20T16:10:39,morpho-protocol-review-largest-lending-fundraise,publish,https://coincu.com/morpho-protocol-review-largest-lending-fundraise,0,0,0,0,draft_now,no_backlink_no_gsc_top1000_older_30d
278963,2024-08-20T15:22:54,bingx-promotes-fake-back-token-ceo-slams-scam,publish,https://coincu.com/bingx-promotes-fake-back-token-ceo-slams-scam,0,0,0,0,draft_now,no_backlink_no_gsc_top1000_older_30d
278946,2024-08-20T12:52:40,simons-cat-airdrop-on-floki-holders-via-binance,publish,https://coincu.com/simons-cat-airdrop-on-floki-holders-via-binance,0,0,0,0,draft_now,no_backlink_no_gsc_top1000_older_30d
278943,2024-08-20T10:50:29,flipster-announces-collaboration-with-tether,publish,https://coincu.com/flipster-announces-collaboration-with-tether,0,0,0,0,draft_now,no_backlink_no_gsc_top1000_older_30d
278929,2024-08-20T10:23:41,starknet-will-launch-strk-staking-in-october,publish,https://coincu.com/starknet-will-launch-strk-staking-in-october,0,0,0,0,draft_now,no_backlink_no_gsc_top1000_older_30d
278931,2024-08-20T10:11:18,paybis-celebrates-10-years-of-service,publish,https://coincu.com/paybis-celebrates-10-years-of-service,0,0,0,0,draft_now,no_backlink_no_gsc_top1000_older_30d
278920,2024-08-20T09:50:23,qcp-capital-warns-stock-market-volatility,publish,https://coincu.com/qcp-capital-warns-stock-market-volatility,0,0,0,0,draft_now,no_backlink_no_gsc_top1000_older_30d
278818,2024-08-20T04:00:00,pawfury-leads-the-way-top-crypto-investment-opportunities-including-aptos-sei-kaspa-and-near-protocol,publish,https://coincu.com/pawfury-leads-the-way-top-crypto-investment-opportunities-including-aptos-sei-kaspa-and-near-protocol,0,0,0,0,draft_now,no_backlink_no_gsc_top1000_older_30d
278379,2024-08-20T03:51:27,top-8-potential-depin-ai-projects,publish,https://coincu.com/top-8-potential-depin-ai-projects,0,0,0,0,draft_now,no_backlink_no_gsc_top1000_older_30d
278859,2024-08-20T03:47:16,grass-token-airdrop-requires-users,publish,https://coincu.com/grass-token-airdrop-requires-users,0,0,0,0,draft_now,no_backlink_no_gsc_top1000_older_30d
278811,2024-08-20T02:00:00,pawfury-paw-and-major-cryptos-surge-amid-market-rally-crypto-insights-trends-2024,publish,https://coincu.com/pawfury-paw-and-major-cryptos-surge-amid-market-rally-crypto-insights-trends-2024,0,0,0,0,draft_now,no_backlink_no_gsc_top1000_older_30d
278842,2024-08-19T16:37:11,declining-ethereum-gas-fees-eth-supply,publish,https://coincu.com/declining-ethereum-gas-fees-eth-supply,0,0,0,0,draft_now,no_backlink_no_gsc_top1000_older_30d
278825,2024-08-19T13:53:18,banca-sella-bitcoin-service-available-to-users,publish,https://coincu.com/banca-sella-bitcoin-service-available-to-users,0,0,0,0,draft_now,no_backlink_no_gsc_top1000_older_30d
278802,2024-08-19T11:05:52,cryptohub-launchpad-hosts-zephyr-private-sale-the-worlds-first-prediction-market-on-solana-chain,publish,https://coincu.com/cryptohub-launchpad-hosts-zephyr-private-sale-the-worlds-first-prediction-market-on-solana-chain,0,0,0,0,draft_now,no_backlink_no_gsc_top1000_older_30d
278786,2024-08-19T09:33:00,gate-ventures-and-the-blockchain-center-in-abu-dhabi-to-launch-falcon-gate-ventures-a-100-million-fund-to-propel-global-blockchain-innovation,publish,https://coincu.com/gate-ventures-and-the-blockchain-center-in-abu-dhabi-to-launch-falcon-gate-ventures-a-100-million-fund-to-propel-global-blockchain-innovation,0,0,0,0,draft_now,no_backlink_no_gsc_top1000_older_30d
278728,2024-08-19T03:58:44,ghanas-central-bank-proposes-draft-regulation-to-oversee-cryptocurrency-use-and-adoption,publish,https://coincu.com/ghanas-central-bank-proposes-draft-regulation-to-oversee-cryptocurrency-use-and-adoption,0,0,0,0,draft_now,no_backlink_no_gsc_top1000_older_30d
271626,2024-08-19T03:03:32,davinci-jeremie-net-worth,publish,https://coincu.com/davinci-jeremie-net-worth,0,0,0,0,draft_now,no_backlink_no_gsc_top1000_older_30d
278714,2024-08-19T02:57:08,ava-labs-coos-x-account-is-hacked,publish,https://coincu.com/ava-labs-coos-x-account-is-hacked,0,0,0,0,draft_now,no_backlink_no_gsc_top1000_older_30d
271223,2024-08-17T09:23:05,top-tap-to-earn-projects,publish,https://coincu.com/top-tap-to-earn-projects,0,0,0,0,draft_now,no_backlink_no_gsc_top1000_older_30d
278668,2024-08-17T04:52:25,dogs-airdrop-claim-is-now-available-for-users,publish,https://coincu.com/dogs-airdrop-claim-is-now-available-for-users,0,0,0,0,draft_now,no_backlink_no_gsc_top1000_older_30d
278630,2024-08-17T02:15:00,new-franklin-crypto-index-etf-seeks-approval,publish,https://coincu.com/new-franklin-crypto-index-etf-seeks-approval,0,0,0,0,draft_now,no_backlink_no_gsc_top1000_older_30d
278622,2024-08-16T19:54:23,holonym-foundation-emerges-with-5-5-million-seed-funding-to-provide-global-digital-personhood-with-human-keys,publish,https://coincu.com/holonym-foundation-emerges-with-5-5-million-seed-funding-to-provide-global-digital-personhood-with-human-keys,0,0,0,0,draft_now,no_backlink_no_gsc_top1000_older_30d
278605,2024-08-16T16:17:13,prominent-investors-announce-investment-and-support-for-tokyo-beast,publish,https://coincu.com/prominent-investors-announce-investment-and-support-for-tokyo-beast,0,0,0,0,draft_now,no_backlink_no_gsc_top1000_older_30d
278603,2024-08-16T16:16:00,coinbase-ceo-brian-armstrong-praises-bitcoin,publish,https://coincu.com/coinbase-ceo-brian-armstrong-praises-bitcoin,0,0,0,0,draft_now,no_backlink_no_gsc_top1000_older_30d
278600,2024-08-16T16:00:00,introducing-lfg-your-all-in-one-web3-edutainment-super-app,publish,https://coincu.com/introducing-lfg-your-all-in-one-web3-edutainment-super-app,0,0,0,0,draft_now,no_backlink_no_gsc_top1000_older_30d
278574,2024-08-16T11:20:04,memecoin-creation-platform-boost-suns-bold-bet,publish,https://coincu.com/memecoin-creation-platform-boost-suns-bold-bet,0,0,0,0,draft_now,no_backlink_no_gsc_top1000_older_30d
278536,2024-08-16T11:07:33,bernsteins-bitcoin-miners-rating,publish,https://coincu.com/bernsteins-bitcoin-miners-rating,0,0,0,0,draft_now,no_backlink_no_gsc_top1000_older_30d
278562,2024-08-16T10:27:36,over-protocol-airdrop-transform-lightweight,publish,https://coincu.com/over-protocol-airdrop-transform-lightweight,0,0,0,0,draft_now,no_backlink_no_gsc_top1000_older_30d
278545,2024-08-16T09:01:22,to-staking-out-meaning-a-deep-dive-into-crypto-staking-with-stakingbonus,publish,https://coincu.com/to-staking-out-meaning-a-deep-dive-into-crypto-staking-with-stakingbonus,0,0,0,0,draft_now,no_backlink_no_gsc_top1000_older_30d
278505,2024-08-16T07:47:00,bitmart-offers-3000-usdt-welcome-bonus-for-new-users,publish,https://coincu.com/bitmart-offers-3000-usdt-welcome-bonus-for-new-users,0,0,0,0,draft_now,no_backlink_no_gsc_top1000_older_30d
278485,2024-08-16T02:57:58,binance-in-india-now-resume-operations,publish,https://coincu.com/binance-in-india-now-resume-operations,0,0,0,0,draft_now,no_backlink_no_gsc_top1000_older_30d
278463,2024-08-15T16:14:09,nyse-now-withdrew-bitcoin-etf-options,publish,https://coincu.com/nyse-now-withdrew-bitcoin-etf-options,0,0,0,0,draft_now,no_backlink_no_gsc_top1000_older_30d
278446,2024-08-15T14:35:00,chainlink-data-streams-and-vrf-launch-on-base,publish,https://coincu.com/chainlink-data-streams-and-vrf-launch-on-base,0,0,0,0,draft_now,no_backlink_no_gsc_top1000_older_30d
278432,2024-08-15T14:11:13,arthur-hayes-wallet-reaches-2-84m-in-aethir-ath,publish,https://coincu.com/arthur-hayes-wallet-reaches-2-84m-in-aethir-ath,0,0,0,0,draft_now,no_backlink_no_gsc_top1000_older_30d
278421,2024-08-15T13:40:56,btc-and-eth-volatility-plummets-10-vols-post-cpi,publish,https://coincu.com/btc-and-eth-volatility-plummets-10-vols-post-cpi,0,0,0,0,draft_now,no_backlink_no_gsc_top1000_older_30d
278418,2024-08-15T12:14:50,cellula-introduces-programmable-incentive-layer-to-gamify-asset-issuance,publish,https://coincu.com/cellula-introduces-programmable-incentive-layer-to-gamify-asset-issuance,0,0,0,0,draft_now,no_backlink_no_gsc_top1000_older_30d
278440,2024-08-15T12:01:00,cryptogram-launches-new-blockchain-platform-to-democratize-financial-freedom,publish,https://coincu.com/cryptogram-launches-new-blockchain-platform-to-democratize-financial-freedom,0,0,0,0,draft_now,no_backlink_no_gsc_top1000_older_30d
278361,2024-08-15T10:33:02,why-monero-xmr-is-untraceable,publish,https://coincu.com/why-monero-xmr-is-untraceable,0,0,0,0,draft_now,no_backlink_no_gsc_top1000_older_30d
278353,2024-08-15T04:23:16,coinstore-labs-launches-icp-chain-fusion-hackathon-2024-compete-for-a-500000-usdt-prize-pool,publish,https://coincu.com/coinstore-labs-launches-icp-chain-fusion-hackathon-2024-compete-for-a-500000-usdt-prize-pool,0,0,0,0,draft_now,no_backlink_no_gsc_top1000_older_30d
278346,2024-08-15T03:35:52,grass-token-airdrop-eligibility-determined,publish,https://coincu.com/grass-token-airdrop-eligibility-determined,0,0,0,0,draft_now,no_backlink_no_gsc_top1000_older_30d
278326,2024-08-14T17:32:30,silk-road-bitcoin-worth-600-million-moved,publish,https://coincu.com/silk-road-bitcoin-worth-600-million-moved,0,0,0,0,draft_now,no_backlink_no_gsc_top1000_older_30d
278331,2024-08-14T17:23:50,iagent-protocol-unveils-revolutionary-human-trained-ai-agent-from-visual-data,publish,https://coincu.com/iagent-protocol-unveils-revolutionary-human-trained-ai-agent-from-visual-data,0,0,0,0,draft_now,no_backlink_no_gsc_top1000_older_30d
278313,2024-08-14T16:13:49,state-of-wisconsin-investment-board-blackrock,publish,https://coincu.com/state-of-wisconsin-investment-board-blackrock,0,0,0,0,draft_now,no_backlink_no_gsc_top1000_older_30d
278299,2024-08-14T13:12:58,metamask-blockchain-debit-card-launched,publish,https://coincu.com/metamask-blockchain-debit-card-launched,0,0,0,0,draft_now,no_backlink_no_gsc_top1000_older_30d
278285,2024-08-14T10:54:51,cryptocom-and-uefa-champions-league-sponsorship,publish,https://coincu.com/cryptocom-and-uefa-champions-league-sponsorship,0,0,0,0,draft_now,no_backlink_no_gsc_top1000_older_30d
272152,2024-08-14T03:17:19,new-cto-andre-cronje-will-lead-sonic-labs,publish,https://coincu.com/new-cto-andre-cronje-will-lead-sonic-labs,0,0,0,0,draft_now,no_backlink_no_gsc_top1000_older_30d
272117,2024-08-13T22:00:00,top-cryptocurrencies-you-should-keep-an-eye-on-in-2024,publish,https://coincu.com/top-cryptocurrencies-you-should-keep-an-eye-on-in-2024,0,0,0,0,draft_now,no_backlink_no_gsc_top1000_older_30d
272108,2024-08-13T18:00:00,solana-flips-ethereum-as-pawfury-presale-gathers-investors,publish,https://coincu.com/solana-flips-ethereum-as-pawfury-presale-gathers-investors,0,0,0,0,draft_now,no_backlink_no_gsc_top1000_older_30d
272093,2024-08-13T14:30:00,experts-predict-altcoin-surge-pawfury-presale-leads-potential-skyrockets,publish,https://coincu.com/experts-predict-altcoin-surge-pawfury-presale-leads-potential-skyrockets,0,0,0,0,draft_now,no_backlink_no_gsc_top1000_older_30d
272078,2024-08-13T13:37:56,us-ppi-july-monthly-0-1-vs-0-2-expected,publish,https://coincu.com/us-ppi-july-monthly-0-1-vs-0-2-expected,0,0,0,0,draft_now,no_backlink_no_gsc_top1000_older_30d
272054,2024-08-13T09:42:08,arbitrum-bridge-now-supports-okx-web3-wallet,publish,https://coincu.com/arbitrum-bridge-now-supports-okx-web3-wallet,0,0,0,0,draft_now,no_backlink_no_gsc_top1000_older_30d
272038,2024-08-13T09:27:55,dbs-launches-dbs-treasury-tokens-in-singapore,publish,https://coincu.com/dbs-launches-dbs-treasury-tokens-in-singapore,0,0,0,0,draft_now,no_backlink_no_gsc_top1000_older_30d
272040,2024-08-13T09:17:50,kamala-harris-proposes-28-crypto-tax-rate,publish,https://coincu.com/kamala-harris-proposes-28-crypto-tax-rate,0,0,0,0,draft_now,no_backlink_no_gsc_top1000_older_30d
272010,2024-08-13T09:00:00,top-crypto-coins-to-watch-in-2024-polygon-manta-network-and-pawfury,publish,https://coincu.com/top-crypto-coins-to-watch-in-2024-polygon-manta-network-and-pawfury,0,0,0,0,draft_now,no_backlink_no_gsc_top1000_older_30d
272006,2024-08-13T03:30:00,avax-predicted-to-hit-385-ath-pawfury-presale-gains-traction-amid-bullish-forecasts,publish,https://coincu.com/avax-predicted-to-hit-385-ath-pawfury-presale-gains-traction-amid-bullish-forecasts,0,0,0,0,draft_now,no_backlink_no_gsc_top1000_older_30d
271978,2024-08-13T02:51:27,the-best-crypto-crowdfunding-platforms-to-launch-your-startup,publish,https://coincu.com/the-best-crypto-crowdfunding-platforms-to-launch-your-startup,0,0,0,0,draft_now,no_backlink_no_gsc_top1000_older_30d
271976,2024-08-13T00:10:12,zan-and-mysten-labs-partner-to-advance-web3-infrastructure-development,publish,https://coincu.com/zan-and-mysten-labs-partner-to-advance-web3-infrastructure-development,0,0,0,0,draft_now,no_backlink_no_gsc_top1000_older_30d
271993,2024-08-12T23:45:00,top-5-cryptocurrencies-to-invest-eth-sol-xrp-doge-bnb,publish,https://coincu.com/top-5-cryptocurrencies-to-invest-eth-sol-xrp-doge-bnb,0,0,0,0,draft_now,no_backlink_no_gsc_top1000_older_30d
271972,2024-08-12T17:07:41,aleph-zero-launches-its-evm-layer-on-mainnet,publish,https://coincu.com/aleph-zero-launches-its-evm-layer-on-mainnet,0,0,0,0,draft_now,no_backlink_no_gsc_top1000_older_30d
272021,2024-08-12T16:15:00,top-5-solana-based-altcoins-to-buy-amid-market-recovery-including-pawfury,publish,https://coincu.com/top-5-solana-based-altcoins-to-buy-amid-market-recovery-including-pawfury,0,0,0,0,draft_now,no_backlink_no_gsc_top1000_older_30d
271952,2024-08-12T15:44:18,tether-venture-investment-is-fueled,publish,https://coincu.com/tether-venture-investment-is-fueled,0,0,0,0,draft_now,no_backlink_no_gsc_top1000_older_30d
271938,2024-08-12T13:54:25,marathon-digital-bitcoin-investment-continues,publish,https://coincu.com/marathon-digital-bitcoin-investment-continues,0,0,0,0,draft_now,no_backlink_no_gsc_top1000_older_30d
271848,2024-08-12T08:15:00,homeland-avatar-mode-in-axie-infinity-discover-the-latest-in-crypto-advancements-strategic-exchange-listings-and-user-centric-features,publish,https://coincu.com/homeland-avatar-mode-in-axie-infinity-discover-the-latest-in-crypto-advancements-strategic-exchange-listings-and-user-centric-features,0,0,0,0,draft_now,no_backlink_no_gsc_top1000_older_30d
271804,2024-08-12T06:00:00,etfswap-etfs-presale-sparks-a-gold-run-with-10000-increase-in-2-weeks,publish,https://coincu.com/etfswap-etfs-presale-sparks-a-gold-run-with-10000-increase-in-2-weeks,0,0,0,0,draft_now,no_backlink_no_gsc_top1000_older_30d
271830,2024-08-12T04:05:00,trons-q2-mixed-results-pawfury-presale-emerges-as-promising-alternative,publish,https://coincu.com/trons-q2-mixed-results-pawfury-presale-emerges-as-promising-alternative,0,0,0,0,draft_now,no_backlink_no_gsc_top1000_older_30d
271827,2024-08-12T03:59:17,ethereum-gas-fees-plummet-to-5-year-low,publish,https://coincu.com/ethereum-gas-fees-plummet-to-5-year-low,0,0,0,0,draft_now,no_backlink_no_gsc_top1000_older_30d
271814,2024-08-12T03:34:27,binance-in-venezuela-faces-internet-restrictions,publish,https://coincu.com/binance-in-venezuela-faces-internet-restrictions,0,0,0,0,draft_now,no_backlink_no_gsc_top1000_older_30d
271810,2024-08-12T02:45:00,eth-and-btc-etfs-face-sharp-outflows-pawfury-presale-gains-traction-amid-market-shifts,publish,https://coincu.com/eth-and-btc-etfs-face-sharp-outflows-pawfury-presale-gains-traction-amid-market-shifts,0,0,0,0,draft_now,no_backlink_no_gsc_top1000_older_30d
271800,2024-08-12T00:30:00,get-ready-for-a-crypto-boom-experts-identify-the-cryptocurrencies-expected-to-rise-this-summer,publish,https://coincu.com/get-ready-for-a-crypto-boom-experts-identify-the-cryptocurrencies-expected-to-rise-this-summer,0,0,0,0,draft_now,no_backlink_no_gsc_top1000_older_30d
271797,2024-08-11T20:30:00,ripple-xrp-breakout-imminent-pawfury-presale-offers-faster-growth-potential,publish,https://coincu.com/ripple-xrp-breakout-imminent-pawfury-presale-offers-faster-growth-potential,0,0,0,0,draft_now,no_backlink_no_gsc_top1000_older_30d
271790,2024-08-11T17:15:00,3-cryptos-to-watch-solana-avalanche-xrp-pawfury-presale-steals-the-spotlight,publish,https://coincu.com/3-cryptos-to-watch-solana-avalanche-xrp-pawfury-presale-steals-the-spotlight,0,0,0,0,draft_now,no_backlink_no_gsc_top1000_older_30d
271747,2024-08-11T03:46:01,cftc-prediction-market-proposal,publish,https://coincu.com/cftc-prediction-market-proposal,0,0,0,0,draft_now,no_backlink_no_gsc_top1000_older_30d
271741,2024-08-11T03:03:51,bitgo-bit-global-venture-established,publish,https://coincu.com/bitgo-bit-global-venture-established,0,0,0,0,draft_now,no_backlink_no_gsc_top1000_older_30d
271719,2024-08-10T09:55:28,chainwire-review-a-premier-solution-for-crypto-press-releases,publish,https://coincu.com/chainwire-review-a-premier-solution-for-crypto-press-releases,0,0,0,0,draft_now,no_backlink_no_gsc_top1000_older_30d
271695,2024-08-10T03:22:00,long-term-bitcoin-holders-remain-optimistic,publish,https://coincu.com/long-term-bitcoin-holders-remain-optimistic,0,0,0,0,draft_now,no_backlink_no_gsc_top1000_older_30d
271672,2024-08-10T02:12:00,irs-crypto-tax-draft-form,publish,https://coincu.com/irs-crypto-tax-draft-form,0,0,0,0,draft_now,no_backlink_no_gsc_top1000_older_30d
271665,2024-08-09T15:26:00,the-thailand-sec-sandbox-launched,publish,https://coincu.com/the-thailand-sec-sandbox-launched,0,0,0,0,draft_now,no_backlink_no_gsc_top1000_older_30d
271643,2024-08-09T13:00:49,neurochainai-launches-ncn-token-ahead-of-node-staking,publish,https://coincu.com/neurochainai-launches-ncn-token-ahead-of-node-staking,0,0,0,0,draft_now,no_backlink_no_gsc_top1000_older_30d
271704,2024-08-09T10:26:00,crypto-arbitrage-strategies-techniques-and-tools-for-success,publish,https://coincu.com/crypto-arbitrage-strategies-techniques-and-tools-for-success,0,0,0,0,draft_now,no_backlink_no_gsc_top1000_older_30d
271616,2024-08-09T09:40:22,justin-sun-wallet-moves-16236-eth-to-htx,publish,https://coincu.com/justin-sun-wallet-moves-16236-eth-to-htx,0,0,0,0,draft_now,no_backlink_no_gsc_top1000_older_30d
271615,2024-08-09T08:43:55,dedacoin-review-the-future-of-secure-and-efficient-digital-transactions,publish,https://coincu.com/dedacoin-review-the-future-of-secure-and-efficient-digital-transactions,0,0,0,0,draft_now,no_backlink_no_gsc_top1000_older_30d
271610,2024-08-09T07:29:07,why-is-cryptocurrency-still-not-regulated-in-vietnam,publish,https://coincu.com/why-is-cryptocurrency-still-not-regulated-in-vietnam,0,0,0,0,draft_now,no_backlink_no_gsc_top1000_older_30d
271602,2024-08-09T07:01:19,fbi-publishes-statement-warning-crypto-community-of-impersonation-scams,publish,https://coincu.com/fbi-publishes-statement-warning-crypto-community-of-impersonation-scams,0,0,0,0,draft_now,no_backlink_no_gsc_top1000_older_30d
271587,2024-08-09T06:00:00,crypto-analyst-predicts-massive-gains-for-dogecoin-and-etfswap-etfs-600x-surge-incoming,publish,https://coincu.com/crypto-analyst-predicts-massive-gains-for-dogecoin-and-etfswap-etfs-600x-surge-incoming,0,0,0,0,draft_now,no_backlink_no_gsc_top1000_older_30d
270366,2024-08-09T05:04:17,russell-simmons-net-worth,publish,https://coincu.com/russell-simmons-net-worth,0,0,0,0,draft_now,no_backlink_no_gsc_top1000_older_30d
271586,2024-08-09T04:07:24,pumpfun-coin-creation-is-now-free,publish,https://coincu.com/pumpfun-coin-creation-is-now-free,0,0,0,0,draft_now,no_backlink_no_gsc_top1000_older_30d
271564,2024-08-09T03:32:39,tether-holdings-workforce,publish,https://coincu.com/tether-holdings-workforce,0,0,0,0,draft_now,no_backlink_no_gsc_top1000_older_30d
271558,2024-08-09T03:26:15,okx-warns-tornado-cash-users-risk-liquidation,publish,https://coincu.com/okx-warns-tornado-cash-users-risk-liquidation,0,0,0,0,draft_now,no_backlink_no_gsc_top1000_older_30d
271569,2024-08-09T03:00:00,pawfury-presale-shines-as-analyst-predicts-surges-for-pepe-ethereum-and-xrp,publish,https://coincu.com/pawfury-presale-shines-as-analyst-predicts-surges-for-pepe-ethereum-and-xrp,0,0,0,0,draft_now,no_backlink_no_gsc_top1000_older_30d
271533,2024-08-08T21:00:00,shiba-inu-shib-faces-new-challenger-as-pawfury-paw-aims-for-2000x-profits,publish,https://coincu.com/shiba-inu-shib-faces-new-challenger-as-pawfury-paw-aims-for-2000x-profits,0,0,0,0,draft_now,no_backlink_no_gsc_top1000_older_30d
271529,2024-08-08T19:00:00,pawfury-presale-gains-momentum-as-xrp-whales-make-13-6m-move,publish,https://coincu.com/pawfury-presale-gains-momentum-as-xrp-whales-make-13-6m-move,0,0,0,0,draft_now,no_backlink_no_gsc_top1000_older_30d
271552,2024-08-08T17:00:00,investors-make-u-turn-as-btc-xrp-tumble-significantly-vote-confidently-for-digihorse,publish,https://coincu.com/investors-make-u-turn-as-btc-xrp-tumble-significantly-vote-confidently-for-digihorse,0,0,0,0,draft_now,no_backlink_no_gsc_top1000_older_30d
271524,2024-08-08T17:00:00,pawfury-presale-shines-as-toncoin-and-solana-eye-massive-profit-potential,publish,https://coincu.com/pawfury-presale-shines-as-toncoin-and-solana-eye-massive-profit-potential,0,0,0,0,draft_now,no_backlink_no_gsc_top1000_older_30d
271526,2024-08-08T16:56:53,crypto-friendly-customers-bank-sanctioned-by-fed,publish,https://coincu.com/crypto-friendly-customers-bank-sanctioned-by-fed,0,0,0,0,draft_now,no_backlink_no_gsc_top1000_older_30d
271497,2024-08-08T15:28:17,bitcoin-miner-reserves-april-halving-event,publish,https://coincu.com/bitcoin-miner-reserves-april-halving-event,0,0,0,0,draft_now,no_backlink_no_gsc_top1000_older_30d
271461,2024-08-08T14:01:18,yawn-token-launches-with-ambitious-ecosystem-and-e-commerce-integration,publish,https://coincu.com/yawn-token-launches-with-ambitious-ecosystem-and-e-commerce-integration,0,0,0,0,draft_now,no_backlink_no_gsc_top1000_older_30d
271438,2024-08-08T12:49:45,gate-io-ceo-dr-han-lin-at-abs2024-we-are-still-at-the-dawn-of-a-revolutionary-era,publish,https://coincu.com/gate-io-ceo-dr-han-lin-at-abs2024-we-are-still-at-the-dawn-of-a-revolutionary-era,0,0,0,0,draft_now,no_backlink_no_gsc_top1000_older_30d
271435,2024-08-08T08:24:00,4win-skyrockets-to-8-million-market-cap-in-record-time-the-next-big-politifi-memecoin,publish,https://coincu.com/4win-skyrockets-to-8-million-market-cap-in-record-time-the-next-big-politifi-memecoin,0,0,0,0,draft_now,no_backlink_no_gsc_top1000_older_30d
271387,2024-08-08T04:24:06,bitgo-licence-in-singapore,publish,https://coincu.com/bitgo-licence-in-singapore,0,0,0,0,draft_now,no_backlink_no_gsc_top1000_older_30d
271073,2024-08-08T02:41:18,democrats-launches-crypto-for-harris-us-holders,publish,https://coincu.com/democrats-launches-crypto-for-harris-us-holders,0,0,0,0,draft_now,no_backlink_no_gsc_top1000_older_30d
271378,2024-08-08T01:00:00,pawfury-presale-shines-as-analysts-predict-gains-for-pepe-ethereum-and-xrp,publish,https://coincu.com/pawfury-presale-shines-as-analysts-predict-gains-for-pepe-ethereum-and-xrp,0,0,0,0,draft_now,no_backlink_no_gsc_top1000_older_30d
271373,2024-08-08T00:00:00,solana-outpaces-ethereum-in-defi-volume-as-pawfury-presale-gains-traction,publish,https://coincu.com/solana-outpaces-ethereum-in-defi-volume-as-pawfury-presale-gains-traction,0,0,0,0,draft_now,no_backlink_no_gsc_top1000_older_30d
271360,2024-08-07T20:00:00,ripple-xrp-and-solana-sol-investors-in-turmoil-as-350-billion-vanishes-overnight,publish,https://coincu.com/ripple-xrp-and-solana-sol-investors-in-turmoil-as-350-billion-vanishes-overnight,0,0,0,0,draft_now,no_backlink_no_gsc_top1000_older_30d
271336,2024-08-07T16:12:37,michael-saylors-bitcoin-holdings-1-billion,publish,https://coincu.com/michael-saylors-bitcoin-holdings-1-billion,0,0,0,0,draft_now,no_backlink_no_gsc_top1000_older_30d
271322,2024-08-07T13:03:00,aventus-supply-chain-solution-demonstrates-polkadots-impact-on-aviation-inudstry,publish,https://coincu.com/aventus-supply-chain-solution-demonstrates-polkadots-impact-on-aviation-inudstry,0,0,0,0,draft_now,no_backlink_no_gsc_top1000_older_30d
271317,2024-08-07T11:00:40,australian-firm-nyblue-secures-over-one-million-carats-of-blue-zircon-launches-rwa-token,publish,https://coincu.com/australian-firm-nyblue-secures-over-one-million-carats-of-blue-zircon-launches-rwa-token,0,0,0,0,draft_now,no_backlink_no_gsc_top1000_older_30d
271257,2024-08-07T09:04:25,xs-review-a-comprehensive-overview-of-the-popular-online-broker,publish,https://coincu.com/xs-review-a-comprehensive-overview-of-the-popular-online-broker,0,0,0,0,draft_now,no_backlink_no_gsc_top1000_older_30d
271272,2024-08-07T09:01:00,trust-wallet-launches-quest-platform-and-points-system-to-reward-and-educate-users,publish,https://coincu.com/trust-wallet-launches-quest-platform-and-points-system-to-reward-and-educate-users,0,0,0,0,draft_now,no_backlink_no_gsc_top1000_older_30d
271201,2024-08-07T03:30:00,pawfury-presale-shines-as-bitcoin-and-ripple-navigate-market-downturn,publish,https://coincu.com/pawfury-presale-shines-as-bitcoin-and-ripple-navigate-market-downturn,0,0,0,0,draft_now,no_backlink_no_gsc_top1000_older_30d
271206,2024-08-07T03:17:34,crypto-hedge-funds-positive-return-to-bitcoin,publish,https://coincu.com/crypto-hedge-funds-positive-return-to-bitcoin,0,0,0,0,draft_now,no_backlink_no_gsc_top1000_older_30d
271183,2024-08-07T00:15:00,maximising-your-earnings-in-a-downturn-smart-strategies-for-making-money-when-crypto-markets-are-bearish,publish,https://coincu.com/maximising-your-earnings-in-a-downturn-smart-strategies-for-making-money-when-crypto-markets-are-bearish,0,0,0,0,draft_now,no_backlink_no_gsc_top1000_older_30d
271061,2024-08-06T06:50:41,bitcoin-spot-etfs-see-168m-outflow-on-august-5,publish,https://coincu.com/bitcoin-spot-etfs-see-168m-outflow-on-august-5,0,0,0,0,draft_now,no_backlink_no_gsc_top1000_older_30d
269402,2024-08-05T16:21:00,how-to-add-solana-to-metamask,publish,https://coincu.com/how-to-add-solana-to-metamask,0,0,0,0,draft_now,no_backlink_no_gsc_top1000_older_30d
270987,2024-08-05T16:00:58,zircuit-launches-mainnet-phase-1-and-rolls-out-zrc-airdrop-season-1,publish,https://coincu.com/zircuit-launches-mainnet-phase-1-and-rolls-out-zrc-airdrop-season-1,0,0,0,0,draft_now,no_backlink_no_gsc_top1000_older_30d
270964,2024-08-05T14:05:07,desci-project-starchain-achieves-major-milestone-by-unifying-500-terabytes-of-astronomical-data,publish,https://coincu.com/desci-project-starchain-achieves-major-milestone-by-unifying-500-terabytes-of-astronomical-data,0,0,0,0,draft_now,no_backlink_no_gsc_top1000_older_30d
270930,2024-08-05T13:02:04,bc-game-partners-with-cloud9-as-the-organization-expands-esports-portfolio-with-entity-acquisition,publish,https://coincu.com/bc-game-partners-with-cloud9-as-the-organization-expands-esports-portfolio-with-entity-acquisition,0,0,0,0,draft_now,no_backlink_no_gsc_top1000_older_30d
270920,2024-08-05T11:43:58,justin-sun-liquidation-rumors-debunked,publish,https://coincu.com/justin-sun-liquidation-rumors-debunked,0,0,0,0,draft_now,no_backlink_no_gsc_top1000_older_30d
270746,2024-08-05T08:15:00,investing-in-2024-peipei-gains-traction-with-expert-endorsement-and-strong-fundamentals,publish,https://coincu.com/investing-in-2024-peipei-gains-traction-with-expert-endorsement-and-strong-fundamentals,0,0,0,0,draft_now,no_backlink_no_gsc_top1000_older_30d
270862,2024-08-05T07:48:45,robinhood-halts-24-hour-trading,publish,https://coincu.com/robinhood-halts-24-hour-trading,0,0,0,0,draft_now,no_backlink_no_gsc_top1000_older_30d
270788,2024-08-05T03:15:18,memecoin-neiro-plummets-60-as-vitalik-sells,publish,https://coincu.com/memecoin-neiro-plummets-60-as-vitalik-sells,0,0,0,0,draft_now,no_backlink_no_gsc_top1000_older_30d
270711,2024-08-04T17:15:00,duko-understanding-its-place-in-the-crypto-world,publish,https://coincu.com/duko-understanding-its-place-in-the-crypto-world,0,0,0,0,draft_now,no_backlink_no_gsc_top1000_older_30d
270701,2024-08-04T04:09:51,starknets-zkx-protocol-shocks-market-makers,publish,https://coincu.com/starknets-zkx-protocol-shocks-market-makers,0,0,0,0,draft_now,no_backlink_no_gsc_top1000_older_30d
270692,2024-08-04T03:24:07,the-strategic-bitcoin-reserve-bill-is-announced,publish,https://coincu.com/the-strategic-bitcoin-reserve-bill-is-announced,0,0,0,0,draft_now,no_backlink_no_gsc_top1000_older_30d
270687,2024-08-04T02:51:35,blast-community-token-pacmoon-big-change,publish,https://coincu.com/blast-community-token-pacmoon-big-change,0,0,0,0,draft_now,no_backlink_no_gsc_top1000_older_30d
270640,2024-08-04T00:30:00,apu-apustaja-a-new-partnership-in-the-world-of-football-and-crypto,publish,https://coincu.com/apu-apustaja-a-new-partnership-in-the-world-of-football-and-crypto,0,0,0,0,draft_now,no_backlink_no_gsc_top1000_older_30d
270671,2024-08-03T21:30:00,chainlink-revolutionizing-finance-decentralized,publish,https://coincu.com/chainlink-revolutionizing-finance-decentralized,0,0,0,0,draft_now,no_backlink_no_gsc_top1000_older_30d
270647,2024-08-03T17:15:00,exploring-the-potential-of-volt-inu-coin-a-new-crypto,publish,https://coincu.com/exploring-the-potential-of-volt-inu-coin-a-new-crypto,0,0,0,0,draft_now,no_backlink_no_gsc_top1000_older_30d
270625,2024-08-03T04:02:00,ex-binance-global-adviser-harris,publish,https://coincu.com/ex-binance-global-adviser-harris,0,0,0,0,draft_now,no_backlink_no_gsc_top1000_older_30d
270592,2024-08-03T01:43:00,cftc-investigates-ben-armstrong-former-company,publish,https://coincu.com/cftc-investigates-ben-armstrong-former-company,0,0,0,0,draft_now,no_backlink_no_gsc_top1000_older_30d
270530,2024-08-03T00:30:00,from-gaming-to-crypto-the-journey-of-katana-inu,publish,https://coincu.com/from-gaming-to-crypto-the-journey-of-katana-inu,0,0,0,0,draft_now,no_backlink_no_gsc_top1000_older_30d
270491,2024-08-02T23:00:00,moonhop-outperforms-doge-hmstr-in-the-crypto-arena,publish,https://coincu.com/moonhop-outperforms-doge-hmstr-in-the-crypto-arena,0,0,0,0,draft_now,no_backlink_no_gsc_top1000_older_30d
270475,2024-08-02T21:00:00,moonhops-meteoric-1-million-rise-will-book-of-meme-floki-fade-away,publish,https://coincu.com/moonhops-meteoric-1-million-rise-will-book-of-meme-floki-fade-away,0,0,0,0,draft_now,no_backlink_no_gsc_top1000_older_30d
270448,2024-08-02T19:55:00,ufc-star-alex-pereira-partners-with-blockdag-shib-fil-insights,publish,https://coincu.com/ufc-star-alex-pereira-partners-with-blockdag-shib-fil-insights,0,0,0,0,draft_now,no_backlink_no_gsc_top1000_older_30d
270571,2024-08-02T19:15:00,how-shina-inu-rising-stars-are-leading-the-world,publish,https://coincu.com/how-shina-inu-rising-stars-are-leading-the-world,0,0,0,0,draft_now,no_backlink_no_gsc_top1000_older_30d
270429,2024-08-02T17:00:00,blockdag-on-verge-of-huge-deal-with-europes-elite-soccer-clubs-analysts-shift-attention-from-bnb-solana-price-prediction,publish,https://coincu.com/blockdag-on-verge-of-huge-deal-with-europes-elite-soccer-clubs-analysts-shift-attention-from-bnb-solana-price-prediction,0,0,0,0,draft_now,no_backlink_no_gsc_top1000_older_30d
270472,2024-08-02T14:08:02,sharpe-ai-announces-sai-token-listing-on-gate-io,publish,https://coincu.com/sharpe-ai-announces-sai-token-listing-on-gate-io,0,0,0,0,draft_now,no_backlink_no_gsc_top1000_older_30d
270444,2024-08-02T13:55:55,coinbase-500-index-planned-for-upcoming-launch,publish,https://coincu.com/coinbase-500-index-planned-for-upcoming-launch,0,0,0,0,draft_now,no_backlink_no_gsc_top1000_older_30d
270410,2024-08-02T11:00:00,rapid-passive-income-crypto-investors-waiting-for-hedera-and-cosmos-price-surge-turn-to-blockdag-2m-giveaway,publish,https://coincu.com/rapid-passive-income-crypto-investors-waiting-for-hedera-and-cosmos-price-surge-turn-to-blockdag-2m-giveaway,0,0,0,0,draft_now,no_backlink_no_gsc_top1000_older_30d
270401,2024-08-02T10:16:04,tron-h1-2024-from-stablecoins-to-bitcoin-beyond,publish,https://coincu.com/tron-h1-2024-from-stablecoins-to-bitcoin-beyond,0,0,0,0,draft_now,no_backlink_no_gsc_top1000_older_30d
270341,2024-08-02T05:05:04,how-to-make-money-with-a-free-nft-investment-platform,publish,https://coincu.com/how-to-make-money-with-a-free-nft-investment-platform,0,0,0,0,draft_now,no_backlink_no_gsc_top1000_older_30d
270286,2024-08-02T04:30:00,navigating-investor-concerns-assessing-zebec-protocols-recent-developments,publish,https://coincu.com/navigating-investor-concerns-assessing-zebec-protocols-recent-developments,0,0,0,0,draft_now,no_backlink_no_gsc_top1000_older_30d
270296,2024-08-02T04:27:43,coinbase-second-quarter-revenue,publish,https://coincu.com/coinbase-second-quarter-revenue,0,0,0,0,draft_now,no_backlink_no_gsc_top1000_older_30d
270277,2024-08-02T04:00:00,zro-token-surge-ethereum-price-fall-insights-from-blockdags-ceo,publish,https://coincu.com/zro-token-surge-ethereum-price-fall-insights-from-blockdags-ceo,0,0,0,0,draft_now,no_backlink_no_gsc_top1000_older_30d
270244,2024-08-02T00:30:00,bdag-ceos-ama-algo-stability-pixfi-nfts-surge,publish,https://coincu.com/bdag-ceos-ama-algo-stability-pixfi-nfts-surge,0,0,0,0,draft_now,no_backlink_no_gsc_top1000_older_30d
270229,2024-08-02T00:00:00,insights-from-blockdag-ceo-kas-price-hike-arbitrum-volumes,publish,https://coincu.com/insights-from-blockdag-ceo-kas-price-hike-arbitrum-volumes,0,0,0,0,draft_now,no_backlink_no_gsc_top1000_older_30d
270212,2024-08-01T19:55:00,bdag-hits-64m-post-ceo-interview-vs-wif-doge-growth,publish,https://coincu.com/bdag-hits-64m-post-ceo-interview-vs-wif-doge-growth,0,0,0,0,draft_now,no_backlink_no_gsc_top1000_older_30d
270152,2024-08-01T17:30:00,moonhop-referral-program-vs-layerzero-forecast-blockdag-launch,publish,https://coincu.com/moonhop-referral-program-vs-layerzero-forecast-blockdag-launch,0,0,0,0,draft_now,no_backlink_no_gsc_top1000_older_30d
270138,2024-08-01T17:00:00,analyst-forcast-blockdag-as-the-highest-roi-crypto-post-ceo-antony-turners-interview-will-it-leave-and-floki-aave-behind,publish,https://coincu.com/analyst-forcast-blockdag-as-the-highest-roi-crypto-post-ceo-antony-turners-interview-will-it-leave-and-floki-aave-behind,0,0,0,0,draft_now,no_backlink_no_gsc_top1000_older_30d
270081,2024-08-01T16:30:00,bdag-ceo-unveils-vision-amid-bitcoin-cash-link-trends,publish,https://coincu.com/bdag-ceo-unveils-vision-amid-bitcoin-cash-link-trends,0,0,0,0,draft_now,no_backlink_no_gsc_top1000_older_30d
270111,2024-08-01T15:31:40,how-to-convert-bnb-to-trx,publish,https://coincu.com/how-to-convert-bnb-to-trx,0,0,0,0,draft_now,no_backlink_no_gsc_top1000_older_30d
270108,2024-08-01T15:17:25,what-is-the-difference-between-liquid-classic-staking,publish,https://coincu.com/what-is-the-difference-between-liquid-classic-staking,0,0,0,0,draft_now,no_backlink_no_gsc_top1000_older_30d
270073,2024-08-01T13:40:29,coinbase-quarterly-revenue-may-drop,publish,https://coincu.com/coinbase-quarterly-revenue-may-drop,0,0,0,0,draft_now,no_backlink_no_gsc_top1000_older_30d
270076,2024-08-01T13:13:32,the-philippines-chooses-venom-for-groundbreaking-national-blockchain-initiative,publish,https://coincu.com/the-philippines-chooses-venom-for-groundbreaking-national-blockchain-initiative,0,0,0,0,draft_now,no_backlink_no_gsc_top1000_older_30d
269556,2024-08-01T03:32:00,how-to-buy-solana-meme-coins,publish,https://coincu.com/how-to-buy-solana-meme-coins,0,0,0,0,draft_now,no_backlink_no_gsc_top1000_older_30d
269997,2024-08-01T01:22:00,blockdag-nears-600m-after-a-1600-surge-meet-its-star-team,publish,https://coincu.com/blockdag-nears-600m-after-a-1600-surge-meet-its-star-team,0,0,0,0,draft_now,no_backlink_no_gsc_top1000_older_30d
269985,2024-07-31T20:03:12,fed-interest-rate-steady-at-5-25-5-50,publish,https://coincu.com/fed-interest-rate-steady-at-5-25-5-50,0,0,0,0,draft_now,no_backlink_no_gsc_top1000_older_30d
269986,2024-07-31T19:30:00,ethereum-etf-excitement-causes-fantom-to-falter,publish,https://coincu.com/ethereum-etf-excitement-causes-fantom-to-falter,0,0,0,0,draft_now,no_backlink_no_gsc_top1000_older_30d
269932,2024-07-31T15:29:11,the-launch-of-simons-cat-meme-coin-floki-value,publish,https://coincu.com/the-launch-of-simons-cat-meme-coin-floki-value,0,0,0,0,draft_now,no_backlink_no_gsc_top1000_older_30d
270405,2024-07-31T10:46:00,atleta-network-testnet-is-successfully-launched-with-more-than-3-million-transactions-in-the-first-two-month,publish,https://coincu.com/atleta-network-testnet-is-successfully-launched-with-more-than-3-million-transactions-in-the-first-two-month,0,0,0,0,draft_now,no_backlink_no_gsc_top1000_older_30d
269849,2024-07-31T04:30:40,uk-exclusive-claim-btc-rewards-with-a-single-crypto-deposit,publish,https://coincu.com/uk-exclusive-claim-btc-rewards-with-a-single-crypto-deposit,0,0,0,0,draft_now,no_backlink_no_gsc_top1000_older_30d
269771,2024-07-30T17:29:49,founder-of-bitclout-charged-by-the-sec,publish,https://coincu.com/founder-of-bitclout-charged-by-the-sec,0,0,0,0,draft_now,no_backlink_no_gsc_top1000_older_30d
269855,2024-07-30T17:00:00,wienerai-presale-ends-tomorrow-ai-meet-memecoins,publish,https://coincu.com/wienerai-presale-ends-tomorrow-ai-meet-memecoins,0,0,0,0,draft_now,no_backlink_no_gsc_top1000_older_30d
269791,2024-07-30T17:00:00,m-i-t-alumni-maurice-herlihy-unveiled-in-blockdags-power-squad-next-stop-top-30-beating-chainlink-and-polkadot,publish,https://coincu.com/m-i-t-alumni-maurice-herlihy-unveiled-in-blockdags-power-squad-next-stop-top-30-beating-chainlink-and-polkadot,0,0,0,0,draft_now,no_backlink_no_gsc_top1000_older_30d
269736,2024-07-30T13:00:05,everreach-labs-unveils-official-trailer-for-new-co-op-pve-shooter-revenge,publish,https://coincu.com/everreach-labs-unveils-official-trailer-for-new-co-op-pve-shooter-revenge,0,0,0,0,draft_now,no_backlink_no_gsc_top1000_older_30d
269732,2024-07-30T12:46:12,trias-unchained-brings-chain-abstraction-to-injective-ecosystem,publish,https://coincu.com/trias-unchained-brings-chain-abstraction-to-injective-ecosystem,0,0,0,0,draft_now,no_backlink_no_gsc_top1000_older_30d
269569,2024-07-30T12:00:00,trust-wallet-announces-partnership-with-ton-ecosystem,publish,https://coincu.com/trust-wallet-announces-partnership-with-ton-ecosystem,0,0,0,0,draft_now,no_backlink_no_gsc_top1000_older_30d
269191,2024-07-30T10:06:23,best-cardano-staking-pool,publish,https://coincu.com/best-cardano-staking-pool,0,0,0,0,draft_now,no_backlink_no_gsc_top1000_older_30d
269654,2024-07-30T02:54:03,solana-based-pyusd-competing-ethereum-network,publish,https://coincu.com/solana-based-pyusd-competing-ethereum-network,0,0,0,0,draft_now,no_backlink_no_gsc_top1000_older_30d
269647,2024-07-29T17:00:00,metacenes-gold-rush-launches-on-mantle,publish,https://coincu.com/metacenes-gold-rush-launches-on-mantle,0,0,0,0,draft_now,no_backlink_no_gsc_top1000_older_30d
269644,2024-07-29T17:00:00,gate-io-unveils-hedgesmart-strategies-usdt,publish,https://coincu.com/gate-io-unveils-hedgesmart-strategies-usdt,0,0,0,0,draft_now,no_backlink_no_gsc_top1000_older_30d
269605,2024-07-29T14:05:23,pancakeswap-airdrops-2-4m-zk-claim-now,publish,https://coincu.com/pancakeswap-airdrops-2-4m-zk-claim-now,0,0,0,0,draft_now,no_backlink_no_gsc_top1000_older_30d
269561,2024-07-29T07:48:30,how-to-identify-promising-altcoins,publish,https://coincu.com/how-to-identify-promising-altcoins,0,0,0,0,draft_now,no_backlink_no_gsc_top1000_older_30d
269558,2024-07-29T07:24:51,coinstore-labs-global-blockchain-innovation,publish,https://coincu.com/coinstore-labs-global-blockchain-innovation,0,0,0,0,draft_now,no_backlink_no_gsc_top1000_older_30d
269535,2024-07-29T03:46:27,compound-finance-governance-attack-approved,publish,https://coincu.com/compound-finance-governance-attack-approved,0,0,0,0,draft_now,no_backlink_no_gsc_top1000_older_30d
269492,2024-07-28T02:41:42,kamala-harris-campaign,publish,https://coincu.com/kamala-harris-campaign,0,0,0,0,draft_now,no_backlink_no_gsc_top1000_older_30d
269465,2024-07-27T03:06:00,onemednet-bitcoin-investment,publish,https://coincu.com/onemednet-bitcoin-investment,0,0,0,0,draft_now,no_backlink_no_gsc_top1000_older_30d
269459,2024-07-27T02:46:00,new-ledger-bitcoin-hardware-wallet,publish,https://coincu.com/new-ledger-bitcoin-hardware-wallet,0,0,0,0,draft_now,no_backlink_no_gsc_top1000_older_30d
269442,2024-07-26T15:00:14,solana-flips-bnb-now-fourth-largest-8-24h-surge,publish,https://coincu.com/solana-flips-bnb-now-fourth-largest-8-24h-surge,0,0,0,0,draft_now,no_backlink_no_gsc_top1000_older_30d
269439,2024-07-26T14:36:57,nomura-ether-etf-launches-unique-staking-benefit,publish,https://coincu.com/nomura-ether-etf-launches-unique-staking-benefit,0,0,0,0,draft_now,no_backlink_no_gsc_top1000_older_30d
269418,2024-07-26T14:16:14,kbit-quant-fund-dominates-crypto-etf-market,publish,https://coincu.com/kbit-quant-fund-dominates-crypto-etf-market,0,0,0,0,draft_now,no_backlink_no_gsc_top1000_older_30d
269427,2024-07-26T14:08:42,htx-user-private-keys-infringed,publish,https://coincu.com/htx-user-private-keys-infringed,0,0,0,0,draft_now,no_backlink_no_gsc_top1000_older_30d
269419,2024-07-26T13:38:08,hong-kong-exchange-bitforex-still-not-withdraw,publish,https://coincu.com/hong-kong-exchange-bitforex-still-not-withdraw,0,0,0,0,draft_now,no_backlink_no_gsc_top1000_older_30d
269411,2024-07-26T13:10:57,bitflyer-acquires-ftx-japan-100-share-purchase,publish,https://coincu.com/bitflyer-acquires-ftx-japan-100-share-purchase,0,0,0,0,draft_now,no_backlink_no_gsc_top1000_older_30d
269414,2024-07-26T13:00:10,kwenta-and-perennial-kickstart-arbitrum-expansion-with-1-9m-arb,publish,https://coincu.com/kwenta-and-perennial-kickstart-arbitrum-expansion-with-1-9m-arb,0,0,0,0,draft_now,no_backlink_no_gsc_top1000_older_30d
269380,2024-07-26T03:40:14,coinbase-board-members-boosted,publish,https://coincu.com/coinbase-board-members-boosted,0,0,0,0,draft_now,no_backlink_no_gsc_top1000_older_30d
269349,2024-07-25T18:23:20,ethereum-foundation-wallet-moves-ether,publish,https://coincu.com/ethereum-foundation-wallet-moves-ether,0,0,0,0,draft_now,no_backlink_no_gsc_top1000_older_30d
269024,2024-07-25T16:02:43,top-solana-meme-coins-you-should-pay-attention,publish,https://coincu.com/top-solana-meme-coins-you-should-pay-attention,0,0,0,0,draft_now,no_backlink_no_gsc_top1000_older_30d
269325,2024-07-25T14:59:44,kamala-harris-bitcoin-snub-winklevosss-no-mercy,publish,https://coincu.com/kamala-harris-bitcoin-snub-winklevosss-no-mercy,0,0,0,0,draft_now,no_backlink_no_gsc_top1000_older_30d
269315,2024-07-25T13:50:34,beware-sorta-finance-scam-25m-heist-and-counting,publish,https://coincu.com/beware-sorta-finance-scam-25m-heist-and-counting,0,0,0,0,draft_now,no_backlink_no_gsc_top1000_older_30d
269310,2024-07-25T13:00:33,social-infrastructure-opensocial-protocol-receives-6-million-strategic-backing-led-by-framework-ventures-and-north-island-ventures-to-fuel-community-apps,publish,https://coincu.com/social-infrastructure-opensocial-protocol-receives-6-million-strategic-backing-led-by-framework-ventures-and-north-island-ventures-to-fuel-community-apps,0,0,0,0,draft_now,no_backlink_no_gsc_top1000_older_30d
269295,2024-07-25T10:20:46,trading-success-with-cornix-crypto-trading-bots,publish,https://coincu.com/trading-success-with-cornix-crypto-trading-bots,0,0,0,0,draft_now,no_backlink_no_gsc_top1000_older_30d
269276,2024-07-25T07:41:28,short-priced-favorites-staking-plans,publish,https://coincu.com/short-priced-favorites-staking-plans,0,0,0,0,draft_now,no_backlink_no_gsc_top1000_older_30d
269263,2024-07-25T04:02:23,layer3-token-airdrop-eligibility-checker-page,publish,https://coincu.com/layer3-token-airdrop-eligibility-checker-page,0,0,0,0,draft_now,no_backlink_no_gsc_top1000_older_30d
269246,2024-07-24T17:08:21,coinbase-tokenized-fund-is-being-planned,publish,https://coincu.com/coinbase-tokenized-fund-is-being-planned,0,0,0,0,draft_now,no_backlink_no_gsc_top1000_older_30d
269227,2024-07-24T13:54:00,debridge-governance-token-launch-on-solana,publish,https://coincu.com/debridge-governance-token-launch-on-solana,0,0,0,0,draft_now,no_backlink_no_gsc_top1000_older_30d
268825,2024-07-24T11:47:23,lumiterra-review-the-mmorpg-just-joined-ronin,publish,https://coincu.com/lumiterra-review-the-mmorpg-just-joined-ronin,0,0,0,0,draft_now,no_backlink_no_gsc_top1000_older_30d
268447,2024-07-24T11:41:16,symbiotic-review-the-challenger-to-eigenlayers,publish,https://coincu.com/symbiotic-review-the-challenger-to-eigenlayers,0,0,0,0,draft_now,no_backlink_no_gsc_top1000_older_30d
268270,2024-07-24T11:38:21,how-to-get-super-champs-airdrop-guide,publish,https://coincu.com/how-to-get-super-champs-airdrop-guide,0,0,0,0,draft_now,no_backlink_no_gsc_top1000_older_30d
268539,2024-07-24T11:28:02,stakestone-review-omnichain-liquid-staking,publish,https://coincu.com/stakestone-review-omnichain-liquid-staking,0,0,0,0,draft_now,no_backlink_no_gsc_top1000_older_30d
269201,2024-07-24T09:30:00,zklink-approves-16-projects-in-ecosystem-developer-grants-program-paving-way-for-aggregated-defi-future-announces-phase-2,publish,https://coincu.com/zklink-approves-16-projects-in-ecosystem-developer-grants-program-paving-way-for-aggregated-defi-future-announces-phase-2,0,0,0,0,draft_now,no_backlink_no_gsc_top1000_older_30d
269188,2024-07-24T06:41:37,can-shiba-inu-have-an-alternative-p2e-meme-coin-shiba-shootout-raises-700000-rapidly,publish,https://coincu.com/can-shiba-inu-have-an-alternative-p2e-meme-coin-shiba-shootout-raises-700000-rapidly,0,0,0,0,draft_now,no_backlink_no_gsc_top1000_older_30d
269181,2024-07-24T03:33:13,xbto-launches-new-team-to-tokenize-rwa,publish,https://coincu.com/xbto-launches-new-team-to-tokenize-rwa,0,0,0,0,draft_now,no_backlink_no_gsc_top1000_older_30d
269138,2024-07-23T16:00:23,multipool-secures-strategic-investment-from-industry-giant-kronos-research,publish,https://coincu.com/multipool-secures-strategic-investment-from-industry-giant-kronos-research,0,0,0,0,draft_now,no_backlink_no_gsc_top1000_older_30d
269126,2024-07-23T15:29:11,binance-labs-invests-pluto-studio-web3-game,publish,https://coincu.com/binance-labs-invests-pluto-studio-web3-game,0,0,0,0,draft_now,no_backlink_no_gsc_top1000_older_30d
269078,2024-07-23T13:01:26,sui-builders-now-to-run-on-aws-blockchain-node-runners,publish,https://coincu.com/sui-builders-now-to-run-on-aws-blockchain-node-runners,0,0,0,0,draft_now,no_backlink_no_gsc_top1000_older_30d
269069,2024-07-23T11:50:56,flokis-valhalla-joins-as-associate-sponsors-for-indias-tour-of-sri-lanka,publish,https://coincu.com/flokis-valhalla-joins-as-associate-sponsors-for-indias-tour-of-sri-lanka,0,0,0,0,draft_now,no_backlink_no_gsc_top1000_older_30d
269058,2024-07-23T10:17:35,abs2024-taipei-becomes-asias-hub-for-pioneers-of-web3-and-ai,publish,https://coincu.com/abs2024-taipei-becomes-asias-hub-for-pioneers-of-web3-and-ai,0,0,0,0,draft_now,no_backlink_no_gsc_top1000_older_30d
268975,2024-07-23T02:51:44,coinbase-ceo-brian-armstrong-giving-pledge,publish,https://coincu.com/coinbase-ceo-brian-armstrong-giving-pledge,0,0,0,0,draft_now,no_backlink_no_gsc_top1000_older_30d
268957,2024-07-22T16:10:06,etherfuse-raises-3m-to-bring-emerging-market-debt-on-chain,publish,https://coincu.com/etherfuse-raises-3m-to-bring-emerging-market-debt-on-chain,0,0,0,0,draft_now,no_backlink_no_gsc_top1000_older_30d
268941,2024-07-22T16:00:09,zircuit-raises-mainnet-funding-round-with-participation-from-binance-labs-mirana-ventures-and-others,publish,https://coincu.com/zircuit-raises-mainnet-funding-round-with-participation-from-binance-labs-mirana-ventures-and-others,0,0,0,0,draft_now,no_backlink_no_gsc_top1000_older_30d
268913,2024-07-22T15:28:42,bitcoin-spot-etf-inflows-surges-with-1-24b-net,publish,https://coincu.com/bitcoin-spot-etf-inflows-surges-with-1-24b-net,0,0,0,0,draft_now,no_backlink_no_gsc_top1000_older_30d
268904,2024-07-22T15:00:10,mr-black-to-unveil-groundbreaking-21000-piece-ordinal-collection-on-bitcoin,publish,https://coincu.com/mr-black-to-unveil-groundbreaking-21000-piece-ordinal-collection-on-bitcoin,0,0,0,0,draft_now,no_backlink_no_gsc_top1000_older_30d
268843,2024-07-22T14:14:48,zklink-launches-zkevm-rollup-lists-on-exchanges,publish,https://coincu.com/zklink-launches-zkevm-rollup-lists-on-exchanges,0,0,0,0,draft_now,no_backlink_no_gsc_top1000_older_30d
268816,2024-07-22T04:15:11,metaplanet-bitcoin-investment-strengthens,publish,https://coincu.com/metaplanet-bitcoin-investment-strengthens,0,0,0,0,draft_now,no_backlink_no_gsc_top1000_older_30d
268804,2024-07-22T03:39:16,somon-becomes-fastest-growing-web3-social-app-with-300000-transactions-in-two-weeks,publish,https://coincu.com/somon-becomes-fastest-growing-web3-social-app-with-300000-transactions-in-two-weeks,0,0,0,0,draft_now,no_backlink_no_gsc_top1000_older_30d
268797,2024-07-21T09:00:00,secs-greenlight-for-spot-ethereum-etfs-sends-bonk-etfswap-etfs-and-mines-of-dalarnia-dar-soaring,publish,https://coincu.com/secs-greenlight-for-spot-ethereum-etfs-sends-bonk-etfswap-etfs-and-mines-of-dalarnia-dar-soaring,0,0,0,0,draft_now,no_backlink_no_gsc_top1000_older_30d
268719,2024-07-20T04:43:04,cathie-woods-ark-invest-coinbase-shares,publish,https://coincu.com/cathie-woods-ark-invest-coinbase-shares,0,0,0,0,draft_now,no_backlink_no_gsc_top1000_older_30d
268695,2024-07-19T16:12:47,messari-ceo-ryan-selkis-has-now-resigned,publish,https://coincu.com/messari-ceo-ryan-selkis-has-now-resigned,0,0,0,0,draft_now,no_backlink_no_gsc_top1000_older_30d
268668,2024-07-19T14:22:23,ramp-network-achieves-soc2-type-ii-compliance-the-gold-standard-of-financial-data-security,publish,https://coincu.com/ramp-network-achieves-soc2-type-ii-compliance-the-gold-standard-of-financial-data-security,0,0,0,0,draft_now,no_backlink_no_gsc_top1000_older_30d
267585,2024-07-19T14:14:35,pirate-nation-review-revolution-blockchain-rpg,publish,https://coincu.com/pirate-nation-review-revolution-blockchain-rpg,0,0,0,0,draft_now,no_backlink_no_gsc_top1000_older_30d
268656,2024-07-19T14:03:55,wintermute-fundraising-300-with-tencent-report,publish,https://coincu.com/wintermute-fundraising-300-with-tencent-report,0,0,0,0,draft_now,no_backlink_no_gsc_top1000_older_30d
268623,2024-07-19T03:16:49,playdoge-ico-raises-5-7-million-analyzing-why-investors-are-taking-notice,publish,https://coincu.com/playdoge-ico-raises-5-7-million-analyzing-why-investors-are-taking-notice,0,0,0,0,draft_now,no_backlink_no_gsc_top1000_older_30d
268610,2024-07-19T02:49:35,tyler-and-cameron-winklevoss-donate-john-deaton,publish,https://coincu.com/tyler-and-cameron-winklevoss-donate-john-deaton,0,0,0,0,draft_now,no_backlink_no_gsc_top1000_older_30d
268588,2024-07-18T16:11:26,lifi-hack-compensation-after-10-million-breach,publish,https://coincu.com/lifi-hack-compensation-after-10-million-breach,0,0,0,0,draft_now,no_backlink_no_gsc_top1000_older_30d
268572,2024-07-18T14:37:14,xions-chain-abstraction-drives-success-for-prominent-brands-through-earnos-platform,publish,https://coincu.com/xions-chain-abstraction-drives-success-for-prominent-brands-through-earnos-platform,0,0,0,0,draft_now,no_backlink_no_gsc_top1000_older_30d
268548,2024-07-18T14:17:00,chainbase-series-a-funding-secures-15m-tencent,publish,https://coincu.com/chainbase-series-a-funding-secures-15m-tencent,0,0,0,0,draft_now,no_backlink_no_gsc_top1000_older_30d
268541,2024-07-18T14:00:07,kraken-custody-services-now-support-uk-australia,publish,https://coincu.com/kraken-custody-services-now-support-uk-australia,0,0,0,0,draft_now,no_backlink_no_gsc_top1000_older_30d
268292,2024-07-18T12:07:52,solana-etfs-explosive-potential,publish,https://coincu.com/solana-etfs-explosive-potential,0,0,0,0,draft_now,no_backlink_no_gsc_top1000_older_30d
268517,2024-07-18T10:36:41,bitmart-review-secure-user-friendly-crypto-trading-with-low-fees,publish,https://coincu.com/bitmart-review-secure-user-friendly-crypto-trading-with-low-fees,0,0,0,0,draft_now,no_backlink_no_gsc_top1000_older_30d
268509,2024-07-18T10:00:05,on-chain-analysis-growth-of-altcoin-mantra-dao-crypto-whale-track-with-arbitragescanner,publish,https://coincu.com/on-chain-analysis-growth-of-altcoin-mantra-dao-crypto-whale-track-with-arbitragescanner,0,0,0,0,draft_now,no_backlink_no_gsc_top1000_older_30d
268506,2024-07-18T09:10:32,how-artificial-intelligence-ai-and-cryptocurrency-differ,publish,https://coincu.com/how-artificial-intelligence-ai-and-cryptocurrency-differ,0,0,0,0,draft_now,no_backlink_no_gsc_top1000_older_30d
268429,2024-07-17T17:25:12,state-street-stablecoins-and-deposit-tokens,publish,https://coincu.com/state-street-stablecoins-and-deposit-tokens,0,0,0,0,draft_now,no_backlink_no_gsc_top1000_older_30d
268463,2024-07-17T17:00:00,odds-of-a-bonk-rally-amidst-the-84b-token-burn-proposal-increase-mpeppe-mpepe-poised-for-explosive-growth,publish,https://coincu.com/odds-of-a-bonk-rally-amidst-the-84b-token-burn-proposal-increase-mpeppe-mpepe-poised-for-explosive-growth,0,0,0,0,draft_now,no_backlink_no_gsc_top1000_older_30d
268407,2024-07-17T16:39:25,ton-teleport-btc-prepares-to-launch,publish,https://coincu.com/ton-teleport-btc-prepares-to-launch,0,0,0,0,draft_now,no_backlink_no_gsc_top1000_older_30d
268444,2024-07-17T16:15:00,bitcoin-miner-cipher-sale-data-center-demand,publish,https://coincu.com/bitcoin-miner-cipher-sale-data-center-demand,0,0,0,0,draft_now,no_backlink_no_gsc_top1000_older_30d
268364,2024-07-17T15:23:29,german-government-bitcoin-sale-nearly-2-9b,publish,https://coincu.com/german-government-bitcoin-sale-nearly-2-9b,0,0,0,0,draft_now,no_backlink_no_gsc_top1000_older_30d
268376,2024-07-17T14:24:13,hong-kong-bitcoin-etfs-btc-holdings-exceed-5000,publish,https://coincu.com/hong-kong-bitcoin-etfs-btc-holdings-exceed-5000,0,0,0,0,draft_now,no_backlink_no_gsc_top1000_older_30d
268360,2024-07-17T13:59:37,basel-committee-crypto-standards-enhance-bank,publish,https://coincu.com/basel-committee-crypto-standards-enhance-bank,0,0,0,0,draft_now,no_backlink_no_gsc_top1000_older_30d
268356,2024-07-17T12:01:12,venom-announces-deepcoin-spot-futures-listings,publish,https://coincu.com/venom-announces-deepcoin-spot-futures-listings,0,0,0,0,draft_now,no_backlink_no_gsc_top1000_older_30d
268344,2024-07-17T10:17:34,can-clandeno-cld-ico-fund-25x-summer-investors-amid-ethereum-eth-and-solana-sol-market-bounce,publish,https://coincu.com/can-clandeno-cld-ico-fund-25x-summer-investors-amid-ethereum-eth-and-solana-sol-market-bounce,0,0,0,0,draft_now,no_backlink_no_gsc_top1000_older_30d
268326,2024-07-17T08:26:06,services-section-zendesk-integration-and-new-ib-reports-in-b2core-ios-v1-24,publish,https://coincu.com/services-section-zendesk-integration-and-new-ib-reports-in-b2core-ios-v1-24,0,0,0,0,draft_now,no_backlink_no_gsc_top1000_older_30d
268318,2024-07-17T08:00:00,why-meme-coins-like-pepe-bonk-and-dogwifhat-fall-short-of-utility-tokens-like-etfswap,publish,https://coincu.com/why-meme-coins-like-pepe-bonk-and-dogwifhat-fall-short-of-utility-tokens-like-etfswap,0,0,0,0,draft_now,no_backlink_no_gsc_top1000_older_30d
268314,2024-07-17T07:26:06,bitsofa-revolutionizing-cryptocurrency-trading-and-p2p,publish,https://coincu.com/bitsofa-revolutionizing-cryptocurrency-trading-and-p2p,0,0,0,0,draft_now,no_backlink_no_gsc_top1000_older_30d
268258,2024-07-16T16:33:24,uniswap-wallet-extension-now-open-public,publish,https://coincu.com/uniswap-wallet-extension-now-open-public,0,0,0,0,draft_now,no_backlink_no_gsc_top1000_older_30d
268262,2024-07-16T16:00:10,multipool-enters-strategic-partnership-with-tokinvest-delivering-next-level-tokenized-real-world-asset-trading,publish,https://coincu.com/multipool-enters-strategic-partnership-with-tokinvest-delivering-next-level-tokenized-real-world-asset-trading,0,0,0,0,draft_now,no_backlink_no_gsc_top1000_older_30d
268250,2024-07-16T15:30:13,worldcoin-token-lockups-extended-to-5-years,publish,https://coincu.com/worldcoin-token-lockups-extended-to-5-years,0,0,0,0,draft_now,no_backlink_no_gsc_top1000_older_30d
268234,2024-07-16T14:01:12,stripe-crypto-integration-now-supports-eu,publish,https://coincu.com/stripe-crypto-integration-now-supports-eu,0,0,0,0,draft_now,no_backlink_no_gsc_top1000_older_30d
268238,2024-07-16T13:51:25,pexx-raises-4-5-million-in-seed-funding-for-its-innovative-stablecoin-to-fiat-payment-platform,publish,https://coincu.com/pexx-raises-4-5-million-in-seed-funding-for-its-innovative-stablecoin-to-fiat-payment-platform,0,0,0,0,draft_now,no_backlink_no_gsc_top1000_older_30d
268223,2024-07-16T13:41:05,kraken-receives-funds-from-mt-gox-repayment,publish,https://coincu.com/kraken-receives-funds-from-mt-gox-repayment,0,0,0,0,draft_now,no_backlink_no_gsc_top1000_older_30d
268192,2024-07-16T06:18:39,coinbase-subpoena-request-narrowed,publish,https://coincu.com/coinbase-subpoena-request-narrowed,0,0,0,0,draft_now,no_backlink_no_gsc_top1000_older_30d
267558,2024-07-16T05:03:45,moku-review-ronin-leading-quest-to-earn-platform,publish,https://coincu.com/moku-review-ronin-leading-quest-to-earn-platform,0,0,0,0,draft_now,no_backlink_no_gsc_top1000_older_30d
268160,2024-07-16T03:36:32,shibashootout-surpasses-600k-in-ico-impact-of-mobile-game-launch,publish,https://coincu.com/shibashootout-surpasses-600k-in-ico-impact-of-mobile-game-launch,0,0,0,0,draft_now,no_backlink_no_gsc_top1000_older_30d
268156,2024-07-16T02:06:00,trump-announces-vance-as-his-vp-elect-maga-vice-president-mvp-soaring-to-2-2-according-to-analysts,publish,https://coincu.com/trump-announces-vance-as-his-vp-elect-maga-vice-president-mvp-soaring-to-2-2-according-to-analysts,0,0,0,0,draft_now,no_backlink_no_gsc_top1000_older_30d
268118,2024-07-15T14:07:12,digital-wallets-in-the-uk-reviewed,publish,https://coincu.com/digital-wallets-in-the-uk-reviewed,0,0,0,0,draft_now,no_backlink_no_gsc_top1000_older_30d
268124,2024-07-15T14:04:00,panasonic-ibm-partner-with-constellation-network-to-debut-its-dod-vetted-blockchain-of-blockchains-in-global-hackathon,publish,https://coincu.com/panasonic-ibm-partner-with-constellation-network-to-debut-its-dod-vetted-blockchain-of-blockchains-in-global-hackathon,0,0,0,0,draft_now,no_backlink_no_gsc_top1000_older_30d
268114,2024-07-15T13:00:00,trump-to-announce-his-vp-elect-maga-vp-mvp-set-to-surge-with-solana-sol-and-dogecoin-doge-influence,publish,https://coincu.com/trump-to-announce-his-vp-elect-maga-vp-mvp-set-to-surge-with-solana-sol-and-dogecoin-doge-influence,0,0,0,0,draft_now,no_backlink_no_gsc_top1000_older_30d
268091,2024-07-15T07:13:05,in-depth-2024-oanda-trading-platform-review,publish,https://coincu.com/in-depth-2024-oanda-trading-platform-review,0,0,0,0,draft_now,no_backlink_no_gsc_top1000_older_30d
268098,2024-07-15T05:19:00,new-ico-clandeno-cld-launches-but-is-paypal-behind-it,publish,https://coincu.com/new-ico-clandeno-cld-launches-but-is-paypal-behind-it,0,0,0,0,draft_now,no_backlink_no_gsc_top1000_older_30d
268075,2024-07-13T13:00:00,investigating-cryptocurrency-investment-trends-analyzing-clandeno-cld-arb-and-litecoin-ltc,publish,https://coincu.com/investigating-cryptocurrency-investment-trends-analyzing-clandeno-cld-arb-and-litecoin-ltc,0,0,0,0,draft_now,no_backlink_no_gsc_top1000_older_30d
268007,2024-07-12T16:37:31,abra-acquisition-of-valkyrie-crypto-trusts,publish,https://coincu.com/abra-acquisition-of-valkyrie-crypto-trusts,0,0,0,0,draft_now,no_backlink_no_gsc_top1000_older_30d
267974,2024-07-12T14:23:57,sec-clears-hiro-systems-after-3-year-probe,publish,https://coincu.com/sec-clears-hiro-systems-after-3-year-probe,0,0,0,0,draft_now,no_backlink_no_gsc_top1000_older_30d
268016,2024-07-12T13:00:00,notcoin-not-surges-50-in-24-hours-paving-the-way-for-mpeppe-mpepe-to-shine,publish,https://coincu.com/notcoin-not-surges-50-in-24-hours-paving-the-way-for-mpeppe-mpepe-to-shine,0,0,0,0,draft_now,no_backlink_no_gsc_top1000_older_30d
267967,2024-07-12T09:42:15,german-government-launches-bitcoin-sell-off,publish,https://coincu.com/german-government-launches-bitcoin-sell-off,0,0,0,0,draft_now,no_backlink_no_gsc_top1000_older_30d
267957,2024-07-12T08:34:37,crypto-casino-uk,publish,https://coincu.com/crypto-casino-uk,0,0,0,0,draft_now,no_backlink_no_gsc_top1000_older_30d
267946,2024-07-12T05:44:38,compound-security-breach-has-now-been-fixed,publish,https://coincu.com/compound-security-breach-has-now-been-fixed,0,0,0,0,draft_now,no_backlink_no_gsc_top1000_older_30d
267934,2024-07-12T03:55:40,sec-crypto-accounting-guidelines-relaxed,publish,https://coincu.com/sec-crypto-accounting-guidelines-relaxed,0,0,0,0,draft_now,no_backlink_no_gsc_top1000_older_30d
267927,2024-07-12T03:15:16,new-okx-european-hub-will-be-malta,publish,https://coincu.com/new-okx-european-hub-will-be-malta,0,0,0,0,draft_now,no_backlink_no_gsc_top1000_older_30d
267883,2024-07-11T16:04:50,tether-usdt-redemptions-will-be-stopped,publish,https://coincu.com/tether-usdt-redemptions-will-be-stopped,0,0,0,0,draft_now,no_backlink_no_gsc_top1000_older_30d
267887,2024-07-11T16:03:52,hamster-kombat-second-airdrop-the-next-2-years,publish,https://coincu.com/hamster-kombat-second-airdrop-the-next-2-years,0,0,0,0,draft_now,no_backlink_no_gsc_top1000_older_30d
267853,2024-07-11T15:20:54,iggy-azaleas-mother-token-surge-47-post-dwf-labs,publish,https://coincu.com/iggy-azaleas-mother-token-surge-47-post-dwf-labs,0,0,0,0,draft_now,no_backlink_no_gsc_top1000_older_30d
267863,2024-07-11T15:13:47,tron-trx-and-xrp-xrp-shine-but-digihorse-empires-digi-is-the-next-big-thing-you-cant-afford-to-miss,publish,https://coincu.com/tron-trx-and-xrp-xrp-shine-but-digihorse-empires-digi-is-the-next-big-thing-you-cant-afford-to-miss,0,0,0,0,draft_now,no_backlink_no_gsc_top1000_older_30d
267847,2024-07-11T14:58:36,jpmorgan-crypto-prediction-market-rebound-august,publish,https://coincu.com/jpmorgan-crypto-prediction-market-rebound-august,0,0,0,0,draft_now,no_backlink_no_gsc_top1000_older_30d
267846,2024-07-11T14:51:46,defillama-warns-100-crypto-domains-vulnerable,publish,https://coincu.com/defillama-warns-100-crypto-domains-vulnerable,0,0,0,0,draft_now,no_backlink_no_gsc_top1000_older_30d
267827,2024-07-11T14:02:41,celer-network-attack-is-causing-defi-chaos,publish,https://coincu.com/celer-network-attack-is-causing-defi-chaos,0,0,0,0,draft_now,no_backlink_no_gsc_top1000_older_30d
267868,2024-07-11T13:00:00,notcoin-2024-2025-2030-price-predictions,publish,https://coincu.com/notcoin-2024-2025-2030-price-predictions,0,0,0,0,draft_now,no_backlink_no_gsc_top1000_older_30d
267815,2024-07-11T10:15:01,igaming-platform-bc-game-signs-40-million-deal-to-become-principal-partner-of-leicester-city,publish,https://coincu.com/igaming-platform-bc-game-signs-40-million-deal-to-become-principal-partner-of-leicester-city,0,0,0,0,draft_now,no_backlink_no_gsc_top1000_older_30d
267204,2024-07-11T04:59:33,is-character-ai-safe-and-easy-to-use,publish,https://coincu.com/is-character-ai-safe-and-easy-to-use,0,0,0,0,draft_now,no_backlink_no_gsc_top1000_older_30d
267789,2024-07-11T03:42:54,german-government-bitcoin-available,publish,https://coincu.com/german-government-bitcoin-available,0,0,0,0,draft_now,no_backlink_no_gsc_top1000_older_30d
267739,2024-07-10T14:57:23,btc-and-eth-recognized-as-digital-commodities,publish,https://coincu.com/btc-and-eth-recognized-as-digital-commodities,0,0,0,0,draft_now,no_backlink_no_gsc_top1000_older_30d
267735,2024-07-10T14:52:47,worldcoin-wld-claim-deadline-extended-july-2025,publish,https://coincu.com/worldcoin-wld-claim-deadline-extended-july-2025,0,0,0,0,draft_now,no_backlink_no_gsc_top1000_older_30d
267727,2024-07-10T14:37:35,softer-cpi-labor-data-may-prompt-fed-rate-cuts,publish,https://coincu.com/softer-cpi-labor-data-may-prompt-fed-rate-cuts,0,0,0,0,draft_now,no_backlink_no_gsc_top1000_older_30d
267716,2024-07-10T13:50:39,starknet-staking-expected-to-launch-mainnet-q4,publish,https://coincu.com/starknet-staking-expected-to-launch-mainnet-q4,0,0,0,0,draft_now,no_backlink_no_gsc_top1000_older_30d
267703,2024-07-10T13:03:10,german-bitcoin-sell-off-sees-10853-btc-12-hours,publish,https://coincu.com/german-bitcoin-sell-off-sees-10853-btc-12-hours,0,0,0,0,draft_now,no_backlink_no_gsc_top1000_older_30d
267699,2024-07-10T11:00:15,unleash-your-crypto-potential-kk-miner-paves-the-way-for-extraordinary-returns,publish,https://coincu.com/unleash-your-crypto-potential-kk-miner-paves-the-way-for-extraordinary-returns,0,0,0,0,draft_now,no_backlink_no_gsc_top1000_older_30d
267662,2024-07-10T08:05:23,eth-futures-to-3-1m-ethereum-etf-approval,publish,https://coincu.com/eth-futures-to-3-1m-ethereum-etf-approval,0,0,0,0,draft_now,no_backlink_no_gsc_top1000_older_30d
267655,2024-07-10T07:07:00,bitcoin-spot-etfs-see-216m-net-inflow,publish,https://coincu.com/bitcoin-spot-etfs-see-216m-net-inflow,0,0,0,0,draft_now,no_backlink_no_gsc_top1000_older_30d
267358,2024-07-10T05:26:40,german-bitcoin-selling-spree-1000-btc,publish,https://coincu.com/german-bitcoin-selling-spree-1000-btc,0,0,0,0,draft_now,no_backlink_no_gsc_top1000_older_30d
267636,2024-07-10T03:22:21,registration-now-open-for-gate-io-wctc-s6-competition-offers-up-to-5-million-in-prizes,publish,https://coincu.com/registration-now-open-for-gate-io-wctc-s6-competition-offers-up-to-5-million-in-prizes,0,0,0,0,draft_now,no_backlink_no_gsc_top1000_older_30d
267596,2024-07-09T17:44:25,ton-blockchain-layer-2-coming-soon,publish,https://coincu.com/ton-blockchain-layer-2-coming-soon,0,0,0,0,draft_now,no_backlink_no_gsc_top1000_older_30d
267604,2024-07-09T13:00:00,will-mpeppe-mpepe-thrive-admist-the-largest-pepe-short-liquidation-in-history-experts-say-yes,publish,https://coincu.com/will-mpeppe-mpepe-thrive-admist-the-largest-pepe-short-liquidation-in-history-experts-say-yes,0,0,0,0,draft_now,no_backlink_no_gsc_top1000_older_30d
267598,2024-07-09T13:00:00,ingersoll-lockwood-announces-launch-of-token-inger,publish,https://coincu.com/ingersoll-lockwood-announces-launch-of-token-inger,0,0,0,0,draft_now,no_backlink_no_gsc_top1000_older_30d
267523,2024-07-09T10:04:27,fimath-ai-unveils-game-changing-automated-crypto-trading-platform-get-28-usdt,publish,https://coincu.com/fimath-ai-unveils-game-changing-automated-crypto-trading-platform-get-28-usdt,0,0,0,0,draft_now,no_backlink_no_gsc_top1000_older_30d
267517,2024-07-09T09:26:36,kwenta-receives-proposals-to-integrate-gmx-and-gains-network-into-perpetuals-marketplace,publish,https://coincu.com/kwenta-receives-proposals-to-integrate-gmx-and-gains-network-into-perpetuals-marketplace,0,0,0,0,draft_now,no_backlink_no_gsc_top1000_older_30d
267502,2024-07-09T08:35:50,german-government-btc-sell-off-a-one-time-event,publish,https://coincu.com/german-government-btc-sell-off-a-one-time-event,0,0,0,0,draft_now,no_backlink_no_gsc_top1000_older_30d
267496,2024-07-09T07:49:02,consensys-launches-metamask-delegation-toolkit,publish,https://coincu.com/consensys-launches-metamask-delegation-toolkit,0,0,0,0,draft_now,no_backlink_no_gsc_top1000_older_30d
267475,2024-07-09T03:48:05,wienerai-ico-raises-7-1-million-amidst-hype-for-ai-trading-bot,publish,https://coincu.com/wienerai-ico-raises-7-1-million-amidst-hype-for-ai-trading-bot,0,0,0,0,draft_now,no_backlink_no_gsc_top1000_older_30d
267455,2024-07-09T03:25:58,doja-cats-x-hacked-pushing-scam-token-doja,publish,https://coincu.com/doja-cats-x-hacked-pushing-scam-token-doja,0,0,0,0,draft_now,no_backlink_no_gsc_top1000_older_30d
267426,2024-07-08T17:04:47,biden-sab-121-for-crypto-custodial-standard,publish,https://coincu.com/biden-sab-121-for-crypto-custodial-standard,0,0,0,0,draft_now,no_backlink_no_gsc_top1000_older_30d
267417,2024-07-08T15:01:12,bc-game-announces-the-partnership-with-leicester-city-and-new-bc-token,publish,https://coincu.com/bc-game-announces-the-partnership-with-leicester-city-and-new-bc-token,0,0,0,0,draft_now,no_backlink_no_gsc_top1000_older_30d
267409,2024-07-08T14:41:04,ethereum-attackathon-audit-contest,publish,https://coincu.com/ethereum-attackathon-audit-contest,0,0,0,0,draft_now,no_backlink_no_gsc_top1000_older_30d
267391,2024-07-08T13:59:39,german-governments-bitcoins-put-new-pressure,publish,https://coincu.com/german-governments-bitcoins-put-new-pressure,0,0,0,0,draft_now,no_backlink_no_gsc_top1000_older_30d
267405,2024-07-08T13:00:00,top-pepecoin-rival-challenges-pepe-with-new-de-fi-and-gambling-utility-priced-0-00077,publish,https://coincu.com/top-pepecoin-rival-challenges-pepe-with-new-de-fi-and-gambling-utility-priced-0-00077,0,0,0,0,draft_now,no_backlink_no_gsc_top1000_older_30d
267325,2024-07-08T12:00:00,heres-the-new-expected-launch-date-for-spot-ethereum-etfs-after-the-revision,publish,https://coincu.com/heres-the-new-expected-launch-date-for-spot-ethereum-etfs-after-the-revision,0,0,0,0,draft_now,no_backlink_no_gsc_top1000_older_30d
267379,2024-07-08T11:02:53,south-korea-enforces-customer-refunds-for-failed-crypto-exchanges,publish,https://coincu.com/south-korea-enforces-customer-refunds-for-failed-crypto-exchanges,0,0,0,0,draft_now,no_backlink_no_gsc_top1000_older_30d
266876,2024-07-08T04:49:49,pi-network-mainnet-launch-date,publish,https://coincu.com/pi-network-mainnet-launch-date,0,0,0,0,draft_now,no_backlink_no_gsc_top1000_older_30d
267336,2024-07-08T04:01:48,solana-firedancer-bug-bounty-program,publish,https://coincu.com/solana-firedancer-bug-bounty-program,0,0,0,0,draft_now,no_backlink_no_gsc_top1000_older_30d
267297,2024-07-06T04:44:32,etherfi-season-2-airdrop-claim,publish,https://coincu.com/etherfi-season-2-airdrop-claim,0,0,0,0,draft_now,no_backlink_no_gsc_top1000_older_30d
267274,2024-07-06T02:56:21,house-wants-to-overturn-bidens-sab-121-veto,publish,https://coincu.com/house-wants-to-overturn-bidens-sab-121-veto,0,0,0,0,draft_now,no_backlink_no_gsc_top1000_older_30d
267260,2024-07-06T01:59:52,german-governments-bitcoin-unsold,publish,https://coincu.com/german-governments-bitcoin-unsold,0,0,0,0,draft_now,no_backlink_no_gsc_top1000_older_30d
267251,2024-07-05T14:36:18,high-court-freezes-craig-wright-assets-fees,publish,https://coincu.com/high-court-freezes-craig-wright-assets-fees,0,0,0,0,draft_now,no_backlink_no_gsc_top1000_older_30d
267225,2024-07-05T13:31:32,massive-us-government-bitcoin-holdings-market,publish,https://coincu.com/massive-us-government-bitcoin-holdings-market,0,0,0,0,draft_now,no_backlink_no_gsc_top1000_older_30d
267215,2024-07-05T10:14:33,how-to-set-up-and-customize-your-bubinga-app-for-optimal-performance,publish,https://coincu.com/how-to-set-up-and-customize-your-bubinga-app-for-optimal-performance,0,0,0,0,draft_now,no_backlink_no_gsc_top1000_older_30d
265616,2024-07-05T09:16:07,top-10-ton-ecosystem-coins-by-market-cap,publish,https://coincu.com/top-10-ton-ecosystem-coins-by-market-cap,0,0,0,0,draft_now,no_backlink_no_gsc_top1000_older_30d
267183,2024-07-05T04:10:31,notcoin-launches-notcoin-explore-platform,publish,https://coincu.com/notcoin-launches-notcoin-explore-platform,0,0,0,0,draft_now,no_backlink_no_gsc_top1000_older_30d
267152,2024-07-04T19:33:46,fake-iggy-azalea-token-caused-lose-380000,publish,https://coincu.com/fake-iggy-azalea-token-caused-lose-380000,0,0,0,0,draft_now,no_backlink_no_gsc_top1000_older_30d
267146,2024-07-04T17:17:17,key-signals-point-to-matic-sell-off-boosting-investor-interest-in-mpeppe-mpepe,publish,https://coincu.com/key-signals-point-to-matic-sell-off-boosting-investor-interest-in-mpeppe-mpepe,0,0,0,0,draft_now,no_backlink_no_gsc_top1000_older_30d
267132,2024-07-04T15:39:12,asic-marketplace-celebrates-3-remarkable-years-of-excellence-in-the-mining-industry,publish,https://coincu.com/asic-marketplace-celebrates-3-remarkable-years-of-excellence-in-the-mining-industry,0,0,0,0,draft_now,no_backlink_no_gsc_top1000_older_30d
266953,2024-07-04T11:06:32,how-a-broker-can-obtain-a-cysec-licence,publish,https://coincu.com/how-a-broker-can-obtain-a-cysec-licence,0,0,0,0,draft_now,no_backlink_no_gsc_top1000_older_30d
267089,2024-07-04T04:07:10,coinbase-responded-to-the-secs-actions,publish,https://coincu.com/coinbase-responded-to-the-secs-actions,0,0,0,0,draft_now,no_backlink_no_gsc_top1000_older_30d
267085,2024-07-04T03:37:58,will-shiba-shootout-surpass-shib-inu-in-2024,publish,https://coincu.com/will-shiba-shootout-surpass-shib-inu-in-2024,0,0,0,0,draft_now,no_backlink_no_gsc_top1000_older_30d
267071,2024-07-03T17:53:58,basel-committee-approves-cryptoasset-standards,publish,https://coincu.com/basel-committee-approves-cryptoasset-standards,0,0,0,0,draft_now,no_backlink_no_gsc_top1000_older_30d
267057,2024-07-03T17:34:47,biden-replacement-memecoins-surge-200,publish,https://coincu.com/biden-replacement-memecoins-surge-200,0,0,0,0,draft_now,no_backlink_no_gsc_top1000_older_30d
267056,2024-07-03T15:21:50,crypto-losses-in-q2-with-184-hack-incidents,publish,https://coincu.com/crypto-losses-in-q2-with-184-hack-incidents,0,0,0,0,draft_now,no_backlink_no_gsc_top1000_older_30d
267042,2024-07-03T14:47:23,consensys-buys-wallet-guard-to-enhance-security,publish,https://coincu.com/consensys-buys-wallet-guard-to-enhance-security,0,0,0,0,draft_now,no_backlink_no_gsc_top1000_older_30d
267022,2024-07-03T14:00:45,q3-bitcoin-price-prediction-potential-upside,publish,https://coincu.com/q3-bitcoin-price-prediction-potential-upside,0,0,0,0,draft_now,no_backlink_no_gsc_top1000_older_30d
267064,2024-07-03T13:00:00,polygon-matic-whales-all-in-on-mpeppe-mpepe-for-unprecedented-800-returns,publish,https://coincu.com/polygon-matic-whales-all-in-on-mpeppe-mpepe-for-unprecedented-800-returns,0,0,0,0,draft_now,no_backlink_no_gsc_top1000_older_30d
267014,2024-07-03T12:37:04,e-money-network-launches-2-million-rwa-grant-program-to-spearhead-rwa-ecosystem,publish,https://coincu.com/e-money-network-launches-2-million-rwa-grant-program-to-spearhead-rwa-ecosystem,0,0,0,0,draft_now,no_backlink_no_gsc_top1000_older_30d
266962,2024-07-03T04:23:48,polkadots-37m-outreach-reveals-crypto-secrets,publish,https://coincu.com/polkadots-37m-outreach-reveals-crypto-secrets,0,0,0,0,draft_now,no_backlink_no_gsc_top1000_older_30d
266968,2024-07-03T04:00:00,dogecoin-competitor-etfswap-etfs-enters-turbo-mode-outruns-binance-coin-bnb-and-tron-trx,publish,https://coincu.com/dogecoin-competitor-etfswap-etfs-enters-turbo-mode-outruns-binance-coin-bnb-and-tron-trx,0,0,0,0,draft_now,no_backlink_no_gsc_top1000_older_30d
266949,2024-07-03T03:29:24,new-paxos-singapore-executive-director-appointed,publish,https://coincu.com/new-paxos-singapore-executive-director-appointed,0,0,0,0,draft_now,no_backlink_no_gsc_top1000_older_30d
266933,2024-07-02T15:31:42,pi-squared-raises-12-5-million-in-seed-funding-led-by-polychain-capital-to-build-a-universal-zk-circuit-powered-by-proof-of-proof,publish,https://coincu.com/pi-squared-raises-12-5-million-in-seed-funding-led-by-polychain-capital-to-build-a-universal-zk-circuit-powered-by-proof-of-proof,0,0,0,0,draft_now,no_backlink_no_gsc_top1000_older_30d
266921,2024-07-02T15:22:46,zksync-elastic-chain-launched,publish,https://coincu.com/zksync-elastic-chain-launched,0,0,0,0,draft_now,no_backlink_no_gsc_top1000_older_30d
266904,2024-07-02T13:34:08,danish-self-custodial-wallet-ban,publish,https://coincu.com/danish-self-custodial-wallet-ban,0,0,0,0,draft_now,no_backlink_no_gsc_top1000_older_30d
266937,2024-07-02T13:00:00,will-solana-sol-and-mpeppe-mpepe-outperform-the-market-in-july-2024,publish,https://coincu.com/will-solana-sol-and-mpeppe-mpepe-outperform-the-market-in-july-2024,0,0,0,0,draft_now,no_backlink_no_gsc_top1000_older_30d
266940,2024-07-02T12:00:00,gate-io-enlists-elliptic-for-comprehensive-crypto-compliance,publish,https://coincu.com/gate-io-enlists-elliptic-for-comprehensive-crypto-compliance,0,0,0,0,draft_now,no_backlink_no_gsc_top1000_older_30d
266900,2024-07-02T11:53:25,expanding-use-cases-subwallet-integrates-polkadot-bridges-and-swaps-with-easy-ux,publish,https://coincu.com/expanding-use-cases-subwallet-integrates-polkadot-bridges-and-swaps-with-easy-ux,0,0,0,0,draft_now,no_backlink_no_gsc_top1000_older_30d
266881,2024-07-02T10:07:42,polkadot-ecosystem-highly-toxic-web3-value,publish,https://coincu.com/polkadot-ecosystem-highly-toxic-web3-value,0,0,0,0,draft_now,no_backlink_no_gsc_top1000_older_30d
265815,2024-07-02T10:02:57,boosting-cryptocurrency-visibility-strategies-for-crypto-traffic,publish,https://coincu.com/boosting-cryptocurrency-visibility-strategies-for-crypto-traffic,0,0,0,0,draft_now,no_backlink_no_gsc_top1000_older_30d
266864,2024-07-02T09:46:27,india-blockchain-tour-2024,publish,https://coincu.com/india-blockchain-tour-2024,0,0,0,0,draft_now,no_backlink_no_gsc_top1000_older_30d
266828,2024-07-02T08:00:00,investors-run-to-rco-finance-rcof-as-kaspa-kas-and-dogecoin-doge-complete-bearish-pattern,publish,https://coincu.com/investors-run-to-rco-finance-rcof-as-kaspa-kas-and-dogecoin-doge-complete-bearish-pattern,0,0,0,0,draft_now,no_backlink_no_gsc_top1000_older_30d
265871,2024-07-02T02:15:46,polkadot-spends-87m-in-h1-high-marketing-costs,publish,https://coincu.com/polkadot-spends-87m-in-h1-high-marketing-costs,0,0,0,0,draft_now,no_backlink_no_gsc_top1000_older_30d
265867,2024-07-01T17:46:31,circle-eu-emi-license-ushers-450m-customers,publish,https://coincu.com/circle-eu-emi-license-ushers-450m-customers,0,0,0,0,draft_now,no_backlink_no_gsc_top1000_older_30d
265838,2024-07-01T17:10:57,solana-liquid-staking-sees-explosive-growth-qoq,publish,https://coincu.com/solana-liquid-staking-sees-explosive-growth-qoq,0,0,0,0,draft_now,no_backlink_no_gsc_top1000_older_30d
265842,2024-07-01T15:21:00,aave-v3-on-aptos-mainnet-proposed,publish,https://coincu.com/aave-v3-on-aptos-mainnet-proposed,0,0,0,0,draft_now,no_backlink_no_gsc_top1000_older_30d
265812,2024-07-01T13:50:09,starknet-foundation-defi-spring,publish,https://coincu.com/starknet-foundation-defi-spring,0,0,0,0,draft_now,no_backlink_no_gsc_top1000_older_30d
265811,2024-07-01T13:45:20,roaring-kitty-buys-chewy-shares-gamestop-saga,publish,https://coincu.com/roaring-kitty-buys-chewy-shares-gamestop-saga,0,0,0,0,draft_now,no_backlink_no_gsc_top1000_older_30d
265879,2024-07-01T13:00:00,the-shiba-inu-shib-frenzy-is-over-mpeppe-mpepe-has-taken-over-join-the-party,publish,https://coincu.com/the-shiba-inu-shib-frenzy-is-over-mpeppe-mpepe-has-taken-over-join-the-party,0,0,0,0,draft_now,no_backlink_no_gsc_top1000_older_30d
265805,2024-07-01T12:52:29,sony-crypto-exchange-japan-expand-100b-portfolio,publish,https://coincu.com/sony-crypto-exchange-japan-expand-100b-portfolio,0,0,0,0,draft_now,no_backlink_no_gsc_top1000_older_30d
265693,2024-07-01T09:26:26,depincon-at-ethcc-7-brussels,publish,https://coincu.com/depincon-at-ethcc-7-brussels,0,0,0,0,draft_now,no_backlink_no_gsc_top1000_older_30d
265691,2024-07-01T09:17:20,nubila-kickstarts-fundraising-round-led-by-iotex-vechain-and-other-leading-investors,publish,https://coincu.com/nubila-kickstarts-fundraising-round-led-by-iotex-vechain-and-other-leading-investors,0,0,0,0,draft_now,no_backlink_no_gsc_top1000_older_30d
265675,2024-07-01T09:16:32,open-agi-summit-at-ethcc-7-brussels,publish,https://coincu.com/open-agi-summit-at-ethcc-7-brussels,0,0,0,0,draft_now,no_backlink_no_gsc_top1000_older_30d
265680,2024-07-01T09:01:21,carv-launches-alphanet-35m-node-sale-propels-decentralization-milestone,publish,https://coincu.com/carv-launches-alphanet-35m-node-sale-propels-decentralization-milestone,0,0,0,0,draft_now,no_backlink_no_gsc_top1000_older_30d
265647,2024-07-01T08:25:34,base-dawgz-raises-2-2-million-why-its-gaining-attention,publish,https://coincu.com/base-dawgz-raises-2-2-million-why-its-gaining-attention,0,0,0,0,draft_now,no_backlink_no_gsc_top1000_older_30d
265640,2024-07-01T07:36:01,this-week-in-the-trading-arena-the-margin-trading-competition,publish,https://coincu.com/this-week-in-the-trading-arena-the-margin-trading-competition,0,0,0,0,draft_now,no_backlink_no_gsc_top1000_older_30d
265632,2024-07-01T04:27:02,renaissance-summit-discover-real-ai-power,publish,https://coincu.com/renaissance-summit-discover-real-ai-power,0,0,0,0,draft_now,no_backlink_no_gsc_top1000_older_30d
265613,2024-06-30T13:00:00,mpeppe-mpepe-reveals-its-new-features-stopping-pepecoin-pepes-chance-of-reaching-top-10-cryptos,publish,https://coincu.com/mpeppe-mpepe-reveals-its-new-features-stopping-pepecoin-pepes-chance-of-reaching-top-10-cryptos,0,0,0,0,draft_now,no_backlink_no_gsc_top1000_older_30d
265584,2024-06-29T05:54:25,sec-binance-lawsuit-gets-court-approval,publish,https://coincu.com/sec-binance-lawsuit-gets-court-approval,0,0,0,0,draft_now,no_backlink_no_gsc_top1000_older_30d
265577,2024-06-29T05:30:01,new-us-treasury-crypto-tax-rules,publish,https://coincu.com/new-us-treasury-crypto-tax-rules,0,0,0,0,draft_now,no_backlink_no_gsc_top1000_older_30d
265567,2024-06-29T04:38:59,sec-consensys-lawsuit-continues,publish,https://coincu.com/sec-consensys-lawsuit-continues,0,0,0,0,draft_now,no_backlink_no_gsc_top1000_older_30d
265563,2024-06-29T04:12:42,coinstats-security-incident,publish,https://coincu.com/coinstats-security-incident,0,0,0,0,draft_now,no_backlink_no_gsc_top1000_older_30d
265551,2024-06-28T18:11:09,wall-street-crypto-to-win-more-battles-with-sec,publish,https://coincu.com/wall-street-crypto-to-win-more-battles-with-sec,0,0,0,0,draft_now,no_backlink_no_gsc_top1000_older_30d
265546,2024-06-28T17:49:47,sec-sues-consensys-metamask-staking-service,publish,https://coincu.com/sec-sues-consensys-metamask-staking-service,0,0,0,0,draft_now,no_backlink_no_gsc_top1000_older_30d
265521,2024-06-28T13:00:00,turn-your-crypto-wallet-from-bronze-to-gold-with-these-3000x-tokens-brett-mpeppe-mpepe,publish,https://coincu.com/turn-your-crypto-wallet-from-bronze-to-gold-with-these-3000x-tokens-brett-mpeppe-mpepe,0,0,0,0,draft_now,no_backlink_no_gsc_top1000_older_30d
265409,2024-06-28T10:34:51,dex-screener-review-gem-hunting-platform,publish,https://coincu.com/dex-screener-review-gem-hunting-platform,0,0,0,0,draft_now,no_backlink_no_gsc_top1000_older_30d
265270,2024-06-28T10:05:55,transferring-kyc-for-crypto,publish,https://coincu.com/transferring-kyc-for-crypto,0,0,0,0,draft_now,no_backlink_no_gsc_top1000_older_30d
265515,2024-06-28T09:42:29,hack-seasons-brussels-2024,publish,https://coincu.com/hack-seasons-brussels-2024,0,0,0,0,draft_now,no_backlink_no_gsc_top1000_older_30d
265510,2024-06-28T09:21:53,serverless-bxl-at-ethcc-7-brussels,publish,https://coincu.com/serverless-bxl-at-ethcc-7-brussels,0,0,0,0,draft_now,no_backlink_no_gsc_top1000_older_30d
265496,2024-06-28T03:03:15,coinbase-and-stripe-strengthen-collaboration,publish,https://coincu.com/coinbase-and-stripe-strengthen-collaboration,0,0,0,0,draft_now,no_backlink_no_gsc_top1000_older_30d
265487,2024-06-28T02:32:13,biden-presidential-campaign-coinbase-member,publish,https://coincu.com/biden-presidential-campaign-coinbase-member,0,0,0,0,draft_now,no_backlink_no_gsc_top1000_older_30d
265468,2024-06-27T16:52:00,worldcoin-world-id-will-be-launched-on-solana,publish,https://coincu.com/worldcoin-world-id-will-be-launched-on-solana,0,0,0,0,draft_now,no_backlink_no_gsc_top1000_older_30d
265431,2024-06-27T14:01:02,kadena-announces-nitin-gaur-as-advisor,publish,https://coincu.com/kadena-announces-nitin-gaur-as-advisor,0,0,0,0,draft_now,no_backlink_no_gsc_top1000_older_30d
265425,2024-06-27T11:13:33,indonesia-fintech-revolution-summit,publish,https://coincu.com/indonesia-fintech-revolution-summit,0,0,0,0,draft_now,no_backlink_no_gsc_top1000_older_30d
265404,2024-06-27T04:57:43,buying-opportunity-amid-bitcoin-dip-promising-run-to-earn-token-99btc,publish,https://coincu.com/buying-opportunity-amid-bitcoin-dip-promising-run-to-earn-token-99btc,0,0,0,0,draft_now,no_backlink_no_gsc_top1000_older_30d
265374,2024-06-27T03:46:27,binance-account-misuse-is-monitored,publish,https://coincu.com/binance-account-misuse-is-monitored,0,0,0,0,draft_now,no_backlink_no_gsc_top1000_older_30d
265361,2024-06-26T17:58:30,first-us-government-bitcoin-transfer-worth-240m,publish,https://coincu.com/first-us-government-bitcoin-transfer-worth-240m,0,0,0,0,draft_now,no_backlink_no_gsc_top1000_older_30d
265366,2024-06-26T17:00:00,b2trader-release-new-version-1-1-of-the-platform-featuring-bbp-prime-customisable-templates-and-ios-support,publish,https://coincu.com/b2trader-release-new-version-1-1-of-the-platform-featuring-bbp-prime-customisable-templates-and-ios-support,0,0,0,0,draft_now,no_backlink_no_gsc_top1000_older_30d
265351,2024-06-26T16:11:37,missing-cryptoqueen-ruja-ignatova,publish,https://coincu.com/missing-cryptoqueen-ruja-ignatova,0,0,0,0,draft_now,no_backlink_no_gsc_top1000_older_30d
265336,2024-06-26T15:02:55,blast-airdrop-claim-now-live-17-billion-tokens,publish,https://coincu.com/blast-airdrop-claim-now-live-17-billion-tokens,0,0,0,0,draft_now,no_backlink_no_gsc_top1000_older_30d
265320,2024-06-26T13:47:02,vitalik-rarimo-freedom-tool-voting-russia,publish,https://coincu.com/vitalik-rarimo-freedom-tool-voting-russia,0,0,0,0,draft_now,no_backlink_no_gsc_top1000_older_30d
265318,2024-06-26T13:30:57,sec-chair-gary-gensler-will-make-biden-lose,publish,https://coincu.com/sec-chair-gary-gensler-will-make-biden-lose,0,0,0,0,draft_now,no_backlink_no_gsc_top1000_older_30d
265314,2024-06-26T13:01:39,copper-sui-partner-to-build-out-full-institutional-accessibility,publish,https://coincu.com/copper-sui-partner-to-build-out-full-institutional-accessibility,0,0,0,0,draft_now,no_backlink_no_gsc_top1000_older_30d
265268,2024-06-26T09:43:46,what-donald-trumps-new-found-love-for-crypto-could-mean-for-the-altcoin-market,publish,https://coincu.com/what-donald-trumps-new-found-love-for-crypto-could-mean-for-the-altcoin-market,0,0,0,0,draft_now,no_backlink_no_gsc_top1000_older_30d
265236,2024-06-26T02:34:05,binanceus-in-washington-suspend-services,publish,https://coincu.com/binanceus-in-washington-suspend-services,0,0,0,0,draft_now,no_backlink_no_gsc_top1000_older_30d
265225,2024-06-25T19:58:26,minutes-network-closes-in-on-its-first-1-2-billion-users-with-smart-energy-water,publish,https://coincu.com/minutes-network-closes-in-on-its-first-1-2-billion-users-with-smart-energy-water,0,0,0,0,draft_now,no_backlink_no_gsc_top1000_older_30d
265221,2024-06-25T19:10:18,golfn-tees-up-play-to-earn-golf-following-1-3m-pre-seed-raise,publish,https://coincu.com/golfn-tees-up-play-to-earn-golf-following-1-3m-pre-seed-raise,0,0,0,0,draft_now,no_backlink_no_gsc_top1000_older_30d
265207,2024-06-25T15:41:12,empathy-and-employee-wellbeing-creating-a-supportive-work-atmosphere-wewe-global-insights,publish,https://coincu.com/empathy-and-employee-wellbeing-creating-a-supportive-work-atmosphere-wewe-global-insights,0,0,0,0,draft_now,no_backlink_no_gsc_top1000_older_30d
265202,2024-06-25T15:40:10,nubank-bitcoin-lightning-network,publish,https://coincu.com/nubank-bitcoin-lightning-network,0,0,0,0,draft_now,no_backlink_no_gsc_top1000_older_30d
265203,2024-06-25T15:23:07,notokyc-the-premier-destination-for-no-kyc-casinos-exchanges-and-exclusive-bonuses,publish,https://coincu.com/notokyc-the-premier-destination-for-no-kyc-casinos-exchanges-and-exclusive-bonuses,0,0,0,0,draft_now,no_backlink_no_gsc_top1000_older_30d
265021,2024-06-25T14:58:40,hamster-kombat-review-tap-to-earn-game,publish,https://coincu.com/hamster-kombat-review-tap-to-earn-game,0,0,0,0,draft_now,no_backlink_no_gsc_top1000_older_30d
265019,2024-06-25T14:52:12,the-beacon-review-the-hottest-game-on-arbitrum,publish,https://coincu.com/the-beacon-review-the-hottest-game-on-arbitrum,0,0,0,0,draft_now,no_backlink_no_gsc_top1000_older_30d
264686,2024-06-25T14:39:22,how-to-get-zkpass-airdrop-a-comprehensive-guide,publish,https://coincu.com/how-to-get-zkpass-airdrop-a-comprehensive-guide,0,0,0,0,draft_now,no_backlink_no_gsc_top1000_older_30d
265163,2024-06-25T13:59:51,solana-accelerator-colosseum-locks-60m-fund,publish,https://coincu.com/solana-accelerator-colosseum-locks-60m-fund,0,0,0,0,draft_now,no_backlink_no_gsc_top1000_older_30d
265166,2024-06-25T13:58:27,notcoin-token-airdrop-superior-zksync-layerzero,publish,https://coincu.com/notcoin-token-airdrop-superior-zksync-layerzero,0,0,0,0,draft_now,no_backlink_no_gsc_top1000_older_30d
265148,2024-06-25T10:14:07,playdoge-play-achieves-5-million-milestone-in-ico-a-tamagotchi-style-meme-coin,publish,https://coincu.com/playdoge-play-achieves-5-million-milestone-in-ico-a-tamagotchi-style-meme-coin,0,0,0,0,draft_now,no_backlink_no_gsc_top1000_older_30d
265138,2024-06-25T09:12:53,traders-fair-to-illuminate-hong-kongs-financial-scene-at-crowne-plaza-hong-kong-kowloon-east,publish,https://coincu.com/traders-fair-to-illuminate-hong-kongs-financial-scene-at-crowne-plaza-hong-kong-kowloon-east,0,0,0,0,draft_now,no_backlink_no_gsc_top1000_older_30d
265118,2024-06-25T09:00:00,notcoin-and-floki-traders-face-intense-selling-pressure-they-look-for-shelter-in-this-hidden-defi-gem,publish,https://coincu.com/notcoin-and-floki-traders-face-intense-selling-pressure-they-look-for-shelter-in-this-hidden-defi-gem,0,0,0,0,draft_now,no_backlink_no_gsc_top1000_older_30d
265144,2024-06-25T08:24:11,promontory-technologies-goes-live-for-external-lp-investors,publish,https://coincu.com/promontory-technologies-goes-live-for-external-lp-investors,0,0,0,0,draft_now,no_backlink_no_gsc_top1000_older_30d
265113,2024-06-25T03:22:58,crypto-trump-trade-will-return,publish,https://coincu.com/crypto-trump-trade-will-return,0,0,0,0,draft_now,no_backlink_no_gsc_top1000_older_30d
